0 3 3 12523 12530 12539 12546 12550 12562 12565 12566 12567 12568 12569 12570 12571 12572 12573 12574
1 0 0 20382 24121 28531 28683 32965 32981 32988 32989 32990 32991 32992
2 2 2 22980 23814 34377 35269 40304 40340 40356 40366 40367 40368 40369 40370 40371 40372
3 0 0 33197 34337 41684 41685 41686 41687 41688
4 3 3 39 136 178 8449 8463 8466 8473 8474 8475 8476
5 1 1 7497 21595 27904 27919 28270 28276 29282 29655 29872 35464 35472 35480 35488 35506 35507 35508 35509 35510 35511 35512 35513 35514 35515 35516 35517
6 3 3 2261 9670 9686 9707 9724 15775 24035 24041 24081 24086 24103 24108 24109 24110 24111 24112
7 0 0 68 69 70 71 72 51996
8 4 4 8866 8867 8868 8869 8870 8871 8872 8873 8874 8875 8876
9 0 0 31408 35167 35168 35169 35170 35171 35172 51997
10 4 4 28774 28783 28791 28801 28811 28821 29174 29182 29194 37652 37653 37654 37655 37656 37657 37658 37659 37660 37661 37662
11 0 0 6511 6521 6535 6543 6562 6792 6801 8600 8604 8605 8606 8607 8608
12 2 2 18447 21350 24545 25886 25896 26309 28609 28621 28641 28656 29774 29800 33458 36388 37444 37447 37455 37456 37457 37458 37459 37460 37461
13 0 0 17933 18012 35010 35011 35012 35013 35014 35015 51998
14 0 0 21950 21958 35747 35751 35756 35758 35760 35761 51999 52000 52001
15 4 4 31758 31759 31760 31761 31762 31763 31764 31765 31766 31767 31768 31769 31770
16 0 0 10220 21999 38987 39007 39011 39012 39014 39015 39016 39017 52002 52003
17 0 0 38624 41541 45194 45213 45231 45245 45261 50969 50979 50990 50996 50997 50998
18 0 0 3343 3348 3349 3355 4366 4383 4399 4400 4401 4402 4403 4404 52004 52005
19 3 3 17326 25830 25841 25842 25843 25844 25845 25846 25847 25848 25849 25850
20 2 2 9054 9060 9063 9123 9133 9147 9904 10370 10386 15198 15203 15269 15275 15290 16925 22260 22993 23009 23025 23033 23036 23039 23040
21 0 0 28306 29304 38440 38453 38467 38475 38497 38498 38499 38500 38501
22 3 3 31891 31898 31909 31913 31917 34385 35289 40418 40427 40442 40443 40444
23 3 3 29978 37798 37818 42088 42093 42094 42095 42096 42097
24 4 4 12759 13408 13570 21383 21619 21624 21625 21626 21627 21628 21629 21630 21631 21632 21633
25 4 4 20030 20052 20059 20074 20080 20081 20082 20083 20084 20085 20086
26 2 2 15507 23576 28410 30325 32132 32151 37319 37336 37344 37859 37887 37921 37926 37928 37929
27 0 0 1066 5712 5745 5756 5757 5758 5759 5760 5761 52006
28 0 0 218 223 3613 3614 3615 3616 3617 3618 3619 3620 52007 52008
29 0 0 139 140 141 142 143 144 145 146 147 148 149
30 0 0 10215 16760 16778 16781 16782 16783 16784 16785 16786
31 0 0 4031 9049 9055 9056 9057 9058 9059 9060
32 3 3 46471 46477 46489 46497 46500 46506 46514 46524 46530 46537 46539 46540 46552 46557 46558 46559 46560 46561 46562
33 3 3 28638 28654 36371 41813 41923 41935 41954 44434 44444 44467 44478 44479 44480 44481 44482
34 3 3 39216 46274 46281 46282 46283 46284 46285 46286 46287 46288 46289
35 2 2 33196 33229 37112 37118 37119 37120 37121 37122 37123 37124 37125 37126 37127 37128 37129 37130 37131 37132
36 3 3 41637 41646 47588 47601 47606 50690 50716 50721 50725 50729 50733 50741 50753 51217 51230 51231 51232 51233 51234
37 1 1 9573 9586 9931 9949 9970 9990 10150 15096 16159 17521 17524 22983 23243 31450 31738 31739 31740 31741 31742 31743 31744
38 3 3 20794 20802 20807 20814 37766 37783 37784 37785 37786 37787 37788 37789
39 4 4 39151 39160 39173 39176 39181 39187 39197 39204 39207 39208 39209 39210
40 3 3 11375 11391 11404 11488 18616 18632 18633 18634 18635 18636 18637 18638 18639
41 2 2 28911 33198 37099 37285 37294 37323 37939 38665 38677 38681 38695 38710 38711 38712 38713 38714 38715 38716 38717 38718
42 0 0 1204 1210 3516 3522 3527 3534 9767 12326 12332 12333 12334 12335 12336 12337 52009
43 2 2 23904 32317 34410 34444 34452 40782 40804 42414 42437 47295 47314 47338 47360 47363 47364 47365 47366 47367 47368 47369 47370
44 0 0 2407 2412 2420 5376 5392 5404 8309 8316 9598 9602 9967 11117 52010
45 4 4 2772 3336 3347 3351 4376 4383 4384 4385 4386 4387 4388 4389 4390
46 1 1 1991 2469 2474 2479 4602 4623 4650 4662 4692 4695 16505 16510 16516 16521 23769 23804 30697 30698 30699 30700 30701 30702 30703 30704 30705
47 3 3 38420 47595 47627 47628 47629 47630 47631 47632 47633 47634 47635 47636 47637
48 3 3 9844 22615 22649 25014 25081 28896 28897 28898 28899 28900 28901 28902 28903 28904
49 0 0 38123 38143 38150 38156 38174 38182 38191 38211 38230 46069 46073 46083 46084 46085 46086 46087 46088 52011
50 0 0 6290 6299 6337 11456 18648 20220 20230 20231 20232 20233 20234 20235 20236 52012
51 0 0 16554 18057 18103 25100 25104 25111 25126 25441 25448 25450 25451 25452 25453 25454 52013
52 0 0 1166 1176 3388 6650 6662 6672 6678 6679 6680 6681 6682
53 2 2 29900 38376 43664 43687 43702 45934 46030 46039 46052 50322 50349 50365 50372 50382 50386 50387 50388 50389 50390 50391
54 0 0 39147 39166 39182 39192 39193 39194 39195 39196 39197 39198 39199 39200
55 3 3 14059 14060 14061 14062 14063 14064 14065 14066 14067 14068
56 0 0 25342 25363 25391 25404 25405 25406 25407 25408 25409 25410 25411 25412 25413 52014
57 2 2 31161 31221 31360 39422 39442 39451 39467 39508 39527 39554 39567 39574 39575 39576 39577 39578 39579 39580 39581
58 3 3 17565 24236 24240 24241 24242 24243 24244 24245 24246 24247
59 0 0 20226 20251 20256 21043 21057 21074 21081 21094 21095 21096 21097
60 2 2 26712 28738 29866 35366 43606 43642 43644 44051 44063 44070 44071 44072 44073 44074
61 0 0 19260 19261 19262 19263 19264 19265 19266 52015
62 0 0 37094 37306 45332 45337 45338 45339 45340 45341 45342 45343 45344 45345
63 3 3 11993 12842 12850 12857 13609 17222 17254 20515 20522 20523 20524 20525 20526 20527
64 0 0 3582 6395 6398 6399 6400 6401 6402 6403 6404 52016
65 0 0 7441 7451 20217 21536 21551 21552 21553 21554 21555 21556
66 0 0 5339 5342 5343 5344 5345 5346 5347 5348 52017
67 0 0 22147 22153 22160 31162 31164 31165 31166 31167 31168
68 1 1 2623 2767 2791 2923 5869 5964 8647 8683 8684 8685 8686 8687 8688 8689 8690 8691 8692 8693 8694 8695 8696 8697 8698 8699 8700
69 0 0 38972 39777 39785 39787 39788 39789 39790 39791 39792 39793 39794 39795 39796 52018
70 0 0 29632 29635 29636 29637 29638 29639 29640
71 0 0 2857 2941 2945 2946 2947 2948 2949 2950 52019
72 0 0 385 7230 12465 12481 12484 12485 52020 52021
73 0 0 39139 45765 45779 48710 48726 48751 48779 48781 48782 48783 48784
74 3 3 33710 33719 33724 33731 34632 34683 34768 34778 34792 34802 34806 34807 34808 34809
75 0 0 9387 9397 9402 9409 9413 13700 13725 13729 13837 13850 13854 13860 13861 13862 13863 13864 13865 13866 13867 13868 52022
76 3 3 6253 16730 16741 18376 18377 18397 25181 25211 25218 25239 25252 25257 25258 25259 25260 25261 25262 25263
77 0 0 12862 12863 12864 12865 12866 12867 12868 12869 12870 12871 52023
78 2 2 4607 4638 5129 5130 5131 5132 5133 5134 5135 5136 5137 5138 5139 5140
79 2 2 20365 24468 27147 28699 28718 34332 34366 36125 36150 37150 37167 37617 37622 42649 42650 42651 42652 42653 42654 42655 42656 42657 42658 42659 42660
80 2 2 33974 33995 40590 40605 40608 42373 45052 48134 48237 48248 48266 49822 51397 51401 51410 51418 51425
81 0 0 2435 4589 4614 4636 4655 4656 4657 4658
82 3 3 24475 24484 33412 41810 41825 41853 42055 47764 47816 51780 51945 51956 51975 51993 51995
83 0 0 34326 37194 45064 45075 45085 45129 45141 45143 45144 45145 45146 45147 45148 45149
84 4 4 2615 2616 2617 2618 2619 2620 2621 2622 2623 2624 2625 2626
85 2 2 22235 23065 23083 23088 23098 34875 35298 35305 35332 45435 48348 48349 48350 48351 48352 48353 48354 48355 48356
86 3 3 11515 11526 11536 11547 24381 24388 36335 47667 47696 47709 47713 47714 47715 47716 47717
87 0 0 3379 6931 6951 6959 6965 6968 6969 6970 6971 6972 6973 6974 52024
88 4 4 16524 17735 23388 23398 25049 25067 25095 42283 42284 42285 42286 42287 42288 42289
89 0 0 39826 39990 39995 40005 40013 40029 40038 43991 44007 44029 46703 46704 52025
90 1 1 18567 18579 18590 18599 18621 18655 18669 20048 20092 20101 20112 20114 21069 24350 24365 24376 24412 27268 27271 36342 38073 50313 50330 50337 50346 50351 50376
91 3 3 18923 18941 18943 18944 18945 18946 18947 18948 18949 18950 18951
92 4 4 12521 15741 20210 23998 24010 24015 32817 32849 32854 32859
93 3 3 18455 25881 25882 25883 25884 25885 25886 25887 25888 25889 25890 25891 25892 25893 25894 25895
94 0 0 310 317 993 1129 1137 1151 1157 1158 1159 1160 1161
95 1 1 30112 30113 30114 30115 30116 30117 30118 30119 30120 30121 30122 30123 30124 30125 30126 30127 30128 30129 30130 30131 30132 30133 30134 30135 30136 30137
96 0 0 31273 31352 31405 38778 50921 50942 50943 50947 50948 50949 50950 52026
97 3 3 32934 41575 46468 46474 46492 46547 46549 46550 46551 46552 46553 46554 46555 46556
98 0 0 16693 16724 25178 25179 25180 25181 25182 25183 25184 25185 25186 25187 52027
99 0 0 27303 30719 33289 33307 36400 36421 36422 36423 36424 36425 36426 36427 36428 36429 36430 36431 36432 36433 52028
100 0 0 132 354 1251 1266 1269 1270 1271 1272 1273 1274 1275 1276 1277 1278 1279 1280 1281 1282 52029
101 0 0 7601 7619 7625 8130 8144 8156 13673 13680 13695 13705 13709 13710 13711 13712 13713 13714 13715
102 3 3 33193 34338 37129 37143 41687 41696 41700 41718 45024 45211 45214 45219 50974 51000 51002 51007 51008 51009
103 1 1 14061 21986 30865 35725 38955 43974 43993 43997 47985 47991 48029 48032 48034 48035 48036 48037 48038 48039
104 0 0 9184 30644 30685 38844 38859 38862 38865 38866 38867 38868
105 3 3 22778 22791 22794 22805 22814 22815 22816 22817 22818 22819 22820 22821 22822 22823 22824 22825 22826
106 1 1 3777 3803 5624 7481 13540 13548 17356 17374 17395 17411 17432 17439 17457 17616 17617 17618 17619 17620 17621 17622 17623 17624
107 0 0 6362 6422 6423 6424 6425 6426 6427 6428 6429 52030
108 0 0 6170 11210 13496 13513 13514 13515 13516 13517 13518
109 1 1 508 1651 1799 1821 1840 3895 4272 5222 7961 8108 8118 12788 13737 13829 13830 13831 13832 13833 13834 13835 13836
110 0 0 14364 31347 31348 31349 31350 31351 31352 31353 31354 31355 52031 52032
111 0 0 44306 44337 47531 47541 47565 47570 47573 47574 47575
112 0 0 16560 16675 16676 16677 16678 16679 16680 16681 16682 52033
113 3 3 48347 48356 48360 48373 48387 48417 48428 48529 50252 51434 51457 51459 51462 51463
114 2 2 39679 39721 39725 41114 41132 41164 41377 41439 45377 45390 45403 45407 45408 45409 45410 45411 45412 45413 45414 45415 45416 45417 45418 45419
115 4 4 518 543 551 812 1571 1573 1574 1575 1576 1577 1578 1579 1580 1581 1582
116 2 2 9347 15422 15432 15467 15490 15855 15860 15872 15876 24137 24148 24149 24150 24151 24152 24153 24154 24155 24156
117 0 0 7403 12548 12558 20148 20161 20175 20177 20178 20179 20180 20181 52034
118 3 3 2383 2393 2403 2432 3003 3016 3017 3018 3019 3020 3021
119 3 3 21036 29241 30240 37948 37973 37982 37984 37986 37987 37988 37989 37990
120 2 2 11553 11559 11566 11595 24352 24362 27263 27266 27270 36303 36326 36327 36337 36338 36339 36340
121 0 0 18701 27273 27304 32470 33306 36406 36433 36436 36439 36440 36441 36442 36443 52035
122 3 3 46415 46426 46433 46438 46444 46447 46459 48716 48739 48766 48776 48793 50260 50269 50280 50286 50290 50291
123 2 2 9069 15023 15058 15062 15077 15090 15123 15191 16932 16977 16998 17010 17027 17036 22973 22981 23087 25510 25689 34872 34873 34874 34875 34876 34877 34878 34879 34880
124 0 0 15207 15214 15230 15254 15274 15275 15276 15277 15278 15279
125 2 2 41494 43343 43357 43358 43359 43360 43361 43362 43363 43364 43365 43366 43367 43368
126 3 3 9798 9823 9839 9843 9844 9845 9846 9847 9848 9849 9850 9851 9852 9853 9854
127 0 0 3500 6899 12257 13298 21215 21230 21267 21274 21298 21306 21307 21308 21309 21310
128 0 0 43505 43510 48447 48448 48449 48450 48451 48452 48453 48454 48455
129 0 0 462 930 1389 2590 2603 2608 2613 2614 52036
130 0 0 5388 5401 9588 10157 16145 16166 16184 16344 17931 17936 17937 17938 17939 17940 17941 17942 17943 17944 17945 17946 52037
131 0 0 46305 46306 46307 46308 46309 46310 46311 46312 46313 46314 46315 46316
132 4 4 22875 22884 22905 22906 22907 22908 22909 22910 22911
133 4 4 16009 36355 38031 38051 38052 38053 38054 38055 38056 38057 38058 38059 38060
134 3 3 48542 48813 48821 48840 48851 48862 48956 48960 48961 48962 48963 48964 48965
135 0 0 7436 7442 7443 7444 7445 7446 7447 7448 7449 7450 7451 7452
136 2 2 36555 42664 48272 48284 48285 48286 48287 48288 48289 48290 48291 48292 48293 48294 48295 48296 48297
137 2 2 12781 20345 21769 23418 23425 31858 31966 31970 32972 33008 33218 33219 33220 33221 33222 33223 33224 33225 33226 33227 33228 33229 33230
138 0 0 43495 43730 43734 43744 43769 43779 43786 43790 43791 43793 43794 52038
139 3 3 16938 23066 23078 25657 35262 35285 35303 35304 35318 35325 35326 35327 35328 35329 35330 35331 35332
140 2 2 34475 41175 41180 41181 41182 41183 41184 41185 41186 41187 41188
141 3 3 4926 7830 7991 8029 9193 13920 13932 13943 13949 13950 13951 13952 13953
142 2 2 31323 39283 39902 41398 41418 41424 45355 45370 45382 45383 45384 45385 45386 45387 45388
143 3 3 2457 2462 4553 4554 4555 4556 4557 4558 4559 4560 4561 4562 4563 4564 4565 4566
144 2 2 12359 12370 12375 12380 12387 12390 13468 19885 19944 19956 19964 19965 19966 19967
145 0 0 44168 44177 44181 44186 44192 44196 49375 49381 49391 49392 49396 49402 49405 49408
146 3 3 7477 9627 9635 13440 15398 19800 19811 19935 19955 19968 19969 19970
147 2 2 16125 16156 16343 16359 16394 18804 24683 24825 24826 24827 24828 24829 24830 24831 24832 24833
148 3 3 455 3526 3532 3533 3534 3535 3536 3537 3538 3539 3540
149 0 0 12727 13212 13213 13214 13215 13216 13217 13218 13219 13220 13221
150 4 4 28919 28920 28921 28922 28923 28924 28925 28926 28927 28928
151 2 2 24060 24067 24072 24080 24085 24095 24102 24107 24112 24134 24206 29367 29393 29398 29404 29406 32876 32887 32888 32889 32890 32891 32892 32893 32894 32895 32896 32897 32898 32899 32900
152 0 0 11518 33569 33578 36316 36330 47672 47690 47699 47703 47713 47721 47725 47726 47727 47728 52039
153 2 2 47156 47160 47169 47174 47177 47186 47189 47194 47196 47198 47200 47201 47217 51121 51132 51136 51144 51146
154 0 0 17977 17999 18015 18018 36034 36040 36055 36059 36063 36064 36065
155 3 3 32510 32519 32526 32536 32738 36180 36181 36182 36183 36184 36185 36186 36187 36188 36189 36190
156 0 0 24226 28402 37405 41532 41533 41534 41535 41536 41537 41538 41539 41540
157 2 2 4565 4569 4617 4652 5131 8734 8737 8931 9005 9242 9243 9244 9245 9246 9247
158 3 3 41895 41914 41924 41940 44374 44375 44376 44377 44378 44379 44380 44381 44382 44383
159 2 2 24466 24487 27148 30995 31017 33405 33411 34334 34346 34365 34366 34367 34368 34369 34370 34371
160 0 0 13884 14259 18837 18880 18881 18882 18883 18884 18885 18886 18887 52040
161 0 0 529 575 584 4079 4087 4093 7936 7942 7943 7944 52041
162 0 0 23120 24716 24732 24736 24779 24785 24797 24807 24808 24809 24810
163 4 4 25158 32674 32675 32676 32677 32678 32679 32680
164 0 0 3369 3383 6605 11930 11932 11962 11978 11989 11990 11991 11992 52042
165 2 2 16235 16285 16403 16645 16650 16651 16652 16653 16654 16655 16656 16657 16658 16659
166 0 0 3663 9758 13416 13417 13418 13419 13420 13421 13422 13423 13424 13425
167 0 0 11394 11403 18471 18527 18528 18529 18530 18531 18532 18533 18534 18535 52043
168 2 2 42367 48132 50100 50122 50135 50151 50159 50172 50181 50185 50225 50805 50806 50807 50808 50809 50810 50811 50812 50813 50814 50815 50816
169 2 2 24239 24247 36090 37105 37108 37366 38746 45042 45070 45087 45089 45090 45091 45092 45093 45094 45095 45096
170 0 0 31002 31025 32381 39352 45586 45596 45597 45598 45599 45600 45601 45602 45603
171 3 3 15349 15356 16114 18922 18934 18935 18936 18937 18938 18939 18940 18941 18942
172 3 3 10512 10519 10536 11035 11042 11043 11044 11045 11046 11047
173 0 0 26140 39745 39746 39747 39748 39749 39750 52044
174 2 2 6178 10206 11358 16085 17827 18279 18405 18434 36261 44203 44212 44227 44229 44233 49376 49386 49395 49398 49410 49411 49412
175 0 0 394 429 3634 3652 7386 9369 9379 9735 12349 12360 12361 12362 12363 12364 12365 12366 12367 12368 12369 12370 52045
176 0 0 24423 24454 24461 33583 33592 41964 41982 41989 41990 41991 41992 41993
177 0 0 393 1361 6327 7175 7181 7412 12459 12474 12476 12477 12478 12479 12480 52046
178 2 2 7037 7060 9435 12090 12093 12295 19718 19858 19863 19999 20725 20735 23733 28835 28842 28844 28845 28846 28847
179 3 3 16168 16375 23227 23839 24704 24722 24756 24763 24764 24765 24766 24767 24768 24769 24770 24771 24772
180 2 2 10915 10936 12688 17380 17424 17453 18509 18524 18550 18580 18594 24407 33595 33610 41972 41986 42005 42009 42031 42032 42033 42034
181 0 0 31337 38813 39617 39633 39861 39898 39938 46114 46115 46116 46117 46118 46119
182 0 0 995 1142 3364 3404 3408 3409 3410 3411 3412 52047
183 2 2 6517 6527 6537 6544 6556 6565 6568 6570 8595 8606 11852 11854 11855 11856 11857 11858 11859 11860 11861 11862 11863 11864
184 0 0 2052 2068 2081 4465 5879 5880 5881 5882 5883 5884
185 2 2 32673 34103 34966 34974 41204 41285 41293 41294 41295 41296 41297 41298 41299 41300 41301 41302
186 0 0 36452 37606 39405 44585 44586 44587 44588 44589 44590 44591 44592 44593 44594
187 2 2 23873 24749 24818 24881 32324 34130 34151 34163 34196 49700 51607 51623 51645 51650 51651 51652 51653 51654
188 0 0 892 904 5451 10233 10236 10237 10238 10239 10240 10241 10242
189 0 0 6453 11631 11693 11694 11695 11696 11697 11698 11699 11700 11701
190 1 1 9626 12762 15402 19817 20870 20885 20893 20905 20921 20928 20935 20942 28886 29658 30026 30064 30110 33086 33118 33127 33141 33161 33167 33174 33175 33176 33177 33178 33179 33180
191 0 0 10 144 150 162 172 173 52048 52049
192 2 2 2680 2697 2713 2727 2733 2736 3071 3072 3073 3074 3075 3076 3077 3078 3079 3080 3081
193 2 2 14936 14950 14959 14996 19413 19469 19541 19553 19558 19562 19566 20395 20415 20425 20433 20438 20441 20445 20446
194 0 0 2574 2746 5681 6113 10557 10571 10573 10616 10617 10618
195 3 3 45544 45551 45563 45568 45582 45595 45603 45622 45633 45646 45666 45690 47752 47786 47795 47798 47804 47805 47806 47807
196 3 3 7171 11443 11461 18619 18643 18656 18664 20033 20087 20097 20103 20107 20110 20111 20112
197 2 2 3997 4169 5236 7829 7918 8023 8036 8056 9888 9898 18835 18844 18847 18848 18849 18850 18851 18852
198 0 0 1930 1932 2271 3220 4111 4306 6482 6483 6484 52050
199 3 3 2335 2351 2359 4020 4747 5581 9047 9048 9049 9050 9051 9052 9053 9054
200 4 4 38949 39747 39770 46718 46727 46730 46748 47996 49180 49190 49215 49216 49217
201 3 3 1326 3248 3265 3280 3301 6496 6497 6498 6499 6500 6501 6502 6503 6504 6505
202 0 0 9794 9814 9819 9827 9828 9829 9830 9831 9832 9833 9834
203 2 2 19758 19770 21361 21397 21600 27902 27914 27921 27936 27943 27945 29641 29647 29654 29660 35508 38431 38445 38449 38450 38451 38452
204 2 2 2803 2812 10634 10661 10667 10671 10679 11843 17649 19462 19487 19491 19506 19520 19525 19526 19527 19528
205 3 3 17537 17538 17539 17540 17541 17542 17543 17544 17545 17546 17547 17548 17549 17550 17551
206 0 0 280 2037 3333 4374 4405 4406 4407 4408 4409 4410 4411 4412 52051
207 0 0 14071 21987 21994 35743 35768 38945 38953 38954 38955 38956 38957 38958 52052
208 2 2 17316 21601 29868 29894 35458 35463 35505 35513 35520 37645 38479 43613 43651 43655 44079 45871 45890 45891 45892 45893 45894
209 0 0 4367 4400 4520 8370 8371 8372 8373 8374 8375 8376 52053 52054
210 0 0 17332 24392 47675 47712 47726 47730 47733 47736 47737 52055
211 3 3 13823 13828 13836 30364 30365 30366 30367 30368 30369 30370 30371 30372
212 0 0 16615 16743 16744 16745 16746 16747 16748 16749
213 2 2 39775 39892 42364 43984 44037 46707 46732 46740 46747 46750 48008 48074 48086 48089 48103 48106 49178 49202 49208 49209 49212 49218 50874 50885 50890 50896 50904 50905
214 3 3 15512 20304 22428 22440 23663 28414 28420 28434 28454 28455 28456 28457 28458 28459 28460 28461 28462
215 0 0 15650 15656 15661 15666 16421 16430 23314 23337 23338 23339 23340 23341 23342
216 2 2 10113 16581 18305 18348 18768 18784 18820 24904 24905 24906 24907 24908 24909 24910 24911
217 1 1 8016 13896 18918 18974 18976 21845 21882 30506 30574 31177 31186 31187 31198 31204 31211 31223 33968 33986 39599 48169 48185 48189 48197 48208 48213
218 0 0 19912 28037 28045 28062 28068 28101 28108 36930 36935 36939 36940 36941 36942 52056
219 0 0 25364 25409 25414 25415 25416 25417 25418 25419 52057
220 0 0 8691 17573 19430 26170 26171 26172 26173 26174 26175 26176 26177
221 0 0 14456 14457 14458 14459 14460 14461 14462 14463 14464 52058
222 0 0 25477 25488 25549 31082 31101 31108 31131 31132 31133 31134
223 2 2 2500 4709 8946 8954 8967 9466 9476 9855 9856 9857 9858 9859 9860 9861 9862 9863 9864
224 0 0 6023 10891 17486 17500 18196 25934 25942 25950 26045 26049 26066 26071 26072 26073 26074 26075 26076 52059
225 0 0 14068 21940 21948 21953 21954 21955 21956 21957
226 1 1 7727 7734 7742 9255 9390 9408 13841 13849 23759 23783 23794 23798 28464 28485 28493 28497 28507 31927 37267 37276 38901 38920 40411 40415 40428 40436 40445 40446 40447 40448 40449 40450
227 0 0 2290 2307 2308 2309 2310 2311 2312 2313 52060
228 3 3 31327 39129 39283 39284 39285 39286 39287 39288 39289 39290 39291 39292 39293 39294
229 4 4 16963 16968 23441 25679 25685 25700 31893 31903 31910 31911 31912 31913
230 2 2 37301 37310 37317 37328 37335 37343 37347 37350 37354 37943 38699 38716 45330 45331 45332 45333 45334 45335 45336
231 0 0 9011 9027 9978 10010 10025 10034 10079 10084 10089 10090 10092 10093 10094
232 0 0 1079 1090 3259 3267 3281 3309 3311 3312 3313 3314 52061
233 3 3 31176 31184 31194 31358 39697 48163 48187 48188 48189 48190 48191 48192 48193
234 1 1 8858 21787 23497 30356 30383 31947 37263 37324 38672 38683 38712 38743 45334 45348 45350 47153 47157 47164 47175 47176 47177
235 3 3 1630 1712 1750 1854 4214 4217 4229 4230 4231 4232
236 4 4 1482 3968 3972 7654 7657 7664 7675 7679 7680 7681 7682 7683
237 2 2 13664 13913 14033 19055 19073 19104 19112 19131 19167 19229 19252 21685 27661 27671 27674 27684 27685 27686
238 3 3 8065 8074 8075 8076 8077 8078 8079 8080 8081 8082 8083 8084 8085
239 2 2 13288 21251 21264 21444 21518 21596 27906 27909 27917 27918 27919 27920 27921 27922 27923
240 2 2 11799 15682 18413 18429 23914 23915 23916 23917 23918 23919 23920 23921 23922 23923
241 0 0 46073 46074 46075 46076 46077 46078 46079 46080 46081 46082
242 0 0 45 46 47 48 49 50 51 52 52062
243 0 0 9565 16436 16538 23137 23183 23190 23265 23277 23284 23285 23286 23287 23288 23289
244 3 3 2124 2130 6646 6709 6728 6744 6751 8663 8671 8679 8701 8702 8703
245 4 4 33077 33112 33114 33115 33116 33117 33118 33119 33120
246 1 1 2107 2624 2759 2784 4489 4490 4491 4492 4493 4494 4495 4496 4497 4498 4499 4500 4501 4502 4503 4504 4505 4506 4507
247 0 0 334 1352 3503 3504 3505 3506 3507 3508 3509 3510 3511 52063
248 0 0 23711 23743 27809 27879 35938 35948 35961 35967 35968 35969 35970 52064
249 0 0 3620 3628 3638 3647 7107 9353 9361 9362 9363 9364 9365 9366 9367 9368 9369 9370 9371 52065
250 0 0 22217 31393 33860 33882 40054 41033 41068 41080 41094 41107 41215 41243 41247 41248 41249 52066
251 0 0 26109 35680 35694 35703 35706 35707 35708 35709 35710 52067
252 2 2 26250 26593 26614 26925 26938 26939 26940 26941 26942 26943 26944 26945 26946 26947 26948 26949 26950 26951
253 0 0 20983 20984 20985 20986 20987 20988 20989 20990 20991 52068
254 0 0 3252 3271 3291 3318 6506 6507 6508 6509 6510 6511 6512 6513 6514 6515 6516 6517
255 3 3 45410 46673 50780 50789 50808 51306 51336 51337 51338 51339 51340 51341 51342 51343 51344 51345 51346 51347
256 3 3 10175 10176 10177 10178 10179 10180 10181 10182 10183
257 3 3 794 868 873 2453 2468 4555 4694 5070 5092 23773 23802 23808 23809
258 0 0 4511 8509 8510 8511 8512 8513 8514 8515 8516 8517 8518 8519 8520 8521 52069
259 0 0 19254 19255 19256 19257 19258 19259 52070
260 0 0 20305 22594 22837 28418 28421 28425 28431 28432 28433 28434 28435 28436
261 2 2 10737 12046 14705 19638 19647 19659 20797 20806 21322 25765 25776 25777 25778 25779 25780 25781 25782 25783
262 0 0 35015 35021 35029 35038 35046 35056 35074 35979 36051 36057 43256 43268 43271 43272 43273 43274 43275 52071
263 3 3 34992 34999 43088 43118 43120 43121 43122 43123 43124
264 2 2 16809 16817 16825 16860 17503 17504 17505 17506 17507 17508 17509 17510 17511
265 2 2 20627 22537 22548 22561 22586 26157 26180 26202 26238 31616 33646 33650 33692 47840 47842 47853 47879 47897 47914 47917 47920 47924
266 2 2 7239 7261 10916 10939 12412 18500 18513 18572 18588 18591 18592 18593 18594 18595 18596 18597 18598 18599
267 1 1 49496 49497 49498 49499 49500 49501 49502 49503 49504 49505 49506 49507 49508 49509 49510 49511 49512 49513 49514 49515 49516 49517 49518 49519
268 0 0 27639 36827 39622 39638 39642 39643 39644 39645 39646 39647 39648
269 0 0 2178 3229 3233 4832 4833 4834 4835 4836 4837 52072
270 0 0 843 1450 1565 1591 1606 1688 1706 1766 1792 4197 4205 4207 4225 4999 7110 7112 9269 9305 9313 9323 9333 9334 9335 52073
271 2 2 40840 45371 45387 45394 45425 46455 47416 47417 47418 47419 47420 47421 47422 47423 47424 47425 47426 47427 47428 47429
272 3 3 11831 11832 11833 11834 11835 11836 11837 11838 11839 11840 11841
273 0 0 39165 39180 39189 39196 39206 39218 39222 39223 39224 39225 39226 39227 39228
274 2 2 39375 41930 44374 44393 44458 44463 45512 45533 46636 47718 49499 49524 49527 49535 49536 49537 49538 49539 49540
275 2 2 14303 27624 27632 27741 27767 30852 36784 36805 36820 36856 39484 39490 39507 39515 39537 39539 39565 39571 39572 39573
276 1 1 3804 5606 5631 7486 13474 13482 13497 13506 17623 17627 18207 25708 25709 25710 25711 25712 25713 25714 25715 25716 25717 25718
277 0 0 43411 44259 44268 44269 44270 44271 44272 44273
278 3 3 34478 36568 36581 36594 36609 41167 44767 44782 44792 44793 44794 44795 44796 44797 44798 44799 44800
279 3 3 7611 7621 7632 8127 8859 21779 21789 23493 30373 30390 30416 30423 30424 30425 30426 30427 30428
280 0 0 38877 38898 38909 38919 38920 38921 38922 38923
281 0 0 22490 22508 40376 40390 46989 47025 47029 47036 47039 47042
282 3 3 21175 29244 29269 29293 29305 29312 29313 29314 29315 29316 29317 29318 29319
283 0 0 38312 41635 47592 50723 51218 51232 51235 51236 51237 51238 51239 51240 51241
284 0 0 1535 1897 4032 4033 4034 52074 52075
285 0 0 26084 26094 26095 26096 26097 26098 26099 26100 52076
286 4 4 27949 27950 27951 27952 27953 27954 27955 27956 27957 27958 27959 27960 27961 27962
287 3 3 5783 5795 5804 5811 17160 20476 20495 25719 25738 25744 25745 25746 25747
288 0 0 8521 8943 8953 8974 8980 14474 22295 22314 22320 22321 22322 22323 22324 22325
289 0 0 11416 11428 11580 13054 13068 20987 20997 21000 21001 21002 21003 21004 21005 21006 21007 52077
290 3 3 44650 44658 44664 49440 49465 49477 49485 49489 49595 49613 49614 49615 49616 49617
291 2 2 3921 4022 5301 5582 7808 7861 7881 10349 13917 13929 13935 13936 13937 13938 13939 13940
292 0 0 40432 40481 40512 40529 40535 40544 45287 47213 51123 51134 51147 51149 51150
293 0 0 5259 11813 11814 11815 11816 11817 11818 11819 11820 11821 11822
294 2 2 14946 17284 18158 18181 20411 20420 26189 26197 26230 26400 26802 35802 35810 35832 35844 35846 35852
295 3 3 13104 13105 13106 13107 13108 13109 13110 13111 13112 13113 13114
296 0 0 43010 43013 43023 43027 43028 43029 43030 43031 52078
297 0 0 39306 39307 39308 39309 39310 39311 39312 39313 52079
298 4 4 31343 38805 38808 38809 38810 38811 38812 38813 38814 38815 38816 38817 38818 38819 38820
299 0 0 43526 43540 43555 43568 43592 49058 49094 49115 49119 49122 49126 49127 52080
300 0 0 9785 13365 13387 13394 13396 13400 13452 15709 15738 15753 15755 28127 28175 28201 28202 28203 28204 28205 28206 28207 28208 28209 52081
301 4 4 22263 24578 24579 24580 24581 24582 24583 24584 24585 24586 24587 24588 24589
302 0 0 19015 27496 37538 37545 37547 45609 45621 45637 45651 45652 45653 45654
303 3 3 24393 41890 47676 47706 47716 47729 47735 47736 47738 47739 47740 47741 47742
304 0 0 43416 46139 46161 46167 46177 46178 46179 52082
305 2 2 7301 7492 12503 12637 12640 28262 28274 28321 29280 29288 44962 44977 44981 44989 45002 45007 45011 45012 45013
306 4 4 2054 2058 2059 2060 2061 2062 2063 2064 2065 2066 2067 2068 2069 2070
307 4 4 23262 23841 23858 23910 32293 40305 40310 40325 40359 40364 40373 40374 40375
308 4 4 16822 16833 16849 16857 24619 25527 25532 25533 25534 25535
309 0 0 3571 3572 3573 3574 3575 3576 3577 3578 3579 3580 3581 3582 3583 3584 3585 52083
310 3 3 12923 12933 15628 20654 28961 28979 28998 29016 29017 29018 29019 29020 29021 29022 29023
311 0 0 15419 15436 15457 15462 15475 15480 15481 15482 15483 15484 15485
312 3 3 24136 41656 41673 45166 46951 46964 46967 49840 49854 49860 49868 49869 49870 49871 49872 49873 49874 49875
313 0 0 32715 32768 32782 41512 41518 41526 43442 45835 50261 50274 50275 50292 50293 50294
314 2 2 42660 42669 42676 42688 42694 42702 42706 42715 42718 44749 48274 48290 48303 48304 48305 48306 48307 48308 48309
315 2 2 43429 43437 43448 46188 46381 46399 48699 48720 48731 48754 48757 49611 49641 49645 49659 49670 49677 49678 49679
316 0 0 6239 6244 11272 11290 11297 11300 11301 11302 11303
317 0 0 37394 38785 38790 38791 38792 38793 38794 38795 38796 38797
318 2 2 14609 14619 14630 16530 22616 22648 23303 23887 24803 24811 24998 25016 25038 25050 25062 25070 25073 25074 25075 25076 25077 25078 25079 25080 25081
319 0 0 481 492 509 564 566 593 1647 1654 1814 1820 1839 3894 3984 4254 4259 4269 4271 4272 4273 4274 4275 4276 4277 4278 4279 4280 4281 4282 52084
320 3 3 238 247 325 412 418 419 420 421 422 423 424 425 426 427 428
321 2 2 5308 9579 9922 9951 9969 9977 9987 9988 9989 9990 9991 9992 9993 9994 9995 9996 9997
322 3 3 24589 24595 25651 33806 33815 33911 33923 33924 33925 33926 33927 33928 33929
323 0 0 5787 10420 17126 25720 25730 25739 25745 25750 25754
324 0 0 2397 2408 2410 2411 2412 2413 2414 2415 2416 2417 2418 52085
325 2 2 29076 29095 29104 32099 32139 32178 32207 37676 37853 37872 37889 37905 37906 37907 37908 37909 37910 37911 37912
326 0 0 19247 19256 21696 21709 27519 27663 27687 27688 27689 27690
327 0 0 26037 26038 26039 26040 26041 26042 26043 26044 26045 26046 52086
328 0 0 35776 35777 35778 35779 35780 35781 35782 35783 35784 35785 35786 35787 52087 52088
329 1 1 9624 12977 15408 19813 20714 20742 20753 20781 20908 20934 20938 25789 28861 28871 28880 28881 28882 28883 28884 28885 28886 28887 28888
330 0 0 5098 8148 8152 8158 13687 13694 13704 13705 13706 13707 13708 52089
331 2 2 28370 28569 28574 28604 32437 32734 32750 33375 33390 33736 33750 37427 41769 42224 42233 42236 42237 42238 42239 42240 42241
332 2 2 17348 17349 17350 17351 17352 17353 17354 17355 17356 17357 17358 17359 17360 17361 17362 17363 17364 17365 17366
333 3 3 12690 29958 42000 42015 42046 46022 46029 46044 50311 50321 50329 50355 50367 50369
334 2 2 20825 20836 21615 29907 29974 29975 29976 29977 29978 29979 29980 29981 29982 29983 29984 29985 29986 29987 29988
335 0 0 48984 50654 50678 51587 51592 51904 51913 51921 51924 51925 51926 51927
336 0 0 41655 41668 41674 41683 45223 45235 45250 46971 49842 49862 49869 49876 49878 49879
337 0 0 39828 39944 40036 44021 46253 46755 46758 46759 46760 46761 46762 52090
338 3 3 28348 28368 28372 28599 32426 32446 32719 32722 32723 32724 32725 32726 32727 32728 32729 32730 32731
339 3 3 32721 32731 32746 32757 32774 32784 41009 41515 41518 41519 41520 41521 41522 41523
340 3 3 31870 40464 40471 40518 45324 47115 47140 51076 51098 51105 51107 51113 51114 51115
341 0 0 2532 5431 5432 5433 5434 52091 52092
342 0 0 23888 24786 24800 24801 24802 24803 24804 24805 24806
343 0 0 5704 5724 5989 5992 5993 5994 5995 5996 5997 5998 52093
344 2 2 8168 19159 19186 19199 19242 27701 27707 27710 30509 30526 30548 30804 30839 31195 36833 36839 36841 36842 36843 36844
345 2 2 35526 35527 35528 35529 35530 35531 35532 35533 35534 35535 35536 35537 35538 35539 35540 35541
346 0 0 6277 11426 11497 11498 11499 11500 11501 11502 11503 11504
347 3 3 35248 35249 35250 35251 35252 35253 35254 35255 35256 35257 35258 35259 35260 35261 35262
348 4 4 12678 12696 21569 21570 21571 21572 21573 21574 21575 21576 21577
349 2 2 31316 31326 39292 39810 39879 39886 39907 39932 42360 46223 46268 46290 47999 48079 48085 48101 48114 48115 48116 48117
350 3 3 8006 8018 8025 9188 15343 18838 18841 18849 18853 18854 18855 18856 18857 18858 18859 18860 18861
351 0 0 6358 6371 6376 6384 11370 11390 11396 11406 11489 18600 18607 18608 18609 18610 18611 18612 52094
352 2 2 7512 7513 7514 7515 7516 7517 7518 7519 7520 7521 7522 7523
353 0 0 7590 7600 9231 13636 13662 15757 15758 15759 15760 15761 15762 15763 15764 15765 15766
354 0 0 39429 39453 39477 39488 39495 44883 44891 44892 44893 44894 44895 44896
355 2 2 9235 12775 12816 20347 21757 21762 21766 21767 21768 21769 21770 21771 21772 21773 21774 21775
356 3 3 38968 38977 38981 39778 39781 39782 39783 39784 39785 39786
357 2 2 12830 28552 28554 32360 37508 37529 39115 42400 45565 45570 51701 51723 51730 51731 51742
358 2 2 19145 19160 19169 19185 19195 19204 19210 19216 19223 19231 19239 19240 19241 19242 19243 19244 19245 19246 19247 19248 19249 19250 19251 19252 19253
359 0 0 19264 21701 21715 27459 27476 27477 27478 27479 27480 27481 27482 27483 52095
360 0 0 1528 3993 3994 3995 3996 3997 3998 3999 4000 4001 4002 4003 4004 4005 52096
361 0 0 21376 21386 21618 21631 28333 29662 30013 30049 30068 30069 30070 30071 30072 30073
362 0 0 8549 22445 22453 22609 31555 31586 31593 31594 31595 52097
363 4 4 13606 17139 17145 17155 19320 20455 20468 20481 20490 25757 35336 35350 35354 35368 35369 35370
364 2 2 24327 24334 25906 33341 33352 33358 33359 33360 33361 33362 33363 33364 33365 33366 33367 33368 33369 33370 33371 33372 33373 33374
365 0 0 15802 15848 24140 24176 46943 46944 46945 46946 46947
366 0 0 11898 11924 11946 11960 11963 11964 11965 11966 11967 11968
367 0 0 11433 13068 13069 13070 13071 13072 13073 52098
368 0 0 6254 6261 6262 6263 6264 6265 6266 6267 6268 6269 52099
369 0 0 2286 2300 5287 5525 7804 7827 7834 7850 7851 7852 7853 7854 7855 52100
370 0 0 3948 9415 9498 9504 9514 9517 9518 9519 9520 9521 52101
371 4 4 13543 13551 17058 17620 43595 43610 43616 43620 43621 43622 43623
372 0 0 1554 3959 4185 4932 4942 6479 7986 9195 9214 9223 9226 9227
373 4 4 8251 8256 8263 8272 8284 8292 8300 8301 8302 8303 8304 8305
374 0 0 7461 7467 13369 13382 13389 13390 13391 13392 13393 13394 52102
375 2 2 24238 24241 36091 37081 37091 37101 37187 37287 45037 45038 45039 45040 45041 45042 45043 45044 45045 45046 45047
376 0 0 889 1034 1059 3066 3093 3122 5696 5715 5716 5717 5718 5719 5720 5721 5722 5723 5724 5725 52103
377 0 0 7899 7905 7906 7907 7908 7909 7910 52104 52105
378 0 0 15506 15507 15508 15509 15510 15511 15512 15513 15514 15515 15516 15517 15518 15519 15520 15521
379 0 0 76 308 320 987 1133 1140 1157 3402 3413 3422 3437 3439 52106 52107
380 0 0 5907 5916 5925 5931 6534 6548 6566 6569 6570 52108
381 0 0 5461 10230 16838 16880 17961 17969 25551 25561 25576 35017 35030 35031 35032 35033 35034 35035 35036 35037 35038 52109
382 0 0 25127 25136 25144 27014 27035 34678 34715 34723 34735 34737 52110
383 0 0 8227 14380 14398 14415 31233 31243 31251 31258 31259 31260 31261 52111
384 4 4 4571 4575 4576 4577 4578 4579 4580 4581 4582
385 0 0 36 127 128 129 130 131 132 133 134 135 136 137 138 52112
386 3 3 2876 5690 5702 5735 5736 5737 5738 5739 5740 5741 5742 5743
387 0 0 11255 17588 17591 18108 18109 18110 18111 18112 18113 18114
388 0 0 14594 22930 27867 27875 36873 36892 36911 36918 40183 40196 40210 40218 40223 40227 40229
389 0 0 5468 10255 10292 16902 16903 16904 16905 16906 16907
390 0 0 20355 30965 30966 30967 30968 30969 30970 30971 30972 30973 30974
391 0 0 36023 36031 36035 42552 42570 44099 44108 44109 44110 44111 44112
392 0 0 46763 47499 47508 50823 50835 50855 50857 52113
393 0 0 3473 3477 3482 6907 6912 6913 6914 6915 52114
394 0 0 14044 14297 14308 14328 19032 19044 19234 21798 21799 21800 21801 21802 21803 21804 21805 21806 21807 52115
395 0 0 1490 1557 3912 3926 3927 3928 3929 3930 3931 3932 3933 3934 3935 3936 3937
396 3 3 32630 41108 41110 41122 41123 41124 41125 41126 41127 41128 41129 41130 41131 41132 41133
397 2 2 40485 40493 40502 40527 40542 42518 45290 47150 47171 47185 47193 47199 47218 51122 51133 51145 51146 51147 51148
398 0 0 25105 25109 25110 25111 25112 52116
399 0 0 34916 34917 34918 34919 34920 34921 34922 52117
400 0 0 14176 22093 22104 22120 22124 24617 31040 31055 31058 31059 31060 31061 31062 31063 31064
401 0 0 194 283 289 373 1257 1287 1297 1300 1306 1307 1308 1309 1310 52118
402 2 2 10690 10700 10707 10989 10999 17576 19427 22284 22525 22551 22562 22571 22572 22573 22574 22575 22576 22577 22578 22579
403 0 0 2216 5217 12914 15864 15891 15906 15920 15931 15934 15935 15936 15937 15938 52119
404 0 0 6700 6701 6702 6703 6704 6705 6706 6707 6708 6709 6710
405 2 2 15443 15969 28115 28139 28149 28150 28151 28152 28153 28154 28155 28156
406 0 0 5245 5246 5247 5248 5249 5250 5251 5252 5253
407 2 2 4021 5298 5584 10348 13938 22259 22270 24591 24602 27332 27344 27351 27352 27353
408 3 3 22004 22021 22029 22038 22044 22072 22076 22077 22078 22079
409 3 3 29934 33439 43662 44095 45882 45917 45927 45930 45933 45936 45937 45938 45939 45940 45941
410 3 3 34570 42820 42858 42868 42873 42874 42875 42876 42877
411 3 3 8185 13886 14261 14276 18826 18827 18828 18829 18830 18831 18832 18833 18834 18835 18836 18837 18838 18839
412 0 0 14070 14085 21963 30916 31372 38961 38992 39022 39034 39035 39036 39037 39038 39039 39040 39041 39042 39043 52120
413 3 3 17657 17658 17659 17660 17661 17662 17663 17664 17665 17666 17667 17668 17669 17670
414 0 0 33010 33017 33025 33219 33235 33238 33239 33240 33241 33242 33243
415 0 0 41275 41284 41303 43927 43964 43971 46698 47480 47489 47490 47491 47492 47493 52121
416 0 0 16220 16261 16273 16277 16278 16279 16280 16281 16282 52122
417 2 2 12822 37163 37178 40600 42398 42406 45056 48135 48138 48139 48140 48141 48142 48143 48144 48145 48146
418 1 1 18703 27276 33298 33304 33317 33336 36442 36446 37580 37587 37598 37605 39411 44633 44687 44704 44715 44716 44717 44718 44719 44720 44721 44722 44723 44724 44725
419 2 2 4815 9039 9087 9100 9107 10067 10085 15014 15085 15121 15193 16990 17008 17015 17021 17026 17039 17040 17041
420 0 0 24227 28404 37403 37404 37405 37406 37407 37408 37409 37410 37411
421 0 0 5282 5285 5525 5526 5527 5528 5529 5530 5531 5532 52123 52124
422 0 0 4844 7653 9197 9198 9199 9200 9201 9202 9203 9204 9205
423 0 0 35243 43522 43587 48435 49028 49041 49050 49060 49064 49071 49077
424 3 3 4213 4230 4234 4246 4990 5003 9266 9285 9298 9312 9318 9319 9320 9321 9322
425 2 2 2779 4503 4521 5856 5859 5860 5861 5862 5863 5864 5865 5866 5867 5868 5869 5870
426 0 0 15790 19180 20381 21106 21115 21130 21131 21132 21133 21134 21135
427 3 3 1508 2302 2317 2339 2357 5292 7815 7862 7867 7869 7876 7879 7884 7885 7886 7887
428 4 4 8048 14022 14057 14292 14313 14318 14319 14320 14321 14322 14323 14324 14325
429 4 4 5379 9577 9591 9952 17519 17527 31459 35047 35048 35049 35050 35051 35052 35053 35054 35055
430 2 2 29916 29984 29994 33094 33109 33122 33184 38549 38636 38644 38645 38646 38647
431 0 0 749 1672 1673 1674 1675 1676 1677 1678 1679 1680 1681 52125
432 0 0 32802 43401 44286 44294 44304 44312 44313 44314 44315 44316 44317 44318
433 2 2 5585 9150 10362 10372 16926 22253 22257 22258 22259 22260 22261 22262 22263 22264 22265 22266 22267 22268 22269
434 0 0 16322 16806 16807 16808 16809 16810 16811 16812 16813
435 0 0 304 1078 2097 3255 3284 3285 3286 3287 3288 3289 3290 3291 52126
436 1 1 14084 21962 30892 30905 30915 38967 38995 39020 39033 39035 39048 39073 39087 39162 39177 39219 39223 46295 46299 46714 47980 47993 48009 48013 48018 48019 48020 48021
437 2 2 20672 20680 20685 28960 28974 28991 29009 29010 29011 29012 29013 29014 29015
438 2 2 2618 4501 10694 10701 10702 10703 10704 10705 10706 10707 10708 10709 10710 10711 10712
439 2 2 14059 21985 35726 35744 35769 38946 38954 43973 43994 47995 48034 48110 49181 49197 49210 49213 49216 49218 49219
440 0 0 14655 19397 19431 19464 19512 19530 19531 19532
441 0 0 29582 29592 32933 32936 32937 32938 32939 32940 32941 32942 32943 32944 52127
442 3 3 11082 16102 17727 17794 17818 24982 26334 26346 26357 26370 26374 26376
443 0 0 43810 43832 43843 43884 47505 47512 47518 48572 49144 49149 49153 49154 49155
444 0 0 7452 15695 21653 24001 28245 30181 32812 32821 32840 32856 32857
445 2 2 7688 8855 13670 13678 13721 13856 15330 23498 28469 28486 28499 28510 30381 31923 31929 31981 47168 47175 47187 47197 47201
446 0 0 1520 1521 1522 1523 1524 52128
447 2 2 12924 13029 15624 20609 20675 28963 28996 29003 29015 29020 29025 29026 29027 29028 29029 29030 29031 29032
448 2 2 21165 21189 28314 29257 29333 29512 29533 29537 29553 29558 29575 30193 30206 30275 30290 30297 30310 30311 30312 30313
449 0 0 23534 23582 32086 32105 32113 32120 32138 32206 32213 32216 32217 32218 32219 32220
450 0 0 14648 19382 19387 19388 19389 19390 19391 19392 19393 19394 19395 19396 19397 19398 19399
451 2 2 3047 6058 6073 6079 6206 6224 9618 10798 11060 11065 11102 11110 17757 17775 17780 17781 17782 17783 17784 17785 17786 17787 17788
452 0 0 45443 49891 49912 49919 49938 49957 49964 49966 49967
453 0 0 491 567 1469 1543 4275 7948 7978 7979 7980 7981 7982 52129
454 0 0 9030 9040 9041 9042 9043 9044 9045 9046
455 4 4 16054 17710 21355 24510 24537 24539 24540 24541 24542 24543 24544 24545 24546 24547 24548
456 3 3 13581 13582 13583 13584 13585 13586 13587 13588 13589
457 2 2 3977 4841 4862 4868 6465 9209 9219 9221 18932 18986 18993 18995 18996 18997 18998 18999 19000
458 0 0 5343 5396 9569 16339 16352 16368 16381 16382 16383 16384 16385 16386 16387 16388 52130
459 0 0 29595 32927 38245 38251 38271 38274 38276 38281 38282 52131
460 2 2 13542 13547 17617 35490 35499 35856 35864 35871 43597 43617 43621 43624 43625 43626 43627
461 0 0 50817 50818 50819 50820 50821 50822 50823 50824 50825 50826 50827 50828 50829
462 4 4 7432 20139 20164 28294 29514 29544 29548 29556 29564 29566 29567 29568
463 3 3 917 929 951 962 3360 3690 3699 3708 3719 3754 5644 5659 5665 5667 5682 5686 5687
464 3 3 6666 6677 6682 6686 6694 6699 8573 8580 8581 8582 8583 8584 8585 8586
465 2 2 33192 37131 41686 41693 41701 45023 45094 45097 45108 45115 45120 45163 50975 51003 51006 51008 51010
466 2 2 19011 19023 19193 27485 27505 27533 27550 30796 30815 37519 45613 45629 45638 45653 45671 45673 45674
467 3 3 28387 29609 29622 29899 29921 29922 29923 29924 29925 29926 29927 29928 29929 29930
468 4 4 5167 5176 5188 5193 15999 24089 24135 24164 24171 24194 24197 24198 24199
469 0 0 43508 43510 43511 43512 43513 43514 43515 43516 43517 43518
470 0 0 2533 2542 2553 16179 16180 16181 16182 16183 52132
471 0 0 13902 21884 21904 30479 30496 30500 30503 30504 30505 30506 30507
472 4 4 26089 30946 35711 35712 35713 35714 35715 35716 35717 35718 35719
473 2 2 6191 6205 10452 10470 10490 10516 10518 10528 10529 10530 10531 10532 10533 10534 10535 10536 10537
474 0 0 24279 24283 40244 40255 40267 40268 40269 40270 40271 40272 40273 40274 40275 40276
475 3 3 29320 29674 38459 38490 38526 43682 43690 43692 43693 43694 43695 43696 43697
476 0 0 100 101 102 103 104 105 106 52133
477 0 0 39182 39183 39184 39185 39186 39187 39188 39189 39190 39191
478 2 2 33478 36369 41817 41881 41921 41939 44380 44385 44405 44430 44442 44443 44444 44445 44446 44447 44448 44449 44450 44451
479 0 0 8596 8611 14763 14774 14786 14787 14788 14789 14790 14791 14792 14793 14794 14795
480 3 3 27791 27797 27802 27811 27819 27828 27831 27833 36863 36884 36896 36899 36900 36901 36902 36903
481 2 2 4809 4818 8706 8744 8879 8899 8994 9001 9020 9077 9102 9105 9106 9107 9108 9109 9110 9111 9112 9113 9114
482 2 2 42072 42080 42086 42092 42097 42103 42108 42116 42121 42124 42134 42144 42147 42153 42159 42166 46936 47825 47846 47850 47859 47860 47861 47862 47863
483 2 2 2395 2436 3011 4606 4635 4658 4672 5129 5306 5314 5315 5316 5317 5318 5319 5320 5321 5322 5323
484 0 0 6254 6255 6256 6257 6258 6259 6260 52134
485 3 3 37965 37992 38004 38041 38061 38292 38310 41627 41639 46112 50426 50713 50722 51229 51236 51254 51267
486 2 2 4905 4918 18925 18953 18960 19221 21752 21824 21843 21877 28517 30522 30531 30554 30568 30570 30572 30573 30574
487 3 3 8221 14231 14248 14256 14360 14378 14386 14387 14388 14389 14390 14391 14392 14393 14394 14395
488 2 2 10703 10990 17571 19424 19438 22285 22522 22545 22549 22559 22560 22561 22562 22563 22564 22565 22566 22567 22568 22569 22570
489 0 0 25587 25592 35173 35186 35187 35188 35189 35190 35191 35192 35193
490 0 0 2250 6490 6492 9671 9682 9685 9686 9687 9688 9689 9690 9691 9692 9693 52135
491 0 0 25524 26119 34030 34079 34923 34929 34938 34949 35147 43040 43049 43058 43063 43064 43065 52136
492 4 4 31676 31683 37855 37876 37903 40293 45964 45975 45986 46009 46013 46014
493 0 0 17545 17558 20297 22675 37210 37211 37212 37213 37214 37215 37216 37217 37218
494 4 4 34983 43109 43189 43207 43216 43217 43218 43219 43220 43221 43222 43223
495 2 2 3219 6459 11540 11790 11794 17333 24380 24389 27289 49506 49539 49554 49560 49563 49564 49565 49566
496 0 0 88 94 95 96 97 98 99 52137 52138
497 0 0 670 671 672 673 674 675 676 52139
498 0 0 5046 5349 5350 5351 5352 5353 5354 5355 5356 5357 5358 52140
499 3 3 5226 12795 15804 24129 31976 38731 41669 41676 46960 46970 49868 51022 51041 51045 51064 51065
500 0 0 18706 27310 32473 33301 33303 36439 44688 44701 44715 44732 44734 44735 44736 44737 44738 44739 52141
501 0 0 14137 14145 14146 14147 14148 14149 14150 14151 14152 14153 14154 52142
502 0 0 25124 25450 27023 34673 34693 34702 34716 34725 34734 34735 34736 52143
503 0 0 277 2034 2043 3333 3334 3335 3336 3337 3338 3339 3340 3341 3342 3343 52144
504 2 2 32661 34102 34436 34894 36526 40799 41051 43950 45808 47293 47315 47341 47345 47356 47366 47376 47379 47380 47381 47382 47383 47384 47385 47386 47387 47388 47389
505 0 0 28695 28708 36098 36109 36110 36111 36112 36113 36114 36115 36116 36117 36118 36119 36120
506 0 0 4507 8496 22283 22502 31820 31823 31824 31825 31826 31827 31828
507 4 4 41021 41046 41057 41063 45434 45448 48375 48377 48385 48403 48479 48527 51444 51455 51467 51473 51483
508 2 2 5187 5224 12777 12788 12789 12790 12791 12792 12793 12794 12795 12796 12797 12798 12799 12800
509 4 4 28685 37575 39401 45710 46629 49980 49997 50023 50047 50048 50050 50058 50059
510 4 4 2447 4556 4598 4649 4682 4687 4691 4693 4694 4695 4696 4697 4698
511 0 0 18149 20387 20405 20406 20422 26760 26774 26777 26788 26800 26801
512 0 0 10199 16216 16247 16262 16263 16264 16265 16266 16267 52145
513 0 0 3359 3667 3696 3705 3710 3711 3712 3713 3714 52146
514 0 0 4476 4513 8486 8505 8518 15631 22485 22486 22487 22488 22489 22490 22491 22492 22493 22494 22495 22496 22497 52147
515 4 4 14924 14943 17280 17298 20410 20440 26344 26381 26391 26398 26400 26401 26402
516 0 0 10225 14133 30716 30899 30908 30909 30910 30911 52148
517 2 2 10904 10946 12703 17341 17470 17478 21587 24425 24449 25978 29761 29820 29832 29843 29844 29845
518 2 2 37356 37372 41702 42164 44143 45086 45093 45098 45110 45111 45112 45113 45114 45115 45116 45117 45118
519 0 0 14113 14117 27541 27563 27600 38103 38106 38107 38108 38109 38110 38111 38112 38113 52149
520 0 0 20358 30968 30996 31002 31003 31004 31005 31006 31007 31008 31009 31010 31011 31012 31013 31014
521 2 2 7254 7287 7293 7297 7508 12406 12407 12408 12409 12410 12411 12412 12413 12414 12415 12416 12417 12418 12419
522 0 0 15550 15551 15552 15553 15554 15555 15556 15557 15558 15559 15560 52150
523 2 2 21788 30324 30358 30402 30437 32149 37318 37319 37320 37321 37322 37323 37324 37325 37326 37327 37328
524 2 2 48697 48698 48699 48700 48701 48702 48703 48704 48705 48706 48707 48708 48709 48710 48711 48712 48713 48714 48715 48716 48717
525 0 0 3991 7603 7635 7691 7714 13666 13667 13668 13669 13670 13671 13672 13673 13674 13675
526 0 0 8565 22474 22482 27887 31550 31574 31578 31579 31580 31581 31582 31583
527 0 0 33310 33311 33312 33313 33314 33315 33316 33317 33318
528 0 0 11920 11938 11952 11953 11954 11955 11956 52151
529 0 0 39825 39826 39827 39828 39829 39830 39831 39832 52152
530 2 2 28248 29584 29633 29636 30208 30254 32941 32948 36986 38279 41600 41606 41613 41621 41622 41623 41624 41625
531 0 0 15441 15968 15969 15970 15971 15972 15973 15974 15975 15976 15977
532 0 0 10964 14173 22098 22127 24615 31137 34028 34075 34078 34087 34088 34089
533 0 0 27314 33291 33292 33309 36422 36472 36480 36481 36482 36483 36484 36485 36486 52153
534 2 2 33897 40495 42493 42500 42510 42511 42512 42513 42514 42515 42516 42517 42518 42519 42520
535 0 0 8784 8791 8804 8810 8818 8822 8827 8830 8831 8840 8872 8891 8905 8906 8907 8908 8909 8910 8911 8912 8913 52154
536 2 2 5219 9358 9377 15421 15430 15474 15483 15868 15890 15925 15933 15942 15947 15949 15950 15951 15952 15953 15954 15955 15956 15957
537 0 0 48 53 54 55 56 57 58 59 60 61 62 52155
538 3 3 43404 43450 44653 44662 49482 49603 49615 49638 49640 49658 49659 49660 49661
539 0 0 48051 48057 48072 48082 48098 48104 48123 48124 48125
540 3 3 29630 30133 30149 30220 30221 30245 30266 36970 36975 36976 36977 36978 36979
541 3 3 27157 27187 27211 32524 32580 32693 40850 40878 40889 40898 40899 40900 40901 40902 40903
542 0 0 6008 10830 10851 10855 10871 11212 11223 11227 11230 11231 11232 11233 11234 11235 52156
543 2 2 34956 34991 34993 41229 41264 41265 41266 41267 41268 41269 41270 41271 41272 41273 41274 41275
544 2 2 23878 23900 24743 25027 40695 47125 47133 47144 49695 49702 49734 51605 51622 51637 51642 51645 51646 51647 51648
545 2 2 6093 11093 11319 17866 17880 17881 17882 17883 17884 17885 17886 17887
546 0 0 25519 26116 26118 31070 35137 35145 35149 35704 43466 43471 43472 43473 43474 52157 52158
547 2 2 5429 10114 16578 16579 16580 16581 16582 16583 16584 16585 16586 16587 16588 16589 16590 16591 16592 16593 16594
548 0 0 2799 2807 2821 2822 2823 2824 2825 2826 2827 2828 52159
549 2 2 28515 31937 33234 33961 33992 37182 40553 40571 40579 40586 40598 40599 40600 40601 40602 40603 40604 40605 40606 40607
550 3 3 34883 34980 34994 41271 41277 43089 43115 43121 43125 43126 43127 43128
551 2 2 5528 7810 7855 7873 9877 10303 10323 10328 10332 10337 10347 10350 10351
552 0 0 14095 14168 22003 22004 22005 22006 22007 22008 22009 22010 22011 22012 22013 22014 52160
553 0 0 10358 14444 14449 14454 22215 22223 22228 22239 22241 22248 22249 52161
554 2 2 8167 8168 8169 8170 8171 8172 8173 8174 8175 8176 8177 8178
555 3 3 23840 23900 23901 23902 23903 23904 23905 23906 23907 23908 23909 23910 23911 23912 23913
556 0 0 6452 11620 11696 11712 11714 11715 11716 11717 11718 11719 11720 11721 11722 52162
557 3 3 6103 6123 10497 10501 10513 11157 11166 17087 17103 17112 17120 17122 17123 17124 17125
558 2 2 102 475 487 488 489 490 491 492 493 494 495 496
559 3 3 37400 41346 41356 41381 41389 41403 41418 41419 41420 41421 41422 41423
560 0 0 19033 27626 27634 27728 27747 27768 30853 36811 36819 36824 36850 39483 39572 39582 44903 44908 52163
561 0 0 21939 21947 21949 21955 21984 21994 21995 21996 21997 21998 21999 22000 22001 22002 52164 52165
562 2 2 24079 24207 32877 32888 32901 32902 32903 32904 32905 32906 32907 32908
563 2 2 27294 27300 39366 39380 39409 44589 46615 46634 46647 46649 46653 49497 49520 49526 49527 49528 49529 49530
564 4 4 15971 21198 30216 33049 36976 36981 41584 41587 41594 41595 41596 41597
565 0 0 6352 6359 6360 6361 6362 6363 6364 6365 6366 6367 6368 6369 6370 6371 52166 52167
566 0 0 23621 23622 23623 23624 23625 23626 23627 23628 23629 23630 52168
567 0 0 20837 20838 20839 20840 20841 20842 20843 20844 20845 20846 20847
568 0 0 7761 7768 7773 7776 7784 7786 7792 9873 9874 9889 9894 9902 9903 52169
569 2 2 30328 30405 31705 33282 37321 37890 37915 37929 37938 38661 38682 38692 38693 38694 38695 38696 38697 38698 38699
570 2 2 21805 27735 27782 30511 30525 30539 30544 30835 31200 31207 36842 36847 36853 39497 39513 39519 39520 39521 39522 39523
571 0 0 17580 17607 18152 18166 18182 18184 18185 18186 18187 18188 18189 18190 18191
572 3 3 10448 10472 10479 10507 10594 10599 17116 18123 18131 18135 18136 18137 18138
573 0 0 2480 2492 2985 2988 2993 2994 2995 2996 2997 2998 2999 3000 3001 3002 52170
574 0 0 23630 23641 32238 32254 32262 32265 32272 52171
575 0 0 5118 5124 5128 9530 9555 9560 9563 15637 15662 15669 15670 15671 15672 15673 15674 15675 15676 15677 15678 15679 52172
576 3 3 49900 49944 49948 49954 49970 49973 50211 51329 51358 51380 51389 51859 51872 51877 51879 51880 51881 51882 51883
577 0 0 28419 28424 28429 28435 28456 37221 37226 37227 37228 37229
578 3 3 7993 7995 7996 7997 7998 7999 8000 8001 8002 8003 8004 8005 8006 8007
579 3 3 50963 50964 50965 50966 50967 50968 50969 50970 50971 50972 50973 50974 50975
580 0 0 49 59 63 117 681 684 685 686 687 688 689 690 691 692 693 52173 52174
581 0 0 2839 2845 2851 2868 2951 2952 2953 2954 2955 2956 2957 2958 2959 2960 52175
582 3 3 4379 4397 5929 6555 8393 8400 8434 8435 8436 8437 8438 8439 8440 8441 8442 8443 8444
583 4 4 28395 29601 29922 29995 38323 38383 38385 38396 38397 38398 38399
584 0 0 15426 15433 15473 15474 15475 15476 15477 15478 15479
585 3 3 10947 17346 17481 17489 26031 26075 27050 27082 27085 27103 27109 27110 27111 27112
586 0 0 515 557 558 559 560 561 562 563 564 565 52176
587 0 0 19003 27539 29416 38086 38102 38108 38139 46065 46087 46470 46507 46515 46527 46531 46532 46533 46534 46535 46536 46537 52177
588 2 2 7350 7362 10409 12004 12021 12849 12855 13612 17154 17214 19376 19549 19560 20436 20451 20467 20468 20469 20470 20471 20472
589 1 1 10208 16088 26903 26913 26988 29700 29811 34642 34731 42172 42201 42204 42212 42216 44199 44221 44223 44229 44230 44231
590 4 4 30268 30269 30270 30271 30272 30273 30274 30275 30276 30277 30278 30279 30280
591 2 2 29776 29789 29794 29806 29815 29818 29842 33451 33551 35663 36391 38555 38564 38565 38566 38567 38568 38569
592 0 0 26088 30932 30947 35721 35738 35741 35749 35752 35755 35756 35757 52178
593 3 3 16258 16276 16282 16301 16853 24624 24655 24662 24669 24670 24671 24672
594 0 0 895 899 900 901 902 903 904 905 52179 52180
595 0 0 17323 25846 25873 26061 33366 33527 33529 34743 35579 35593 35607 35613 49517 49548 49584 49586 49590 49592 49593 52181
596 0 0 17630 20980 22950 26292 26293 26294 26295 26296 26297
597 3 3 37396 38788 38794 39681 39704 39712 39713 39714 39715 39716 39717 39718 39719 39720 39721 39722
598 2 2 10155 16161 16378 23228 23250 23837 24766 24849 31741 40298 40317 40321 40327 40328 40329 40330 40331 40332 40333
599 2 2 6211 11021 11244 18129 20392 20408 20437 24552 26642 26743 26762 26786 26796 26801 26805 26808 26809
600 3 3 15192 16929 16993 16999 17010 17011 17012 17013 17014 17015 17016 17017 17018
601 3 3 16452 24931 24955 24960 24965 24968 24969 24970 24971 24972 24973 24974
602 4 4 32303 32304 32305 32306 32307 32308 32309 32310 32311
603 1 1 7934 7941 7944 7951 7955 7959 7977 7982 13984 13989 14035 19126 21813 21822 21837 30577 30582 30587 30588 30589 30590 30591
604 0 0 154 182 287 297 2087 2101 4426 4436 4449 4455 4457 4460 4461 52182
605 3 3 31940 37056 37074 37104 37116 38670 38679 38726 38735 38744 38745 38746 38747 38748
606 0 0 5428 5435 5436 5437 5438 5439 5440 5441 5442 5443 5444 5445 5446 52183
607 0 0 2445 4808 4817 8988 8991 8992 8993 8994 8995 8996 8997 8998
608 2 2 36592 41171 41505 44371 44769 44785 44799 44802 44807 44817 47535 47557 47568 47576 47579 47583 47584 47585
609 3 3 40587 45057 48245 48260 49766 49776 49802 49815 49816 49817
610 2 2 16684 16705 16798 24567 24568 24569 24570 24571 24572 24573 24574 24575 24576 24577
611 3 3 35698 43748 43775 43796 43847 48543 48806 48814 48844 48850 48858 48859 48860 48861 48862 48863 48864
612 0 0 18445 25890 26306 28611 42176 42181 42228 42251 42252 42253 42254
613 0 0 29420 38148 38155 38169 38183 38187 38188 38189 38190 38191 38192
614 2 2 1383 1392 1399 2591 2609 2899 2905 3811 3812 3813 3814 3815 3816 3817 3818 3819 3820
615 0 0 7443 12391 12392 12393 12394 12395 12396 12397 52184
616 3 3 43818 46779 46809 47434 47443 47451 47465 47473 50868 51180 51202 51215 51492 51505 51517 51521 51522
617 3 3 38088 38140 38144 38229 46062 46065 46066 46067 46068 46069 46070 46071 46072
618 0 0 7009 7390 7564 12278 12279 12280 12281 12282 12283 12284 12285 12286 12287
619 0 0 16445 16446 16447 16448 16449 16450 16451 16452 16453 52185
620 0 0 1250 1251 1252 1253 1254 1255 1256 1257 1258 1259 1260 52186 52187
621 2 2 31031 39113 39132 45558 45579 45737 45762 45763 45764 45765 45766 45767 45768 45769 45770 45771
622 4 4 24293 29086 33275 33276 33277 33278 33279 33280 33281 33282 33283 33284
623 0 0 9919 24609 27338 27380 27387 27419 33826 33848 33850 33872 33876 33877 33878 52188
624 0 0 38239 38240 38241 38242 38243 38244 38245 38246 38247 38248
625 0 0 32650 48598 48610 48611 48612 48613 48614
626 2 2 1167 3393 3406 3416 5906 6531 6559 6663 6667 6668 6669 6670 6671 6672 6673 6674 6675 6676 6677
627 2 2 3661 7209 7236 9756 12534 12544 12547 12569 13153 13154 13155 13156 13157 13158 13159 13160 13161 13162 13163 13164 13165 13166 13167 13168 13169
628 0 0 3199 3205 6306 6310 6313 6314 6315 6316 6317 6318 52189
629 0 0 2048 3338 3344 3345 3346 3347 3348 52190
630 0 0 31428 31432 31433 31434 31435 31436 31437 52191
631 3 3 947 3729 5780 10627 20497 25736 26547 26551 26552 26553 26554 26555 26556 26557
632 0 0 6272 6380 6393 6407 11369 11383 11384 11385 11386 11387 11388 11389 11390 11391 11392 11393 52192 52193
633 0 0 17914 17924 26501 26524 26529 26823 26846 26857 26859 26860 26861 26862
634 0 0 12304 19827 19840 19866 19893 19922 20002 28022 28027 28028 28029 28030 28031 28032
635 2 2 10918 13084 18511 18570 18580 18581 18582 18583 18584 18585 18586 18587 18588 18589 18590
636 0 0 44299 44308 44324 44328 44343 47525 47536 47537 47538 47539 47540 47541 47542
637 4 4 13278 13289 13297 21210 21236 21240 21247 21248 21249 21250 21251 21252 21253 21254 21255 21256 21257 21258
638 4 4 37409 41537 41564 41707 41727 41735 41739 45202 45216 45237 45240 45246
639 0 0 9979 10000 10006 10007 10008 10009 10010 10011 10012
640 4 4 8990 8998 9081 9097 9122 9127 9141 10381 15380 16941 16951 16960 16961 16962 16963 16964
641 0 0 17318 17335 25837 25878 25918 25925 25946 41889 47707 47731 47742 49518 49575 49576 49585 49588 49592 49594 52194
642 4 4 9801 9821 9833 9849 14622 16482 16483 16484 16485 16486 16487 16488
643 1 1 490 1540 2183 4279 4865 4869 4886 6467 7947 7965 7981 9218 13988 18996 21737 21811 21823 21830 21836 21837 21838
644 4 4 364 1088 1288 1311 3256 3275 3292 3293 3294 3295 3296 3297 3298 3299 3300 3301
645 2 2 17864 17865 17866 17867 17868 17869 17870 17871 17872 17873 17874 17875 17876 17877 17878 17879
646 2 2 257 810 830 836 856 1770 2248 2249 2250 2251 2252 2253 2254 2255 2256 2257 2258 2259 2260 2261 2262 2263 2264
647 0 0 3160 3197 6275 6375 6377 6378 6379 6380 6381 6382 6383 6384 52195 52196
648 4 4 25972 26590 29822 29834 29845 29846 29847 29848 29849 29850
649 0 0 26494 26882 26889 26924 26933 26975 26983 26995 26996 26997
650 0 0 20649 28892 28983 28999 29022 37725 37727 37734 37753 37761 37762 37764
651 0 0 16002 16003 16004 16005 16006 16007 16008 16009 16010
652 0 0 3129 3130 3131 3132 3133 3134 52197 52198
653 0 0 39263 39273 43422 46157 46172 46350 49491 50552 50561 50579 50587 50588 50589 50590 52199
654 0 0 19238 27731 27737 27750 27752 27753 27754 27755 27756 52200
655 3 3 24448 29753 29764 33419 33420 33421 33422 33423 33424 33425 33426 33427 33428
656 3 3 32448 32781 32795 41527 43433 43435 43436 43437 43438 43439 43440 43441 43442 43443 43444
657 0 0 617 859 878 879 880 881 882 883 884 885 52201
658 0 0 48799 48800 48801 48802 48803 48804 48805 48806 48807 48808 48809 48810 48811 48812
659 0 0 1858 4052 4066 4124 4148 7888 7889 7890 7891 7892 7893 7894 7895
660 0 0 42980 47335 47342 47343 47344 47345 47346 47347 47348 47349 47350 47351
661 0 0 3335 4373 4408 8397 8408 8413 8414 8415 8416 8417 8418 8419
662 2 2 2025 13050 19730 19738 19739 19740 19741 19742 19743 19744 19745
663 3 3 16123 16396 18764 18782 18797 18798 18799 18800 18801 18802 18803 18804 18805
664 3 3 5781 5792 20499 25721 25731 25736 25737 25738 25739 25740 25741 25742 25743
665 3 3 10940 13554 17348 17367 17368 17369 17370 17371 17372 17373 17374 17375 17376
666 2 2 122 620 702 880 2506 2515 2516 2517 2518 2519 2520 2521 2522 2523 2524 2525 2526 2527 2528
667 0 0 31 738 2170 4069 4070 52202 52203
668 2 2 16142 16163 24851 24867 35093 35099 35162 35994 36015 40753 40757 40772 40784 40789 42614 42624 42625 42626 42627 42628 42629 42630 42631 42632 42633 42634
669 1 1 14638 19714 20618 20716 20743 20760 20766 20767 20768 20769 20770 20771 20772 20773 20774 20775 20776 20777 20778 20779 20780 20781 20782
670 2 2 17303 20540 21602 28765 29869 29879 29887 29888 29889 29890 29891 29892 29893 29894 29895
671 3 3 4830 9074 9086 9087 9088 9089 9090 9091 9092 9093 9094 9095 9096
672 2 2 33758 33768 40107 46976 46999 47006 47014 47932 47954 47960 47965 47966 47967 47968
673 0 0 264 805 824 825 855 1561 1597 1604 2146 3875 3883 6495 52204
674 3 3 45372 45382 45400 45426 45783 47426 50776 50783 50784 50785 50786 50787 50788 50789 50790
675 0 0 10159 10160 10161 10162 10163 10164 10165 10166
676 3 3 21343 21353 24249 29711 29712 29713 29714 29715 29716 29717 29718 29719
677 0 0 14135 30880 30894 30927 39313 39318 39323 39326 39327 39328 39329
678 0 0 33320 37593 39332 44608 46378 50033 50053 50074 50084 50086 50088
679 0 0 23047 23094 23102 35231 35239 35246 42957 43502 43588 48430 48431 48432 48433 48434 48435 48436 48437 48438 52205
680 4 4 6844 6848 6863 8590 8610 8632 12141 12157 12160 12195 12196 12197
681 0 0 25019 25028 34295 34296 34297 34298 34299 34300 34301 34302
682 3 3 11801 15680 15681 15682 15683 15684 15685 15686 15687 15688 15689 15690
683 3 3 16531 17732 17814 22621 22643 22646 25007 25039 25051 25069 25073 25082 25083 25084 25085
684 0 0 340 344 345 346 347 348 349 350 52206
685 2 2 5135 9006 9022 9243 23822 23832 31879 31883 31896 34387 40410 40417 40443 40457 40463 40475 40476 40477
686 0 0 1263 1346 3541 3542 3543 3544 3545 3546 52207
687 3 3 16864 17510 24640 25176 34059 34065 34559 34567 42563 43301 43318 43322 43331 43332 43333
688 0 0 6487 9681 9703 9704 9705 52208
689 0 0 32384 32385 32386 32387 32388 32389 32390 32391 32392 32393 32394 32395 32396 32397 32398
690 0 0 37235 37247 42266 42273 42281 45277 45301 45302 45303 45304 45305 45306 45307
691 0 0 5198 9720 24066 24071 24081 24082 24083 24084 24085
692 0 0 17971 17980 17984 35016 35032 36038 36050 36053 36056 36057 36058 36059 36060 52209
693 4 4 39365 39366 39367 39368 39369 39370 39371 39372 39373 39374 39375 39376
694 1 1 6174 16078 16779 17767 17806 17820 17825 17826 17827 17828 17829 17830 17831 17832 17833 17834 17835 17836 17837 17838 17839 17840 17841 17842
695 0 0 7311 12658 12661 12662 12663 12664 12665 12666 12667 12668 12669 52210
696 4 4 20356 30981 37469 37480 39347 45485 45496 45515 45525 45532 51753 51760 51776 51778 51784 51787 51788 51789
697 2 2 4908 7966 18924 18951 18952 18953 18954 18955 18956 18957
698 4 4 4418 4419 4420 4421 4422 4423 4424 4425 4426 4427 4428 4429
699 2 2 4894 4895 4896 4897 4898 4899 4900 4901 4902 4903 4904 4905 4906 4907 4908 4909 4910 4911 4912
700 1 1 2331 2355 2442 4745 5270 5481 8983 9052 9058 9061 9130 9142 9157 9907 15201 15202 15203 15204 15205 15206 15207
701 4 4 12369 15963 20670 20681 20682 20683 20684 20685
702 4 4 3166 3208 3568 6297 6301 6309 6310 6311 6312
703 0 0 21572 21578 21579 21580 21581 21582 21583 21584 21585 21586
704 2 2 41811 41824 41831 41837 41842 41851 41859 41864 41869 41878 41883 44486 47635 51257 51287 51773 51779 51798 51809 51812 51937 51951 51957 51972 51975 51976 51977 51978
705 0 0 42597 42739 42752 42776 42805 42810 42814 42834 42840 42847 42848 42849 42850 42851
706 2 2 12918 15625 20611 20758 23685 23732 28846 28851 28855 37718 37738 37740 37746 37748 37749 37750
707 3 3 1459 1780 1784 1785 1786 1787 1788 1789 1790 1791 1792 1793 1794 1795 1796
708 2 2 32874 32886 32904 32961 32977 41571 41650 41660 45183 45248 46568 47619 47624 47638 47648 50702 50738 50759 50762 50764 50765
709 0 0 32641 32652 39109 39134 48714 48729 48745 48769 48777 48783 48786 48796
710 1 1 5579 9135 10360 10368 10380 15377 15389 16945 16948 16962 23440 23449 23479 25636 25671 25676 25682 25683 25684 25685 25686 25687
711 0 0 20283 20302 22598 22838 28425 28426 28427 28428 28429 28430
712 3 3 8171 14185 14186 14187 14188 14189 14190 14191 14192 14193 14194 14195 14196 14197
713 2 2 24417 25917 25930 25945 25954 25963 33568 33587 41888 41901 41990 41995 42025 42029 42051 47665 47681 47686 47693 47700 47701 47702 47703 47704
714 0 0 2310 2316 2327 5264 5276 5284 5478 5490 5494 5495 5496 5497 52211 52212
715 0 0 25133 25143 25991 27007 27020 27027 27034 27035 27036 27037 27038 52213
716 0 0 4030 9050 9059 9145 9146 9147 9148 9149 9150 9151 9152
717 4 4 38597 38606 38611 38616 42109 42135 42150 49280 49311 49315 49327 49328 49330
718 1 1 28110 28111 28112 28113 28114 28115 28116 28117 28118 28119 28120 28121 28122 28123 28124 28125 28126 28127 28128 28129 28130 28131 28132 28133 28134
719 2 2 10173 16087 17761 17787 17803 17825 17877 17911 17920 17926 18332 18343 25242 26522 26825 26856 26860 26867 26868 26869
720 2 2 34094 34463 34976 41181 41201 41204 41205 41206 41207 41208 41209 41210 41211
721 3 3 16628 16632 16750 18759 18779 18816 34623 36656 44836 44850 44877 44881 44882
722 0 0 44 145 158 170 174 193 284 289 290 291 292 293 294
723 3 3 29742 33471 36375 38364 41876 41880 44407 44450 50405 50417 50425 51666 51675 51677 51681 51682 51683
724 3 3 23092 23100 23106 35297 48354 48364 48369 48433 48441 48444 48445 48446
725 0 0 4350 4363 8232 8233 8234 8235 8236 8237 52214 52215
726 0 0 39099 39145 39167 39195 39230 39240 39245 39246 39247
727 0 0 32758 41499 41501 41514 41524 44296 44321 47526 47536 47543 47544 47545 47546
728 0 0 3847 3871 3882 9651 9652 9653 9654 9655 9656 9657 9658
729 0 0 12446 12708 12732 12733 12734 12735 12736 12737 12738 12739 12740
730 0 0 25473 25486 25487 25488 25489 25490 25491 52216
731 0 0 22137 27641 30833 36823 38969 38979 39647 39789 39801 39807 39917 52217
732 0 0 11999 12019 12021 12022 12023 12024 12025 12026 12027 12028 12029 12030 12031 12032
733 2 2 4580 4759 4802 8782 8868 8878 8890 8897 8987 8992 9003 9080 9103 9111 9115 9116 9117 9118 9119 9120 9121 9122
734 3 3 32474 33362 35598 44618 44705 44737 45503 49504 49533 49544 49550 49556 49557 49558
735 0 0 12726 13214 20923 21360 21421 27912 27929 27934 27941 29643 29645 29646 29647 29648 29649
736 4 4 50200 50201 50202 50203 50204 50205 50206 50207 50208 50209 50210
737 3 3 10905 10924 10927 12667 12675 17349 17372 17377 17378 17379 17380 17381 17382 17383
738 0 0 10840 10866 10877 10881 10882 10883 10884
739 1 1 479 1463 1481 4855 4873 4892 7665 7669 7680 7694 7698 7707 7709 13669 13728 13733 13735 13852 13866 15306 15322 15327 15328 15329 15330 15331 15332 15333
740 0 0 851 1605 1689 1768 7104 7112 7113 7114 7115 52218 52219
741 3 3 8084 8115 21795 30420 31978 38663 38689 38700 38701 38702 38703 38704 38705
742 0 0 48151 48158 50167 50177 50189 50194 50195 50196 50197 50198
743 1 1 32935 32944 32951 38268 38277 41574 41592 41604 41610 41619 41624 41630 41642 46475 46490 46542 46555 47603 50688 50707 50715 50718 50719 50720 50721
744 0 0 34401 34412 34427 36177 36532 36542 36545 36558 36559 36560 36561 36562
745 0 0 10108 10127 10130 10131 10132 10133 10134 10135 52220
746 0 0 23943 25309 25310 25311 25312 25313 25314
747 0 0 23533 23536 23551 23573 23579 23580 23581 23582 23583 23584 23585
748 0 0 12686 13489 21575 24338 29941 29945 29966 29967 29968 29969 29970 29971 29972 29973
749 4 4 12954 12955 12956 12957 12958 12959 12960 12961 12962 12963 12964 12965 12966 12967 12968
750 2 2 32761 41485 41489 43358 43378 43454 46451 47548 48623 48701 48719 48734 48735 48736 48737 48738 48739 48740 48741 48742
751 2 2 31941 37042 37055 37056 37057 37058 37059 37060 37061 37062 37063 37064 37065 37066 37067 37068 37069
752 2 2 36347 36360 36363 38053 38068 41981 42016 42040 42043 44413 44416 50314 50350 50358 50366 50377 50378 50379
753 3 3 33670 37768 37786 37795 37831 37839 37842 42073 42074 42075 42076 42077 42078 42079 42080
754 0 0 12226 12227 12228 12229 12230 12231 12232 12233 12234 12235 12236 12237 52221
755 0 0 6085 6091 16405 17847 17852 17853 17854 17855 17856 17857 17858 17859 52222
756 0 0 970 972 973 974 975 976 52223 52224
757 2 2 40833 40841 41321 42463 43911 45422 45809 45815 47392 47405 47424 47444 47463 47475 51168 51186 51187 51190 51201 51209 51216
758 3 3 14365 14369 14370 14371 14372 14373 14374 14375 14376
759 0 0 12 13 14 15 16 17 18 19 52225 52226
760 0 0 30713 38985 39002 39009 39018 39053 39057 39069 39070 39071 39072 39073 39074 39075
761 0 0 1112 1245 1402 3765 3772 3781 3785 3786 3787 3788 3789 3790 3791 3792 3793 52227
762 4 4 37272 37280 38873 38897 38907 38923 40405 40434 40452 40510 40525 40533 40534 40535 40536 40537 40538
763 1 1 335 352 1264 1272 1291 1341 1342 1343 1344 1345 1346 1347 1348 1349 1350 1351 1352 1353
764 3 3 27280 36397 36413 36435 36440 37574 37579 37580 37581 37582 37583 37584 37585 37586
765 2 2 15533 15534 15535 15536 15537 15538 15539 15540 15541 15542 15543 15544 15545 15546 15547 15548 15549
766 4 4 7358 12186 14754 14868 14884 14891 17152 17204 17205 17206 17207 17208 17209 17210 17211
767 4 4 42989 42996 43517 43553 43575 43583 47354 48458 48488 48506 48513 48518 49007 49013 49014 49015 49016
768 0 0 1230 1239 3571 7310 11385 17447 18462 18490 18493 18496 18497 52228 52229
769 2 2 25029 34296 34325 37197 40697 44742 48283 48313 48336 49681 49686 49691 49692 49693 49694 49695 49696 49697 49698 49699
770 0 0 4547 4552 4723 22600 40145 40157 40201 40212 46873 46886 46899 46903 46904 46905 52230
771 2 2 35308 35331 42431 42474 45823 48389 48398 48421 48427 48532 49886 49928 50208 50215 50233 50240 50249 50250 50251 50252
772 2 2 1435 1825 3858 5161 5169 5177 5178 5179 5180 5181 5182 5183 5184 5185 5186 5187 5188
773 4 4 26242 26243 26244 26245 26246 26247 26248 26249
774 0 0 40723 40783 40809 42978 47296 47337 47343 47357 47361 47362 47363
775 2 2 22048 27278 28687 37573 37581 37608 39387 39390 39398 39408 44721 46579 46603 46611 46624 46629 46630 46631 46632 46633
776 0 0 36832 36833 36834 36835 36836 52231
777 0 0 15215 15216 15217 15218 15219 15220 15221 52232
778 2 2 47632 50701 50749 51221 51243 51247 51256 51810 51942 51964 51978 51981 51987 51989 51990
779 0 0 16834 16835 16836 16837 16838 16839 16840 52233
780 3 3 293 300 372 1076 1085 1313 3262 3289 3297 3305 3308 3320 3331 3332
781 0 0 5051 7717 9423 15527 15558 15581 15594 15602 15603 15604 15605 15606 52234
782 3 3 13379 15747 21532 21542 21543 21544 21545 21546 21547 21548 21549 21550
783 4 4 10171 16770 17904 17916 25443 26495 26499 26835 26870 26873 26890 26901 26919 26920 26921 26922
784 2 2 15410 15435 15478 15704 28124 28160 28185 28187 28188 28189 28190 28191 28192 28193 28194 28195 28196
785 0 0 333 3583 3586 3587 3588 3589 3590 3591 3592 52235
786 2 2 6213 9609 9610 9611 9612 9613 9614 9615 9616 9617 9618 9619 9620
787 0 0 21942 21951 21958 21959 21960 52236 52237
788 2 2 6552 8394 8441 10660 11850 11863 11868 11876 11889 12122 14801 19267 19291 22483 22700 22767 27792 27812 27826 27830 27832 27833
789 0 0 14064 21943 21946 21953 30930 30931 30932 30933 30934 30935 30936 30937 30938 30939 52238
790 4 4 27145 28353 28360 28361 28362 28363 28364 28365 28366 28367 28368
791 4 4 43380 43383 46136 46154 48638 48640 48664 48680 48685 48692 48693 48694 48695 48696
792 2 2 23442 23456 23461 23469 23474 23487 25637 25683 31908 31912 33903 33943 33945 33946 33947 33948 33949 33950 33951 33952
793 0 0 1517 7368 7370 7371 7372 7373 7374 7375 52239
794 0 0 9170 9177 15213 15255 15272 15279 15280 15281 15282
795 0 0 18705 27274 27301 36402 36409 36431 36434 36435 36436 52240
796 3 3 7456 9782 9787 12532 12545 13165 13385 13453 15712 15731 15749 15752 15755 15756
797 3 3 37422 37433 37437 37446 37454 37461 37467 41776 45458 45477 45480 45490 45491 45492 45493 45494 45495
798 0 0 1964 1966 1967 1968 1969 1970 1971 52241
799 2 2 11251 16091 17283 17291 17600 18111 18179 20414 26333 26350 26355 26359 26393 26401 26803 35805 35809 35845 35848 35850 35851 35852
800 3 3 16215 16253 16254 16255 16256 16257 16258 16259 16260 16261
801 4 4 20021 20022 20023 20024 20025 20026 20027 20028 20029 20030 20031 20032 20033
802 1 1 28462 30357 37254 37259 37305 37326 37332 37349 37353 42268 42280 45266 45283 45331 45338 47147 47148 47149 47150 47151 47152 47153 47154 47155 47156
803 2 2 7326 7339 7392 12084 12103 13310 13317 13321 13322 13323 13324 13325 13326 13327 13328 13329
804 2 2 23820 23829 23833 31781 31872 31889 32292 34383 34392 40358 40365 40373 40462 40470 40471 40472 40473 40474
805 0 0 3898 4263 4298 7607 7614 7621 7622 7623 7624 7625 7626 7627 7628 7629
806 0 0 43736 43737 43738 43739 43740 43741 43742 43743 43744 43745 52242
807 0 0 1164 2797 3386 3387 3388 3389 3390 3391 3392 3393 3394 3395 3396 3397 52243
808 4 4 19790 19818 19843 19844 19845 19846 19847 19848 19849 19850 19851 19852
809 0 0 27837 27886 27896 36866 36886 36891 36904 36907 36908 36909
810 2 2 42821 42831 42867 42877 42881 42891 42907 43159 43196 43227 43239 43243 43247 43249 43250 43251
811 0 0 44437 44454 44539 44556 44570 51293 51296 51297 51298 51299 51300 51301 51302 51303
812 0 0 9381 9382 9383 9384 9385 9386 9387 52244
813 0 0 35466 35467 35468 35469 35470 35471 35472 35473 35474 35475
814 0 0 6443 11417 11576 11580 11581 11582 11583 11584 11585 11586 11587 11588 11589 11590 52245
815 0 0 19004 27537 27538 27539 27540 27541 27542 27543 27544 27545 27546 27547 27548 52246
816 0 0 7226 7234 12468 12482 12485 12553 12555 12556 12557 12558 12559 52247
817 3 3 32882 32891 32901 41568 41569 41570 41571 41572 41573 41574 41575 41576 41577 41578
818 3 3 23492 31986 32002 33902 33946 33954 33978 33979 33980 33981 33982 33983 33984
819 0 0 8164 14078 14093 14155 14156 14157 14158 14159 14160 14161 14162 14163 14164 14165 14166 14167 14168 52248
820 3 3 15516 22678 23555 23563 23564 23565 23566 23567 23568 23569 23570 23571 23572 23573 23574 23575 23576 23577 23578
821 3 3 13791 13813 15911 29074 29094 29108 31671 31714 32177 37847 37867 37871 37872 37873 37874 37875 37876 37877
822 3 3 2835 2841 2842 2843 2844 2845 2846 2847 2848 2849 2850
823 3 3 19014 27456 37544 37549 38099 45615 45642 45667 45676 45677 45678 45679 45680 45681 45682 45683
824 2 2 46226 46235 46252 46263 46275 46812 47452 48061 48080 48091 48107 48112 48118 48119 48120 48121 48122
825 2 2 27402 27409 27416 27424 27433 33867 33895 39686 39694 39707 39708 39709 39710 39711
826 0 0 31342 38749 38809 38821 38822 38823 38824 38825 38826 38827 38828 38829 38830
827 3 3 17539 17552 17553 17554 17555 17556 17557 17558 17559 17560 17561 17562 17563 17564 17565 17566 17567 17568
828 0 0 3831 10724 12234 13286 21222 21232 21239 21255 21285 21296 52249
829 3 3 7721 7728 7729 7730 7731 7732 7733 7734
830 2 2 24525 26910 26944 26989 29691 29697 29698 29699 29700 29701 29702 29703 29704 29705 29706 29707 29708 29709 29710
831 4 4 25889 27220 27221 27222 27223 27224 27225 27226 27227 27228
832 0 0 22812 22823 22827 22854 31483 31498 40134 40144 46877 46882 46891 46896 46913 46914 46915
833 0 0 2385 2398 2402 2422 2425 2426 2427 2428 2429 2430 2431 2432 2433 2434 2435 2436 2437 52250
834 0 0 4514 8977 22326 22496 40153 40155 40160 40161 40162 40163 52251
835 0 0 1073 5649 5694 5756 5815 5825 5826 5827 5828 5829 52252
836 0 0 12784 12793 12807 12811 20325 20326 20327 20328 20329 20330 20331
837 4 4 40148 40154 40159 40163 40169 46872 46885 46890 46895 46896 46897 46898 46899 46900 46901 46902
838 0 0 5600 5614 10413 10414 10415 10416 10417
839 3 3 1091 1092 1093 1094 1095 1096 1097 1098 1099 1100
840 3 3 42959 42967 42987 48515 49010 49019 49027 49035 49051 49063 49076 49079 49080 49081
841 0 0 32084 32085 32086 32087 32088 32089 32090 32091 32092 32093 32094 32095 32096
842 2 2 18449 21352 24546 25897 26310 28633 29765 29793 29799 33423 33436 33460 33505 33547 33552 33563 35662 36381 36387 36388 36389 36390 36391 36392 36393
843 2 2 916 941 3732 3736 3756 5775 5776 5777 5778 5779 5780 5781 5782 5783
844 0 0 5248 5255 5557 5573 7840 10312 10340 10341 13959 18904 27346 27363 27371 27376 27378
845 0 0 24472 24478 31023 33397 33408 33409 33410 33411 33412 33413 33414 33415 33416 33417 33418
846 2 2 30458 30459 30460 30461 30462 30463 30464 30465 30466 30467 30468 30469 30470 30471
847 0 0 5492 5495 15239 15248 15250 52253 52254
848 3 3 33284 40254 40268 46928 49881 51016 51027 51033 51047 51048 51049
849 4 4 47398 47403 47409 47412 47415 51159 51172 51185 51189 51190 51191 51192
850 0 0 8332 8357 8538 14582 14583 14584 14585 14586 14587 14588 52255
851 0 0 28019 28051 28062 28063 28064 28065 28066 52256
852 0 0 9494 9503 9508 9516 9521 9529 30337 30395 30407 30430 30439 30443 30444 30445 30446 52257
853 2 2 19001 37552 38084 38098 45678 45685 46467 46478 46507 46508 46509 46510 46511 46512 46513 46514
854 3 3 1457 1795 3621 3622 3623 3624 3625 3626 3627 3628
855 0 0 12491 12506 12511 12514 37020 44958 44979 44985 44990 44998
856 0 0 8201 11838 14293 14326 19040 19042 19043 19044 19045 19046 52258
857 3 3 45954 45955 45956 45957 45958 45959 45960 45961 45962 45963 45964 45965 45966 45967 45968 45969 45970
858 0 0 1135 1162 3391 3405 3416 3417 3418 3419 3420 3421 3422 3423 52259 52260
859 0 0 22806 22824 22857 22968 31484 31498 31499 31500 31501 31502
860 3 3 33765 37237 42262 45303 47255 47935 47951 47961 47969 47971 47972 47973
861 4 4 18161 18167 18186 20569 20572 24491 24498 24499 24500 24501 24502 24503
862 4 4 24157 24158 24159 24160 24161 24162 24163 24164 24165 24166 24167 24168 24169
863 4 4 3502 6896 6904 6917 12254 12271 12274 13298 13299 13300 13301 13302 13303 13304 13305
864 0 0 12224 12487 12501 12507 12508 12509 12510 12511 52261
865 0 0 7097 12323 12324 12325 12326 12327 12328 12329 12330 12331 52262
866 2 2 42397 48144 50115 50133 50188 51693 51705 51724 51725 51726 51727 51728 51729 51730
867 0 0 3103 11324 11333 11335 11336 11337 11338 11339 11340 11341 52263
868 0 0 11245 16090 17289 17291 17292 17293 17294 17295
869 4 4 8218 8219 8220 8221 8222 8223 8224 8225 8226 8227
870 4 4 24395 33585 33602 36366 41980 41996 42035 42039 42048 42049 42050 42051 42052
871 3 3 13360 17302 20510 20528 20529 20530 20531 20532 20533 20534 20535 20536 20537 20538 20539 20540 20541 20542
872 0 0 8550 8557 8568 22457 22461 22472 22473 22474 22475 22476 22477 52264
873 3 3 9809 9840 11363 14613 14625 22617 22637 23298 23299 23300 23301 23302 23303 23304
874 2 2 9584 10147 16148 16158 16159 16160 16161 16162 16163 16164 16165 16166 16167 16168 16169 16170
875 0 0 17325 18199 25832 25914 25923 25935 25940 25948 25950 25951 52265
876 1 1 34430 34437 36148 40826 41037 41058 42449 42462 43912 43951 45424 45446 45784 45796 45804 45805 45806 45807 45808 45809 45810 45811 45812 45813 45814
877 0 0 5283 5289 5290 5530 7868 7877 7884 10304 10320 10329 10333 10350 52266
878 3 3 32640 41035 41043 41049 42452 45433 45445 45446 45447 45448 45449 45450 45451 45452 45453 45454
879 3 3 7469 9640 9648 12716 12756 12766 12767 12768 12769 12770 12771 12772 12773
880 3 3 17347 17483 17492 25965 26015 26030 26031 26032 26033 26034 26035 26036
881 3 3 39341 44595 46589 46597 46604 46640 49985 49996 50006 50060 50071 50077 50479 51749 51754 51759 51760 51761 51762 51763 51764 51765
882 0 0 7598 9239 20332 20333 20334 20335 20336 20337 20338 20339 20340 20341
883 0 0 5441 25229 25280 25282 25293 25295 25296 25297 25298 52267
884 0 0 5376 5377 5378 5379 5380 5381 5382 5383 5384 5385 5386 5387 5388 52268
885 3 3 31321 31335 39649 39809 39883 39884 39885 39886 39887 39888 39889
886 0 0 43714 44017 46240 50606 50629 50647 50662 50665 50670 50671 50672 50673
887 2 2 6463 11646 16042 24378 27290 39381 44394 44532 44564 46638 49502 49528 49537 49541 49552 49553 49554
888 3 3 39294 46218 46278 47420 47430 47431 47432 47433 47434 47435 47436 47437 47438 47439
889 0 0 9493 9495 9496 9497 9498 9499 9500 9501 9502 9503
890 0 0 257 258 259 260 261 262 263 264 52269
891 3 3 27012 27024 27033 27038 27047 27070 27079 27083 27096 27097 27098 27099 27100 27101
892 3 3 48269 48293 48315 48335 49696 49764 49791 49792 49807 49808 49809 49810
893 0 0 1041 1042 1043 1044 1045 52270
894 3 3 26497 26505 26512 26514 26520 26525 26527 26534 26541 26836 26847 26862 26874 26887 26888 26923 26924
895 4 4 3897 4252 4258 4259 4260 4261 4262 4263 4264 4265 4266
896 2 2 10735 12045 17240 19409 19617 20509 20804 20810 21524 25775 25776 25810 25819 26150 35435 35442 37778 37789 37808 37826 37835 37836 37837 37838 37839
897 0 0 83 278 2039 4368 4405 4413 4414 4415 4416 4417 52271
898 0 0 32485 33372 35530 35554 35560 35573 35576 35577 35578 35579 35580 35581 35582 35583 35584 35585 52272
899 2 2 5707 5816 5835 5842 5848 6141 10553 10569 10574 10577 10578 10579 10580 10581 10582 10583 10584 10585 10586
900 0 0 47202 47203 47204 47205 47206 47207 47208
901 0 0 32306 37036 37048 37049 37050 37051 37052 37053 37054
902 0 0 3215 6458 11610 11629 11643 11651 11678 11679 11680 11681 11682 11683 11684 11685 11686 52273
903 0 0 29671 29672 29673 29674 29675 29676 29677
904 3 3 27015 27030 27098 34671 34713 34717 34720 34721 34722 34723 34724 34725 34726
905 0 0 6090 6091 6092 6093 6094 6095 6096 6097 52274
906 0 0 14686 14814 19701 22737 22753 22755 22760 22761 22762
907 2 2 15691 21655 28239 28252 29227 30116 30143 30165 30168 30176 30177 30178 30179 30180 30181 30182 30183 30184 30185 30186 30187 30188 30189 30190 30191
908 2 2 6469 6475 6481 9216 9222 18985 18994 18995 21814 21826 21828 21829 21830 21831
909 4 4 17567 24229 24230 24231 24232 24233 24234 24235 24236 24237 24238 24239
910 3 3 26145 33659 33669 33696 37791 37829 37836 37840 42073 42081 42082 42083 42084 42085 42086
911 2 2 6086 11073 16414 16474 17764 17774 17791 17807 17808 17809 17810 17811 17812
912 0 0 2971 2977 3035 3036 3037 3038 3039 3040 3041 3042 52275
913 2 2 627 878 2504 2505 2506 2507 2508 2509 2510 2511 2512 2513 2514
914 0 0 16341 16347 16348 16349 16350 16351 16352 16353 16354 16355 16356
915 2 2 32659 34443 43891 43914 43949 45806 47380 47396 47404 47413 47414 47415
916 0 0 21937 21938 21939 21940 21941 21942 21943 21944 52276 52277
917 3 3 23565 29195 32036 37659 37667 37668 37669 37670 37671 37672 37673 37674 37675 37676 37677 37678 37679
918 0 0 2792 2801 2810 2826 4529 5867 5871 5872 5873 5874 5875 5876 5877 5878 52278
919 3 3 5700 5733 5751 5759 5770 5833 5838 5839 5840 5841 5842 5843 5844 5845
920 0 0 36779 38768 38780 39619 39625 39626 39627 39628 39629 39630 39631 39632 39633 52279
921 2 2 15692 24006 28227 28237 28242 28255 29639 30123 30147 30186 30221 30222 30223 30224 30225 30226 30227 30228 30229
922 0 0 2 9 79 80 81 82 83 84 85 86 52280 52281
923 4 4 7352 10401 10405 12007 12022 12039 12856 14758 17153 17208 17212 17213 17214 17215 17216 17217 17218 17219 17220
924 2 2 25436 25446 25449 25454 33705 34625 34637 34651 34661 34664 34683 34684 34685 34686 34687 34688 34689 34690 34691 34692 34693
925 2 2 24271 24531 30003 33684 38601 38612 42104 42110 47868 49277 49282 49316 49322 49325 49326 49327
926 0 0 5791 10424 10426 10427 10428 10429 10430 10431
927 0 0 17464 24430 24433 24434 24435 24436 24437 24438 24439 24440 24441
928 2 2 15544 20279 20300 22347 22395 22417 22435 22776 22787 22792 22793 22794 22795 22796 22797 22798 22799 22800 22801 22802 22803
929 0 0 7017 12226 12238 12239 12240 12241 12242 12243 12244 12245 12246 12247 52282
930 0 0 20984 20996 21004 21142 29208 29209 29210 29211 29212 29213 29214 29215 29216 29217 29218 52283
931 0 0 343 1184 1187 1188 1189 1190 1191 1192 1193 1194 1195 1196 1197 52284
932 0 0 6246 25233 25262 25277 25290 25302 25303 52285
933 2 2 14102 18702 22037 22047 22065 22071 22078 27272 27273 27274 27275 27276 27277 27278 27279 27280
934 0 0 18049 18070 18075 18076 18077 18078 18079 18080 18081 18082
935 0 0 3741 3794 3795 3796 3797 3798 3799 3800 3801 3802 3803 3804 52286
936 2 2 6368 11409 11423 11498 11552 11558 11560 11561 11562 11563 11564 11565 11566
937 0 0 48374 48526 51435 51456 51463 51464 51465 51466 51467 51468 51469
938 0 0 12962 14543 14552 14553 14554 14555 14556 14557 14558 14559 14560 14561 14562
939 0 0 39988 43718 46310 46329 46336 46337 46338 46339
940 4 4 30464 37390 38806 39505 39533 39550 39558 39560 39561 39562 39563 39564
941 4 4 38506 38507 38508 38509 38510 38511 38512 38513 38514
942 4 4 35152 35153 35154 35155 35156 35157 35158 35159 35160 35161 35162 35163
943 2 2 11457 11464 11472 11475 18566 18618 18641 18646 18647 18648 18649 18650 18651 18652 18653 18654 18655 18656 18657 18658 18659 18660 18661 18662
944 0 0 17078 17079 17080 17081 17082 17083 17084 17085 17086 17087
945 4 4 27321 36554 44752 44759 49741 51602 51621 51624 51629 51630 51631 51632
946 2 2 24370 36343 36359 38030 38048 38051 38067 38074 38079 50315 50339 50342 50354 50368 50371 50376 50377 50398 50430 50436 50437 50438
947 0 0 26412 34035 34046 34055 34080 34952 35118 42579 43003 43017 43026 43038 43057 43064 43068 43074 43103 43202 43214 43297 43307 43310 43312 43313 43314 43315 43316 43317 43318 52287
948 0 0 1228 1229 1230 1231 1232 1233 1234 1235 52288
949 0 0 6510 6524 6563 6770 6781 6794 6797 6801 6802 6803 6804 6805
950 4 4 22166 22176 22184 27403 27410 27432 31363 39664 39690 39694 39695 39696 39697 39698 39699
951 3 3 2438 2439 2440 2441 2442 2443 2444 2445
952 0 0 12710 12731 12750 13218 13239 13252 13263 13271 19774 21263 27915 27933 27934 27935 27936 27937
953 0 0 16907 16915 16921 16924 16979 23021 23058 23061 23062 52289
954 4 4 39995 39996 39997 39998 39999 40000 40001 40002 40003
955 0 0 24101 29368 32879 32894 32909 32910 32911
956 0 0 32619 32736 36182 36244 40995 44179 44183 44190 44193 44194 44195 44196
957 2 2 32867 32952 32973 33222 33244 33250 33254 33255 33256 33257 33258 33259 33260 33261 33262 33263
958 0 0 27567 27573 27581 27589 27594 27597 27612 27620 27621 52290
959 0 0 29243 37947 37975 37979 37984 37985
960 2 2 22289 22520 22538 22554 22567 22576 22780 22822 22839 22843 22860 22863 22864 22865 22866 22867 22868 22869 22870 22871
961 2 2 11190 11277 11296 11306 18220 26473 26538 26579 26618 26650 26656 26657 26658 26659 26660 26661 26662 26663
962 3 3 29618 29687 30056 30075 30085 30098 30100 30101 30102 30103 30104 30105
963 0 0 4320 5498 5499 5500 5501 5502 52291
964 2 2 9630 9642 12753 15403 15700 28196 30022 30041 30058 33089 33140 33170 33173 33174
965 2 2 9865 9866 9867 9868 9869 9870 9871 9872 9873
966 4 4 7575 12705 12730 12751 13220 13226 13237 13253 13266 13267 13268 13269 13270 13271 13272
967 2 2 2924 8687 14944 26175 26191 26220 26342 26388 26399 26402 31615 35799 35835 35841 35843 35846 35847 35848
968 0 0 11750 18714 18725 18730 18734 18737 18738 18739 18740 52292
969 0 0 17131 20479 25722 25752 26560 35347 35379 35381 35397 35411 35419 35420 35422
970 0 0 24309 24310 24311 24312 24313 24314 24315 24316 24317 24318 24319 24320 24321
971 2 2 2527 4665 4699 4821 8712 8743 9106 10018 10040 10048 10055 10062 10063 10064 10065 10066 10067 10068 10069 10070
972 2 2 20362 28696 28708 28709 28710 28711 28712 28713 28714 28715 28716 28717 28718 28719 28720 28721 28722 28723 28724 28725 28726
973 0 0 23956 23957 23958 23959 23960 23961 23962 23963 23964
974 0 0 22734 22735 22736 22737 22738 22739 22740 22741
975 3 3 4751 4752 4753 4754 4755 4756 4757 4758 4759 4760 4761 4762 4763
976 2 2 25979 26035 26603 27046 27059 27072 27081 27085 27086 27087 27088 27089 27090 27091 27092 27093 27094 27095 27096
977 2 2 28298 28305 29255 29274 29302 29315 29324 29667 29680 38441 38470 38476 38493 38502 38503 38504 38505
978 0 0 3329 3446 6762 8477 11873 11883 12114 19268 19278 19282 19283 19284 19285
979 2 2 7153 7192 11485 12575 12586 12587 12588 12589 12590 12591 12592 12593 12594 12595 12596 12597 12598 12599 12600 12601
980 0 0 14423 14432 14435 16897 16898 16899 16900 16901 52293
981 3 3 33227 33262 34348 37127 37144 37174 41682 45196 45206 45207 45208 45209 45210 45211 45212 45213
982 0 0 35526 35542 35543 35544 35545 35546 35547
983 2 2 2320 2333 2358 4020 4021 4022 4023 4024 4025 4026 4027 4028 4029 4030 4031
984 2 2 22023 22032 22056 22085 28689 39386 39395 39398 39399 39400 39401 39402 39403 39404
985 3 3 31750 31757 31770 31776 31786 31794 31797 31798 33788 33789 33790 33791 33792
986 0 0 5643 5656 5662 5669 5678 5814 5820 5821 5822 5823 5824 52294
987 0 0 44433 44455 44471 44472 44473 44474 44475 44476 44477
988 3 3 15539 20278 20307 22527 22547 22595 22784 22786 22825 22833 22834 22835 22836 22837 22838 22839
989 2 2 9650 13409 15706 15722 15729 21630 23991 24017 28129 28188 28213 28214 28223 30017 30031 30045 30248 32814 32837 32843 32846 32852 32858
990 0 0 26099 30955 43487 43497 43732 43741 43756 43768 43777 43781 43782 43783 43784 43785 43786 43787 43788 52295
991 0 0 18238 25132 25981 25987 25991 25992 25993 25994 25995 25996 25997 25998 25999 52296
992 0 0 7430 12460 12475 13175 13177 13184 20116 20117 20118 20119 20120 20121 20122 20123 20124 20125 52297
993 0 0 21154 29429 38171 38186 38194 38195 38196 38197 38198 38199 38200 38201 38202 38203 38204 38205
994 3 3 26421 35013 35019 35023 35065 35072 36036 36046 36047 36048 36049 36050 36051 36052
995 4 4 23119 23155 23204 23205 23206 23207 23208 23209 23210 23211 23212
996 0 0 655 2498 2501 4480 4485 4712 8511 8965 9471 9477 9855 10136 10137 10138 10139 10140 10141 10142 10143 10144 10145 52298
997 0 0 28342 28347 37006 37018 37024 37027 44955 44971 44983 44984 44985 44986 44987 44988
998 2 2 15888 15907 20673 28994 29002 29026 31665 31677 37687 45963 45976 45997 46001 46006 46012 46013
999 0 0 11486 13140 13146 13151 21184 29450 29464 29470 29477 29478 29479 29480
1000 0 0 1093 2079 3448 5885 6538 6757 11865 11871 11872 11873 11874 11875 11876 11877
1001 0 0 21457 21477 21485 21502 21507 21512 21527 25817 25820 35427 35436 35441 35442 35443 35444
1002 2 2 31087 31129 31142 34526 34568 34911 35127 42828 42852 42875 42880 42892 42902 42903 42904 42905 42906 42907 42908 42909
1003 0 0 22346 22384 22777 22803 22804 22805 22806 22807 22808 22809 22810 22811 22812 22813
1004 0 0 20015 28258 29219 29220 29221 29222 29223 29224 29225 52299
1005 4 4 42605 42726 42729 42745 42746 42747 42748 42749 42750 42751 42752
1006 0 0 2535 2541 16181 16299 16841 16842 16843 16844 16845 52300 52301
1007 0 0 12863 12916 12917 12918 12919 12920 12921 12922 12923 12924 12925 12926 12927 12928 52302
1008 3 3 25478 25490 31100 31133 34537 34829 34850 42911 42921 42926 42927 42928 42929 42930
1009 0 0 39543 39590 39607 39730 45368 45380 46670 46675 46676 46677
1010 0 0 36180 36247 40965 40981 40990 40993 40994 40995 40996 40997 40998 40999
1011 2 2 1410 1422 1423 1424 1425 1426 1427 1428 1429 1430 1431 1432
1012 1 1 22206 27635 27653 27770 30758 30846 31288 31289 31290 31291 31292 31293 31294 31295 31296 31297 31298 31299 31300
1013 3 3 44574 44584 46591 46596 50473 50478 51272 51280 51301 51744 51745 51746 51747 51748 51749 51750 51751
1014 4 4 45827 47076 49751 50236 50248 51394 51412 51414 51415 51416 51417
1015 2 2 20622 22557 22565 22938 23507 32006 32023 32028 32064 32065 32072 32077 33640 33643 33645 33646 33647 33648
1016 0 0 37199 45065 45128 45138 45139 45140 45141 45142
1017 2 2 34101 34479 34972 36700 42740 42768 42792 42806 42818 42830 42845 42849 42857 42862 42863 42864 42865 42866 42867
1018 2 2 13819 30367 30384 31940 31941 31942 31943 31944 31945 31946 31947 31948 31949 31950 31951 31952 31953 31954 31955
1019 0 0 10167 10168 10169 10170 10171 10172 10173 10174
1020 2 2 22100 22111 22121 24614 31126 31135 34067 34086 34088 34569 34907 34908 34909 34910 34911 34912 34913 34914 34915
1021 0 0 6428 11548 11549 11550 11551 11552 11553
1022 4 4 849 1773 1786 2253 4993 4997 9289 9290 12872 12873 12874 12875 12876 12877
1023 0 0 15765 15784 15785 15786 15787 15788 15789 15790 15791 15792 15793 15794 15795 15796
1024 0 0 16175 16369 16377 23125 23202 23231 23236 23237 23238 23239
1025 0 0 25593 25594 25595 25596 25597 25598 25599 25600 52303
1026 4 4 7011 7388 7389 7390 7391 7392 7393 7394 7395 7396 7397 7398
1027 0 0 1538 1904 1946 1951 1955 2274 2562 4037 4041 4044 4108 5237 7756 7762 7763 7764 7765 7766 7767 7768 52304
1028 2 2 7378 12072 12971 13331 13340 13620 13628 14644 14706 19649 20799 20947 20954 21319 25767 25778 25784 25792 25793 25794
1029 2 2 27400 27406 31152 31282 39666 39672 39673 39674 39675 39676 39677 39678 39679 39680 39681 39682 39683 39684 39685
1030 0 0 31374 31382 31383 31384 31385 31386 31387 31388 31389 31390 52305
1031 4 4 22682 22683 22684 22685 22686 22687 22688 22689 22690 22691 22692 22693 22694 22695 22696 22697 22698
1032 0 0 36472 36473 36474 36475 36476 36477 36478 36479
1033 2 2 32414 32433 32442 32772 32783 32792 33734 33748 35567 44331 44645 44655 44659 44660 44661 44662 44663 44664
1034 4 4 14361 14403 14409 31242 31246 31366 36752 36759 36760 36761 36762 36763 36764 36765
1035 0 0 23961 32547 32548 32549 32550 32551 32552 32553 32554 32555 32556 32557
1036 0 0 85 2035 2042 2043 2044 2045 2046 2047 2048 2049 2050 2051 2052 2053 2054 2055 2056 2057 52306
1037 4 4 3683 3725 3735 3747 3756 3757 3758 3759 3760
1038 0 0 7587 7973 13638 13647 13653 19062 19095 19111 19117 19118
1039 0 0 13685 13871 13877 15564 15585 28473 28480 28488 28494 28500 28504 28505 52307
1040 2 2 20361 28715 37152 37168 42651 42661 48278 48298 48309 48322 48324 48325 48326 48327 48328 48329 48330
1041 3 3 24587 25664 33915 35330 42426 45824 49889 50251 51316 51322 51323 51324 51325 51326
1042 0 0 35125 43464 48802 48826 48829 48833 48834 48835 48836 48837 48838 52308
1043 0 0 32629 41045 41102 41109 41126 41134 42447 42460 45450 49910 49925 49932 49941 49950 49960 49961 49962
1044 3 3 30211 41603 41607 41610 41611 41612 41613 41614 41615 41616
1045 0 0 5540 5542 5543 5544 5545 5546 52309
1046 0 0 35119 43037 43060 43295 43305 43306 43307 43308
1047 0 0 11820 18864 18909 18912 18913 18914 18915 18916
1048 0 0 2177 3225 3226 3227 3228 3229 3230 3231 52310
1049 0 0 29588 29590 29591 29592 29593 29594 29595 29596 52311
1050 3 3 126 685 694 702 703 704 705 706 707
1051 0 0 37473 44474 45459 45472 45483 45496 45497 45498 45499 45500 45501 45502
1052 0 0 1110 3392 3419 3427 5890 5896 5905 5914 6528 6529 6530 6531 6532 6533 6534 6535 6536 6537 52312
1053 0 0 5421 5422 5423 5424 5425 5426 5427 5428 5429 5430 52313
1054 0 0 51497 51509 51524 51539 51542 51555 51567 51568 51569 51570 51571 51572 51573
1055 0 0 1981 1990 2472 4590 4625 4653 4659 4660 4661 4662
1056 4 4 18444 18445 18446 18447 18448 18449 18450 18451 18452 18453 18454 18455 18456
1057 0 0 29932 29947 35482 43666 43677 46019 46032 46034 46035 46036
1058 0 0 17703 17716 20635 20636 20637 20638 20639 20640
1059 2 2 802 820 852 1561 1562 1563 1564 1565 1566 1567 1568 1569 1570 1571 1572
1060 0 0 11792 49507 49562 49566 49567 49568 52314
1061 0 0 434 7029 7030 7031 7032 7033 52315
1062 0 0 21668 21669 21670 21671 21672 21673 21674 21675 21676 21677 52316
1063 0 0 14166 30706 30707 30708 30709 30710 30711 30712 30713
1064 0 0 24576 25194 25823 25824 25825 25826 25827 25828 25829 52317
1065 3 3 10555 10582 10589 10599 10600 10601 10602 10603 10604 10605 10606 10607 10608 10609
1066 4 4 2925 10698 10711 10714 10965 10966 10967 10968 10969 10970 10971 10972
1067 3 3 5172 5227 8117 15797 15798 15799 15800 15801 15802 15803 15804 15805 15806
1068 2 2 12779 12798 12819 20329 23428 31972 32971 33223 33256 38728 40573 41654 41671 41675 41676 41677 41678 41679 41680 41681 41682 41683
1069 3 3 27224 34628 34640 34653 34654 34655 34656 34657 34658 34659 34660 34661 34662 34663
1070 3 3 10944 13509 17338 17339 17340 17341 17342 17343 17344 17345 17346 17347
1071 2 2 5137 23818 23827 23831 31784 31867 31878 31885 34380 34394 40455 40462 40463 40464 40465 40466 40467 40468 40469
1072 3 3 1082 1327 3254 3266 3273 3274 3275 3276 3277 3278 3279 3280 3281 3282 3283
1073 3 3 13204 13351 20538 20835 21406 21412 21413 21414 21415 21416 21417 21418 21419 21420
1074 2 2 4825 5519 9094 9128 10284 15194 15253 15265 15270 15276 15285 15292 15293 16922 16984 22987 23000 23009 23010 23011 23012 23013 23014 23015
1075 0 0 23096 23101 31413 35171 41066 41085 41089 43504 48362 48434 48444 48454 48463 48473 49040 51439 51446 51458 51460 51472 51478 52318
1076 4 4 11017 17726 17754 26330 26345 26368 26369 26370 26371 26372 26373
1077 4 4 2282 4165 4166 4167 4168 4169 4170 4171
1078 4 4 4146 7893 7998 8051 14008 21864 21897 21905 21906 21907 21908 21909
1079 3 3 34916 34934 34939 34951 43044 43066 43072 43092 43108 43135 43136 43137 43138 43139 43140 43141 43142
1080 0 0 11328 11334 11341 11354 17882 18354 18363 18364 18365 18366 18367 18368 18369
1081 2 2 34810 41189 41452 41461 42895 42946 44252 48549 48824 48884 48914 48915 48916 48917 48918 48919 48920
1082 0 0 948 949 950 951 952 953 954 955 52319
1083 3 3 43654 43660 43672 43679 43684 43691 43697 43703 45881 45898 45915 45932 45933 45934 45935
1084 3 3 36112 36144 36164 40830 40834 40835 40836 40837 40838 40839 40840 40841
1085 4 4 40346 40822 42434 42477 42529 47044 47063 47064 47065 47066 47067 47068 47069
1086 3 3 41317 43098 43139 43148 43153 43167 43168 43169 43170 43171 43172 43173 43174 43175
1087 0 0 2104 2847 2957 5142 5953 5958 15295 23330 23355 23374 23380 23381 23382 52320
1088 3 3 25852 25864 25967 26011 29746 29756 29840 33506 33553 35640 35649 35656 35660 35673 35674 35675
1089 0 0 16557 16575 16679 16696 17890 18054 18059 18091 18093 18103 18104 18105 18106 18107 52321
1090 2 2 17612 18165 18190 20562 24498 26701 26753 26764 26765 26766 26767 26768 26769 26770 26771 26772 26773
1091 3 3 34458 40811 40817 42418 42434 42435 42436 42437 42438 42439 42440 42441 42442 42443 42444
1092 3 3 31034 45592 45688 45745 45766 45775 46359 46386 48798 49990 50009 50013 50025 50037 50046 50062 50066 50067 50068 50069
1093 3 3 10165 14604 40682 40683 40684 40685 40686 40687 40688 40689 40690
1094 0 0 22112 31081 31096 31115 31123 34518 34526 34527 34528 34529 34530 34531
1095 0 0 1378 2881 2895 2896 2897 2898 2899 2900 2901 2902 52322
1096 0 0 9672 9691 9700 13194 13195 13196 13197 13198 13199 13200 13201 52323
1097 4 4 28561 28562 28563 28564 28565 28566 28567 28568 28569 28570 28571 28572
1098 2 2 43490 43498 43713 43719 43787 46239 46314 46338 46349 48936 48944 48952 48995 49162 50609 50644 50660 50669 50672 50680 50681 50682 50683 50684
1099 0 0 9747 9755 15425 15504 15921 15929 15939 15940 15941 15942 52324
1100 0 0 601 605 1876 1889 1890 1891 1892 1893 1894 1895 1896 52325
1101 0 0 24714 24720 24728 24763 24775 24780 24784 24798 24809 24823 34124 34132 34133 34134 34135 34136 34137
1102 2 2 42111 42128 42137 42151 44148 47861 47867 47875 49273 49285 49304 49314 49315 49316
1103 2 2 5168 5186 5225 12794 12803 12812 15799 15857 20328 24074 24126 24127 24128 24129 24130 24131 24132 24133 24134 24135 24136
1104 0 0 2944 2950 8642 8650 10763 10764 10765 10766 10767 10768 10769 52326
1105 4 4 11845 14762 14779 14780 14781 14782 14783 14784 14785
1106 0 0 260 804 822 825 826 827 828 829 830 831 832 52327
1107 3 3 19712 20717 20739 20740 20741 20742 20743 20744 20745 20746 20747
1108 0 0 3511 7034 7057 7062 7072 12100 12288 12289 12290 12291 12292 12293 12294 12295 12296 52328
1109 3 3 11445 11447 11460 18642 18653 20031 20049 20078 20087 20088 20089 20090 20091 20092 20093
1110 0 0 3955 9417 9495 9506 9518 12996 13012 13013 13014 13015
1111 0 0 2973 3041 6069 6071 10767 10770 10780 10788 10789 10790 10791 52329
1112 0 0 32335 32336 32337 32338 32339 32340 32341 32342 32343 32344
1113 3 3 6089 11072 16477 17756 17771 17772 17773 17774 17775 17776 17777 17778 17779
1114 2 2 37241 37307 37331 42274 42279 45269 45301 45333 45342 47148 47212 47227 47245 47253 47262 47264 47267 47268 47269 47270
1115 4 4 20595 20705 20720 20728 20733 20740 20751 28848 28857 28867 28868 28869 28870
1116 2 2 38657 38658 38659 38660 38661 38662 38663 38664 38665 38666 38667 38668 38669 38670
1117 0 0 5594 5601 5619 10414 10423 10435 10725 13533 17045 17053 17059 17064 17065 17066 17067 17068 17069 52330
1118 3 3 3931 3963 4931 4939 7672 7847 7856 13924 13930 13952 13962 13963 13964 13965
1119 2 2 40413 40420 40431 40441 40444 40450 40451 40453 40458 40466 40476 40490 40506 40522 40523 40524 40525 40526 40527 40528 40529 40530
1120 0 0 6016 12656 12666 12671 18540 18554 24415 25931 33567 33568 33569 33570 33571 33572 33573 52331
1121 2 2 15313 15318 15326 15333 15337 15367 15384 15388 23436 23452 23460 23462 23463 23464 23465 23466 23467 23468 23469
1122 2 2 18896 18910 22173 27356 27373 27385 27411 27420 27425 27426 27427 27428 27429 27430 27431 27432 27433
1123 3 3 32626 33829 33873 33884 39678 39692 40086 41115 41138 41148 41152 41153 41154 41155 41156
1124 3 3 4117 4123 4132 4142 4151 4152 4153 4154 4155 4156 4157
1125 2 2 17700 17707 17718 20262 20263 20264 20265 20266 20267 20268 20269 20270 20271 20272 20273 20274 20275
1126 0 0 12422 12432 12433 12434 12435 12436 12437 12438 12439 12440 12441 12442 12443 12444 52332
1127 2 2 10911 12678 12679 12680 12681 12682 12683 12684 12685 12686 12687 12688 12689 12690 12691 12692 12693
1128 0 0 16834 25559 25570 25593 25601 25618 25626 31445 36005 43530 43534 43539 52333
1129 0 0 8338 8347 8525 20981 23587 23597 23671 23691 23695 23705 23706 23707 23708 23709 23710 23711 23712 23713 23714 23715 23716 52334
1130 3 3 11807 18252 18259 18284 18288 18289 18290 18291 18292 18293 18294 18295
1131 3 3 26259 26615 26658 26927 26946 26952 26961 26962 26963 26964
1132 0 0 1269 1341 2023 3541 5034 7058 9434 12092 12870 19734 23686 23729 23734 23741 28841 28845 28853 28854 28855 28856 52335
1133 1 1 22194 30738 30749 30752 31293 31303 32642 37487 37499 37512 39104 39105 39106 39107 39108 39109 39110 39111 39112 39113 39114 39115 39116 39117 39118 39119
1134 0 0 37971 38167 41645 46079 46092 46100 46104 46106 46107 46108 46109
1135 0 0 1031 15648 15651 15652 15653 15654 15655 15656 52336
1136 0 0 269 6571 6572 6573 6574 6575 6576 6577 6578 6579 6580
1137 0 0 23522 30349 30455 32093 32123 32131 32144 32157
1138 3 3 28647 29744 33476 36369 36370 36371 36372 36373 36374 36375 36376 36377 36378 36379 36380
1139 0 0 19001 19002 19003 19004 19005 19006 19007 19008 19009 19010 19011 19012 19013 19014 19015 19016 52337
1140 4 4 16541 16552 23272 23316 23319 23350 23359 23364 23365 23366 23367 23368 23369 23370 23371 23372 23373
1141 4 4 4804 5522 8844 9162 9174 15140 15178 15256 15261 15282 15283 15284 15285 15286
1142 2 2 26078 39268 48941 48983 50558 50570 50602 50618 50643 50650 50653 50654 50655 50656 50657 50658 50659 50660 50661 50662 50663
1143 0 0 7116 7117 7118 7119 7120 7121 7122 7123 52338
1144 0 0 517 518 519 520 521 522 523 524 525 526 527
1145 0 0 3791 7256 7276 7284 7289 7294 7295 7296 7297 7298 7299 7300 7301 7302 7303 52339
1146 2 2 36576 36590 36602 36613 36626 36715 42793 44776 44795 44808 47288 47309 47321 47324 47326 47327
1147 0 0 38126 38162 46077 46095 46097 46098 46099 46100 46101 46102 52340
1148 4 4 23923 23932 23934 23935 23936 23937 23938 23939
1149 0 0 14153 19007 19025 19194 19265 27460 27473 27481 27484 27485 27486 27487 27488 27489 27490 27491 52341
1150 0 0 16892 25556 25562 25575 25576 25577 25578 25579 52342
1151 4 4 43706 44020 44043 46247 46253 46254 46255 46256 46257 46258 46259 46260 46261 46262 46263
1152 0 0 32176 32184 32194 32197 32202 37906 37932 40623 40636 40643 40647 40648 40649 40650 40651
1153 2 2 8530 8544 15536 22941 22963 23558 23661 29163 29190 31543 32040 32070 32198 32212 32229 32243 32247 32258 32279 32280 32281 32282
1154 0 0 39055 39060 39072 39077 39080 39081 39082 39083 39084
1155 0 0 38298 38303 46080 46094 46109 46113 46544 47652 50687 50703 50711 50712 50713 50714 50715 50716 50717
1156 3 3 43898 43899 43900 43901 43902 43903 43904 43905 43906 43907 43908 43909
1157 0 0 49704 49705 49706 49707 49708 49709 49710 49711 49712 49713
1158 3 3 35055 35067 35075 35080 35090 35098 35106 35114 35984 35990 36001 43255 43265 43266 43267 43268 43269 43270
1159 0 0 1489 1550 3928 3939 4104 4184 4930 7801 7817 7831 7832 7833 7834 7835 52343
1160 0 0 54 622 722 4344 4764 5505 5507 5512 5513 52344 52345
1161 2 2 15454 15973 15980 15996 24092 24190 24210 28155 32900 33034 33043 33055 33056 33057 33058 33059 33060
1162 1 1 1342 2020 3508 3609 7059 7335 12058 12087 12092 12093 12094 12095 12096 12097 12098 12099 12100 12101 12102
1163 0 0 5338 5344 9562 16386 16440 16450 16455 23193 24834 24894 24898 24899 24900 24901 24902 24903 52346
1164 2 2 6276 11425 11434 11453 11502 18558 18559 18560 18561 18562 18563 18564 18565 18566 18567
1165 4 4 7429 20206 29508 29525 29540 29542 29543 29544 29545
1166 2 2 10710 10715 10969 10973 10974 10975 10976 10977 10978 10979 10980 10981 10982
1167 2 2 26951 26972 26990 29702 34649 34672 34690 34727 34728 34729 34730 34731 34732 34733
1168 2 2 5695 5696 5697 5698 5699 5700 5701 5702 5703 5704 5705 5706 5707 5708 5709 5710 5711 5712 5713 5714
1169 0 0 1685 1692 1699 1707 1717 4194 4195 4196 4197 4198 4199 52347
1170 2 2 13091 20058 20067 20083 21042 21062 21075 21083 21084 21085 21086 21087 21088 21089 21090 21091 21092 21093
1171 0 0 31401 39735 40051 40057 40094 41409 46682 46691 46701 46702 52348
1172 0 0 32649 32652 32653 32654 32655 32656 32657 32658
1173 0 0 32267 32277 40631 40652 40664 40670 40671 52349
1174 2 2 4029 5295 5586 9055 9145 9909 10364 22254 22258 22270 22271 22272 22273 22274 22275
1175 4 4 8534 8539 14583 14589 14590 14591 14592 14593 14594 14595 14596 14597
1176 0 0 21599 27918 27930 29642 29646 29650 29651 29652 29653 29654 29655 29656
1177 0 0 25365 25414 25420 25421 25422 25423 25424 25425 25426 52350
1178 0 0 13894 21852 21875 21881 21887 21888 21889 21890 21891
1179 0 0 24320 24322 33346 33351 33352 33353 33354 33355 33356 33357
1180 0 0 8165 14090 14159 30717 36399 36410 36414 36415 36416 36417 36418 36419 36420 36421 52351 52352
1181 0 0 537 547 556 578 582 1662 1761 4081 4086 4087 4088 4089 4090
1182 3 3 10645 10655 10996 14727 17640 22913 22924 31551 31559 31564 31569 31570 31571 31572 31573
1183 0 0 33495 33496 33497 33498 33499 33500 33501 33502 33503 33504 33505
1184 0 0 12314 12937 12942 12943 12944 12945 12946 52353
1185 2 2 18211 18217 18223 25989 26587 26600 26621 26631 26653 26662 26681 26691 26956 27039 27054 27055 27056 27057 27058 27059
1186 0 0 1866 1895 1899 1906 1907 1908 1909 1910 1911 1912 1913 52354
1187 3 3 2688 6619 7341 10529 14939 14960 14987 14992 14993 14994 14995 14996 14997 14998
1188 0 0 40620 40621 40622 40623 40624 40625 40626 40627 40628 40629 40630 40631 40632 40633 52355
1189 0 0 9581 9590 9597 9603 9927 9946 9950 9959 17518 17524 17525 17526 17527 17528 17529
1190 1 1 5864 8693 14928 14947 14957 14984 19432 19472 19522 19534 19565 19569 20424 20445 26171 26178 26189 26190 26191 26192 26193
1191 0 0 6015 6019 6020 6021 6022 6023 6024 6025 6026 6027 6028 6029 6030 52356
1192 0 0 918 926 2879 3693 3721 5683 5686 5737 5771 5985 6133 10811 10818 10819 10820 10821 52357
1193 3 3 31936 34010 40548 40561 40567 40574 40575 40576 40577 40578
1194 0 0 17962 17970 35034 36044 36060 36066 36067 36068 52358
1195 0 0 8328 8329 8330 8331 8332 8333 8334 8335 8336 8337 8338 8339 8340 52359
1196 2 2 338 346 357 1192 1344 3504 3600 3601 3602 3603 3604 3605 3606 3607 3608 3609 3610 3611 3612
1197 2 2 34345 34359 36273 37133 37158 41711 41752 42681 45101 45133 45152 45158 48338 49224 49237 49241 49242 49243 49244 49245
1198 0 0 40699 44740 44741 44742 44743 44744 44745 44746
1199 3 3 24496 33674 33687 35807 35828 35854 40230 40231 40232 40233 40234 40235 40236 40237 40238
1200 0 0 4084 4092 7908 7911 9181 13972 30585 30600 30608 30615 30616 30617 30618 52360
1201 0 0 3213 11531 11539 11637 11654 11674 11680 11688 11788 11794 11795 11796 11797 52361
1202 0 0 5450 5455 5456 5457 5458 52362 52363
1203 0 0 23978 27185 27194 32494 41458 44240 44244 44255 44256 44257 52364
1204 4 4 3009 3025 5127 5368 9536 9539 9540 9541 9542 9543 9544 9545
1205 3 3 1857 1858 1859 1860 1861 1862 1863 1864 1865 1866 1867 1868 1869 1870 1871 1872 1873 1874
1206 2 2 20296 22591 22673 23557 23570 28417 28422 28431 32050 32063 32079 32082 37211 37219 37220 37221 37222 37223 37224 37225
1207 0 0 9432 14465 14466 14467 14468 14469 14470 14471 52365
1208 2 2 33634 33641 33644 33648 33653 37796 42071 42078 42082 42122 47822 47841 47842 47843 47844 47845 47846
1209 0 0 744 748 749 750 751 752 753 754 755 756 757 758 52366
1210 0 0 38201 38217 44520 44573 44575 47658 51269 51276 51279 51280 51281 51282 51283
1211 0 0 6004 7521 7536 7550 7562 10813 10822 10823 10824 10825 10826 10827 10828 52367
1212 0 0 14149 30729 30772 30799 30817 30819 30824 30825 30826 30827 30828 52368
1213 3 3 11098 11104 11116 17858 17862 17864 17887 17902 17929 25245 26500 26509 26513 26521 26526 26527
1214 0 0 12297 19846 19899 19905 19911 19912 19913 19914 19915 19916 19917 19918 52369
1215 2 2 9426 14465 14486 14495 14502 15522 22353 22369 22396 22397 22398 22399 22400 22401 22402 22403 22404
1216 0 0 2898 2908 3818 7515 7527 7545 7546 7547 7548 7549
1217 0 0 10059 15036 15048 15054 15071 15079 15099 15104 15105 15106 15107
1218 4 4 19154 27501 27521 27535 28660 28661 28662 28663 28664 28665
1219 0 0 11830 24020 29347 29361 29371 29387 29394 29396 29402 29409 29579 29597 32916 38240 38253 38255 38256 38257 38258 38259 38260 52370
1220 0 0 388 6330 6342 7146 7176 7178 7179 7180 7181 7182 7183 52371
1221 3 3 9732 12904 12913 15865 15882 15883 15884 15885 15886 15887 15888 15889 15890 15891 15892 15893 15894
1222 3 3 27558 30797 37556 45557 45610 45632 45644 45655 45656 45657 45658 45659
1223 4 4 37029 42510 47178 51066 51080 51120 51135 51137 51139 51141 51142 51143 51144 51145
1224 4 4 46054 50359 50373 50384 50390 50392 50393 50394 50395 50396 50397 50398 50399
1225 0 0 11608 11621 22041 22063 22067 22088 22089 52372 52373
1226 4 4 4611 4678 4705 8717 8723 8724 8725 8726 8727 8728
1227 2 2 14066 21989 30857 30864 30926 30935 30941 39310 39328 43983 43998 46319 47988 48016 48030 48036 48043 48048 50598 50620 50637 50638 50639 50640
1228 0 0 30048 30049 30050 30051 30052 30053 30054 30055 30056 30057
1229 2 2 8343 8523 17636 20972 23707 27877 35934 35947 35956 35961 35962 35963 35964 35965
1230 0 0 7743 7751 7778 7790 7793 7794 7795 7796 52374
1231 0 0 14542 22446 27868 40177 40199 40208 40214 40215 40216 40217 40218
1232 0 0 652 663 664 665 52375 52376
1233 2 2 8080 12983 12999 15831 15843 21796 24290 29083 30418 30442 33278 37913 38662 38685 38691 38704 51019 51034 51053 51056 51057 51058
1234 0 0 1498 1510 3905 3906 3907 3908 3909 3910 3911 3912 3913 3914 52377
1235 4 4 19710 20613 20759 23680 23688 23738 23745 23746 23747 23748 23749 23750 23751
1236 0 0 12181 14778 14880 14890 17205 17259 17260 17261 17262 17263 17264 17265
1237 4 4 46795 46803 46816 46827 46834 46836 50828 50841 50845 50849 50863 50865 50866
1238 4 4 46064 46072 46520 46564 50439 50449 50450 50451 50452 50453 50454 50455 50456 50457 50458
1239 2 2 31939 33959 33994 34002 34014 40554 40575 40580 40591 40603 40608 40609 40610 40611 40612 40613
1240 3 3 25665 33916 35261 35310 35319 35325 42426 42427 42428 42429 42430 42431 42432 42433
1241 2 2 27141 36281 36295 40970 42682 42691 42697 42707 42708 42709 42710 42711 42712 42713 42714 42715
1242 0 0 25903 33502 33534 33539 33540 33541 33542 33543 33544 33545 33546 33547 33548
1243 0 0 331 1117 1127 3572 3590 3593 3594 3595 3596 3597 3598 3599 52378
1244 2 2 24358 24366 24377 24399 24413 33605 36306 36324 36338 36341 36342 36343 36344 36345 36346 36347 36348 36349 36350
1245 0 0 20771 28770 28777 31658 37652 37664 37691 37695 37696 37697 37698
1246 2 2 15308 18949 20319 21747 23464 23472 23486 31933 31997 33940 33953 33982 33993 33997 33998 33999 34000 34001 34002 34003
1247 2 2 20508 20535 20543 20544 20545 20546 20547 20548 20549 20550 20551 20552 20553 20554 20555
1248 2 2 37033 37061 40558 40588 40595 40612 40614 40619 45016 45058 48242 48245 48246 48247 48248 48249 48250 48251
1249 0 0 321 395 422 429 430 431 432 433 434 435 436 52379
1250 0 0 31071 35122 35129 35139 35150 43461 43462 43463 43464 43465 43466 43467 43468 43469 43470 52380
1251 3 3 28648 33465 33477 36373 38330 38349 38351 38359 38416 41822 41839 41865 41866 41867 41868 41869
1252 0 0 9675 9688 9711 11823 11824 11825 11826 11827 11828 11829 11830 52381
1253 4 4 3170 3566 6291 6292 6293 6294 6295 6296 6297 6298 6299
1254 0 0 4183 4193 6470 6471 6472 6473 6474 6475
1255 0 0 41083 48450 48466 48475 48482 48509 49038 51443 51450 51474 51478 51479 51482 51484
1256 0 0 3957 4302 5106 5107 5108 5109 5110 5111 52382
1257 0 0 17997 18007 18013 18017 18021 26420 35027 36039 36046 36054 36061 36062 36063
1258 4 4 1007 2636 2698 2707 2725 2734 3074 10454 10458 10525 10539 10540 10541
1259 0 0 3146 3147 3148 3149 3150 3151 3152 3153 3154 3155 52383
1260 1 1 11419 11427 11436 11501 11560 11583 11596 13061 16021 18563 21000 21050 21077 24357 24359 24360 24361 24362 24363 24364 24365 24366
1261 0 0 7923 7928 13966 13977 13992 13993 13994 13995 13996 13997 13998
1262 0 0 43509 43518 43552 43579 43582 43590 48447 48459 48511 49008 49014 49036 49047 49055 49066 49071 49072 49073 49074
1263 0 0 31632 31638 36082 44153 47909 49234 49248 49264 49340 49355 49361 49365 49366
1264 0 0 20 1106 3418 3424 3425 3426 3427 3428 3429 3430 52384 52385
1265 2 2 14659 17692 19425 19436 19613 20812 22556 22566 22571 23506 23510 26156 26203 32022 32073 33636 33645 33649 33650 33651 33652 33653
1266 3 3 38093 38105 38113 38119 46509 46523 46533 50440 50452 50459 50460 50461 50462 50463 50464 50465 50466
1267 2 2 9449 9457 9461 9465 9474 9487 23764 23774 23775 23776 23777 23778 23779 23780 23781 23782
1268 0 0 1000 2637 2726 10455 10527 10538 10540 52386
1269 0 0 12423 12441 27960 27973 28010 28011 28012 28013 28014 28015 52387
1270 2 2 28026 28032 28038 28044 28049 28056 28061 28066 28070 28087 28090 28095 28098 28099 28100 28101 28102 28103 28104
1271 3 3 5183 12809 12813 15768 20326 23427 24055 24069 24073 24074 24075 24076 24077 24078 24079 24080
1272 0 0 8494 8500 8501 8502 8503 8504 8505 8506 8507 8508 52388
1273 1 1 37132 37148 37160 37170 37176 37185 40585 40598 45017 45025 45034 45048 48324 49770 49778 49787 49815 49829 49832 49833
1274 0 0 37626 39359 45829 45837 45838 45839 45840 45841 45842 45843 45844 45845 45846 45847 45848
1275 2 2 8015 9189 18919 18936 18977 18990 21848 31191 33804 33813 33932 33988 34005 48162 48176 48182 48183 48184 48185 48186
1276 2 2 27417 27426 33825 33841 33847 33866 33867 33868 33869 33870 33871 33872 33873 33874 33875
1277 0 0 19830 19867 19974 19985 19992 19993 19994 19995 19996
1278 3 3 23669 23670 23671 23672 23673 23674 23675 23676 23677 23678 23679 23680 23681 23682 23683 23684
1279 0 0 20966 20971 31660 31681 31685 31712 31713 31714 31715 31716 31717 31718 31719
1280 0 0 51857 51858 51859 51860 51861 51862 51863 51864 51865 51866 51867 51868
1281 2 2 27636 27639 27640 27641 27642 27643 27644 27645 27646 27647 27648 27649 27650 27651 27652 27653 27654
1282 0 0 19822 19833 19878 19920 19949 20004 20586 20587 20588 20589 20590 20591 20592 20593
1283 0 0 74 307 314 319 320 52389 52390
1284 2 2 835 1446 1831 1845 3855 4244 4986 5004 5015 5153 5161 5162 5163 5164 5165 5166 5167
1285 0 0 1356 7415 13138 13149 29448 29466 29467 29468 29469 29470 29471 52391
1286 0 0 27308 32477 44670 44681 44683 44684 44685 44686 44687 44688 44689 44690 52392
1287 0 0 9236 12782 12808 12817 13651 21760 21767 23413 23421 23422 23423 23424
1288 0 0 35691 35702 43467 43473 43729 43737 43755 43758 43759 43760 43761 43762 52393 52394
1289 0 0 14184 22101 22114 25472 25545 31039 31051 31052 31053 31054 31055 31056 31057 52395
1290 0 0 1534 1927 1944 1948 1949 1950 1951 1952 1953 1954 52396 52397
1291 0 0 48594 48595 48596 48597 48598 48599 48600 48601 48602
1292 2 2 20330 24078 24132 24215 32893 32905 32954 32968 32978 33245 33255 41647 41648 41649 41650 41651 41652 41653 41654 41655
1293 3 3 39659 39823 39836 39847 39864 39890 42363 44034 44035 44036 44037 44038 44039 44040
1294 3 3 39221 46130 46190 46196 46281 48023 48637 48671 48672 48687 48691
1295 4 4 9419 13758 23610 29075 29089 29090 29091 29092 29093 29094 29095 29096 29097 29098
1296 2 2 8510 10138 22487 33771 33793 38882 38916 38934 38936 38937 38938 38939 38940 38941 38942
1297 2 2 28713 36099 36110 36169 36552 42663 48296 48301 48330 49728 49743 50103 50111 50145 50156
1298 3 3 9926 9939 9940 9941 9942 9943 9944 9945 9946 9947 9948
1299 3 3 33495 33511 33533 33539 36384 37464 41892 41905 41910 41911 41912 41913 41914 41915
1300 3 3 16582 18294 18296 18297 18298 18299 18300 18301 18302 18303 18304 18305 18306
1301 0 0 22293 22305 22313 22325 22332 22350 22371 22377 22381 22382 22383 22384 22385 22386 22387
1302 4 4 45029 45032 45068 45069 45070 45071 45072 45073 45074 45075 45076 45077 45078
1303 0 0 26 113 530 4076 4078 4079 4080 4081 4082 4083 4084 4085
1304 3 3 13764 13783 13798 13811 15809 15816 15895 15909 15910 15911 15912 15913 15914 15915 15916 15917
1305 0 0 11347 16710 16717 16718 16719 16720 16721 16722 52398
1306 4 4 22888 22915 22922 22925 31561 31564 31565 31566 31567 31568
1307 2 2 12116 19276 19282 19294 19725 19736 19752 22691 22708 22710 22711 22712 22713 22714 22715
1308 1 1 9252 9388 15361 23435 23475 31899 31914 31928 33909 40416 40421 40422 40423 40424 40425 40426 40427 40428 40429 40430 40431
1309 0 0 31229 31230 31231 31232 31233 31234 31235 31236 31237 31238 31239 31240 31241 31242
1310 3 3 43186 43187 43188 43189 43190 43191 43192 43193 43194 43195 43196 43197 43198
1311 3 3 7382 12969 12970 12971 12972 12973 12974 12975 12976 12977 12978 12979
1312 0 0 11258 11349 18051 18061 18066 18092 18093 18094 18095 52399
1313 4 4 44754 44762 48281 48304 48337 49680 49681 49682 49683 49684 49685
1314 0 0 22210 22233 23045 23075 23091 23097 23101 23102 23103 23104 23105 23106 52400
1315 2 2 5134 5311 5318 9023 9985 23220 23241 23813 23821 23822 23823 23824 23825 23826 23827 23828 23829
1316 0 0 17166 17167 17168 17169 17170 17171 17172 17173 17174 17175
1317 0 0 474 906 934 954 3357 3678 3697 3704 3712 3722 3733 3734 3735 3736 3737 3738 3739 52401
1318 0 0 32171 32187 45961 45983 45989 45999 46002 46003 46004 46005 52402
1319 1 1 2888 2918 6042 7487 10895 10897 10898 10899 10900 10901 10902 10903 10904 10905 10906 10907 10908 10909 10910 10911 10912 10913
1320 2 2 37202 38422 38617 41543 41557 41562 41706 41721 41722 41723 41724 41725 41726 41727 41728 41729
1321 2 2 15401 20779 20838 20855 28860 28882 28987 31653 31663 33071 33080 33103 33131 33136 33137 33138 33139 33140 33141 33142 33143 33144
1322 0 0 646 662 669 711 1975 1987 2001 2463 2501 2502 2503 52403
1323 0 0 16349 16366 23118 23200 23234 23239 23834 24713 24726 24727 24728 24729 24730 24731 24732
1324 2 2 32760 41496 41508 43344 43359 43455 44290 44300 44811 47527 47537 47545 47547 47548 47549 47550 47551 47552
1325 4 4 32803 32804 32805 32806 32807 32808 32809 32810 32811 32812 32813 32814 32815 32816 32817
1326 3 3 2263 9660 9683 9690 9699 12885 12887 12888 12889 12890 12891 12892 12893 12894
1327 0 0 8134 8143 8150 8157 8162 9522 13022 21778 30396 30415 30426 30431 30447 30448
1328 2 2 27225 34630 34660 34666 34687 34696 34710 34775 34790 34796 34805 35612 42192 42198 42207 42211 42215 42219 42220
1329 3 3 25835 25913 25927 25937 25941 25943 25944 25945 25946 25947 25948 25949
1330 0 0 39229 39230 39231 39232 39233 39234 39235 39236 39237
1331 3 3 35791 35792 35793 35794 35795 35796 35797 35798 35799 35800 35801 35802 35803 35804 35805 35806 35807 35808
1332 0 0 1587 1618 1666 1683 1690 1695 1701 1726 1735 1755 1758 52404
1333 3 3 32636 41041 41125 41375 42445 42446 42447 42448 42449 42450 42451 42452 42453 42454 42455 42456
1334 3 3 30722 30903 30910 39025 39067 39079 39150 39152 39153 39154 39155 39156 39157 39158 39159 39160
1335 3 3 18257 18295 18302 18307 18308 18309 18310 18311 18312 18313 18314 18315 18316
1336 2 2 15041 22972 23895 25508 31451 31471 31742 35205 35222 40736 40755 40762 40763 40764 40765 40766 40767 40768 40769
1337 3 3 50302 50303 50304 50305 50306 50307 50308 50309 50310 50311 50312 50313 50314 50315 50316
1338 0 0 16559 16677 16690 16702 16737 17892 18107 25434 25442 25447 25448 25449 52405
1339 3 3 16591 25311 25336 25348 25381 25413 32584 32597 34578 34585 34600 34606 34611 34612 34613 34614
1340 0 0 19700 22683 22746 26281 26285 26289 27822 35881 35897 35908 35909 35910
1341 0 0 10294 10295 10296 10297 10298 10299 10300 10301 10302 10303 10304
1342 2 2 26160 33638 33651 33693 37793 37841 42074 42083 42123 47828 47841 47854 47863 47864 47879 47880 47881 47882
1343 3 3 34322 34354 37147 37155 42675 42683 45132 45150 45151 45152 45153 45154 45155 45156
1344 0 0 1119 1121 1122 1123 1124 1125 1126 1127 1128
1345 2 2 24342 29956 33454 41957 42022 42044 44421 46028 47683 47722 50310 50324 50334 50344 50357 50359 50360 50361 50362 50363 50364 50365 50366 50367 50368
1346 0 0 7601 7602 7603 7604 7605 7606 7607 7608 7609 7610 7611 7612
1347 0 0 44242 44254 44257 44267 44281 44364 49417 49429 49432 49434 49435 49449 49450 49451 49452
1348 0 0 5337 10105 10128 11134 16190 16194 16195 16196 16197 16198 16199 16200 16201 16202 16203 16204 16205 52406
1349 0 0 17531 35727 35732 35737 35740 35741 35742 52407 52408
1350 2 2 13503 13512 17345 18206 25716 25970 26542 26591 26625 26688 27102 29825 29849 29852 29854 29855 29856 29857
1351 3 3 11860 14685 14799 14819 19271 19280 19288 22693 22701 22739 22743 22754 22760 22763 22764 22765 22766 22767 22768
1352 2 2 6220 11089 11114 11273 11294 11316 18096 26452 26463 26476 26478 26508 26516 26531 26535 26536 26537 26538 26539 26540 26541
1353 2 2 7984 8009 9186 13899 18928 18976 18977 18978 18979 18980 18981 18982 18983 18984 18985 18986 18987
1354 0 0 46700 47482 47493 47497 47500 47501 52409
1355 3 3 43806 43819 43839 43867 46236 48951 49142 49143 49144 49145 49146 49147
1356 0 0 2201 2211 4222 9270 9302 9315 9336 9337 9338
1357 2 2 14668 23549 23566 28788 28800 29144 29166 29170 29192 32011 32034 32035 32036 32037 32038 32039 32040 32041 32042 32043 32044 32045 32046
1358 0 0 26041 27016 27031 27034 34669 34701 34713 34714 34715 34716 52410
1359 0 0 44911 44912 44913 44914 44915 44916 44917 44918 44919 44920 52411
1360 0 0 7410 20152 20165 20181 20193 20194 20195 20196 20197 20198 20199 20200
1361 0 0 18028 18035 18040 18045 26422 26435 26436 26437 26438 26439 26440
1362 0 0 5341 5346 9556 9568 16427 16436 16437 16438 16439 16440 16441 16442 16443 16444 52412
1363 0 0 4984 5016 5152 5153 5154 5155 5156 5157 5158 5159 5160
1364 2 2 7238 7239 7240 7241 7242 7243 7244 7245 7246 7247 7248 7249 7250 7251 7252 7253 7254 7255 7256
1365 2 2 16404 16657 17955 34491 36644 42581 42591 42599 42608 42719 42720 42721 42722 42723 42724 42725 42726 42727 42728
1366 2 2 19726 19729 19737 19745 19753 22690 22711 22732 27784 27785 27786 27787 27788 27789 27790 27791
1367 2 2 27646 31298 31318 36789 38761 38800 38816 39624 39640 39645 39649 39650 39651 39652 39653 39654
1368 1 1 13169 13176 13179 13187 13193 13559 20117 20132 20133 20134 20135 20136 20137 20138 20139 20140 20141 20142 20143 20144 20145
1369 3 3 27039 27040 27041 27042 27043 27044 27045 27046 27047 27048 27049 27050 27051 27052 27053
1370 3 3 6397 6404 6411 6416 6421 11381 11388 18458 18477 18478 18479 18480 18481 18482 18483 18484
1371 0 0 16062 24252 24527 38615 49279 49283 49320 49324 49325
1372 0 0 7655 7663 7667 7682 9200 9206 15304 15314 15315 15316 15317 15318
1373 0 0 27398 31158 31283 31381 31383 31426 33831 33871 33883 33894 33896 39674 39688 39707 40080 41441 50920 50936 50939 50944 50945 50946 52413
1374 3 3 943 2644 2667 2674 5782 5796 5797 5798 5799 5800 5801 5802 5803 5804
1375 3 3 20542 20834 24255 28729 30009 33688 37631 37632 37633 37634 37635 37636 37637 37638
1376 0 0 119 613 614 615 616 617 618 619 620 621 622 623 624 625 626 627 52414
1377 0 0 21858 30487 30592 30612 30622 30623 30624 30625 30626
1378 2 2 10972 10982 17574 22559 22581 26172 26183 26221 26225 26240 31599 31605 31612 31613 31614 31615 31616 31617 31618 31619 31620 31621
1379 3 3 43392 46131 46146 46147 46148 46149 46150 46151 46152 46153 46154 46155 46156
1380 0 0 2834 10808 17300 26340 26384 26387 26394 26395 26396
1381 2 2 26599 26939 26957 27011 27019 27051 27056 27069 27089 27097 34681 34722 34746 34751 34755 34756 34757 34758 34759
1382 3 3 8704 8739 8999 9012 9105 10023 10054 10069 10077 10085 10086 10087 10088 10089
1383 0 0 25550 31083 31099 31105 31134 35123 42910 42920 42921 42922 42923 42924 42925 52415
1384 0 0 24688 34142 34147 34177 34182 34193 34210 34223 34237 34240 34241 34242 34243 34244
1385 2 2 33205 37096 37107 37204 37371 37378 41698 42165 45089 45114 45119 46934 46941 50972 50986 50994 50999 51002 51003 51004
1386 0 0 27660 27667 27673 27683 27686 27690 27696 27697 27703 27720 27721 52416
1387 0 0 3971 3981 4940 7648 7656 7657 7658 7659 7660 7661 7662 7663
1388 2 2 823 846 1417 1423 1433 1434 1435 1436 1437 1438 1439 1440 1441 1442 1443 1444 1445 1446 1447 1448
1389 0 0 5333 10095 10096 10097 10098 10099 52417
1390 4 4 39931 42359 46224 46815 46829 48073 48083 48084 48085 48086 48087 48088
1391 0 0 20359 30965 31013 32371 32458 37471 37477 37478 37479 37480 37481 37482 37483 37484
1392 0 0 19009 27489 27514 29345 37554 46466 46508 46532 46538 46539 52418
1393 3 3 8280 10046 14427 15016 25585 25591 35183 35191 35198 35200 35234
1394 0 0 50158 50159 50160 50161 50162 50163 50164 50165 50166 50167 50168 50169
1395 2 2 4512 8514 22328 22339 22488 31475 33770 33786 38938 40105 40116 40130 40151 40156 40161 40164 40165 40166 40167 40168 40169
1396 3 3 10167 16768 16769 17875 17896 17903 17904 17905 17906 17907 17908 17909 17910 17911 17912 17913 17914 17915
1397 3 3 34417 36167 45801 49724 49750 50129 50142 50150 50157 50210 50219 50229 50244 50247 50253 50254
1398 2 2 20511 20521 20527 20530 20553 20558 21484 26695 26728 28732 28741 28751 28762 28763 28764 28765 28766
1399 0 0 31416 39943 40035 41257 43803 43827 43841 43860 43871 46250 46758 46764 46769 46770 46771 46772 46773 46774 46775 52419
1400 3 3 803 844 854 1442 1566 1590 1591 1592 1593 1594 1595 1596
1401 0 0 13890 18882 27391 27393 27414 27421 33835 33869 33878 33893 33895 33896 52420
1402 0 0 51797 51798 51799 51800 51801 51802 51803 51804 51805
1403 0 0 41259 43829 43838 43865 43870 46765 46771 47484 47496 47501 47506 47508 47509 47510 47511 47512 52421
1404 0 0 32490 36460 36465 36466 36467 36468 36469 36470 36471 52422
1405 4 4 33675 33694 35808 35827 40231 40239 47832 47872 47882 47886 47899 47902 47903
1406 0 0 26058 32484 35534 35577 35594 35602 35605 35606 35607 35608 35609 52423
1407 3 3 19826 19856 19862 19863 19864 19865 19866 19867 19868 19869 19870 19871
1408 0 0 21144 29216 29423 29431 29441 37959 37999 38043 38129 38135 38152 38157 38158 38159 38160
1409 4 4 4382 4390 4398 4404 4534 8380 8387 8399 8440 22451 22462 22465 22466 22467 22468 22469 22470 22471
1410 2 2 10132 10197 11137 16198 16207 16221 16222 16223 16224 16225 16226 16227 16228 16229 16230 16231 16232 16233 16234 16235
1411 0 0 4772 4777 4785 4792 8796 9155 10268 10274 10278 10279 10280 10281 10282 52424 52425
1412 2 2 41202 41463 44253 44368 47562 47582 48878 48886 48917 48922 48930 48931 48932 48933
1413 2 2 3067 6152 11199 11200 11201 11202 11203 11204 11205 11206 11207 11208 11209
1414 0 0 1036 1045 1047 1051 3084 3105 3112 3113 3114 3115 3116 3117 3118 52426 52427
1415 0 0 40055 41106 41244 41247 43932 43941 43968 46684 46689 46693 46694 46695 46696 52428
1416 0 0 32173 32181 32186 37907 37935 40642 40649 45959 45979 45985 45999 46000 52429
1417 0 0 30993 31010 31021 32368 32396 32456 32463 32464 32465 32466 32467 32468
1418 2 2 37066 37109 37119 45021 45027 45045 45071 45090 45107 45119 45120 45121 45122 45123 45124 45125 45126 45127
1419 0 0 39301 39976 39982 39983 39984 39985 39986 39987 39988 39989
1420 4 4 33937 33973 33991 34006 42385 48160 48177 48182 48210 48217 51828 51831 51840 51843 51853
1421 4 4 32508 32512 32525 40854 40890 40903 40912 40913 40914 40915
1422 4 4 16749 16757 25358 25370 25371 25372 25373 25374 25375 25376 25377 25378 25379 25380 25381
1423 0 0 7996 8020 8034 14046 14047 14048 14049 14050 14051 14052
1424 3 3 24684 24692 24705 24859 24862 25151 34495 34496 34497 34498 34499 34500 34501 34502
1425 3 3 34503 34504 34505 34506 34507 34508 34509 34510
1426 4 4 46479 46502 50754 51936 51967 51968 51973 51974
1427 2 2 7678 7683 13865 15310 15314 15319 15320 15321 15322 15323 15324 15325 15326
1428 3 3 32413 32443 33323 33331 44644 44660 44703 46372 49608 49624 49650 49660 49663 49666 49668 49672 49673
1429 2 2 15124 15125 15126 15127 15128 15129 15130 15131 15132 15133 15134 15135 15136 15137 15138
1430 4 4 16668 18274 18285 18324 18440 23946 23950 23951 23952 23953 23954 23955
1431 2 2 39934 41344 41400 46216 46234 46243 46257 46780 46790 46797 46804 46805 46806 46807 46808 46809 46810 46811 46812 46813 46814 46815 46816
1432 3 3 31006 32378 42057 45584 45689 45729 46365 47781 47810 49989 50010 50013 50014 50015 50016 50017 50018
1433 0 0 600 603 1894 1897 1898 1899 1900 1901 1902 1903 1904 1905 52430 52431
1434 0 0 6361 6422 6430 6431 6432 6433 6434 6435 6436 6437 52432 52433
1435 4 4 7039 7053 7065 7066 7067 7068 7069 7070 7071 7072 7073
1436 3 3 34473 36569 41169 41183 44771 44792 47402 47411 47583 51156 51169 51170 51171 51172 51173 51174
1437 0 0 17512 23890 31454 31464 31465 31466 31467 31468 31469 31470 31471 31472
1438 2 2 19273 19281 19285 19290 19295 22689 22699 22700 22701 22702 22703 22704 22705 22706 22707 22708 22709
1439 0 0 26217 26223 31596 31604 31605 31606 31607 31608 31609 31610 31611
1440 4 4 3212 11520 11532 11537 11624 11637 11638 11639 11640 11641 11642 11643 11644 11645
1441 0 0 50869 50870 50871 50872 50873 50874 50875 50876 50877 50878 50879 50880 50881
1442 0 0 6429 11399 11511 11516 11550 11554 33579 36302 36314 36320 36327 36328 36329 36330 36331 36332 36333 36334 36335 36336 52434
1443 3 3 20544 33658 33662 33666 33667 33668 33669 33670 33671 33672
1444 0 0 7188 11480 13118 13127 13142 21178 21179 21180 21181 21182 21183 21184 21185 21186
1445 0 0 1028 15641 15642 15643 15644 15645 15646 15647 15648 15649 15650
1446 1 1 2391 5309 9972 9984 9987 10153 23126 23209 23219 23229 23240 23241 23242 23243 23244 23245 23246 23247 23248 23249 23250 23251
1447 3 3 5819 5824 5829 5837 5845 5850 6116 6129 10551 10565 10566 10567 10568 10569 10570 10571
1448 3 3 23151 23257 23862 28437 28438 28439 28440 28441 28442 28443 28444 28445
1449 0 0 27214 32515 32528 32612 32613 32614 32615 32616 32617 32618 32619 32620
1450 0 0 27 107 108 109 110 111 112 113 114 115
1451 1 1 9531 9544 15633 15671 16492 23165 23217 31747 31751 31773 31795 31812 33777 33788 33795 38915 38936 42309 42332 42335 42336 42337 42338
1452 2 2 32662 34959 34988 41230 41265 41281 41309 43887 43908 43925 43954 43956 43960 43961 43962 43963 43964 43965
1453 0 0 16532 25032 25043 25044 25045 25046 25047 25048 25049 25050 25051
1454 0 0 1621 1644 1657 1670 1723 1743 1746 1751 1756 1757
1455 0 0 3740 3767 3776 3799 5595 5607 5621 5623 5624 5625 5626 5627 5628 5629 5630 5631 52435
1456 2 2 17546 17556 22663 22676 23568 28912 31699 31702 33201 37210 37220 37295 37311 37318 37342 37346 37862 37886 37894 37919 37927 37928 37938 37939 37940 37941 37942 37943
1457 0 0 39618 39639 39643 39791 39802 39915 39920 39921 39922 39923 39924 39925
1458 2 2 41256 43807 43817 43823 46230 46242 46772 46776 46777 46778 46779 46780 46781 46782 46783 46784 46785 46786 46787 46788
1459 0 0 15694 21531 23997 24000 24001 24002 24003 24004 24005 24006 24007 24008
1460 2 2 10172 10209 16080 16772 17826 17918 18331 18406 26833 26868 26871 26878 26900 26901 26902 26903 26904 26905 26906 26907 26908
1461 2 2 21582 28743 29788 29824 29837 29862 29867 33450 35867 38565 38574 44055 44068 44073 44076 44083 44084 44085
1462 4 4 23675 23704 23717 23758 29176 29185 29197 32189 37673 37682 37703 37704 37705 37706
1463 0 0 519 1580 1720 1732 1733 1740 1741 1742 1743
1464 3 3 6076 6216 9612 10777 10788 10792 10793 10794 10795 10796 10797 10798 10799 10800
1465 3 3 27127 32698 36105 36115 36127 36135 36153 36512 41468 41478 41484 41488 46456 48734 50258 50276 50279 50282 50283
1466 3 3 41159 41318 41319 41320 41321 41322 41323 41324 41325 41326 41327 41328 41329 41330
1467 0 0 1982 4593 4626 4645 4660 4670 4671 52436
1468 3 3 14190 14204 37485 37486 37487 37488 37489 37490 37491 37492 37493 37494 37495 37496 37497
1469 0 0 8330 8341 8342 8343 8344 8345 8346 8347 8348 8349 8350 8351 52437
1470 0 0 905 10231 10240 16879 17960 17961 17962 17963 17964 17965 17966 17967
1471 3 3 38219 38285 38300 46061 46091 47652 47653 47654 47655 47656 47657 47658 47659 47660
1472 3 3 31926 31932 40423 40483 40539 47165 47172 47190 47191 47192 47193 47194
1473 1 1 14617 14626 23131 23156 23301 23851 23867 23868 23869 23870 23871 23872 23873 23874 23875 23876 23877 23878 23879 23880 23881 23882 23883 23884 23885 23886 23887 23888 23889
1474 0 0 8746 8747 8748 8749 8750 8751 8752
1475 3 3 27443 27447 27448 27449 27450 27451 27452 27453 27454 27455 27456 27457
1476 2 2 14825 14826 14827 14828 14829 14830 14831 14832 14833 14834 14835 14836 14837 14838 14839 14840 14841 14842
1477 2 2 12961 17542 29060 29066 31697 31707 31720 31731 31732 31733 31734 31735 31736 31737
1478 0 0 19823 19834 19952 19978 19984 19995 20005 20586 20598 20694 20708 20710 20711 20712 20713
1479 0 0 18354 18355 18356 18357 18358 18359 18360 18361 18362
1480 0 0 23561 32201 32210 32211 32212 32213 32214 32215
1481 4 4 15521 15540 15589 22421 22426 22443 23544 23644 23651 23654 23663 23664 23665 23666 23667 23668
1482 4 4 28785 29132 29140 29142 29143 29144 29145 29146 29147 29148 29149 29150 29151 29152 29153
1483 2 2 2521 4812 4813 4814 4815 4816 4817 4818 4819 4820 4821 4822 4823 4824 4825 4826 4827 4828 4829 4830 4831
1484 0 0 35782 36782 39760 39821 50498 50519 50533 50536 50539 52438 52439
1485 4 4 36797 36807 39419 39446 39447 39448 39449 39450 39451 39452 39453 39454 39455 39456 39457
1486 0 0 1851 4235 4243 4991 5002 5003 5004 5005 5006 5007 5008 5009 5010
1487 0 0 1027 1028 1029 1030 1031 1032 52440
1488 4 4 27631 27632 27633 27634 27635 27636 27637 27638
1489 3 3 27328 32704 36506 41473 41506 44765 44779 44784 44785 44786 44787 44788 44789 44790 44791
1490 3 3 20273 20314 33209 34355 36279 49221 49236 49245 49267 49289 49292 49293 49294 49295 49296 49297 49298 49299
1491 0 0 230 231 232 233 234 235 236 237 238 239 240 52441 52442
1492 0 0 29885 29890 35358 35384 43601 43611 43628 43636 43637 43638 43639
1493 2 2 12094 13042 19711 20756 23677 23687 23726 23731 23732 23733 23734 23735 23736 23737 23738 23739
1494 4 4 23186 23268 23284 23290 23291 23292 23293 23294 23295 23296 23297
1495 0 0 36757 36762 36767 36809 36830 38765 38775 39424 39454 39469 39627 39637 39797 44884 44892 44897 44898 44899 44900 52443
1496 0 0 21037 21038 21039 21040 21041 21042 21043 21044 21045 21046 21047
1497 3 3 19010 27445 27455 27491 27504 27509 27525 29373 37543 37547 37548 37549 37550 37551 37552 37553 37554 37555
1498 1 1 21606 29915 29974 30029 30088 30096 30109 33078 33100 33110 33119 33121 33122 33123 33124 33125 33126 33127 33128 33129 33130
1499 3 3 5637 5638 5639 5640 5641 5642 5643 5644 5645 5646 5647 5648
1500 0 0 21964 27566 27590 27591 27592 27593 27594 27595 27596 52444
1501 4 4 31163 31168 31278 39417 39436 39439 39440 39441 39442 39443 39444 39445
1502 3 3 31950 31982 31993 34012 37064 40552 40559 40578 40584 40594 40595 40596 40597
1503 0 0 5011 9281 9332 9340 15420 15438 15464 15484 15486 15487 15488 15489 15490 15491
1504 3 3 6624 6643 6704 6712 6719 6727 6728 6729 6730 6731 6732 6733 6734 6735
1505 0 0 16870 16876 16884 16889 26403 26404 26405 26406 26407 26408 26409 26410 26411 26412 26413 52445
1506 4 4 25635 25644 25652 25670 25674 25681 25687 25692 25697 25698 25699 25700 25701 25702 25703 25704
1507 0 0 22199 30762 30766 30778 30782 30783 30784 30785 30786 30787
1508 0 0 33737 33743 35537 35545 35552 35559 35617 35618 35619 35620
1509 3 3 4845 4854 4864 4879 7684 7697 7706 13743 13747 13816 13817 13818 13819 13820 13821 13822 13823
1510 2 2 6082 11103 11111 17766 17784 17789 17846 17857 17860 17879 17908 17923 17924 17925 17926 17927 17928 17929 17930
1511 0 0 2582 2599 2605 3679 3707 3711 3726 3733 3740 3741 3742 3743 3744 3745 3746 3747 3748 3749 3750 3751 52446
1512 3 3 32870 32957 33000 33018 33241 33246 33248 33249 33250 33251 33252 33253
1513 3 3 22669 22681 23563 31693 31709 32035 32047 37674 37863 37897 37925 37930 37942
1514 0 0 20220 20221 20222 20223 20224 20225 20226 20227 20228 20229
1515 0 0 1379 1398 2886 2895 2910 2913 2914 52447
1516 0 0 3493 3496 6901 6921 6925 6927 6938 6939 6940 6941 6942 6943 6944 6945
1517 0 0 14605 23885 25076 40689 40702 40706 40707 40708 40709 40710 40711
1518 0 0 23972 26007 27164 27186 27200 27204 27205 27206 27207 27208 27209 27210 27211 27212 52448
1519 0 0 5184 12805 13635 13644 13655 15767 15768 15769 15770 15771
1520 0 0 7052 36954 36955 52449 52450
1521 0 0 3868 3890 19054 19068 19078 19079 19080 19081 19082 19083 19084 19085
1522 0 0 10151 16153 16169 16171 16172 16173 16174 16175 16176 16177 16178
1523 0 0 46382 46395 48748 48758 48789 49678 50035 50041 50083 50087 50089 50091
1524 3 3 5145 16469 23305 23321 23332 23333 23334 23335 23336
1525 0 0 24837 24895 24900 34226 34234 34260 34280 34283 34285 34286 34287 34288 52451
1526 0 0 268 11931 11976 13293 17168 17179 17186 17187 17188 17189 17190 17191 17192
1527 0 0 886 887 888 889 890 891
1528 0 0 2140 2631 5966 5967 5968 5969 5970 5971 5972 5973 5974 52452
1529 1 1 26550 26557 26565 26569 26578 26628 26634 26644 26667 26680 26686 26703 26730 26731 26732 26733 26734 26735 26736 26737 26738
1530 3 3 6208 6218 6219 6220 6221 6222 6223 6224 6225
1531 0 0 25392 25411 34572 34587 34590 34591 34592 34593 52453
1532 0 0 10959 14171 14182 22092 22093 22094 22095 22096 22097 22098 22099 22100 52454
1533 0 0 12437 12448 12749 13243 13259 19763 19774 19775 19776 19777 19778 19779 19780
1534 4 4 26137 26143 35763 35772 35790 39769 49170 49186 49188 49189 49190 49191 49192 49193
1535 2 2 21634 29249 29607 29618 29619 29620 29621 29622 29623 29624 29625 29626 29627
1536 2 2 43338 43339 43340 43341 43342 43343 43344 43345 43346 43347 43348 43349 43350 43351 43352 43353 43354 43355 43356
1537 2 2 24600 24610 27336 27345 27351 27357 27431 33820 33837 33838 33839 33840 33841 33842 33843 33844 33845
1538 3 3 20846 20907 28885 33082 33117 33135 33159 33160 33161 33162 33163
1539 2 2 295 2095 3321 3452 4427 4456 4461 4472 6760 8450 8459 8467 8468 8475 8477 8478 8479 8480
1540 0 0 769 784 786 2233 2236 2237 2238 2239 2240 2241 2242
1541 4 4 3217 6456 6457 6458 6459 6460 6461 6462 6463 6464
1542 0 0 14069 31371 31372 31373 52455
1543 0 0 2531 5431 5443 6052 10103 10184 10185 10186 10187 10188 10189 10190 52456 52457
1544 2 2 15431 15874 20965 24146 24149 24203 24274 24281 28954 33037 33064 33065 33066 33067 33068 33069 33070 33071 33072
1545 2 2 29081 29088 29098 29106 29113 30326 30339 30410 30441 32100 32135 37849 37877 37881 37884 37885 37886 37887 37888 37889 37890 37891
1546 0 0 30937 30943 35711 35723 39300 39972 39987 43717 43996 46308 46318 46328 46330 46331 52458
1547 3 3 30018 30021 30022 30023 30024 30025 30026 30027 30028 30029 30030
1548 2 2 32966 32975 32980 32987 32992 33002 33005 33011 33019 33022 33028 33029 33218 33242 33244 33245 33246 33247
1549 0 0 15006 15024 15033 15057 17007 17029 17035 17036 17037 17038
1550 0 0 16406 17849 17856 25224 25244 25274 25278 25282 25283 25284 52459
1551 2 2 49595 49596 49597 49598 49599 49600 49601 49602 49603 49604 49605 49606 49607 49608 49609 49610 49611 49612
1552 3 3 42453 42461 45790 45818 49914 49943 49959 49962 50213 51328 51357 51377 51380 51381 51382 51383
1553 3 3 21535 21549 21556 21561 24004 28134 28224 28232 28233 28234 28235 28236 28237 28238
1554 4 4 23254 23864 28439 28451 32290 32296 32297 32298 32299 32300 32301 32302
1555 4 4 21992 21996 30856 30864 30865 30866 30867 30868 30869 30870 30871 30872 30873
1556 2 2 5430 5439 6056 10122 16585 16605 16606 16607 16608 16609 16610
1557 0 0 77 306 313 319 985 987 988 989 990 991 992 993 994 995 996 997 52460
1558 4 4 742 762 2214 2215 2216 2217 2218 2219 2220 2221 2222
1559 0 0 893 5453 10239 17966 17981 17983 17988 17989 17990
1560 3 3 47282 47283 47284 47285 47286 47287 47288 47289 47290 47291 47292
1561 4 4 12699 16046 17420 24421 24427 24445 24453 24459 24460 24461 24462
1562 0 0 16589 18299 25200 25232 25261 25268 25287 25291 25295 25301 25304 25308 25326 25351 34573 34589 34594 34595 34596 34597 52461
1563 0 0 3552 7202 7215 7453 7462 7463 7464 7465 7466 7467 52462
1564 0 0 36772 39753 39764 39792 39799 46742 50875 50893 50897 50900 50906 52463
1565 2 2 10222 14131 30714 30874 30888 30898 38990 39005 39017 39023 39024 39025 39026 39027
1566 2 2 12960 14573 20842 20856 28815 29059 31689 31696 31720 31721 31722 31723 31724 31725 31726 31727 31728 31729 31730
1567 0 0 12973 13333 13627 20697 20719 20874 20916 20936 20939 20943 20944 20945 20946 20947 20948
1568 0 0 26297 29114 35876 35902 35922 35924 35933 35943 35954 35958 35959 35960
1569 3 3 23482 23490 31925 31987 32000 33901 33980 47166 47183 47190 47195 47196
1570 1 1 1520 1529 3998 4097 4105 4174 5234 7816 7914 7915 7916 7917 7918 7919 7920 7921 7922 7923
1571 2 2 33435 33442 33483 33484 33485 33486 33487 33488 33489 33490 33491 33492 33493 33494
1572 0 0 25985 25990 25992 27043 27060 27065 27073 27074 27075 27076 52464
1573 2 2 31309 31329 39128 39288 46219 46264 46265 46266 46267 46268 46269 46270 46271 46272 46273 46274 46275 46276 46277 46278 46279 46280
1574 0 0 5355 9441 9450 9451 9452 9453 9454 9455 9456 9457 52465
1575 2 2 11198 11209 11220 11226 11229 11235 11240 11261 11265 11292 18213 18218 18219 18220 18221 18222 18223 18224 18225 18226 18227 18228 18229 18230
1576 0 0 2787 8643 8646 8647 8648 8649 8650 8651 8652 8653 8654
1577 2 2 9433 14461 14470 14501 14515 14520 22360 22373 22396 23628 23635 23640 23648 31516 31532 31538 32233 32245 32251 32252 32253 32254 32255
1578 4 4 32592 32603 32611 36735 40863 40924 40934 40935 40936 40937 40938
1579 0 0 7111 7115 28176 28198 28207 28217 44936 44949 44950 52466
1580 0 0 3829 3830 3831 3832 3833 3834 3835 3836 3837 3838 3839 52467
1581 2 2 25420 34510 34534 34815 34824 34832 34835 34836 34837 34838 34839 34840 34841 34842 34843 34844 34845 34846 34847 34848 34849 34850
1582 3 3 9201 15305 15316 15325 15335 15350 15391 23453 23457 23458 23459 23460 23461
1583 0 0 2495 4710 5037 8940 8960 8970 9445 9467 9475 9856 14472 14485 14489 14490 14491 14492 14493 14494 52468
1584 0 0 7044 7077 7078 7079 7080 7081 52469
1585 0 0 29440 37958 37962 37995 37998 37999 38000 38001 38002
1586 0 0 42264 42275 45306 47931 47945 47959 47961 47962 47963 47964
1587 0 0 4827 8720 8746 8753 8759 8771 8848 15128 15145 15151 15158 15159 15160 15161
1588 0 0 34760 34761 34762 34763 34764 34765 34766 34767 34768
1589 0 0 336 356 1261 1350 3506 3544 5036 7055 7063 12289 52470 52471
1590 2 2 7637 7689 13679 13822 13825 23495 30365 30375 30379 30380 30381 30382 30383 30384 30385
1591 0 0 49367 49368 49369 49370 49371 49372 49373 49374 49375 49376 49377 49378
1592 0 0 14181 22097 22103 22114 22115 22116 22117 22118 22119 22120
1593 0 0 14104 18708 22050 27293 27295 27296 27297 27298 27299 27300 52472
1594 3 3 42018 42027 44414 44424 47662 47677 47682 47683 47684 47685 47686 47687 47688
1595 4 4 30322 30360 30401 30434 32091 32114 32128 32140 32146 32147 32148 32149 32150 32151
1596 0 0 9416 9511 9517 23604 23605 23606 23607 23608 23609 23610 23611 23612 23613 23614 23615 52473
1597 2 2 24237 24240 36076 36086 37186 37283 42343 45037 45083 47229 47248 47260 47273 47275 47276 47277 47278 47279
1598 2 2 32667 41298 43888 47397 47407 47413 48898 51166 51191 51199 51200 51207 51208 51209 51210 51211
1599 0 0 11118 11119 11120 11121 11122 11123 11124 11125 11126 11127 11128 11129 11130 11131 52474
1600 0 0 2475 2478 2479 2480 2481 2482 2483 2484 2485 2486 52475
1601 3 3 31169 31181 31196 31206 31210 31217 31219 31220 31221 31222 31223 31224 31225 31226 31227 31228
1602 0 0 5340 5345 9556 9557 9558 9559 9560 9561 52476
1603 4 4 26298 26299 26300 26301 26302 26303 26304 26305 26306 26307
1604 0 0 9795 9815 9819 9820 9821 9822 9823 9824 9825 9826
1605 4 4 10213 16773 26902 34634 34639 34640 34641 34642 34643 34644 34645 34646
1606 2 2 42060 45623 45647 45670 47743 47758 47768 47785 47796 47805 47809 47820 51941 51959 51970 51983 51988
1607 0 0 43480 48545 48554 48564 48805 48817 48822 48832 48833 48851 48852 48853 48854 48855 48856 48857
1608 0 0 16674 16799 18309 18320 24561 24575 25185 25189 25196 25316 25325 25326 25327 25328 25329 25330 25331 25332 52477
1609 0 0 25594 25610 25616 35177 35194 35206 35209 35213 35214 35215 35216 35217 35218 52478
1610 0 0 1231 7309 17448 18467 18489 18497 18518 18519 18520 18521 18522 52479
1611 2 2 34906 34964 34984 35002 43217 43228 43235 43545 43563 43573 43577 47355 47386 48460 48484 48486 48487 48488 48489 48490 48491 48492
1612 0 0 9913 14438 14447 14452 22220 22227 22250 22251 22252 22253 22254 22255 22256 52480
1613 3 3 23912 24847 40312 40318 40332 40724 40744 40751 40771 40772 40773 40774 40775 40776 40777 40778
1614 3 3 18413 18414 18415 18416 18417 18418 18419 18420 18421 18422
1615 0 0 3510 3611 7324 12085 12293 19854 28079 36926 36946 36949 36951 36957 36959 52481
1616 4 4 29917 29998 38322 38378 38384 38389 38390 38391 38392 38393 38394 38395
1617 0 0 31412 41023 41063 41064 41065 41066 41067 41068 41069 41070 52482
1618 0 0 13908 21931 27657 27670 27674 27675 27676 27677 27678 27679 27680 27681 27682 27683 52483
1619 2 2 24222 24481 33187 33398 34339 34356 37145 41685 41695 41711 41712 41713 41714 41715 41716 41717 41718 41719 41720
1620 3 3 6217 6225 24551 26475 26477 26530 26539 26818 26839 26840 26841 26842 26843 26844
1621 3 3 26020 26021 26022 26023 26024 26025 26026 26027 26028 26029
1622 0 0 14558 14567 14673 28773 28779 28784 28785 28786 28787 28788 28789 28790 28791
1623 0 0 2378 4945 4955 4956 4957 4958 4959 4960 4961 4962 4963 52484
1624 4 4 27166 27215 32516 32520 32527 32528 32529 32530 32531 32532 32533 32534 32535 32536
1625 2 2 17310 20532 28734 28740 28764 29892 35363 35371 35460 37632 37647 44082 45873 45890 45900 45902 45903 45904
1626 3 3 14462 14506 14513 14520 14521 14522 14523 14524 14525 14526 14527 14528 14529
1627 2 2 14736 14746 22606 22611 31545 31546 31547 31548 31549 31550 31551 31552 31553 31554 31555 31556
1628 0 0 20447 20448 20449 20450 20451 20452 20453 20454 20455 20456 20457 20458 20459 20460
1629 0 0 8516 8941 8949 8962 8975 9860 14476 22300 22318 22324 22333 22334 22342 22343 22344
1630 0 0 8237 8245 8277 8296 14417 14418 14429 14434 16897 25583 25608 25615 35174 35186 35194 35195 35196 35197 35198 52485
1631 4 4 31417 40077 41258 43828 46683 46767 46770 47495 47510 50822 50831 50838 50853 50854 50855 50856
1632 1 1 4553 4605 4647 4698 5058 5071 5130 7740 8925 8929 9242 9251 15187 15189 23766 23797 23805 23807 23809 30702 31792 31877 38888 38902 38910 38919 40412 40414 40446 40451
1633 0 0 34882 43028 43075 43090 43104 43114 43124 43126 43129 43130 43131 43132 43133 43134 52486
1634 0 0 41287 41295 43892 48581 48894 48898 48899 48900 48901 48902 48903
1635 3 3 16289 16653 17958 24667 24676 34116 34117 34118 34119 34120 34121 34122 34123
1636 0 0 13202 13203 13204 13205 13206 13207 13208 13209 13210 13211
1637 0 0 34405 36533 36551 36560 44783 47332 49708 49718 49723 49737 49738
1638 0 0 8222 13889 27396 31264 31270 31275 31277 31407 50919 50938 50943 50944 52487
1639 2 2 21164 21177 21186 21191 21197 28318 29334 29446 29465 29467 29472 29483 29506 29519 29522 29532 29535 29536 29537 29538
1640 2 2 16044 18748 21148 27283 38177 38200 38208 38232 39384 39393 44500 44513 44526 44529 44544 44545 44546 44547 44548 44549 44550 44551
1641 3 3 23763 23780 23803 30704 38883 38895 38912 38933 38943
1642 0 0 3560 6255 6268 6322 6405 7126 7159 7165 7166 7167 7168 7169 7170 7171 52488
1643 0 0 25762 25782 25810 25811 25812 25813 25814 25815 25816 25817 25818
1644 4 4 15815 15824 15829 15836 15845 15859 15863 15869 15877 15915 24142 24277 24284 24296 24304 24305 24306 24307 24308
1645 0 0 1500 2288 2299 2300 2301 2302 2303 2304 2305 2306 52489
1646 0 0 616 858 881 2505 4314 4322 4323 4324 4325 4326 4327 4328 4329 4330 4331 52490
1647 0 0 36266 36298 40976 42708 44164 44173 49374 49399 49401 49406 49408 49409 49410
1648 0 0 39056 39063 39071 39080 39091 39092 39093
1649 3 3 4182 6471 6476 7992 8003 8008 14010 18981 21810 21832 21839 21840 21841
1650 4 4 22792 22814 22829 40102 40107 40108 40109 40110 40111 40112 40113 40114 40115
1651 0 0 8346 8428 23709 27805 27845 27855 27858 27865 27873 27874 27875 27876 27877 27878 27879 27880 27881 52491
1652 0 0 39531 39544 39591 39596 39606 39607 39608 39609 39610 39611 39612
1653 0 0 463 1235 1236 1242 1384 1395 7313 17365 17389 17431 17436 17444 17458 52492 52493
1654 0 0 23964 32504 32555 32567 32582 40857 40899 40909 40912 40920 40922 40923
1655 4 4 16126 16150 16171 16342 16350 16357 16358 16359 16360 16361 16362 16363 16364
1656 0 0 3839 6875 6883 12200 13273 13274 13275 13276 13277 13278
1657 4 4 27444 27463 27487 27498 27508 27509 27510 27511 27512 27513 27514 27515 27516
1658 0 0 17746 17755 26326 26345 26346 26347 26348 26349 26350 26351
1659 3 3 7995 8011 13893 14021 14048 14056 14315 14319 14345 18984 21862 21887 21892 21898 21899 21900 21901 21902 21903 21904
1660 1 1 43362 43375 44815 47423 47438 47457 48615 48656 51157 51173 51175 51176 51177 51178 51179 51180 51181 51182 51183 51184 51185 51186
1661 4 4 1874 1888 1909 1916 4056 4064 4118 4124 4125 4126 4127 4128 4129 4130 4131 4132 4133
1662 2 2 28389 29611 38332 38366 38396 38404 38415 41631 41838 41866 41872 47586 47612 47614 47630 47645 51223 51237 51245 51256 51257 51258 51259 51260
1663 1 1 9254 9392 9407 13839 13848 13857 13864 15332 15363 28484 28501 28506 31916 31924 31927 31928 31929 31930 31931 31932
1664 4 4 20861 20862 20863 20864 20865 20866 20867 20868 20869 20870 20871 20872 20873 20874 20875 20876
1665 4 4 42424 47077 49748 50207 50222 50234 50241 50245 50246 50247 50248
1666 0 0 24397 36348 36365 41977 41999 42037 42038 42039 42040 42041
1667 2 2 22256 22269 22275 23084 24586 24605 25668 33832 33852 33861 33889 33890 33891 33892
1668 0 0 27229 27230 27231 27232 27233 27234 27235 27236 27237 27238
1669 2 2 27329 32702 36102 36122 36505 36506 36507 36508 36509 36510 36511 36512 36513 36514 36515 36516 36517
1670 4 4 20386 20407 26640 26742 26757 26779 26784 26785 26786 26787 26788 26789
1671 2 2 43979 44002 44018 48035 48050 48067 48093 48105 48121 48125 50601 50634 50636 50638 50649 50651 50652
1672 0 0 1677 1804 1812 1835 4200 4218 4236 4283 5202 8071 8088 8107 8111 8112 52494
1673 0 0 4478 4487 5366 10143 16489 16496 16497 16498 16499 16500 16501 16502 52495
1674 2 2 8696 10687 10699 10709 10719 10970 10988 17569 17570 17571 17572 17573 17574 17575 17576 17577
1675 4 4 40735 42962 42972 42973 42974 42975 42976 42977 42978 42979 42980 42981
1676 2 2 8363 22365 22415 22424 22434 22438 22442 23789 28460 32164 37252 37262 37269 37275
1677 1 1 12834 28521 28548 28557 33016 33024 33228 33233 33238 33269 37130 37161 37171 37177 37178 37179 37180 37181 37182 37183 37184 37185
1678 2 2 21607 29911 29980 33108 33121 38510 38521 38534 38542 38544 38545 38546 38547 38548 38549 38550
1679 0 0 572 573 574 575 576 577 578 579 52496
1680 0 0 38235 44580 46057 50442 50457 50466 50471 50472 50473 50474 50475 50476 50477
1681 2 2 20270 28565 28587 28595 28613 28624 33216 33399 37449 37459 41763 41772 41779 41781 41782 41783 41784 41785 41786
1682 4 4 30626 30631 30645 30688 30694 30696 38845 38855 38864 38866 38869
1683 0 0 4944 4945 4946 4947 4948 4949 4950 4951 4952 4953 4954
1684 2 2 28396 38632 41547 41553 41662 45177 45244 45253 45256 47591 47616 47618 47619 47620 47621 47622 47623
1685 0 0 1544 3960 3979 4941 6466 7660 9210 9215 9221 9222 9223 9224 9225
1686 4 4 14650 19389 19612 19615 19671 20789 20805 20808 20809 20810 20811 20812 20813 20814
1687 2 2 6439 11509 11573 11589 11593 11601 11627 11642 11656 11658 11659 11660 11661 11662 11663 11664 11665 11666 11667 11668 11669 11670 11671 11672 11673
1688 2 2 41016 41017 41018 41019 41020 41021 41022 41023 41024 41025 41026 41027 41028 41029 41030 41031 41032 41033 41034 41035
1689 3 3 34915 42885 42908 43035 43047 43055 43061 43083 43142 43194 43201 43231 43242 43243 43244 43245
1690 0 0 1270 2026 5035 12866 15615 19731 19739 23679 23689 23696 23710 23728 23735 23740 23741 23742 23743 23744 52497
1691 0 0 39388 46582 46616 46635 46645 46646 46647 46648
1692 4 4 32491 35572 36461 36465 44647 44675 49448 49473 49487 49490
1693 3 3 42403 42409 48140 48153 50169 50186 50191 50196 50199 50769 51688 51703 51704 51705 51706 51707 51708 51709 51710
1694 2 2 18582 24355 24402 24408 33611 36349 41973 41987 42014 42032 42036 42038 44426 50308 50332 50338 50347 50350 50351 50352 50353 50354
1695 2 2 645 714 797 865 1988 1998 2012 2449 2463 2464 2465 2466 2467 2468 2469 2470 2471
1696 3 3 16556 18052 18078 18087 18104 25096 25097 25098 25099 25100 25101 25102
1697 0 0 45067 45078 45088 45096 45104 45109 45118 45127 45137 45142 45148 45159 45161 45162 45163 45164 45165
1698 0 0 1652 1676 1801 1808 1809 1810 1811 1812 1813 1814 1815 52498
1699 3 3 8173 14194 19020 19150 19186 19187 19188 19189 19190 19191 19192 19193 19194 19195
1700 2 2 40170 40171 40172 40173 40174 40175 40176 40177 40178 40179 40180 40181 40182 40183 40184
1701 0 0 17684 19422 19575 19601 19607 19631 19632 19633 19634 19635
1702 0 0 17465 24435 25849 25853 25863 25864 25865 25866 25867 25868 25869 25870 25871
1703 0 0 1043 2931 3104 3116 6092 11092 11308 11317 11318 11319 11320 11321 11322 11323 11324 11325 11326 11327 11328 52499
1704 3 3 17547 17552 20292 20631 22592 22670 32020 32051 32061 32078 32079 32080 32081
1705 0 0 8747 8753 8754 8755 8756 8757 8758
1706 0 0 2105 2789 4493 4521 4522 4523 4524 4525 4526 4527 4528 4529 4530 4531 52500
1707 2 2 12821 18970 27772 28519 28543 28556 33027 37181 40606 42402 42404 42405 42406 42407 42408 42409
1708 0 0 6930 6942 6950 6961 6962 6963 6964 6965 6966 6967
1709 0 0 32744 32753 36181 36243 36244 36245 36246 36247 36248 36249 36250
1710 0 0 19828 19836 19850 19891 19901 19919 19946 19947 19948 19949 19950 19951 19952 19953 19954
1711 0 0 6513 6774 6798 6803 6812 6813 6814 6815 6816
1712 4 4 34940 43046 43082 43097 43136 43151 43154 43163 43164 43165 43166 43167
1713 0 0 45573 46423 46431 46434 46435 46436 46437 46438
1714 2 2 31603 31611 31621 31647 35798 35820 35836 40236 40241 44156 47837 47885 47891 47900 47902 47918 47921 47922
1715 0 0 24312 24328 24330 24331 24332 24333 24334 24335 24336
1716 3 3 14442 22211 22226 22230 22232 22233 22234 22235 22236 22237 22238 22239 22240
1717 4 4 12053 14708 17272 17274 19368 19576 19623 19628 19636 19637 19638 19639 19640
1718 2 2 14110 14123 22017 27546 27599 28692 38106 38115 39256 39392 39399 45699 45706 45707 45708 45709 45710 45711 45712 45713 45714
1719 3 3 15698 30039 30141 30160 30184 30199 30225 32804 32818 32825 32826 32827 32828 32829
1720 0 0 28 107 502 544 732 733 734 735 736 737 738 739 52501
1721 0 0 224 235 246 251 442 1215 1220 52502 52503
1722 2 2 34090 34400 34424 34433 34892 36521 36525 36526 36527 36528 36529 36530 36531 36532 36533 36534 36535 36536
1723 0 0 29590 32931 32937 46473 46490 46491 46492 46493 46494 46495 46496 46497 52504
1724 0 0 9736 15922 15939 15943 15944 15945 15946 15947 52505
1725 0 0 2110 2758 2778 2779 2780 2781 2782 2783 2784 2785 2786 2787 2788 2789 2790 2791 2792 52506
1726 0 0 8502 23408 40379 40383 40384 40385 40386 40387 40388 52507
1727 3 3 28374 32707 32727 32740 32747 32748 32749 32750 32751 32752 32753 32754 32755 32756 32757
1728 4 4 14106 14107 14108 14109 14110 14111 14112 14113 14114 14115
1729 0 0 4567 4568 4569 4570 4571 4572 4573 4574
1730 2 2 26255 26598 26940 27088 29699 34733 34747 34755 35638 35644 35653 35659 35667 35668 35669 35670 35671 35672
1731 0 0 1971 4351 4354 4355 4356 4357 4358 4359 4360 4361 52508
1732 2 2 5218 9348 9360 15413 15414 15415 15416 15417 15418 15419 15420 15421 15422 15423 15424 15425 15426 15427
1733 0 0 39503 39530 39542 39543 39544 39545 39546 39547 39548 39549 39550
1734 0 0 12454 12455 12456 12457 12458 12459 12460 12461 12462 12463 12464 52509
1735 0 0 1316 1337 3454 6769 6784 6800 6806 6821 6836 6837 6838 6839 6840 6841 6842 6843 6844 6845 52510
1736 0 0 7749 7754 7779 8189 8191 8218 8231 13880 14245 14250 14251 14252 14253 14254 14255 14256 14257 14258 52511
1737 4 4 5735 5984 6132 6160 10810 10811 10812 10813 10814 10815 10816 10817
1738 4 4 15796 20376 24096 24113 24114 24115 24116 24117 24118
1739 1 1 3660 13157 13174 13183 13413 13419 13428 13556 13557 13558 13559 13560 13561 13562 13563 13564 13565 13566 13567 13568 13569
1740 0 0 13211 21430 21449 21461 21471 21493 21506 21509 21510 21511 21512 21513
1741 0 0 20354 30970 30975 30976 30977 30978 30979 30980 30981 30982 30983 30984 30985 30986 30987 30988
1742 0 0 6591 6604 6614 11906 11911 14870 14917 19300 19308 19314 19316 19318 19319
1743 1 1 28398 30001 37203 38390 38400 38418 38617 38618 38619 38620 38621 38622 38623 38624 38625 38626 38627 38628 38629 38630 38631 38632 38633 38634 38635
1744 0 0 270 3382 6579 6592 6605 6606 6607 6608 6609 6610 6611 6612 6613 6614
1745 0 0 1058 1070 3095 5710 5719 5729 5748 5753 5754 5755 52512
1746 0 0 25455 25456 25457 25458 52513
1747 0 0 23606 30346 32103 32119 32218 32225 40622 40638 40641 40644 40645 40646 52514
1748 3 3 45797 50123 50139 50797 50814 51376 51384 51698 51718 51728 51735 51741
1749 2 2 9592 16147 16167 17522 17937 35051 35066 35078 35083 35094 35099 35100 35101 35102 35103 35104 35105 35106
1750 0 0 484 1648 1811 1841 3899 4253 4261 4267 4268 4269 4270 52515
1751 2 2 40513 45268 45288 45294 45318 45340 47149 47205 47209 47210 47211 47212 47213 47214 47215 47216 47217 47218 47219 47220
1752 0 0 17696 17697 17698 17699 17700 17701 17702 17703
1753 3 3 21646 30103 30115 30151 30167 30168 30169 30170 30171 30172 30173 30174 30175
1754 3 3 2345 4025 4740 5576 9047 9143 9146 10359 10360 10361 10362 10363 10364 10365 10366 10367
1755 4 4 7337 7381 12063 12073 12080 12103 12104 12105 12106 12107 12108 12109 12110
1756 3 3 2661 11899 11907 11912 14859 17141 17142 17143 17144 17145 17146 17147 17148
1757 3 3 24340 29937 29963 29971 33446 35861 44060 44087 44091 44093 44094 44095 44096 44097 44098
1758 3 3 9002 9018 9079 9110 9119 15072 15083 15108 15109 15110 15111 15112 15113 15114
1759 3 3 8047 8061 8207 14208 14222 14234 14241 14278 14282 14314 14323 14333 14334 14335 14336 14337
1760 2 2 21110 24124 27449 27506 27518 28664 28674 28682 32919 32990 32998 37534 37535 37536 37537 37538 37539 37540 37541
1761 4 4 24138 24204 24285 24301 24307 40247 40270 46946 46948 46957 51013 51028 51031 51038 51039
1762 2 2 30580 30586 30591 30599 30603 30610 30614 30618 30621 38839 38848 38849 38850 38851
1763 0 0 24474 31011 31019 32366 32376 33409 33618 33619 33620 33621 33622 33623
1764 2 2 20366 24469 32861 33251 33261 33270 34342 34365 37156 37164 37173 42655 47746 47766 47771 47774 47775 47776 47777 47778
1765 3 3 37497 37505 37517 37525 37533 45536 45537 45538 45539 45540 45541 45542 45543 45544
1766 1 1 26248 26573 26606 26620 26630 26646 26709 26730 26739 26758 26773 26781 26787 26790 26791 26792 26793 26794
1767 0 0 4911 7583 13637 13648 13658 15759 19061 19096 19106 19112 19113 19114 19115 19116 19117
1768 0 0 97 445 3656 7173 7205 7224 7232 9760 12533 13160 13170 13171 13172 13173 13174 13175 13176 52516
1769 0 0 8386 8404 8410 8423 8454 8472 8481 8482 8483 8484 8485
1770 0 0 10017 10029 10037 10049 10050 10051 10052 10053 10054 10055 10056 10057 10058 10059 10060 10061
1771 0 0 2174 4072 4082 7902 7906 7912 9178 9179 9180 9181 9182 9183 9184 52517
1772 4 4 31649 44149 44157 47892 47905 47921 49300 49338 49350 49356 49360 49365
1773 2 2 24169 24191 24213 32890 32908 33031 33045 33058 33152 41579 41659 45169 45177 45178 45179 45180 45181 45182 45183 45184 45185
1774 2 2 25839 25877 25921 25944 41884 41885 41886 41887 41888 41889 41890 41891 41892 41893 41894 41895 41896 41897
1775 2 2 2524 4703 4829 8704 8705 8706 8707 8708 8709 8710 8711 8712 8713 8714 8715 8716 8717 8718 8719 8720 8721 8722
1776 0 0 459 931 1382 1384 1385 1386 1387 1388 1389 1390 1391 1392 52518
1777 0 0 36300 36312 36313 36314 36315 36316 36317 36318
1778 0 0 6054 10101 10134 10186 10200 16246 16266 16595 16596 16597 16598 16599 16600 16601 16602 16603 16604 52519 52520
1779 3 3 36305 36315 36336 36352 36362 44399 44425 47669 47680 47692 47698 47717 47721
1780 0 0 43506 43516 43548 43557 43574 43582 43583 43584 43585 43586
1781 0 0 37293 37299 37302 37303 37304 37305 37306 37307 37308 37309 37310
1782 0 0 6260 7134 7248 7257 7268 7273 7285 7286 7287 7288 52521
1783 0 0 37654 37677 37701 37852 37870 37896 37899 37900 37901 37902 37903 37904 37905
1784 2 2 9067 10373 10390 15095 15197 16925 16926 16927 16928 16929 16930 16931 16932 16933 16934 16935 16936 16937 16938 16939 16940
1785 0 0 919 2593 2606 3668 3694 3700 3706 3715 3716 3717 3718 3719 3720 3721 52522
1786 2 2 8645 8654 8661 8668 8675 8682 8700 8703 10760 14927 14951 14952 14953 14954 14955 14956 14957 14958 14959 14960 14961 14962
1787 0 0 832 2149 2159 3239 3879 3884 6495 19089 19100 21718 21722 21725 21728 21729 52523
1788 2 2 11803 15681 18253 18258 18283 18289 18312 18323 18807 23940 23941 23942 23943 23944 23945 23946 23947 23948 23949
1789 0 0 13109 21161 21174 21188 29449 29462 29472 29473 29474 29475 29476 52524
1790 4 4 41160 41328 42450 42457 45415 45423 45785 45804 45815 45816 45817 45818 45819 45820
1791 2 2 14610 17836 23298 24814 24935 24970 24990 25001 25009 25086 34189 34198 34199 34200 34201 34202
1792 2 2 32418 32475 33316 33334 33344 35600 44623 44640 44677 44686 44697 44698 44699 44700 44701 44702 44703 44704 44705 44706
1793 3 3 17584 17610 20574 20576 20577 20578 20579 20580 20581 20582 20583 20584 20585
1794 3 3 25881 25904 28616 33356 33369 33381 33383 33384 33385 33386 33387 33388 33389 33390 33391 33392
1795 0 0 458 1376 1390 1393 1394 1395 1396 1397 1398 1399 52525
1796 3 3 8215 14358 14383 14393 14396 14402 14403 14404 14405 14406 14407
1797 2 2 6370 6424 6432 11412 11507 11548 11556 11563 11588 11591 11592 11593 11594 11595 11596 11597 11598 11599 11600
1798 3 3 44338 44344 44350 44354 44360 44366 44373 47530 47539 47553 47570 47571 47572
1799 0 0 26083 30960 39261 39274 39298 43482 46316 46333 46340 46345 46350 46351 52526
1800 0 0 386 387 388 389 390 391 392 393 52527 52528
1801 3 3 24791 24799 24806 24810 24820 24824 24995 34127 34134 34143 34180 34185 34186 34187 34188 34189 34190
1802 2 2 31333 38803 38811 39285 39904 39928 41340 41393 41394 41395 41396 41397 41398 41399 41400 41401 41402 41403
1803 3 3 15668 15679 16420 16429 16442 16533 23175 23182 23340 23362 23383 23384 23385 23386
1804 3 3 47052 47062 47069 47073 47083 47087 47088 47089 47090 47091 47092 47093 47094
1805 0 0 14106 14119 18686 18694 22018 22028 22040 22045 22068 22077 22083 22084 22085 22086 22087 52529
1806 0 0 19754 19755 19756 19757 19758 19759 19760 19761 19762 19763 19764
1807 3 3 32633 40061 40070 41020 41042 41081 41100 41129 41137 41216 41239 41240 41241 41242 41243 41244 41245 41246
1808 0 0 33820 33821 33822 33823 33824 33825 33826 33827 33828 33829 33830 33831 33832 33833 33834 33835 33836 52530
1809 0 0 19678 20787 20813 23500 23501 23502 23503 23504 23505 23506 23507 23508
1810 3 3 38930 42351 45275 45295 45299 45317 45322 45328 47927 47941 47947 47949
1811 2 2 39370 44376 44384 44385 44386 44387 44388 44389 44390 44391 44392 44393 44394 44395
1812 0 0 594 595 596 597 598 599 600 601 602 52531
1813 0 0 31637 36081 37191 45061 45081 49233 49249 49255 49257 49260 49264 49265
1814 2 2 16233 16392 16650 18761 18775 18798 24695 34213 34266 36646 36652 36653 36654 36655 36656 36657
1815 0 0 45453 48394 49892 49902 49916 49917 49918 49919 49920 49921 49922 49923
1816 3 3 44821 44822 44823 44824 44825 44826 44827 44828 44829 44830 44831 44832 44833 44834 44835 44836
1817 0 0 9414 9507 9509 9510 9511 9512 9513 9514 9515 9516 52532
1818 3 3 29878 29886 29895 35525 43593 43608 43609 43610 43611 43612 43613 43614 43615
1819 4 4 9663 9694 9713 11824 24023 24031 24032 24033 24034 24035 24036 24037 24038 24039 24040
1820 0 0 6444 11709 11736 11737 11738 11739 11740 11741
1821 0 0 16134 16155 16188 16203 16337 16385 16393 24825 24834 24835 24836 24837 24838 24839 24840 24841 24842 52533
1822 2 2 23967 27163 27202 27205 32416 32486 33735 33749 35529 35555 35565 35566 35567 35568 35569 35570 35571 35572 35573 35574 35575
1823 2 2 4573 4577 4615 5132 8707 8730 8738 8877 8999 9000 9001 9002 9003 9004 9005 9006 9007 9008 9009 9010
1824 0 0 39947 39966 43712 43751 43765 43804 43836 43857 43859 43860 43861 43862 43863 43864 43865 43866 43867 43868 52534
1825 0 0 2585 2592 2593 2594 2595 2596 2597 2598 2599 52535
1826 0 0 11612 11622 14097 18707 22043 22064 22074 22089 22090 27272 27301 27302 27303 27304 27305 52536
1827 3 3 15640 23378 31804 31807 31808 31809 31810 31811
1828 0 0 27436 27513 29336 29344 29353 29354 29355 29356 29357 29358 52537
1829 3 3 6581 7359 10398 11914 12185 13608 14757 14869 17142 17149 17150 17151 17152 17153 17154 17155 17156 17157
1830 0 0 7250 7274 7285 7289 7290 7291 7292 7293 52538
1831 0 0 27306 27307 27308 27309 27310 27311 27312 27313 27314
1832 0 0 12280 28072 28090 28091 28092 28093 28094
1833 0 0 27137 34303 34314 34328 36289 42685 42700 42703 42704 42705 42706
1834 0 0 46723 46729 46731 46744 46745 46746 46747 46748 46749 52539
1835 0 0 3471 6905 6918 12235 12255 12269 12270 12271 12272 52540
1836 3 3 8718 8726 8733 8883 8902 8933 9113 15130 15143 15164 15167 15168 15169 15170 15171 15172 15173
1837 2 2 13622 13631 14712 20871 20944 20952 21303 21314 21323 21440 21451 21521 25768 25781 25794 25795 25796 25797 25798 25799
1838 0 0 33365 35576 35609 49513 49545 49571 49578 49580 49583 49584 52541
1839 0 0 48136 48145 50093 50105 50119 50131 50138 50162 50180 50182 50183 50184 50185
1840 2 2 21349 24547 29714 29722 29763 29764 29765 29766 29767 29768 29769 29770 29771 29772 29773 29774 29775 29776
1841 0 0 3530 3539 3658 7019 7174 9759 13182 13418 13564 13578 19792 19801 19806 27954 27977 27982 27997 27998 27999 28000 52542
1842 0 0 7363 12906 12920 13031 13034 15627 29037 29038 29053 45968 45995 46005 46010 46015 46017 46018 52543
1843 0 0 2173 2174 2175 2176 2177 2178 2179 2180 52544
1844 0 0 24511 24526 24538 24548 29790 29795 29814 29816 29817 29818
1845 3 3 9792 13433 13450 15709 15710 15711 15712 15713 15714 15715 15716 15717 15718 15719
1846 1 1 37578 37586 37591 37603 37611 39141 39250 44722 45753 46182 46198 46632 48752 49648 49674 50022 50038 50049 50050 50051 50052 50053 50054 50055 50056 50057
1847 3 3 959 2571 2572 2573 2574 2575 2576 2577 2578 2579 2580
1848 0 0 1404 3789 7247 7269 7272 7281 7283 7284 52545
1849 0 0 10638 10986 10997 17647 17651 19423 19444 19445 19446 19447 19448 19449
1850 3 3 14079 21966 21973 21974 21975 21976 21977 21978 21979 21980 21981 21982
1851 4 4 50092 50093 50094 50095 50096 50097 50098 50099 50100 50101 50102 50103
1852 0 0 46215 50550 50565 50572 50578 50580 50581 50582 50583
1853 2 2 12067 12174 13615 14691 14702 14704 14705 14706 14707 14708 14709 14710 14711 14712 14713 14714 14715
1854 4 4 24627 24637 24650 24657 24670 34105 34106 34107 34108 34109 34110 34111 34112
1855 4 4 17939 35056 35057 35058 35059 35060 35061 35062 35063 35064 35065 35066 35067
1856 0 0 6442 11605 11633 11662 11695 11705 11706 11707 11708 11709 11710 52546
1857 0 0 35719 35729 35736 35739 35742 35750 35754 35757 35759 35761 35762 39978 39993 40028 43972 43989 43990 43991 43992 43993 43994 43995 52547
1858 3 3 42222 42223 42224 42225 42226 42227 42228 42229 42230 42231 42232
1859 2 2 477 493 2188 3986 4278 4856 4872 4883 4885 4886 4887 4888 4889 4890 4891 4892 4893
1860 2 2 20125 20131 20145 28289 28340 28346 29515 29527 29555 29565 29568 37013 44957 44972 44984 44993 44994 44995 44996 44997
1861 0 0 1464 7712 8154 13668 13696 13711 13726 13732 13736 13852 13853 13854 13855 13856 13857 13858 13859 52548
1862 1 1 5422 10111 16415 17810 17838 17850 18293 18338 18350 24891 24908 24912 24913 24914 24915 24916 24917 24918 24919 24920 24921 24922
1863 0 0 12445 12740 12747 19778 27938 27952 27966 27978 27991 27993 27994 27995 27996
1864 2 2 30730 30742 30750 30764 30771 30777 30782 30813 30819 30820 30821 30822 30823
1865 4 4 43379 48629 48640 48641 48642 48643 48644 48645 48646
1866 4 4 43084 43094 43147 43153 43154 43155 43156 43157 43158 43159 43160
1867 3 3 5854 5862 8698 10636 10662 10688 10984 19441 19447 19460 19493 19513 19520 19521 19522 19523 19524
1868 1 1 12066 12078 12091 12102 12110 13043 14631 14707 19650 19704 19705 19706 19707 19708 19709 19710 19711 19712 19713 19714 19715 19716 19717 19718 19719
1869 2 2 2676 2682 6184 7340 10528 14989 14992 17162 20429 20449 20461 20462 20463 20464 20465 20466 20467
1870 3 3 18470 18508 18526 18530 18548 18549 24405 33574 33597 33609 33610 33611 33612 33613
1871 3 3 27124 27146 28351 28366 28698 28725 32713 36124 36149 37612 37613 37614 37615 37616 37617 37618 37619 37620
1872 3 3 37399 39713 39733 41161 41379 41384 41423 41430 41440 45389 45399 45402 45403 45404 45405 45406
1873 4 4 8372 8378 22468 27817 27838 27851 27852 27861 27871 27883 27893 27894 27895 27896 27897
1874 0 0 25624 35040 43257 43270 43272 43276 43277 43278 43279 43280 43281
1875 0 0 25829 26000 26001 26002 26003 26004 52549
1876 0 0 35690 43736 43746 43747 43748 43749 43750 43751 43752 43753 43754 43755 43756 43757 52550
1877 0 0 5269 10288 15206 15217 15226 15271 15278 15289 16919 16980 22995 23004 23010 23037 23040 23048 52551
1878 0 0 51067 51086 51090 51103 51110 51115 51127 51142 51151 51154 51155
1879 0 0 9029 9030 9031 9032 9033 9034 9035 9036 9037 9038 9039
1880 3 3 12054 13040 14721 19750 22697 22712 22716 22725 22729 22730 22731 22732
1881 4 4 15823 15870 15880 15896 15916 20964 24272 24287 24302 24305 40258 40275 40277 40288 40289 40290 40291
1882 0 0 2829 2830 2831 2832 2833 2834 2835 2836 2837 2838 2839 2840
1883 0 0 3834 6879 6889 10726 12204 12214 13283 13534 17067 17073 17174 17185 17194 17196 17197 17198 17199 17200 17201 17202 17203 52552
1884 4 4 34470 36575 36618 42738 42767 42788 42796 42797 42798 42799 42800
1885 4 4 12953 20665 28968 28975 29017 29039 29043 29045 29046 29047 29048 29049
1886 4 4 32412 33324 33337 37595 44635 46373 46402 49612 49651 49667 49672 49676
1887 0 0 49160 49167 51562 51572 51574 51575 51576 51577 51578 51579
1888 0 0 2046 2775 3350 4375 4376 4377 4378 4379 4380 4381 4382 52553
1889 0 0 32700 36507 41468 41469 41470 41471 41472 41473 41474
1890 2 2 33310 33330 33338 36445 37594 39412 44585 44616 44622 44627 44632 44633 44634 44635 44636 44637 44638
1891 0 0 33591 33598 33608 33613 33617 41963 41982 41983 41984 41985 41986 41987 41988
1892 0 0 1526 1890 1902 3999 4009 4015 4038 4115 4122 4138 4162 5235 7767 7826 7917 9869 9881 9883 9892 9893 52554
1893 3 3 30462 36790 36796 36804 39452 39481 39506 39536 39556 39565 39566 39567 39568 39569 39570
1894 0 0 5591 5592 5593 5594 5595 5596 5597 5598 52555
1895 0 0 571 573 581 591 4273 7929 7935 7942 7945 7978 13973 13983 13984 13985 13986 52556
1896 2 2 10234 16871 16881 17963 26408 35031 35165 36020 36067 42571 44101 44109 44116 44117 44118 44119 44120 44121
1897 0 0 5382 8271 8308 8314 8322 9599 9601 11117 25625 43259 43274 43277 43282 43284 43285 43286 52557
1898 3 3 4058 4068 7894 14002 14004 14011 21906 21919 21925 30595 30627 30628 30629 30630 30631
1899 0 0 14213 14265 14268 14269 14270 14271 14272 14273 14274 14275 14276 14277 14278 14279 14280
1900 4 4 16845 16850 16858 24623 24629 24645 25530 25535 25538 25541 25542
1901 3 3 46842 46850 46854 46858 46865 46868 50525 50916 50929 50930 50931 50932 50933 50934
1902 2 2 15200 16927 17012 22245 22989 23014 23020 23023 23024 23025 23026 23027
1903 0 0 40508 45292 47214 51108 51125 51128 51150 51152 51153 51154
1904 0 0 1610 1611 1612 1613 1614 1615 1616 1617 1618 1619 1620 1621
1905 2 2 13099 21063 21088 21105 21176 29245 29265 29290 29291 29292 29293 29294 29295 29296 29297 29298 29299 29300
1906 0 0 721 2196 4952 4963 4964 4979 4980 4981 4982 52558
1907 3 3 7120 7128 7132 7141 7148 7162 12612 12615 12632 20023 20035 20040 20041 20042 20043 20044 20045
1908 2 2 8178 14205 18969 19136 22195 27772 27773 27774 27775 27776 27777 27778 27779 27780 27781 27782 27783
1909 3 3 49685 49690 49699 49703 51600 51616 51617 51618 51619 51620 51621 51622 51623
1910 4 4 20621 20766 23745 28807 29178 37661 37663 37684 37688 45960 45972 45990 45996 46001
1911 0 0 11741 11746 11752 11759 11784 18711 18723 18727 18728 18729 18730 52559
1912 0 0 39663 39761 39842 39846 39857 39862 39863 39864 39865 39866 39867 39868 39869 39870
1913 1 1 30127 33040 33073 33090 33091 33092 33093 33094 33095 33096 33097 33098 33099 33100 33101 33102 33103 33104
1914 4 4 38104 45663 45677 45687 45718 45721 45722 45723 45724 45725 45726
1915 2 2 9470 9480 9863 10140 22341 22389 22407 22408 23777 23787 33776 33782 38885 38903 38932 38942 38943 38944
1916 0 0 13491 29939 29944 29945 29946 29947 29948 29949 29950 29951 29952 29953 29954
1917 0 0 29126 29135 29141 29153 29161 29169 29175 29183 29186 29199 35885 35901 35919 35921 35922 35923
1918 0 0 38555 38556 38557 38558 38559 38560 38561 38562 38563
1919 3 3 16323 16810 16831 16859 16860 16861 16862 16863 16864
1920 2 2 25718 25729 25735 25743 25747 25753 25754 26563 35344 35359 35386 35393 35401 35406 35407 35408 35409 35410 35411 35412 35413
1921 0 0 464 1243 1385 2903 3801 3814 3825 5628 7482 17358 17399 17428 17429 17430 17431 17432 17433 17434 52560
1922 4 4 18225 18243 25134 25140 25986 25996 27006 27036 27041 27057 27061 27064 27065 27066 27067
1923 0 0 7755 7756 7757 7758 7759 7760 7761 52561 52562
1924 0 0 13113 21026 29200 29201 29202 29203 29204 29205 29206 29207
1925 0 0 14755 14771 14831 14846 14875 14882 14888 14889 14890 14891 14892 14893 14894 14895
1926 2 2 13060 21027 21061 21091 21168 21639 29251 29295 30194 30201 30237 30299 30311 37987 38012 38017 38018 38019 38020 38021 38022
1927 0 0 16 1103 2029 2069 2075 2084 4425 4430 4445 4448 4451 4457 4458 4459 52563 52564
1928 0 0 16664 18247 18254 18255 18256 18257 18258 18259 18260 18261 18262 18263
1929 2 2 26299 28380 28568 28573 28597 36286 42178 42226 42239 42250 42254 42258 44169 44209 44216 44217 44218 44219
1930 0 0 23660 32214 32223 32228 32239 32250 32260 32270 32276 32279 32283 40627 40657 40659 40662 40663 40664 40665 40666
1931 3 3 4811 4831 8719 8870 8884 8896 8897 8898 8899 8900 8901 8902 8903 8904
1932 3 3 35134 42898 42903 43080 43477 48553 48561 48589 48811 48857 48866 48871 48875
1933 0 0 5486 5493 5497 9160 15221 15228 15235 15236 15237 15238 15239 52565
1934 3 3 40694 44744 47112 47126 47133 47134 47135 47136 47137 47138 47139
1935 0 0 25569 25621 31446 35041 36003 43264 43279 43290 43293
1936 0 0 3089 3097 5699 5720 5726 5727 5728 5729 5730 5731 5732 5733 5734
1937 0 0 2798 2818 2825 3387 3417 5900 5908 5909 5910 5911 5912 5913 5914 5915 5916 52566
1938 2 2 27631 27649 27764 30460 31295 36783 36784 36785 36786 36787 36788 36789 36790 36791 36792
1939 1 1 9805 9831 10214 11356 16067 16086 20643 24522 26321 26912 29703 29810 36264 44226 44230 44232 44233 44234 44235
1940 3 3 40778 40787 40794 40801 42631 42781 42785 42794 42990 42994 47285 47301 47305 47317 47318 47319
1941 3 3 34810 34811 34812 34813 34814 34815 34816 34817
1942 3 3 31888 34374 34385 34386 34387 34388 34389 34390 34391 34392 34393 34394 34395 34396
1943 3 3 23975 23983 27191 27203 44236 44317 44334 44657 49437 49452 49454 49458 49459 49460 49461
1944 2 2 2626 2761 4497 10701 10716 10974 11012 15301 22281 22583 23394 23411 31816 31817 31818 31819 31820 31821 31822
1945 2 2 6171 6172 6173 6174 6175 6176 6177 6178 6179 6180 6181
1946 0 0 13199 24025 29577 29582 29583 29584 29585 29586 29587 29588 29589 52567
1947 0 0 9678 9696 13194 24034 24045 36964 36985 36990 36994 41598 44916 44923 44929 44935 44942 44943 52568
1948 2 2 11122 11138 16211 16234 16236 16250 16253 16269 16283 16284 16285 16286 16287 16288 16289
1949 0 0 25471 25485 25491 34818 34833 34842 34857 34864 42917 42928 42937 42949 42951 42952 52569
1950 0 0 30705 31758 31790 31875 38870 38886 38887 38888 38889 38890 38891 38892 38893 38894
1951 2 2 31322 39125 39289 45361 45370 45371 45372 45373 45374 45375 45376
1952 4 4 4787 8785 8802 8831 8832 8833 8834 8835 8836 8837 8838
1953 3 3 5384 5402 8315 8319 9575 9596 9601 9602 9603 9604 9605 9606 9607 9608
1954 0 0 6336 12648 13076 20240 20246 29487 29497 52570
1955 0 0 11994 12020 12031 12836 12837 12838 12839 12840 12841 12842 12843 12844 12845 12846
1956 2 2 29062 29072 31727 31732 33631 37765 37788 37794 37805 37825 42067 42075 42091 42119 42122 42123 42124
1957 1 1 405 426 1202 1209 1226 1372 3515 3521 3524 3532 9764 9769 9783 12334 12338 12339 12340 12341 12342 12343
1958 0 0 4776 4787 4788 4789 4790 4791 4792 4793 4794 52571
1959 2 2 11579 11590 11600 11606 11672 16011 16012 16013 16014 16015 16016 16017 16018 16019 16020 16021 16022
1960 3 3 33449 44058 44085 44088 44097 45878 45911 45919 45921 45922
1961 0 0 11178 11181 18042 26430 26439 26453 26461 26466 26467 52572
1962 0 0 1860 1911 1915 3222 4113 4126 4152 4158 7891 8049 8059 8204 14018 14038 14291 14316 14329 14334 19045 30634 30650 30658 30664 30665 30666 52573
1963 0 0 4039 4042 4045 7755 7766 7775 7785 9871 9880 9891 9893 9894 52574
1964 4 4 10741 12052 17246 17277 19330 19348 19361 19362 19363 19364 19365 19366 19367 19368 19369 19370
1965 1 1 8169 22135 22200 27744 27759 27775 30774 30786 30801 30808 30835 30836 30837 30838 30839 30840 30841 30842 30843 30844 30845
1966 0 0 43391 43403 43426 43445 43446 43447 43448 43449 43450 43451 43452 43453
1967 4 4 3174 3190 3207 6304 6315 6386 11452 11458 11467 11473 11474 11475
1968 0 0 1054 6245 11332 18360 18383 18384 18393 18399 18400 18401 18402 52575
1969 0 0 28267 28320 28321 28322 28323 28324 28325 28326
1970 0 0 13190 19764 20144 21367 27968 28006 28339 28345 37008 37014 37021 37026 37027 37028 52576
1971 2 2 21031 21060 21090 21155 21165 21166 21167 21168 21169 21170 21171 21172 21173 21174 21175 21176 21177
1972 2 2 32765 43348 43363 43372 43384 43427 43447 43454 43455 43456 43457 43458 43459 43460
1973 3 3 7354 12858 13587 13603 13604 13605 13606 13607 13608 13609 13610 13611 13612 13613
1974 2 2 17537 17554 22662 22679 28914 29069 31698 31702 31703 31704 31705 31706 31707 31708 31709 31710 31711
1975 2 2 25907 33360 33535 33544 35591 37443 44630 45466 45495 45505 45514 45535 49501 49525 49532 49538 49545 49546 49547 49548 49549 49550 49551
1976 2 2 14551 14565 14581 14634 14676 19642 19675 20785 20795 20796 20797 20798 20799 20800 20801 20802
1977 0 0 2137 2145 5981 6196 8669 8676 10488 10522 10748 10753 10754 10755 10756 10757
1978 4 4 16495 16502 16509 16515 16520 16523 30697 31771 31772 31773 31774 31775 31776
1979 3 3 11804 15689 18758 18773 18785 18786 18787 18788 18789 18790 18791
1980 2 2 32666 34965 34995 41270 41292 41299 41303 41304 41305 41306 41307 41308 41309 41310 41311 41312 41313 41314 41315 41316 41317
1981 0 0 19012 27495 27556 45616 45636 45651 45658 45673 45675 45684
1982 0 0 349 358 368 375 1258 1267 1293 1305 1310 52577
1983 3 3 34982 43008 43018 43030 43087 43105 43109 43110 43111 43112 43113 43114 43115 43116 43117 43118 43119
1984 4 4 26413 42553 42567 42574 44102 44108 44117 44122 44123 44124 44125 44126 44127
1985 0 0 17336 49510 49559 49568 49570 49573 49576 49577 49578 49579 52578
1986 0 0 1962 4324 4332 4333 4334 4335 4336 4337 52579
1987 0 0 427 3513 3519 7025 7094 12328 12346 12373 12378 12382 12388 12389 12390 52580 52581
1988 4 4 18150 18174 20388 20396 20397 20398 20399 20400 20401 20402 20403 20404 20405
1989 0 0 23324 23352 23369 31799 31837 31838 31839 31840 31841 31842 31843 31844
1990 4 4 26154 26162 26169 26182 26195 26200 26224 26235 26236 26237 26238 26239 26240 26241
1991 1 1 23499 30379 31921 31946 31988 37045 37065 40596 40616 40617 45352 47159 47161 47162 47163 47164 47165 47166 47167 47168 47169
1992 4 4 48159 48181 48203 48222 48229 51829 51836 51838 51843 51844 51845 51846 51847
1993 0 0 8395 8405 8412 8419 8425 8430 8436 8455 8470 8482 12121 12127 12128 12129 12130
1994 0 0 41818 44484 51284 51285 51286 51287 51288 51289 51290
1995 0 0 3374 6892 6908 6936 6958 6979 6986 6989 6992 6993 6994 6995 52582
1996 2 2 35020 35033 35045 35057 35073 35980 35997 36042 36049 36058 36068 43269 43271 43280 43289 44103 44115 44121 44127 44128 44129 44130 44131 44132
1997 2 2 4900 4923 7967 9230 18948 18954 20348 21744 21750 21751 21752 21753 21754 21755 21756 21757 21758 21759
1998 2 2 27325 32326 36505 36535 36550 36567 36578 36606 44757 44766 44777 44790 44794 44806 44818 47292 47310 47326 47328 47329 47330 47331 47332 47333 47334
1999 2 2 1124 3597 3774 3780 7252 7282 7504 10923 10928 13522 13527 13541 13545 13546 13547 13548 13549 13550 13551 13552 13553 13554 13555
2000 0 0 19296 19297 19298 19299 19300 19301 19302
2001 3 3 47221 47222 47223 47224 47225 47226 47227 47228 47229 47230 47231
2002 0 0 8603 8608 14812 14824 14841 14856 14907 14918 14922 14923
2003 0 0 14552 14563 14643 14664 14665 14666 14667 14668 14669 14670 14671 14672 14673 14674 14675 14676 14677
2004 4 4 4290 8075 12980 12992 12999 13000 13001 13002 13003 13004
2005 0 0 10223 14129 30862 30874 30875 30876 30877 30878 30879 30880 30881
2006 0 0 28898 49226 49261 49331 49341 49342 49343 49344 49345
2007 0 0 39426 39457 39461 39465 39486 39493 39510 39540 39570 39573 39579 39583 39584
2008 3 3 35259 35291 35321 35324 42429 42465 42466 42467 42468 42469 42470
2009 4 4 17227 17250 20504 20516 20525 20550 21468 21482 21499 21523 21524 21525 21526 21527 21528
2010 2 2 29602 29739 38325 38365 38397 38405 38423 41868 41870 41871 41872 41873 41874 41875 41876 41877 41878
2011 2 2 1947 2268 2274 2275 2276 2277 2278 2279 2280 2281 2282 2283 2284 2285
2012 3 3 36479 36504 43412 43423 44270 46151 46214 49464 49597 49614 49623 49625 49626 49627 49628 49629
2013 4 4 24689 24701 24702 24703 24704 24705 24706 24707 24708 24709 24710
2014 0 0 1357 7416 13136 20203 20219 29451 29469 29481 29482 29483 29484 29485 29486 52583
2015 2 2 16672 24563 25319 25330 25339 25346 25354 32570 32585 33699 33720 33725 40843 40858 40859 40860 40861 40862 40863 40864 40865 40866
2016 0 0 16279 16294 16303 16308 16309 16310 16311 52584 52585
2017 0 0 3569 11440 11451 18646 20076 20088 20228 20236 20242 20248 20261
2018 0 0 39819 39834 39844 42357 44032 44034 44041 46262 46705 46706 46707 46708 46709 46710 46711 46712 46713 52586
2019 3 3 10652 11849 14804 17646 17650 22764 22769 26277 26290 27825 27829 27830 27831
2020 3 3 22658 28796 28819 31694 37655 37699 37851 37864 37888 37892 37893 37894 37895 37896 37897 37898
2021 4 4 17517 23894 31467 35081 35092 35102 35981 35988 35989 35990 35991 35992 35993 35994 35995 35996
2022 0 0 51664 51665 51666 51667 51668 51669 51670
2023 2 2 40698 44745 47100 47109 47128 47136 47206 47241 48263 49781 49797 49805 51072 51084 51093 51099 51100 51101
2024 1 1 16073 16089 16103 17602 24519 26816 26834 26866 26876 26895 26899 26904 26909 26910 26911 26912 26913 26914 26915 26916 26917 26918
2025 0 0 22123 34026 34039 34064 34077 34083 34084 34085 34086 34087
2026 3 3 16129 16400 18799 24678 24692 24693 24694 24695 24696 24697 24698 24699 24700
2027 4 4 3987 4880 4891 7631 7686 7700 7705 7713 13742 13751 13816 13824 13825 13826 13827 13828
2028 0 0 24560 25192 25322 25328 25338 25345 25352 25353 25354 25355 25356 25357 52587
2029 2 2 39949 39967 40019 43489 43491 43711 43722 43754 43763 43782 43789 43793 43866 46238 46347 48945 48950 48951 48952 48953
2030 2 2 29737 36378 38288 41820 41867 41871 41879 44449 47656 50416 50424 51227 51253 51259 51262 51264 51265 51288 51291 51683 51799 51806 51807 51808 51809 51810 51811
2031 2 2 18533 18681 24356 24403 24409 33577 33601 33614 36301 36313 36319 36320 36321 36322 36323 36324 36325 36326
2032 0 0 7364 12905 13027 13028 13029 13030 13031 13032 13033
2033 0 0 2380 2381 2382 2383 2384 2385 2386 52588
2034 3 3 27596 27605 27613 27619 27621 28690 39235 39244 39252 39253 39254 39255 39256 39257
2035 0 0 9714 11828 24065 24105 24109 29390 29396 29397 29398 29399 29400 29401
2036 0 0 22738 22748 22758 22762 22768 22770 26279 26286 26288 26289 26290 26291
2037 0 0 49043 49044 49045 49046 49047 49048 49049 49050 49051 49052 49053 49054
2038 2 2 33440 33486 38336 38372 38377 43665 43701 45888 45924 45935 45937 45942 45944 45949 45952 45953 50383 50388 50400 50401 50402
2039 0 0 5044 7725 13699 13844 15583 15606 15607 15608 15609 15610 52589
2040 0 0 48507 48514 48520 48525 48534 49004 49018 51438 51451 51465 51470 51476 51477
2041 3 3 3057 5734 5769 5838 10544 10610 17079 17092 17096 17105 18023 18029 18030 18031 18032 18033 18034 18035
2042 2 2 22204 27765 30759 30775 30783 30820 30824 30832 30845 30846 30847 30848 30849 30850
2043 4 4 25470 25498 34521 34535 34544 34545 34546 34547 34548 34549
2044 2 2 6179 9817 9825 9830 11361 14612 14620 16485 17828 18420 18425 18435 25008 27130 34201 34204 34216 36265 49378 49387 49407 49411 49413
2045 4 4 5440 6051 10102 10121 16603 16607 16620 16621 16622 16623
2046 3 3 34477 36614 36662 36678 36685 36686 36687 36688 36689 36690 36691 36692 36693
2047 0 0 39943 39944 39945 39946 39947 39948 39949 39950 39951 39952 39953 39954 52590
2048 2 2 23882 40688 40704 40710 40716 45310 47105 47106 47107 47108 47109 47110 47111 47112 47113 47114
2049 0 0 1783 1796 4995 9260 9288 9290 9291 9292 9293 9294 9295
2050 0 0 36920 36921 36922 36923 36924 36925 36926 52591
2051 0 0 7645 9418 13036 13754 13771 13773 13808 23609 29092 29103 29109 31674 32179 40639 45966 45987 46000 46004 46008 46015 52592
2052 3 3 9616 10792 11054 11075 11076 11077 11078 11079 11080 11081 11082 11083 11084
2053 2 2 27650 27762 30725 30741 30744 30821 30826 30830 30847 31289 31301 31313 36826 38964 38976 38978 38979 38980 38981
2054 4 4 12829 28667 32359 33014 33265 37528 42393 45549 47751 47773 47791 47794 47801 47803
2055 0 0 16094 17294 26328 26351 26354 26359 26360 26361 26362 26363
2056 3 3 12353 12896 19959 19964 20652 20661 28893 28919 28929 28930 28931 28932 28933 28934 28935 28936
2057 3 3 11031 11041 11047 11052 14932 14965 14970 14971 14972 14973 14974
2058 4 4 22858 22964 31486 31489 31501 31503 31504 31505 31506 31507
2059 0 0 7366 12902 12903 12904 12905 12906 12907 12908 52593
2060 0 0 104 483 570 1460 1461 1462 1463 1464 1465 52594
2061 4 4 42884 43036 43062 43193 43205 43245 43296 43306 43309 43310 43311
2062 0 0 25525 26106 26111 26112 26113 26114 26115 26116 26117 52595
2063 2 2 32664 34435 41036 41055 41073 41315 43894 43906 43918 43937 43949 43950 43951 43952 43953 43954 43955
2064 0 0 5294 9912 10324 10346 22272 24601 27332 27333 27334 27335 27336 27337 27338 27339 27340 27341 27342 52596
2065 0 0 17557 37214 37232 37244 37297 37304 37311 37312 37313 37314 37315 37316 37317
2066 3 3 27152 34331 34353 36270 37149 42658 42670 42671 42672 42673 42674 42675 42676
2067 3 3 9287 9292 9310 9752 15452 15470 15482 15487 15492 15493 15494 15495 15496 15497
2068 0 0 6835 6851 6864 6869 12131 12144 12145 12146 12147 12148 12149
2069 1 1 6097 17769 17793 17840 17845 17855 17873 17885 17901 17922 17925 18328 18340 18351 25216 25238 25241 25242 25243 25244 25245 25246 25247 25248 25249 25250 25251
2070 3 3 26017 26032 26064 27094 34679 34706 34726 34741 34750 34751 34752 34753 34754
2071 0 0 16981 22986 23000 23001 23002 23003 23004 23005 23006 23007 23008 52597
2072 2 2 18962 33818 33942 33959 33960 33961 33962 33963 33964 33965 33966 33967 33968 33969 33970 33971 33972 33973 33974 33975
2073 0 0 8935 8936 8937 8938 8939 8940 8941 8942 8943 8944
2074 0 0 9430 14466 14484 14493 14495 14496 14497 14498 14499 14500 52598
2075 0 0 14228 14237 14249 14258 14272 14386 22141 22148 22149 22150 22151 22152 22153
2076 0 0 1023 2929 2930 2931 2932 2933 2934 2935 2936 52599
2077 2 2 13581 17172 17182 17198 17302 17303 17304 17305 17306 17307 17308 17309 17310 17311 17312 17313 17314 17315 17316
2078 3 3 38819 39880 39926 41341 41401 41405 42362 46822 46833 46835 46836
2079 2 2 871 877 2446 2467 4648 4690 4697 5085 5091 9448 9458 9462 23770 23778 23800 23801 23802 23803 23804 23805 23806
2080 3 3 28350 32447 32718 32726 32780 37615 37628 43443 45829 45830 45831 45832 45833 45834 45835 45836
2081 0 0 16542 16548 16549 16550 16551 16552 16553
2082 0 0 2544 2551 2555 6048 16316 16326 16329 16330 16331 16332 16333 52600
2083 3 3 43886 43897 48584 48900 48909 48912 51207 51212 51485 51486 51487 51488 51489 51490 51491
2084 3 3 2392 5305 5306 5307 5308 5309 5310 5311 5312 5313
2085 4 4 18277 18411 18439 23952 32537 32538 32539 32540 32541 32542 32543 32544 32545 32546
2086 4 4 7473 9637 9643 9644 9645 9646 9647 9648 9649 9650
2087 0 0 5096 5101 8141 8147 8151 8158 8159 8160 8161 8162 52601
2088 3 3 29258 29268 29299 29317 38076 43689 46046 46047 46048 46049 46050 46051 46052 46053 46054
2089 0 0 10152 16165 16173 23127 23201 23224 23235 23237 23244 23252
2090 0 0 49709 49729 49738 49740 51606 51628 51632 51634 51644 51649
2091 2 2 816 826 1438 2147 2157 3846 3863 3870 3880 3883 3884 3885 3886 3887 3888 3889 3890 3891 3892
2092 3 3 43355 43386 48682 48692 48988 50556 50569 50586 50607 50617 50653 50667 50674 50675
2093 0 0 610 1864 1886 2172 4046 4047 4048 4049 4050 4051 52602 52603
2094 0 0 41095 48355 48365 48368 48369 48370 48371 48372 48373 48374 48375 48376
2095 0 0 39824 39837 39844 39845 39846 39847 39848 39849 39850
2096 2 2 5139 9547 23222 23826 28449 31755 31765 31777 31778 31779 31780 31781 31782 31783 31784 31785 31786
2097 0 0 25584 35184 35189 35233 35242 35247 52604
2098 2 2 27174 32506 32522 32532 32741 32776 32798 33745 36187 36199 41004 41014 41521 41530 44319 44326 44339 44340 44341 44342 44343 44344
2099 2 2 2027 12062 12101 13039 13040 13041 13042 13043 13044 13045 13046 13047 13048 13049 13050 13051
2100 0 0 27789 27806 27881 35893 35946 35966 35969 36871 36895 36901 36906 36910
2101 0 0 36808 36822 39448 39474 39489 44885 44896 44897 44901 44902 44903 52605
2102 0 0 2371 2372 2373 2374 2375 2376 2377 2378 2379 52606
2103 0 0 12785 12818 21771 23419 23423 23425 23426 23427 23428 23429 23430 23431
2104 0 0 3131 3136 3143 3161 3182 3183 3184 3185 3186 3187 3188 52607
2105 0 0 53 66 726 4765 5503 5504 5505 52608 52609 52610
2106 0 0 9986 9997 10005 10012 10024 10028 10033 10050 10074 10080 10090 10091
2107 2 2 1331 1340 3282 3457 3610 6827 7316 7327 7328 7329 7330 7331 7332 7333 7334 7335 7336 7337 7338 7339
2108 0 0 31035 39358 45555 45577 45589 45688 45689 45690 45691 45692 45693 45694 45695 45696 45697 45698
2109 4 4 31050 31093 31106 31119 35121 35132 42925 42932 43465 43475 48807 48831 48834 48855 48865
2110 0 0 17211 17220 17230 17239 17258 17270 17278 19332 19357 19359 19370 19371 19372
2111 2 2 41 137 291 1274 1295 1314 3292 3306 3325 3332 8452 8465 8476 8480 8485 12115 19277 19284 19720 19721 19722 19723 19724 19725 19726
2112 3 3 8864 21785 30362 30392 30403 30423 30433 30434 30435 30436 30437
2113 3 3 46486 46560 50695 50710 50732 50744 50745 50746 50747 50748 50749 50750 50751 50752 50753
2114 0 0 9241 20336 28535 31846 31851 31860 32984 33003 33007 33020 33021 33022
2115 0 0 1015 2633 2696 2716 2724 2729 2730 2731 2732 2733 2734 52611
2116 2 2 33922 33929 33944 33952 33958 33975 33977 33984 33996 34003 34007 34017 40610 42372 42484 42497 48233 48236 48267 51313 51392 51404 51408 51409 51410
2117 2 2 32663 34899 34960 34989 41053 41072 43953 43957 43961 47382 48478 48486 48494 48496 48497 48498
2118 0 0 7745 7750 7751 7752 7753 7754 52612
2119 0 0 4356 4365 8247 8253 8275 8291 8302 8307 8310 8311 52613
2120 0 0 4028 5271 5296 9056 9062 9148 9904 9905 9906 9907 9908 9909 9910 9911 9912 9913 9914 52614
2121 3 3 7468 9621 9631 9632 9633 9634 9635 9636 9637 9638 9639 9640 9641 9642
2122 4 4 26280 27823 35874 35895 35914 35917 35927 35939 35949 35960 36858 36874 36875 36876 36877 36878
2123 0 0 1931 2560 2567 2568 2569 2570 52615
2124 3 3 24888 32312 32332 40781 40791 47283 47299 47302 47303 47304 47305 47306 47307 47308
2125 0 0 2986 3002 3015 3021 3030 3033 5116 5119 5120 5121 5122 5123 5124 52616
2126 0 0 4895 4914 14032 19163 30516 30532 30550 30551 30552 30553 30554 30555
2127 4 4 6977 6997 10744 12184 12192 13590 13591 13592 13593 13594 13595 13596 13597 13598 13599 13600 13601 13602
2128 0 0 31422 40078 41260 43948 46680 46782 47468 50824 50837 50856 50858 50859 50860
2129 3 3 39278 39320 46141 46163 46173 46343 50559 50576 50588 50599 50615 50622 50626 50641 50642 50643
2130 2 2 5445 6053 10187 16586 16602 16606 16621 25297 25300 34575 34595 34599 34602 34603 34604 34605 34606 34607 34608
2131 0 0 7154 7187 7197 12462 12595 12609 12629 12634 12639 13116 13128 20123 20127 28344 44960 44987 44992 44997 45002 45003 45004 45005 52617
2132 0 0 31438 31461 31466 35112 35201 35211 35230 49031 49054 49069 49082 49087 49089
2133 2 2 8019 9187 15345 16106 18853 18862 18934 18991 33800 33817 33930 34004 48170 48180 48184 48195 48218 48219
2134 0 0 8167 14140 14154 14189 19198 22131 22202 30768 30787 30795 30799 30800 30801 30802 30803 30804 30805 30806 30807 52618
2135 0 0 3840 3841 3842 3843 3844 3845 3846 3847 3848 3849 3850
2136 0 0 33480 41934 41961 44422 47723 50363 50381 50392 51668 51674 51680 51684 51686 51687
2137 3 3 3682 3730 3751 3759 6164 13472 13473 13474 13475 13476 13477 13478
2138 2 2 29605 29626 29903 38007 38040 38304 38305 38306 38307 38308 38309 38310 38311 38312
2139 0 0 37624 45852 45860 46412 46441 46445 46446 46447
2140 0 0 10189 16598 25396 34580 34593 34608 34610 34619 34620 52619
2141 0 0 2663 3367 6586 6634 6657 6688 6698 8584 10394 11900 11904 11910 14827 14844 14851 14859 14860 14861 14862 14863 14864 14865 14866 14867 52620
2142 3 3 42366 46279 48003 48045 48054 48076 48088 48095 48098 48099 48100 48101 48102 48103
2143 0 0 15049 15055 15063 15077 15078 15079 15080 15081 15082
2144 2 2 26265 26472 26479 26537 26660 26821 26843 26851 26853 26864 26885 26898 26934 26961 26976 26979 26998
2145 2 2 25977 26592 26627 27095 28747 29826 29841 29850 29854 29858 29859 29860 29861 29862
2146 0 0 124 692 1978 1984 2003 2004 2005 2006 2007 2008 52621
2147 3 3 12827 19156 28540 28546 28547 28548 28549 28550 28551 28552 28553
2148 0 0 469 915 946 2640 3734 3745 3760 5609 5775 5786 5797 5805 5806 5807 5808 5809 5810 5811 52622
2149 2 2 20640 20648 24258 24514 24529 33682 35853 40234 47869 49266 49282 49283 49284 49285 49286 49287 49288 49289 49290 49291
2150 0 0 87 98 445 446 447 448 449 450 451 452 453 454 455 456 52623
2151 3 3 22005 22052 22073 22076 27275 27305 36396 36407 36408 36409 36410 36411 36412 36413
2152 3 3 13745 13753 13835 21741 30369 31944 31957 31962 31974 31995 38666 38676 38690 38707 38719 38720 38721
2153 0 0 3083 11312 18026 18038 26423 26435 26441 26442 26443 26444 52624
2154 3 3 2122 2794 2809 2824 3386 5875 5909 6745 6749 8652 8656 8662 8663 8664 8665 8666 8667 8668
2155 3 3 17724 20271 20310 20311 20312 20313 20314 20315 20316 20317
2156 2 2 25513 35219 40738 40760 40767 40770 42955 42956 42957 42958 42959 42960 42961 42962 42963
2157 0 0 920 925 926 927 928 929 52625 52626
2158 0 0 50547 50548 50549 50550 50551 50552 50553 50554 50555
2159 0 0 765 779 787 2017 2238 2244 2452 2458 2459 2460 2461 2462 52627
2160 0 0 30972 30987 32393 32402 39338 39349 44603 46352 46353 46354 46355 46356 46357 46358
2161 0 0 6430 11522 11535 11630 11673 11675 11685 11687 11688 11689 11690 11691 11692 52628
2162 0 0 37609 39407 44591 44602 46578 46609 46612 46621 46622 46623 46624 46625 46626 46627 46628
2163 1 1 9625 9633 12900 15393 15394 15395 15396 15397 15398 15399 15400 15401 15402 15403 15404 15405 15406 15407 15408 15409 15410 15411 15412
2164 2 2 20360 28717 33273 34350 37141 37151 37161 37162 37163 37164 37165 37166 37167 37168 37169 37170
2165 0 0 29444 37954 37966 37980 37991 37992 37993 37994 37995 37996 37997
2166 0 0 2099 3315 3431 3432 3433 3434 3435 3436 52629
2167 3 3 6551 8388 8437 8483 11890 12111 12117 12118 12119 12120 12121 12122 12123 12124 12125 12126
2168 0 0 24201 24286 33039 33068 33145 40248 45170 45187 45191 46949 46954 46955 46956 46957 46958 46959
2169 3 3 9481 9857 14479 22336 22342 22351 22378 22388 22389 22390 22391 22392 22393 22394 22395
2170 0 0 11607 11608 11609 11610 11611 11612 11613 11614 11615 11616 11617 52630
2171 0 0 8132 8142 8144 8145 8146 8147 8148 8149 8150
2172 1 1 4904 4919 7591 9234 18950 18956 18959 19217 20332 20346 21751 21768 23415 28513 28514 28515 28516 28517 28518 28519 28520 28521 28522 28523 28524 28525 28526
2173 4 4 1353 2019 2020 2021 2022 2023 2024 2025 2026 2027
2174 0 0 389 1354 1364 6325 6326 6327 6328 6329 6330 6331 6332 52631
2175 0 0 28300 28301 28302 28303 28304 28305 28306 28307 28308
2176 0 0 38414 38622 41539 41544 41550 41557 41558 41559 41560 41561
2177 0 0 1112 1113 1114 1115 1116 1117 1118 1119 1120 52632
2178 2 2 15708 28187 30027 30031 30032 30033 30034 30035 30036 30037 30038 30039 30040
2179 2 2 13907 14026 19128 21821 21857 21934 27676 27712 30477 30483 30484 30485 30486 30487 30488 30489 30490 30491 30492 30493
2180 2 2 18457 18458 18459 18460 18461 18462 18463 18464 18465 18466 18467 18468 18469 18470 18471 18472 18473 18474 18475 18476
2181 3 3 2654 2670 2685 6188 6193 6618 6628 6629 6630 6631 6632 6633 6634 6635 6636
2182 3 3 38197 38218 44576 46056 50453 50463 50475 50481 50485 51268 51269 51270 51271 51272 51273 51274
2183 0 0 14073 21991 21995 30871 38953 39014 39029 39037 39044 39046 39047 39048 52633
2184 2 2 17049 17056 17063 17069 17074 17077 17181 17197 17307 29870 35345 35378 35388 35394 35405 35413 35414 35415 35416 35417 35418 35419
2185 0 0 2400 2413 2423 2425 4669 4675 5319 5324 5325 5326 5327 5328 5329 52634
2186 2 2 22519 22520 22521 22522 22523 22524 22525 22526 22527 22528 22529 22530 22531 22532 22533 22534
2187 0 0 27737 27738 27739 27740 27741 27742 27743 27744 27745
2188 0 0 31147 35684 35686 35687 35688 35689 52635
2189 0 0 3786 7296 7491 7510 12217 12494 12512 13532 17203 27900 28263 28274 28275 28276 28277 28278 28279 28280 28281 52636
2190 4 4 13356 20815 20816 20817 20818 20819 20820 20821 20822 20823 20824 20825
2191 3 3 16006 16015 16023 16024 16025 16026 16027 16028 16029 16030 16031
2192 0 0 5423 10119 16405 16406 16407 16408 16409 16410 16411 16412 16413 16414 16415 16416 52637
2193 2 2 4720 14457 14523 14531 31494 31508 31509 31510 31511 31512 31513 31514 31515
2194 0 0 37475 41808 41844 44439 44470 44476 44491 45463 45478 45497 45509 45515 45516 45517 45518 45519
2195 3 3 27548 27559 27562 27569 27574 27575 27576 27577 27578 27579 27580 27581
2196 0 0 5424 10116 16410 24890 24891 24892 24893 24894 24895 24896 24897 52638
2197 3 3 32670 34095 34464 34901 34954 34968 34969 34970 34971 34972 34973 34974 34975 34976 34977 34978
2198 0 0 40106 40115 40122 40131 40139 42315 42316 42317 42318 42319
2199 4 4 22518 22550 22579 22850 22869 22877 22891 22902 22906 22916 22934 22935 22936 22937 22938
2200 3 3 8526 14590 17631 20972 20973 20974 20975 20976 20977 20978 20979 20980 20981 20982
2201 0 0 19861 19871 28031 28083 28086 28098 36923 36929 36939 36943 36944 36945 36946 52639
2202 0 0 3498 6893 6932 6938 6962 6975 6976 6977 6978 6979 6980 6981 6982 6983 6984 6985
2203 0 0 2199 2212 4198 4203 4221 4222 4223 4224 4225 4226 4227 4228 52640
2204 0 0 2530 10185 10201 16265 16295 16597 16612 25394 25427 52641 52642
2205 2 2 18927 18958 18959 18960 18961 18962 18963 18964 18965 18966 18967 18968 18969 18970 18971 18972 18973 18974 18975
2206 3 3 41664 45173 45178 45230 45252 45259 47620 49836 49852 49855 49860 49861 49862 49863 49864
2207 0 0 43410 44260 44269 44279 46205 46206 46207 46208 46209 46210 46211 46212 46213 46214 46215
2208 3 3 47976 47977 47978 47979 47980 47981 47982 47983 47984 47985 47986 47987 47988
2209 2 2 42361 43982 44014 44023 44038 44042 46259 46708 46799 46814 46831 48075 48087 48089 48090 48091 48092 48093 48094 48095 48096 48097
2210 0 0 41967 41988 42002 42009 42010 42011 42012 42013 42014 42015 42016
2211 2 2 9438 12315 12932 12939 12943 12949 28824 28838 28840 28854 29048 29052 37716 37731 37733 37739 37740 37741 37742
2212 3 3 11188 11299 18218 26583 26648 26656 26670 26677 26681 26682 26683
2213 3 3 36380 41819 41882 44429 44445 44452 44482 44485 44557 51286 51291 51292 51293 51294 51295
2214 3 3 6472 6478 7983 9185 9217 18982 18992 18998 21815 21829 21832 21833 21834 21835
2215 0 0 7027 7038 7049 7073 7083 12288 12299 19853 19895 19917 19928 28046 36945 36950 36951 36952 36953 36954 52643
2216 2 2 1993 2000 2016 2448 2464 2503 4597 4654 4661 4680 4690 4691 4692
2217 0 0 12428 13186 13192 13568 20143 27957 27965 27974 27988 27998 28005 28006 28007 28008 52644
2218 2 2 3673 3731 6139 6157 6158 6159 6160 6161 6162 6163 6164 6165 6166 6167 6168 6169 6170
2219 4 4 1448 3843 3853 3864 3865 3866 3867 3868 3869 3870 3871 3872 3873 3874
2220 3 3 496 1466 1477 1539 1540 1541 1542 1543 1544 1545 1546 1547 1548 1549
2221 0 0 24398 33589 33599 33600 33601 33602 33603 33604 33605 33606 33607 33608
2222 0 0 34104 34903 34977 40795 40796 40797 40798 40799 40800 40801
2223 4 4 20457 20478 25755 26562 26736 26751 35339 35351 35367 35369 35375 35381 35382 35383
2224 0 0 452 3529 3538 3653 3654 3655 3656 3657 3658 3659 3660 3661 3662 3663 52645
2225 0 0 526 539 815 1575 2150 2152 2153 2154 2155 2156 2157 2158 2159 2160 52646
2226 0 0 24251 24270 24528 29718 29724 29731 29782 38602 38608 38612 38613 38614 38615 38616
2227 1 1 17624 17629 25710 26706 29828 29853 29856 29864 35398 35409 35863 43602 43624 43633 43635 43641 44050 44065 44068 44069 44070
2228 0 0 33335 36470 44643 44680 44697 49606 49619 49655 49662 49665 49666 49667
2229 2 2 2889 2906 3802 3815 5630 7481 7482 7483 7484 7485 7486 7487 7488 7489
2230 0 0 17265 17273 17279 19328 19347 19356 19358 19359 19360 19361
2231 2 2 43351 43371 48064 48660 48990 50608 50633 50656 50668 50675 50676 50677 50678 50679
2232 0 0 36415 38984 39001 39008 39010 39011 52647 52648
2233 0 0 31042 31063 31079 31107 31113 31118 31119 31120 31121 31122
2234 2 2 43341 43367 43390 43405 43445 43458 44265 44280 44281 44282 44283 44284 44285 44286 44287 44288 44289 44290 44291 44292 44293
2235 0 0 12393 20018 21647 21664 28253 30272 30281 30294 30301 30302 30303 52649
2236 0 0 33764 37236 42261 47002 47937 47955 47967 47971 47974 47975
2237 3 3 33150 38654 42132 45175 45184 45188 45257 46933 49838 49851 49861 49865 49866 49867
2238 0 0 9910 10355 14436 14437 14438 14439 14440 14441 14442 14443 14444 14445
2239 4 4 39389 39397 39404 39413 44527 44551 46575 46592 46602 46610 46611 46612 46613 46614 46615 46616
2240 0 0 6365 11408 11409 11410 11411 11412 11413 11414 11415 11416 11417 11418 11419 52650
2241 2 2 28637 28652 33461 33474 36370 41922 41932 41933 41934 41935 41936 41937 41938 41939 41940 41941 41942 41943
2242 1 1 12452 12714 12737 12760 12769 13565 13571 19786 19793 20138 20925 21362 21378 21621 21626 27951 27967 27975 27981 27982 27983 27984 27985 27986 27987 27988 27989 27990 27991 27992
2243 2 2 22978 34375 34874 35266 35302 40354 40370 40741 40805 40814 42471 47085 48343 48349 48357 48358 48359 48360
2244 0 0 10728 11929 11949 11953 11983 11984 11985 11986 11987 11988 52651
2245 0 0 32342 32348 32355 45540 45546 45567 45598 47750 47783 47789 47797 47798 47799 47800 47801 47802
2246 0 0 21121 21705 27478 29342 29350 29359 29360 29361 29362 29363 29364 52652
2247 0 0 8068 8083 8097 8098 8099 8100 8101 8102 8103 8104
2248 0 0 7576 13222 13231 13232 13233 13234 13235 13236 13237 13238
2249 0 0 39270 41443 41444 41445 41446 41447 41448 41449 41450 41451 41452 41453 52653
2250 3 3 21749 21759 21765 21775 31952 31962 31963 31964 31965 31966 31967 31968 31969
2251 2 2 6181 11055 11078 16082 16099 17762 17798 17802 17803 17804 17805 17806
2252 4 4 32481 36454 36498 44669 44691 44709 49442 49470 49475 49479 49480 49481
2253 2 2 25894 25905 27220 33358 33388 33538 33543 35531 35543 35564 35581 35586 35587 35588 35589 35590 35591 35592 35593 35594
2254 2 2 7420 7426 12461 12469 13120 13130 13132 20128 20205 21183 29484 29504 29517 29520 29521 29522 29523 29524 29525
2255 0 0 35873 35894 35930 35940 35941 35942 35943 35944 35945 35946 35947 35948 35949 35950
2256 0 0 44033 44040 44048 46704 46712 48090 49173 49187 49200 49201 49202 49203 52654
2257 3 3 11812 16578 18756 18766 18767 18768 18769 18770 18771 18772 18773 18774
2258 0 0 35682 35692 35710 39952 43752 43766 43837 43855 43864 43869 43870 43871 43872 43873 52655
2259 1 1 11493 18622 18639 18671 18683 24349 24350 24351 24352 24353 24354 24355 24356 24357 24358
2260 2 2 21371 21384 21393 21399 27992 29669 29685 30065 30077 30079 38430 38442 38450 38465 38472 38485 38491 38503 38512 38517 38524 38543 38552 38553
2261 3 3 45705 45714 45720 45726 45735 49976 49977 49978 49979 49980 49981 49982 49983
2262 0 0 46261 46757 46761 46773 46783 46793 46798 50820 50833 50844 50845 50846 50847 50848 52656
2263 2 2 2322 2353 4027 4748 5273 5297 9048 9057 9061 9062 9063
2264 0 0 43731 43735 43743 43762 43771 43780 43788 43791 43792
2265 0 0 13366 13375 21540 21548 21563 21567 28132 28206 28221 28226 28232 44932 44941 52657
2266 2 2 2108 2770 2842 4489 5144 5950 5959 11011 15295 15296 15297 15298 15299 15300 15301 15302
2267 3 3 7507 12407 13081 13082 13083 13084 13085 13086 13087 13088 13089 13090
2268 2 2 8495 14740 22279 22507 22601 46875 46894 46902 46905 46907 46908 46909 46910 46911
2269 0 0 1470 1497 1551 3966 4102 4177 4184 4185 4186 4187 4188 4189 4190 4191 4192 4193 52658
2270 2 2 4492 4528 8567 10644 10659 10674 10686 10693 10708 10991 11001 14726 14734 14744 22286 22573 31549 31557 31571 31574 31575 31576 31577
2271 0 0 37476 37484 41805 41843 41857 45468 45471 45481 45482 45500 45518 45529 45530 45531 45532
2272 0 0 37046 37049 37068 37070 37071 37072 37073 37074 37075 37076 37077 37078
2273 4 4 17664 17671 23512 29150 29156 32010 32025 32028 32029 32030 32031 32032 32033 32034
2274 3 3 1830 5185 5231 12780 12791 12801 12802 12803 12804 12805 12806 12807 12808 12809 12810
2275 3 3 17572 19442 19540 22569 26152 26155 26181 26192 26194 26200 26201 26202 26203 26204 26205
2276 0 0 8942 8972 8976 14475 14490 14510 14527 14533 22292 22307 22310 22311 22312 22313 22314 22315 52659
2277 0 0 21145 29426 29433 38125 38136 38147 38152 38153 38154 38155 38156
2278 3 3 4917 7593 18972 19139 19207 19213 19217 19218 19219 19220 19221 19222 19223
2279 2 2 23446 25639 25648 33904 33913 33928 33947 33976 33983 35292 35322 35323 42427 42466 42483 42484 42485 42486 42487 42488 42489 42490
2280 3 3 15523 15542 15597 22361 22404 22419 22420 22421 22422 22423 22424 22425
2281 0 0 6390 11468 11495 18604 18645 18652 27234 27241 27248 27252 27259 27260 27261
2282 0 0 14999 15000 15001 15002 15003 15004 15005 15006 15007 15008 15009 15010
2283 2 2 17311 20541 21416 21474 21603 29893 35455 35456 35457 35458 35459 35460 35461
2284 0 0 41024 41054 41071 41072 41073 41074 41075 41076
2285 0 0 1377 2581 2595 2601 2611 3750 3805 3811 3821 7514 7526 7541 7542 7543 7544 52660
2286 0 0 9238 20333 20342 20343 20344 20345 20346 20347 20348 20349
2287 0 0 29418 38188 38207 38215 38231 50448 50477 50484 50487 50489 50491
2288 0 0 853 1563 1583 1598 1603 1604 1605 1606 1607 1608 1609 52661 52662
2289 2 2 17308 29873 29880 29887 35340 35361 35374 35384 35385 35386 35387 35388 35389 35390 35391 35392
2290 1 1 9800 9852 16064 17696 17719 20274 20641 22627 24513 26324 29813 34362 36262 36275 36297 44225 44232 49225 49243 49268 49290 49294 49319 49335 49349 49352 49357
2291 0 0 2967 3035 3043 11067 16468 16471 16479 16480 16481 52663
2292 2 2 19132 19157 19170 19249 21107 21116 21132 21694 21707 27465 27470 27499 27517 27518 27519 27520 27521 27522 27523 27524
2293 2 2 8958 9443 9453 9468 9475 9476 9477 9478 9479 9480 9481 9482 9483 9484 9485 9486 9487
2294 2 2 6176 9808 9812 9827 9836 11355 11356 11357 11358 11359 11360 11361 11362 11363 11364 11365 11366 11367
2295 3 3 7569 13624 19976 19986 20686 20687 20688 20689 20690 20691 20692 20693 20694 20695
2296 0 0 6250 16569 16713 16721 16728 16740 18362 18375 18381 18389 18400 18404 25182 25209 25211 25212 25213 25214
2297 0 0 25314 25324 25332 25341 25350 25357 25390 25410 34571 34584 34585 34586 34587 34588 34589 52664
2298 0 0 41801 41802 41803 41804 41805 41806 41807 41808 41809 41810 41811
2299 3 3 12492 28272 28279 36997 38439 38456 38463 38469 38494 38495 38496 38497
2300 3 3 34928 34936 34947 34953 35143 43032 43044 43045 43046 43047 43048 43049 43050 43051 43052
2301 4 4 24477 24489 33622 42053 47756 47762 47776 47812 47815 47816 47817 47818 47819 47820
2302 3 3 40016 40022 43708 43723 43981 44003 44008 44012 44013 44014 44015 44016 44017 44018
2303 0 0 22506 31831 40119 40123 40124 40125 40126 40127 40128 40129 40130 40131
2304 0 0 12665 12670 18476 18539 18543 18554 18555 18556 18557 52665
2305 1 1 506 1416 1422 1441 1637 1653 1745 1798 1816 1817 1818 1819 1820 1821 1822 1823 1824 1825 1826 1827 1828 1829 1830 1831 1832 1833 1834
2306 4 4 28299 28308 28319 28326 28337 29303 29526 29683 38466 38498 38504 44965 44975 44994 44999 45009 45015
2307 0 0 12410 12581 12597 12604 12619 12620 12621 12622 12623 12624 12625 12626 12627
2308 0 0 5043 5079 5084 13702 13842 13847 15608 23791 23799 28471 28491 28497 28498 52666
2309 2 2 13205 13355 20823 20904 21402 21437 21613 25801 29976 33123 35433 35446 35451 37773 37799 37811 37814 37815 37816 37817 37818 37819 37820 37821 37822
2310 2 2 46233 46245 48063 48120 50611 50635 50661 50673 50679 50682 50685 51512 51519 51586 51591 51592 51593 51594 51595
2311 3 3 13979 13990 13993 21808 21912 21913 21914 21915 21916 21917
2312 1 1 18122 18127 18134 18138 18145 24554 26269 26474 26484 26575 26612 26637 26638 26639 26640 26641 26642 26643 26644 26645 26646
2313 2 2 38952 38958 46720 47977 47989 47990 47991 47992 47993 47994 47995 47996 47997 47998
2314 0 0 36449 37604 37605 37606 37607 37608 37609 37610 37611
2315 0 0 51282 51302 51746 51766 51791 51804 51814 51816 51819 51820 51821 51822
2316 0 0 545 552 1577 1600 2148 2155 2164 2167 52667
2317 0 0 1458 1764 1791 6485 7114 9704 20009 28143 28218 44919 44930 44940 44945 44947 44950 44951 52668
2318 2 2 20634 22528 22539 22588 36072 42345 44152 47254 47277 47834 47856 47895 47896 47907 47912 47913 47914 47915
2319 0 0 15532 15556 15580 15593 15602 23519 23616 23617 23618 23619 23620 23621 52669
2320 0 0 25630 25655 25694 25698 35257 35280 35283 35316 35317
2321 3 3 20286 20298 20309 22534 22596 28428 28432 33759 37216 37222 37230 37231 37232 37233 37234 37235
2322 3 3 24690 24699 24863 24869 25148 25149 25150 25151 25152 25153 25154 25155 25156
2323 3 3 4793 8799 8836 8839 8851 9172 10262 10266 10267 10268 10269 10270 10271
2324 0 0 28623 33414 41766 41783 41789 41794 41796 41797 41798 41799 41800
2325 2 2 6175 9810 9841 11360 14611 17734 17815 17834 22633 22638 23300 24937 24985 25003 25004 25005 25006 25007 25008 25009
2326 1 1 22192 30751 31292 31302 32644 37495 37500 37510 39106 39120 45359 45365 45375 50781 50788 50791 50802 51694 51714 51721 51722 51731 51732 51733 51734
2327 3 3 6623 6716 6718 6734 7346 7356 10397 10404 10405 10406 10407 10408 10409 10410 10411 10412
2328 2 2 26818 26819 26820 26821 26822 26823 26824 26825 26826 26827 26828 26829 26830 26831 26832 26833 26834 26835 26836 26837 26838
2329 3 3 7315 10931 12668 17370 17378 17387 17407 17422 18468 18487 18507 18516 18519 18523 18524 18525 18526
2330 0 0 4536 8382 14540 22444 22445 22446 22447 22448 22449 22450 22451 22452 52670
2331 0 0 2187 4852 4867 4876 4878 4879 4880 4881 4882 4883 4884
2332 0 0 23594 23600 23697 32168 32193 32195 32196 32197 52671
2333 0 0 1317 3253 3268 6504 6506 6767 6777 6782 6785 6797 6798 6799 6800
2334 3 3 1358 6331 7411 7412 7413 7414 7415 7416 7417 7418 7419 7420
2335 0 0 3761 3787 5622 7494 12215 13520 13529 13531 13532 13533 13534 13535 13536 13537 52672
2336 0 0 11339 11345 16571 18048 18058 18068 18071 18072 18073 18074 18075
2337 0 0 27962 27980 28015 28050 28057 28064 28067 28099 28106 36936 36940 36956 52673
2338 0 0 6364 11395 11399 11400 11401 11402 11403 11404 11405 11406 11407 52674
2339 2 2 809 829 837 1439 1847 2256 3841 3851 3861 3877 5190 9656 9716 9719 9720 9721 9722 9723 9724 9725 9726
2340 4 4 47743 47744 47745 47746 47747 47748 47749 47750 47751 47752 47753 47754 47755 47756 47757
2341 1 1 1426 1816 2181 4906 7577 7950 7953 7960 7961 7962 7963 7964 7965 7966 7967 7968 7969 7970 7971 7972 7973 7974 7975 7976 7977
2342 3 3 43856 43883 47517 48537 48567 48568 48569 48570 48571 48572 48573
2343 0 0 2053 2064 4392 4464 5879 5895 5922 5926 5927 5928 5929 5930 5931 52675
2344 4 4 7122 7151 7195 12579 12596 12607 12608 12609 12610 12611 12612 12613
2345 0 0 382 7210 7228 7232 7233 7234 7235 7236 7237 52676
2346 3 3 11864 11870 11877 11882 11887 11892 12119 14800 19267 19268 19269 19270 19271 19272 19273
2347 0 0 19041 19046 19233 21803 27725 27726 27727 27728 52677
2348 2 2 28665 28672 28677 28684 32994 37531 37540 45543 45604 45618 45619 45620 45621 45622 45623 45624 45625 45626 45627
2349 0 0 4515 4544 4548 4549 4550 4551 4552 52678 52679
2350 4 4 42370 45050 48126 48127 48128 48129 48130 48131 48132 48133 48134 48135 48136 48137
2351 2 2 14227 14271 14284 14333 14341 14349 22183 31171 31213 31225 31357 36852 39463 39491 39512 39526 39541 39580 39583 39586
2352 0 0 746 753 759 1515 2207 2217 2223 2224 2225 2226 2227 2228 2229
2353 0 0 37714 37715 37716 37717 37718 37719 37720 37721 37722 37723 37724 37725 37726
2354 0 0 19232 21806 27715 27727 27732 27752 30515 30524 30542 30543 30544 30545 30546 30547 30548 30549 52680
2355 0 0 527 1408 1431 1718 1727 1728 1729 1730 1731 1732
2356 2 2 12077 14547 14566 14631 14632 14633 14634 14635 14636 14637 14638 14639 14640 14641 14642 14643 14644 14645 14646 14647
2357 2 2 2336 2369 3910 3915 3916 3917 3918 3919 3920 3921 3922 3923 3924 3925
2358 0 0 644 657 658 659 660 661 662 52681 52682
2359 3 3 4838 4839 4840 4841 4842 4843 4844 4845 4846 4847
2360 3 3 24707 24744 24760 24769 24853 24878 24880 24881 24882 24883 24884 24885 24886 24887 24888 24889
2361 3 3 33189 34344 34361 37128 37133 37134 37135 37136 37137 37138 37139 37140 37141 37142 37143 37144 37145 37146 37147 37148
2362 2 2 17551 17568 20293 20633 24232 28908 32080 33624 33642 33647 36084 37368 47271 47835 47843 47851 47855 47911 47916 47917
2363 0 0 35181 35217 35224 35236 35237 35238 35239 35240 35241 35242 35243 52683
2364 3 3 32861 32862 32863 32864 32865 32866 32867 32868 32869 32870 32871 32872 32873 32874
2365 0 0 27115 28700 28719 36108 36126 36134 36149 36150 36151 36152 36153
2366 3 3 468 906 907 908 909 910 911 912 913 914 915 916
2367 0 0 23626 23642 32236 32255 32263 32265 32266 32267 32268 32269 52684
2368 3 3 30482 30493 30498 30502 30507 30518 30540 30555 30560 30561 30562 30563 30564 30565
2369 0 0 1778 1790 3617 3626 4224 7104 7105 7106 7107 7108 7109 7110 7111 52685 52686
2370 0 0 5532 5534 5551 7791 7872 9870 9875 9900 10299 10307 10316 10322 10330 10331 10332 10333 10334 10335 52687
2371 0 0 23971 23982 27162 27183 27197 27198 27199 27200 27201 27202 27203 52688
2372 1 1 10158 16135 16139 16140 16141 16142 16143 16144 16145 16146 16147 16148 16149 16150 16151 16152 16153 16154 16155 16156 16157
2373 0 0 27287 29413 29414 29415 29416 29417 29418 29419 29420 29421 29422 52689
2374 4 4 42507 42534 47081 47095 48232 48239 48252 51396 51402 51411 51417 51424
2375 3 3 4733 4739 4750 4761 5479 5491 8794 8811 8821 8826 8828 8829 8830
2376 0 0 5858 5870 5878 10643 10664 10668 10681 10682
2377 0 0 5303 5539 5566 9918 10295 10309 10314 10319 10325 24603 27335 27366 27375 27379 27380 27381 27382 52690
2378 2 2 4910 7969 18921 18952 18980 18997 21738 21825 21828 21834 21836 21842 21843 21844 21845 21846 21847 21848 21849
2379 1 1 31088 34480 34542 41190 41209 42825 42829 42853 42864 42876 42888 42889 42890 42891 42892 42893 42894 42895 42896 42897 42898
2380 0 0 5980 6202 10443 10462 10471 10486 10487 10488 10489 10490 10491
2381 2 2 17821 17835 24921 24936 24974 24999 25000 25001 25002 25003
2382 0 0 986 997 1009 1010 1011 1012 1013 1014 1015 1016 1017 1018 52691 52692
2383 2 2 37201 41690 41698 41699 41700 41701 41702 41703 41704 41705 41706 41707 41708 41709 41710
2384 3 3 47822 47823 47824 47825 47826 47827 47828 47829 47830 47831 47832 47833 47834 47835 47836 47837 47838 47839 47840
2385 0 0 1218 3645 7099 7100 7101 7102 7103 52693
2386 0 0 6360 6423 6435 11413 11508 11598 11602 11635 11671 11677 11687 11702 11711 52694
2387 0 0 857 884 2433 4592 4641 4642 4655 4663 4664 4665 4666 4667 4668 4669 52695
2388 2 2 24347 24439 24447 29747 41919 41956 41968 42006 42010 42017 42018 42019 42020 42021 42022 42023
2389 0 0 676 720 2192 4949 4959 4964 4965 4966 4967 4968 4969 4970 4971
2390 0 0 2319 4024 5268 5278 5290 5291 5292 5293 5294 5295 5296 5297 5298 5299 5300 5301 5302 5303 5304 52696
2391 0 0 20367 32340 32346 32362 33268 42394 46429 47757 47788 47800 47813 47821
2392 0 0 31631 31648 44154 49336 49351 49359 49360 49361 49362 49363
2393 0 0 25813 35429 35450 35453 37782 37810 37814 37834 37843
2394 0 0 31354 38776 39629 46123 46860 50521 50524 50540 50546 50928 50947 50951 50960 50962 52697
2395 0 0 41318 41345 41387 41391 41414 41415 41416 41417
2396 0 0 3152 3177 6388 11465 27231 27243 27245 27249 27250 27251 27252 52698
2397 3 3 11814 13928 13955 15339 15353 16108 16114 16115 16116 16117 16118 16119 16120 16121 16122
2398 0 0 2705 2744 5680 5818 5823 5828 6108 6110 6111 6112 6113 6114 6115 6116 6117 6118 52699
2399 3 3 23608 29091 29102 32104 32177 32178 32179 32180 32181 32182 32183 32184
2400 3 3 28269 28302 29264 29277 29286 29308 29322 35517 38457 38481 38528 43671 43673 43680 43681 43682 43683 43684
2401 0 0 9029 9041 16992 17001 17017 17019 17020 17021 17022 17023 17024 17025
2402 2 2 28917 31729 31734 33632 37363 37374 37386 42061 42062 42063 42064 42065 42066 42067 42068 42069 42070 42071 42072
2403 2 2 24709 24855 24865 25148 34496 36623 40788 42630 42736 42755 42760 42772 42784 42799 47290 47306 47317 47320 47325
2404 0 0 14446 22209 22221 22227 22228 22229 22230 22231 52700
2405 3 3 43346 43389 44261 44274 44275 44276 44277 44278 44279 44280
2406 0 0 11748 11760 11774 11781 18715 18720 18729 18740 18741 18742 18743 18744
2407 0 0 5464 5517 10254 10290 15264 16902 16908 16917 16922 16923 16924
2408 4 4 34222 34223 34224 34225 34226 34227 34228 34229 34230 34231
2409 0 0 1537 1949 4033 4035 4040 4041 4042 52701
2410 3 3 37355 37356 37357 37358 37359 37360 37361 37362 37363 37364 37365
2411 3 3 17941 17956 26417 35028 35060 35068 35971 35972 35973 35974 35975 35976 35977
2412 0 0 18244 25114 25135 25138 25139 25140 25141 25142
2413 4 4 6845 6866 6953 12139 12154 12177 12188 12196 14830 14873 14876 14885 14886 14887
2414 0 0 43009 43015 43023 43024 43025 43026
2415 0 0 21799 27678 27716 27722 30476 30485 30530 30536 30546 30559 30561 30637 30651 30668 30675 30676 30677 52702
2416 4 4 16104 33799 33811 33812 33813 33814 33815 33816 33817 33818 33819
2417 3 3 12718 12733 12763 20886 20891 20918 21358 21427 27942 27986 29648 29657 29658 29659 29660 29661
2418 0 0 4771 5503 10250 15240 15244 15246 52703 52704
2419 2 2 34902 34955 34975 35000 35001 35002 35003 35004 35005 35006 35007 35008 35009
2420 0 0 35425 35426 35427 35428 35429 35430 35431 35432 35433
2421 0 0 8340 8545 31529 31542 32234 32246 32253 32256 32257 32258 32259 32260 32261 32262 52705
2422 4 4 36857 39492 39502 39516 39522 39525 39538 39539 39540 39541
2423 2 2 1558 4180 4186 4928 6477 7825 7921 7983 7984 7985 7986 7987 7988 7989 7990 7991 7992 7993 7994
2424 3 3 6171 9803 9835 9847 11366 16068 16074 17816 22624 22625 22626 22627 22628 22629 22630 22631 22632 22633 22634
2425 0 0 10752 10757 10762 10784 11032 11050 14933 14962 14966 14972 14975 14976
2426 0 0 26135 35765 35771 35772 35773 35774 35775 52706
2427 4 4 30982 37418 39334 39343 39368 44601 44615 44626 45465 45486 45501 45507 45522 45523 45524 45525 45526 45527 45528
2428 3 3 31365 39669 39698 39710 39732 48172 48190 48199 48212 48224 48225 48226 48227 48228 48229 48230
2429 3 3 36194 36208 36224 36598 36610 36672 36711 36720 36738 36747 36748
2430 3 3 13494 13517 26545 26574 26605 26610 26622 26631 26632 26633 26634 26635 26636
2431 3 3 34886 41027 41079 41218 41223 41224 41225 41226 41227 41228 41229 41230 41231 41232
2432 2 2 29988 30002 30012 38389 38421 38596 38603 38627 38641 38644 42099 42112 42125 42136 42145 42148 42149 42150 42151 42152 42153
2433 0 0 7385 9734 12361 15924 15937 15943 15959 20664 20668 20681 28970 29012 29034 29042 29044 52707
2434 3 3 14023 14043 21861 21891 21901 21911 30472 30473 30474 30475 30476 30477 30478 30479 30480 30481 30482
2435 3 3 28646 29743 36372 38368 41812 41865 41873 41879 41880 41881 41882 41883
2436 3 3 7610 8128 8853 8854 8855 8856 8857 8858 8859 8860 8861 8862 8863 8864 8865
2437 0 0 1179 1332 3461 3476 3491 6810 6914 6916 6923 6924 6925 6926 52708
2438 0 0 13111 29204 29224 29237 29500 30273 30295 30300 30304 30305 30306 30307 30308 52709
2439 3 3 33855 33879 41097 41103 45441 49890 49898 49911 49933 49937 49956 49963 49964 49965
2440 0 0 7119 7148 7149 7150 7151 7152 7153 7154 7155 7156 52710
2441 0 0 637 1004 1146 2116 2125 2126 2127 2128 2129 2130 52711
2442 3 3 42056 47761 47787 47819 50015 51757 51781 51932 51949 51952 51955 51956 51957 51958 51959 51960 51961
2443 2 2 16683 16727 16791 18315 18321 24567 25184 25191 25195 25196 25197 25198 25199 25200 25201
2444 3 3 21325 21326 21327 21328 21329 21330 21331 21332 21333 21334 21335 21336
2445 2 2 15369 15374 15376 15383 15386 15392 23433 23466 23475 23476 23477 23478 23479 23480 23481 23482
2446 1 1 21335 21338 28407 38327 38356 38367 38391 38402 38406 38407 38408 38409 38410 38411 38412 38413 38414 38415 38416 38417 38418 38419 38420 38421 38422 38423 38424 38425
2447 0 0 40962 40963 40964 40965 40966 40967 40968
2448 2 2 17550 28915 29070 31700 31706 31728 31731 33203 33628 37364 37377 37378 37379 37380 37381 37382 37383 37384 37385 37386 37387
2449 0 0 14076 14155 21961 21962 21963 21964 21965 21966 21967 21968 21969 21970 21971 21972 52712
2450 0 0 8333 8341 8352 8353 8354 8355 8356 8357 8358 8359 52713
2451 2 2 34897 35006 35160 36007 40796 42601 42622 42624 42638 42734 42748 42754 42773 42774 42775 42776 42777 42778 42779 42780 42781 42782 42783
2452 3 3 43749 43776 43781 43799 43852 43863 48841 48863 48947 48954 48955 48956 48957 48958 48959
2453 1 1 940 2577 3672 3684 3723 3739 3752 6135 6165 10558 10575 10578 10609 10623 10626 10836 26555 26566 26589 26668 26672 26678 26684 26692
2454 0 0 19980 19991 19996 20006 20688 20702 20704 20705 20706 20707 20708 20709
2455 3 3 21820 21842 21850 21867 21868 21869 21870 21871 21872 21873 21874 21875 21876 21877
2456 3 3 12520 12552 12565 13162 15740 20154 20166 20174 20182 20188 20200 20207 20208 20209 20210
2457 0 0 2493 2987 2988 2989 2990 2991 2992 52714
2458 3 3 34423 36142 36516 36518 36519 36520 36521 36522 36523 36524
2459 3 3 28356 28360 28369 28370 28371 28372 28373 28374 28375 28376 28377 28378 28379 28380 28381
2460 0 0 5598 5616 5634 17044 17050 17051 17052 17053 17054 17055 17056
2461 3 3 49090 49091 49092 49093 49094 49095 49096 49097 49098 49099 49100 49101 49102 49103
2462 2 2 15777 19077 19109 19230 21124 21676 21682 21687 21712 21732 21733 21734 21735 21736
2463 4 4 45698 45734 49981 49984 49985 49986 49987 49988 49989 49990 49991 49992 49993
2464 0 0 23412 40381 40385 40392 40402 46981 47010 47023 47026 47027
2465 0 0 8579 8586 14772 14833 14850 14853 14894 14900 14901 14902 14903
2466 0 0 27399 27403 27404 27405 27406 27407 27408 27409
2467 3 3 32628 40040 40064 40083 41120 41142 41144 41145 41146 41147 41148 41149 41150 41151
2468 2 2 25517 26121 31140 34908 34924 34937 35128 35138 35142 35143 35144 35145 35146 35147 35148
2469 2 2 13059 13106 21012 21024 21025 21026 21027 21028 21029 21030 21031 21032 21033 21034 21035 21036
2470 0 0 23366 31802 31838 42303 42304 42305 42306 42307 42308
2471 2 2 9350 9351 9352 9353 9354 9355 9356 9357 9358 9359 9360
2472 2 2 1921 1934 2267 2283 2565 4305 4306 4307 4308 4309 4310 4311 4312 4313
2473 3 3 22234 23043 23055 23069 23076 23090 23093 23094 23095 23096 23097 23098 23099 23100
2474 0 0 35783 36781 39655 39656 39657 39658 39659 39660 39661 39662 39663
2475 2 2 6018 6030 6038 6046 10887 10952 12700 16049 17459 17491 17501 24418 24424 25916 25932 25939 25952 25953 25954 25955
2476 0 0 10742 12048 13591 17226 17257 21320 21466 21501 25772 25780 25795 25806 25807 25808
2477 3 3 16666 17831 18249 18261 18264 18265 18266 18267 18268 18269 18270
2478 3 3 7405 7419 7421 13133 20153 20163 20176 20197 20201 20202 20203 20204 20205 20206
2479 4 4 6824 6873 7330 12173 13617 14687 14695 14696 14697 14698 14699 14700
2480 4 4 25503 34485 36650 36695 36721 42899 44825 44847 44859 44860 44861 44862 44863
2481 0 0 15518 23526 23527 23528 23529 23530 23531 23532 23533 23534 23535
2482 2 2 24133 24208 32898 32906 41652 41656 41657 41658 41659 41660 41661 41662 41663 41664 41665 41666 41667 41668
2483 2 2 24387 24394 41894 44382 44391 44402 44531 44567 47695 47708 47715 47719 47734 47738 49512 49536 49553 49565 49574 49581 49582
2484 0 0 5855 5865 10637 10662 10663 10664 10665 10666 10667
2485 0 0 0 8 81 186 4419 4432 4437 4438 4439 4440 4441 52715 52716
2486 0 0 5932 5933 5934 5935 5936 5937 5938
2487 2 2 35154 36013 42580 42643 43197 43215 43221 43233 43254 43325 49098 49109 49130 49135 49137
2488 3 3 18833 18858 18867 18895 18907 22163 22167 22168 22169 22170 22171 22172 22173 22174 22175 22176
2489 4 4 2837 8686 10807 14941 14985 17288 17299 26343 26382 26386 26392 26395 26397 26398 26399
2490 3 3 21666 30188 30205 30257 30269 30287 30288 30289 30290 30291
2491 0 0 213 220 228 399 416 439 1367 3629 3639 3640 3641 3642 52717
2492 0 0 7379 12070 12106 12978 13330 13339 13340 13341 13342 13343 13344
2493 2 2 38016 38022 38034 38044 38050 38060 38064 38070 38077 38082 46050 50341 50370 50395 50411 50427 50430 50431 50432 50433 50434
2494 3 3 40295 40296 40297 40298 40299 40300 40301 40302 40303 40304 40305
2495 0 0 12001 12015 12030 12033 12034 12035 12036 12037 12038 12039 12040 12041 12042 12043
2496 0 0 39750 39757 39766 39773 46734 46738 46750 46751 46752 46753 46754 52718
2497 2 2 2512 2515 4666 4673 4700 5322 5326 5412 5419 9935 9947 9961 9966 9975 10015 10026 10032 10038 10039 10040
2498 0 0 24557 25828 26002 26005 27208 33715 33722 33725 33726 33727 33728 33729 33730 33731 52719
2499 0 0 2329 5263 5264 5265 5266 5267 5268 5269 5270 5271 5272 5273 5274 5275 52720
2500 0 0 5334 11133 16133 16149 16184 16185 16186 16187 16188 16189 16190 16191 16192 16193 52721
2501 0 0 32769 32773 32788 32794 41513 41519 41524 41525 41526 41527 41528 41529 41530 41531
2502 0 0 14748 14889 17262 19327 19340 19343 19351 19352 19353 19354 19355 19356 19357
2503 3 3 20850 20957 20970 28985 29001 29005 31652 31660 31661 31662 31663 31664 31665 31666 31667 31668
2504 4 4 43850 48535 48536 48537 48538 48539 48540 48541 48542 48543 48544 48545 48546 48547
2505 3 3 13672 13692 13707 13713 13718 13731 13858 13869 13870 13871 13872 13873 13874 13875
2506 2 2 21327 21340 21351 28626 28642 28657 29715 29773 33425 33432 33457 33458 33459 33460 33461 33462 33463 33464 33465 33466 33467 33468 33469
2507 0 0 2496 4708 4709 4710 4711 4712 4713 4714 52722 52723
2508 0 0 5425 5437 10109 10115 16195 16624 18783 24843 24892 24907 24920 34263 34268 34278 34288 34289 34293 34294 52724
2509 0 0 10992 19419 19440 19448 19458 19489 19511 19512 19513 19514 19515 19516 19517
2510 0 0 9064 10389 16931 16943 16947 16955 25634 25641 25672 25675 25688 25699 25705 25706 25707
2511 3 3 44494 44495 44496 44497 44498 44499 44500 44501 44502 44503 44504 44505 44506
2512 3 3 10919 10930 12685 13486 13553 17362 17376 17423 17449 17450 17451 17452 17453 17454
2513 0 0 37452 41759 41771 41786 41846 41854 41861 44489 45467 45474 45510 45519 45521 45529
2514 2 2 24555 26272 26471 26481 26638 26795 26807 26809 26815 26831 26844 26863 26879 26894 26895 26896 26897 26898
2515 0 0 650 2465 2497 5038 9442 9452 9459 9463 9466 9467 9468 9469 9470 9471 9472 9473 9474 52725
2516 0 0 13075 20991 21013 21021 21051 21059 21079 21159 29459 29493 29495 29499 29502 52726
2517 3 3 16661 16763 16783 16788 16800 16801 16802 16803 16804 16805
2518 1 1 2952 2963 5148 11068 16466 16476 16480 17777 23312 23332 23349 23357 24925 24942 24946 24947 24948 24949 24950 24951 24952
2519 0 0 3090 3101 3119 5726 11282 11315 18039 26425 26441 26446 26449 26450
2520 4 4 12963 14548 14561 14573 14574 14575 14576 14577 14578 14579 14580 14581
2521 3 3 21113 21120 21134 21710 27461 27475 27482 27493 27524 27528 29337 29359 29365 29374 29381 29382 29383 29384
2522 0 0 8166 14088 14089 14090 14091 14092 14093 14094 14095 52727 52728
2523 0 0 3531 3540 3657 7018 9765 12323 12335 12383 19805 19934 19943 27961 28000 28016 28017 28018 28019 28020 52729
2524 0 0 1006 2714 5971 5975 6201 6638 6754 10451 10489 10505 10517 10524 10525 10526 10527 52730
2525 0 0 25520 31149 34920 34929 34930 34931 34932 34933 34934 34935 34936 52731
2526 0 0 6587 6695 6768 6788 6796 6808 6837 6969 6991 14836 14858 14861 14899 14908 14910 14911 14912 14913 14914 52732
2527 0 0 26404 43012 43021 43116 43210 43565 49103 49116 49133 49138 49140 49141 52733
2528 2 2 15766 15771 15783 15794 19107 19228 21123 21734 24050 24051 24052 24053 24054 24055 24056 24057 24058 24059 24060
2529 3 3 13569 13580 20136 21372 21373 21374 21375 21376 21377 21378 21379 21380 21381 21382 21383 21384
2530 0 0 31061 31066 31072 31141 35130 35136 35149 35150 35151 52734
2531 2 2 30720 33287 33296 36424 36484 37584 37590 39148 39156 39174 43419 46144 46178 46180 46197 46198 46199 46200 46201 46202 46203 46204
2532 4 4 31822 31828 31836 46973 46990 46991 46992 46993 46994 46995
2533 4 4 23847 23849 23875 24741 24755 24756 24757 24758 24759 24760 24761 24762
2534 2 2 30882 30895 39178 39214 46192 46282 46301 47981 48006 48012 48018 48022 48023 48024 48025 48026 48027
2535 3 3 36394 36395 36396 36397 36398 36399 36400 36401 36402 36403 36404 36405 36406
2536 0 0 23161 28446 31745 31746 31747 31748 31749 31750
2537 0 0 17329 18201 25836 25909 25923 25924 25925 25926 25927 52735
2538 0 0 8613 8636 14770 14790 14883 14892 17261 19323 19337 19338 19339 19340
2539 0 0 3 2089 4423 4431 4440 4444 4448 4449 4450 52736 52737
2540 2 2 8506 15634 16491 22486 23375 31807 33778 33794 38937 40378 40384 40395 40401 42310 42336 46983 47019 47021 47028 47029 47030 47031 47032 47033
2541 2 2 20576 24255 24256 24257 24258 24259 24260 24261 24262 24263 24264 24265 24266 24267 24268 24269 24270 24271
2542 0 0 2104 2105 2106 2107 2108 2109 2110 2111 2112 2113 52738
2543 3 3 26703 26704 26705 26706 26707 26708 26709 26710 26711 26712 26713
2544 2 2 20280 20301 22364 22410 22429 22797 28427 33784 37231 37250 37352 42260 42268 42269 42270 42271 42272 42273 42274 42275 42276 42277
2545 2 2 27342 27350 27353 27362 27365 27374 27377 27378 27382 27386 27392 27423 27425 33824 33840 33846 33866
2546 2 2 1454 3621 9365 9749 15493 15501 15967 28119 28140 28145 28163 28165 28166 28167 28168 28169 28170
2547 0 0 6009 6019 6035 24414 25910 25924 25928 25929 25930 25931 25932 25933 52739
2548 2 2 29228 30122 30178 30207 30239 30256 30261 37974 37989 38006 41611 41622 41628 41638 41639 41640 41641 41642 41643 41644 41645 41646
2549 0 0 20094 20095 20096 20097 20098 20099
2550 0 0 11127 17975 18005 18010 18014 18015 18016 18017 52740
2551 0 0 34018 34019 34020 34021 34022 34023 34024 34025 34026 34027 34028 34029 34030
2552 2 2 33215 33393 34357 41691 41708 41716 41723 41740 41743 41751 41752 41753 41754 41755 41756 41757 41758
2553 1 1 25969 26242 26258 26570 26590 26591 26592 26593 26594 26595 26596 26597 26598 26599 26600 26601 26602 26603 26604 26605 26606 26607 26608
2554 0 0 3717 5990 6003 7560 10816 10819 10826 10838 10864 10873 10878 10879 10880 10881 52741
2555 3 3 27156 28355 28364 32709 37612 40969 40984 41013 42659 42670 42689 42690 42691 42692 42693 42694
2556 3 3 48438 48443 48446 48465 49023 49032 49039 51431 51445 51446 51447 51448 51449 51450 51451 51452
2557 0 0 22001 30872 30875 30887 38991 39016 39027 39028 39029 39030 39031 39032 39033 39034 52742
2558 3 3 10648 10650 10994 14730 17639 17640 17641 17642 17643 17644 17645 17646 17647 17648
2559 0 0 32549 32559 32578 36206 36223 36706 44345 44352 44355 44356 44357 44358 44359 44360
2560 2 2 27760 30465 30843 36783 39501 39518 39532 39533 39534 39535 39536 39537
2561 0 0 27228 42173 42185 42189 42190 42191 42192 42193 42194
2562 3 3 12966 20858 28813 31655 31684 31685 31686 31687 31688 31689 31690 31691 31692
2563 3 3 38429 38430 38431 38432 38433 38434 38435 38436 38437 38438 38439 38440 38441
2564 3 3 195 196 197 198 199 200 201 202 203 204 205
2565 0 0 34813 41192 41445 41462 42894 42914 42924 42934 42936 42940 42941 42942 42943 42944 42945 42946 42947 52743
2566 3 3 37209 38629 41726 42070 42127 42138 42154 42155 42156 42157 42158 42159
2567 3 3 11623 11645 11657 11659 11700 11710 11720 11729 11757 11762 11763 11764 11765 11766 11767 11768
2568 0 0 37638 37644 37651 45874 45899 45904 45905 45906 45907 45908 45909 45910
2569 0 0 50513 50516 50523 50925 50934 50949 50953 50957 50959 50960 50961 52744
2570 4 4 12954 22658 22659 22660 22661 22662 22663 22664 22665 22666 22667 22668 22669
2571 2 2 14372 31240 31271 31286 31406 36763 36768 38779 39418 39433 39455 39471 44900 44909 46855 50926 50940 50948 50954 50962
2572 0 0 5459 5460 5461 5462 5463 52745 52746
2573 0 0 1959 4334 4338 4339 4340 4341 4342 52747 52748
2574 3 3 33428 33437 33456 33469 33482 33494 38317 38333 38347 38360 38369 38370 38371 38372 38373
2575 0 0 2538 2546 2548 2549 2550 2551 2552 2553 52749 52750
2576 0 0 23966 26062 27170 27201 27204 32488 33718 34780 35539 35557 35570 35603 35611 35621 52751
2577 4 4 2295 2303 2342 2345 2346 2347 2348 2349 2350 2351 2352
2578 4 4 36635 36639 36643 36730 40958 40961 44821 44837 44838 44839 44840 44841 44842
2579 0 0 9799 9811 9824 9828 9835 9836 9837 9838 9839 9840 9841 9842
2580 0 0 37000 38494 38499 44953 44968 44973 44974 44975 44976 44977 44978
2581 0 0 2861 2871 2945 5932 5939 5940 5941 5942 5943 5944
2582 0 0 924 2588 2597 2607 3666 3695 3701 3706 3707 3708 3709 3710 52752
2583 2 2 6068 6214 6218 11023 11113 11148 11162 17123 18121 18133 24549 24550 24551 24552 24553 24554 24555
2584 3 3 12225 12497 19754 19769 19773 21370 21394 21395 21396 21397 21398 21399
2585 3 3 4208 4227 4988 5000 9264 9284 9294 9311 9312 9313 9314 9315 9316 9317
2586 0 0 24612 25518 26118 26119 26120 26121 26122 26123 52753 52754
2587 0 0 42602 42610 42616 42617 42618 42619 42620 42621 42622 42623
2588 2 2 13425 13434 13447 13458 13465 13471 19788 19795 19797 19798 19799 19800 19801 19802 19803
2589 0 0 15618 15630 23701 23753 32190 45970 45981 45992 46002 46016 52755
2590 3 3 6137 6158 7533 10832 10845 10850 10855 10856 10857 10858 10859 10860 10861 10862
2591 2 2 13052 13053 13054 13055 13056 13057 13058 13059 13060 13061 13062 13063 13064 13065 13066 13067
2592 2 2 22345 22346 22347 22348 22349 22350 22351 22352 22353 22354 22355 22356 22357 22358 22359 22360 22361 22362 22363 22364 22365 22366 22367
2593 0 0 3548 7198 7199 7200 7201 7202 7203 7204 52756
2594 3 3 516 1615 1623 1635 1636 1637 1638 1639 1640 1641 1642 1643 1644 1645
2595 3 3 13493 29954 29968 35493 35501 35856 35857 35858 35859 35860 35861 35862
2596 0 0 1994 2476 4484 5365 16496 16504 16510 16511 16512 16513 16514 16515 52757
2597 0 0 7014 12264 28075 36922 36927 36937 36938 52758
2598 0 0 861 879 2426 2509 2516 4325 4663 4701 5324 5408 5409 5410 5411 5412 5413 5414 52759
2599 0 0 11131 16143 16191 17934 17944 17991 17992 17993 17994 17995 17996 17997 52760
2600 3 3 42535 42536 42537 42538 42539 42540 42541 42542 42543 42544 42545 42546 42547
2601 3 3 41474 41480 41487 41497 41503 43360 44774 44784 44810 44811 44812 44813 44814 44815 44816 44817
2602 0 0 4539 8498 14739 14743 22600 22601 22602 22603 22604 22605 22606 22607
2603 1 1 3676 3686 5674 5703 5739 5773 5830 5843 5846 5987 5995 6132 6133 6134 6135 6136 6137 6138 6139 6140 6141 6142 6143 6144
2604 0 0 9726 15772 24064 24083 24103 24104 24105 24106 24107
2605 2 2 6348 7140 11476 12587 12618 12647 20027 20040 20062 20075 20081 20241 20247 21101 29457 29460 29479 29488 29491 29498
2606 0 0 16293 16308 16312 16313 16314 16315 16316 16317 16318 16319 16320 16321 16322 16323 16324 52761
2607 4 4 19570 19571 19572 19573 19574 19575 19576 19577 19578 19579 19580 19581 19582 19583 19584 19585 19586 19587 19588 19589
2608 0 0 1181 1196 3465 3474 3478 3479 3480 3481 3482 52762
2609 0 0 24434 25844 25851 25852 25853 25854 25855 25856 25857 25858 25859 25860 25861 25862
2610 3 3 13067 24371 36345 38029 38035 38045 38046 38047 38048 38049 38050
2611 2 2 14127 30715 30877 30885 30895 30896 30897 30898 30899 30900 30901 30902 30903 30904 30905 30906 30907
2612 0 0 50255 50256 50257 50258 50259 50260 50261 50262 50263 50264 50265 50266 50267
2613 2 2 5587 10361 16107 16117 22264 23443 24581 24590 24591 24592 24593 24594 24595 24596 24597 24598 24599 24600
2614 0 0 116 618 857 858 859 860 861 52763
2615 3 3 22772 22788 22804 22820 22841 22852 22853 22854 22855 22856 22857 22858 22859 22860 22861 22862
2616 2 2 27125 27315 27316 27317 27318 27319 27320 27321 27322 27323 27324 27325 27326 27327 27328 27329 27330 27331
2617 4 4 34031 34043 34054 34058 34066 35117 43302 43308 43317 43319 43333 43334
2618 1 1 21816 21827 21831 21835 21838 21841 21849 21854 21869 21885 21896 21913 21920 30588 30593 30607 30611 30612 30613 30614
2619 0 0 46390 46393 48746 48788 50029 50040 50067 50081 50082 50083
2620 3 3 21387 28286 28311 28327 28328 28329 28330 28331 28332 28333 28334 28335 28336 28337
2621 0 0 26093 30938 30943 30944 30945 30946 30947 30948 30949 30950 52764
2622 3 3 1519 5204 7642 13762 13763 13764 13765 13766 13767 13768 13769 13770 13771 13772
2623 2 2 17741 22620 22631 22636 22645 25072 25083 26206 26207 26208 26209 26210 26211 26212 26213 26214 26215 26216 26217
2624 0 0 6885 12198 12199 12200 12201 12202 12203 12204 12205 12206 12207 52765
2625 0 0 3558 6295 6320 6335 6345 7138 7160 7168 11437 12645 12646 12647 12648 12649 12650 52766 52767
2626 3 3 11250 17598 17605 18113 18147 18171 18175 18176 18177 18178 18179 18180 18181 18182 18183
2627 3 3 24030 24040 24049 24093 29407 32897 38265 38278 41568 41582 41588 41590 41591 41592 41593
2628 0 0 13201 29585 36984 36990 36991 36992 36993 52768
2629 0 0 887 1037 1046 1047 1048 1049 1050 52769
2630 1 1 983 992 1010 1153 1160 1172 2645 2660 2709 2719 2740 2754 3363 6630 6639 6653 6655 6656 6657 6658 6659 6660 6661
2631 3 3 33208 41747 49272 49299 49306 49308 49310 49311 49312 49313
2632 0 0 26837 26892 26908 26920 26932 26970 26982 26985 26993 26994 26995
2633 1 1 11591 11663 16016 16028 24359 24367 36307 36339 36346 36351 36352 36353 36354 36355 36356 36357 36358 36359 36360
2634 0 0 6340 7137 7138 7139 7140 7141 7142 7143 7144 7145 7146 7147 52770
2635 0 0 5421 5436 6055 10106 10111 10112 10113 10114 10115 10116 10117 10118 10119 10120 10121 10122 10123 52771
2636 2 2 45059 48271 48286 48300 48326 49768 49779 49789 49810 49816 49819 49828 49829 49830 49831
2637 0 0 30984 39336 39340 39341 39342 39343 39344 39345 39346 39347 39348 39349 39350 39351
2638 3 3 778 4559 5059 5069 8875 8882 8915 8924 8932 15137 15162 15173 15184 15186 15188 15189
2639 0 0 2109 2763 2843 4490 5935 5946 5954 5956 5957 5958 5959 52772
2640 0 0 26077 30952 30963 39261 39262 39263 39264 39265 39266 39267 39268 39269 39270 39271 39272 52773
2641 2 2 34419 34432 34451 34461 36146 36175 36537 40825 45800 45810 48405 50203 50217 50226 50228 50229 50230 50231
2642 0 0 50492 50493 50494 50495 50496 50497 50498 50499 50500 50501 50502
2643 3 3 7799 7842 7874 7878 7882 7887 10338 10345 10351 13918 13931 13937 13941 13942
2644 2 2 29372 29380 29384 29389 29395 29401 29405 29412 32880 32895 32909 32912 32913 32914 32915 32916 32917 32918
2645 0 0 10995 14724 14725 14726 14727 14728 14729 14730 14731 14732
2646 0 0 37273 37276 37277 37278 37279 37280 37281
2647 2 2 14588 14597 14602 22889 22926 31514 31523 31533 31540 31566 36914 40172 40189 40190 40191 40192 40193 40194 40195 40196
2648 0 0 23647 23653 23662 23668 32235 32248 32252 32263 32264
2649 3 3 31154 31284 39439 39577 39673 39702 39717 46837 46838 46839 46840 46841 46842
2650 0 0 51830 51837 51842 51847 51852 51853 51856 51860 51873 51884 51885 51886 51887
2651 3 3 7479 9631 12356 12367 12897 15409 19958 19966 28894 28920 28932 28937 28938 28939
2652 2 2 9357 9375 15394 15434 15476 15957 28157 28194 28211 28925 28941 28945 28948 28949
2653 4 4 7903 7909 9179 30606 30617 30619 30684 38842 38851 38854 38860 38861 38862 38863
2654 3 3 2811 2812 2813 2814 2815 2816 2817 2818 2819 2820
2655 0 0 5377 9589 17936 35050 35062 35076 35077 35078 35079 35080
2656 3 3 7970 13910 14034 19065 19121 19122 19123 19124 19125 19126 19127 19128 19129 19130 19131
2657 0 0 3588 17363 17412 17416 17434 17437 17440 17455 17456
2658 0 0 3053 3054 3055 3056 3057 3058 52774
2659 2 2 9643 12768 13404 13421 13446 13557 13570 13571 13572 13573 13574 13575 13576 13577 13578 13579 13580
2660 3 3 14690 14713 19586 19595 19644 19660 19673 19693 19694 19695 19696 19697 19698 19699 19700
2661 2 2 11242 14949 17285 18183 20389 20406 20407 20408 20409 20410 20411 20412 20413 20414 20415 20416
2662 3 3 37360 44139 44140 44141 44142 44143 44144 44145 44146 44147 44148 44149 44150
2663 0 0 45848 45856 45864 45870 46410 46440 46446 48717 48761 48792 50266 50270 50290 50296 50298
2664 4 4 6823 6854 6870 12135 12147 12159 12168 12169 12170 12171 12172 12173 12174
2665 0 0 20625 22536 22555 22851 22870 22935 32019 32059 32066 32077
2666 3 3 13915 19243 27709 30484 30508 30523 30524 30525 30526 30527 30528 30529 30530
2667 1 1 3674 3749 3794 3806 3819 3822 3827 7523 7524 7531 7542 7548 13475 13479 13480 13481 13482 13483 13484 13485
2668 0 0 16202 24841 24844 24893 34258 34270 34275 34278 34279 34280 34281 52775
2669 3 3 12833 20370 33015 33239 33252 33264 33265 33266 33267 33268 33269 33270 33271 33272 33273 33274
2670 0 0 56 118 203 615 696 722 723 724 725 726 727 728 729 730 731 52776
2671 3 3 7185 12630 13117 13125 13126 13127 13128 13129 13130 13131
2672 2 2 8177 18965 19137 19158 19220 19245 27776 30510 30527 30534 30553 30566 30836 31195 31196 31197 31198 31199 31200 31201 31202
2673 0 0 40440 40478 40479 40480 40481 40482 40483 40484 40485
2674 3 3 8326 25572 25599 25617 25623 31438 31439 31440 31441 31442 31443 31444 31445 31446 31447 31448
2675 3 3 32680 32687 32694 40849 40877 40893 40894 40895 40896 40897 40898
2676 0 0 6098 6099 6100 6101 6102 6103 6104 52777
2677 0 0 4531 4543 8569 10672 14738 14742 14743 14744 14745 14746 14747 52778
2678 0 0 3958 5109 7639 8096 12988 12991 12992 12993 12994 12995 12996 12997 12998
2679 0 0 16815 34019 34034 34043 34044 34045 34046 34047 34048 34049 34050 52779
2680 0 0 3849 3869 3881 3887 9653 9717 19085 21674 21691 21720 21724 21725 21726 21727 52780
2681 0 0 22772 22773 22774 22775 22776 22777 22778 22779 22780 22781 22782 22783 22784
2682 0 0 51523 51524 51525 51526 51527 51528 51529 51530 51531 51532 51533
2683 1 1 42289 42293 42302 42308 42314 42319 42325 42328 42334 42338 42347 42353 46982 46997 47011 47020 47033 47037 47040 47929 47939 47953 47954 47955 47956 47957
2684 2 2 29692 29698 29802 29809 33558 33565 35651 35665 35668 38563 38568 38578 38581 38587 38589 38590 38591
2685 2 2 40349 42411 47046 47053 47054 47055 47056 47057 47058 47059 47060 47061 47062
2686 0 0 9662 9712 11823 13196 24024 24036 29391 29400 29576 29577 29578 29579 29580 29581 52781
2687 4 4 5372 9542 9546 9547 9548 9549 9550 9551 9552
2688 2 2 5348 5394 9566 15674 16355 16382 16437 23116 23171 23176 23180 23186 23187 23188 23189 23190 23191 23192 23193 23194 23195
2689 3 3 41052 41076 47387 48383 48477 48497 48523 48528 51442 51468 51475 51481 51483 51484
2690 2 2 21636 29250 29270 29314 29321 29620 29675 29678 29904 30086 30101 30192 30232 38375 38488 38505 43670 43681 43685 43686 43687 43688 43689 43690 43691
2691 4 4 25155 34487 34500 36620 36648 36668 36685 36698 36721 36722 36723 36724 36725 36726
2692 0 0 23969 23976 23977 23978 23979 23980 23981 23982 23983 23984 23985 23986 52782
2693 2 2 5313 5323 5329 9025 9929 9965 9971 9974 9975 9976 9977 9978 9979 9980 9981 9982 9983 9984 9985 9986
2694 0 0 254 1198 1199 1200 1201 1202 1203 1204 52783
2695 2 2 2885 2911 7488 7555 10912 10943 13483 13504 13505 13506 13507 13508 13509 13510 13511 13512
2696 0 0 34303 34304 34305 34306 34307 34308 34309 34310
2697 1 1 30739 30745 30757 30822 30848 31294 31301 31302 31303 31304 31305 31306 31307 31308 31309 31310
2698 3 3 3163 3187 3191 3196 6356 6373 6377 6387 11372 11470 11474 11491 18600 18601 18602 18603 18604 18605 18606
2699 3 3 30323 30342 30387 30401 30402 30403 30404 30405 30406 30407 30408 30409 30410 30411 30412
2700 2 2 16649 16659 24660 25171 25496 34555 34562 42542 42562 42588 42590 42592 42722 42819 42844 42860 42868 42869 42870 42871 42872
2701 3 3 13154 13404 13405 13406 13407 13408 13409 13410 13411 13412 13413 13414 13415
2702 2 2 209 240 405 406 407 408 409 410 411 412 413 414 415 416 417
2703 0 0 39817 40088 46710 46823 50494 50506 50509 50515 50516 50517 50518 50519 50520 50521 50522 52784
2704 0 0 6232 6233 6234 6235 6236 6237 6238 6239
2705 3 3 28463 28464 28465 28466 28467 28468 28469 28470 28471 28472 28473 28474 28475
2706 4 4 5013 8099 8122 9329 9341 15466 15488 15838 15846 15860 15861 15862 15863
2707 2 2 3227 3235 3245 4835 13912 14027 19099 19129 21927 21928 21929 21930 21931 21932 21933 21934 21935 21936
2708 0 0 42387 46662 48209 48216 51304 51351 51362 51823 51831 51832 51833 51834 51835 51836 51837
2709 0 0 18686 18687 18688 18689 18690 18691 18692 52785
2710 3 3 31420 40076 41250 41251 41252 41253 41254 41255 41256 41257 41258 41259 41260 41261 41262 41263
2711 0 0 9072 15088 16933 16974 25690 34878 35250 35267 35272 35276 35277 35278
2712 0 0 19053 19071 19080 19087 21684 21688 21719 27659 27664 27668 27669 27670 27671 27672 27673
2713 0 0 17530 26090 26129 35714 35730 35731 35732 35733 35734 35735 35736 52786
2714 0 0 3577 6262 6401 6412 6417 7264 11377 11378 11379 11380 11381 11382 52787
2715 0 0 30736 30763 30765 30777 30778 30779 30780 30781
2716 0 0 1183 1195 1321 1332 1333 1334 1335 1336 1337 1338 1339 1340 52788
2717 0 0 32469 32470 32471 32472 32473 32474 32475 32476 32477 32478 32479 52789
2718 2 2 11512 11519 11527 11541 11592 11639 11652 11664 11676 16012 24386 36310 36333 36356 36367 38057 38065 44396 44397 44398 44399 44400 44401 44402 44403
2719 3 3 36464 36471 36499 44641 44665 44678 44695 44712 49476 49596 49616 49618 49619 49620 49621 49622 49623 49624
2720 0 0 1512 3951 5200 7638 7639 7640 7641 7642 7643 7644 7645 7646 52790
2721 0 0 710 1972 1973 1974 1975 1976 1977 1978 1979 52791
2722 2 2 17951 34117 35972 42544 42554 42576 42583 42594 42603 42611 42618 42635 42647 42720 42811 43336 44107 44110 44122 44136 44137 44138
2723 3 3 13156 13407 13420 13426 13448 13562 13577 15713 15720 15721 15722 15723 15724
2724 2 2 22261 22273 24582 24590 24604 25653 27352 33823 33839 33853 33861 33862 33863 33864 33865
2725 0 0 10191 10192 10193 10194 10195 10196 10197 10198 10199 10200 10201 10202 10203 10204 52792
2726 4 4 25500 34484 34485 34486 34487 34488 34489 34490 34491 34492 34493 34494
2727 0 0 31761 31871 31874 38881 38892 38926 40465 40505 40516 40517 40518 40519 40520 40521 40522
2728 3 3 2616 2920 2921 2922 2923 2924 2925 2926 2927 2928
2729 0 0 2730 3073 6106 10441 10459 10464 10465 10466 10467 10468 10469 10470 10471 10472 52793
2730 0 0 14299 19031 19236 27726 27729 27739 27746 27747 27748 27749 27750 27751
2731 3 3 10949 17342 17471 17474 17475 17476 17477 17478 17479 17480 17481 17482 17483 17484
2732 0 0 3886 19056 19079 19086 19087 19088 19089 19090
2733 1 1 2805 2817 3390 5899 5910 6674 6702 6713 6725 6730 6747 6750 8577 8662 10677 11844 14781 14808 14921 19456 19485 19492 19504 19505 19506 19507 19508 19509 19510
2734 3 3 17474 21580 21590 25966 29758 29819 29830 29831 29832 29833 29834 29835 29836 29837 29838 29839 29840 29841 29842
2735 2 2 3578 6398 6414 7243 7265 10935 11378 17391 17404 17443 18466 18484 18485 18494 18498 18512 18516 18517
2736 0 0 5099 5101 5102 5103 5104 5105 52794
2737 3 3 1877 1889 4018 4062 4120 4127 4136 4149 4160 4162 4163 4164
2738 4 4 48943 48949 48953 48959 48978 48995 48996 48997 48998 48999 49000
2739 2 2 8000 8010 13901 14012 18983 21833 21840 21847 21856 21868 21880 21888 21892 21893 21894 21895 21896 21897
2740 2 2 6438 11567 11568 11569 11570 11571 11572 11573 11574 11575 11576 11577 11578 11579
2741 0 0 51501 51544 51571 51583 51901 51909 51914 51915 51916 51917
2742 0 0 5556 7788 9872 9879 9886 9895 9896 9897 9898 9899 9900 9901 9902 52795
2743 0 0 48130 48139 48149 48154 50168 50176 50190 50195 50199
2744 2 2 47597 47602 47609 47613 47617 47623 47626 47637 47641 47646 47651 50692 50718 50733 50734 50735 50736 50737 50738 50739
2745 2 2 13083 18577 18587 20056 20115 21070 21103 29292 38075 46046 50305 50325 50331 50336 50337 50338 50339 50340
2746 0 0 28231 28238 28247 28256 29634 29635 30228 30253 30264 32947 36973 36978 36988 36992 41599 41623 44912 44922 44925 44926 44927 52796
2747 0 0 49894 49901 49915 49922 49953 49965 49967 49971 49972 49973 49974 49975
2748 3 3 2370 4724 4725 4726 4727 4728 4729 4730 4731 4732 4733
2749 0 0 26282 26287 26291 27820 35878 35895 35896 35897 35898 35899 35900
2750 3 3 8337 8535 23586 23587 23588 23589 23590 23591 23592 23593 23594 23595
2751 2 2 46225 46270 47449 48047 48053 48069 48081 48100 48109 48113 48116 48118 48123
2752 2 2 32321 34096 34438 34904 36525 36572 40800 42791 44778 47284 47294 47307 47309 47310 47311 47312 47313 47314 47315 47316
2753 0 0 2487 2488 2489 2490 2491 2492 2493 2494 52797
2754 0 0 874 2246 5065 5067 5076 5087 5093 23771 23796 23806 23807 23808
2755 3 3 13302 21212 21226 21246 21249 21259 21304 21306 21316 21425 21438 21440 21441 21442 21443 21444 21445 21446 21447 21448 21449 21450
2756 0 0 25458 26059 34694 34760 34769 34770 34771 34772 34773 34774 34775 52798
2757 0 0 8217 11832 14352 19049 22185 27628 36755 39478 44889 44894 44904 44906 44910 52799
2758 4 4 31901 33905 40421 40460 40486 40494 40495 40496 40497 40498 40499 40500 40501 40502
2759 2 2 22607 22612 22885 31524 31547 31560 31565 40141 40171 40185 40190 40198 40213 46870 46884 46886 46887 46888 46889 46890
2760 3 3 6012 12653 16047 17425 24414 24415 24416 24417 24418 24419 24420 24421 24422 24423
2761 3 3 22974 22985 25515 34872 40368 40733 40739 40759 40760 40761 40762
2762 3 3 16988 16996 17005 17022 17030 22997 23005 23017 23041 23049 23051 23052 23053 23054 23055 23056
2763 2 2 25507 35178 35202 35210 35216 35219 35220 35221 35222 35223 35224 35225 35226 35227 35228 35229 35230 35231 35232
2764 2 2 40233 44147 47866 47890 49252 49270 49287 49297 49300 49301 49302 49303 49304 49305 49306
2765 3 3 840 1711 1846 4209 4245 4984 4985 4986 4987 4988 4989 4990 4991 4992 4993 4994
2766 3 3 17549 17566 28906 31708 33198 33199 33200 33201 33202 33203 33204 33205
2767 0 0 7573 12721 13223 13235 13268 20693 20861 20877 20878 20879 20880 20881 20882
2768 0 0 29738 38308 50414 51225 51240 51261 51263 51264
2769 2 2 23397 23405 31817 33757 42285 42292 42323 46974 46990 46996 46997 46998 46999 47000 47001 47002
2770 2 2 2693 2694 2695 2696 2697 2698 2699 2700 2701 2702 2703 2704 2705
2771 3 3 32699 32759 41472 41479 41482 41488 41489 41490 41491 41492 41493 41494 41495 41496 41497 41498 41499 41500
2772 4 4 1406 3788 7495 7509 13523 13525 13526 13527 13528 13529 13530
2773 4 4 13683 15551 15561 15569 15570 15571 15572 15573 15574 15575 15576
2774 0 0 4 82 2036 2045 4414 4420 4434 4439 4442 4443 4444 4445 4446 4447 52800
2775 3 3 33326 36444 37592 37593 37594 37595 37596 37597 37598 37599 37600 37601 37602 37603
2776 2 2 20646 24506 24512 26320 26911 29690 29704 29797 29807 29808 29809 29810 29811 29812 29813 29814 29815
2777 3 3 29801 33503 33517 33548 33549 33550 33551 33552 33553 33554 33555 33556 33557 33558
2778 3 3 13916 13917 13918 13919 13920 13921 13922 13923 13924 13925 13926 13927 13928
2779 3 3 41453 41460 41467 44249 48919 48927 49419 49420 49430 49433 49434
2780 0 0 25366 25419 25425 34826 34851 34852 34853 34854 34855 34856 34857
2781 0 0 2198 4977 5025 5055 5080 7735 7736 7737 7738 7739 7740 7741 7742 52801
2782 1 1 2961 5150 11070 17730 17749 17772 17800 17817 24933 24951 24967 24981 24982 24983 24984 24985 24986 24987 24988 24989
2783 2 2 92 96 446 1223 3536 3550 7207 7218 7223 7455 9761 9780 12528 12531 12532 12533 12534 12535 12536 12537 12538 12539
2784 2 2 14647 14663 14677 17676 17689 19581 19597 19608 19631 19641 19668 19669 19670 19671 19672 19673 19674 19675 19676 19677 19678
2785 0 0 12131 12132 12133 12134 12135 12136 12137 12138 12139 12140 12141 12142 12143
2786 0 0 12013 12034 19381 19401 19406 19412 19413 19414 19415 19416 19417 19418
2787 2 2 13064 18561 21029 21037 21048 21068 21072 21087 21104 24361 24372 29291 36344 38019 38047 38071 38072 38073 38074 38075 38076 38077 38078
2788 3 3 12006 12836 12847 20469 26694 26715 26719 26720 26721 26722 26723 26724
2789 2 2 2484 4583 4601 4602 4603 4604 4605 4606 4607 4608 4609 4610 4611 4612 4613 4614 4615 4616 4617 4618 4619
2790 3 3 1774 1793 2254 12876 12880 12888 20007 20008 20009 20010 20011 20012 20013
2791 0 0 232 245 249 252 253 254 255 256 52802 52803 52804
2792 3 3 37058 37123 38727 40550 40562 40568 40581 40582 40583 40584
2793 0 0 13998 14003 14007 14015 21915 21918 21924 21925 21926
2794 0 0 34881 34979 43014 43031 43113 43128 43130 43211 43219 43542 43554 43562 43563 43564 43565 43566 43567 43568 43569 43570 52805
2795 0 0 1115 1247 3761 3762 3763 3764 3765 3766 3767 3768 3769 3770 52806
2796 0 0 26124 39950 39955 39956 39957 39958 39959 39960 39961 39962 52807
2797 3 3 18465 18501 18515 18595 18628 18666 18668 18672 18673 18674 18675 18676
2798 3 3 2643 2665 2671 2684 2737 3077 5799 6182 6183 6184 6185 6186 6187 6188 6189 6190 6191
2799 0 0 28707 28726 37618 37625 45849 46413 46439 46440 46441 46442 46443 46444
2800 2 2 14112 14124 22008 22016 22025 22054 27603 28685 28686 28687 28688 28689 28690 28691 28692 28693 28694
2801 3 3 48059 48666 50596 50616 50627 50628 50629 50630 50631 50632 50633 50634 50635
2802 2 2 29327 29672 38435 38461 38473 38480 38489 38507 38519 38520 38521 38522 38523 38524 38525 38526 38527 38528 38529 38530 38531
2803 3 3 12322 19872 19873 19874 19875 19876 19877 19878 19879
2804 2 2 9064 9065 9066 9067 9068 9069 9070 9071 9072 9073 9074 9075 9076 9077 9078 9079 9080 9081 9082 9083 9084 9085
2805 2 2 2486 4604 4633 4637 4646 5138 5314 5370 16506 23824 30699 31756 31760 31775 31780 31787 31788 31789 31790 31791 31792 31793 31794
2806 1 1 489 510 560 589 1427 1655 1817 2182 4276 4885 7933 7945 7946 7947 7948 7949 7950 7951
2807 0 0 12035 17242 19384 19395 19405 19406 19407 19408 19409 19410 19411
2808 0 0 594 606 4012 4098 7924 7925 7926 7927 7928 52808
2809 2 2 10207 34641 34656 40870 40892 42196 42217 44197 44198 44199 44200 44201 44202 44203 44204 44205
2810 0 0 38756 38821 38834 39859 46819 50496 50503 50512 50530 50534 50535
2811 0 0 16868 16873 16874 16875 16876 16877 16878 52809
2812 2 2 8536 8546 14592 17633 20974 22872 22892 22911 22928 22939 22940 22941 22942 22943 22944 22945 22946
2813 4 4 6026 10894 17461 17487 17496 17497 17498 17499 17500 17501 17502
2814 4 4 17516 23890 23891 23892 23893 23894 23895 23896 23897 23898 23899
2815 1 1 7517 7530 7534 7549 7558 10860 11218 13481 13498 13505 17340 17625 18203 18204 18205 18206 18207 18208 18209 18210 18211
2816 4 4 32334 34160 36254 36577 47328 51615 51650 51658 51660 51663
2817 4 4 42369 42389 46663 50170 50810 51304 51305 51306 51307 51308 51309 51310 51311 51312
2818 0 0 4791 5267 5483 8793 9153 9154 9155 9156 9157 9158 9159 9160 9161 52810
2819 0 0 8202 11839 14230 14242 14286 14327 14354 14392 19042 19050 22185 22186 22187 22188 22189 22190 22191 52811
2820 4 4 34446 34455 42417 42438 47369 47377 47388 48382 48402 48409 48423 48426
2821 0 0 31398 31427 38758 39735 39736 39737 39738 39739 39740 39741 52812
2822 0 0 6771 6793 6805 8602 8604 14820 14842 14852 14910 14919 14923
2823 0 0 2204 4202 4221 9271 9301 9316 9322 9324 9338 9339
2824 3 3 33030 33031 33032 33033 33034 33035 33036 33037 33038 33039
2825 0 0 34403 34418 34431 34448 36178 36531 36558 50209 50227 50228 50243 50253
2826 0 0 22219 22255 23080 24608 27337 33822 33843 33849 33850 33851 33852 33853 33854 33855 33856 33857 33858 33859 33860 52813
2827 3 3 9017 9026 9981 10004 10011 10094 15110 15116 15118 23812 23823 23830 23831 23832 23833
2828 0 0 635 640 2120 2128 2131 2132 2133 2134 2135 2136 2137
2829 1 1 2388 5385 5399 5406 9572 9585 9973 10146 10147 10148 10149 10150 10151 10152 10153 10154 10155 10156 10157 10158
2830 0 0 41288 43896 48580 48893 48902 48908 48911 48912 48913
2831 2 2 2387 2416 5310 5320 5327 5389 5405 5416 9576 9937 9954 9968 9969 9970 9971 9972 9973
2832 0 0 1531 1532 1533 1534 1535 1536 1537 1538 52814 52815 52816
2833 3 3 20581 26252 26813 26948 28753 29694 38559 38577 38583 38584 38585
2834 0 0 3905 3924 3936 3941 3946 7809 7848 7857 7865 7866 7867
2835 0 0 27311 33285 33292 33293 33294 33295 33296 33297 33298 33299 33300 33301
2836 2 2 674 773 780 2193 4581 4971 4973 5028 5056 7735 8779 8874 8885 8893 8916 8921 8922 8923 8924 8925 8926
2837 2 2 34409 42410 47058 47074 49712 49725 49735 49747 49748 49749 49750 49751 49752 49753 49754 49755 49756
2838 0 0 451 3655 7020 7172 7173 7174 52817
2839 4 4 46574 46590 46601 46604 46605 46606 46607 46608 46609
2840 2 2 9422 9509 13759 23614 29078 29097 29105 29107 30330 30335 30336 30337 30338 30339 30340 30341 30342 30343 30344
2841 2 2 2441 4743 4810 8981 8991 9053 9084 9117 9125 9133 9134 9135 9136 9137 9138 9139 9140 9141 9142 9143 9144
2842 2 2 14200 22197 27778 37492 37501 37507 39602 39609 42405 45363 50778 50792 51690 51709 51711 51714 51715 51716
2843 3 3 4292 7629 8126 13003 13008 13024 21776 21777 21778 21779 21780 21781 21782 21783
2844 4 4 14025 14037 14038 14039 14040 14041 14042 14043 14044 14045
2845 3 3 16124 16402 18801 24678 24679 24680 24681 24682 24683 24684 24685 24686 24687 24688 24689 24690 24691
2846 2 2 43345 43369 43382 43383 43384 43385 43386 43387 43388 43389 43390 43391 43392 43393 43394 43395 43396 43397
2847 0 0 9384 13701 13837 13838 13839 13840 13841 13842 13843 13844 13845 52818
2848 2 2 21967 21977 27618 30726 30732 30743 30744 30745 30746 30747 30748 30749 30750
2849 3 3 32301 45279 45313 45323 45326 47108 47117 47131 47142 47145 47219 51077 51092 51112 51113 51116
2850 0 0 35633 35634 35635 35636 35637 35638 35639 35640
2851 0 0 4717 8971 14458 14492 14508 14514 14524 14530 14531 14532 14533 14534 14535 52819 52820
2852 0 0 4299 4304 5106 8124 8136 9488 9502 13005 13016 13021 13022 13023 13024 13025 13026
2853 2 2 13478 13485 13501 13516 25714 25733 26542 26543 26544 26545 26546 26547 26548 26549 26550
2854 0 0 6083 11066 17758 17776 17783 17789 17790 17791 17792 17793
2855 0 0 214 216 217 218 219 220 221 222 52821 52822
2856 4 4 42499 42500 42501 42502 42503 42504 42505 42506 42507 42508 42509
2857 0 0 9938 9988 10003 10006 10051 10071 10081 10091 15035 15052 15069 15096 15097 15098 15099 15100 15101 15102 15103
2858 4 4 26707 29881 35387 35399 35408 35418 35424 43603 43629 43634 43638 43640 43641 43642 43643
2859 2 2 29908 29983 29993 33485 38326 38340 38358 38392 38425 38427 38592 38593 38594 38595 38596 38597
2860 3 3 2296 2321 2334 2349 2353 2354 2355 2356 2357 2358 2359 2360 2361
2861 2 2 21783 21791 21797 23496 30370 30377 30382 30389 30412 30421 30425 30436 37322 37917 38658 38674 38681 38682 38683 38684 38685 38686
2862 0 0 309 313 314 315 316 317 318 52823 52824
2863 3 3 15707 21622 21632 30014 30024 30038 30046 30054 30067 30069 30095 30108 30140 32806 32826 32833 32835 32836 32837 32838 32839
2864 2 2 37255 42276 45267 45285 45297 45307 47147 47270 47926 47942 47944 47945 47946 47947 47948
2865 0 0 7435 7436 7437 7438 7439 7440 7441
2866 0 0 50 65 4769 4781 4783 4784 4785 4786 52825
2867 3 3 26077 26078 26079 26080 26081 26082 26083 26084 26085
2868 2 2 28526 28536 28545 28553 28560 28671 32985 32993 33006 33012 33021 33023 33024 33025 33026 33027 33028
2869 0 0 39276 39303 39307 39314 39324 46311 46320 46335 46340 46341 46342 46343 46344 52826
2870 4 4 50698 50731 50752 51220 51230 51242 51247 51248 51249 51250
2871 3 3 20363 28705 28714 36156 46407 46416 46417 46418 46419 46420 46421 46422 46423 46424 46425 46426
2872 2 2 13415 13558 20141 21629 23992 24014 28295 29550 29560 29566 32813 32830 32839 32850 32851 32855 32858 32859
2873 2 2 1807 1815 1834 1842 1856 4241 4289 8070 8077 8095 8100 8105 8106 8107 8108 8109 8110
2874 0 0 1136 1145 1156 1161 1165 1171 1172 1173 1174 1175 1176 1177 52827
2875 2 2 23144 23150 23164 28443 28450 31746 42297 42307 42313 42327 42329 42330 42331 42332 42333 42334
2876 2 2 5147 11013 15298 17737 17748 23327 23387 23388 23389 23390 23391 23392 23393 23394 23395 23396 23397
2877 2 2 15302 23323 23393 23409 31821 31842 40386 40399 40403 46977 46992 46996 47007 47008 47009 47010
2878 2 2 35976 35985 42545 42575 42617 42641 42646 43326 43335 44104 44118 44124 44129 44134 44138 49096 49104 49112 49134 49135
2879 0 0 6436 11506 11516 11517 11518 11519 11520 11521 11522 11523 11524 11525 11526 52828
2880 2 2 18963 27780 33964 39597 39610 42383 42408 45364 48152 50766 50777 51689 51708 51711 51712 51713
2881 0 0 1625 1640 1797 1798 1799 1800 1801 1802 1803 1804 1805 1806 1807 52829
2882 0 0 10863 10864 10865 10866 10867 10868 10869 10870 10871 10872
2883 0 0 11761 11768 11776 11780 11785 18710 18719 18720 18721 18722 18723 18724 18725 18726
2884 0 0 253 322 423 1207 3512 3513 3514 3515 3516 3517 52830 52831
2885 0 0 2778 2804 2822 4523 5868 5871 5919 8559 8572 10639 10654 10665 10668 10669 10670 10671 10672 10673 10674 10675 10676 52832
2886 3 3 29913 38321 38341 38381 38386 38395 38428 43698 45889 45926 45946 45950 45951 45953
2887 0 0 30959 30964 39271 41444 42940 43797 48825 48830 48835 48845 48915 48954 48960 48972 48974 48975 48976 48977 48978 48979 48980 52833
2888 1 1 3618 3636 3646 7101 9352 9366 9790 13395 13457 13459 15710 28122 28165 28172 28174 28175 28176 28177 28178 28179 28180 28181 28182
2889 0 0 6010 6022 6031 6032 6033 6034 6035 6036 6037 6038 52834
2890 2 2 32344 32353 32365 37516 39112 42399 45569 46424 46428 46434 47821 50113 50132 51700 51727 51734 51737 51742 51743
2891 3 3 14136 14146 19024 19197 30755 30767 30781 30784 30788 30789 30790 30791 30792 30793 30794 30795 30796 30797 30798
2892 0 0 3202 6267 6270 6316 6381 6391 6405 6406 6407 6408 6409 6410 6411 52835
2893 3 3 28620 28640 28652 28653 28654 28655 28656 28657 28658 28659
2894 0 0 10352 10353 10354 10355 10356 10357 10358 52836
2895 0 0 31376 31387 31391 31392 31393 31394 31395 31396 52837
2896 0 0 2583 2612 2613 3743 3813 3821 3822 3823 3824 52838
2897 0 0 798 870 876 2232 2241 2245 5074 5086 5091 5092 5093 5094
2898 0 0 28645 41802 41814 41848 41863 44438 44481 44483 44484 44485 44486 44487 44488
2899 3 3 33188 37139 41692 41703 41712 41751 45097 45098 45099 45100 45101 45102 45103 45104
2900 0 0 32610 36736 40929 40936 40941 40950 40951 40952
2901 3 3 32873 32955 33249 33272 47745 47759 47767 47768 47769 47770 47771 47772 47773
2902 0 0 34891 34986 41235 43561 43566 43571 48456 48474 48491 48493 48499 52839
2903 2 2 31989 32003 33956 33981 33997 34016 37032 40611 40618 42494 42513 47162 47184 48238 48249 48254 48266 48267 48268
2904 0 0 31001 31014 31027 32392 32399 32461 32463 39362 45585 45596 45843 45865 46353 46362 46367 46368 46369 46370 46371
2905 2 2 13044 14639 19652 19706 28810 29118 29129 29159 35880 35901 35902 35903 35904 35905 35906 35907
2906 3 3 20864 20883 20891 20892 20893 20894 20895 20896 20897 20898 20899 20900 20901
2907 0 0 20016 21663 28251 28257 28258 28259 28260 28261 52840
2908 3 3 15972 15981 21201 24214 32892 33053 33056 41570 41579 41580 41581 41582 41583 41584 41585
2909 0 0 14076 14077 14078 14079 14080 14081 14082 14083 14084 14085 14086 14087 52841
2910 3 3 9071 9090 9104 9131 9138 10371 10384 10386 10387 10388 10389 10390 10391 10392 10393
2911 3 3 2197 4950 4966 4972 4973 4974 4975 4976 4977 4978 4979
2912 2 2 833 1844 3852 5162 5173 5179 5189 5190 5191 5192 5193 5194 5195 5196 5197 5198
2913 0 0 11140 11141 11142 11143 11144 11145 52842
2914 2 2 473 914 978 2646 2659 2704 2715 2718 2742 2749 2754 2755
2915 2 2 2444 4744 4758 4800 5476 8776 8813 8889 8913 8981 8982 8983 8984 8985 8986 8987 8988 8989 8990
2916 1 1 15412 15427 15428 15873 15886 15900 15956 20958 24148 24273 28190 28928 28946 28949 28950 28951 28952 28953 28954 28955
2917 3 3 29604 29740 29898 38305 41874 50404 50410 50414 50415 50416 50417 50418 50419 50420 50421
2918 0 0 5041 5088 9440 9454 9458 9459 9460 9461 52843
2919 0 0 569 1467 1548 1552 3967 4106 4176 4187 7980 13976 13983 13987 13988 13989 13990 13991 52844
2920 0 0 35690 35691 35692 35693 35694 35695 35696 35697 35698 52845
2921 2 2 12984 13784 13801 15808 15834 24298 29080 29082 29083 29084 29085 29086 29087 29088
2922 2 2 9619 11059 11075 11254 16098 17601 26828 26858 26865 26876 26877 26878 26879 26880
2923 1 1 28390 30028 30036 30090 30092 30107 30119 30145 30157 30243 33047 33087 33095 33111 33129 33164 33169 33181 33182 33183 33184
2924 2 2 626 2504 2526 4314 4315 4316 4317 4318 4319 4320 4321
2925 2 2 27210 33701 33717 33721 33726 34654 34801 34807 35632 40846 40862 40873 40877 40878 40879 40880 40881 40882 40883
2926 0 0 16896 25553 25564 25573 25577 25601 25602 25603 25604 25605 25606 25607 52846
2927 0 0 31336 31337 31338 31339 31340 31341 31342 31343 31344 31345 31346
2928 0 0 36456 36469 36491 44668 44689 44691 44692 44693 44694 44695 44696 52847
2929 3 3 12590 13095 21171 21181 21192 28287 28309 28310 28311 28312 28313 28314 28315 28316 28317 28318 28319
2930 0 0 15883 15905 20960 20967 20968 20969 20970 20971
2931 2 2 48882 48888 48896 48907 48931 48967 51488 51503 51534 51543 51553 51558 51570 51578 51580 51581 51582 51583 51584
2932 2 2 403 415 443 1367 1368 1369 1370 1371 1372 1373 1374
2933 0 0 10353 22216 22229 22243 22249 22994 23030 23035 23038 23041 23042 23043 23044 23045 23046 23047 52848
2934 0 0 8351 8359 14600 27844 27859 27864 27865 27866 27867 27868 27869 27870 27871 27872 52849
2935 0 0 8617 8625 14681 14816 19350 19481 19589 19661 19681 19701 19702 19703
2936 0 0 23933 23939 36191 36192 36193 36194 36195 36196 36197 36198
2937 0 0 38 128 160 168 175 191 1255 1279 1285 1299 1302 1303 52850
2938 2 2 6627 6636 6645 6654 6661 6690 6705 6714 6724 6735 6736 6737 6738 6739 6740 6741
2939 4 4 5547 5548 5549 5550 5551 5552 5553 5554 5555 5556 5557 5558 5559 5560
2940 0 0 2776 4377 4394 5921 5926 6554 8391 8435 8548 8555 8556 8557 8558 8559 8560 8561 52851
2941 2 2 25102 25108 25112 25123 25128 25137 25142 25147 25438 25452 26965 27002 27005 27013 34647 34675 34685 34724 34729 34734 34737 34738
2942 0 0 14569 14642 14675 17677 19677 23501 23514 28790 29151 29155 29171 32013 32024 32031 32045 32056 32057
2943 4 4 6231 11107 11149 11160 11175 11179 11182 17110 24549 26433 26454 26457 26462 26467 26480 26485
2944 3 3 31169 31170 31171 31172 31173 31174 31175 31176 31177 31178 31179 31180
2945 3 3 8487 22280 22493 22498 22499 22500 22501 22502 22503 22504 22505 22506 22507 22508 22509 22510
2946 4 4 35475 35476 35518 43646 43647 43648 43649 43650 43651 43652 43653 43654
2947 3 3 713 1974 1996 1998 1999 2000 2001 2002
2948 2 2 8528 20977 22943 23589 23706 23724 29117 29137 29143 29162 29163 29164 29165 29166 29167 29168 29169
2949 3 3 2622 2765 2829 2859 2862 5951 8688 10775 10801 10804 10805 10806 10807 10808 10809
2950 3 3 11648 11668 11763 11773 16038 18751 21152 44495 44511 44514 44515 44516 44517 44518
2951 3 3 12413 12606 12622 13088 13093 18573 18592 20026 20038 20055 20064 20067 20068 20069 20070 20071
2952 4 4 43805 43812 43813 43814 43815 43816 43817 43818 43819 43820 43821
2953 0 0 633 639 2117 2133 2782 2793 2938 5872 8641 8648 8655 8656 8657 8658 8659 8660 8661 52852
2954 0 0 3902 3982 3983 3984 3985 3986 3987 3988 3989 3990 3991 3992
2955 2 2 17544 28913 29067 31733 32081 33624 33625 33626 33627 33628 33629 33630 33631 33632 33633 33634
2956 2 2 5045 5353 7723 7731 13843 15577 15610 23793 28468 28477 28487 28488 28489 28490 28491 28492 28493
2957 2 2 14072 21990 38956 39036 39046 46715 47982 47994 48015 48020 48028 48029
2958 2 2 4934 7985 8013 8031 9185 9186 9187 9188 9189 9190 9191 9192 9193 9194 9195 9196
2959 0 0 7028 7086 7090 7091 7092 7093 7094 7095 7096 7097 7098 52853
2960 3 3 6118 6128 6131 10481 10559 10565 10598 10615 10619 10620 10621
2961 0 0 3063 3107 3125 11205 11257 11274 11286 11311 18053 18065 18079 18094 18096 18097 18098 18099 18100 18101 18102 52854
2962 3 3 16537 23135 23264 23270 23271 23272 23273 23274 23275 23276 23277 23278 23279 23280 23281 23282 23283
2963 4 4 41250 43830 43901 43920 43934 46787 47464 47471 47472 47473 47474 47475 47476
2964 0 0 23898 25512 35220 40764 42958 42964 42965 42966 42967 42968 42969 42970 42971
2965 3 3 24269 24535 28759 29727 29728 29729 29730 29731 29732 29733 29734 29735
2966 0 0 2307 2324 5263 5276 5277 5278 5279 5280 5281 5282 5283 52855 52856
2967 4 4 43815 46227 46228 46229 46230 46231 46232 46233 46234 46235
2968 0 0 49908 49923 49945 49952 49953 49954 49955 49956 49957 49958 49959
2969 3 3 23390 23398 23399 23400 23401 23402 23403 23404 23405
2970 3 3 25997 26046 26073 27025 27052 27078 27084 27093 27100 27108 27112 27113
2971 2 2 20737 20746 20761 28832 28849 28858 28868 37721 37744 37750 37756 37757 37758
2972 4 4 20820 21611 38522 38535 38545 43695 45880 45897 45910 45928 45929 45930 45931
2973 3 3 36209 36570 36591 36592 36593 36594 36595 36596 36597 36598 36599 36600 36601 36602
2974 3 3 39734 45407 46667 48207 48228 51348 51368 51369 51370 51371 51372 51373
2975 2 2 20899 21409 21414 27926 29652 35457 35462 35510 37649 38437 38446 38458 38477 38478 38479 38480 38481 38482 38483 38484 38485 38486 38487
2976 3 3 16562 16577 16675 16695 16734 17870 17888 17889 17890 17891 17892 17893 17894 17895 17896 17897 17898
2977 0 0 10377 10385 10393 16949 25633 25640 25671 25672 25673 25674
2978 2 2 27315 32696 36213 36583 36607 41002 41010 41507 41510 41522 44342 44347 44356 44755 44775 44791 44804 44818 44819 44820
2979 2 2 13155 13410 13566 15718 15720 15736 15745 15750 20209 23988 24014 24015 24016 24017 24018 24019
2980 0 0 33407 33418 41762 41775 41777 41778 41779 41780
2981 3 3 12623 12641 13100 28271 28324 29263 29278 29284 29285 29286 29287 29288 29289 29290
2982 3 3 38751 38790 38829 38831 40090 41362 41434 46817 46849 46851 46863 46867 50500 50511 50528 50535 50542 50927 50932 50952 50956 50958 50961
2983 2 2 28392 29612 30158 33051 33096 33155 33182 38637 41632 47587 47598 47607 47610 47611 47612 47613
2984 0 0 29949 29957 46023 46027 46028 46029 46030 46031 46032 46033
2985 1 1 21586 21592 24341 24450 29720 29748 29757 29771 29785 29830 29962 33421 33429 33438 33439 33440 33441 33442 33443 33444 33445 33446 33447 33448 33449 33450 33451 33452 33453 33454 33455 33456
2986 0 0 0 1 2 3 4 52857 52858 52859
2987 0 0 6002 7522 7535 7551 7559 10825 10833 10858 11219 11233 11267 18205 18212 18213 18214 18215 18216 18217 52860
2988 0 0 22131 22132 22133 22134 22135 22136 22137 22138 22139 22140 52861
2989 4 4 21297 21298 21299 21300 21301 21302 21303 21304 21305
2990 3 3 25368 25399 25463 34820 34831 34856 36633 36641 42952 42954 44833 44840 44857 44875 44876 44880
2991 0 0 13781 13782 13783 13784 13785 13786 13787 13788 13789 13790 13791 13792
2992 0 0 41289 41311 43145 43879 43893 48574 48580 48581 48582 48583 48584 48585 48586
2993 0 0 11617 11714 11730 14103 18699 22034 22057 22059 22060 22061 22062 52862
2994 3 3 9279 9661 12884 12890 15450 15469 15983 15987 15988 15989 15990 15991 15992 15993
2995 0 0 8214 14353 14368 14406 14411 36750 36751 36752 36753 36754 36755 36756 36757 36758 52863
2996 3 3 16731 16742 18334 25186 25198 25203 25215 25236 25237 25238 25239 25240
2997 2 2 25974 26597 27087 29760 29827 29836 29847 29858 35639 35655 35657 35664 35672 35673 38560 38566 38570 38582 38586 38587
2998 3 3 7204 7459 7462 12524 12531 12540 12541 12542 12543 12544 12545 12546
2999 3 3 12522 12563 12566 13381 20150 20169 20184 20186 20187 20188
3000 3 3 12517 12542 12568 13163 13384 15732 15740 15741 15742 15743 15744 15745 15746 15747 15748
3001 0 0 7220 12526 12549 12560 12561 12562 12563 12564 52864
3002 0 0 28528 28541 28670 28676 28679 32958 32986 32988 32993 32994 32995 32996 32997 32998 32999 33000 33001 33002
3003 0 0 20379 24114 24119 24120 24121 24122 24123 24124 24125
3004 0 0 34 35 36 37 38 39 40 41 42 43 44 52865
3005 3 3 8445 8446 8447 8448 8449 8450 8451 8452 8453 8454 8455 8456
3006 0 0 69 2998 4475 4482 4483 4484 4485 4486 4487 4488 52866
3007 0 0 72 2488 4477 5360 8507 9553 15631 15632 15633 15634 15635 15636 15637 15638 15639 15640 52867
3008 0 0 70 4475 4476 4477 4478 4479 4480 4481 52868
3009 0 0 68 2490 4479 4486 5117 5361 9533 9554 15635 15669 16489 16490 16491 16492 16493 16494 16495
3010 4 4 8832 8871 8880 8901 8908 8918 8934 9164 15129 15141 15147 15162 15163 15164 15165 15166
3011 4 4 4801 8777 8814 8867 8888 8889 8890 8891 8892 8893 8894 8895
3012 0 0 31410 35169 41088 41212 41213 41214 52869
3013 0 0 31409 35167 41077 41214 41217 41224 41234 43500 43511 43560 48452 48457 48464 48471 48472 48473 48474 48475 48476
3014 0 0 23103 31408 31409 31410 31411 31412 31413 31414 31415 52870
3015 0 0 34884 35168 41213 41219 41225 41233 41234 41235 41236 41237 41238 52871
3016 0 0 1099 1107 3420 3428 3433 3441 6522 6530 6539 6557 6558 6559 6560 6561 6562 6563 6564 6565 52872
3017 0 0 6512 6802 6812 6820 8587 8605 11854 11881 14768 14789 14796 14811 14820 14821 14822 14823 14824
3018 0 0 17935 17946 17991 18011 26419 35012 35022 35023 35024 35025 35026 35027 35028 35029 52873
3019 0 0 18008 35011 35016 35017 35018 35019 35020 35021 52874
3020 4 4 5140 31764 31779 31788 31866 31867 31868 31869 31870 31871 31872 31873
3021 4 4 31763 33790 38878 38890 38918 38924 38925 38926 38927 38928 38929 38930 38931
3022 0 0 45203 45225 45236 45251 45264 49837 49850 49863 49866 49879 49883 50971 50980 50991 50998
3023 0 0 37200 38623 41699 41728 42158 45195 45210 45215 45241 45246 50970 50984 50985 50997 50999 51000 51001
3024 0 0 17317 17318 17319 17320 17321 17322 17323 17324 17325 17326 17327 17328 17329 52875
3025 3 3 25845 25858 25865 25876 26014 26068 33497 33506 33507 33508 33509 33510 33511 33512 33513 33514 33515
3026 3 3 17322 17466 17494 17499 18195 25843 25859 25866 25956 26012 26042 26048 26063 26064 26065 26066 26067 26068 26069 26070
3027 3 3 17319 25833 25847 25872 25873 25874 25875 25876 25877 25878 25879 25880
3028 0 0 12502 28268 28278 28320 29309 36996 38455 38495 38500 44966 44973 44982 45000 45006 45011 45015
3029 0 0 21368 21380 21390 27984 28293 28307 29666 29682 37003 37015 38434 38462 38466 38467 38468 38469 38470 38471 38472
3030 0 0 28273 28281 28303 29307 29326 29653 35507 38432 38448 38451 38453 38454 38455 38456 38457 38458 38459 38460 38461
3031 0 0 28297 37002 37016 38468 38496 38501 44959 44970 44974 44993 44999 45000 45001
3032 3 3 9258 16966 16976 25677 31890 31892 31893 31894 31895 31896 31897 31898
3033 3 3 31904 34386 35296 40419 40426 40442 40454 40455 40456 40457 40458 40459 40460 40461
3034 3 3 31730 31737 37387 37770 37797 37817 38650 40287 42062 42089 42094 42117 42118 42119 42120 42121
3035 3 3 13361 20818 20833 24256 29981 37637 37812 37821 42087 42096 42098 42099 42100 42101 42102 42103
3036 3 3 37769 37813 37822 42068 42079 42087 42088 42089 42090 42091 42092
3037 3 3 29987 33076 33105 33114 37803 38642 38645 38652 42095 42102 42120 42129 42145 42146 42147
3038 4 4 9649 12755 12770 13406 13572 15702 15727 19787 21627 27989 30016 30023 30041 30042 30043 30044 30045 30046 30047
3039 4 4 13412 13561 13575 21375 21617 21618 21619 21620 21621 21622 21623
3040 4 4 18660 20051 20072 20082 20091 20249 21045 21066 21071 21085 21097 21098 21099 21100 21101
3041 4 4 12577 12593 12602 12616 13094 20025 20039 20043 20057 20058 20059 20060 20061 20062 20063 20064 20065 20066
3042 0 0 1065 1066 1067 1068 1069 1070 1071 1072 1073 52876
3043 0 0 5711 5742 5747 5760 5768 5774 5826 5830 5831 5832 5833 5834 5835 5836 5837
3044 0 0 153 187 281 282 283 284 285 286 287 288 52877
3045 0 0 6 35 131 146 161 171 174 175 176 177 178 179 180 52878
3046 0 0 11 148 155 173 180 181 182 183 184 185 186 52879
3047 0 0 142 157 165 167 187 188 189 190 191 192 193 194
3048 0 0 16758 16759 16760 16761 16762 16763 16764 16765 16766 16767 16768
3049 0 0 6180 10211 16079 16660 16776 16781 16787 16804 17830 18268 18278 18330 18405 18406 18407 18408 18409 18410 18411 18412
3050 3 3 46487 46494 46512 46517 46528 46546 46553 46558 46566 50699 50706 50726 50743 50748 50763
3051 3 3 27439 27453 37550 45680 46460 46461 46462 46463 46464 46465 46466 46467 46468 46469 46470 46471
3052 3 3 46280 46289 46296 46304 47983 48002 48025 48044 48052 48053 48054 48055 48056 48057
3053 3 3 39215 46194 46264 46283 46293 46300 48022 48608 48625 48632 48647 48654 48667 48668 48669 48670 48671
3054 3 3 20791 20795 20803 20811 25763 25779 25790 25792 25811 37781 37785 37824 37832 37838 37844
3055 3 3 20790 23504 29061 29071 33629 33635 33652 37767 37783 37790 37791 37792 37793 37794 37795 37796
3056 3 3 14570 14664 19674 20783 20784 20785 20786 20787 20788 20789 20790 20791 20792 20793 20794
3057 3 3 37765 37766 37767 37768 37769 37770 37771 37772 37773 37774 37775 37776 37777 37778 37779 37780 37781 37782
3058 4 4 30904 39158 39169 39179 39188 39202 39209 39211 39212 39213 39214 39215 39216 39217 39218 39219 39220 39221
3059 4 4 36403 36430 37570 37582 37589 39097 39141 39142 39143 39144 39145 39146 39147 39148 39149 39150 39151
3060 4 4 39142 39153 39183 39199 39203 39207 39212 45750 46140 46180 46181 46182 46183 46184 46185 46186 46187 46188 46189 46190
3061 4 4 14082 21973 30920 39064 39084 39086 39095 39100 39146 39159 39161 39162 39163 39164 39165 39166 39167 39168 39169 39170 39171 39172 39173
3062 3 3 6379 11368 11392 11397 11405 11487 11488 11489 11490 11491 11492 11493 11494 11495 11496
3063 3 3 18615 18616 18617 18618 18619 18620 18621 18622 18623 18624 18625 18626 18627 18628 18629 18630 18631
3064 3 3 24219 28399 32871 47627 47643 47647 50736 50758 50765 51246 51944 51979 51984 51989 51992 51994
3065 3 3 28382 29614 38401 38419 41554 41633 47586 47587 47588 47589 47590 47591 47592 47593 47594 47595 47596 47597
3066 3 3 24225 28401 37407 38410 41533 41551 41560 41566 47596 47629 47640 47642 47643 47644 47645 47646
3067 3 3 47593 47631 50693 50734 50751 50760 51219 51234 51238 51242 51243 51244 51245 51246
3068 3 3 9850 14624 16486 22622 23884 25012 25013 25014 25015 25016 25017 25018 25019 25020 25021 25022 25023
3069 3 3 9853 22614 22624 22635 22651 26216 28899 31622 31643 49262 49337 49342 49347 49353 49362 49364
3070 3 3 9851 14627 22613 22614 22615 22616 22617 22618 22619 22620 22621 22622 22623
3071 3 3 9807 9843 25013 28896 31627 31636 34299 34308 34316 34318 36293 37190 42679 45147 47280 49232 49253 49259 49260 49261 49262 49263
3072 0 0 6288 11430 11455 13070 13078 18560 18650 20225 20230 20244 20253 20255 20256 20257 20258 20259 20260
3073 0 0 3565 6294 6333 12645 20077 20221 20235 20237 20238 20239 20240 20241 20242 20243
3074 0 0 12650 13074 20223 20239 20245 20254 20258 21078 21096 29456 29489 29492 29497 29498 29499 52880
3075 0 0 3561 6289 6302 6339 11441 11446 11447 11448 11449 11450 11451 11452 11453 11454 11455 11456 11457
3076 0 0 1169 2119 2796 3389 5912 6652 6673 6680 6693 6707 6739 6743 6748 6749 6750 52881
3077 0 0 1132 1139 1168 1173 3398 3399 3400 3401 3402 3403 3404 3405 3406 3407 52882
3078 0 0 1134 1162 1163 1164 1165 1166 1167 1168 1169 1170 52883
3079 0 0 1148 6628 6644 6649 6658 6679 6685 6687 6688 6689 6690 6691 6692 6693 6694
3080 3 3 24235 28909 36079 36084 36085 36086 36087 36088 36089 36090 36091 36092 36093
3081 3 3 24243 28910 37070 37079 37100 37282 37283 37284 37285 37286 37287 37288 37289 37290 37291 37292 37293
3082 3 3 17561 20288 24234 24242 36088 37242 37282 37298 37313 47228 47250 47263 47268 47271 47272 47273 47274
3083 3 3 24231 24244 28907 33199 37071 37080 37096 37097 37098 37099 37100 37101 37102 37103 37104 37105 37106
3084 0 0 13080 20086 20252 20257 21047 21058 21080 21084 21095 21099 21156 29453 29461 29475 29480 29490 29491 29492 29493 29494
3085 0 0 18564 18658 20229 20232 20250 20259 21044 21055 21073 21082 21094 21098
3086 0 0 19262 21700 21714 27479 29339 29342 29343 52884
3087 0 0 14143 14152 19017 19188 19202 19250 19261 21697 21711 27458 27470 27471 27472 27473 27474 27475 27476 52885
3088 0 0 32309 37082 37089 37289 37308 45041 45343 45346 45353 47211 47225 47246 47257 47264 47265 47266
3089 0 0 45336 45345 45349 45354 47151 47157 47158 47159 47160
3090 3 3 12005 12837 12848 20506 20519 20523 20566 26698 26720 26725 26726 26727 26728 26729
3091 3 3 7353 10743 12000 12029 12040 12860 13596 13610 17215 17221 17222 17223 17224 17225 17226 17227 17228 17229 17230
3092 3 3 7351 12002 12028 12852 12855 12856 12857 12858 12859 12860 12861
3093 3 3 11995 12844 17245 20501 20512 20513 20514 20515 20516 20517 20518 20519 20520 20521
3094 0 0 3576 6396 6400 6412 6413 6414 6415 6416 52886
3095 0 0 3580 6273 6394 6399 6420 11386 18461 18477 18491 18493 18494 18495 52887 52888
3096 0 0 7440 12518 12572 13377 15743 20157 20187 20190 20199 20207 20215 21534 21543 21555 21559 21564 23990 24009 24010 24011 24012 24013
3097 0 0 7448 12391 12404 15693 21552 21557 21654 24002 28228 28235 28239 28240 28241 28242 28243 28244 28245 28246 28247
3098 0 0 21533 21554 23994 24003 28236 28244 32816 32822 32845 32857 32860
3099 0 0 7439 12401 13376 20192 20216 21541 21547 21558 21564 21565 21566 21567 21568 52889
3100 0 0 5338 5339 5340 5341 52890
3101 0 0 3031 5120 5342 5393 9559 9562 9563 9564 9565 9566 9567 9568 9569 9570 52891
3102 0 0 8225 13883 14257 14390 22142 22150 22154 27394 31157 31166 31238 31255 31274 31277 31278 31279 31280 31281 31282 31283 31284
3103 0 0 14280 14285 22145 22152 22155 22182 31159 31164 31362 39425 39440 39458 39462 39463 39464 39465 39466 39467
3104 0 0 22159 22178 27397 27408 27412 31152 31153 31154 31155 31156 31157 31158 31159 31160 31161 31162 31163
3105 0 0 14229 14283 14394 22143 22190 31165 31253 31281 31368 39423 39435 39445 39458 39459 39460 39461
3106 0 0 36771 36828 38970 39470 39625 39636 39642 39787 39797 39798 39799 39800 39801 39802 39803 39804 52892
3107 0 0 38975 39784 39790 39805 39914 39923 50876 50887 50902 50907 50908
3108 0 0 21656 28240 28249 28261 29232 29637 30132 30180 30209 30227 30251 30252 30253 30254 30255 30256
3109 0 0 29628 29629 29630 29631 29632 29633 29634
3110 0 0 1362 6328 7227 12467 12476 12481 12482 12483 52893 52894
3111 0 0 380 381 382 383 384 385 52895 52896
3112 0 0 39140 45762 48650 48677 48688 48698 48723 48725 48726 48727 48728 48729 48730 48731 48732 48733
3113 0 0 31030 39136 45562 45572 45696 45767 45775 45776 45777 45778 45779 45780 45781
3114 3 3 33709 34627 34659 34766 34773 34782 34795 34797 34798 34799 34800 34801 34802 34803 34804 34805
3115 3 3 24577 25826 33704 33711 33723 33729 34767 34776 34788 34793 34806
3116 0 0 12862 12925 15611 15612 15613 15614 15615 15616 15617 15618 52897
3117 0 0 9439 12868 12916 12929 12940 15620 20616 23694 23757 28853 37720 37736 37742 37748 37754 37755 52898
3118 0 0 2428 2978 3007 3027 4586 4613 4620 4629 4634 4635 4636 4637 4638 4639 4640 4641
3119 0 0 2437 4594 4616 4656 4668 4672 4673 4674 4675 4676 4677 4678 4679
3120 3 3 24217 24488 28400 38409 41826 41834 41840 47628 47644 47817 51260 51943 51961 51976 51986 51990 51991 51992 51993
3121 3 3 32374 32383 33417 37478 41791 41806 41827 41852 42054 45530 50016 51755 51771 51778 51779 51780 51781 51782
3122 3 3 24216 24479 28405 33394 33413 41717 41737 41754 41788 41800 41825 41826 41827 41828 41829 41830 41831
3123 3 3 51930 51931 51932 51933 51934 51935 51936 51937 51938 51939 51940 51941 51942 51943 51944 51945 51946
3124 0 0 34309 34323 36272 37196 42678 45063 45130 45140 45146 45154 48319 48331 49229 49239 49241 49250 49253 49254 49255 49256
3125 0 0 34327 37193 45044 45072 45084 45095 45126 45145 45165 48314 49691 49761 49772 49784 49790 49792 49793 49794
3126 0 0 31640 34301 34319 36077 37186 37187 37188 37189 37190 37191 37192 37193 37194 37195 37196 37197 37198 37199
3127 0 0 37136 37154 42674 45033 45069 45105 45134 45143 45155 45157 45162 48282 48311 48320 48338 48339 48340
3128 4 4 2625 2762 2832 2848 2864 2927 5949 10702 10718 10966 11008 11009 11010 11011 11012 11013 11014 11015 11016 11017
3129 4 4 2617 2760 2785 2921 4494 5853 5860 8683 10683 10691 10692 10693 10694 10695 10696 10697 10698 10699 10700
3130 4 4 2620 2756 2757 2758 2759 2760 2761 2762 2763 2764 2765 2766 2767 2768 2769 2770 2771
3131 4 4 2615 2920 10696 10706 10713 10714 10715 10716 10717 10718 10719 10720
3132 3 3 11513 11525 11528 11546 24383 36311 36332 36357 36368 38058 44397 44410 44417 44565 47664 47679 47685 47691 47694 47695 47696 47697 47698 47699
3133 0 0 11514 11517 24390 36329 47674 47714 47727 47733 47734 47735 52899
3134 0 0 3380 6935 6955 6972 6987 6990 6991 6992 52900
3135 0 0 3384 6589 6602 6612 6948 6963 6970 6980 7001 12182 12190 13600 14837 14862 14871 14887 14909 14913 14915 14916 14917
3136 0 0 6807 6836 6947 6957 6966 6971 6990 12189 14835 14865 14886 14898 14908 14909 52901
3137 0 0 3372 3377 3378 3379 3380 3381 3382 3383 3384 3385 52902
3138 4 4 17738 23270 23368 23391 23400 25033 25044 25054 25057 25065 25066 25092 42283 42290 42291 42292 42293
3139 4 4 16525 17736 22652 23389 23399 25068 25082 25094 26214 31630 33755 42284 42300 42320 42321 42322 42323 42324 42325
3140 3 3 2185 4842 4866 4909 7963 13740 13749 18931 18947 18955 19000 20320 21737 21738 21739 21740 21741 21742 21743 21744 21745 21746 21747 21748 21749
3141 3 3 18920 18940 18945 18957 18958 28514 30572 31938 33938 33960 33985 33986 33987 33988 33989 33990 33991 33992 33993 33994 33995 33996
3142 3 3 18946 21748 21754 28513 31933 31934 31935 31936 31937 31938 31939
3143 3 3 18917 18918 18919 18920 18921 18922 18923 18924 18925 18926 18927 18928 18929 18930 18931 18932 18933
3144 3 3 18453 25882 27221 28618 33389 33566 35588 35615 42167 42177 42181 42182 42183 42184 42185 42186 42187 42188
3145 3 3 18456 25893 25896 25897 25898 25899 25900 25901 25902 25903 25904 25905 25906 25907 25908
3146 3 3 46548 46556 46562 46567 46571 50686 50703 50704 50705 50706 50707 50708 50709 50710
3147 3 3 27442 32917 32932 38264 41576 41618 46463 46472 46473 46474 46475 46476 46477
3148 0 0 16694 16700 16716 16722 16723 16724 16725 16726 16727 16728 16729 16730 16731 52903
3149 0 0 25187 25201 25207 25210 25214 25231 25240 25257 25267 25307 25325 25351 52904
3150 0 0 38839 38840 38841 38842 38843 38844 38845 38846 38847
3151 0 0 2173 4049 4832 7900 9178 30640 30669 30680 30681 30682 30683 30684 30685 52905
3152 0 0 3728 6163 13476 13500 13513 26546 26553 26567 26582 26629 26635 26652 26675 26678 26679 26680
3153 0 0 11217 13495 13515 18209 18215 18222 26586 26624 26632 26655 26674 26682 26687 26688 26689 26690 26691
3154 0 0 6168 11211 13514 26581 26651 26671 26672 26673 26674 26675 26676 26677
3155 0 0 3680 6166 7520 7532 10859 11214 13477 13479 13494 13495 13496 13497 13498 13499 13500 13501 13502 13503
3156 0 0 31351 35785 36778 50499 50518 50527 50538 50539 50540 50541 52906 52907
3157 0 0 14366 14374 31348 31404 36754 36766 36773 38770 38773 38774 38775 38776 38777 38778 38779 38780 38781 52908
3158 0 0 43338 43368 44250 44284 44302 44305 44814 47529 47542 47550 47555 47559 47560 47561 47562 47563 47564 47565 47566 47567 47568 47569
3159 0 0 27168 27190 32534 32778 32790 33744 35569 44309 44313 44322 44326 44327 44328 44329 44330 44331 44332 44333 44334 44335 44336 44337 44338
3160 0 0 44245 44335 44363 44369 47534 47563 47571 47574 47577 47579 47580 47581 47582
3161 0 0 32762 32800 43399 44289 44294 44295 44296 44297 44298 44299 44300 44301 44302 44303
3162 0 0 16678 16689 16701 16702 16703 16704 16705 16706 16707 52909
3163 0 0 16568 16680 16692 16695 16696 16697 16698 16699 16700 52910
3164 4 4 521 799 811 812 813 814 815 816 817 818 819 820 821 822 823 824
3165 0 0 504 533 541 548 549 550 551 552 553 554 555 556 52911
3166 4 4 520 536 542 555 817 1413 1574 1663 1731 1741 1753 1760 2154 4088 7930 7937 7952 7956 7957 7958 7959
3167 0 0 553 808 819 1562 1573 1586 1597 1598 1599 1600 1601 1602 52912 52913
3168 0 0 7406 12399 12560 12573 13378 20151 20177 20183 20186 20189 20190 20191 20192 20193 52914
3169 0 0 1359 7404 7414 7422 12473 12555 20156 20162 20172 20178 20185 20198 20202 20218 20219 52915
3170 3 3 2386 2396 2429 2979 2994 3003 3004 3005 3006 3007 3008 3009 3010 3011 3012 3013 3014 3015
3171 0 0 2389 2404 2417 3019 3034 5122 5387 5389 5390 5391 5392 5393 5394 5395 5396 5397 5398 5399 5400 5401 52916
3172 0 0 2382 2405 3005 3020 3031 3032 3033 3034 52917
3173 3 3 2387 2388 2389 2390 2391 2392 2393 2394 2395 2396 2397 2398 2399 2400 2401
3174 3 3 21028 21642 29202 30126 30172 30191 30203 30235 30236 30237 30238 30239 30240 30241 30242
3175 3 3 13056 21017 21032 37968 37981 37986 37993 38005 38017 38042 38061 38062 38063 38064
3176 3 3 21638 29625 30124 30174 30190 30233 30242 37988 38003 38004 38005 38006 38007 38008 38009 38010 38011 38012 38013 38014 38015 38016
3177 0 0 29207 29218 29225 29236 29240 30307 30317 37944 37945 37946 37947 37948 37949 37950 37951 37952 37953 52918
3178 0 0 2440 4805 8986 8997 9129 9163 15199 15202 15208 15259 15277 15281 15284 15290 15291 15292
3179 0 0 10291 15212 15215 15223 15232 15252 15266 15268 15269 15270 15271 15272 15273 15274
3180 0 0 43512 43550 43559 43572 43581 43586 48451 48456 48457 48458 48459 48460 48461 48462
3181 0 0 41082 48453 48463 48464 48465 48466 48467 48468 48469 48470
3182 0 0 457 930 931 932 933 52919 52920
3183 0 0 933 1381 1388 1396 2589 2602 2608 2609 2610 2611 2612 52921
3184 0 0 932 2586 2596 2600 2601 2602 2603 52922 52923
3185 0 0 457 458 459 460 461 462 463 464 465 52924 52925
3186 0 0 39305 39985 46309 46317 46327 46331 46332 46333 46334 46335 46336
3187 0 0 44006 46305 46321 46325 46330 46341 48937 50600 50621 50639 50641 50644 50645 50646 50647 50648 50649 50650
3188 4 4 22844 22872 22873 22874 22875 22876 22877 22878 22879
3189 4 4 22880 22881 22882 22883 22884 22885 22886 22887 22888 22889 22890 22891 22892 22893 22894 22895 22896
3190 4 4 16010 16022 16031 24369 36358 38028 38049 38055 38065 38066 38067 38068 38069 38070
3191 4 4 16008 33472 38026 38056 38293 41933 44379 44401 44404 44405 44406 44407 44408 44409 44410 44411 44412 44413 44414 44415
3192 3 3 48546 48557 48823 48853 48881 48885 48904 48914 48932 48961 48966 48967 48968 48969 48970 48971 48972 48973
3193 0 0 43462 43798 48803 48815 48827 48836 48839 48840 48841 48842 48843 48844 48845 52926
3194 3 3 42941 48556 48800 48818 48821 48822 48823 48824 48825 48826 48827 48828
3195 3 3 43851 48839 48861 48958 48964 48979 48998 49002 49156 49157 49158 49159 49160 49161
3196 0 0 26097 39296 43484 43493 43727 43732 43733 43734 43735 52927
3197 0 0 26127 39963 43496 43742 43764 43778 43789 43790 52928 52929
3198 0 0 43726 43727 43728 43729 43730 43731 52930
3199 0 0 17534 26126 35735 39297 39961 39964 39974 39983 40021 43486 43491 43492 43493 43494 43495 43496 43497 43498 52931
3200 3 3 16939 22262 23063 23079 24585 25631 25647 25653 25654 25655 25656 25657 25658 25659 25660 25661 25662 25663 25664 25665 25666 25667 25668 25669 25670
3201 3 3 23071 23085 35255 35264 35287 35301 35304 35305 35306 35307 35308 35309 35310 35311 35312 35313 35314 35315
3202 2 2 34466 34846 36564 36596 36677 36705 41167 41168 41169 41170 41171 41172 41173 41174 41175 41176 41177 41178 41179
3203 2 2 41186 41191 41207 42890 44866 48550 48563 48880 48884 48885 48886 48887 48888 48889 48890 48891
3204 2 2 34099 34462 34463 34464 34465 34466 34467 34468 34469 34470 34471 34472 34473 34474 34475 34476 34477 34478 34479 34480 34481 34482 34483
3205 2 2 41179 41188 41203 41211 44372 47559 47578 47580 47585 48876 48877 48878 48879 48880 48881 48882 48883
3206 2 2 396 430 3649 7031 7387 12349 12350 12351 12352 12353 12354 12355 12356 12357 12358 12359
3207 2 2 12331 12337 12343 12348 12386 13469 19802 19804 19886 19915 19930 19933 19941 19942 19943 19944 19945
3208 2 2 7098 12320 12330 12358 12379 12381 12389 19872 19880 19881 19882 19883 19884 19885 19886 19887 19888
3209 2 2 401 1369 12341 12344 12350 12364 12371 12385 13463 13466 13467 13468 13469 13470 13471
3210 0 0 36241 40978 40997 41006 44162 44163 44164 44165 44166 44167 44168
3211 0 0 44176 44184 44187 44195 44207 49367 49379 49380 49381 49382 49383 49384
3212 3 3 7478 9628 9632 12366 12899 13441 13462 13467 15399 19799 19939 19941 19955 19956 19957 19958 19959 19960 19961 19962 19963
3213 3 3 7470 9623 9639 12757 12767 13443 15411 19785 19809 19810 19811 19812 19813 19814 19815 19816 19817 19818 19819 19820
3214 0 0 454 1203 1225 3524 3525 3526 3527 3528 3529 3530 3531 52932
3215 3 3 456 3535 3654 9756 9757 9758 9759 9760 9761 9762 9763 9764 9765 9766 9767 9768
3216 4 4 12895 12896 12897 12898 12899 12900 12901
3217 4 4 15949 15961 20671 20684 28926 28942 28948 28953 28962 28972 28989 29008 29013 29024
3218 4 4 12901 15407 20657 20778 28859 28881 28891 28924 28929 28947 28950 28957 28971 28982 28983 28984 28985 28986 28987 28988 28989 28990 28991
3219 4 4 7476 9376 9634 12365 13444 13461 13466 15395 15954 15960 19962 20682 28212 28921 28935 28938 28940 28941 28942 28943 28944
3220 0 0 17976 17996 18009 18014 35014 35018 35026 36037 36047 36053 36054 36055 52933
3221 0 0 898 5452 11130 16274 16277 16302 17974 17985 17988 18000 18019 24625 24632 24654 24671 34105 36021 36027 36032 36033 36034 36035 52934
3222 0 0 897 17974 17975 17976 17977 17978 17979 17980 17981 17982 52935
3223 0 0 17959 17998 24652 24674 26415 34118 36025 36033 36043 36062 36065 42555 44106 44112 44114 44135 44137
3224 0 0 28394 38403 38413 38621 41545 41549 41550 41551 41552 41553 41554 41555 41556
3225 0 0 24220 32872 32953 33260 37404 41538 41651 41730 45222 45227 45233 45249 47634 47639 47642 47647 47648 47649 47650 47651
3226 0 0 37410 41535 41648 41661 45204 45226 45234 45242 45247 45248 45249 45250 45251 45252 45253 45254
3227 0 0 24224 28399 28400 28401 28402 28403 28404 28405 28406 28407 28408
3228 3 3 41913 41921 41922 41923 41924 41925 41926 41927 41928 41929 41930 41931
3229 3 3 44383 44395 44403 44415 44428 44448 44561 44566 47668 47688 47697 47710 47718 47719 47720
3230 0 0 5543 7746 7796 8182 13888 14252 14264 18827 18880 18888 18889 18890 18891 18892 52936
3231 0 0 13891 18885 22157 27393 27394 27395 27396 27397 27398 27399 27400 27401 27402 52937
3232 0 0 18887 18892 18899 18902 27372 27383 27390 27415 27417 27418 27419 27420 27421 27422 27423 27424
3233 0 0 8226 13880 13881 13882 13883 13884 13885 13886 13887 13888 13889 13890 13891 52938
3234 0 0 16354 23108 23145 23188 23198 23267 23296 24717 24729 24737 24792 24807 24821 24822 24823 24824
3235 0 0 23850 23876 24718 24733 24761 24773 24777 24778 24779 24780 24781
3236 4 4 25161 32565 32678 34507 34511 34512 34513 34514 34515 34516 34517
3237 0 0 25162 25343 25356 25426 27181 32495 32674 32681 32682 32683 32684 32685 32686 32687 52939
3238 0 0 25344 25352 25407 32586 32679 32681 34514 34860 34869 36629 40858 40894 40905 40931 40938 40943 40953 40955 40956 52940
3239 4 4 25157 25158 25159 25160 25161 25162 25163 25164 25165 25166 25167
3240 0 0 3662 9757 13159 13181 13417 13426 13427 13428 13429 13430 13431 13432 13433 13434
3241 0 0 13423 13439 13567 13576 15725 19789 19792 19793 19794 19795 19796
3242 0 0 11401 18474 18531 18538 18545 18555 18685 24406 33572 33574 33575 33576 33577 33578 33579 33580 52941
3243 0 0 11393 11398 11407 11494 18527 18630 18632 18679 18680 18681 18682 18683 52942
3244 0 0 24471 31022 32377 33621 45588 45600 45858 47754 47763 47782 47802 47810 47811 47812
3245 0 0 39352 39353 39354 39355 39356 39357 39358 39359 39360 39361 39362 39363 39364
3246 3 3 9196 9205 9212 9220 9225 9227 15348 15352 18929 18937 18987 18988 18989 18990 18991 18992 18993 18994
3247 3 3 15347 16112 16116 18930 18935 18944 20322 23450 23473 33931 33955 33987 34001 34004 34005 34006 34007
3248 0 0 26138 39748 39767 39768 39769 39770 39771 39772 39773 39774 39775 39776 52943
3249 0 0 38948 39745 39772 46719 46724 46725 46726 46727 46728 46729 52944
3250 0 0 31341 39856 39868 39872 39894 39897 39898 39899 39900 39901
3251 0 0 31345 38752 38769 39623 39630 46114 46122 46845 46859 46860 46861 46862 46863 46864 46865
3252 0 0 31339 38749 38750 38751 38752 38753 38754 38755 38756
3253 0 0 39613 39614 39615 39616 39617 39618 39619 39620 39621 39622 39623 39624
3254 0 0 3407 3412 3415 3423 3430 3438 3439 6564 6668 6696 6791 6795 6796 52945 52946
3255 0 0 984 991 1144 1159 1171 2639 3361 3362 3363 3364 3365 3366 3367 52947
3256 0 0 75 990 1141 1158 3361 3403 3410 3413 3414 3415 52948
3257 0 0 3366 3400 3409 6656 6684 6691 6695 6696 6697 6698 6699 52949
3258 0 0 19 22 1094 1101 2031 2062 2071 2072 2073 2074 2075 2076 2077 2078 2079 2080 2081 2082
3259 0 0 5884 5894 5898 5924 5930 6541 6545 6546 6547 6548 6549 6550 6551 6552 6553 6554 6555 6556
3260 0 0 17 21 2072 3425 4463 5880 5889 5895 5896 5897 5898 52950
3261 0 0 2060 2080 5883 5887 6545 6761 8389 8411 11862 11867 11872 11884 11888 11889 11890 11891 11892
3262 0 0 36444 36445 36446 36447 36448 36449 36450 36451 36452
3263 0 0 44594 44605 44617 44624 44631 44638 45526 46621 46645 46651 46654 49496 49520 49521 49522 49523 49524 49525
3264 0 0 896 901 10237 17965 17968 17979 17983 17984 17985 17986 17987 52951
3265 0 0 902 5449 10227 10238 10243 16865 16882 16887 16888 16889 52952
3266 0 0 899 5460 10227 10228 10229 10230 10231 10232 10233 10234 10235 52953 52954
3267 0 0 894 903 5447 5448 5449 5450 5451 5452 5453 5454 52955 52956
3268 0 0 6455 11699 11721 11725 11766 11777 18717 18722 18732 18736 18745 52957
3269 0 0 6431 6450 11634 11689 11698 11704 11711 11712 11713 52958 52959
3270 0 0 11623 11624 11625 11626 11627 11628 11629 11630 11631 11632 11633 11634 11635 11636
3271 0 0 6449 6450 6451 6452 6453 6454 6455 52960
3272 0 0 139 150 151 152 153 154 155 156 157 158 159 52961
3273 0 0 7 147 164 172 176 181 52962
3274 0 0 1 5 6 7 8 9 10 11 52963 52964
3275 0 0 140 151 160 161 162 163 164 165 166 52965 52966
3276 0 0 10551 10552 10553 10554 10555 10556 10557 10558 10559 10560 10561 10562 10563 10564
3277 0 0 957 979 1012 2575 2702 2721 2743 2744 2745 2746 2747 2748 2749 2750 2751 2752 2753 52967
3278 0 0 2651 2701 2739 2750 3078 5803 6115 10466 10485 10562 10592 10617 10622 10624 10625
3279 0 0 2579 2752 3685 5664 5670 5677 5813 5821 5849 6142 10561 10570 10572 10579 10623
3280 0 0 1925 1932 1933 1934 1935 1936 1937 1938 52968
3281 0 0 1912 2272 3221 4114 4156 4310 6482 8060 8197 8199 8200 8201 8202 8203 8204 8205 8206 8207 8208 8209 52969
3282 0 0 14074 31371 35745 35766 38945 38946 38947 38948 38949 38950 38951 38952 52970
3283 4 4 39771 46721 46733 46746 47997 48010 48039 48111 49179 49191 49205 49211 49212 49213 49214 49215
3284 0 0 9809 9810 9811 9812 9813 9814 9815 9816 9817 9818
3285 0 0 9796 9820 9832 11362 16484 36260 36261 36262 36263 36264 36265 36266 36267 36268 36269
3286 0 0 276 3341 4366 4367 4368 4369 4370 4371 4372 4373 4374 52971
3287 0 0 2032 3342 4406 4416 4470 8396 8407 8416 8420 8421 8422 8423 8424 8425
3288 0 0 86 275 276 277 278 279 280 52972
3289 0 0 42 135 4370 4411 8414 8427 8453 8462 8471 8474 12129 19724 19727 19728 19729 52973
3290 0 0 47661 47662 47663 47664 47665 47666 47667 47668 47669 47670 47671 47672 47673 47674 47675 47676
3291 0 0 11787 11796 17330 17331 17332 17333 17334 17335 17336 17337 52974
3292 0 0 17334 25915 25929 33567 41896 47673 47702 47705 47728 47729 47730 47731 47732 52975
3293 0 0 6462 11523 11530 11543 11791 11795 17331 24382 24388 24389 24390 24391 24392 24393 24394 52976
3294 0 0 10204 16613 16638 16743 16755 25360 25370 25382 25383 25384 25385 25386 25387 25388 25389 52977
3295 0 0 16594 16604 16610 16619 16623 16631 16635 16745 16756 18821 25377 32601 34583 34601 34602 34613 34618 34621 34622 34623
3296 3 3 8366 15520 15584 15591 22433 22441 23664 28458 30353 32095 32145 32152 32160 32162 32163 32164 32165
3297 3 3 20303 22431 28415 28426 28433 28455 37226 37251 37334 37339 37348 37351 37352 37353 37354
3298 3 3 15541 20299 22362 22418 22420 22426 22427 22428 22429 22430 22431 22432 22433 22434 22435 22436
3299 3 3 15511 28411 28454 30354 32147 32154 32161 32162 37261 37327 37338 37345 37348 37349 37350
3300 0 0 25412 25415 25422 32682 34827 34849 34852 34858 34859 34860 34861 34862 34863 34864 52978
3301 0 0 25358 25359 25360 25361 25362 25363 25364 25365 25366 25367 25368 25369 52979
3302 0 0 2926 8684 10692 10713 10967 10981 17570 22585 26173 26187 26218 26219 26220 26221 26222 26223
3303 0 0 26177 26188 26193 26199 26205 26229 31613 35797 35831 35838 35840 35843 35844 35845
3304 0 0 25460 25482 31076 31094 31095 31096 31097 31098 31099 31100 31101 31102 31103
3305 0 0 25481 25489 25547 31109 31132 42915 42920 42927 42944 42948 52980
3306 0 0 14062 21957 21983 21984 21985 21986 21987 21988 21989 21990 21991 21992 21993
3307 0 0 21937 21945 21946 21947 21948 52981
3308 0 0 14067 21945 21954 21988 21997 30858 30870 30925 30933 30940 30941 30942 52982
3309 0 0 14063 21941 21952 21956 21960 21983 21998 30930 35720 35743 35744 35745 35746 35747 35748 35749 35750 52983
3310 0 0 2312 2314 2315 2316 52984
3311 0 0 2291 2309 2317 2318 2319 2320 2321 2322 2323 2324 2325 2326 2327 2328 2329 2330 2331 2332
3312 0 0 2293 2313 2314 2332 2348 2361 4731 4736 4742 5474 5487 5488 5489 5490 5491 5492 5493 52985
3313 0 0 2289 2308 2315 2325 5277 5284 5285 5286 5287 5288 5289 52986
3314 3 3 31291 31306 31330 39118 39120 39121 39122 39123 39124 39125 39126 39127 39128 39129 39130
3315 3 3 31325 39291 39905 39935 41402 46216 46217 46218 46219 46220 46221 46222 46223 46224 46225 46226
3316 3 3 39122 39284 41397 45374 45385 45395 46220 47417 47435 47446 47448 47459 47477 47478 47479
3317 3 3 31300 31310 31311 31322 31323 31324 31325 31326 31327 31328 31329 31330 31331 31332 31333 31334 31335
3318 4 4 23438 23489 31897 31899 31900 31901 31902 31903 31904 31905 31906 31907 31908 31909
3319 4 4 16946 16950 16959 16964 16969 16978 25643 25673 25675 25676 25677 25678 25679 25680 25681
3320 4 4 4762 9121 9253 9389 10382 13867 15362 15372 15375 15382 16960 16965 23439 23476 25682 31892 31900 31910 31914 31915 31916 31917
3321 4 4 16957 16972 25680 25686 25701 25705 31887 31894 31907 31911 33908 33949 34373 34393 35253 35271 35273 35282 35288 35289 35290 35291 35292 35293 35294 35295 35296
3322 0 0 4608 4657 4676 5133 5317 8741 9007 9015 9022 9023 9024 9025 9026 9027 9028
3323 0 0 10013 10014 10015 10016 10017 10018 10019 10020 10021 10022 10023 10024 10025
3324 0 0 4612 4667 4674 4706 5321 8716 8725 8742 9014 9024 9976 10020 10036 10038 10062 10077 10078 10079
3325 0 0 9016 10001 10008 10083 10093 15075 15102 15109 15115 15118 15119 15120
3326 0 0 302 371 1074 1075 1076 1077 1078 1079 52987
3327 0 0 1089 1322 3251 3263 3264 3265 3266 3267 3268 3269 3270 3271 3272 52988
3328 3 3 31180 31183 31227 31364 39588 39594 39723 46664 46669 48166 48188 48204 48205 48206 48207 48208 48209 48210 48211 48212
3329 3 3 8017 14047 14218 14269 14343 18855 18874 22161 22175 22180 31190 31356 39668 39696 48164 48183 48187 48194 48195 48196 48197
3330 3 3 48159 48160 48161 48162 48163 48164 48165 48166 48167 48168 48169 48170 48171 48172 48173 48174
3331 3 3 14270 14346 22181 31172 31185 31189 31216 31226 31356 31357 31358 31359 31360 31361 31362 31363 31364 31365
3332 3 3 834 1415 1444 1629 1636 1716 1738 1744 1829 1843 1844 1845 1846 1847 1848 1849 1850 1851 1852 1853 1854 1855 1856
3333 0 0 1610 1627 1684 1696 1715 1802 1836 4194 4204 4211 4216 4217 4218 4219 4220 52989
3334 3 3 1631 1638 1803 1833 1852 4216 4231 4233 4234 4235 4236 4237 4238 4239 4240 4241 4242
3335 3 3 841 1443 1595 1633 1697 1703 1708 1709 1710 1711 1712 1713 1714 1715 1716 1717
3336 4 4 1483 1493 3913 3922 3929 3962 4938 7649 7656 7668 7669 7670 7671 7672 7673 7674 7675 7676 7677 7678
3337 4 4 1478 1546 3973 4851 4874 7662 7664 7665 7666 7667
3338 3 3 8066 8079 8092 8104 12985 13802 15812 15828 15830 15831 15832 15833 15834 15835 15836
3339 3 3 1800 1808 1837 3893 4286 4293 8073 8076 8094 8105 8120 12981 13000 13006 13830 21782 21792 21793 21794 21795 21796 21797
3340 3 3 8074 8093 12980 12981 12982 12983 12984 12985 12986 12987 12988 12989 12990
3341 3 3 1828 1850 4239 5002 5175 5229 8072 8082 8097 8106 8113 8114 8115 8116 8117 8118 8119 8120 8121 8122 8123
3342 2 2 6881 13262 13273 13287 21243 21248 21262 21447 21519 21597 27898 27910 27917 27924 27925
3343 2 2 21411 21420 21429 21439 21450 21454 21476 21490 21516 21598 25804 27908 27920 27931 29651 35459 35462 35463 35464 35465
3344 2 2 6880 13285 17175 17201 17305 21252 21294 21478 21492 21517 21593 21594 21595 21596 21597 21598 21599 21600 21601 21602 21603 21604
3345 2 2 13213 13229 13261 21245 21261 21423 21445 21453 27905 27908 27909 27910 27911 27912 27913 27914 27915 27916
3346 0 0 46 57 63 64 65 66 67 52990 52991
3347 0 0 47 58 197 677 678 679 680 681 682 683 52992
3348 0 0 16545 23107 23134 23177 23179 23187 23264 23265 23266 23267 23268 23269
3349 0 0 16426 16435 16444 16457 16536 23185 23275 23288 23294 23311 24923 24939 24940 24941 24942 24943 24944
3350 4 4 14574 20843 20902 29975 31721 33113 33115 33124 33159 33180 33185 37771 37797 37798 37799 37800 37801 37802 37803 37804 37805
3351 4 4 33073 33074 33075 33076 33077 33078 33079 33080 33081 33082 33083 33084 33085 33086 33087 33088 33089
3352 0 0 35696 35700 35709 43469 43471 43747 43758 43774 43795 48810 48843 48847 48864 48869 48874
3353 0 0 26107 31143 35676 35677 35678 35679 35680 35681 35682 35683 35684 35685 52993
3354 0 0 26110 26117 35683 35693 35699 35700 35701 35702 35703 35704 35705 52994
3355 0 0 35679 35695 35707 43750 43846 43847 43848 43849 43850 43851 43852 43853 43854 43855 43856 43857 43858
3356 0 0 13108 20985 21011 21020 21158 29210 29238 29474 29496 29500 29501 29502 52995
3357 0 0 13055 20986 20992 20993 20994 20995 20996 20997 20998 20999 52996
3358 3 3 46666 46674 46677 50771 50779 50807 51305 51343 51352 51361 51362 51363 51364 51365 51366 51367
3359 3 3 45404 45413 45788 45819 50775 50784 50794 50799 50815 51337 51356 51374 51375 51376 51377 51378 51379
3360 3 3 10179 25397 25464 25494 34548 34552 44832 44858 44863 44872 44873 44880
3361 0 0 10176 10202 16206 16228 16286 16321 16636 16637 16638 16639 16640 16641 16642 16643 16644 16645 16646 16647 16648 16649 52997
3362 0 0 19244 19254 27665 27689 27697 27698 27699 27700 27701 27702 52998
3363 0 0 19253 19259 19266 21671 21678 21694 21695 21696 21697 21698 21699 21700 21701 21702 21703 52999
3364 0 0 19076 19166 19177 19208 19225 19248 19258 21117 21126 21680 21698 21708 21733 27522 27661 27662 27663 27664 27665 27666 27667
3365 0 0 14142 19187 19203 19246 19255 19260 21699 27474 27687 27700 36832 36837 36838 36839 36840 53000
3366 0 0 27647 36812 36817 36829 38762 39473 39620 39628 39634 39635 39636 39637 39638 39639 39640 39641
3367 0 0 27644 31320 38973 39644 39650 39788 39803 39806 39888 39912 39914 39915 39916 39917 39918 39919
3368 0 0 3236 4833 21928 27681 27694 27723 30488 30635 30649 30667 30668 30669 30670 30671 53001
3369 0 0 737 2161 2176 3228 3237 3242 4073 4836 9180 21930 30579 30581 30615 30681 38846 38850 38857 38863 38868 53002
3370 0 0 4837 19124 21935 30490 30576 30584 30596 30641 30671 30682 38841 38848 38853 38857 38858 38859 38860
3371 0 0 2175 3230 3232 3244 4834 21929 27691 30667 53003
3372 0 0 11833 14304 19035 19051 27622 27623 27624 27625 27626 27627 27628 27629 27630 53004
3373 0 0 8203 11840 14039 14289 14296 14311 14326 14327 14328 14329 14330 14331 14332 53005
3374 3 3 11836 14287 14295 14296 14297 14298 14299 14300 14301 14302 14303 14304 14305 14306
3375 0 0 8206 11835 14355 19038 19043 19047 19048 19049 19050 19051 53006
3376 0 0 39170 39190 39198 39205 39210 39220 39224
3377 0 0 14087 30918 39161 39191 39217 39222 39242 39258 45740 45773 46265 46284 46292 46297 46298 46299 46300 46301 46302 46303 46304
3378 0 0 44258 44259 44260 44261 44262 44263 44264 44265 44266 44267
3379 0 0 36502 43408 43409 43410 43411 43412 43413 43414 43415
3380 3 3 44763 44764 44765 44766 44767 44768 44769 44770 44771 44772 44773 44774 44775
3381 3 3 34098 34467 36563 36564 36565 36566 36567 36568 36569 36570 36571 36572 36573 36574 36575 36576
3382 0 0 9247 31880 38893 38908 38922 40405 40406 40407 40408 40409 40410 40411 40412 40413
3383 0 0 23762 23779 23790 30703 37265 38871 38887 38895 38896 38897 38898 38899 38900 38901 38902 38903 38904 38905
3384 0 0 8499 8508 22489 22498 40376 40377 40378 40379 40380 40381 40382
3385 0 0 22492 22505 31832 40128 42318 46987 47015 47031 47034 47038 47039
3386 3 3 29259 29260 29261 29262 29263 29264 29265 29266 29267 29268 29269 29270 29271 29272 29273 29274
3387 3 3 21169 21643 29244 29245 29246 29247 29248 29249 29250 29251 29252 29253 29254 29255 29256 29257 29258
3388 0 0 29617 29627 30134 30234 38010 38306 41626 41627 41628 41629 41630 41631 41632 41633 41634 41635 41636 41637
3389 0 0 51217 51218 51219 51220 51221 51222 51223 51224 51225 51226 51227 51228 51229
3390 0 0 26098 30954 43784 43800 48939 48946 48955 48963 48976 48999 49001 49002 49003 53007
3391 0 0 26082 26096 30956 30961 39295 43481 43482 43483 43484 43485 43486 43487 43488 43489 43490 53008
3392 4 4 19791 19796 19803 19808 19820 19843 19937 27953 27981 27993 27999 28004 28020 28034 28039 28050 28051 28052 28053 28054 28055 28056
3393 0 0 12425 27950 27963 27972 27973 27974 27975 27976 27977 27978 27979 27980 53009
3394 0 0 4509 4715 8978 14528 14532 22311 22322 22327 31491 31508 40146 40149 40155 40156 40157 40158 40159 53010
3395 0 0 8515 8935 8945 8946 8947 8948 8949 8950 8951 8952 8953
3396 0 0 4508 4713 8517 8944 8950 8968 8973 8975 8976 8977 8978 8979 8980 53011
3397 0 0 22291 22292 22293 22294 22295 22296 22297 22298 22299 22300 22301
3398 3 3 43395 43406 44266 44278 44287 44315 44651 49443 49459 49466 49471 49482 49483 49484 49485
3399 3 3 36463 36497 44642 44663 44711 49468 49472 49604 49613 49618 49627 49661 49662 49663
3400 0 0 5254 7844 11821 13944 13958 13960 18863 18903 18912 27343 27359 27363 27364 27365
3401 0 0 4935 8030 9191 11816 13927 13949 13957 13965 15338 15339 15340 15341 15342 15343 15344 15345 15346 15347 15348 15349
3402 0 0 4925 5250 5257 7797 7820 7839 8022 11818 13919 13934 13942 13943 13944 13945 13946 13947 13948
3403 0 0 11817 15342 16110 16119 18915 22169 24593 27348 27358 27430 33802 33844 48171 48179 48202 48219 48220 48221 48222 48223
3404 3 3 13105 21008 21025 21065 21160 21167 21187 21188 21189 21190 21191
3405 0 0 13107 20983 20994 21015 21035 29205 29214 29237 29238 29239 29240 29241 29242 29243 53012
3406 3 3 13112 21024 21166 21187 29203 30202 30235 30259 30271 30291 30296 30297 30298 30299 30300
3407 3 3 13058 13104 20988 20993 21008 21009 21010 21011 21012 21013 21014 21015 21016 21017 21018
3408 0 0 43005 43013 43014 43015 43016 43017 43018 43019 43020 43021 43022 53013
3409 0 0 43011 43024 43029 43042 43070 43073 43085 43102 43103 43104 43105 43106 43107 43108
3410 0 0 39281 39306 39314 39315 39316 39317 39318 39319 39320
3411 0 0 30929 30939 30942 30950 39299 39309 39325 39329 44005 46306 46317 46318 46319 46320 46321 46322 46323 53014
3412 4 4 30469 31299 36787 37388 38760 38783 38798 38799 38800 38801 38802 38803 38804 38805 38806 38807
3413 4 4 31344 38808 38826 39839 39852 39871 39872 39873 39874 39875 39876 39877 39878 39879 39880 39881 39882
3414 4 4 38789 38797 38807 38820 38830 38838 40089 41350 41361 41406 41429 41431 41432 41433 41434 41435
3415 4 4 38818 39646 39652 39875 39884 39909 39911 39912 39913
3416 4 4 24584 24599 25662 33803 33842 33864 33892 33927 49897 51320 51332 51333 51334 51335
3417 4 4 5588 10363 10374 16118 22265 23444 24583 24592 25627 25642 25645 25646 25647 25648 25649 25650 25651 25652
3418 0 0 19016 19029 19192 21111 27462 27472 27484 27492 27493 27494 27495 27496 27497 27498 27499 27500 27501 27502 27503 27504 27505 27506 27507
3419 0 0 37541 37546 37555 45607 45625 45636 45637 45638 45639 45640 45641 45642
3420 3 3 25920 41887 44381 47666 47687 47694 47700 47705 47706 47707 47708 47709 47710 47711 47712
3421 3 3 17330 24391 41891 47732 47737 47739 49515 49564 49572 49582 49587 49588 49589
3422 0 0 43421 46133 46155 46157 46158 46159 46160 46161 46162 46163 46164 53015
3423 0 0 30721 30909 36426 39154 43417 46145 46166 46179 46181 46195 46201 53016
3424 4 4 2056 2067 4429 4453 4466 4468 4469 4470 4471 4472 4473 4474
3425 4 4 24 1109 2061 2071 3426 4462 5881 5885 5886 5887 5888 5889 5890 5891 5892 5893 5894
3426 0 0 18 2030 2044 2063 2073 4395 4428 4446 4452 4458 4462 4463 4464 4465 4466 4467 53017
3427 4 4 1091 2066 2077 2090 2093 3330 3449 4454 4471 5888 6757 6758 6759 6760 6761 6762 6763
3428 4 4 23260 23842 23860 23908 24745 32291 32297 40306 40348 40363 40374 47049 47070 47071 47072 47073
3429 4 4 23230 23246 23263 23817 23838 23859 32289 40302 40316 40323 40330 40338 40360 40364 40365
3430 4 4 2534 16180 16818 16826 16844 16847 17503 24631 24644 25529 25532 25537 25539 25540 25541
3431 4 4 16297 16307 16311 16324 16328 16333 16336 16806 16828 16846 16851 16852 16853 16854 16855 16856 16857 16858
3432 0 0 2536 2550 2554 16298 16325 16329 16814 16832 16841 16846 16847 16848 16849 16850 53018
3433 4 4 16813 16824 17506 24643 25528 25533 25536 25537 25538
3434 3 3 20656 20780 28862 28958 28980 28982 28992 28993 28994 28995 28996 28997 28998 28999 29000 29001
3435 0 0 12928 12935 12941 12946 12947 15622 28969 29018 29029 29035 29041 29046 29050 29051 29052 29053 29054 53019
3436 3 3 12922 12931 20653 29019 29051 37715 37729 37733 37734 37735 37736 37737 37738
3437 3 3 28956 28957 28958 28959 28960 28961 28962 28963 28964 28965 28966 28967 28968 28969 28970
3438 0 0 15418 15428 15429 15430 15431 15432 15433 15434 15435 15436 15437 15438 15439 15440
3439 0 0 9359 15424 15445 15473 15480 15496 15499 15952 15965 28118 28142 28151 28157 28158 28159 28160 28161 28162 28163 28164
3440 3 3 45172 46950 46958 46963 49835 49849 49854 49855 49856 49857 49858 49859
3441 3 3 31977 38730 41666 41670 41675 45232 46966 46967 46968 46969 46970 46971 46972
3442 3 3 15806 15851 24126 24173 24211 41658 45168 46943 46952 46960 46961 46962 46963 46964 46965
3443 3 3 49834 49835 49836 49837 49838 49839 49840 49841 49842 49843 49844 49845 49846
3444 0 0 3060 3096 3121 5717 6153 6238 6243 11270 11282 11283 11284 11285 11286 11287 11288 11289 11290
3445 0 0 6232 11194 11276 11298 11301 11305 17080 17093 17101 18030 18118 26266 26431 26445 26460 26465 26468 26469 26470 26471 26472 26473 26474 26475 26476
3446 0 0 3100 3120 5727 6242 11275 11283 11300 11310 18100 26429 26447 26449 26455 26463 26464 26465
3447 0 0 3069 6148 6236 11193 11278 11288 11291 11303 11304 11305 11306
3448 0 0 30471 36793 37397 38766 38782 38783 38784 38785 38786 38787 38788 38789
3449 0 0 38792 39714 41352 41364 41428 41431 41442 46843 46851 46852 46853 46854
3450 0 0 236 244 252 321 322 323 324 325 326 327 328 53020
3451 3 3 410 418 1206 3512 3518 3519 3520 3521 3522 3523
3452 3 3 16113 16122 23445 24588 24596 25649 33805 33814 33912 33924 33941 33951 33976 33977
3453 3 3 24580 33809 33816 33918 33923 33934 42378 42489 51313 51314 51315 51316 51317 51318 51319 51320 51321
3454 0 0 5611 10416 10418 17043 17129 25712 25719 25720 25721 25722 25723 25724 25725 25726 25727 25728 25729
3455 0 0 5778 5784 5785 5786 5787 5788 5789 5790 5791 5792 5793 5794 5795 53021
3456 0 0 2409 2410 2424 5386 5390 5402 5403 5404 5405 5406 5407 53022
3457 0 0 2415 2419 2427 5325 5408 5415 5416 5417 5418 5419 5420 53023
3458 0 0 2380 2401 2406 2414 2419 2420 2421 2422 2423 2424 53024
3459 0 0 2411 5328 5403 5417 8317 9578 9595 9606 9936 9948 9955 9962 9964 9965 9966 9967 9968
3460 0 0 26040 26054 27032 27101 34670 34699 34714 34717 34718 34719 53025
3461 0 0 17327 18202 26037 26047 26048 26049 26050 26051 26052 53026
3462 0 0 8155 13690 13694 13695 13696 13697 53027
3463 0 0 8131 8146 8161 8861 9523 13688 13704 13710 13716 30398 30427 30432 30446 30447 30453
3464 0 0 5097 5104 8160 9525 13682 13683 13684 13685 13686 13687 13688 13689 13690 13691 13692 13693 53028
3465 0 0 485 1462 4250 4260 4270 4274 7618 7628 7710 8133 8135 8149 8151 8152 8153 8154 8155 8156 8157 53029
3466 3 3 10920 12683 13086 13487 17450 18569 18583 29951 29965 29967 35500 42003 42033 46020 46041 46042 46043 46044 46045
3467 3 3 24346 29964 41958 41979 42001 42011 42023 42042 42043 42044 42045 42046 42047
3468 3 3 12681 13488 24343 29940 29952 29955 29956 29957 29958 29959 29960 29961 29962 29963 29964 29965 29966
3469 3 3 18589 41978 42004 42013 42034 46041 50316 50335 50353 50356 50369
3470 0 0 43340 43366 43376 47566 48665 48926 48989 50655 50674 50677 51177 51193 51907 51920 51922 51925 51929
3471 0 0 51573 51579 51584 51590 51595 51598 51599 51900 51909 51910 51911 51912 51913
3472 0 0 48070 48658 50676 51176 51203 51504 51515 51518 51521 51547 51591 51908 51917 51923 51924 51928 51929
3473 0 0 30953 39267 41450 43352 48916 48924 48935 48970 48974 48981 48982 48983 48984 48985 48986 48987 48988 48989 48990 48991 48992 48993 48994
3474 0 0 46966 49841 49864 49870 49876 49877
3475 0 0 20331 33254 41649 41667 41672 41681 45199 45208 45221 45223 45224 45225 45226 45227 45228 45229 45230 45231 45232
3476 3 3 32434 32444 32717 32725 32771 32780 32781 32782 32783 32784 32785 32786 32787 32788 32789
3477 3 3 27144 28354 28362 28371 28572 28583 28598 28599 28600 28601 28602 28603 28604 28605 28606 28607
3478 3 3 27122 27323 28349 28381 28607 32706 32707 32708 32709 32710 32711 32712 32713 32714 32715 32716 32717 32718 32719 32720 32721
3479 3 3 28369 28603 32388 32424 32426 32427 32428 32429 32430 32431 32432 32433 32434 32435 32436 32437 32438
3480 3 3 32295 32302 34382 34390 40362 40375 40470 40678 47048 47071 47090 47115 47116 47117 47118 47119 47120 47121
3481 3 3 40504 40520 40530 45276 45293 45321 47141 47216 51075 51102 51107 51108 51109 51110 51111 51112
3482 3 3 31769 31782 31868 32294 32299 40472 45320 45325 47116 47130 47140 47141 47142 47143
3483 3 3 40461 40469 40474 40477 40489 40501 40509 40521 40526 40532 40677 42521 47120 51073 51085 51089 51097 51102 51103 51104 51105 51106
3484 0 0 5434 5446 10188 25292 25298 25305 34577 34594 34604 34609 34610 53030 53031
3485 0 0 2529 2530 2531 2532 53032 53033
3486 0 0 14614 23302 23874 24801 24811 24812 24813 24814 24815 24816 24817 24818 24819 24820
3487 0 0 23136 23278 23870 24734 24753 24759 24778 24783 24784 24785 24786 24787 24788 24789 24790 24791
3488 0 0 5991 5998 6140 10810 10820 10841 10863 10873 10874 10875 10876 10877 53034
3489 0 0 3062 3123 5697 5722 5988 5993 6145 6146 6147 6148 6149 6150 6151 6152 6153 6154 6155 6156 53035
3490 0 0 3154 6278 11410 11420 11421 11422 11423 11424 11425 11426 11427 53036
3491 0 0 6286 11454 11471 11500 11565 18559 18623 18654 24354 24363 27237 27242 27256 27260 27265 27266 27267 27268
3492 3 3 34378 34389 35256 35265 35295 35309 40676 40819 42432 42435 42468 42471 42472 42473 42474 42475 42476 42477 42478 42479 42480 42481 42482
3493 3 3 25696 25704 25707 35251 35275 35278 35279 35280 35281 35282
3494 3 3 15065 16970 22984 34372 34395 34877 35248 35263 35264 35265 35266 35267 35268 35269 35270 35271
3495 3 3 25646 25656 33919 35258 35286 35314 35317 35318 35319 35320 35321 35322
3496 4 4 12692 12697 17469 17479 21570 21585 21589 24344 24426 24436 24442 24443 24444 24445 24446 24447 24448 24449 24450 24451 24452
3497 4 4 12687 21576 24337 29972 35860 35868 35870 44061 44075 44086 44092 44093
3498 4 4 7484 10897 12679 12694 17398 17618 17626 21571 21579 21588 24451 29821 29833 29843 29851 29857 35863 35864 35865 35866 35867 35868 35869
3499 4 4 12691 21569 21584 24337 24338 24339 24340 24341 24342 24343 24344 24345 24346 24347 24348
3500 3 3 4001 5251 5260 7821 7838 7920 7989 8004 8014 8022 8023 8024 8025 8026 8027 8028 8029 8030 8031 8032
3501 3 3 14219 14266 14275 14348 18832 18857 18868 18875 18898 22161 22162 22163 22164 22165 22166
3502 3 3 5246 5258 8026 9192 11819 13948 13950 13954 15344 18842 18854 18862 18863 18864 18865 18866 18867 18868 18869
3503 3 3 8007 8021 8032 8037 8063 14046 14054 14226 14262 14338 14347 18829 18848 18859 18871 18874 18875 18876
3504 0 0 13639 13649 13657 13665 15757 15770 15782 19060 19072 19093 19103 19104 19105 19106 19107 19108 19109 19110 19111
3505 0 0 4916 7580 7596 13659 15762 19115 19165 19184 19205 19206 19207 19208 19209 19210
3506 0 0 4907 4921 7577 7578 7579 7580 7581 7582 7583 7584 7585 7586 7587 7588 7589 7590
3507 0 0 13661 15758 15786 19074 19105 19113 19164 19181 19206 19215 19224 19225 19226 19227 19228 19229 19230 19231
3508 0 0 31370 36751 36764 39421 39432 39456 39476 44888 44891 44899 44905 44909
3509 0 0 27629 36814 39480 39485 39494 44887 44895 44902 44906 44907 44908 53037
3510 0 0 21968 30728 30731 30748 30828 38959 38960 38961 38962 38963 38964 38965 38966 38967 38968 53038
3511 0 0 39780 39786 39796 39814 50881 50899 50903 50908 50911 50914 50915 53039
3512 3 3 27642 31312 38965 38974 38980 39782 39794 39805 39806 39807 39808 39809 39810 39811 39812 39813 39814
3513 0 0 38963 38971 39038 39777 39778 39779 39780 53040
3514 0 0 21623 21633 30013 30014 30015 30016 30017 30018 30019 30020
3515 0 0 21373 21385 21386 21387 21388 21389 21390 21391 21392 21393
3516 0 0 12761 21379 21388 21617 21624 27985 29668 30015 30021 30043 30048 30058 30059 30060 30061 30062 30063 30064 30065 30066 30067 30068
3517 0 0 13411 13556 13574 21372 21385 21620 21628 28296 28336 30070 30138 30166 32810 32827 32831 32835 32851 32852
3518 0 0 4516 4538 4551 14541 22444 22603 22608 31553 31587 31593 40176 40188 40203 40205 40212 40213 53041
3519 0 0 8547 8548 8549 8550 8551 8552 8553 8554 53042
3520 4 4 12854 12861 13605 20450 20472 20492 25760 26722 26725 26748 35334 35349 35354 35355 35356
3521 4 4 17140 17148 17157 17165 19322 20459 20480 20491 25749 35338 35368 35372 35375 35376 35377 35378 35379 35380
3522 0 0 15803 15844 15849 24141 24295 24306 46944 46961 49871 51015 51037 51038 51040 51044 51045 51046
3523 0 0 15797 15852 24127 24144 24158 24170 24171 24172 24173 24174 24175 24176 24177
3524 0 0 5794 10430 10438 11894 11944 11963 11972 17128 17133 17147 17164 19306 19315 19321 25748 35346 35377 35404 35417 35420 35421
3525 0 0 11897 11922 11933 11947 11957 11958 11959 11960 11961 11962 53043
3526 0 0 11902 11908 11916 11967 17141 17156 19299 19307 19313 19315 19316 19317
3527 0 0 5808 10428 10432 11893 11918 11939 11941 11942 11943 11944 11945 11946 11947 53044
3528 0 0 13073 20989 21007 21019 21020 21021 21022 21023 53045
3529 0 0 3153 6280 11415 11420 11428 11429 11430 11431 11432 11433 11434 11435 11436 53046
3530 0 0 11418 11435 13062 13071 18565 20260 20990 20992 21001 21018 21019 21038 21048 21049 21050 21051 21052 21053 21054 21055 53047
3531 0 0 11429 13069 13074 13075 13076 13077 13078 13079 13080 53048
3532 0 0 9491 9497 9504 9505 9506 9507 9508 53049
3533 0 0 3950 9414 9415 9416 9417 9418 9419 9420 9421 9422 53050
3534 4 4 3770 3779 3784 3793 5620 5625 5633 13519 13531 13538 13539 13540 13541 13542 13543 13544
3535 4 4 43593 43594 43595 43596 43597 43598 43599 43600 43601 43602 43603 43604 43605 43606 43607
3536 4 4 5608 5627 5632 13539 17042 17052 17057 17616 25709 25728 35407 43599 43622 43625 43631 43632 43633
3537 4 4 13524 13530 13537 13544 13555 17060 29874 35489 35524 43594 43608 43616 43617 43618 43619
3538 0 0 1547 1555 3961 4188 6468 6474 6480 7990 9190 9213 9214 9215 9216 9217 9218 9219 9220
3539 0 0 1496 1559 3932 3964 4933 4937 4938 4939 4940 4941 4942 4943
3540 0 0 885 2513 4326 4336 5411 8243 8250 8254 8257 8258 8259 8260 8261 8262 8263 53051
3541 0 0 8264 8265 8266 8267 8268 8269 8270 8271 8272 8273 8274 8275 8276 53052
3542 0 0 2418 5409 5415 8249 8262 8276 8300 8306 8310 8312 8313 8314 8315 8316 8317 53053
3543 4 4 4329 4359 8242 8252 8260 8264 8277 8278 8279 8280 8281 8282 8283 8284 8285 8286 8287 8288 8289 8290
3544 0 0 90 1222 3547 3548 3549 3550 3551 3552 3553 3554 3555 3556 53054
3545 0 0 13364 13365 13366 13367 13368 13369 13370 13371 13372 53055
3546 0 0 1216 1221 1227 3553 7102 9777 9788 13371 13392 13397 13399 13400 13401 53056
3547 0 0 7201 7465 12519 12527 12543 12561 12571 13367 13373 13374 13375 13376 13377 13378 13379 13380 13381 13382 53057
3548 0 0 15506 23554 23575 28409 28410 28411 28412 28413 28414 28415 28416 28417 28418 28419
3549 0 0 15510 23527 23538 28457 32094 32115 32134 32148 32153 32158 32159 32160 32161
3550 0 0 73 988 3414 3437 3438 53058
3551 0 0 312 318 1129 1130 1131 1132 1133 1134 1135 1136 53059
3552 0 0 3421 5892 5897 5908 5920 5928 6528 6540 6547 6566 6567 6568 53060
3553 0 0 2820 2828 3396 5899 5900 5901 5902 5903 5904 5905 5906 5907
3554 0 0 14377 14378 14379 14380 14381 14382 14383 14384 14385 53061
3555 0 0 8223 14412 31234 31249 31257 31258 31262 31263 31264 31265 31266 31267 53062
3556 4 4 4570 4575 8926 8928 9004 9244 9249 31884 31895 31915 40409 40414 40415 40416 40417 40418 40419 40420
3557 4 4 4582 8708 8731 8866 8877 8878 8879 8880 8881 8882 8883 8884 8885 8886 8887 8888
3558 4 4 4568 4578 4619 8709 8727 8729 8730 8731 8732 8733 8734 8735 8736
3559 4 4 4572 4576 4760 4972 5060 7737 8781 8887 8892 8921 8927 9008 9116 9248 9249 9250 9251 9252 9253 9254 9255 9256 9257 9258
3560 0 0 2874 5692 5698 5723 5736 5749 5752 5847 5984 5985 5986 5987 5988 5989 5990 5991 53063
3561 3 3 2877 3689 5646 5673 5685 5687 5691 5714 5740 5771 5772 5773 5774
3562 0 0 18114 18159 18177 18192 35791 35809 35810 35811 35812 35813 35814
3563 0 0 11253 16093 17585 17590 17591 17592 17593 17594 17595 17596 17597 17598 17599 17600 17601 17602 17603 17604
3564 0 0 8350 8358 14586 14595 14599 27846 27864 27880 36912 36916 40182 40195 40217 40221 40225 40227 40228
3565 0 0 27892 27897 36869 36885 36893 36909 36915 36919 40180 40209 40219 40223 40224
3566 0 0 10256 10287 15242 15245 15246 15288 16903 16912 16916 23060 23062 53064
3567 0 0 2520 4813 5464 5465 5466 5467 5468 5469 5470 5471 5472 5473
3568 0 0 625 729 2507 2522 4317 5466 5506 5512 8763 8765 10249 10260 15241 16904 16908 16909 16910 16911 16912 16913 16914 16915 53065
3569 0 0 5524 10253 10283 10284 10285 10286 10287 10288 10289 10290 10291 10292 10293 53066
3570 0 0 17967 17973 17982 17987 17990 36022 36026 36032 36041 36052 36056 36064 36066 44100 44111 44113 44114 44115 44116
3571 0 0 16872 16878 24636 24649 26405 34109 36018 36029 42539 42550 42566 42567 42568 42569 42570 42571
3572 0 0 46688 46692 46696 47498 50817 50830 50831 50832 50833 50834 50835 53067
3573 0 0 46760 46763 46764 46765 46766 46767 46768 53068
3574 0 0 6902 6911 6915 6922 6926 6934 6945 6956 6981 6989 53069
3575 0 0 1182 3474 3475 3476 3477 53070
3576 0 0 3935 7803 7835 7845 7846 7847 7848 7849
3577 0 0 1476 1487 1488 1489 1490 1491 1492 1493 1494 1495 1496 1497 1498 53071
3578 0 0 25110 25124 25125 25126 25127 25128 53072
3579 0 0 11208 11256 18056 18081 18095 18099 18106 18232 18240 25099 25103 25104 25105 25106 25107 25108 53073
3580 0 0 31148 34919 34930 43071 43095 43106 43129 43138 43161 43162 53074
3581 0 0 34922 34933 34948 34949 34950 34951 34952 34953 53075
3582 0 0 14175 14179 22092 22106 22118 22125 31044 31051 31059 31065 31066 31067 31068 53076
3583 0 0 14169 22095 22105 22128 24616 31049 31058 31075 31090 31117 31120 31130 31135 31136 31137 31138 31139 31140 31141 31142
3584 0 0 189 286 374 1256 1286 1304 1305 1306 53077
3585 0 0 43 129 169 192 292 363 378 1087 1260 1278 1289 1298 1303 1307 1311 1312 1313 1314 1315
3586 0 0 141 152 163 188 282 1259 1283 1301 1302 1304 1309 53078 53079
3587 0 0 288 294 299 367 370 371 372 373 374 375 376 377 378 379 53080
3588 0 0 5220 15417 15866 15892 15919 15932 15934 15950 15962 20667 20668 20669 20670 20671 20672
3589 0 0 743 2210 2215 5209 9728 9745 12910 15818 15893 15904 15923 15930 15936 15948 53081
3590 0 0 6625 6701 6715 6718 6719 6720 6721 6722 6723 6724 6725 6726
3591 0 0 2123 2795 6647 6706 6741 6742 6743 6744 6745 6746 6747
3592 2 2 28117 28152 28164 28186 28195 28229 30032 30129 30148 30222 30243 30244 30245 30246 30247 30248 30249 30250
3593 2 2 9282 15441 15442 15443 15444 15445 15446 15447 15448 15449 15450 15451 15452 15453 15454 15455 15456 15457 15458
3594 2 2 15440 15458 15472 15479 15485 15491 15497 15505 24155 24185 28123 28153 28161 28183 28184 28185 28186
3595 2 2 15442 15968 15978 15991 21200 28112 28137 28149 28230 30229 30244 30267 33050 36963 36970 36971 36972 36973 36974
3596 0 0 5247 5254 5255 5256 5257 5258 5259 5260 5261 5262
3597 0 0 5249 5555 5569 7822 7837 8024 9887 9899 10335 10339 18840 18841 18842 18843 18844 18845 18846
3598 0 0 22033 22034 22035 22036 22037 22038 22039 22040 22041 22042 22043 53082
3599 0 0 14111 14120 14156 22007 22015 22024 22025 22026 22027 22028 22029 22030 22031 22032 53083
3600 3 3 14105 18704 22012 22022 22030 22033 22044 22045 22046 22047 22048 22049 22050 22051 22052 22053 22054 22055 22056 22057 22058
3601 0 0 14091 14114 14121 22003 22027 22036 22061 22066 22067 22068 22069 22070 22071 22072 22073 22074 22075 53084
3602 3 3 25497 31089 34481 34493 34520 34527 34541 34544 34556 34563 42723 42816 42843 42852 42853 42854 42855 42856 42857 42858 42859 42860 42861
3603 3 3 31128 34069 34565 34914 42561 42822 42870 42873 42878 42879 42880 42881 42882 42883 42884 42885 42886
3604 3 3 42812 42813 42814 42815 42816 42817 42818 42819 42820 42821 42822 42823 42824 42825 42826 42827 42828
3605 3 3 25177 31125 34071 34522 34528 34546 34554 34561 34562 34563 34564 34565 34566 34567 34568 34569 34570
3606 3 3 8186 13885 14215 14243 14251 14259 14260 14261 14262 14263 14264 14265 14266 14267
3607 3 3 18839 18846 18852 18861 18869 18873 18876 18879 18883 18891 18893 18894 18895 18896 18897 18898 18899
3608 3 3 17634 17660 20976 22513 22893 22908 22917 22932 22936 22945 22947 22948 22949 22950 22951 22952 22953 22954 22955
3609 3 3 11004 17658 17680 17682 17683 17684 17685 17686 17687 17688 17689 17690 17691 17692 17693 17694 17695
3610 3 3 11005 14731 17641 17659 17691 19690 22511 22512 22513 22514 22515 22516 22517 22518
3611 3 3 17670 17681 17695 22951 29130 29139 29152 29160 32076 35883 35903 35912 35915 35916 35917 35918 35919
3612 0 0 12832 28551 28668 32997 33012 33013 33014 33015 33016 33017 33018 33019
3613 0 0 33230 33237 33243 33247 33253 33263 33274 34341 37126 37140 37165 37171 37172 37173 37174 37175 37176
3614 0 0 41222 41232 41238 41246 41249 41264 41280 43909 43928 43939 43947 43959 43965 43966 43967 43968 43969 43970 43971 53085
3615 0 0 41268 41282 41314 43176 46697 47486 47491 47500 47514 47522 53086
3616 0 0 34887 41221 41228 41237 41266 41276 41277 41278 41279 41280 41281 41282 41283 41284 53087
3617 0 0 41263 43966 46686 46693 46699 47481 47490 47494 47495 47496 47497 47498 47499 53088
3618 0 0 16218 16260 16281 16296 16298 16299 16300 16301 16302 16303 16304 16305 16306 16307 53089
3619 0 0 16219 16259 16268 16273 16274 16275 16276 53090
3620 0 0 41540 41548 41556 41561 41567 45239 45247 47594 47618 47633 47638 47639 47640 47641
3621 0 0 24228 32864 32959 33257 34349 37403 41713 41730 41731 41732 41733 41734 41735 41736
3622 0 0 37411 41534 41647 41733 45200 45218 45220 45224 45233 45234 45235 45236 45237 45238
3623 0 0 24216 24217 24218 24219 24220 24221 24222 24223 24224 24225 24226 24227 24228
3624 0 0 3978 4838 4860 7651 7659 9197 9206 9207 9208 9209 9210 9211 9212
3625 0 0 9199 15303 15317 15355 18938 18988 20318 23447 23458 23462 23470 23471 23472 23473 23474
3626 0 0 43527 43546 43584 43591 49044 49055 49056 49057 49058 49059 49060 49061 53091
3627 0 0 25516 35221 35237 40763 42955 42970 43520 43533 48432 48440 49017 49026 49027 49028 49029 49030 49031 49032 49033 49034
3628 0 0 35214 35223 35238 43519 43520 43521 43522 43523 43524 43525 43526 43527 43528 53092
3629 0 0 49012 49016 49025 49034 49042 49049 49065 49072 49075 49076 49077 49078
3630 2 2 4506 4524 5851 5852 5853 5854 5855 5856 5857 5858
3631 2 2 2771 2790 5863 5874 8649 8655 8666 8694 10695 14956 14982 19475 19521 19528 19563 19568 19569
3632 0 0 15788 19176 19224 21114 21115 21116 21117 21118 21119 21120 21121 21122
3633 0 0 15791 19178 20375 21106 21107 21108 21109 21110 21111 21112 21113
3634 3 3 1504 2287 2301 2311 2318 2340 5279 5286 5293 7813 7852 7864 7870 7876 7877 7878
3635 3 3 1509 2323 2338 2360 3920 3945 4026 5302 5583 7814 7860 7863 7866 7879 7880 7881 7882 7883
3636 4 4 14294 14306 14317 14325 14332 14337 14342 14350 21898 31170 31188 31208 31213 31214 31215 31216 31217 31218
3637 4 4 8001 8033 8043 14014 14020 14050 14053 14312 14318 21865 21895 21903 21907 21910 21911
3638 4 4 14052 14058 14217 14268 14320 14340 14343 14344 14345 14346 14347 14348 14349 14350
3639 4 4 8044 14019 14037 14290 14305 14307 14308 14309 14310 14311 14312 14313 14314 14315 14316 14317
3640 2 2 28385 29914 29929 29985 29989 30087 30156 33093 33126 33181 38541 38631 38636 38637 38638 38639 38640 38641 38642 38643
3641 2 2 21614 29977 33074 33097 33105 33106 33107 33108 33109 33110 33111 33112 33113
3642 0 0 32793 43398 44293 44295 44316 44336 44649 44651 44652 44653 44654 44655 44656 44657 44658
3643 0 0 44285 44301 44304 44305 44306 44307 44308 44309 44310 44311
3644 0 0 303 1075 2102 3260 3272 3284 3310 3313 3315 3316 3317 3318 3319 53093
3645 0 0 305 2096 3261 3286 3295 3304 3320 3321 3322 3323 3324 3325 3326 3327 3328 3329 3330
3646 0 0 296 2091 2093 2094 2095 2096 2097 2098 2099 2100 2101 2102 2103 53094
3647 0 0 1077 1083 3258 3277 3288 3307 3308 3309 3310
3648 0 0 8697 10985 14660 19391 19417 19433 19465 19514 19523 19532 19533 19534 19535 19536 19537 19538 19539 19540 19541
3649 0 0 14661 19396 19434 19467 19511 19530 19546 19547 19548
3650 3 3 17726 17727 17728 17729 17730 17731 17732 17733 17734 17735 17736 17737 17738 17739 17740 17741 17742 17743 17744 17745 17746
3651 3 3 11058 11080 16092 17292 17595 17795 17823 18112 26327 26349 26352 26353 26354 26355 26356 26357 26358
3652 3 3 2969 11057 11069 11083 17728 17753 17797 24983 26332 26356 26364 26369 26374 26375
3653 3 3 16071 16084 16096 17590 17740 17804 17824 18110 22629 22642 22647 25084 26206 26347 26358 26376 26916 35800 35811 35815 35822 35842 35849 35850
3654 0 0 43811 43821 43835 43836 43837 43838 43839 43840 43841 43842 43843 43844 43845
3655 0 0 43824 43874 43875 43876 43877 43878 43879 43880 43881 43882 43883 43884 43885 43886
3656 0 0 1523 1525 5526 7811 7824 7832 7854 9867 9878 9882 9883 9884 53095
3657 0 0 1473 1495 1521 1527 3994 4095 4101 4102 4103 4104 4105 4106 4107 53096
3658 0 0 1522 1525 1526 1527 1528 1529 1530 53097
3659 0 0 1524 1530 4101 4178 4189 4927 5233 7800 7816 7817 7818 7819 7820 7821 7822 7823 7824 7825 7826 7827 7828 7829 7830 53098
3660 0 0 23525 23535 23546 23579 23612 30343 30348 32087 32106 32109 32116 32117 32118 32119 32120 32121 32122 32123 32124 32125 32126
3661 0 0 23562 23578 23585 29187 32097 32136 32198 32199 32200 32201 32202 32203 32204 32205 32206 32207 32208 32209
3662 0 0 23532 23541 23580 23657 32117 32167 32216 32221 32222 32223 32224 32225 32226 32227
3663 0 0 23613 29100 30333 30341 32084 32097 32098 32099 32100 32101 32102 32103 32104 32105 32106 32107 32108
3664 0 0 12036 17252 19364 19380 19381 19382 19383 19384 19385 19386
3665 0 0 14648 14649 14650 14651 14652 14653 14654 14655 14656 14657 14658 14659 14660 14661 14662 14663
3666 0 0 14651 19398 19454 19496 19517 19531 19538 19543 19546 19580 19605 19620 19627 19635 19666 19667
3667 0 0 14654 17241 19392 19407 19619 26144 26145 26146 26147 26148 26149 26150 26151 26152 26153 26154
3668 0 0 25667 35312 35328 45432 48391 48395 49885 49886 49887 49888 49889 49890 49891 49892 49893 49894
3669 0 0 49902 49903 49904 49905 49906 49907 49908 49909 49910 49911 49912 49913 49914 49915
3670 0 0 9031 9042 15031 17004 17020 17028 17030 17031 17032 17033 17034 17035
3671 0 0 9036 9045 10043 10058 10065 10075 14424 14999 15011 15012 15013 15014 15015 15016 15017 15018 15019 15020
3672 4 4 16057 17702 17704 17705 17706 17707 17708 17709 17710 17711 17712 17713 17714 17715 17716
3673 4 4 16060 21356 24536 24542 29723 29767 29779 29790 29791 29792 29793 29794
3674 4 4 17704 18452 24509 24544 26308 26319 29707 29791 29795 29796 29797 29798 29799 29800 29801 29802 29803 29804 29805 29806
3675 4 4 16052 16053 16054 16055 16056 16057 16058 16059 16060 16061 16062
3676 3 3 12851 12859 13582 13607 17138 17228 17304 20522 20539 21481 21489 21497 21528 26726 28762 29888 35337 35356 35365 35370 35371 35372 35373 35374
3677 3 3 273 6596 13586 13598 17137 17173 17191 17234 21218 21269 21276 21277 21278 21279 21280 21281 21282 21283 21284
3678 3 3 272 6574 6598 11969 13585 13611 17132 17133 17134 17135 17136 17137 17138 17139 17140
3679 3 3 13584 17313 21283 21291 21458 21472 21480 21487 21488 21489 21490 21491 21492 21493 21494 21495 21496
3680 0 0 29581 29589 29596 29599 38242 38255 38269 38270 38271 53099
3681 0 0 32926 38247 38261 38275 38281 38284 53100
3682 0 0 40042 41149 41333 41359 41373 41413 43945 46678 46825 46832 46835 47442 50827 50840 50850 50860 50864 50865
3683 0 0 46762 46768 46775 46788 46794 50825 50832 50843 50848 50853 50857 50861 53101
3684 0 0 31416 31417 31418 31419 31420 31421 31422
3685 0 0 40047 40097 41408 44046 46258 46702 46705 46756 46800 46824 50515 50819 50834 50836 50841 50842 50843 50844 53102
3686 4 4 7428 20121 20130 20135 20158 20173 29513 29539 29542 29562 29563 29564 29565
3687 4 4 28283 29511 29528 29545 29551 29555 29556 29557 29558 29559 29560 29561
3688 3 3 955 958 2571 3664 3684 3685 3686 3687 3688 3689 3690 3691 3692 3693 3694 3695 3696 3697 3698
3689 0 0 921 928 952 963 3356 3703 3755 5638 5652 5658 5659 5660 5661 53103
3690 3 3 3398 3408 6664 6676 6683 6697 6787 6795 8580 8601 14840 14855 14867 14912
3691 3 3 3397 6669 6681 6692 6703 6726 6738 6748 8573 8574 8575 8576 8577 8578 8579
3692 3 3 1143 1150 1174 3365 3399 3411 6651 6655 6665 6678 6683 6684 6685 6686
3693 3 3 6789 8581 8599 14826 14848 14851 14852 14853 14854 14855 14856 14857 14858
3694 4 4 5017 5157 5165 5171 5196 15805 15847 24130 24165 24170 24178 24196 24199
3695 4 4 5180 5191 15997 24070 24073 24084 24090 24128 24168 24174 24189 24195 24198 24206 24207 24208 24209 24210 24211 24212 24213 24214 24215
3696 0 0 34987 43507 43515 43544 43558 43569 43571 43572 43573 43574
3697 0 0 43501 43514 43589 48437 48448 48468 49020 49026 49035 49036 49037 49038 49039 49040 49041 49042
3698 0 0 35236 43503 43525 43549 43556 43585 43587 43588 43589 43590 43591 43592 53104
3699 0 0 48455 48462 48470 48476 48485 48492 48495 48498 48499 48508 48509 48510 48511 48512 48513 48514
3700 0 0 13897 18926 18975 21846 21874 21883 30501 30504 30519 30558 30563 30567 30571 30573 31178 31193 31199 31203 31210 31211 31212
3701 0 0 13892 21859 21872 21878 21889 21900 30478 30494 30495 30496 30497 30498
3702 4 4 14065 30936 30945 35713 35722 39973 40027 43721 43975 43989 43996 43997 43998 43999 44000 44001 44002 44003 44004 44005 44006
3703 0 0 17535 26086 26087 26088 26089 26090 26091 26092 26093 53105
3704 0 0 17533 26092 26125 30948 35712 35730 39302 39960 39969 39970 39971 39972 39973 39974 39975 39976 39977 53106
3705 0 0 14060 26086 30931 30944 35718 35720 35721 35722 35723 35724 35725 35726 35727 35728 35729 53107
3706 0 0 40251 40252 40253 40254 40255 40256 40257 40258 40259 40260
3707 0 0 20837 20962 24275 24282 33065 33133 33138 33148 33171 38649 40243 40244 40245 40246 40247 40248 40249 40250
3708 0 0 100 488 568 1466 1467 1468 1469 1470 1471 1472 1473 1474 1475 1476 53108
3709 0 0 105 475 476 477 478 479 480 481 482 483 484 485 486 53109
3710 0 0 106 480 1460 1474 1485 4875 7673 13727 13735 13736 53110
3711 0 0 101 482 487 566 567 568 569 570 571 53111
3712 0 0 39168 39186 39201 39202 39203 39204 39205 39206
3713 0 0 30912 39184 39193 39227 45738 45755 45759 45770 45772 46187 46298 48635 48652 48670 48673 48688 48689 48690
3714 0 0 6858 8594 8609 8610 8611 8612 8613 8614 8615 8616 8617 8618 8619 8620 8621 8622 8623
3715 0 0 14760 14761 14762 14763 14764 14765 14766 14767 14768
3716 3 3 12120 19270 19292 22688 22699 22714 22766 27786 27792 27793 27794 27795 27796 27797
3717 3 3 36858 36859 36860 36861 36862 36863 36864 36865 36866 36867 36868 36869 36870 36871 36872 36873
3718 3 3 12126 12130 22479 27796 27800 27812 27813 27814 27815 27816 27817 27818 27819
3719 3 3 19748 22687 27788 27793 27807 27827 35888 35928 35945 36865 36878 36897 36898 36900 36906
3720 0 0 6257 6269 7129 7135 7165 7251 7263 7286 7291 12417 12635 18598 20032 20034 20044 20096 20100 20105 20108 20109
3721 0 0 6258 7121 7124 7130 7131 7132 7133 7134 7135 7136 53112
3722 0 0 3581 6259 6265 7240 7257 7258 7259 7260 7261 7262 7263 7264 7265 7266 53113
3723 0 0 6256 7116 7124 7125 7126 7127 7128 7129 53114
3724 3 3 8190 8198 8205 14210 14216 14236 14238 14239 14240 14241 14242 14243 14244 14245 14246 14247 14248 14249
3725 3 3 14235 14377 14389 22144 31231 31247 31251 31252 31253 31254 31255 31256 31257
3726 3 3 14220 14229 14230 14231 14232 14233 14234 14235 14236 14237
3727 0 0 4313 8192 8216 8219 8230 14238 14253 14357 14381 14388 14396 14397 14398 14399 14400 14401 53115
3728 0 0 35173 35174 35175 35176 35177 35178 35179 35180 35181 35182 35183 35184 35185 53116
3729 0 0 14430 16901 25580 25581 25582 25583 25584 25585 25586 25587 53117
3730 4 4 31667 31680 31712 37693 37697 37712 37845 37866 37874 37904 40294 45965 45971 46011 46012 46014
3731 4 4 13763 13777 13810 15902 15912 20677 29093 29111 31669 31670 31671 31672 31673 31674 31675 31676
3732 4 4 35003 35152 36012 42637 42773 42993 43191 43218 43224 43232 43233 43234 43235 43236 43237
3733 4 4 43002 43112 43188 43200 43206 43207 43208 43209 43210 43211 43212 43213 43214 43215
3734 0 0 87 88 89 90 91 92 93 53118 53119
3735 0 0 94 381 450 7206 7219 7222 7223 7224 7225 53120 53121
3736 0 0 672 716 717 718 719 720 721 53122
3737 0 0 673 770 781 2194 5062 8774 8787 8808 8834 8873 8886 8895 8909 8914 8915 8916 8917 8918 8919 8920 53123
3738 0 0 5042 5078 5083 5350 7719 9446 9450 15607 23767 23775 23784 23791 23792 23793 23794 23795 53124
3739 0 0 5048 5356 7718 8367 9424 9455 9485 14483 15524 15605 22363 22400 22405 22412 22425 22437 22438 22439 53125
3740 0 0 5358 8362 9456 9473 9486 22413 22439 23765 23776 23783 23784 23785 23786 23787 23788 23789 23790
3741 0 0 5042 5043 5044 5045 5046 5047 5048 5049 5050 5051 5052 5053 5054 53126
3742 0 0 14136 14137 14138 14139 14140 14141 14142 14143 14144 53127
3743 0 0 14147 19013 19017 19018 19019 19020 19021 19022 19023 19024 19025 19026 19027 19028 19029 53128
3744 0 0 28704 28712 36114 36132 36154 36155 36156 36157 36158 36159 36160 36161 36162 36163 36164 36165
3745 0 0 36094 36095 36096 36097 36098 36099 36100 36101 36102 36103 36104 36105 36106 36107 36108
3746 4 4 34447 41017 41047 41050 45439 45447 47379 48377 48378 48379 48380 48381 48382 48383 48384
3747 4 4 41028 41065 41084 41091 45442 48363 48370 48386 48469 48480 51437 51452 51453 51469 51472 51473 51474 51475
3748 4 4 28688 37576 39400 45711 46600 46623 46630 49998 50028 50051 50059 50063 50078 50080
3749 4 4 28694 37577 39236 39251 39257 45702 45713 45749 45757 49976 50021 50039 50044 50048 50049
3750 4 4 4558 4588 4603 4624 4646 4647 4648 4649 4650 4651 4652 4653 4654
3751 4 4 791 2015 2446 2447 2448 2449 2450 2451 2452 2453 2454 2455 2456 2457
3752 0 0 18148 18169 18180 20403 26754 26770 26774 26775 26776
3753 0 0 20383 20384 20385 20386 20387 20388 20389 20390 20391 20392 20393 20394 20395
3754 4 4 8685 14925 14940 14941 14942 14943 14944 14945 14946 14947 14948 14949 14950 14951
3755 4 4 11030 11243 14930 14964 17280 17281 17282 17283 17284 17285 17286 17287 17288 17289 17290
3756 0 0 10217 14132 30900 30908 39321 46134 46159 46165 46166 46167 46168 46169 46170 53129
3757 0 0 10226 14130 30714 30715 30716 30717 30718 30719 30720 30721 30722 30723 53130
3758 0 0 1465 3989 7605 7616 7634 7695 7711 8153 13667 13712 13731 13732 13733 13734
3759 0 0 7604 7687 8853 13671 13676 13677 13678 13679 13680 13681
3760 0 0 8551 8566 14745 22456 22472 22610 31548 31576 31579 31584 31585 31586 31587 31588 53131
3761 0 0 8564 10642 10658 10676 10689 22475 22481 27890 31552 31570 31575 31578 31589 31590 31591 31592
3762 0 0 33315 33343 33373 35601 44618 44619 44620 44621 44622 44623 44624
3763 0 0 32425 33313 33328 33331 33332 33333 33334 33335 33336 33337 33338
3764 0 0 10433 11919 11935 11943 11948 11949 11950 11951 11952 53132
3765 0 0 11925 11937 11956 11982 11984 11991 13292 17166 17176 17177 17178 17179 17180
3766 0 0 11917 11932 11933 11934 11935 11936 11937 11938 11939 11940 53133
3767 0 0 10729 11923 11948 11954 11987 17066 17070 17071 17072 17073 17074 53134
3768 0 0 39827 39996 40004 40005 40006 40007 40008 40009 40010 53135
3769 0 0 39831 44024 44030 44044 46254 46706 46755 46756 46757 53136
3770 0 0 15970 28150 30128 30217 30249 33032 33040 33041 33042 33043 33044 33045 33046 33047 33048 33049 33050 33051 33052 33053 33054
3771 0 0 15455 15974 15978 15979 15980 15981 15982 15983 15984 15985 15986
3772 0 0 10958 22099 22129 34024 34038 34061 34076 34077 34078
3773 0 0 10963 14170 22096 24611 24612 24613 24614 24615 24616 24617 24618 53137 53138
3774 0 0 47987 48027 48040 48049 48055 48068 48124 50597 50624 50625 50628 50636 50637
3775 0 0 43978 47990 48005 48038 48046 48071 48077 48096 48099 48104 48105 48106 48107 48108 48109 48110 48111
3776 3 3 15975 21199 30131 30150 30218 30223 30250 33046 36966 36971 36977 36980 36981 36982
3777 3 3 29629 29638 30137 30215 30226 30252 30264 30265 30266 30267
3778 0 0 6005 10827 10829 10847 10852 10856 10869 10879 10885 11213 11222 11227 11228 11229
3779 0 0 6000 10834 11231 11262 11264 11265 11266 11267 11268 53139
3780 0 0 2800 2802 2803 2804 2805 2806 2807 2808 2809 2810
3781 0 0 2819 2823 5873 5902 5913 5917 5918 5919 5920 5921 5922 5923 5924 5925 53140
3782 0 0 34881 34882 34883 34884 34885 34886 34887 34888 34889 34890 34891 53141
3783 3 3 34958 34990 34993 34994 34995 34996 34997 34998 34999
3784 3 3 34888 34957 34979 34980 34981 34982 34983 34984 34985 34986 34987 34988 34989 34990 34991 34992
3785 0 0 34890 34996 41272 41276 41316 43099 43123 43125 43131 43150 43171 43176 43177 43178 53142
3786 2 2 5527 5553 5572 7805 7823 7836 7853 9865 9876 9882 9885 9901 10301 10311 10331 10336 10337 10338 10339 10340
3787 2 2 5288 5291 5531 7812 7851 7868 7869 7870 7871 7872 7873 7874 7875
3788 3 3 23901 24742 24884 32314 40324 47308 49733 51612 51639 51647 51653 51656
3789 3 3 23913 40296 40306 40307 40308 40309 40310 40311 40312 40313 40314 40315 40316 40317
3790 3 3 23844 23906 24740 24757 24768 24852 24883 32315 34164 40297 40313 40318 40319 40320 40321 40322 40323 40324 40325 40326
3791 3 3 23902 24750 32319 34407 40307 40343 40802 42412 47057 47070 47127 47365 49706 49714 49720 49731 49732 49733 49734 49735 49736
3792 0 0 6451 11697 11717 11723 11724 11725 11726 11727 53143
3793 0 0 11613 11618 11626 11644 11655 11686 11690 11701 11713 11718 11728 11729 11730 11731 11732 11733 11734 11735 53144 53145
3794 3 3 6101 10549 11155 11165 11185 17085 17090 17104 17109 17110 17111 17112 17113 17114 17115
3795 3 3 5973 10447 10473 10495 10499 10507 10508 10509 10510 10511 10512 10513 10514 10515 10516
3796 0 0 5968 10506 10515 11027 11033 11144 11146 11155 11156 11157 11158 11159 11160 11161 11162 11163 11164 53146
3797 3 3 6125 10449 10474 10496 10500 10509 17086 17106 17116 17117 17118 17119 17120 17121
3798 3 3 37393 39557 39564 39728 41383 41419 41426 45360 45379 45386 45389 45390 45391 45392 45393
3799 3 3 41331 41332 41333 41334 41335 41336 41337 41338 41339 41340 41341 41342 41343 41344 41345 41346 41347 41348 41349 41350 41351 41352
3800 3 3 41157 41319 41337 41371 41380 41382 41383 41384 41385 41386 41387 41388 41389
3801 3 3 37392 38784 38796 38804 39561 39908 41348 41394 41407 41420 41424 41425 41426 41427 41428 41429 41430
3802 4 4 15977 15986 15993 16001 21198 21199 21200 21201 21202 21203 21204 21205 21206
3803 4 4 30212 33048 41594 41602 41606 41607 41608 41609
3804 4 4 15976 30130 30219 33044 33059 33153 41581 41595 41608 41615 45179 45255 47600 47605 47611 47615 47621 47624 47625 47626
3805 4 4 21206 24028 24037 24043 29583 29628 30214 30265 32940 36968 36975 36980 36983 38280 41586 41590 41596 41598 41599 41600 41601 41602 41603 41604 41605
3806 0 0 12968 12979 14578 15400 20773 20841 20857 25785 28782 28814 28884 31725 33088 33132 33142 33163 33177 33185 33186
3807 0 0 20844 20859 31688 31724 31735 37384 38648 40243 40257 40261 40271 40282 40283 40284 40285 40286 40287
3808 0 0 12967 20777 20840 20848 20849 20850 20851 20852 20853 20854 20855 20856 20857 20858 20859 20860
3809 0 0 20845 31722 33075 33099 33107 33116 33134 33143 33151 33160 37804 38648 38649 38650 38651 38652 38653 38654 38655 38656
3810 0 0 18156 18173 18187 20568 24490 24491 24492 24493 24494 24495 24496 24497
3811 0 0 17589 17604 17605 17606 17607 17608 17609 17610 17611 17612 17613 17614 17615
3812 0 0 17615 18146 18165 18166 18167 18168 18169 18170 18171 18172 18173 18174
3813 0 0 17579 18189 20571 20577 24260 24492 24500 24515 28750 33679 33683 35806 35824 35830 35853 35854 35855
3814 3 3 10476 10597 10601 10621 17107 17119 18115 18123 18124 18125 18126 18127
3815 3 3 3081 10444 10468 10480 10491 10508 10533 10543 10595 10600 11043 17117 18130 18135 18139 18140 18141 18142 18143 18144 18145
3816 0 0 2431 2481 2978 2979 2980 2981 2982 2983 2984 2985 2986 53147
3817 0 0 2491 2984 2987 2993 3006 3022 3023 3024 3025 3026 3027 3028 3029 3030
3818 0 0 15513 15533 20306 22427 22593 22836 23539 23553 23658 23667 28416 28420 28421 28422 28423 28424
3819 0 0 28430 28436 37217 37224 37228 37234 37245 37316 37329 37340 37351 42269 42278 42279 42280 42281 42282
3820 0 0 15545 20281 20299 20300 20301 20302 20303 20304 20305 20306 20307 20308 20309
3821 0 0 23569 28413 37212 37219 37227 37312 37333 37336 37337 37338 37339 37340 37341 37342 37343
3822 3 3 37207 38630 40284 42156 45263 46924 46935 49839 49853 49859 49865 49882 50965 50981 50985 50986 50987 50988 50989 50990 50991
3823 3 3 37110 38724 38739 38745 41679 45121 46969 49873 50968 50978 50995 51004 51005 51009 51010 51021 51042 51050 51055 51057 51059 51062 51063 51064
3824 3 3 37103 37111 37385 38696 38715 38741 38744 45092 45122 46926 46937 46939 50967 50988 50992 50993 50994 50995
3825 3 3 41678 45209 45229 46968 49843 49872 49877 49878 50964 50976 50977 50978 50979 50980 50981 50982 50983 50984
3826 3 3 2051 2059 4380 4389 4391 5882 5927 6550 8384 8385 8386 8387 8388 8389 8390 8391 8392 8393 8394 8395
3827 3 3 8444 8556 8571 10657 12123 22458 22460 22465 22473 22478 22479 22480 22481 22482 22483 22484
3828 4 4 29600 29896 29921 38318 38337 38362 38373 38380 38387 38398 41877 50387 50400 50403 50404 50405 50406 50407 50408
3829 4 4 28382 28383 28384 28385 28386 28387 28388 28389 28390 28391 28392 28393 28394 28395 28396 28397 28398
3830 4 4 29999 38320 38379 38384 38385 38386 38387 38388
3831 4 4 28383 29600 29601 29602 29603 29604 29605 29606 29607 29608 29609 29610 29611 29612 29613 29614 29615 29616 29617
3832 0 0 565 577 580 586 587 588 589 590 591 592 593 53148
3833 0 0 511 559 1617 1642 1650 1654 1655 1656 1657 1658 1659 1660 1661 53149
3834 0 0 12397 12405 21647 21648 21649 21650 21651 21652 53150
3835 0 0 13114 21163 21190 29455 29473 29486 29501 29535 30274 30298 30304 30309 30310 53151
3836 4 4 21660 29200 29231 30241 30258 30270 30286 30289 30292 30293 30294 30295 30296
3837 0 0 7402 20180 20201 20218 29458 29482 29536 29546 30279 30302 30305 30309 30312 30315 30316 30319 30320 53152
3838 0 0 8522 17630 17631 17632 17633 17634 17635 17636 17637 17638
3839 0 0 22955 26295 29121 29138 35886 35916 35921 35924 35925 35926 35927
3840 3 3 30467 37388 37389 37390 37391 37392 37393 37394 37395 37396 37397 37398 37399 37400 37401 37402
3841 3 3 39676 39701 39719 40085 41155 41436 46837 46846 46852 50917 50929 50935 50936 50937
3842 3 3 37395 38795 39677 39712 40071 40082 41119 41150 41154 41351 41354 41378 41422 41427 41436 41437 41438 41439 41440 41441 41442
3843 3 3 30466 31160 37398 38787 39555 39568 39576 39665 39684 39700 39701 39702 39703 39704 39705 39706
3844 3 3 4814 9096 15196 16928 16989 17013 17039 22247 22990 23008 23012 23019 23023 23028 23029 23030 23031
3845 3 3 16997 16998 16999 17000 17001 17002 17003 17004 17005 17006 17007 17008 17009
3846 3 3 24923 24924 24925 24926 24927 24928 24929 24930 24931 24932 24933 24934 24935 24936 24937 24938
3847 3 3 16451 17811 24896 24913 24963 24969 24976 24997 25000 25010 34188 34198 34206 34230 34236 34248 34249 34252 34253 34254
3848 4 4 32303 37039 37053 37086 37090 45043 47242 47256 48257 49759 49771 49777 49781 49782 49783 49784 49785 49786
3849 4 4 32307 37030 37052 37092 45341 45351 47152 47158 47161 47179 47203 47210 47238 47265 51118 51130 51136 51137 51138
3850 4 4 32305 37031 47204 47239 48258 49782 49803 51074 51081 51099 51119 51131 51138 51139 51140
3851 4 4 37050 37073 37079 37080 37081 37082 37083 37084 37085 37086 37087
3852 0 0 183 2088 4418 4430 4431 4432 4433 4434 4435 4436 53153
3853 0 0 159 281 295 296 297 298 299 300 301 302 303 304 305 53154
3854 3 3 31942 37063 37072 37102 37286 38668 38675 38694 38713 38735 38736 38737 38738 38739 38740 38741 38742 38743
3855 3 3 37057 37107 37108 37109 37110 37111 37112 37113 37114 37115 37116 37117
3856 0 0 2439 8993 9082 9092 9098 9123 9124 9125 9126 9127 9128 9129 9130 9131 9132
3857 0 0 2443 4800 4801 4802 4803 4804 4805 4806 4807 4808 4809 4810 4811
3858 3 3 45060 48241 48250 48261 48287 49767 49800 49807 49814 49817 49818 49819 49820 49821 49822 49823 49824 49825 49826 49827
3859 3 3 37040 40592 45018 48246 48259 49758 49773 49775 49776 49777 49778 49779 49780
3860 0 0 16685 16706 16723 24559 24568 25180 25188 25189 25190 25191 25192 25193 25194 53155
3861 2 2 16688 16703 16738 16767 16796 16801 24572 25205 25429 25430 25431 25432 25433 25434 25435 25436
3862 0 0 16682 16683 16684 16685 16686 16687 16688 16689 16690 16691 16692 16693 16694 53156
3863 2 2 16673 16793 16802 24562 24574 25190 25320 25331 25430 25823 32572 33699 33700 33701 33702 33703 33704 33705 33706 33707 33708 33709 33710
3864 0 0 18446 25883 25900 26304 26314 28592 28608 28609 28610 28611 28612 28613 28614 28615 28616 28617 28618 28619
3865 0 0 42175 42186 42190 42227 42244 42246 42247 42248 42249 42250 42251
3866 0 0 38173 38192 38205 38206 38211 38212 38213 38214 38215 38216
3867 0 0 29422 38122 38131 38142 38144 38145 38146 38147 38148 38149 38150 38151 53157
3868 0 0 12394 12403 20014 21560 21565 21651 21657 28241 28248 28249 28250 28251 28252 28253 28254 28255 28256 53158
3869 0 0 7407 7442 12396 12398 20189 20214 21649 21665 30280 30283 30314 30320 30321 53159
3870 0 0 7444 12395 15696 20019 21650 21653 21654 21655 21656 21657 21658 21659 21660 21661 21662 21663 21664 21665 21666 21667
3871 0 0 7409 7437 7449 12392 12398 12399 12400 12401 12402 12403 12404 12405 53160
3872 3 3 43813 46231 46778 46805 47433 47450 47467 48065 48119 48657 50867 51179 51499 51507 51513 51517 51518 51519 51520
3873 3 3 47429 47439 47447 47455 47462 47470 47476 47479 51165 51183 51201 51202 51203 51204 51205 51206
3874 0 0 7004 7397 7568 12246 12278 12744 13240 13251 13252 13253 13254 13255 13256
3875 0 0 28078 28084 28089 28094 28097 28104 28109 36920 36927 36928 36929 36930 36931 36932 53161
3876 0 0 7004 7005 7006 7007 7008 7009 7010 7011 7012 7013 7014 7015 7016 7017
3877 0 0 7566 12284 12719 12743 13251 13267 19983 20929 28002 28043 28055 28060 28073 28088 28092 28095 28096 28097
3878 0 0 16453 16460 16470 16478 24928 24944 24945 24947 24956 24960 24961 24962 53162
3879 0 0 16416 16445 16473 17812 24890 24902 24912 24966 24980 25011 34231 34238 34254 34255 53163
3880 0 0 1252 1262 1280 1283 1284 1285 1286 1287 53164 53165
3881 0 0 360 369 379 1253 1268 1275 1288 1289 1290 1291 1292 1293 1294 1295 1296 1297
3882 0 0 127 190 1254 1281 1284 1292 1298 1299 1300 1301
3883 0 0 341 350 355 1250 1261 1262 1263 1264 1265 1266 1267 1268 53166 53167
3884 2 2 27585 30737 30747 30761 30780 30791 30814 30914 31037 31308 37503 37560 39105 45553 45578 45736 45737 45738 45739 45740 45741 45742 45743 45744 45745 45746 45747 45748
3885 2 2 31029 32654 39108 39131 39132 39133 39134 39135 39136 39137 39138 39139 39140
3886 4 4 29087 30327 30386 30404 30413 30440 31704 33275 37854 37882 37885 37893 37913 37914 37915 37916 37917 37918 37919 37920 37921 37922
3887 4 4 24292 33279 38692 38714 38738 46929 46940 50992 51020 51036 51048 51051 51058 51059 51060 51061
3888 0 0 9915 24606 27339 27379 27388 27422 33834 33877 33893 33894 53168
3889 0 0 9916 24607 27340 27370 27381 27389 27418 33821 33845 33846 33847 33848 33849
3890 0 0 24027 29408 29578 29587 29593 32928 32942 38244 38256 38262 38270 38275 38276 38277 38278 38279 38280 53169
3891 0 0 27434 29354 29377 29386 32915 38239 38249 38250 38251 38252 38253 38254 53170
3892 0 0 27440 29378 29410 32914 32929 38241 38250 38260 38261 38262 38263 38264 38265 38266 38267 38268
3893 0 0 29580 29598 38243 38252 38259 38269 38272 38273 38274 53171
3894 0 0 32648 39116 39121 45373 47416 47461 47478 48599 48606 48611 48616 48627 48772 48785 50785 50793 50798 50802 50803 50804
3895 0 0 43381 48597 48603 48612 48622 48628 48643 48653 48663 48675 48703 48722 48728 48742 48743 48744 48745
3896 0 0 32647 32656 46450 48610 48618 48708 48735 48743 48766 48767 48768 48769 48770 48771 48772
3897 0 0 39119 39130 39287 46273 48594 48603 48604 48605 48606 48607 48608 48609
3898 0 0 6308 6312 6318 6324 6409 7170 11442 11448 11458 11459 11460 11461 11462 11463 11464 53172
3899 0 0 3158 3167 3178 3193 3200 3204 3205 3206 3207 3208 3209 3210 53173
3900 0 0 2047 2774 3337 3346 3350 3351 3352 3353 3354 3355 53174
3901 0 0 79 275 2038 2042 3340 3344 3349 53175 53176
3902 0 0 31399 31423 31432 38757 39736 39742 39743 39744 53177
3903 0 0 31431 31437 38759 40069 40081 40092 41353 41438 50510 50517 50924 50946 50955 50958 50959 53178
3904 3 3 942 3727 3758 5776 10628 13473 20498 25732 25740 26548 26554 26558 26566 26567 26568 26569
3905 3 3 945 6169 10564 10591 10607 10631 20487 20493 26556 26585 26664 26673 26679 26684 26685 26686
3906 0 0 12296 12303 19855 19870 19894 20001 28028 28047 28085 28102 36942 36944 36953 36957 53179
3907 0 0 19832 19842 19890 19921 19947 28021 28022 28023 28024 28025 28026
3908 0 0 47525 47526 47527 47528 47529 47530 47531 47532 47533 47534 47535
3909 0 0 32767 32775 32799 41520 41529 44297 44310 44312 44319 44320 44321 44322 44323 44324 44325
3910 4 4 21207 21208 21209 21210 21211 21212 21213 21214 21215 21216 21217 21218 21219 21220 21221 21222 21223 21224
3911 4 4 3837 6878 10723 13274 13279 13280 13281 13282 13283 13284 13285 13286 13287 13288 13289
3912 4 4 24223 24482 28403 37406 38406 41563 41714 41721 41734 41737 41738 41739 41740 41741 41742
3913 4 4 45194 45195 45196 45197 45198 45199 45200 45201 45202 45203 45204 45205
3914 4 4 41688 41697 41710 41720 41729 41736 41742 41757 45197 45212 45214 45215 45216 45217 45218
3915 4 4 38626 41536 41542 41555 41558 41565 41725 45201 45238 45239 45240 45241 45242 45243 45244 45245
3916 4 4 9078 9132 9139 10378 10392 16941 16942 16943 16944 16945 16946
3917 4 4 4763 8989 9009 9085 9118 9257 15114 15381 16952 16961 16965 16966 16967 16968 16969
3918 4 4 14616 14621 16487 18418 18430 23867 24813 25018 27128 27129 27130 27131 27132 27133 27134 27135 27136 27137 27138 27139 27140 27141
3919 4 4 9794 9795 9796 9797 9798 9799 9800 9801 9802 9803 9804 9805 9806 9807 9808
3920 4 4 9818 9826 9834 9842 9854 11364 14618 14620 14621 14622 14623 14624 14625 14626 14627 14628 14629 14630
3921 4 4 9797 9822 9846 16482 25015 27139 34312 36263 36280 36289 36290 36291 36292 36293 36294 36295 36296 36297 36298 36299
3922 4 4 362 377 1084 1312 3257 3276 3294 3302 3303 3304 3305 3306 3307
3923 4 4 1276 1294 1315 3279 3293 3324 14719 19275 19720 19733 19751 22694 22709 22710 22716 22717 22718 22719
3924 4 4 17343 17475 25965 25966 25967 25968 25969 25970 25971 25972 25973 25974 25975 25976 25977 25978 25979
3925 4 4 29819 29820 29821 29822 29823 29824 29825 29826 29827 29828 29829
3926 0 0 26268 26822 26850 26880 26884 26891 26896 26917 26930 26950 26973 26978 26979 26980 26981 26982 26983 26984
3927 0 0 16555 18084 25097 25107 25116 25439 25451 26492 26518 26881 26893 26922 26936 26958 26967 26994 26996 27000 27001 27002 27003 27004
3928 0 0 26489 26519 26829 26848 26881 26882 26883 26884 26885 26886 26887
3929 0 0 25119 26928 26945 26955 26965 26966 26967 26968 26969 26970 26971 26972 26973 26974 26975
3930 0 0 20649 20650 20651 20652 20653 20654 20655 20656 20657 20658
3931 0 0 28866 28870 28875 28879 28888 28895 28988 28993 37726 37758 37759 37763 37764
3932 0 0 16005 16011 16030 38059 38066 44386 44400 44404 44443 44502 44516 44521 44535 44553 44559 44560 44561 44562
3933 0 0 16004 16027 24374 29436 38023 38024 38025 38026 38027 38028 38029 38030 38031 38032 38033 38034
3934 0 0 3133 3135 3136 3137 3138 3139 53180 53181
3935 0 0 3129 3140 3144 3156 3157 3158 3159 3160 3161 3162 3163 3164 53182 53183 53184
3936 0 0 3134 3139 3159 3182 6353 6372 6373 6374 6375 6376 53185
3937 0 0 3130 3135 3140 3141 53186 53187 53188
3938 0 0 22134 27733 27740 27755 30545 30838 30855 36836 36844 36845 36846 36847 36848 36849 53189
3939 0 0 11841 14295 14331 19030 19031 19032 19033 19034 19035 19036 19037 19038 19039 19040 19041 53190
3940 0 0 14298 19030 19235 21804 27729 27730 27731 27732 27733 27734 27735 27736
3941 0 0 19036 19237 22133 27725 27748 27753 27763 30854 36825 36848 36850 53191
3942 3 3 29755 29762 29763 33422 33429 33430 33431 33432 33433 33434 33435 33436 33437
3943 3 3 24348 24446 29752 33419 33452 33466 33473 38350 38369 41916 41941 41946 41953 41956 41957 41958 41959 41960 41961 41962
3944 3 3 32390 32423 32428 32439 32440 32441 32442 32443 32444 32445 32446 32447 32448 32449 32450 32451 32452
3945 3 3 43434 43444 43453 43460 48700 48724 48741 48764 49671 49677 50267 50289 50299 50301
3946 3 3 32439 43441 45834 45845 45855 46405 48706 48762 50264 50273 50288 50294 50297 50298 50299 50300
3947 3 3 32452 32770 32786 32797 43402 43432 43436 43449 44652 44659 46375 49607 49647 49658 49668 49669 49670 49671
3948 0 0 43470 43474 43801 48804 48838 48842 48846 48847 48848 48849 48850
3949 0 0 48544 48799 48813 48814 48815 48816 48817 48818 48819 48820
3950 0 0 1857 4131 4145 7890 8052 14016 21908 30646 30660 30665 30674 30689 30690 30691
3951 0 0 1873 1878 4011 4017 4054 4059 4060 4061 4062 4063 4064 4065 4066 4067 4068
3952 0 0 4129 4137 4142 4143 4144 4145 4146 4147 4148 4149 4150
3953 0 0 1865 1887 4053 4060 7889 14000 30628 30647 30661 30679 30690 30692 30693 30694
3954 0 0 41059 42977 47346 47359 47385 48379 48411 48413 48501 48521 48522 48523 48524 48525
3955 0 0 47335 47336 47337 47338 47339 47340 47341
3956 0 0 4412 4417 4468 8415 8424 8448 8460 8464 8468 8469 8470 8471 8472 8473
3957 0 0 3334 4372 4386 4399 4409 8373 8381 8401 8417 8431 22467 27839 27848 27852 27853 27854 27855 27856 53192
3958 0 0 2033 2050 3339 3345 3353 4387 4393 8390 8396 8397 8398 8399 8400 8401 8402 8403 8404 8405
3959 0 0 4371 4410 8413 8426 8427 8428 8429 8430 8431 8432 8433 53193
3960 3 3 16130 16146 16187 16200 16231 16389 16390 16391 16392 16393 16394 16395 16396 16397 16398 16399 16400 16401 16402 16403 16404
3961 3 3 18785 18792 18802 24829 34175 34212 34242 34245 34257 34269 34273 34274 34275 34276 34277
3962 3 3 16193 16205 16221 16395 18765 18781 18796 18803 24827 24839 24845 34256 34266 34267 34268 34269 34270 34271 34272
3963 3 3 18763 18790 18794 18800 24686 24697 25153 34176 34192 34209 34210 34211 34212 34213 34214 34215
3964 3 3 7244 7280 10914 10926 10927 10928 10929 10930 10931 10932 10933 10934 10935 10936 10937 10938 10939 10940
3965 3 3 17353 17367 17405 17410 17411 17412 17413 17414
3966 0 0 501 733 2162 2168 2169 2170 53194 53195
3967 0 0 30 500 739 2169 4069 4071 53196 53197
3968 3 3 4822 8996 9075 9091 9097 9098 9099 9100 9101 9102 9103 9104
3969 3 3 9076 9088 9124 9134 10391 15091 15190 15191 15192 15193 15194 15195 15196 15197 15198 15199 15200
3970 3 3 45362 45369 45376 45381 45388 45393 45401 45406 45419 45430 45782 50774 50783 50791 50792 50793 50794 50795
3971 3 3 45428 45789 45798 47425 50787 50796 50797 50798 50799 50800 50801
3972 0 0 10162 14606 23130 23148 23868 25079 25089 40687 40703 40708 40712 40713 40714 40715 40716 40717
3973 0 0 10159 14608 16526 23143 23271 23371 25042 25045 25059 25078 25088 25090 25091 25092 25093 25094 25095
3974 3 3 16061 21329 21344 21346 21347 21348 21349 21350 21351 21352 21353 21354 21355 21356 21357
3975 3 3 29719 29726 29735 29770 29777 33434 33441 33487 38328 38344 38345 38352 38592 38604 38607 38608 38609 38610 38611
3976 3 3 16056 21348 24248 24534 24541 29717 29720 29721 29722 29723 29724 29725 29726
3977 3 3 21339 21357 29711 33457 33489 38315 38335 38346 38351 38352 38353 38354 38355 38356 38357 38358
3978 0 0 14126 30867 30884 30897 30928 39312 39317 39326 46174 47986 48017 48026 48031 48040 48041 48042 48043
3979 0 0 10218 14134 30861 30879 30924 39045 39275 39311 39319 39321 39322 39323 39324 39325 53198
3980 0 0 14125 30906 39277 39316 39322 39327 46138 46158 46169 46171 46172 46173 46174 46175 46176 53199
3981 0 0 30859 30866 30881 30893 30923 30924 30925 30926 30927 30928 30929 53200
3982 4 4 6849 8616 8624 8625 8626 8627 8628 8629 8630 8631 8632 8633 8634 8635 8636 8637
3983 4 4 1324 1338 3455 6503 6817 6829 6842 6850 6860 6861 6862 6863 6864 6865 6866 6867 6868
3984 4 4 6840 6862 6954 8589 8609 8631 12143 12167 12195 14787 14823 14832 14877 14885 14896 14897 14898 14899
3985 4 4 6825 6853 6868 6869 6870 6871 6872 6873 6874
3986 0 0 23877 25021 25024 25025 25026 25027 25028 25029 25030 25031
3987 0 0 22656 25012 28901 31623 31641 34298 36069 37189 40692 40709 40719 42339 47230 47235 47247 47259 47278 47280 47281
3988 3 3 15685 18287 18427 18438 18806 23917 23924 23948 23954 32540 32573 32600 32604 32605 32606 32607 32608 32609 32610 32611
3989 3 3 11798 11799 11800 11801 11802 11803 11804 11805 11806 11807 11808 11809 11810 11811 11812
3990 3 3 16528 22613 22641 22645 22646 22647 22648 22649 22650 22651 22652 22653 22654 22655 22656 22657
3991 3 3 16527 17731 17813 24988 25006 25037 25046 25053 25063 25064 25066 25067 25068 25069 25070 25071 25072
3992 0 0 337 347 351 352 353 354 355 356 357 358 359 360
3993 0 0 339 345 366 1081 1191 1325 1334 3263 3274 3311 3602 7319 7336 14720 36960 53201
3994 0 0 348 359 361 362 363 364 365 366 367 368 369 53202
3995 0 0 334 335 336 337 338 339 340 341 342 343 53203
3996 0 0 1265 1271 1351 3543 5033 5034 5035 5036 53204
3997 0 0 1343 3509 3542 7036 7054 7058 7059 7060 7061 7062 7063 7064
3998 3 3 17511 24639 34021 34032 34056 34057 34058 34059 34060
3999 3 3 24647 34110 36030 42536 42548 42564 42566 42572 43300 43312 43323 43327 43329 43330 43331
4000 3 3 16808 16859 17505 24621 24630 24638 24639 24640 24641 24642 24643 24644 24645 24646 24647 24648 24649 24650
4001 3 3 34072 34560 34564 35115 42560 42871 42882 43059 43298 43305 43311 43319 43320 43321 43322 43323
4002 0 0 9679 9684 9693 9702 9705 12893 36967 44917 44928 44942 44944 44945 53205
4003 0 0 263 1765 6485 6486 6487 6488 6489 6490 53206
4004 0 0 24311 32395 32406 33347 33377 37412 37413 37414 37415 37416 37417 37418 37419 37420 37421 37422
4005 0 0 28600 30990 32389 32436 32440 32462 32467 32729 37426 37629 45831 45844 45859 45866 46369 46396 46401 46404 46405 46406
4006 0 0 28570 28576 28605 30991 32391 32404 32435 32455 32466 33376 33391 37419 37423 37424 37425 37426 37427 37428 37429 37430 37431 37432 37433
4007 0 0 24317 32386 32407 32411 32429 32450 33325 33348 33378 37416 39337 44612 46354 46370 46374 46398 46401 46402 46403
4008 0 0 42267 42277 42282 45281 45302 47267 47933 47944 47950 47962 47969
4009 0 0 17560 20289 20629 22531 22546 22599 33762 37213 37230 37236 37237 37238 37239 37240 37241 37242 37243 37244 37245 37246 37247
4010 0 0 2262 5197 9666 9687 9725 12882 15982 15995 24042 24082 24086 24087 24088 24089 24090 24091 24092 24093 24094 24095
4011 0 0 3860 5195 9721 15774 24059 24061 24062 24063 24064 24065 24066 24067
4012 4 4 39372 41927 44377 44392 44431 44447 44452 44453 44454 44455 44456 44457 44458 44459 44460 44461 44462
4013 4 4 39365 44604 45527 46584 46619 46625 46637 46642 46646 46652 46653 46654 46655
4014 4 4 39367 44456 44466 44472 44629 45460 45489 45498 45506 45508 45523 46655 49503 49522 49526 49531 49535 49549 49555
4015 4 4 39369 39377 44387 44461 44503 44528 44537 44548 44555 46577 46586 46607 46610 46617 46618 46619 46620
4016 0 0 7312 12657 12663 17390 18473 18520 18525 18537 18540 18541 18542 18543 18544 18545 18546 18547 18548
4017 0 0 2915 6011 6036 6044 7306 10908 12654 12662 12670 12671 12672 12673 12674 12675 12676 12677 53207
4018 0 0 2041 2057 4415 4421 4441 4447 4459 4467 4474 8406 8420 8445 8457 8458 8459 8460 53208
4019 4 4 2070 2082 2092 2103 4424 4435 4450 4451 4452 4453 4454 4455 4456
4020 4 4 12355 12362 20662 20683 28927 28934 28937 28940 28966 28973 29014 29024 29040 29043 29044
4021 4 4 9378 9733 12368 15926 15946 15951 15958 15959 15960 15961 15962 15963
4022 0 0 3147 3168 3175 3206 3563 6284 6293 6300 6301 6302 6303 6304 6305 6306 6307 6308 53209
4023 0 0 3169 3204 3567 6291 6309 6317 6319 6320 6321 6322 6323 6324 53210 53211
4024 0 0 3562 6300 6311 6323 7167 11437 11438 11439 11440 11441 11442 11443 11444 11445 53212
4025 0 0 3156 3165 3166 3167 3168 3169 3170 3171 3172 53213 53214
4026 0 0 21573 21578 21587 21588 21589 21590 21591 21592
4027 0 0 21577 21583 24339 29839 33445 35866 44057 44078 44083 44086 44087 44088
4028 0 0 42728 42733 42751 42765 42771 42824 42836 42841 42848 42866 42887
4029 0 0 35007 42598 42620 42640 42777 42803 42823 42835 42847 43198 43225 43232 43238 43252 43253 43254
4030 0 0 42604 42615 42623 42634 42644 42648 42743 42746 42753 42775 42809 42810 42811
4031 0 0 34971 42744 42807 42812 42829 42830 42831 42832 42833 42834 42835 42836 42837 42838 42839
4032 3 3 1449 1450 1451 1452 1453 1454 1455 1456 1457 1458 1459
4033 0 0 261 845 850 1569 1592 1607 1764 1765 1766 1767 1768 1769 1770 1771 1772 1773 1774 1775 1776 1777 1778 1779 1780 1781 1782 1783 53215
4034 3 3 8172 14195 14201 19133 19146 19147 19148 19149 19150 19151 19152 19153 19154 19155 19156 19157 19158 19159 19160
4035 3 3 8174 14185 14198 22192 22193 22194 22195 22196 22197 22198 22199 22200 22201 22202 22203 22204 22205 22206
4036 3 3 8175 14193 14198 14199 14200 14201 14202 14203 14204 14205 14206
4037 3 3 14145 14186 19019 19148 19190 19196 22205 27534 30792 30807 30809 37493 37502 37518 37519 37520 37521 37522 37523 37524 37525
4038 0 0 25995 26043 26052 26076 27017 27025 27026 27027 27028 27029 27030 27031 27032 27033 53216
4039 0 0 25130 25143 25144 25145 25146 25147 53217
4040 4 4 24265 30004 33685 38600 42101 42105 42109 42110 42111 42112 42113 42114 42115 42116
4041 4 4 24254 29716 38331 38355 38424 38595 38605 38607 38613 38620 41749 42141 42152 49281 49312 49323 49326 49329 49330
4042 3 3 10178 10193 16229 16616 16630 16634 16647 16651 16751 18776 25389 25428 36654 44831 44853 44854 44869 44871 44877 44878 44879
4043 3 3 10118 16580 16609 16626 16752 18754 18767 18777 18811 18816 18817 18818 18819 18820 18821 18822 18823 18824 18825
4044 3 3 10117 16201 16222 16391 16625 18757 18771 18775 18776 18777 18778 18779 18780 18781 18782 18783 18784
4045 3 3 16753 18818 25372 25385 32602 34622 44835 44851 44856 44878 44882
4046 0 0 37 130 143 166 167 168 169 170 171
4047 0 0 40 149 156 179 184 285 290 298 376 1308 3322 3331 4422 4433 4438 4443 4460 8447 8458 8461 8465 8466 8467
4048 3 3 29736 29737 29738 29739 29740 29741 29742 29743 29744 29745
4049 3 3 33470 38025 38052 41932 44409 44419 47724 50378 50428 50433 50436 51667 51676 51679 51681 51684 51685
4050 3 3 28649 33462 33470 33471 33472 33473 33474 33475 33476 33477 33478 33479 33480 33481 33482
4051 3 3 29437 38009 38027 38037 38045 38080 38287 38307 44408 50412 50419 50422 50423 50424 50425 50426 50427 50428 50429
4052 3 3 16930 17002 17011 22214 22232 22246 23024 23029 23042 23050 23054 23068 23086 23087 23088 23089 23090 23091 23092
4053 3 3 34880 48342 48348 48359 48366 48371 48415 48436 48439 48445 49024 51433 51447 51454 51459 51460 51461
4054 3 3 16997 17018 23053 23086 23093 25509 34879 35229 35245 35299 42956 48341 48352 48431 48439 48440 48441 48442 48443
4055 3 3 22240 23074 23099 23105 41096 45438 48353 48361 48362 48363 48364 48365 48366 48367
4056 0 0 4353 4361 8234 8267 8289 8293 8298 8311 16890 16891 16892 16893 16894 16895 16896 53218
4057 0 0 4339 4348 4362 8236 8244 14416 14417 53219
4058 0 0 1963 1967 4341 4347 4348 4349 4350 4351 4352 4353 53220
4059 0 0 8235 8299 14416 16890 25554 25563 25602 25608 25609 25610 25611 53221 53222
4060 0 0 37572 37585 39143 39194 39234 39246 39249 45749 45750 45751 45752 45753 45754 45755 45756
4061 0 0 30922 39098 39164 39200 39225 39229 39238 39239 39240 39241 39242 39243 39244
4062 0 0 44303 44311 44318 44325 44327 47533 47538 47546 47552 47564 47575
4063 0 0 27118 27316 32697 32764 41491 41502 41511 41525 44819 47543 47558 50262 50277 50283 50284 50292 50295
4064 0 0 41500 41509 41517 41523 41531 44323 44339 44346 44355 44787 44803 44813 44820 47528 47540 47544 47549 47553 47554 47555 47556 47557 47558
4065 0 0 32763 32796 41528 43400 43431 43435 43446 43456 44291 44298 44320 44654 47547 48740 49669 50265 50285 50293 50295 50300 50301
4066 0 0 12445 12446 12447 12448 12449 12450 12451 12452 12453
4067 0 0 12705 12706 12707 12708 12709 12710 12711 12712 12713 12714 12715 12716 12717 12718 12719 12720
4068 0 0 25461 25472 25473 25474 25475 25476 25477 25478 25479 25480 25481 25482 25483 25484 25485 53223
4069 0 0 25479 25486 25544 31131 42916 42929 42948 42949 42950 53224
4070 0 0 22138 27637 27640 27757 30834 31288 36810 36818 36822 36823 36824 36825 36826 36827 36828 36829 36830 36831 53225
4071 0 0 30827 30831 38962 38969 38970 38971 38972 38973 38974 38975 38976 38977 53226
4072 0 0 32476 33367 35585 35595 44676 44699 44738 49508 49543 49556 49561 49569 49570 49571 53227
4073 3 3 33318 36450 44586 44620 44628 44636 44702 44717 44734 45504 49498 49521 49530 49531 49532 49533 49534
4074 0 0 27907 27916 27923 27925 27932 27937 27944 27948 29641 29642 29643 29644
4075 0 0 12724 13212 13228 20887 20896 20919 21404 21421 21422 21423 21424 21425 21426 21427 21428 21429
4076 4 4 34459 42419 42442 48399 48420 49927 50204 50216 50231 50232 50233 50234 50235
4077 4 4 45802 45812 50128 50152 50202 50218 50219 50220 50221 50222 50223 50224 50225 50226 50227
4078 3 3 7314 10906 10938 12661 12674 17350 17373 17379 17384 17385 17386 17387 17388 17389 17390 17391 17392 17393
4079 3 3 10913 10925 10926 12659 12676 12684 12702 16045 17357 17371 17381 17396 17419 17420 17421 17422 17423 17424 17425 17426 17427
4080 0 0 5992 6146 10842 10868 10875 10884 11195 11199 11221 11234 11236 11237 11238 11239 11240
4081 0 0 10817 10821 10828 10835 10839 10843 10853 10867 10876 10880 10883 10885 10886
4082 3 3 5228 8116 12797 13832 15801 21781 21794 30371 30376 30419 31958 38659 38673 38684 38687 38688 38689 38690 38691
4083 3 3 8081 8103 8114 15832 15839 24291 38669 38702 38733 51018 51035 51044 51052 51053 51054 51055
4084 0 0 48137 48146 50117 50163 50174 50179 50183 50186 50187 50188 50189 50190
4085 0 0 33969 40601 42376 42384 45055 46658 48147 48157 50166 50173 50191 50192 50193 50194
4086 0 0 27331 36101 36170 36509 36534 36540 36545 36546 36547 36548 36549 36550 36551 36552 36553 36554 36555 36556 36557
4087 0 0 34397 34398 34399 34400 34401 34402 34403 34404 34405 34406 34407 34408 34409 34410 34411
4088 0 0 32318 34406 34434 36529 42415 47291 47300 47304 47313 47334 47364 49704 49714 49715 49716 49717 49718 49719
4089 0 0 34413 34428 36096 36166 36167 36168 36169 36170 36171 36172 36173 36174 36175 36176 36177 36178 36179
4090 0 0 5336 5438 6050 10100 10101 10102 10103 10104 10105 10106 10107 10108 10109 10110 53228
4091 0 0 10099 10124 10133 10194 16212 16239 16243 16244 16245 16246 16247 16248 16249 53229
4092 0 0 5331 10096 10104 10124 10125 10126 10127 10128 10129 53230
4093 0 0 6057 10100 10130 10198 16223 16240 16244 16263 16595 16617 16620 16627 16632 16633 16634 16635
4094 0 0 16592 18808 18823 23942 25310 25335 25379 32589 32593 32594 32595 32596 32597 32598 32599 32600 32601 32602 32603
4095 0 0 16669 18311 18322 23945 23953 24566 25313 25315 25316 25317 25318 25319 25320 25321 25322 25323 25324
4096 0 0 16583 18303 18307 18810 23941 24910 25309 25318 32598 34218 34574 34584 34597 34598 34599 34600 34601
4097 0 0 23944 25312 25321 25333 25334 25335 25336 25337 25338 25339 25340 25341
4098 4 4 12964 20769 20853 28767 28776 28793 28812 28813 28814 28815 28816 28817 28818 28819 28820 28821
4099 4 4 12957 14555 14579 14672 22668 28772 28794 29055 29056 29057 29058 29059 29060 29061 29062
4100 0 0 12232 12245 12265 12270 12275 13247 53231
4101 0 0 12227 12240 12248 12249 12250 12251 12252
4102 0 0 968 972 2873 2880 53232 53233 53234
4103 0 0 969 975 1069 2875 5647 5651 5675 5684 5688 5689 5690 5691 5692 5693 5694 53235
4104 0 0 967 968 969 970 971 53236 53237 53238
4105 0 0 925 974 2872 2873 2874 2875 2876 2877 2878 2879 53239 53240
4106 3 3 14367 14373 14410 31241 31250 31287 36756 36759 36766 36767 36768 36769
4107 0 0 14362 14371 14408 31269 31285 31353 31404 31405 31406 53241
4108 0 0 14369 14413 31239 31248 31267 31268 31285 31286 31287 53242
4109 0 0 14362 14363 14364 14365 14366 14367 14368 53243 53244
4110 0 0 12 1108 2028 2029 2030 2031 53245 53246
4111 0 0 13 20 21 22 23 24 53247 53248
4112 0 0 14080 14161 30707 38997 39050 39066 39088 39090 39093 39094 39095 39096
4113 0 0 38982 38983 38984 38985 38986 38987 38988 38989 38990 38991 38992 38993 38994 38995 53249
4114 0 0 30712 30889 30901 38994 39019 39031 39058 39074 39078 39083 39085 39155 39172 39175 39177 39178 39179 39180 39181
4115 0 0 8163 14157 30709 36416 38982 38996 38997 38998 38999 39000 39001 39002 53250
4116 4 4 23760 37268 37277 38899 38921 40407 40437 40447 40452 40453
4117 4 4 38876 38891 38911 38925 40503 40516 40531 40536 45270 45289 45291 45292 45293 45294 45295 45296
4118 4 4 31881 38872 38889 38904 38906 38907 38908 38909 38910 38911
4119 4 4 37256 37264 37274 37275 37281 40438 40480 40514 40534 40543 45265 45283 45284 45285 45286 45287 45288 45289 45290
4120 3 3 33286 33297 33305 36404 36427 36443 37579 37587 37588 37589 37590 37591
4121 3 3 22006 22024 22053 27279 28686 36394 36407 37569 37570 37571 37572 37573 37574 37575 37576 37577 37578
4122 4 4 14753 14893 17207 17264 17267 19334 19344 19355 19358 19372 19378
4123 4 4 6582 6601 10399 11909 12175 12194 14756 14828 14843 14866 14868 14869 14870 14871 14872 14873 14874 14875
4124 4 4 10403 10412 14748 14749 14750 14751 14752 14753 14754 14755 14756 14757 14758 14759
4125 4 4 6600 6982 12136 12166 12175 12176 12177 12178 12179 12180 12181 12182 12183 12184 12185 12186 12187
4126 4 4 34905 35004 35155 42999 43236 43547 43575 43576 43577 43578 43579 43580 43581
4127 4 4 42991 43000 48461 48504 48512 48519 49004 49005 49006 49007 49008 49009 49010 49011 49012
4128 4 4 26246 26270 26608 26616 26637 26759 26772 26785 26790 26795 26796 26797 26798 26799
4129 4 4 26244 26250 26251 26252 26253 26254 26255 26256 26257 26258 26259 26260 26261
4130 0 0 23911 40309 40341 40730 40742 40774 40779 40802 40803 40804 40805 40806 40807 40808 40809 40810 40811 40812 40813
4131 0 0 34896 35005 40722 40776 42779 42985 42992 43578 47297 47336 47342 47352 47353 47354 47355 47356 47357 47358 47359 47360
4132 0 0 40721 40722 40723 40724 40725 40726 40727 40728 40729 40730 40731 40732 40733 40734 40735 40736 40737 40738
4133 0 0 34449 34454 40812 42422 47340 47349 47368 47374 47376 47377 47378
4134 0 0 14144 19200 22132 30803 30840 36834 36837 36843 36845 53251
4135 0 0 27702 27708 27719 27724 30549 36835 36840 36841 36846 53252
4136 0 0 5463 10228 16837 16883 16888 25552 26409 35030 35164 35165 35166 53253
4137 0 0 16836 25558 25566 25567 25568 25569 25570 25571 25572 25573 25574
4138 0 0 5462 10229 16839 25551 25552 25553 25554 25555 25556 25557 25558 25559 25560 53254 53255
4139 0 0 16835 25568 35036 35042 35166 36000 43524 43531 43535 43539 44120 44131 49085 49092 49105 49111 49119 49120 49121 53256
4140 3 3 21529 21530 21531 21532 21533 21534 21535 21536 21537 21538 21539 21540 21541
4141 3 3 12515 13364 13380 13383 15734 15744 21544 21568 23993 24011 28133 28204 28216 28220 28221
4142 4 4 10174 10212 16076 16758 16769 16770 16771 16772 16773 16774 16775 16776 16777 16778 16779 16780
4143 4 4 26493 26830 26875 26886 26888 26889 26890 26891 26892 26893
4144 4 4 10168 17910 17919 26504 26826 26859 26867 26870 26871 26872
4145 4 4 16774 25440 26906 26921 26971 26986 26993 27004 34635 34643 34647 34648 34649 34650 34651 34652
4146 0 0 329 330 331 332 333 53257
4147 0 0 3591 17355 17401 17414 17415 17416 17417 17418
4148 0 0 21944 21959 30934 35746 35751 35752 35753 35754 53258
4149 0 0 21938 21949 21950 21951 21952 53259 53260
4150 4 4 27142 27143 27144 27145 27146 27147 27148 27149 27150 27151 27152 27153 27154 27155 27156
4151 4 4 28348 28349 28350 28351 28352 28353 28354 28355 28356 28357 28358 28359
4152 0 0 7367 7374 9731 12903 12909 12910 12911 12912 12913 12914 12915 53261
4153 0 0 748 763 1511 1512 1513 1514 1515 1516 1517 1518 1519 53262
4154 0 0 1514 7365 7371 12909 13032 13034 13035 13036 13037 13038 53263
4155 0 0 741 750 761 1511 2219 7370 9727 9728 9729 9730 9731 9732 53264
4156 0 0 15251 15252 15253 15254 15255 15256 15257 15258 15259 15260
4157 0 0 4806 5482 8803 8817 8912 8985 9153 9166 9175 15201 15208 15209 15210 15211 15212 15213 15214
4158 3 3 91 407 448 1201 1208 1213 1224 3525 3533 3554 9763 9770 9776 9777 9778 9779 9780 9781 9782 9783 9784
4159 3 3 12535 12541 12570 13153 13386 15716 15731 15732 15733 15734 15735 15736 15737 15738 15739
4160 3 3 9762 9779 12536 13164 13171 13431 13449 15711 15723 15737 15749 15750 15751
4161 3 3 3555 7454 9778 9786 12537 13388 13390 13399 13403 15717 15733 15752 15753 15754
4162 0 0 882 1958 1968 4323 4332 4345 4354 4364 8241 8246 8252 8253 8254 8255 8256 53265
4163 0 0 4340 4347 4362 4363 53266 53267
4164 0 0 1958 1959 1960 1961 1962 1963 1964 1965 53268
4165 0 0 1970 4352 4360 8233 8238 8270 8286 8295 8296 8297 8298 8299
4166 0 0 11118 16257 16271 16275 18001 18020 24651 24652 24653 24654 24655 24656 24657 24658 24659 53269
4167 0 0 16206 16207 16208 16209 16210 16211 16212 16213 16214 16215 16216 16217 16218 16219 16220 53270
4168 0 0 11119 11132 16217 16251 16256 16268 16269 16270 16271 16272 53271
4169 3 3 16210 16254 16287 16290 16306 16643 16656 16851 24656 24660 24661 24662 24663 24664 24665 24666 24667 24668
4170 0 0 3901 3982 4258 4271 7606 7613 7614 7615 7616 7617 7618 7619 7620
4171 0 0 4251 4264 4296 7612 7627 8124 8125 8126 8127 8128 8129 8130 8131 8132 8133 8134
4172 0 0 39965 43738 43757 43763 43764 43765 43766 43767 43768 43769 43770 53272
4173 0 0 43739 43746 43761 43771 43772 43773 43774 43775 43776 43777
4174 4 4 19851 19903 19951 28024 28030 28033 28034 28035 28036 28037 28038
4175 4 4 13442 19784 19798 19807 19815 19848 19906 19916 19932 19933 19934 19935 19936 19937 19938 19939 19940
4176 0 0 27814 27834 27849 27882 27895 36864 36888 36902 36904 36905
4177 0 0 27840 27862 27872 27874 27889 27894 36872 36889 36907 36916 36917 36918 36919
4178 0 0 39376 44460 44536 44554 46587 46618 46639 51300 51764 51768 51783 51784 51785 51786
4179 0 0 16002 36379 38023 38289 44406 44442 44506 44519 44552 44562 44572 50422 51266 51289 51292 51299 51682 51803 51806 51815 51818 51819
4180 0 0 44435 44462 44488 51284 51294 51297 51767 51774 51785 51790 51791 51792 51793
4181 0 0 44499 44507 44536 44537 44538 44539 44540 44541 44542 44543 44544
4182 0 0 4948 5031 9383 9395 9398 9405 13698 13725 53273
4183 0 0 5061 5077 7738 9382 9396 9406 13703 13838 13846 13847 13848 13849 13850 13851 53274
4184 0 0 7499 7511 13521 13525 13552 29279 29877 35469 35486 35488 35489 35490 35491 35492 35493 35494 35495 35496
4185 0 0 35471 35487 35503 35504 35505 35506
4186 0 0 7213 7221 7225 7231 7237 12529 12538 12547 12548 12549 12550 12551 12552 12553 12554 53275
4187 0 0 1360 1366 6326 7413 7424 12458 12465 12466 12467 12468 12469 12470 12471 12472 12473 12474 12475 53276 53277
4188 0 0 7208 7235 7425 12463 12472 12551 12556 13166 13173 13178 20119 20133 20147 20160 20170 20171 20172 20173 20174 20175 20176
4189 0 0 384 7212 7222 7226 7227 7228 7229 7230 7231 53278
4190 3 3 32889 32903 41572 41580 41665 45181 46549 46569 47604 47622 47625 50697 50708 50719 50737 50761 50762
4191 3 3 29411 32875 32896 32902 32918 38257 38263 41577 41591 41617 41618 41619 41620
4192 3 3 15307 15368 23434 23459 23463 23471 23480 23483 23484 23485 23486 23487 23488 23489 23490 23491 23492
4193 3 3 33899 33948 33957 33979 42486 42491 42492 42493 42494 42495 42496 42497 42498
4194 3 3 23432 23481 23488 31905 31919 33897 33898 33899 33900 33901 33902 33903 33904 33905 33906 33907 33908 33909 33910
4195 3 3 20323 23455 23457 23470 23483 31985 31998 33936 33950 33953 33954 33955 33956 33957 33958
4196 3 3 22680 23564 32098 32133 32205 37223 37341 37675 37858 37891 37912 37923 37924 37925 37926 37927
4197 3 3 15514 15535 22677 22967 23530 23537 23547 23548 23549 23550 23551 23552 23553 23554 23555 23556 23557 23558 23559 23560 23561 23562
4198 0 0 3829 6887 10731 12212 12233 12243 13260 21223 21231 21237 21241 21258 21296 53279
4199 0 0 3371 10722 12237 13281 13290 17195 21219 21234 21254 21272 21275 21285 21286 53280
4200 3 3 7728 8360 15579 28461 30352 32155 32163 37253 37257 37258 37259 37260 37261 37262 37263 37264
4201 3 3 5047 5349 7716 7717 7718 7719 7720 7721 7722 7723 7724 7725 7726 7727
4202 4 4 25892 26023 27227 33531 33561 34711 35614 42168 42182 42189 42209 42219 42221
4203 4 4 27222 34658 34803 35536 35558 35589 35616 35620 35628 35631 40888 42183 42191 42200 42229 42243 42246 42255 42256
4204 4 4 42174 42180 42188 42194 42203 42208 42213 42218 42220 42221 42232 42248 42256 44200 44210 44218 44220 44221 44222
4205 4 4 25888 26021 26060 27223 33536 34629 34657 34695 34709 34739 34771 34784 34794 34800 35535 35592 35604 35606 35610 35611 35612 35613 35614 35615 35616
4206 0 0 22385 22811 22818 22828 31476 31485 31496 40143 40152 40166 46879 46898 46913 46919
4207 0 0 22288 22821 22848 22855 22867 22880 22900 31499 31520 31562 40135 46871 46883 46887 46891 46892 46893 46894 46895
4208 0 0 4508 4509 4510 4511 4512 4513 4514 53281
4209 0 0 4542 4716 8493 22491 22602 40158 40160 40168 46876 46901 46903 46909 46912 53282
4210 0 0 1072 5761 5762 5817 5820 5827 5832 6110 6120 6129 6130 6131 53283
4211 0 0 1068 5648 5650 5671 5689 5741 5746 5757 5772 5812 5825 5831 5846 5847 5848 5849 5850 53284
4212 0 0 12792 20327 24131 41653 41663 41669 41670 41671 41672 41673 41674
4213 0 0 12786 12814 20325 23426 24075 31855 31863 32967 32968 32969 32970 32971 32972 32973 32974 32975
4214 4 4 4722 22386 22813 31487 31493 31511 40140 40141 40142 40143 40144 40145 40146 40147 40148
4215 4 4 46869 46870 46871 46872 46873 46874 46875 46876 46877 46878 46879 46880 46881
4216 0 0 3742 3797 5592 5603 5605 5606 5607 5608 5609 5610 5611 5612 5613 5614 5615 53285
4217 0 0 10417 10425 10431 10439 11941 17048 17055 17065 17076 17130 25724 35348 35395 35403 35410 35416 35421 35422 35423 35424
4218 0 0 5599 5612 5790 5809 10415 10418 10419 10420 10421 10422 10423 10424 10425 53286
4219 0 0 5596 5615 5618 5626 5632 5633 5634 5635 5636
4220 0 0 15 301 1095 1102 2028 2074 2083 2084 2085 2086 2087 2088 2089 2090 2091 2092 53287
4221 3 3 1100 1111 2076 3429 3451 5891 6520 6529 6538 6539 6540 6541 6542 6543 6544
4222 0 0 14 23 1097 1101 1102 1103 1104 1105 1106 1107 1108 1109 1110 1111 53288
4223 3 3 1092 2085 2094 3285 3326 3442 3444 3445 3446 3447 3448 3449 3450 3451 3452 3453
4224 0 0 5253 5262 5571 7802 7819 7836 7837 7838 7839 7840 7841 7842 7843 7844
4225 0 0 5560 5567 5575 9917 10305 10313 18905 27341 27354 27364 27366 27367 27368 27369 27370 27371 27372 27373 27374
4226 0 0 5304 7841 7871 7883 7885 10302 10317 10327 10336 10341 10342 10343 10344 10345 10346 10347 10348 10349
4227 0 0 5245 5261 5558 5570 18840 18860 18865 18897 18903 18904 18905 18906 18907 18908 18909 18910 18911
4228 0 0 24218 24465 24478 24479 24480 24481 24482 24483 24484 24485 24486 24487 24488 24489
4229 0 0 30992 31024 32367 32457 32464 33402 33410 33619 34367 37429 37477 41764 41774 41777 41787 41788 41789 41790 41791 41792
4230 3 3 24299 33276 37883 37916 40253 40265 40276 40280 40290 46927 51023 51032 51047 51061
4231 3 3 46931 46938 46942 49884 50966 50983 50989 50993 51017 51026 51043 51049 51050 51051
4232 3 3 31703 33281 37383 37914 38698 40252 40263 40274 40285 46923 46924 46925 46926 46927 46928 46929 46930 46931
4233 3 3 51011 51012 51013 51014 51015 51016 51017 51018 51019 51020 51021 51022 51023 51024 51025
4234 4 4 51156 51157 51158 51159 51160 51161 51162 51163 51164 51165 51166 51167 51168
4235 4 4 34420 36147 40828 43913 45813 47390 47391 47392 47393 47394 47395 47396 47397 47398
4236 0 0 8331 8355 8540 14459 14517 14584 31506 31513 31517 31526 31527 31528 31529 31530 31531 31532 31533 31534 31535 53289
4237 0 0 8328 8349 8352 8533 8537 14585 14591 14598 14599 14600 14601 14602
4238 0 0 4719 8356 14456 14530 14587 14601 27870 31510 31531 40179 40194 40204 40221 40222 53290
4239 0 0 8329 8348 8353 8532 8537 8538 8539 8540 8541 8542 8543 8544 8545 8546
4240 0 0 27958 27976 27997 28014 28016 28052 28065 36941 36956 53291
4241 0 0 12325 12384 19847 19907 19913 19929 19936 19942 28018 28036 28048 28054 28063 28067 28068 28069 28070 53292
4242 3 3 1456 3619 3623 7105 9362 28126 28166 28177 28197 28198 28199 28200
4243 0 0 1451 1781 1794 3622 4226 7108 9309 9333 9363 9740 9743 9748 9749 9750 9751 9752 9753 9754 9755 53293
4244 0 0 12488 12504 12509 37007 37020 37021 37022 37023 37024 37025 53294
4245 0 0 7303 12490 12495 12510 12513 12636 12644 28277 44956 44978 44980 44988 44989 44990 44991 44992 53295
4246 3 3 12869 15612 15619 20607 23754 29032 37689 37755 45958 45984 45991 45992 45993 45994 45995 45996 45997 45998
4247 3 3 13775 29089 29101 31675 32180 37672 37857 37873 37902 37911 37936 45956 45974 45980 45985 45986 45987 45988 45989
4248 3 3 23752 29196 32172 32185 37671 37683 37704 37934 40650 40672 45955 45973 45978 45979 45980 45981 45982 45983 45984
4249 3 3 13033 13038 13776 20676 29031 31670 31678 45962 45988 45998 46006 46007 46008 46009 46010 46011
4250 4 4 17583 17608 18184 20571 20572 20573 20574 20575
4251 4 4 18163 20400 20543 20565 24490 24502 26168 26233 33656 33661 33662 33663 33664 33665
4252 4 4 18146 18147 18148 18149 18150 18151 18152 18153 18154 18155 18156 18157 18158 18159 18160 18161 18162 18163 18164
4253 4 4 20555 20570 20575 20585 24259 24501 28728 28757 30006 33661 33666 33678 33681 33682 33683 33684 33685 33686 33687 33688 33689 33690
4254 4 4 24160 24177 24193 24212 41657 45166 45167 45168 45169 45170 45171 45172 45173 45174 45175 45176
4255 4 4 5018 5154 15449 15459 15489 15854 15861 24143 24152 24159 24172 24178 24179 24180 24181 24182 24183 24184 24185
4256 4 4 24139 24157 24175 24182 24200 45167 45192 46945 46948 46949 46950 46951 46952 46953
4257 4 4 15448 15460 16000 24162 24183 24186 24187 24188 24189 24190 24191 24192 24193 24194
4258 0 0 3373 6894 6903 6985 6995 6999 21216 21257 21265 21266 21267 21268 21269 21270 21271 21272 21273 53296
4259 4 4 1187 3464 3480 3483 3494 6920 7322 12150 12261 12273 13299 13306 13307 13308 13309 13310 13311 13312
4260 4 4 3485 3495 6895 6940 6984 6998 12138 12146 12153 12170 12193 13301 13308 13595 13619 21270 21277 21287 21299 21308 21311 21312 21313
4261 0 0 12229 12248 12253 12254 12255 12256 12257 12258 12259 12260 12261 53297
4262 0 0 12222 12492 12493 12494 12495 12496 12497 12498 12499 12500 12501 12502 12503 12504 12505 12506
4263 0 0 12216 12486 12496 12508 12512 12513 12514 53298
4264 0 0 12205 12209 12214 12215 12216 12217 12218 12219 12220 12221 12222 12223 12224 12225 53299
4265 0 0 12486 12487 12488 12489 12490 12491 53300
4266 0 0 3517 3523 12324 12332 12338 12347 12372 12381 12382 12383 12384 12385 12386 12387 53301
4267 0 0 7026 7096 12327 12388 19880 19927 28017 28069 53302 53303
4268 0 0 11335 11342 11343 11344 11345 11346 11347 11348 11349 11350 11351 11352 11353 11354 53304
4269 0 0 1056 3102 3103 3104 3105 3106 3107 3108 3109 3110 3111 53305
4270 0 0 17290 17295 17301 26339 26361 26378 26383 26391 26392 26393 26394
4271 0 0 9611 11028 11241 11242 11243 11244 11245 11246 11247 11248 11249 11250 11251 11252 11253 11254 11255
4272 4 4 8224 13887 14255 14379 14387 14397 22151 31237 31254 31259 31265 31274 31275 31276
4273 0 0 8220 8229 13881 14254 14401 31260 31262 31407 53306
4274 0 0 8547 8561 22448 22453 22454 22455 22456 22457 22458 22459 53307
4275 0 0 8443 8553 8558 8562 8563 8564 8565 8566 8567 8568 8569 8570 8571 8572 53308
4276 3 3 14628 22618 22639 23280 23299 24804 24812 24929 24959 24989 24993 25004 25040 25058 25071 25074 25085 25086 25087
4277 3 3 9816 11359 14610 14611 14612 14613 14614 14615 14616 14617 14618 14619
4278 0 0 17320 17498 18195 18196 18197 18198 18199 18200 18201 18202 53309
4279 0 0 6020 6034 25911 25926 25928 25934 25935 25936 25937 53310
4280 3 3 34445 34456 41061 42454 45440 45445 45805 48378 48390 48393 48394 48395 48396 48397 48398 48399 48400 48401 48402 48403 48404 48405 48406
4281 3 3 32635 41016 41036 41037 41038 41039 41040 41041 41042 41043 41044 41045 41046 41047 41048
4282 3 3 7472 9644 12717 12766 13445 13573 15705 15726 19781 19782 19783 19784 19785 19786 19787 19788 19789 19790 19791
4283 3 3 9622 9641 12715 12753 12754 12755 12756 12757 12758 12759 12760 12761 12762 12763 12764 12765
4284 0 0 7592 18971 19140 19174 19212 19218 20339 28516 28527 28528 28529 28530 28531 28532 28533 28534 28535 28536
4285 0 0 7585 9228 12806 13632 13654 15763 20338 21761 23414 23421 23430 31845 31850 31851 31852 31853 31854
4286 0 0 20334 20344 23416 28534 31847 31857 32970 33004 33006 33007 33008 33009 33010 33011
4287 0 0 4922 7584 7591 7592 7593 7594 7595 7596 7597 7598 7599 7600
4288 0 0 5426 5442 16408 16590 16605 18300 25230 25270 25281 25285 25296 25299 25300 25301 53311
4289 0 0 5435 25228 25271 25283 25288 25291 25292 25293 25294 53312
4290 3 3 39882 39889 39896 39901 39910 39913 39919 39925 39936 39942 42365 48007 48084 48102 48115 50877 50882 50904 50909 50910
4291 3 3 27652 31297 31307 31311 31312 31313 31314 31315 31316 31317 31318 31319 31320 31321
4292 3 3 31296 31319 31328 38798 38815 39651 39873 39883 39902 39903 39904 39905 39906 39907 39908 39909 39910
4293 3 3 27643 31317 39808 39887 39916 39924 48000 48117 50879 50883 50907 50909 50913 50914
4294 0 0 43707 43986 44013 44022 46241 46260 46789 48062 48092 48122 50610 50630 50651 50666 50671 50684 50685
4295 0 0 43715 43725 43999 44015 46312 46324 46337 50612 50646 50664 50670 50683
4296 3 3 39293 46221 46271 46813 47428 47431 47445 47448 47449 47450 47451 47452 47453 47454 47455
4297 3 3 39123 47418 47436 47456 47457 47458 47459 47460 47461 47462
4298 0 0 5105 8137 9488 9489 9490 9491 9492 9493 9494 53313
4299 0 0 9421 9500 9510 9520 13010 13014 13019 13021 13757 29112 30331 30336 30393 30409 30422 30429 30438 30439
4300 0 0 258 1771 2251 3876 6486 6491 6492 6493 6494 53314
4301 0 0 262 807 831 847 850 851 852 853 854 855 856 53315
4302 3 3 48269 48270 48271 48272 48273 48274 48275 48276 48277 48278 48279 48280 48281 48282 48283
4303 3 3 49757 49758 49759 49760 49761 49762 49763 49764 49765 49766 49767 49768 49769 49770
4304 3 3 44740 48280 48289 48317 48334 49680 49692 49765 49793 49795 49806 49808 49811 49812 49813 49814
4305 3 3 37157 45035 48270 48284 48302 48312 48323 48329 48339 49769 49788 49809 49828 49832
4306 0 0 1041 1051 1052 1053 1054 1055 1056 1057 53316 53317
4307 0 0 1044 1055 3110 3115 11322 11329 11330 11331 11332 11333 11334 53318
4308 3 3 17867 17894 17903 17923 18086 25254 25437 26488 26498 26499 26500 26501 26502 26503 26504 26505
4309 3 3 26490 26511 26517 26533 26536 26659 26842 26849 26883 26923 26935 26960 26964 26984 26997 26998 26999 27000
4310 3 3 26532 26535 26819 26841 26845 26846 26847 26848 26849 26850 26851 26852
4311 3 3 17897 18083 25096 25445 26486 26487 26488 26489 26490 26491 26492 26493 26494 26495 26496 26497
4312 0 0 4249 4250 4251 4252 4253 4254 4255 4256 4257 53319
4313 4 4 1809 1838 3893 3894 3895 3896 3897 3898 3899 3900 3901 3902 3903 3904
4314 0 0 5 34 80 133 177 185 4369 4407 4413 4437 4442 8421 8446 8457 8461 8462 8463 8464 53320
4315 0 0 84 279 2032 2033 2034 2035 2036 2037 2038 2039 2040 2041
4316 0 0 32311 45271 45316 45339 47107 47202 47209 47222 47232 47237 47238 47239 47240 47241 47242 47243 47244 47245 47246
4317 0 0 47208 47220 51117 51128 51129 51130 51131 51132 51133 51134 51135
4318 0 0 32304 37029 37030 37031 37032 37033 37034 37035 37036 37037 37038 37039 37040 37041 37042 37043 37044 37045 37046 37047
4319 0 0 32308 37048 37076 37085 37088 37089 37090 37091 37092 37093 37094 37095
4320 0 0 29671 29901 29909 29924 29992 30081 30154 30230 38374 38530 38540 38548 38639 43685 43692 43698 43699 43700 43701 43702 43703
4321 0 0 29323 29676 29679 30083 38438 38474 38488 38489 38490 38491 38492 38493
4322 3 3 34664 34665 34666 34667 34668 34669 34670 34671 34672 34673 34674 34675 34676 34677 34678 34679 34680 34681 34682
4323 3 3 25121 25131 25141 25146 26968 27009 27013 27014 27015 27016 27017 27018 27019 27020 27021 27022 27023 27024
4324 0 0 6094 11317 11330 25221 25251 25265 25271 25272 25273 25274 25275 53321
4325 0 0 2935 6090 11095 11318 17854 17861 17874 17886 17899 17900 17901 17902 53322
4326 0 0 6857 8618 8627 14684 14767 14793 14798 14814 14815 14816 14817 14818 14819
4327 0 0 22686 22704 22740 22747 22765 26278 26288 27795 27820 27821 27822 27823 27824 27825 27826 27827 27828
4328 0 0 11853 14805 14815 17644 17655 19479 19588 19599 19680 19685 19692 19702 22741 22756 22761 22763 22769 22770 22771
4329 0 0 14678 14689 19287 19665 19696 22692 22703 22721 22727 22733 22735 22742 22751 22752 22753 22754
4330 0 0 11071 16447 16467 16472 16481 17773 17808 24930 24948 24961 24963 24964 24965 24966 24967 53323
4331 0 0 6084 16407 16475 17768 17790 17809 17842 17843 17844 17845 17846 17847 17848 17849 17850 17851 53324
4332 0 0 3042 3052 6087 11063 16411 16446 16471 16472 16473 16474 16475 16476 16477 16478 53325
4333 2 2 16413 17763 17771 17792 17807 17819 17837 17844 18337 24914 24938 24964 24973 24981 24999 25005 25010 25011
4334 0 0 2954 2961 2962 2963 2964 2965 2966 2967 2968 2969 2970 2971 53326
4335 0 0 1026 2933 2975 3038 3043 3044 3045 3046 3047 3048 3049 3050 3051 3052 53327
4336 0 0 2853 2959 2968 2972 2973 2974 2975 2976 2977 53328
4337 0 0 2966 3036 3051 6077 6088 11061 11063 11064 11065 11066 11067 11068 11069 11070 11071 11072 11073 11074
4338 3 3 28784 28797 28820 29125 29145 29173 29180 29193 32037 32049 35923 37656 37668 37680 37699 37700 37701 37702
4339 3 3 23577 29188 32200 37667 37861 37901 37910 37923 37931 37932 37933 37934 37935 37936 37937
4340 3 3 23559 23571 23590 23719 29123 29147 29167 29181 29187 29188 29189 29190 29191 29192 29193 29194 29195 29196 29197 29198 29199
4341 3 3 37845 37846 37847 37848 37849 37850 37851 37852 37853 37854 37855 37856 37857 37858 37859 37860 37861 37862 37863
4342 0 0 27645 30458 36785 36794 36813 36816 38760 38761 38762 38763 38764 38765 38766 38767 38768 38769 38770 38771 38772
4343 0 0 31349 36780 38777 39614 39626 39635 39800 46117 46120 46121 46122 46123 46124
4344 4 4 10406 12023 12042 14750 17210 17213 17225 17248 19333 19354 19363 19371 19373 19374 19375 19376 19377 19378 19379
4345 4 4 7351 7352 7353 7354 7355 7356 7357 7358 7359 7360 7361 7362
4346 0 0 5788 10421 10426 17126 17127 17128 17129 17130 17131
4347 0 0 5602 5785 5806 10422 10429 10432 10433 10434 10435 10436 10437 10438 10439 53329
4348 0 0 10953 12698 16050 17463 17477 17490 24424 24425 24426 24427 24428 24429 24430 24431 24432
4349 0 0 24438 25857 25870 25961 29754 41902 41908 41916 41917 41918 41919 41920
4350 0 0 17459 17460 17461 17462 17463 17464 17465 17466 17467 17468 17469 17470 17471 17472 17473
4351 0 0 24432 24441 24452 24458 24462 25855 25960 41900 41918 41969 42007 42019 42024 42025 42026 42027 42028
4352 0 0 7005 12228 12239 12252 12256 13241 13255 13303 13318 13345 21207 21225 21226 21227 21228 21229 21230 21231 21232 21233 21234 21235 21236
4353 0 0 7016 12231 12241 12249 12260 12262 12263 12264 12265 12266 12267 12268 53330
4354 0 0 1185 1190 1329 1335 3459 3466 3478 3489 3600 6831 7316 7317 7318 7319 7320 7321 7322 7323 7324 7325 7326
4355 0 0 342 1194 3468 3505 3604 36948 36958 36960 53331
4356 0 0 5432 25234 25289 25294 25303 25304 25305 25306 53332 53333
4357 0 0 1052 6245 6246 6247 6248 6249 6250 6251 6252 6253 53334 53335
4358 0 0 6248 25226 25273 25276 25288 25289 25290 53336 53337
4359 0 0 6251 18378 25179 25208 25213 25235 25258 25302 25306 25307 25308 53338
4360 0 0 11207 11279 18069 18074 18076 18090 18101 18233 25101 25118 26491 26506 26515 26516 26517 26518 26519 26520
4361 0 0 18046 18047 18048 18049 18050 18051 18052 18053 18054 18055 18056 18057 53339
4362 0 0 51431 51432 51433 51434 51435 51436 51437 51438 51439 51440 51441 51442 51443 51444
4363 0 0 48376 48384 48392 48406 48412 48418 48425 48426 48429 48524 48526 48527 48528 48529 48530 48531 48532 48533 48534
4364 0 0 14543 14544 14545 14546 14547 14548 14549 14550 14551
4365 0 0 12956 14556 22667 28767 28768 28769 28770 28771 28772 28773 28774
4366 0 0 39986 43716 44000 46307 46322 46324 46325 46326 46327 46328 46329
4367 0 0 39304 39982 43481 43494 43720 46315 46332 46339 46345 46346 46347 46348 46349
4368 4 4 30468 31222 37391 39504 39528 39534 39547 39551 39552 39553 39554 39555 39556 39557 39558 39559
4369 4 4 22203 27758 30463 30842 30849 31290 31324 36788 37389 38799 39126 39532 39560 39903 41425 45355 45356 45357 45358 45359 45360 45361 45362
4370 4 4 38447 38484 38506 38515 38516 38517 38518 38519
4371 4 4 21605 29673 29910 30061 30080 30097 30111 33125 33175 38492 38509 38531 38536 38537 38538 38539 38540 38541 38542 38543
4372 4 4 23896 35153 35991 36007 36008 36009 36010 36011 36012 36013 36014 36015 36016 36017
4373 4 4 35008 35156 42629 42774 42982 42992 42993 42994 42995 42996 42997 42998 42999 43000
4374 0 0 10605 11191 17082 17098 17108 17114 17121 17124 18032 18115 18116 18117 18118 18119 18120 18121 18122
4375 0 0 10550 17078 17088 17089 17090 17091 17092 17093 17094 17095
4376 4 4 27324 36553 42667 44751 44761 48297 49683 49689 49742 51601 51616 51624 51625 51626 51627 51628
4377 4 4 27326 32327 36556 44758 47330 51611 51629 51640 51654 51657 51660 51661 51662
4378 0 0 1229 1236 1237 1238 1239 1240 53340 53341
4379 0 0 1234 1244 3579 7307 17361 17385 17402 17418 17435 17443 17444 17445 17446 17447 17448 53342
4380 4 4 22165 22174 27429 39695 39709 48165 48191 48196 48198 48199 48200 48201 48202 48203
4381 4 4 22171 22179 27404 27413 31156 31361 39464 39578 39664 39665 39666 39667 39668 39669 39670 39671
4382 0 0 12706 12721 12722 12723 12724 12725 12726 12727 12728 12729 12730 12731 12732
4383 0 0 12201 12210 12244 12440 13216 13246 13257 13258 13259 13260 13261 13262 13263 13264 13265 53343
4384 0 0 13221 13230 13238 13250 13256 13265 13272 13348 21211 21227 21244 21259 21260 21261 21262 21263 21264
4385 0 0 12447 12711 12728 12734 12752 19775 20924 21359 27933 27938 27939 27940 27941 27942 27943 27944
4386 0 0 35715 39953 39958 39970 39980 39992 39999 40017 40025 40027 40028 40029 40030 40031 40032 53344
4387 4 4 39829 40001 40008 40014 40039 43704 43987 44011 44012 44019 44020 44021 44022 44023 44024 44025 44026
4388 0 0 39825 39945 39957 39991 40000 40004 40024 40031 40033 40034 40035 40036 40037 40038 40039 53345
4389 4 4 39969 40002 40009 40012 40026 40030 43724 43976 43990 44004 44007 44008 44009 44010 44011
4390 0 0 21122 21129 21135 21704 24057 24062 24100 29363 29365 29366 29367 29368 29369 29370 29371 29372
4391 0 0 32875 32876 32877 32878 32879 32880 32881 32882 32883 32884 32885 32886
4392 0 0 21978 27572 27579 27588 27595 27601 27606 27607 27608 27609 27610 27611 27612 27613 53346
4393 0 0 27540 27560 27561 27562 27563 27564 27565 27566 27567 53347
4394 0 0 13057 20995 21016 21033 29215 29239 37946 37955 37964 37978 37979 37980 37981 37982 37983
4395 0 0 21034 29206 29235 29242 30238 30260 30292 30308 30318 37944 37973 37974 37975 37976 37977
4396 3 3 28388 29926 29990 30084 30091 30104 30113 30144 30151 30152 30153 30154 30155 30156 30157 30158
4397 3 3 28292 28309 28330 29246 29328 29569 29665 29678 29679 29680 29681 29682 29683 29684 29685 29686 29687 29688 29689
4398 3 3 29670 29677 29689 29923 29991 30052 30059 30074 30079 30080 30081 30082 30083 30084 30085 30086 30087 30088 30089 30090
4399 3 3 21635 29252 29570 29619 29684 30100 30118 30164 30171 30192 30193 30194 30195 30196 30197
4400 0 0 5501 8240 14418 14419 14420 14421 14422 14423 53348
4401 0 0 623 4315 4327 4343 5499 5506 5507 5508 5509 5510 5511 53349
4402 0 0 4321 4331 4337 4346 5500 5508 8239 8278 14419 14431 14433 14434 14435 53350
4403 0 0 5502 5511 14420 16898 16914 16986 23022 23057 23058 23059 23060 53351
4404 2 2 5244 7765 7828 9868 9884 9885 9886 9887 9888 9889 9890 9891 9892
4405 0 0 5529 7774 9866 9874 9875 9876 9877 9878 9879 9880 9881 53352 53353
4406 0 0 11726 18690 18698 18716 18733 18737 18752 27282 27283 27284 27285 27286 27287 53354
4407 0 0 6445 11571 11582 11740 11742 11751 11755 11781 11782 11783 11784 11785 53355
4408 0 0 11747 18738 18742 18746 21151 27282 29415 38141 38149 38172 38189 38193 38203 38206 38207 38208 38209 38210 53356
4409 0 0 11724 11745 11778 18713 18726 18728 18731 18733 18734 18735 18736 53357
4410 0 0 5789 10427 17127 17161 20483 25725 25744 25748 25749 25750 25751 25752 25753
4411 0 0 25723 26564 35341 35364 35380 35382 35392 35393 35394 35395 35396 35397
4412 0 0 24321 24329 24336 33340 33345 33354 33363 37420 37434 37439 44614 44619 44625 45461 45487 45492 45503 45504 45505 45506 45507
4413 0 0 24318 24325 24331 32387 32410 32411 32412 32413 32414 32415 32416 32417 32418 32419 32420 32421 32422 32423 32424 32425
4414 0 0 24315 24324 28606 32385 32408 32417 32432 33349 33353 33375 33376 33377 33378 33379 33380 33381 33382
4415 0 0 24313 24330 32419 33314 33329 33332 33339 33340 33341 33342 33343 33344
4416 0 0 23958 32503 32554 36184 36199 36200 36201 36202 36203 36204
4417 0 0 23963 32561 32576 32577 32578 32579 32580 32581 32582 32583
4418 3 3 2377 4753 4960 4968 4974 8778 8806 8825 8922 9248 9393 9401 9404 9411 13863 15364 15373 15375 15376
4419 3 3 4749 4756 5475 8775 8795 8811 8812 8813 8814 8815 8816 8817 8818
4420 3 3 670 719 4754 4969 8773 8774 8775 8776 8777 8778 8779 8780 8781 8782 8783 8784
4421 3 3 2364 2374 4730 4752 8815 8824 8828 9412 13861 15357 15370 15371 15372 15373 15374
4422 0 0 3296 3302 3323 3447 6499 11861 11869 11874 11879 19269 19274 19275 19276 19277 19278 19279 19280 19281
4423 0 0 6763 8478 11886 11891 12112 12117 19272 19283 19291 19292 19293 19294 19295
4424 3 3 33224 33258 34347 37175 41680 41719 41731 45198 45206 45217 45219 45220 45221 45222
4425 3 3 33226 37113 37122 37146 37172 38723 40569 40581 41677 45124 45207 45228 50973 50982 50996 51001 51005 51006 51007
4426 0 0 5645 5655 5668 5812 5813 5814 5815 5816 5817 5818 5819 53358
4427 0 0 956 1014 1020 2578 2723 2745 5641 5654 5663 5672 5676 5677 5678 5679 5680 5681 53359 53360
4428 0 0 44429 44430 44431 44432 44433 44434 44435 44436 44437 44438 44439 44440 44441
4429 0 0 41847 44465 44475 44492 45462 45502 45508 45509 45510 45511 45512 45513 45514
4430 3 3 15538 22523 22542 22590 22782 22789 22835 22842 22852 22863 22876 22959 23547 28423 31521 32021 32044 32052 32062 32067 32082 32083
4431 3 3 20276 20277 20278 20279 20280 20281 20282 20283 20284 20285 20286
4432 3 3 15546 20277 20308 22774 22785 22786 22787 22788 22789 22790 22791
4433 3 3 20282 20295 20630 22529 22543 22589 22590 22591 22592 22593 22594 22595 22596 22597 22598 22599
4434 0 0 38168 38169 38170 38171 38172 38173 38174 38175 38176 38177
4435 0 0 16007 16014 16024 21153 29427 29439 38181 38195 38222 38238 38294 44496 44512 44517 44519 44520 44521 44522 44523 44524 44525 44526
4436 4 4 23122 23208 23233 23248 23258 23834 23835 23836 23837 23838 23839 23840 23841 23842 23843 23844 23845 23846 23847 23848
4437 4 4 23110 23147 23148 23149 23150 23151 23152 23153 23154 23155 23156 23157 23158 23159 23160
4438 4 4 23113 23146 23159 23212 23836 23854 23880 24715 24731 24733 24734 24735 24736 24737 24738 24739
4439 4 4 23153 23204 23255 23843 23852 23858 23859 23860 23861 23862 23863 23864 23865 23866
4440 0 0 12489 28343 37022 37026 44964 44986 44991 44998 45004 53361
4441 0 0 19762 20137 21366 21377 21396 27970 27983 28005 28290 28338 37004 37009 37013 37014 37015 37016 37017 37018 37019
4442 0 0 12500 36998 37010 37023 44954 44969 44976 44979 44980 44981 44982 44983
4443 0 0 13189 20116 28341 28343 28344 28345 28346 28347 53362
4444 0 0 7193 11481 12586 13147 20060 20084 21083 21162 21173 21185 21195 29331 29447 29460 29461 29462 29463 29464 29465 29466
4445 0 0 6332 6349 7142 7178 11484 12649 13145 13150 29452 29471 29477 29487 29488 29489 29490 53363
4446 0 0 2078 3450 5886 6758 11871 11883 11884 11885 11886 11887
4447 0 0 3453 5893 6515 6526 6542 6546 11858 11865 11866 11867 11868 11869 11870
4448 0 0 13353 20503 20533 20548 20829 21483 21504 21511 21523 35426 35434 35435 35436 35437 35438 35439 35440
4449 0 0 21455 21456 21457 21458 21459 21460 21461 21462 21463 21464 21465 21466 21467 21468
4450 0 0 22345 22383 22391 22779 22795 22809 22816 22827 22828 22829 22830 22831 22832
4451 0 0 22359 22775 22799 22807 22856 22958 31481 31482 31483 31484 31485 31486 31487 31488
4452 0 0 28259 29213 29219 29233 32950 37945 38130 38133 38161 38162 38163 38164 38165 38166 38167 53364
4453 0 0 20020 21658 28260 29220 29226 29227 29228 29229 29230 29231 29232 29233 29234 29235 29236 53365
4454 4 4 42587 42596 42613 42725 42745 42809 42813 42837 42840 42841 42842 42843 42844 42845 42846
4455 4 4 24861 24868 34495 42606 42632 42730 42747 42753 42754 42755 42756 42757 42758
4456 4 4 16131 16139 16401 17949 24860 35973 42582 42600 42605 42606 42607 42608 42609 42610 42611 42612 42613 42614 42615
4457 4 4 42729 42730 42731 42732 42733 42734 42735 42736 42737 42738 42739 42740 42741 42742 42743 42744
4458 0 0 12871 12919 15617 15619 15620 15621 15622 15623 15624 15625 15626 15627 15628 15629 15630 53366
4459 0 0 12864 12921 12929 12930 12931 12932 12933 12934 12935 53367
4460 0 0 39549 39608 39726 45358 45367 45378 45391 45405 45412 46672 46675 50772 50774 50775 50776 50777 50778 50779 50780 50781 50782
4461 0 0 31228 39529 39542 39551 39587 39588 39589 39590 39591 39592 39593
4462 0 0 28379 28581 32748 36278 36287 36296 40977 40987 40993 42241 42710 42716 44162 44169 44170 44171 44172 44173 44174 44175 44176 44177
4463 0 0 36190 36198 36204 36217 36229 36242 36250 36259 36605 40919 40966 40980 40998 41000 41001 41002 41003 41004 41005 41006 41007
4464 0 0 32543 36186 36232 40916 40996 41005 44165 44180 44187 44188 44189 44190 44191 44192
4465 0 0 28359 28375 32712 32747 36249 40964 40973 40984 40985 40986 40987 40988 40989 40990 40991 40992
4466 4 4 42425 42433 42444 42475 45821 47079 48419 50205 50220 50235 50236 50237 50238 50239 50240 50241 50242
4467 4 4 48235 48244 48251 48265 48268 49823 51391 51401 51402 51403 51404 51405 51406 51407
4468 4 4 33921 42428 42467 42478 42487 45822 47067 47082 48231 50242 51393 51403 51409 51411 51412 51413
4469 4 4 49749 49826 50143 50155 50221 50238 50246 50254 50805 51400 51407 51414 51419 51428 51430
4470 0 0 45128 45129 45130 45131 45132 45133 45134 45135 45136 45137
4471 0 0 37195 45061 45062 45063 45064 45065 45066 45067
4472 0 0 10169 17906 26496 26503 26827 26852 26861 26872 26873 26874 26875
4473 0 0 10170 16765 16775 17878 17909 17916 17917 17918 17919 17920 17921 17922
4474 0 0 6427 11510 11551 11597 11666 24364 36309 36331 36337 36354 36367 36368
4475 0 0 6363 6425 11402 11549 11554 11555 11556 11557 11558 11559 53368
4476 4 4 838 2257 4985 5152 5166 5189 9280 9665 9723 12872 12878 12879 12880 12881 12882 12883 12884 12885 12886
4477 4 4 842 1767 1785 2248 4210 4992 4995 4996 4997 4998 4999 5000 5001
4478 0 0 15787 19135 19170 19171 19172 19173 19174 19175 19176 19177 19178 19179 19180 19181 19182 19183 19184 19185
4479 0 0 15793 20377 21118 21128 21130 24050 24096 24097 24098 24099 24100 24101 24102
4480 0 0 15792 19175 20373 20374 20375 20376 20377 20378 20379 20380 20381 20382
4481 0 0 15781 15789 19110 19183 19227 21114 21123 21124 21125 21126 21127 21128 21129
4482 0 0 25596 35213 43523 43529 43530 43531 43532 53369
4483 0 0 25595 25603 25611 25612 25613 25614 25615 25616 25617 25618 53370
4484 4 4 7006 7395 7570 13233 13242 13254 13269 13314 13345 13346 13347 13348 13349
4485 4 4 3612 7007 7320 7388 12089 12282 13316 13321 19860 19868 19973 19990 19993 20699 20729 28071 28079 28080 28081 28082 28083 28084
4486 4 4 1197 7013 7321 7396 12238 12251 12258 12262 12277 13300 13309 13313 13314 13315 13316 13317 13318 13319 13320
4487 4 4 7391 7563 7564 7565 7566 7567 7568 7569 7570 7571 7572 7573 7574 7575 7576
4488 0 0 31385 31395 32621 32622 32623 32624 32625 32626 32627 32628
4489 0 0 31374 31375 31376 31377 31378 31379 31380 31381 53371
4490 0 0 22218 31379 31386 31396 32622 33827 33856 33876 33879 33880 33881 33882 33883 33884 33885 33886 33887 33888 53372
4491 0 0 31380 31382 31397 31423 31424 31425 31426 31427 31428 31429 31430 31431 53373
4492 0 0 36423 36477 36483 36487 36503 43413 43416 43417 43418 43419 43420 43421 43422 43423 43424 43425 53374
4493 0 0 27306 33293 33308 36473 36480 36490 36492 44672 44683 44693 44707 44726 44727 44728 44729 44730 53375
4494 0 0 36476 36485 36501 43424 44713 44728 46143 46152 46164 46177 46204 49598 49622 49625 49630 49631 49632 49633 49634 49635
4495 0 0 36474 36481 36487 36488 36489 36490 53376
4496 0 0 32551 36192 36202 36205 36218 36219 36220 36221 36222 36223 36224 36225 36226 36227 36228 36229
4497 0 0 23960 32548 32558 32559 32560 32561 32562 32563 32564 32565 32566 32567 32568
4498 4 4 3738 3746 3757 3796 5610 5779 5793 5810 10419 13472 13484 25708 25727 25730 25731 25732 25733 25734 25735
4499 4 4 907 935 3677 3722 3723 3724 3725 3726 3727 3728 3729 3730 3731 3732
4500 0 0 13840 13874 13876 15560 15567 15582 15609 28470 28478 28489 28494 28495 28496 53377
4501 0 0 8863 13684 13719 13872 13878 15563 15570 15586 28475 28481 28502 28504 28509 28510 28511 28512
4502 3 3 24578 25645 25669 33911 33912 33913 33914 33915 33916 33917 33918 33919 33920 33921 33922
4503 3 3 25666 35313 35329 45826 48397 49887 49916 49929 49966 49972 50212 50249 51323 51327 51328 51329 51330 51331
4504 3 3 25663 33914 35315 35326 42430 42481 45821 45822 45823 45824 45825 45826 45827 45828
4505 3 3 24579 25661 33920 49888 49895 49975 51315 51322 51330 51332 51387 51868 51879 51890 51895 51899
4506 0 0 41117 41131 41135 45417 49907 49931 49939 49947 49948 49949 49950 49951 49952
4507 0 0 32629 32630 32631 32632 32633 32634 32635 32636 32637 32638 32639 32640
4508 3 3 29631 29640 30121 30187 30207 30208 30209 30210 30211 30212 30213 30214 30215 30216 30217 30218 30219 30220
4509 3 3 41578 41585 41589 41593 41597 41605 41609 41616 41620 41625 41629 41641 47599 47603 47604 47605 47606 47607 47608 47609
4510 0 0 5533 5534 5535 5536 5537 5538 5539 5540 5541 53378
4511 0 0 5544 5564 9920 18881 18889 18901 27368 27384 27387 27388 27389 27390 27391 27392 53379
4512 0 0 5541 5546 5561 9915 9916 9917 9918 9919 9920 9921 53380
4513 0 0 5535 5542 5547 5563 7747 7787 7793 8180 9895 10310 10330 18877 18888 18900 18901 18902 53381
4514 0 0 34037 34044 34070 34084 35115 35116 35117 35118 35119
4515 0 0 43295 43296 43297 43298 43299 43300 43301 43302 43303 43304
4516 0 0 11813 13921 13946 13953 13954 13955 13956 13957 13958
4517 0 0 18911 18916 22167 27347 27354 27355 27356 27357 27358 27359 27360 27361 27362
4518 0 0 5589 10343 11815 13925 13939 13947 13956 13961 16109 16121 18913 23454 24597 27334 27343 27344 27345 27346 27347 27348 27349 27350
4519 0 0 11822 15341 18856 18866 18908 18914 22162 22168 27360 48174 48194 48198 48218 48221
4520 0 0 2160 2166 2179 3226 3234 3239 3240 3241 3242 3243 3244 3245 3246 3247 53382
4521 0 0 2180 3225 3232 3233 3234 3235 3236 3237 3238 53383
4522 3 3 61 121 200 614 680 687 694 695 696 697 698 699 700 701
4523 0 0 123 621 704 860 883 2525 4599 4643 4664 4677 4688 4699 4700 4701 4702 4703 4704 4705 4706 4707 53384
4524 0 0 55 116 117 118 119 120 121 122 123 124 125 126 53385
4525 3 3 693 701 707 2003 4564 4600 4685 4702 8714 15134 15157 15170 15175 15179 15181 15182 15183 15184
4526 0 0 30978 37415 37470 39344 44610 45457 45473 45479 45482 45483 45484 45485 45486 45487 45488 45489 45490
4527 0 0 41926 44432 44451 44459 44463 44464 44465 44466 44467 44468 44469 44470 44471
4528 0 0 45455 45456 45457 45458 45459 45460 45461 45462 45463 45464 45465 45466 45467 45468 45469 45470
4529 0 0 39348 39373 44436 44457 44473 45488 45499 45516 45522 46644 49555 51761 51769 51775 51783 51787 51790 51794 51795
4530 0 0 43816 46229 46244 49142 51495 51511 51529 51545 51548 51554 51555 51556 51557
4531 0 0 51900 51901 51902 51903 51904 51905 51906 51907 51908
4532 0 0 51491 51500 51508 51516 51520 51522 51526 51538 51541 51542 51543 51544 51545 51546 51547
4533 0 0 46249 48940 48987 49163 50658 50681 51533 51557 51564 51575 51585 51586 51587 51588 51589 51590
4534 0 0 1983 1995 2473 2478 2981 4584 4601 4620 4621 4622 4623 4624 4625 4626 53386
4535 0 0 1979 1986 1997 2002 2008 2011 2018 2454 4563 4595 4659 4671 4680 4681 4682 4683 4684 53387
4536 0 0 1977 1980 1987 1988 1989 1990 1991 1992 1993 1994 1995 1996 1997 53388
4537 0 0 4583 4584 4585 4586 4587 4588 4589 4590 4591 4592 4593 4594 4595 4596 4597 4598 4599 4600
4538 4 4 18450 25884 25899 26325 29705 29796 33564 36390 38590 42167 42168 42169 42170 42171 42172 42173 42174
4539 4 4 17706 18448 20265 24543 26302 26308 26309 26310 26311 26312 26313 26314 26315 26316 26317 26318
4540 0 0 29933 29950 29959 43663 45940 46031 46035 46037 46038 46039 46040
4541 0 0 29935 29946 35468 35476 35477 35478 35479 35480 35481 35482 35483 35484 35485 35486 35487
4542 0 0 17698 17713 20636 20641 20642 20643 20644 20645 20646 20647 20648
4543 0 0 16053 17715 20638 24504 24524 24530 24539 29817 49275 49284 49318 49320 49321
4544 0 0 11786 27291 27295 49505 49542 49552 49557 49559 49560 49561 49562 53389
4545 0 0 11793 11797 17337 49509 49563 49567 49572 49573 49574 49575 53390
4546 0 0 432 7021 7032 7095 12312 12352 12374 12376 12377 12378 12379 12380 53391
4547 0 0 435 3648 7029 7384 7385 7386 7387 53392
4548 0 0 19075 21669 21678 21679 21680 21681 21682 21683 21684 21685 21686 53393
4549 0 0 9657 9710 11826 21668 21703 21713 21723 21727 21731 21736 29347 29348 29349 29350 29351 29352 53394
4550 0 0 14081 14158 30710 38989 39000 39013 39018 39019 39020 39021 39022 53395
4551 0 0 30706 39054 39062 39070 39089 39090 39091
4552 0 0 24565 25193 25824 26003 33700 33714 33720 33721 33722 33723 33724 53396
4553 0 0 16691 16701 24570 25188 25825 33712 34763 34777 34785 34787 34788 34789 53397
4554 3 3 10581 10604 11187 17099 18117 18124 18136 18139 20489 26580 26645 26647 26664 26665 26666 26667 26668 26669 26670 26671
4555 3 3 3080 10467 10482 10554 10586 10587 10588 10589 10590 10591 10592 10593 10594 10595 10596 10597 10598
4556 3 3 1826 1848 5170 5182 5222 5223 5224 5225 5226 5227 5228 5229 5230 5231 5232
4557 3 3 1855 5007 5019 5159 5174 8113 9330 15798 15840 15846 15847 15848 15849 15850 15851 15852 15853 15854 15855 15856 15857 15858 15859
4558 3 3 5232 8123 12796 15800 15841 15850 24294 31975 38687 38703 38706 38732 46962 51024 51046 51054 51062 51065
4559 3 3 1827 1849 5006 5020 5163 5168 5169 5170 5171 5172 5173 5174 5175 5176
4560 3 3 25435 33702 34624 34625 34626 34627 34628 34629 34630 34631 34632 34633
4561 3 3 27226 32618 34639 34662 34797 35625 40887 42193 42195 42196 42197 42198 42199 42200 42201 42202 42203
4562 3 3 7489 10903 10945 13511 17344 17621 17628 25711 25976 27105 29823 29844 29848 29851 29852 29853
4563 0 0 6029 10893 10941 13508 17338 17485 18203 25980 26071 27053 27062 27074 27104 27107 27110 53398
4564 3 3 13502 13510 17339 18204 25971 26030 26601 26623 26687 27048 27054 27063 27076 27086 27102 27103 27104 27105 27106
4565 3 3 2890 6043 10889 10902 10941 10942 10943 10944 10945 10946 10947 10948 10949 10950 10951 10952 10953
4566 0 0 361 370 1074 1080 1081 1082 1083 1084 1085 1086 1087 1088 1089 1090 53399
4567 3 3 3278 3298 6498 6832 7332 11880 14695 14717 19274 19286 22698 22706 22718 22724 22728 22731 22733
4568 3 3 3248 3249 3250 3251 3252 3253 3254 3255 3256 3257 3258 3259 3260 3261 3262
4569 3 3 344 353 365 1080 1282 1290 1330 1345 3273 3300 3603 6497 6833 7329 12056 14697 14716 14717 14718 14719 14720 14721 14722 14723
4570 3 3 13357 20536 20815 20831 21412 21473 35456 37631 37645 37646 37647 37648 37649 37650 37651
4571 3 3 13203 13350 20824 20901 21400 21401 21402 21403 21404 21405 21406 21407 21408 21409 21410 21411
4572 3 3 17312 20528 21410 21419 21433 21455 21469 21470 21471 21472 21473 21474 21475 21476 21477 21478
4573 3 3 13363 20822 21400 21415 21610 37648 37815 38486 38508 38518 38520 38532 38533 38534 38535 38536
4574 4 4 26326 26327 26328 26329 26330 26331 26332 26333 26334 26335 26336 26337 26338 26339 26340 26341 26342 26343 26344
4575 4 4 5149 11015 15296 17729 17747 17748 17749 17750 17751 17752 17753 17754 17755
4576 4 4 2838 2849 2951 2962 5146 10773 11008 15297 17752 24952 24984 26337 26366 26371 26375 26379 26385
4577 4 4 2928 10965 11016 17743 17750 26212 26218 26331 26348 26368 26390 31610 33754 35801 35821 35839 35847 35849 35851
4578 4 4 2284 4166 8039 8058 8183 8195 14209 14223 14244 14263 14339 18830 18847 18870 18871 18872 18873
4579 4 4 2276 3996 4110 4121 4139 4154 4159 4163 4167 5233 5234 5235 5236 5237 5238 5239 5240 5241 5242 5243 5244
4580 4 4 7895 14013 21860 21893 21905 21921 30594 30611 30623 30629 30648 30659 30673 30687 30691 30693 30695 30696
4581 4 4 4133 4144 4151 8040 8042 8043 8044 8045 8046 8047 8048 8049 8050 8051 8052 8053 8054
4582 4 4 4002 4065 4130 4135 4147 5243 7892 7915 7988 7999 8028 8035 8050 8055 14005 14008 14009 14010 14011 14012 14013 14014 14015
4583 4 4 8053 14017 14041 21866 21909 21910 30473 30636 30653 30663 30666 30672 30673 30674
4584 0 0 1057 3109 3117 11327 11331 11336 11348 16717 18357 18367 18382 18384 18385 18386 18387 18388 53400
4585 0 0 6096 11321 17872 17883 17900 18363 18371 18379 18398 25219 25250 25253 25259 25264 25265
4586 0 0 1042 1053 6247 11326 11329 18369 18380 18388 18402 25222 25263 25264 25275 25276 25277 53401
4587 0 0 11325 11340 11351 16563 16732 17868 17880 17898 18359 18366 18370 18385 18390 18394 18395 18396 18397 18398
4588 0 0 471 912 936 949 960 2572 3681 3691 3702 3714 3724 3737 3752 3753 3754 3755 53402
4589 0 0 950 3356 3357 3358 3359 3360 53403
4590 3 3 29931 35484 43646 43658 43661 43662 43663 43664 43665 43666 43667 43668 43669 43670 43671 43672
4591 3 3 35461 35465 35516 38382 38482 38527 43650 43657 43678 43683 43696 43700 45887 45892 45895 45916 45929 45932 45936 45943 45951 45952
4592 3 3 36141 40829 40839 41477 41483 41493 43357 44816 46448 47395 47401 47427 48620 48738 51158 51174 51181 51187 51188 51189
4593 3 3 36100 36111 36137 36163 36173 36538 40827 40836 45429 45786 45792 45793 45794 45795 45796 45797 45798 45799 45800 45801 45802 45803
4594 3 3 36145 40825 40826 40827 40828 40829 40830 40831 40832 40833
4595 3 3 32657 36119 36131 36154 40835 41481 41492 45795 46418 46448 46449 46450 46451 46452 46453 46454 46455 46456 46457 46458 46459
4596 4 4 34376 34388 40353 40355 40369 40675 40815 42472 42528 47045 47066 47084 47085 47086 47087
4597 4 4 40345 40821 42421 42443 42476 42532 47051 47056 47064 47074 47075 47076 47077 47078 47079 47080 47081 47082 47083
4598 3 3 34967 34978 34997 41291 41302 41310 43093 43122 43143 43144 43145 43146 43147 43148 43149 43150 43151 43152
4599 0 0 25522 26103 26112 31150 34921 34932 34941 43100 43134 43137 43161 43165 43174 43179 43180 43181 53404
4600 3 3 43085 43086 43087 43088 43089 43090 43091 43092 43093 43094 43095 43096 43097 43098 43099 43100 43101
4601 3 3 26105 26113 35677 35705 35708 43078 43152 43156 43164 43172 43180 43183 43248 47521 48562 48567 48577 48587 48588 48589 48590 48591
4602 3 3 17473 17484 17495 17502 25863 25958 25975 26009 26010 26011 26012 26013 26014 26015 26016 26017 26018 26019
4603 3 3 29750 29759 29769 29804 29831 33430 33453 33556 35637 35650 35654 35658 35660 35661 35662 35663 35664 35665 35666
4604 3 3 26016 26063 33513 33516 33557 34740 34752 35634 35641 35646 35647 35648 35649 35650
4605 3 3 17468 17476 21581 21591 24443 25968 26010 29749 29756 29757 29758 29759 29760 29761 29762
4606 0 0 16554 16555 16556 16557 16558 16559 16560 16561 16562 53405
4607 0 0 16572 16681 16698 16712 18055 18063 18092 18105 53406
4608 3 3 35263 35300 35306 40820 42436 42479 48350 48357 48388 48407 48414 48422 48427 48428 48429
4609 3 3 34398 34450 34453 40342 40810 40818 42410 42411 42412 42413 42414 42415 42416 42417 42418 42419 42420 42421 42422 42423 42424 42425
4610 3 3 40303 40344 40357 40372 40745 40807 40814 40815 40816 40817 40818 40819 40820 40821 40822 40823 40824
4611 3 3 34457 42420 42439 42480 48400 48410 48419 48420 48421 48422 48423 48424 48425
4612 3 3 31033 37558 45554 45649 45661 45697 45731 45741 45769 47784 47807 49988 50001 50009 50010 50011 50012
4613 3 3 50019 50020 50021 50022 50023 50024 50025 50026 50027 50028 50029 50030 50031 50032 50033 50034 50035
4614 3 3 31036 39357 45591 45692 45776 45847 45867 46360 46367 46385 46386 46387 46388 46389 46390 46391 46392
4615 3 3 37568 45704 45730 45744 45760 49977 49992 50002 50011 50020 50036 50044 50045 50046 50047
4616 3 3 23152 28441 40683 40714 42294 42329 42348 45278 45308 45309 45310 45311 45312 45313 45314 45315 45316 45317 45318
4617 3 3 10166 14603 16529 22654 25080 25090 31629 36070 40686 40706 40712 40718 42288 42298 42321 42339 42340 42341 42342 42343 42344 42345 42346 42347
4618 3 3 10164 23142 23149 23282 23372 25091 28444 40685 40715 42287 42291 42294 42295 42296 42297 42298 42299 42300 42301 42302
4619 3 3 40690 40705 40711 40717 40720 42342 45309 47110 47137 47221 47232 47233 47234 47235 47236
4620 0 0 34518 34519 34520 34521 34522 34523 34524 34525
4621 0 0 22108 22126 31080 31116 31121 31123 31124 31125 31126 31127 31128 31129 31130
4622 0 0 2884 2901 2919 6041 7552 7556 10890 10910 10942 13507 18208 18212 25980 25981 25982 25983 25984 25985 53407
4623 0 0 1375 1376 1377 1378 1379 1380 1381 1382 1383 53408
4624 0 0 1375 2900 3817 7516 7528 7543 7546 7550 7551 7552 7553 7554 53409
4625 0 0 2881 2882 2883 2884 2885 2886 2887 2888 2889 2890 2891 2892 2893 2894
4626 4 4 20312 27150 28361 28377 28563 28573 28574 28575 28576 28577 28578 28579 28580 28581 28582 28583 28584 28585
4627 4 4 17708 20264 26298 26315 28566 28586 28591 28592 28593 28594 28595 28596 28597
4628 0 0 5221 9744 15416 15503 15918 15929 15930 15931 15932 15933 53410
4629 0 0 9741 9746 9753 15927 15940 15944 15964 53411
4630 0 0 16127 16362 16376 24687 24701 24721 24764 24826 24857 24875 34125 34133 34146 34155 34162 34169 34179 34191 34192 34193 34194
4631 0 0 24711 24712 24713 24714 24715 24716 24717 24718 24719
4632 0 0 16346 16356 16364 16372 16380 24725 24727 24822 24830 34132 34141 34145 34146 34147 34148
4633 0 0 24754 24762 24772 24776 24781 24782 24783 24808 34124 34125 34126 34127 34128 34129 34130 34131
4634 0 0 2768 2788 2858 2866 2943 2947 5942 5952 5963 8640 8646 8690 10766 10772 10801 10802 10803
4635 0 0 2144 2630 2942 6067 8638 10750 10758 10765 10776 10780 10781 10782 10783 10784 10785 10786 10787 53412
4636 0 0 629 2136 2143 2783 2937 2938 2939 2940 2941 2942 2943 2944 53413
4637 0 0 10769 10779 10787 10791 10800 10803 10809 11018 11039 14931 14940 14968 14980 14986 17281 17296 17297 17298 17299 17300 17301
4638 4 4 8593 8612 11851 11856 14765 14784 14792 14796 14797 14798 14799 14800 14801 14802 14803 14804 14805 14806 14807
4639 4 4 6717 6722 8578 14752 14776 14782 14813 14847 14902 14904 14920 19459 19483 19503 19507 19518 19519
4640 4 4 3394 5903 6532 6561 6667 8576 8598 8607 11848 11859 14766 14783 14795 14806 14808 14809 14810 14811 14812 14813
4641 4 4 8615 8634 11842 14760 14775 14780 14791 14807 14818 19324 19337 19346 19352 19450 19477 19478 19479 19480 19481 19482 19483 19484 19485 19486 19487
4642 0 0 2629 2972 3045 6058 6059 6060 6061 6062 6063 6064 6065 6066 6067 6068 6069 6070 53414
4643 0 0 2840 2852 2863 2948 2958 2965 2974 3039 6072 10768 10770 10771 10772 10773 10774 10775 10776 10777 10778 10779 53415
4644 0 0 32338 32345 32346 32347 32348 32349 32350 32351 32352 32353
4645 0 0 31032 32336 32364 37491 37513 39107 39137 39363 45547 45559 45564 45569 45570 45571 45572 45573 45574 45575 45576 45577 45578 45579 45580 45581 45582
4646 4 4 20747 20754 20765 20782 28850 28857 28858 28859 28860 28861 28862 28863 28864 28865 28866
4647 4 4 19979 19997 20592 20594 20704 20711 20726 20731 20732 20733 20734 20735 20736 20737 20738
4648 4 4 12083 12098 19717 20718 20727 20736 20739 20757 23731 28834 28844 28848 28849 28850 28851 28852
4649 4 4 19812 20596 20690 20706 20712 20734 20749 20930 20932 28041 28865 28867 28871 28872 28873 28874 28875
4650 2 2 30372 30378 30385 31948 31956 38657 38671 38672 38673 38674 38675 38676 38677 38678 38679 38680
4651 2 2 33280 37918 38660 38686 38693 38705 38717 38734 38740 38747 51025 51052 51056 51060 51063
4652 3 3 4936 4943 7647 7658 7671 9194 9203 9211 9224 9226 13951 13963 15334 15338 15350 15351 15352 15353 15354 15355 15356
4653 3 3 3923 3934 4929 4937 7798 7818 7831 7846 7859 13916 13929 13930 13931 13932 13933 13934
4654 3 3 3917 5580 7650 7674 7858 13923 13933 13936 13962 15320 15336 15351 15379 15385 15387 15388 15389 15390 15391 15392
4655 3 3 1556 3933 4179 4190 4925 4926 4927 4928 4929 4930 4931 4932 4933 4934 4935 4936
4656 3 3 31384 31430 32623 33830 33874 33886 39682 39689 40066 40080 40081 40082 40083 40084 40085 40086 40087
4657 3 3 33836 33875 39680 39691 39720 41109 41110 41111 41112 41113 41114 41115 41116 41117 41118 41119 41120 41121
4658 3 3 1870 1910 1917 4112 4119 4125 4143 4153 4158 4159 4160 4161
4659 3 3 1936 2270 2280 4109 4155 4165 5239 6483 8057 8184 8194 8208 14207 14208 14209 14210 14211 14212
4660 3 3 4141 4150 4157 4161 4164 4171 5238 8038 8046 8055 8056 8057 8058 8059 8060 8061 8062 8063 8064
4661 3 3 1896 1905 1913 1919 1935 1942 2269 2279 3223 4036 4108 4109 4110 4111 4112 4113 4114 4115 4116 4117
4662 3 3 26925 26926 26927 26928 26929 26930 26931 26932 26933 26934 26935 26936 26937
4663 3 3 26247 26260 26262 26571 26595 26609 26610 26611 26612 26613 26614 26615 26616 26617 26618 26619 26620
4664 3 3 26257 26263 26469 26617 26649 26661 26812 26897 26929 26949 26962 26976 26977 26978
4665 3 3 18229 18236 25115 26584 26594 26609 26633 26654 26663 26926 26941 26952 26953 26954 26955 26956 26957 26958 26959 26960
4666 0 0 37970 38001 38124 38158 38184 38221 38299 46075 46085 46089 46090 46091 46092 46093 46094 46095 46096
4667 0 0 29221 29229 30179 30210 30255 32943 32945 37951 37976 38164 41612 41621 41640 46082 46097 46105 46107 46110 46491 46526 46541 46542 46543 46544 46545 46546 46547 46548
4668 0 0 37953 37961 37972 37977 37983 37985 37990 37997 38002 38003 38063 38165 38291 38302 41638 46081 46093 46103 46106 46110 46111 46112 46113
4669 0 0 38120 38163 46070 46074 46086 46096 46099 46493 46516 46525 46534 46541 46554 46559 46563 46564 46565 46566 46567 53416
4670 0 0 15645 16431 16441 16448 16454 16455 16456 16457 16458 16459 16460 53417
4671 0 0 1027 15644 15655 15657 15665 16423 16462 23307 23338 23343 23344 23345 23346 23347 53418
4672 0 0 1032 15647 15651 15657 15658 15659 15660 15661 53419
4673 0 0 15641 16418 16432 16458 16463 23309 23345 23360 24924 24939 24945 24946
4674 0 0 6580 11968 11971 17132 19296 19303 19304 19305 19306 19307
4675 0 0 271 6575 6592 6593 6594 6595 6596 6597 6598 6599 6600 6601 6602 6603 6604
4676 0 0 9512 15566 23516 23604 30340 30345 30346 30347 30348 30349 30350 53420
4677 0 0 15557 15572 15595 23520 23529 23620 30454 32090 32110 32125 32130 32141 32142 32143 32144 32145
4678 4 4 4803 8869 8894 8896 8907 8984 9115 9162 9163 9164 9165 9166 9167 9168 9169 9170
4679 4 4 5473 5523 8768 8850 9171 10252 10261 10269 10289 15139 15251 15261 15262 15263 15264 15265 15266 15267
4680 4 4 8798 8841 8906 9165 9171 9172 9173 9174 9175 9176 9177
4681 4 4 2438 4807 4819 5516 8770 8843 8900 8995 9093 9099 9108 9126 9167 15159 15177 15260 15267 15283 15291 15293 15294
4682 4 4 23918 23934 24873 25152 32329 34154 36251 36577 36578 36579 36580 36581 36582 36583 36584 36585 36586 36587 36588 36589 36590
4683 4 4 15690 23920 23924 23925 23926 23927 23928 23929 23930 23931 23932 23933
4684 0 0 5459 16891 25555 25561 25562 25563 25564 25565 53421 53422
4685 0 0 8273 16893 25575 25607 25620 35037 35039 43258 43275 43278 43282 43283 53423
4686 4 4 39830 42358 43985 44026 44027 44041 44042 44043 44044 44045 44046 44047 44048
4687 4 4 40033 43705 44019 46246 46255 46759 46774 46784 46789 46790 46791 46792 46793 46794 46795
4688 0 0 23611 32175 32182 32208 37908 40621 40637 40639 40640 40641 40642 40643 53424
4689 0 0 23595 23603 23725 29168 29198 32192 32196 32282 37670 37703 37933 40633 40647 40653 40660 40668 40672
4690 0 0 14094 14162 22010 36395 36408 36437 37571 37583 39049 39068 39081 39092 39094 39097 39098 39099 39100 39101 39102 39103
4691 0 0 30890 30902 38988 39004 39024 39032 39052 39059 39069 39076 39077 39078 39079
4692 0 0 30723 36401 36420 36429 39003 39023 39051 39065 39076 39082 39103 39144 39157 39171 39174 39175 39176
4693 0 0 14083 14167 30708 39021 39043 39061 39075 39085 39086 39087 39088 39089
4694 0 0 41626 41643 46108 46111 46543 50689 50712 50720 50722 50723 50724 50725
4695 0 0 38226 38297 38301 46058 46067 46076 46088 46090 46102 46545 46563 47654 50455 50694 50704 50714 50728 50740 50741 50742 50743
4696 3 3 41039 41062 41322 41366 42451 42458 43900 43910 43911 43912 43913 43914 43915 43916 43917 43918 43919 43920 43921
4697 3 3 41252 41274 41308 43831 43877 43902 43922 43923 43924 43925 43926 43927 43928 43929 43930 43931 43932 43933 43934 43935
4698 3 3 41306 43874 43889 43898 43917 43929 43955 43960 47393 47404 47405 47406 47407 47408 47409
4699 3 3 40048 40060 40072 41140 41144 41242 41261 41325 41370 43904 43919 43931 43936 43942 43943 43944 43945 43946 43947 43948
4700 0 0 36171 36548 42665 48295 49710 49722 49739 49740 49741 49742 49743 49744 49745 49746 49747
4701 0 0 47053 47122 49707 49719 49730 49736 49756 51603 51633 51634 51635 51636 51637 51638 51639 51640
4702 4 4 7427 12457 12470 13135 20120 20129 20170 29507 29520 29539 29540 29541
4703 4 4 7399 7431 20167 20196 20204 29481 29509 29523 29538 29543 29546 29547 29548 29549 29550 29551 29552 29553 29554
4704 4 4 29503 29504 29505 29506 29507 29508 29509 29510 29511 29512 29513 29514 29515 29516
4705 4 4 7418 7421 7422 7423 7424 7425 7426 7427 7428 7429 7430 7431 7432 7433 7434
4706 2 2 10712 10720 10971 10980 17575 22526 22544 22560 22580 22581 22582 22583 22584 22585 22586 22587 22588
4707 2 2 10717 10968 10973 11014 17739 17751 23387 23402 26211 26219 31598 31607 31612 31818 33752 33753 33754 33755 33756 33757 33758
4708 2 2 25120 26938 26954 26966 26991 27003 27021 27068 29701 34648 34677 34721 34730 34738 34746 34747 34748 34749
4709 2 2 26907 26992 29708 34644 34650 34689 34728 42202 42204 42205 42206 42207 42208
4710 2 2 26838 26905 26914 26919 26931 26947 26969 26981 26985 26986 26987 26988 26989 26990 26991 26992
4711 2 2 29709 33562 34667 34688 34712 34732 34748 34757 35645 35652 35667 38591 42170 42205 42209 42210 42211 42212 42213
4712 0 0 31377 31390 31397 31398 31399 31400 31401 31402 31403 53425
4713 0 0 40043 40059 41411 46681 46690 46701 50818 50830 50836 50837 50838 50839 50840 53426
4714 0 0 40056 41248 46685 46689 46690 46691 46692 53427
4715 0 0 39741 39744 40049 40073 40098 41343 41358 41408 41409 41410 41411 41412 41413 53428
4716 0 0 32655 36155 39135 45576 45778 46422 46436 46453 48709 48730 48770 48773 48774 48775 48776 48777 48778 48779 48780
4717 0 0 32641 32642 32643 32644 32645 32646 32647 32648 32649 32650 32651
4718 0 0 32274 40630 40666 40667 40670 53429
4719 0 0 23598 32241 32261 32266 32278 32285 40632 40654 40663 40669 40671 53430
4720 4 4 8344 8524 14589 14598 17635 20975 22920 22929 22944 22952 27878 35964 36870 36880 36894 36911 36912 36913 36914 36915
4721 4 4 8531 8541 14582 14596 22894 22931 22942 22966 31503 31522 31530 31537 31540 31541 31542 31543 31544
4722 4 4 14593 22890 22923 22925 22926 22927 22928 22929 22930 22931 22932 22933
4723 4 4 8339 8345 8522 8523 8524 8525 8526 8527 8528 8529 8530 8531 8532 8533 8534 8535 8536
4724 0 0 20898 21403 21413 21424 27911 27922 27926 27927 27928 27929 27930 27931 27932
4725 0 0 29644 29649 29656 29661 38429 38442 38443 38444 38445 38446 38447 38448
4726 0 0 21850 21851 21852 21853 21854 21855 21856 21857 21858 21859 21860 21861 21862 21863 21864 21865 21866
4727 0 0 13892 13893 13894 13895 13896 13897 13898 13899 13900 13901 13902
4728 0 0 24314 24322 24323 24324 24325 24326 24327 24328 24329
4729 0 0 33350 33357 33374 33382 33392 37421 37432 37434 37435 37436 37437
4730 0 0 115 497 528 529 530 531 532 533 534 535 536 537 53431
4731 0 0 574 585 592 1667 1762 4086 7932 7935 7936 7937 7938 7939 7940 7941
4732 0 0 33496 33507 33518 33540 33554 35648 35674 36381 36382 36383 36384 36385 36386
4733 0 0 25841 25872 26024 26070 33499 33514 33520 33524 33525 33526 33527
4734 0 0 12311 12377 12942 12947 12948 12949 12950 12951 12952 12953 53432
4735 0 0 9437 12930 12936 12937 12938 12939 12940 12941 53433
4736 0 0 1862 1881 1892 1901 1906 1914 1915 1916 1917 1918 1919 53434
4737 0 0 1900 1907 1937 1943 3220 3221 3222 3223 3224 53435
4738 3 3 7345 12009 12027 12840 14994 19552 19559 19567 20391 20428 20429 20430 20431 20432 20433 20434 20435 20436
4739 3 3 2687 6187 6200 6620 6756 7342 8677 10530 10755 11046 11048 14938 14961 14974 14977 14987 14988 14989 14990 14991
4740 0 0 8320 9605 9928 9943 9960 15042 17515 17526 31439 31449 31450 31451 31452 31453 31454 31455 31456 31457 31458 31459 31460 31461 31462 31463
4741 0 0 9582 9593 9600 9608 9933 9949 9950 9951 9952 9953 9954 9955 9956
4742 0 0 6024 6037 6045 10887 10888 10889 10890 10891 10892 10893 10894 10895 10896 53436
4743 0 0 6017 6021 17488 17497 18200 25838 25912 25933 25936 25938 25939 25940 25941 25942
4744 3 3 20324 21746 31935 31994 34000 34008 34009 34010 34011 34012 34013 34014 34015 34016 34017
4745 3 3 40545 40546 40547 40548 40549 40550 40551 40552 40553 40554 40555 40556 40557 40558
4746 3 3 31991 32005 33999 34015 37044 40556 40574 40613 40615 40617 40618 40619
4747 3 3 21745 21753 28518 31934 31999 33236 34008 40549 40565 40572 40577 40579 40580
4748 0 0 40693 44743 47060 47093 47097 47124 47135 49697 49799 49812 49824 51095 51100 51426 51608 51619 51636 51641 51646 51655
4749 0 0 34302 37198 40700 44741 45039 47111 47138 47226 47234 47240 47258 47276 47281 49693 49763 49783 49794 49796 49805 49806
4750 0 0 23881 24751 25024 34297 40691 40692 40693 40694 40695 40696 40697 40698 40699 40700 40701 40702 40703 40704 40705
4751 0 0 44746 47098 48262 49762 49775 49785 49795 49796 49797 49798 49799 49800 49801 49802 49803 49804
4752 0 0 7904 7910 7913 9183 13968 13981 30602 30604 30616 30619 30620 30621 53437
4753 0 0 33 114 498 528 4075 4078 4091 4092 4093 4094 53438
4754 0 0 4085 4090 4091 7940 7943 13975 13985 30583 30587 30600 30601 30602 30603 53439
4755 0 0 4077 4083 4094 7907 7911 7912 7913 53440 53441
4756 0 0 3214 6456 11533 11679 11691 11786 11787 11788 11789 11790 11791 11792 11793 53442
4757 0 0 3211 6460 11529 11537 11538 11539 11540 11541 11542 11543 11544 11545 11546 11547
4758 0 0 5454 5458 16183 16280 16304 16843 16866 16875 17508 24626 24628 24629 24630 24631 24632 24633 24634 24635 24636 24637 53443 53444
4759 0 0 5448 5455 10243 10244 10245 10246 53445 53446
4760 0 0 23976 25166 27177 27192 32493 32689 40908 44241 44246 44255 44329 44353 44361 44362 44363 44364 44365 44366
4761 0 0 23980 32496 41449 41454 41455 41456 41457 41458 41459 41460 53447
4762 0 0 23979 25165 27184 32493 32494 32495 32496 32497 32498 32499 32500 32501 53448
4763 0 0 23986 27196 41457 44236 44237 44238 44239 44240 44241 44242 53449
4764 4 4 2485 3022 4632 5363 5374 9535 9540 16497 16503 16504 16505 16506 16507 16508 16509
4765 4 4 3010 3017 5114 5123 5126 5369 5400 9532 9539 9550 9564 15675 23121 23169 23178 23192 23197 23213 23214 23215 23216 23217
4766 4 4 2494 2991 3029 5112 5125 5362 9530 9531 9532 9533 9534 9535 9536 9537 9538
4767 4 4 5305 5316 5371 9541 9551 23225 23825 31754 31785 31787 31796 31798
4768 0 0 602 612 1868 1875 1876 1877 1878 1879 1880 1881 1882 1883 1884 1885 1886 1887 1888 53450
4769 0 0 1859 7888 30633 30654 30657 30658 30659 30660 30661 30662 30663 53451
4770 3 3 1872 1879 4052 4053 4054 4055 4056 4057 4058
4771 0 0 604 1861 1880 1908 1914 2171 4048 7901 30639 30657 30664 30678 30679 30680 53452
4772 0 0 14467 14496 14501 14502 14503 14504 14505 14506 14507 53453
4773 0 0 5052 9423 9424 9425 9426 9427 9428 9429 9430 9431 9432 9433 53454
4774 0 0 6006 7537 10824 10829 10830 10831 10832 10833 10834 10835
4775 0 0 2594 3716 3807 5999 7519 7540 7544 7553 7560 7561 7562 53455
4776 0 0 3720 5999 6000 6001 6002 6003 6004 6005 6006 6007 6008 53456
4777 0 0 3671 3809 6167 7513 7525 7531 7532 7533 7534 7535 7536 7537 7538 7539 7540 7541
4778 0 0 14148 19028 27568 27578 27591 27609 27616 30724 30725 30726 30727 30728 30729 30730 53457
4779 0 0 22140 27761 30773 30805 30823 30825 30829 30830 30831 30832 30833 30834 53458
4780 3 3 2930 11085 11086 11087 11088 11089 11090 11091 11092 11093 11094 11095 11096 11097 11098
4781 3 3 17859 17863 17871 17907 17930 25241 26498 26521 26522 26523 26524 26525
4782 0 0 7024 7088 7093 12300 12321 12329 19884 19897 19914 19927 19928 19929 19930 19931 53459
4783 0 0 19852 19889 19904 19911 19946 28021 28027 28033 28045 28046 28047 28048 28049 53460
4784 0 0 2883 2897 2907 7518 7545 7554 7555 7556 7557 7558 7559
4785 0 0 3810 3820 3824 3828 7512 7524 7525 7526 7527 7528 7529 7530
4786 4 4 14196 19155 27503 27532 28662 37518 37532 37539 45538 45612 45620 45631 45654 45671 45672
4787 4 4 19134 19146 19171 21109 27507 27517 27536 28539 28663 28673 28674 28675 28676 28677
4788 0 0 387 1363 6344 7145 7175 7176 7177 53461 53462
4789 0 0 391 6347 7179 7190 11483 12477 13122 13139 13142 13143 13144 13145 13146 13147 13148
4790 3 3 15885 15938 15953 20669 20674 20959 20969 28951 28959 28984 28995 29002 29003 29004 29005 29006 29007 29008 29009
4791 3 3 2221 9729 12912 13765 15817 15867 15884 15895 15896 15897 15898 15899 15900 15901 15902 15903 15904 15905 15906 15907 15908
4792 3 3 27545 27554 27575 27582 30793 30818 37556 37557 37558 37559 37560 37561 37562 37563 37564 37565 37566 37567 37568
4793 3 3 45604 45605 45606 45607 45608 45609 45610 45611 45612 45613 45614 45615 45616 45617
4794 3 3 37567 45541 45556 45608 45635 45643 45644 45645 45646 45647 45648 45649 45650
4795 3 3 19005 19027 27490 27538 27549 27550 27551 27552 27553 27554 27555 27556 27557 27558 27559
4796 4 4 37038 40499 42505 42511 42523 47181 48256 49804 51068 51079 51080 51081 51082 51083 51084 51085 51086 51087
4797 4 4 51117 51118 51119 51120 51121 51122 51123 51124 51125 51126 51127
4798 4 4 50385 50391 50399 50402 50408 50413 50421 50429 50434 50435 50438 51664 51671 51672 51673 51674 51675 51676
4799 4 4 46053 50312 50318 50343 50348 50361 50370 50371 50372 50373 50374 50375
4800 0 0 14088 22042 22069 22088 22090 22091 53463 53464
4801 0 0 11609 11618 11619 11620 11621 11622 53465 53466
4802 4 4 4574 4610 8705 8724 8729 8737 8738 8739 8740 8741 8742 8743 8744 8745
4803 4 4 4566 4591 4618 4651 4679 4683 4689 4696 4707 8713 8723 8735 8930 9245 15138 15169 15181 15185 15188
4804 0 0 30053 30060 30082 30091 30092 30093 30094 30095 30096 30097 30098 30099
4805 0 0 21382 21392 28334 29663 29688 30050 30066 30072 30074 30075 30076 30077 30078
4806 0 0 7743 7744 7745 7746 7747 7748 7749 53467
4807 0 0 2281 4168 5240 7763 7771 7783 7789 7795 8179 9890 9897 9903 18828 18843 18850 18870 18877 18878 18879 53468
4808 0 0 5537 7744 7787 7788 7789 7790 7791 7792 53469
4809 0 0 2278 4170 7748 7752 7772 7780 7794 8179 8180 8181 8182 8183 8184 8185 8186 8187 8188 8189 8190
4810 0 0 4518 4545 4549 4718 14537 31509 40142 40173 40193 40197 40198 40199 40200 40201 40202 40203 40204
4811 0 0 8376 8383 14538 22447 22470 27860 27866 27888 27893 36917 40184 40215 40220 40224 40226 40228 40229
4812 0 0 4517 4548 4721 8354 8374 14536 27857 27869 40181 40202 40214 40222 40225 40226 53470
4813 0 0 8554 14539 22449 22455 31582 31585 31594 40174 40187 40200 40205 40206 40207 40208
4814 0 0 653 661 664 666 667 53471 53472
4815 0 0 651 665 2495 2496 2497 2498 2499 2500 53473 53474
4816 0 0 1475 1486 1492 3908 3940 7668 13726 13727 13728 13729 13730 53475
4817 0 0 1506 2343 2367 3909 3919 3943 3944 3945 3946 3947
4818 0 0 1507 2365 3911 3915 3944 7670 9410 13730 13862 15323 15327 15358 15370 15378 15384 15385 15386 53476
4819 0 0 1488 3907 3927 3938 3939 3940 3941 3942 53477
4820 4 4 14549 14633 19708 20620 20755 20767 23739 23750 25787 28780 28802 28803 28804 28805 28806 28807 28808 28809 28810 28811
4821 4 4 12865 15616 20614 20762 23669 23685 23686 23687 23688 23689 23690 23691 23692 23693 23694
4822 4 4 23672 23713 23721 23736 23748 28805 29120 29127 29179 29184 29185 29186
4823 4 4 19719 20617 20744 20755 20756 20757 20758 20759 20760 20761 20762 20763 20764 20765
4824 0 0 19323 19324 19325 19326 19327 19328 19329 19330 19331 19332 19333 19334 19335 19336
4825 0 0 8623 8637 12142 12161 12179 14769 14829 14872 14876 14877 14878 14879 14880 14881 14882 14883 14884
4826 0 0 14759 14777 14845 14888 14903 17263 19329 19339 19351 19463 19484 19502 19519 19529
4827 0 0 8628 12140 12162 12180 13599 14879 17209 17217 17238 17259 17266 17267 17268 17269 17270 17271 17272 17273
4828 4 4 40044 41412 46826 50821 50839 50842 50846 50849 50850 50851 50852
4829 4 4 42355 44045 46256 46711 46786 46792 46796 46797 46798 46799 46800 46801 46802 46803
4830 4 4 38087 46071 46510 46515 46516 46517 46518 46519 46520 46521 46522 46523 46524
4831 4 4 38224 46055 46056 46057 46058 46059 46060 46061 46062 46063 46064
4832 0 0 25880 25895 25908 26026 33501 33519 33525 33528 33529 33530 33531 33532 33533 33534 33535 33536 33537 33538
4833 0 0 25898 33541 36382 36392 37442 37458 37462 37463 37464 37465 37466 37467
4834 0 0 20772 28781 28809 37653 37663 37664 37665 37666
4835 0 0 20768 20851 28771 28775 28817 31656 37657 37690 37695 37707 37708 37709
4836 0 0 328 400 421 433 3514 3518 7030 12345 12351 12371 12372 12373 12374 12375 53478
4837 0 0 242 323 397 425 431 440 1370 3632 3642 3648 3649 3650 3651 3652 53479
4838 3 3 29745 33467 33479 36376 38316 38348 38354 38359 38360 38361 38362 38363 38364 38365 38366 38367 38368
4839 3 3 21333 21337 28635 33464 38353 38417 41823 41833 41838 41839 41840 41841 41842
4840 0 0 9676 9689 11827 13198 29349 29399 29403 29576 29597 29598 29599 53480
4841 0 0 2249 6491 9655 9673 9685 9706 9707 9708 9709 9710 9711 9712 9713 9714 9715 9716 9717 9718 53481
4842 0 0 3165 6287 6292 6305 6321 6333 6334 6335 6336 6337 6338 6339 53482
4843 4 4 3557 3558 3559 3560 3561 3562 3563 3564 3565 3566 3567 3568 3569 3570
4844 0 0 4181 4191 6470 6476 6477 6478 6479 6480 6481
4845 0 0 1549 1560 3965 4175 4192 6473 7979 9213 13980 13987 21808 21809 21810 21811 21812 21813 21814 21815 21816
4846 0 0 1681 3949 4255 4267 4284 4294 4300 4301 4302 4303 4304 53483
4847 0 0 3956 5108 8087 8139 9490 9496 9505 9519 12994 13009 13013 13016 13017 13018 13019 13020 53484
4848 0 0 36036 36037 36038 36039 36040 36041 36042 36043 36044 36045
4849 0 0 11121 17954 17995 17998 17999 18000 18001 18002 18003 18004 18005 18006 18007
4850 0 0 1008 1018 1022 1155 2668 2693 2706 2707 2708 2709 2710 2711 2712 2713 2714 2715 53485
4851 0 0 2638 2728 2729 3072 6105 10440 10457 10458 10459 10460 10461 10462 10463 53486
4852 0 0 998 2633 2634 2635 2636 2637 2638 53487
4853 4 4 2656 2677 2712 2735 3071 6190 6192 6633 6640 10456 10457 10469 10486 10524 10535 10541 10542 10543
4854 0 0 13971 13982 13986 13991 13992 21812 21912 30589 30601 30604 30605 30606 30607 30608 30609 30610
4855 0 0 4004 4010 4057 4063 4096 4134 7914 7926 13978 13997 14001 14004 14005 14006 14007
4856 0 0 4173 7916 7987 13974 13996 14006 14009 21809 21839 21894 21914 21918 21919 21920 21921 21922 21923
4857 0 0 598 609 4046 4099 7897 7905 7924 13966 13967 13968 13969 13970 13971 53488
4858 0 0 31628 31639 36069 36070 36071 36072 36073 36074 36075 36076 36077 36078 36079 36080 36081 36082 36083
4859 0 0 49331 49332 49333 49334 49335 49336 49337 49338 49339 49340
4860 0 0 22657 26207 28903 31622 31623 31624 31625 31626 31627 31628 31629 31630 31631 31632 31633 31634
4861 0 0 36083 36093 37362 37375 44142 44158 45080 45110 47910 49228 49240 49246 49247 49248 49249 49250 49251 49252
4862 3 3 19002 27542 27553 38085 38094 38095 38096 38097 38098 38099 38100 38101 38102 38103 38104 38105
4863 3 3 50439 50440 50441 50442 50443 50444 50445 50446 50447 50448
4864 3 3 38100 38112 38114 44579 45706 45717 46598 49995 50443 50462 50470 50471 50478 50479 50480 50481 50482 50483
4865 3 3 29419 38084 38085 38086 38087 38088 38089 38090 38091 38092 38093
4866 0 0 998 999 1000 1001 1002 1003 1004 1005 1006 1007 1008 53489
4867 0 0 2634 2732 10453 10461 10483 10493 10504 10526 10538 10539 53490
4868 0 0 12420 12443 12741 27956 27972 27994 28003 28009 28013 28053 28057 28058 28059 28060 28061
4869 0 0 12426 12434 28012 36933 53491
4870 0 0 12433 13248 28010 28058 28100 28105 36932 36933 36934 36935 36936 53492
4871 0 0 12420 12421 12422 12423 12424 12425 12426 12427 12428 12429 12430 12431 53493
4872 0 0 31000 31026 37627 39361 45594 45597 45830 45838 45851 45857 45865 45866 45867 45868 45869 45870
4873 0 0 32441 43440 45842 46397 46404 48705 48755 48757 48758 48759 48760 48761 48762 48763 48764 48765
4874 0 0 19831 19869 19971 19972 19973 19974 19975 19976 19977 19978 19979 19980
4875 0 0 19825 19865 19981 19992 28025 28029 28040 28074 28082 28085 28086 28087 28088 28089
4876 0 0 15897 15909 20963 20968 31673 31682 31690 31713 37875 37878 40260 40264 40278 40288 40292 40293 40294
4877 0 0 31659 31668 31679 31684 31716 37692 37696 37707 37710 37711 37712 37713
4878 0 0 51826 51832 51850 51861 51870 51884 51888 51889
4879 0 0 27428 33828 33838 33858 33863 33868 33889 39687 39708 41118 48201 48226 49896 49969 51333 51862 51878 51880 51890 51891 51892 51893
4880 0 0 24598 27361 27427 33801 33837 33862 33926 48200 48220 48227 51319 51334 51845 51854 51866 51881 51887 51891 51896 51898 51899
4881 0 0 41113 45409 49946 49947 49968 51339 51349 51355 51372 51381 51858 51869 51875 51876 51877 51878
4882 0 0 20593 20600 20606 20732 28825 28831 28869 28872 28878 28889 37722 37743 37751 37756 37759 37760 37761
4883 0 0 12308 19824 19833 19834 19835 19836 19837 19838 19839 19840 19841 19842
4884 0 0 7046 7071 19841 19877 19925 20000 20590 20731 28827 28830 28831 28832 28833 28834 28835 28836
4885 0 0 19819 19849 19908 19938 19953 19969 20589 20599 20601 28042 28873 28876 28877 28878 28879
4886 0 0 78 306 307 308 309 310 311 312 53494
4887 0 0 73 74 75 76 77 78 53495
4888 0 0 1822 4903 5223 7579 7962 9229 12778 12789 12802 13650 13829 21740 21750 21760 21761 21762 21763 21764 21765
4889 0 0 23420 23424 23431 31848 31853 31855 31856 31857 31858 31859
4890 0 0 12774 12775 12776 12777 12778 12779 12780 12781 12782 12783 12784 12785 12786 12787
4891 0 0 4899 4920 7582 7597 9228 9229 9230 9231 9232 9233 9234 9235 9236 9237 9238 9239 9240 9241
4892 0 0 22102 22117 25475 25546 31041 31054 31064 31078 31097 31110 31112 31113 31114 31115 31116 31117 53496
4893 0 0 14180 22116 31045 31052 31065 31069 53497
4894 0 0 1532 1948 1955 1956 1957 53498 53499
4895 0 0 1926 1938 1939 1940 1941 1942 1943 1944 1945 1946 1947 53500
4896 0 0 32645 39114 39133 45746 45764 48596 48607 48614 48648 48711 48727 48744 48768 48785 48786
4897 0 0 39124 39286 46272 47437 47458 47477 48602 48609 48617 48624 48625 48626 48627
4898 0 0 32646 43365 43373 46449 47419 47460 48600 48613 48615 48616 48617 48618 48619 48620 48621 48622 48623
4899 0 0 31305 31334 39117 39127 45736 45763 46269 46291 46297 48595 48604 48624 48630 48644 48647 48648 48649 48650 48651 48652 48653
4900 3 3 39185 39201 39211 46137 46185 46193 46303 48633 48651 48667 48672 48673 48674 48675 48676 48677 48678 48679 48680
4901 3 3 30896 46129 46168 46171 46191 46288 48024 48042 48056 48066 48639 48655 48669 48681 48691 50577 50595 50613 50623 50625 50626 50627
4902 3 3 46128 46156 48634 48646 48661 48668 48679 48681 48682 48683 48684 48685 48686 48687
4903 3 3 30907 30911 39152 39208 39213 46142 46165 46186 46191 46192 46193 46194 46195 46196
4904 4 4 13761 13772 13780 13792 13805 13812 29073 29096 29107 29108 29109 29110 29111 29112 29113
4905 4 4 23607 29090 29099 29100 29101 29102 29103 29104 29105 29106
4906 0 0 4481 4488 8520 10136 15636 16490 16498 16517 22485 31774 33793 33794 33795 33796 33797 33798 53501
4907 2 2 8509 8964 9861 10141 22340 22495 33770 33771 33772 33773 33774 33775 33776 33777 33778 33779 33780
4908 2 2 36168 48292 48299 48328 49726 49744 49753 49821 49830 50098 50106 50110 50125 50141 50142 50143 50144 50145 50146 50147 50148
4909 2 2 27327 28697 28709 36095 36109 36121 36130 36151 36176 36510 36541 36546 42656 42661 42662 42663 42664 42665 42666 42667 42668 42669
4910 2 2 28716 36128 36152 42652 42662 44753 48273 48285 48298 48299 48300 48301 48302 48303
4911 2 2 28710 36097 36120 36159 36166 36543 45792 50102 50112 50124 50137 50141 50149 50156 50157
4912 3 3 9922 9923 9924 9925 9926 9927 9928 9929 9930 9931 9932 9933 9934 9935 9936 9937 9938
4913 3 3 2514 2528 5410 8257 8282 9941 9958 10016 10031 10039 10041 10042 10043 10044 10045 10046 10047 10048 10049
4914 3 3 5413 5418 8258 8283 8304 8321 9594 9604 9934 9942 9956 9957 9958 9959 9960 9961 9962 9963
4915 3 3 9924 9945 9994 9999 10019 10030 10044 10053 10071 10072 10073 10074 10075 10076
4916 3 3 33532 33542 37445 37465 41893 41911 41929 41950 44375 45470 45494 45534 47740 49516 49540 49547 49581 49589 49590 49591
4917 3 3 25860 25875 33510 36385 41885 41898 41904 41905 41906 41907 41908 41909
4918 3 3 36386 36393 37456 37462 41904 41912 41928 41936 41944 41948 41949 41950 41951
4919 3 3 25879 33500 33512 33524 33528 41886 41899 41907 41910 47741 49519 49587 49591 49593 49594
4920 3 3 5427 10112 16412 16588 18298 18326 18344 18347 24909 24916 25225 25248 25266 25279 25285 25286 25287
4921 3 3 16587 18301 18308 25199 25269 25299 25317 25329 34576 34586 34596 34598 34607
4922 0 0 22301 22330 22338 22357 22376 22381 22393 22810 22830 31473 31474 31475 31476 31477 31478 31479 31480
4923 0 0 14480 14487 14489 14499 14509 14526 14534 22291 22302 22303 22304 22305 22306 22307 22308 22309
4924 0 0 22297 22304 22310 22321 22331 22370 22382 31473 31492 40147 40149 40150 40151 40152 40153 40154
4925 0 0 8956 9482 9858 14478 14482 14498 22302 22316 22343 22354 22368 22379 22388 22401 22405 22406 22407
4926 4 4 37137 45074 45103 45106 45136 45149 45156 45157 45158 45159 45160
4927 4 4 45022 45030 45036 45047 45068 45125 48310 48340 49760 49774 49780 49786 49787 49788 49789 49790 49791
4928 4 4 34321 37192 45073 45131 45144 45151 48276 48310 48311 48312 48313 48314 48315 48316 48317 48318 48319
4929 4 4 33194 37118 37142 45020 45023 45024 45025 45026 45027 45028 45029 45030
4930 0 0 11342 16566 16699 16708 16709 16710 16711 16712 16713 16714 16715 16716 53502
4931 0 0 16718 18361 18387 18392 18401 18403 18404 53503
4932 4 4 22921 22927 27891 31567 31572 31581 31590 36868 36881 36883 36913 40175 40186 40191 40207 40209 40210 40211
4933 4 4 11000 14724 14737 22277 22575 22881 22901 22914 31554 31557 31558 31559 31560 31561 31562 31563
4934 4 4 31556 31563 31568 31573 31577 31583 31588 31592 31595 40170 40185 40186 40187 40188 40189
4935 4 4 14732 17639 17668 22511 22887 22903 22912 22916 22917 22918 22919 22920 22921 22922 22923 22924
4936 0 0 22191 31167 31232 31245 31256 31279 31369 36761 39414 39432 39433 39434 39435 39436 39437 39438
4937 0 0 14376 31236 31266 31268 31269 31270 31271 31272 31273 53504
4938 0 0 31153 31235 31263 31272 31276 31280 39415 39437 39441 39672 46840 46857 50918 50930 50935 50938 50939 50940 50941 50942
4939 0 0 14375 14385 14402 14414 31229 31243 31244 31245 31246 31247 31248 31249 31250
4940 3 3 43007 43039 43052 43069 43091 43102 43111 43141 43187 43199 43200 43201 43202 43203 43204 43205
4941 3 3 35009 42801 42817 42839 42851 43192 43230 43237 43238 43239 43240 43241
4942 3 3 42541 42578 42619 42639 42826 42883 43006 43186 43204 43213 43220 43241 43244 43251 43253 43299 43309 43316 43321 43324 43325 43326 43327 43328
4943 3 3 34962 34985 34998 35000 42802 42838 43086 43107 43110 43120 43140 43143 43160 43190 43199 43212 43223 43224 43225 43226 43227 43228 43229 43230 43231
4944 3 3 7383 12079 12109 12974 13336 13343 19713 20698 20714 20715 20716 20717 20718 20719 20720 20721 20722 20723 20724
4945 3 3 12970 14576 20868 20909 20941 20948 20953 25764 25786 25793 25799 25805 25815 28880 33162 33186 35447 37780 37800 37820 37823 37833 37843 37844
4946 3 3 7376 12076 12108 12969 13339 14577 14632 19653 19709 20715 20745 20774 20800 25766 25783 25784 25785 25786 25787 25788 25789 25790 25791
4947 3 3 12976 20701 20721 20750 20873 20911 20933 20938 20939 20940 20941 20942
4948 4 4 42666 44750 48275 48291 48307 49682 49698 49746 49813 51609 51618 51626 51643 51655
4949 4 4 42698 42705 44747 44756 48305 48332 49684 49686 49687 49688 49689 49690
4950 0 0 10730 11926 11985 13294 17072 17167 17177 17181 17182 17183 17184 17185 17186
4951 0 0 13284 13296 17171 17190 17193 17202 17315 21221 21253 21279 21290 21291 21292 21293 21294 21295
4952 2 2 20847 20860 33079 33120 33131 33132 33133 33134 33135
4953 2 2 15404 20854 20956 28193 28887 28952 28986 29006 31664 33066 33085 33104 33136 33158 33166 33168 33171 33172 33173
4954 0 0 16177 16347 16361 16371 16374 23226 23238 24711 24720 24721 24722 24723 24724 24725 24726
4955 0 0 23107 23108 23109 23110 23111 23112 23113 23114 23115 23116 23117 23118 23119 23120 23121 23122 23123 23124 23125 23126 23127 23128 23129
4956 0 0 16353 16365 16384 23117 23194 23196 23197 23198 23199 23200 23201 23202 23203
4957 0 0 23211 23846 23853 24719 24738 24755 24771 24774 24777 24782
4958 4 4 28285 28328 29552 29559 29572 30142 30162 32805 32823 32828 32830 32831 32832 32833 32834
4959 4 4 23999 24008 24013 24019 32809 32824 32844 32845 32846 32847 32848 32849 32850
4960 0 0 2264 9659 9660 9661 9662 9663 9664 9665 9666 9667 9668 9669 9670 9671 9672 9673 9674 9675 9676 9677 9678 9679 53505
4961 3 3 1776 2260 6488 9680 9698 9703 12892 20008 36965 44918 44937 44943 44944 44947 44948
4962 3 3 9668 9697 12891 15988 20012 21204 24044 28111 28136 28148 36961 36962 36963 36964 36965 36966 36967 36968 36969
4963 0 0 1769 2255 6489 6494 9677 9680 9681 9682 9683 9684 53506
4964 0 0 25909 25910 25911 25912 25913 25914 25915 25916 25917 25918 25919 25920 25921 25922 53507
4965 3 3 17317 18198 25830 25831 25832 25833 25834 25835 25836 25837 25838 25839 25840
4966 0 0 22014 22031 27604 28693 37569 39102 39149 39232 39238 39245 39248 39249 39250 39251 39252
4967 0 0 21981 30917 39192 39226 39231 39241 39247 39260 45743 45752 45758 45772 45773 45774
4968 3 3 17578 18154 18188 18193 20417 24495 26227 33673 35794 35813 35823 35826 35827 35828 35829 35830 35831 35832
4969 3 3 16069 22630 26215 26918 31608 31646 35792 35814 35815 35816 35817 35818 35819 35820 35821
4970 3 3 26176 26231 31600 31604 31620 35795 35818 35829 35833 35834 35835 35836 35837 35838
4971 3 3 16066 17581 17592 18108 18194 24520 26915 35793 35812 35816 35822 35823 35824 35825
4972 0 0 517 550 1581 1588 1620 1664 1694 1700 1722 1739 1740 1751 1752 1753 1754 1755 53508
4973 0 0 1567 1584 1608 1686 1687 1688 1689 1690 1691 1692 53509
4974 0 0 1611 1634 1665 1682 1691 1693 1694 1695 1696 1697 1698 1699 53510
4975 0 0 549 1570 1576 1583 1584 1585 1586 1587 1588 1589 53511
4976 3 3 18586 42045 46025 46043 50304 50320 50326 50329 50330 50331 50332 50333 50334 50335
4977 3 3 38078 38083 46049 50306 50317 50328 50340 50341 50342 50343 50344 50345 50346 50347
4978 0 0 17662 17679 17685 19593 19687 26273 26283 35882 35896 35911 35912 35913 35914
4979 0 0 19695 22685 22702 22720 22734 22742 22743 22744 22745 22746 22747 22748 22749 22750
4980 0 0 13047 22682 27821 35875 35890 35898 35905 35908 35929 35950 35951 36862 36876 36887 36898 36899
4981 0 0 19590 19688 19694 22749 22752 22759 26276 26283 26284 26285 26286 26287
4982 0 0 5559 10300 10315 10326 10344 27333 27349 27367 27375 27376 27377
4983 0 0 5538 10297 10308 10319 10320 10321 10322 10323 53512
4984 0 0 5281 5299 7875 10298 10318 10321 10324 10325 10326 10327 10328 10329 53513
4985 0 0 5533 5550 5562 9921 10294 10305 10306 10307 10308 10309 10310
4986 0 0 1113 1125 1248 1400 3598 3766 3773 3780 3781 3782 3783 3784
4987 0 0 1118 1121 1246 1403 3574 3593 7246 7270 7277 7278 7279 7280 7281 7282 53514
4988 0 0 27189 44238 44247 44283 44307 44314 44333 44362 47567 47573 47581 48928 49422 49433 49439 49450 49460 49462 49471
4989 0 0 49414 49415 49416 49417 49418 49419
4990 0 0 17532 26087 35717 35724 35731 35737 35738 35739 53515
4991 0 0 35728 35733 35740 35755 35758 35759 53516 53517
4992 0 0 47480 47481 47482 47483 47484 47485 47486 47487 47488 53518
4993 0 0 43969 46695 46697 46698 46699 46700 53519
4994 0 0 2205 2209 4223 5210 9265 9303 9306 9314 9335 9336 9739 9742 9743 9744 9745 9746 9747 53520
4995 0 0 754 1673 2202 2208 2228 4201 4219 4238 5211 8112 9273 9300 9320 9325 9337 9339 9349 53521
4996 0 0 2199 2200 2201 2202 2203 2204 2205 53522
4997 0 0 2213 2225 5212 9262 9276 9296 9297 9298 9299 9300 9301 9302 9303 9304
4998 0 0 20013 28113 28147 28170 28182 28200 28205 28219 28225 28233 36962 36972 44914 44921 44925 44932 44933 44934 44935 44936 44937 44938 44939 44940 53523
4999 0 0 9701 44913 44924 44927 44928 44929 44930 44931 53524
5000 0 0 20146 20147 20148 20149 20150 20151 20152 20153 20154 20155 20156 20157
5001 0 0 7399 7400 7401 7402 7403 7404 7405 7406 7407 7408 7409 7410 53525
5002 0 0 26422 26423 26424 26425 26426 26427 26428 26429 26430 26431 26432 26433 26434
5003 0 0 3058 10547 11167 11172 11184 17095 17111 18022 18034 18036 18041 18042 18043 18044 18045 53526
5004 0 0 4247 4989 5008 5011 5012 5013 5014 5015 5016 5017 5018 5019 5020 5021
5005 0 0 5155 5164 5194 12878 15465 15998 24091 24163 24181 24187 24195 24196 24197
5006 3 3 6271 6391 6392 6393 6394 6395 6396 6397
5007 3 3 11376 11382 11387 11487 18457 18479 18486 18505 18517 18629 18634 18665 18674 18677 18678
5008 0 0 16058 17711 21331 21342 21347 24250 28630 29712 33206 38357 38411 38614 41745 49276 49298 49313 49317 49321 49322 49323 49324
5009 0 0 16052 20582 24253 24267 24508 24523 24527 24528 24529 24530 24531 24532 24533 24534 24535 24536 24537 24538
5010 0 0 7652 7677 7679 9204 15315 15319 15334 15335 15336 15337
5011 0 0 3975 4840 4849 4861 4877 7661 7666 7681 7702 9198 9207 13821 15303 15304 15305 15306 15307 15308 15309 15310 15311 15312 15313
5012 3 3 944 5777 5796 6189 10629 17159 20458 20473 20484 20493 20494 20495 20496 20497 20498 20499
5013 0 0 472 909 939 982 2639 2640 2641 2642 2643 2644 2645 2646 2647 2648 2649 2650 2651 2652 53527
5014 3 3 13358 20537 20547 20817 20826 20827 20828 20829 20830 20831 20832 20833 20834 20835 20836
5015 3 3 28735 28749 28761 28766 29732 29783 30008 33689 37634 37643 45877 45903 45905 45912 45920
5016 3 3 20531 20554 20559 20826 28727 28728 28729 28730 28731 28732 28733 28734 28735
5017 3 3 13359 20816 20832 21612 24263 29982 30011 37633 37642 37650 38546 42100 42114 42149 45885 45901 45907 45928 45945 45948
5018 0 0 14036 19123 21819 21853 21870 21886 21922 30492 30557 30575 30590 30592 30593 30594 30595 30596 30597 30598 30599
5019 0 0 14045 21863 30474 30486 30622 30642 30655 30672 30676 30686 30687 30688 30689
5020 3 3 43385 43430 43452 43457 46135 46148 46184 46203 48674 48696 48718 48756 49600 49629 49631 49636 49640 49641 49642 49643 49644
5021 3 3 43415 43425 46132 46149 46162 46210 49494 49628 49634 49639 50554 50573 50582 50584 50590 50592
5022 3 3 43397 43407 43451 44264 44273 44277 46146 46209 49463 49483 49599 49617 49626 49636 49637 49638 49639
5023 3 3 46125 46126 46127 46128 46129 46130 46131 46132 46133 46134 46135 46136 46137 46138 46139 46140 46141 46142 46143 46144 46145
5024 0 0 2619 2756 2830 2867 2922 8689 10805 11010 26338 26373 26386 26387 26388 26389 26390
5025 0 0 2836 2870 10774 10799 10806 17282 17296 26336 26362 26367 26377 26379 26380 26381 26382 26383 26384
5026 0 0 42910 42911 42912 42913 42914 42915 42916 42917 42918 42919 53528
5027 0 0 25474 25548 31043 31057 31069 31077 31098 31104 31105 31106 31107 31108 31109 31110 31111 53529
5028 0 0 31084 31102 31111 31122 34540 34847 41200 42896 42912 42922 42926 42931 42932 42933 42934 42935
5029 0 0 25476 25487 25544 25545 25546 25547 25548 25549 25550 53530
5030 0 0 18805 24685 24828 24840 34139 34145 34191 34211 34224 34232 34240 34250 34264 34271 34276 34282 34287 34292
5031 0 0 34178 34184 34190 34194 34197 34202 34208 34215 34217 34221 34227 34243 34245 34246 34247 34248
5032 0 0 13914 19168 19239 27666 27668 27679 27685 27693 27699 27703 27704 27705 27706 27707 27708 53531
5033 0 0 19257 21679 21702 27658 27662 27672 27688 27698 27720 36838 53532
5034 0 0 7647 7648 7649 7650 7651 7652 7653 7654 7655
5035 0 0 1480 1545 3969 3972 3973 3974 3975 3976 3977 3978 3979 3980 3981
5036 0 0 10097 11135 16213 16237 16243 16250 16251 16252 53533
5037 0 0 5330 5331 5332 5333 5334 5335 5336 5337 53534
5038 0 0 5330 10098 11125 11132 11133 11134 11135 11136 11137 11138 11139 53535
5039 0 0 5332 10095 10125 10131 10195 11136 16197 16209 16225 16236 16237 16238 16239 16240 16241 16242
5040 4 4 39833 39878 39895 39930 42354 42355 42356 42357 42358 42359 42360 42361 42362 42363 42364 42365 42366
5041 4 4 39933 46217 46807 46828 48078 48083 48097 48108 48112 48113 48114
5042 0 0 20350 20351 20352 20353 20354 20355 20356 20357 20358 20359
5043 0 0 31008 31020 32366 32367 32368 32369 32370 32371 32372 32373 32374
5044 3 3 2508 2517 4319 4328 8259 8279 9035 9046 10045 10063 14422 14424 14425 14426 14427 14428 14429 14430 14431 14432
5045 3 3 8281 9940 9957 10042 15009 15015 15043 25504 25586 31453 35175 35187 35197 35199 35200 35201 35202 35203 35204 35205 35206
5046 0 0 50118 50165 50184 50187 50197 51696 51703 51725 51738 51739
5047 0 0 42380 42391 45053 46656 48128 48150 50158 50170 50171 50172 50173 50174 50175 50176 50177
5048 3 3 1572 1582 1589 1596 1602 1609 1686 1698 1700 1701 1702 1703 1704 1705 1706 1707
5049 3 3 806 833 834 835 836 837 838 839 840 841 842 843 844 845 846 847 848 849
5050 3 3 839 1564 1590 1687 1705 1709 4196 4207 4208 4209 4210 4211 4212 4213 4214 4215
5051 3 3 799 800 801 802 803 804 805 806 807 808 809 810
5052 0 0 51274 51278 51283 51747 51802 51820 51935 51947 51966 51971 51972
5053 0 0 51290 51295 51303 51772 51792 51800 51811 51812 51813 51814 51815
5054 0 0 32478 32487 35574 35584 35596 36467 44639 44667 44674 44675 44676 44677 44678 44679 44680 44681 44682 53536
5055 0 0 32489 36453 36454 36455 36456 36457 36458 36459 36460 36461 36462 36463 36464 53537
5056 4 4 40238 40242 47829 47871 47883 47884 47885 47886 47887
5057 4 4 24497 24503 26232 26237 33654 33664 33673 33674 33675 33676 33677 33678 33679 33680
5058 4 4 26234 26241 31619 33676 33695 35803 35826 35833 40239 40240 40241 40242
5059 4 4 33686 40232 42085 42107 42115 44145 47826 47860 47864 47865 47866 47867 47868 47869 47870 47871 47872 47873
5060 0 0 11577 16017 16023 21140 21146 24368 29427 29428 29429 29430 29431 29432 29433 29434
5061 0 0 29211 37950 37960 37963 38000 38127 38134 38157 38166 46078 46089 46101 46103 46104 46105
5062 0 0 16025 24375 29428 29435 29436 29437 29438 29439 29440 29441 29442 29443 29444 29445
5063 0 0 21143 29212 29424 38121 38131 38132 38133 38134 38135 38136 53538
5064 0 0 3065 3127 5997 6145 10872 11204 11224 11232 11239 11256 11257 11258 11259 11260 11261 11262 11263 53539
5065 2 2 3070 11203 11269 11284 11295 18102 18221 18235 25117 26515 26540 26657 26937 26959 26963 26999 27001
5066 2 2 3059 3060 3061 3062 3063 3064 3065 3066 3067 3068 3069 3070
5067 2 2 11206 11260 18082 18098 18226 18231 18232 18233 18234 18235 18236 18237
5068 0 0 20351 30969 30985 31009 32373 32394 32401 32453 32454 32455 32456 32457 32458 32459 32460 32461 32462
5069 0 0 27143 28577 28601 30989 30990 30991 30992 30993 30994 30995 30996 30997 30998 30999 31000 31001
5070 0 0 26091 30949 39295 39296 39297 39298 39299 39300 39301 39302 39303 39304 39305 53540
5071 0 0 39971 39984 40020 40032 43492 43709 43716 43717 43718 43719 43720 43721 43722 43723 43724 43725
5072 4 4 33807 33811 33939 33967 33989 48161 48175 48176 48177 48178 48179 48180 48181
5073 4 4 18917 33972 33985 39600 42386 46665 48167 48186 48192 48206 48213 48214 48215 48216 48217
5074 4 4 23957 32502 32503 32504 32505 32506 32507 32508 32509 32510
5075 4 4 27169 27212 27216 32513 32523 32613 34653 34798 35551 35626 35630 40848 40875 40882 40886 40887 40888 40889 40890 40891 40892
5076 4 4 40842 40843 40844 40845 40846 40847 40848 40849 40850 40851 40852 40853 40854 40855 40856 40857
5077 4 4 27165 27219 32509 32518 32520 32521 32522 32523 32524 32525 32526
5078 0 0 16748 25359 25376 25382 25395 25404 32590 32599 34579 34588 34591 34605 34614 34615 34616 34617 34618 53541
5079 4 4 10177 16644 16754 25371 25384 25400 36640 44824 44842 44849 44854 44855 44856 44857 44858
5080 4 4 10191 16618 16629 16633 16746 16750 16751 16752 16753 16754 16755 16756 16757
5081 4 4 25362 25375 25408 25417 34617 34854 34858 36631 36636 36637 36638 36639
5082 0 0 7997 8012 13900 14049 14322 14344 18978 21902 30505 31174 31187 31188 31189 31190 31191 31192 31193 31194
5083 0 0 3995 4140 5242 7919 8002 8027 8033 8034 8035 8036 8037 8038 8039 8040 8041
5084 0 0 7994 8005 8008 8009 8010 8011 8012 8013 8014 8015 8016 8017 8018 8019 8020 8021
5085 0 0 8041 8054 8064 14051 14053 14054 14055 14056 14057 14058
5086 3 3 24691 24700 24710 24854 24862 24863 24864 24865 24866 24867 24868
5087 3 3 16132 16398 16658 24693 24856 34488 34497 36622 36647 36652 36723 36742 42607 42719 42731 42749 42756 42759 42760 42761 42762 42763 42764 42765
5088 3 3 25164 25424 32497 32677 32686 34504 34517 34814 34828 34839 34862 34865 34866 34867 34868 34869 34870 34871
5089 3 3 32547 32558 34506 34513 36216 36227 36665 36680 36701 36702 36703 36704 36705 36706 36707 36708 36709
5090 3 3 34503 34511 34845 34868 36627 36669 36707 36713 36731 40933 40949 40951 40954 40955 40957 40960 40961
5091 3 3 25167 32500 32560 32581 34508 34515 34838 34867 36679 36703 40906 41178 41195 41464 44248 44351 44359 44361 44367 44368 44369 44370 44371 44372 44373
5092 4 4 37535 45605 45624 45634 45639 45648 45664 45676 45722 46480 46503 47780 47806 51934 51954 51955 51965 51968 51969 51970
5093 4 4 27457 32865 32884 32923 32963 46484 46504 46550 46561 46570 47650 50696 50709 50739 50747 50754 50755 50756 50757 50758 50759 50760 50761
5094 4 4 24116 24120 32866 32885 32920 32960 32979 32991 33001 37534 45626 46501 47769 47808 50756 50764 51939 51960 51969 51973 51980 51983 51984 51985 51986
5095 4 4 38096 45682 46469 46478 46479 46480 46481 46482 46483 46484 46485 46486 46487 46488 46489
5096 4 4 16670 16794 23947 23951 25315 25340 32539 32569 32570 32571 32572 32573 32574 32575
5097 4 4 11802 15680 18251 18256 18273 18280 18281 18282 18283 18284 18285 18286 18287
5098 3 3 30967 31007 32372 32382 37481 45590 45733 46361 49987 50005 50014 50064 50069 50070 51752 51753 51754 51755 51756 51757 51758
5099 3 3 32375 33620 42058 45587 45599 45650 45665 45695 45725 45728 47747 47765 47779 47780 47781 47782 47783 47784 47785 47786 47787
5100 3 3 31005 31015 32369 32375 32376 32377 32378 32379 32380 32381 32382 32383
5101 3 3 45660 45723 45727 45728 45729 45730 45731 45732 45733 45734 45735
5102 4 4 7034 7035 7036 7037 7038 7039 7040 7041 7042 7043 7044 7045 7046 7047
5103 4 4 7023 7067 7082 7092 12291 12297 12298 12299 12300 12301 12302 12303 12304 12305 12306 12307 12308 12309
5104 3 3 32672 34100 34476 41170 41180 41210 41293 48877 48889 48895 48899 51161 51169 51184 51194 51196 51197 51198 51199
5105 3 3 36140 36514 36522 41471 41475 41486 44764 44780 44789 44800 44812 47394 47399 47400 47401 47402 47403
5106 3 3 32660 34092 34422 34442 34474 34893 36527 36565 41301 44793 45807 47312 47381 47391 47410 47414 51162 51170 51192 51196 51200
5107 3 3 41168 41184 41495 41504 43342 43361 44772 44786 44810 47400 47551 47556 47560 47584 48876 48925 51160 51171 51178 51188 51193 51194 51195
5108 0 0 8327 31441 31460 31470 35048 35086 35107 35108 35109 35110 35111 35112 35113 35114
5109 0 0 9587 17512 17513 17514 17515 17516 17517 17518 17519 17520 17521 17522 17523
5110 0 0 17744 22632 22640 26174 26213 26222 31606 31614 35796 35817 35834 35839 35840 35841 35842
5111 0 0 10978 26210 31596 31597 31598 31599 31600 31601 31602 31603
5112 4 4 3218 6461 11542 11625 11638 11646 11647 11648 11649 11650 11651 11652 11653 11654 11655 11656 11657
5113 4 4 6434 11505 11521 11534 11538 11599 11628 11641 11667 11674 11675 11676 11677 11678
5114 0 0 39865 39893 39900 39921 39941 50544 50869 50882 50883 50884 50885 50886 50887 50888
5115 0 0 46737 46743 46749 46754 50872 50889 50894 50895 50896 50897 50898 50899
5116 3 3 17243 20507 20514 20545 20557 21525 26146 26166 33657 33663 33671 35437 37776 37807 37826 37827 37828 37829 37830 37831
5117 3 3 33660 33665 33672 33680 33690 33698 40230 42077 42084 42106 47838 47862 47865 47881 47901 47903
5118 3 3 18164 20399 20512 20567 24493 26144 26165 26196 26226 26235 33654 33655 33656 33657 33658 33659 33660
5119 3 3 20552 20827 24257 28730 33667 33681 37636 37774 37809 37827 42076 42081 42090 42098 42104 42105 42106 42107 42108
5120 0 0 13124 13131 13141 13148 13152 21182 29463 29468 29478 29485 29503 29517 29518 29519
5121 0 0 7186 11482 12589 13098 13119 13126 13143 20061 21092 21180 21192 21193 21194 21195 21196 21197
5122 0 0 9558 15643 15652 15658 15664 15677 16422 16427 16428 16429 16430 16431 16432 16433 16434 16435 53542
5123 0 0 1029 15646 15653 16459 16461 16462 16463 16464 16465 16466 16467 16468 16469 16470 53543
5124 0 0 15649 15654 15659 16433 16456 16461 53544
5125 0 0 15642 16417 16418 16419 16420 16421 16422 16423 16424 16425 16426
5126 0 0 27167 27213 27214 27215 27216 27217 27218 27219
5127 0 0 32615 32733 32751 35624 42199 42223 42234 42238 42245 42249 42255 44172 44182 44194 44201 44206 44207 44208 44209 44210 44211
5128 0 0 27217 32514 32612 32735 35627 36185 40855 40869 40886 40915 40918 42197 44185 44189 44193 44197 44208 44213 49369 49382 49385 49392 49393
5129 0 0 27176 32527 32614 32732 33740 33742 35548 35618 35623 42222 42233 42234 42235
5130 0 0 32 111 497 498 499 500 501 502 503 504 505 53545
5131 0 0 29 108 532 538 736 2156 2163 3240 4074 4080 4089 7938 7957 9182 21933 30578 30581 30582 30583 30584 30585 30586
5132 0 0 110 499 534 538 539 540 541 542 543 544 545 546 547
5133 0 0 25 112 735 4070 4071 4072 4073 4074 4075 4076 4077 53546 53547
5134 0 0 25032 25033 25034 25035 25036 25037 25038 25039 25040 25041 25042
5135 0 0 16524 16525 16526 16527 16528 16529 16530 16531 16532
5136 0 0 1718 1719 1720 1721 1722 1723 1724 1725 1726
5137 0 0 535 554 558 579 583 590 1619 1659 1662 1663 1664 1665 1666 1667 1668 1669 1670 1671 53548
5138 0 0 13414 15735 15742 21530 21542 23987 23988 23989 23990 23991 23992 23993 23994 23995 23996 23997 23998 23999
5139 0 0 15691 15692 15693 15694 15695 15696 15697 15698 15699
5140 0 0 15699 23995 24007 28125 28222 30035 30146 30224 30246 32808 32820 32829 32836 32843 32844
5141 0 0 7447 20212 21537 21551 23989 24009 28243 32815 32841 32847 32853 32856 32860
5142 4 4 23683 23722 23747 28789 28804 29124 29134 29148 29172 29176 29177 29178 29179 29180 29181 29182 29183
5143 4 4 23593 23678 23698 23723 23756 32169 32185 32186 32187 32188 32189 32190 32191 32192 32193 32194
5144 4 4 23588 23674 23699 23714 23717 23718 23719 23720 23721 23722 23723 23724 23725
5145 4 4 20612 23682 23692 23751 23755 32188 37681 37705 45957 45977 45978 45990 45991
5146 3 3 6070 6078 6210 9613 10778 10786 10790 10797 11018 11019 11020 11021 11022 11023 11024 11025 11026 11027 11028 11029 11030 11031
5147 3 3 2960 2964 3040 6075 10771 10794 11056 11064 11079 16100 17780 17801 26329 26352 26363 26364 26365 26366 26367
5148 3 3 2976 3037 3044 6061 6071 6072 6073 6074 6075 6076 6077 6078
5149 3 3 9610 10795 11020 11247 14963 16095 17287 17293 17297 26335 26353 26360 26365 26377 26378
5150 3 3 36103 36116 36136 36139 36161 36513 36520 36539 40838 41476 41481 41482 41483 41484 41485 41486 41487
5151 3 3 27114 27115 27116 27117 27118 27119 27120 27121 27122 27123 27124 27125 27126 27127
5152 3 3 27126 27317 32695 32696 32697 32698 32699 32700 32701 32702 32703 32704 32705
5153 3 3 27116 28703 36106 36117 36129 36130 36131 36132 36133 36134 36135 36136
5154 3 3 40831 40837 41327 41392 41415 45384 45396 45420 45421 45422 45423 45424 45425 45426 45427 45428 45429 45430
5155 3 3 40045 41128 41136 41145 41165 41245 41324 41332 41357 41366 41367 41368 41369 41370 41371 41372 41373 41374 41375 41376
5156 3 3 41123 41157 41158 41159 41160 41161 41162 41163 41164 41165 41166
5157 3 3 41329 41334 41369 41386 41390 41396 41414 43915 43942 45397 45421 46222 46811 47421 47440 47441 47442 47443 47444 47445 47446 47447
5158 0 0 1976 1980 1981 1982 1983 1984 1985 1986 53549
5159 0 0 2434 2982 4587 4621 4628 4634 4642 4643 4644 4645 53550
5160 3 3 14197 14206 19152 27777 28550 28559 32356 37488 37506 37507 37508 37509 37510 37511 37512 37513 37514 37515 37516 37517
5161 3 3 14187 14199 22193 30753 30810 37485 37498 37499 37500 37501 37502 37503 37504 37505
5162 0 0 10235 10242 10246 16869 16879 16880 16881 16882 16883 16884 16885 16886
5163 0 0 900 10232 10236 17960 17968 17969 17970 17971 17972 17973 53551
5164 3 3 38228 46060 47659 50451 50730 50740 50746 51233 51250 51251 51270 51275 51276 51277 51278
5165 3 3 16003 16029 29438 37967 37994 38024 38039 38180 38223 38285 38286 38287 38288 38289 38290 38291 38292 38293 38294 38295 38296 38297 38298
5166 3 3 38296 47653 50711 50724 50742 51222 51231 51235 51249 51251 51252 51253 51254 51255
5167 3 3 38175 38179 38198 38213 38217 38218 38219 38220 38221 38222 38223 38224 38225 38226 38227 38228 38229 38230
5168 3 3 28466 28482 28508 31922 31931 40425 40435 40448 40478 40540 47167 47170 47188 47192 47197 47198
5169 3 3 15366 23477 31920 31930 33900 40429 40484 40487 40498 40541 47180 47191 47195 47199 47200
5170 0 0 204 4774 4796 8748 8757 8761 8847 10259 10273 15126 15146 15148 15151 15152 15153 15154
5171 0 0 4823 5470 5518 8721 8752 8755 8760 8765 8766 8767 8768 8769 8770 8771 8772
5172 3 3 27452 27494 27516 27526 29383 32922 37537 37542 37543 37544 37545 37546
5173 3 3 27441 27451 29376 32883 32913 32924 38267 41573 41617 46464 46476 46505 46551 46557 46568 46569 46570 46571
5174 3 3 27448 32921 37536 37542 37551 45641 45681 46465 46481 46501 46502 46503 46504 46505 46506
5175 3 3 27438 27450 27511 27527 29335 29355 29373 29374 29375 29376 29377 29378 29379 29380
5176 0 0 6252 18356 18365 18372 18377 18378 18379 18380 18381 18382 18383
5177 0 0 11350 16565 16709 16719 18358 18368 18373 18386 18389 18390 18391 18392 18393
5178 0 0 29189 32199 32211 32281 37937 40626 40635 40648 40656 40659 40660 40661
5179 0 0 23545 23550 23584 23656 32204 32210 32219 32224 32228 32229 32230 32231
5180 4 4 8369 15531 15592 22367 22422 22432 22437 22440 22441 22442 22443
5181 4 4 15534 22962 23540 23560 23646 23650 23654 23655 23656 23657 23658 23659 23660 23661 23662
5182 4 4 15525 15547 22358 22402 22419 22436 22802 22956 23643 23648 23649 23650 23651 23652 23653
5183 4 4 15519 15590 23526 23543 23666 32096 32111 32116 32141 32158 32165 32166 32167
5184 4 4 39414 39415 39416 39417 39418 39419 39420 39421 39422 39423 39424 39425 39426 39427 39428 39429 39430 39431
5185 4 4 27648 30459 36786 36793 36794 36795 36796 36797 36798 36799 36800 36801 36802
5186 4 4 30461 36799 38771 39416 39438 39444 39450 39468 39569 39575 39585 39700 39716 46839 46847 46855 46856 46857 46858
5187 4 4 27630 36798 36806 39430 39446 39481 39482 39483 39484 39485 39486 39487 39488 39489
5188 0 0 4240 5005 5012 8098 8110 8119 9268 9286 9304 9318 9326 9327 9328 9329 9330 9331 9332
5189 0 0 1710 1853 4212 4229 4233 4243 4244 4245 4246 4247 4248
5190 4 4 27638 27654 36791 36801 36803 36816 36817 36818 36819 36820 36821
5191 4 4 22139 27633 27651 27742 27757 27758 27759 27760 27761 27762 27763 27764 27765 27766 27767 27768 27769 27770 27771
5192 0 0 206 233 250 256 327 413 420 441 1198 1205 1211 1212 1213 1214 1215 1216 53552 53553
5193 0 0 230 241 242 243 244 245 246 247 248 53554 53555
5194 0 0 28737 29889 35357 43605 43612 43637 43643 43645 44054 44062 44071 44079 44080 44081 44082
5195 0 0 29876 29879 29880 29881 29882 29883 29884 29885 29886
5196 4 4 16340 16351 16381 23189 23199 23293 24793 24821 24832 24838 24978 34136 34138 34139 34140 34141 34142 34143 34144
5197 4 4 23276 23287 23290 24795 24927 24940 24953 24954 24955 24956 24957 24958 24959
5198 4 4 5347 16387 16438 16449 16454 23191 23286 23292 24898 24932 24941 24957 24962 24972 24975 24976 24977 24978 24979 24980
5199 4 4 23133 23266 23281 23285 23295 24735 24789 24792 24793 24794 24795 24796 24797 24798 24799
5200 0 0 36758 36765 36769 38773 39475 44886 44893 44898 44901 44904 44905 53556
5201 0 0 36802 36815 36821 36831 38763 38774 39427 39447 39468 39469 39470 39471 39472 39473 39474
5202 0 0 13065 21010 21030 21039 21052 21056 21057 21058 21059 21060 21061 21062 21063 21064 21065 21066 21067 21068
5203 0 0 18562 18659 20050 21040 21049 21069 21070 21071 21072 21073 21074 21075 21076 21077
5204 3 3 3687 5640 5661 5666 5667 5668 5669 5670 5671 5672 5673 5674 5675
5205 0 0 966 971 976 5637 5649 5650 5651 5652 5653 5654 5655 5656 5657 53557 53558
5206 3 3 31955 31961 31969 31980 31992 34011 37059 38721 38722 40545 40559 40560 40561 40562 40563 40564
5207 3 3 31983 32004 34013 37041 37062 40555 40576 40594 40614 40615 40616
5208 0 0 5009 5014 5156 9275 9331 15447 15459 15460 15461 15462 15463 15464 15465 15466 15467 15468 15469 15470 15471 15472
5209 0 0 5214 9272 9278 9297 9327 9340 9341 9342 9343 9344 9345 9346 9347 9348
5210 3 3 6700 6711 6712 6713 6714 6715 6716 6717
5211 3 3 6615 6641 6727 6755 7343 8678 8702 10408 14958 14991 14995 19474 19509 19557 19561 19566 19567
5212 0 0 22198 30740 30751 30752 30753 30754 30755 30756 30757 30758 30759 30760 30761 30762 30763 30764
5213 0 0 30765 30766 30767 30768 30769 30770 30771 30772 30773 30774 30775 30776
5214 0 0 27171 33746 35527 35547 35548 35549 35550 35551 35552 35553 35554 35555 35556 35557 35558
5215 0 0 33741 33751 35538 35542 35562 35587 35617 35622 42187 42225 42235 42237 42242 42243 42244 42245
5216 0 0 27173 27213 32533 32617 35540 35549 35619 35622 35623 35624 35625 35626 35627 35628 35629
5217 0 0 33371 33733 33747 35528 35546 35553 35559 35560 35561 35562 35563 35564 35565
5218 3 3 4846 13750 13818 15309 20321 21743 23467 23485 31954 31960 31984 31992 31993 31994 31995 31996 31997 31998 31999 32000 32001 32002 32003 32004 32005
5219 3 3 3990 4884 4890 7685 7699 7704 7705 7706 7707 7708
5220 3 3 7696 7703 7708 7715 13820 13827 15311 15324 15329 15360 23465 23484 30364 30380 31918 31951 31981 31982 31983 31984 31985 31986 31987 31988 31989 31990 31991
5221 3 3 2184 4843 4857 4863 4878 13738 13746 13747 13748 13749 13750 13751 13752 13753
5222 0 0 6285 6296 6334 11431 13077 20222 20231 20238 20244 20245 20246 53559
5223 0 0 18649 20065 20073 20080 20224 20233 20243 20247 20248 20249 20250 20251 20252 20253 20254
5224 0 0 1393 2887 2902 2913 2915 2916 2917 2918 2919 53560
5225 0 0 1380 1391 1397 2882 2896 2903 2904 2905 2906 2907 2908 2909 2910 2911 2912
5226 0 0 6927 6928 6929 6930 6931 6932 6933 6934 6935 6936 6937
5227 0 0 1180 3460 3479 3483 3484 3485 3486 3487 3488 3489 3490 3491 3492 3493
5228 0 0 3462 3492 6811 6839 6867 6923 6928 6943 6946 6947 6948 6949 6950 6951 6952 6953 6954 53561
5229 0 0 3484 3494 3495 3496 3497 3498 3499 3500 3501 3502
5230 0 0 10160 14603 14604 14605 14606 14607 14608 14609
5231 0 0 22650 23886 25017 25025 25075 28902 34300 40691 40707 40718 40719 40720
5232 0 0 1433 3859 5181 5192 13643 15769 15780 19108 24056 24061 24068 24069 24070 24071 24072
5233 0 0 7588 9240 13632 13633 13634 13635 13636 13637 13638 13639
5234 0 0 9232 12804 12820 13634 13656 15764 15767 19103 23422 23429 24053 24068 24076 31850 31856 31860 31861 31862 31863 31864 31865
5235 0 0 1418 1424 1440 1823 3854 3874 5177 7975 13640 13641 13642 13643 13644 13645 13646 13647 13648 13649
5236 0 0 3545 7035 7048 7049 7050 7051 7052 7053 7054 7055 7056 7057 53562 53563
5237 0 0 7050 7074 7087 36950 36955 53564 53565
5238 0 0 13641 15778 19052 19067 19068 19069 19070 19071 19072 19073 19074 19075 19076 19077
5239 0 0 522 818 1414 1445 2152 3241 3872 3885 7956 19059 19078 19090 19092 19098 19099 19100 19101 19102
5240 0 0 1420 1447 3866 3889 13640 15776 19057 19070 19084 19091 19092 19093 19094 19095 19096 19097
5241 0 0 3888 19082 19088 21689 21716 21717 21718 21719 21720 21721 53566
5242 0 0 45754 45768 46189 48678 48689 48704 48721 48725 48746 48747 48748 48749 48750 48751 48752 48753 48754 48755 48756
5243 0 0 46358 46366 46371 46384 46392 46400 46403 46406 50031 50066 50072 50081 50085 50086 50087
5244 0 0 39360 45841 46387 46394 48712 48733 48747 48760 48787 48788 48789 48790 48791
5245 0 0 37600 46183 46202 46379 48753 49642 49646 49679 50034 50042 50055 50090 50091
5246 3 3 2850 2953 5141 5142 5143 5144 5145 5146 5147 5148 5149 5150 5151
5247 3 3 16419 16465 16544 23305 23306 23307 23308 23309 23310 23311 23312 23313 23314 23315 23316 23317
5248 0 0 1030 2955 2970 5141 16464 16479 23306 23329 23333 23343 23355 23356 23357 23358 53567
5249 3 3 5151 16548 17742 17747 23320 23335 23348 23396 24950 24986 25036 25047 25052 25060 25064 25065
5250 0 0 24833 24842 24846 24899 34233 34259 34272 34277 34281 34282 34283 34284 53568
5251 0 0 24897 24903 24911 24922 24979 34228 34239 34252 34255 34265 34285 34291 34294
5252 0 0 3370 3381 6606 7002 11936 11979 11990 13291 17176 17189 21224 21256 21271 21286 21289 21293 53569
5253 0 0 267 11921 11945 11951 11966 11973 11980 13583 17070 17075 17134 17170 17180 17183 17187 17309 21278 21288 21292 21495 35343 35373 35376 35391 35403 35404 35405
5254 0 0 266 6573 6593 6607 11928 11940 11959 11970 11975 11976 11977 11978 11979 11980 11981 11982
5255 0 0 10733 11988 13279 13295 17169 17178 17184 17192 17193 17194 17195
5256 0 0 2141 2627 2628 2629 2630 2631 2632 53570
5257 0 0 5969 10446 10478 10492 10498 10499 10500 10501 10502 10503 10504 10505 10506 53571
5258 0 0 2627 5970 6065 10503 11036 11145 11147 11159 11168 11171 53572
5259 0 0 5974 5983 6194 10450 10487 10498 10514 10517 10518 10519 10520 10521 10522 10523
5260 3 3 6222 11091 11108 11314 17782 17927 26482 26510 26523 26526 26528 26529 26530 26531 26532 26533 26534
5261 3 3 6062 6074 6206 6207 6208 6209 6210 6211 6212 6213 6214 6215 6216 6217
5262 3 3 6060 6207 6219 6229 11086 11099 11105 11106 11107 11108 11109 11110 11111 11112 11113 11114 11115 11116
5263 3 3 6209 6223 9615 17781 17928 26528 26820 26839 26845 26853 26854 26855 26856 26857 26858
5264 0 0 10203 16599 16611 16747 25383 25390 25391 25392 25393 25394 25395 25396 53573
5265 0 0 34571 34572 34573 34574 34575 34576 34577 34578 34579 34580 34581 34582 34583 53574
5266 0 0 10957 14177 16823 22094 22107 22119 22121 22122 22123 22124 22125 22126 22127 22128 22129 22130
5267 0 0 10960 14169 14170 14171 14172 14173 14174 14175 14176 53575
5268 0 0 12203 12208 12427 12439 13258 19757 19765 19772 19776 21364 27901 27913 27924 27935 27939 27945 27946 27947 27948 53576
5269 0 0 12287 12435 12712 12739 12741 12742 12743 12744 12745 12746 12747 12748 12749 12750 12751 12752
5270 0 0 7010 12242 12267 12286 12432 12745 13219 13239 13240 13241 13242 13243 13244 13245 13246 13247 13248 13249 13250 53577
5271 0 0 12431 12444 12453 19761 19768 19780 21365 27940 27946 27949 27963 27964 27965 27966 27967 27968 27969 27970 27971
5272 0 0 35771 35788 49171 49183 49192 49194 49195 49196 53578
5273 0 0 26136 26139 35764 38947 39746 39768 46724 49182 49189 49199 49217 49219 53579
5274 0 0 35767 35774 38950 43995 49172 49184 49188 49197 49198 49199 53580
5275 0 0 26133 26138 26139 26140 26141 26142 26143 53581
5276 2 2 21637 29253 29606 29623 29897 38011 38021 38304 43688 46051 50386 50397 50407 50409 50410 50411 50412 50413
5277 2 2 21640 29610 29621 29902 29928 30089 30102 30125 30153 30173 30196 30230 30231 30232 30233 30234
5278 2 2 29603 29624 29896 29897 29898 29899 29900 29901 29902 29903 29904 29905
5279 2 2 21634 21635 21636 21637 21638 21639 21640 21641 21642 21643 21644 21645 21646
5280 0 0 789 867 2230 2231 2232 2233 2234 2235 53582
5281 0 0 765 766 767 768 769 770 771 772 773 774 775 53583
5282 0 0 767 790 866 2230 2236 2459 5022 5023 53584
5283 0 0 774 777 793 872 2240 2243 2451 2460 4554 4693 5063 5067 5068 5069 5070 5071 5072 5073
5284 4 4 6464 11545 11653 16032 24378 24379 24380 24381 24382 24383 24384 24385 24386 24387
5285 4 4 3211 3212 3213 3214 3215 3216 3217 3218 3219
5286 0 0 14075 31373 38951 38957 39042 46714 46715 46716 46717 46718 46719 46720 46721 46722 46723 53585
5287 0 0 14069 14070 14071 14072 14073 14074 14075 53586
5288 3 3 30020 30030 30040 30047 30057 30063 30093 30106 30107 30108 30109 30110 30111
5289 3 3 15405 15701 28189 30019 30025 30034 30042 32838 33084 33102 33128 33165 33167 33168 33169 33170
5290 0 0 15000 15018 15021 15022 15023 15024 15025 15026 15027 15028 15029
5291 0 0 15004 15034 15044 17006 17031 17038 22970 23056 25504 25505 25506 25507 25508 25509 25510 25511 25512 25513 25514 25515 25516
5292 0 0 6095 17852 17899 25227 25246 25272 25284 53587
5293 0 0 16409 17851 18339 18349 24919 25223 25243 25278 25279 25280 25281 53588
5294 3 3 45791 45803 45814 45820 45828 50121 50200 50214 50223 50239 50250 50796 50812 51310 51324 51327 51342 51359 51378 51382 51384 51385 51386 51387 51388 51389 51390
5295 3 3 42456 42464 49906 49930 49936 49939 49940 49941 49942 49943 49944 49945 49946
5296 3 3 42455 45451 45811 45817 48401 49909 49921 49926 49942 49958 49960 49974 50201 50211 50212 50213 50214 50215 50216 50217 50218
5297 3 3 41122 41162 42459 45414 45787 45816 49940 49951 49961 51336 51355 51356 51357 51358 51359 51360
5298 0 0 21539 21562 21566 28234 28246 28254 44915 44926 44931 44938 44941 53589
5299 3 3 21529 21546 23996 24005 28116 28209 28215 28220 28222 28223 28224 28225 28226 28227 28228 28229 28230 28231
5300 4 4 23128 23206 23249 23253 23254 23255 23256 23257 23258 23259 23260 23261 23262 23263
5301 4 4 28445 28453 31767 31783 32287 32298 38927 42330 42350 45282 45308 45319 45325 45326 45327 45328 45329
5302 4 4 23218 23240 23261 23819 23828 28440 28452 31778 32287 32288 32289 32290 32291 32292 32293 32294 32295
5303 4 4 23158 23253 23855 23863 23871 24748 28438 32296 40701 40713 45312 45329 47105 47129 47134 47144 47145 47146
5304 4 4 21993 22002 30869 30891 39030 39047 47984 48014 48019 48028 48030 48031 48032 48033
5305 0 0 30856 30857 30858 30859 30860 30861 30862 30863 53590
5306 0 0 740 741 742 743 744 745 746 747 53591
5307 4 4 2222 2229 5215 9344 15423 15429 15498 15821 15826 15864 15865 15866 15867 15868 15869 15870 15871 15872 15873 15874 15875
5308 4 4 756 760 1516 2220 2223 5203 7373 9727 13767 13778 13795 13815 15811 15816 15817 15818 15819 15820 15821 15822 15823 15824
5309 4 4 747 758 764 2206 2214 2226 5209 5210 5211 5212 5213 5214 5215 5216 5217 5218 5219 5220 5221
5310 0 0 5447 5456 10241 10245 16867 16877 16885 16887 17964 17972 17986 17989 24633 36018 36019 36020 36021 36022 36023
5311 0 0 892 893 894 895 896 897 898 53592
5312 4 4 10901 10951 12689 12694 12695 12696 12697 12698 12699 12700 12701 12702 12703 12704
5313 4 4 16048 24419 24428 24453 24454 24455 24456 24457 24458
5314 0 0 3556 7203 7453 7454 7455 7456 7457 7458 7459 7460 7461
5315 0 0 7198 7217 7466 12525 13372 13374 13393 13402 53593
5316 0 0 31347 35786 36770 36771 36772 36773 36774 36775 36776 36777 36778 36779 36780 36781 36782 53594
5317 0 0 39754 39793 39798 46726 46736 46741 46745 50878 50895 50901 50906 50911 50912 53595
5318 0 0 36776 39613 39634 39661 39759 39795 39804 39869 39922 39940 46121 50545 50873 50884 50892 50900 50901 50902 50903
5319 0 0 35779 36770 39751 39752 39753 39754 39755 39756 39757 53596
5320 0 0 12972 20723 20876 20912 20937 20940 20943 20953 20954
5321 0 0 7398 7574 13324 13332 13623 13624 13625 13626 13627 13628 13629 13630 13631
5322 0 0 8527 17632 20973 23708 26294 29116 35926 35932 35942 35953 35955 35956 35957 35958
5323 0 0 35873 35874 35875 35876 35877 35878 35879 35880 35881 35882 35883 35884 35885 35886 35887
5324 0 0 17637 17663 22918 22949 26275 26296 35913 35915 35925 35936 35955 35959 35965 36859 36874 36879 36880 36881 36882
5325 0 0 13051 19716 19744 23673 23715 23727 23737 23744 23749 28806 29115 29128 29184 35879 35891 35904 35931 35940 35951 35952 35953 35954
5326 3 3 15328 15359 23468 23478 23491 28483 31918 31919 31920 31921 31922 31923 31924 31925 31926
5327 3 3 31990 32001 33898 33978 33998 37035 40488 40497 42496 42515 47163 47178 47179 47180 47181 47182 47183 47184 47185 47186
5328 0 0 18210 18216 25984 25988 25993 26689 27040 27055 27060 27061 27062 27063 53597
5329 0 0 10896 25983 25994 26074 27026 27049 27073 27080 27106 27107 27108 27109 53598
5330 0 0 8651 8667 8695 10764 10802 10804 14937 14942 14954 14981 14982 14983 14984 14985 14986
5331 0 0 2786 2940 5965 8638 8639 8640 8641 8642 8643 8644 8645
5332 4 4 25380 25405 25416 32591 32595 34611 34616 34863 36628 36636 36732 40932 40935 40952 40956 40957 40958 40959
5333 4 4 23949 23955 25333 32545 32574 32588 32593 32609 36233 36740 40864 40867 40925 40934 40939 40940 40941 40942
5334 4 4 25334 25347 25406 32584 32585 32586 32587 32588 32589 32590 32591 32592
5335 4 4 32552 32563 32608 36219 36235 36673 36702 36712 36733 36747 36749 40928 40940 40946 40948 40949 40950
5336 0 0 3615 7109 9367 28179 28199 28203 44934 44946 44949 53599
5337 0 0 1455 1777 1789 3625 7106 7113 9748 28131 28144 28169 28178 28197 28217 28218 28219 53600
5338 0 0 3833 6876 6883 6884 6885 6886 6887 6888 6889 6890 53601
5339 0 0 3830 6877 10732 13277 13282 17196 21208 21235 21237 21238 21239 21240
5340 0 0 7041 7051 7069 7074 7075 7076 7077 53602
5341 0 0 7042 7064 7070 7081 7085 9436 12307 12316 12938 12944 28828 28833 28837 28840 28841 28842 28843 53603
5342 0 0 3546 5033 7040 7056 7061 7076 7079 9434 9435 9436 9437 9438 9439 53604
5343 0 0 7022 7045 7048 7068 7075 7078 7082 7083 7084 7085 7086 7087 7088 7089 53605 53606
5344 0 0 29442 37969 37996 37998 38159 38178 38220 38286 38299 38300 38301 38302 38303
5345 0 0 29217 29443 37949 37954 37955 37956 37957 37958 37959 37960 37961
5346 0 0 47925 47926 47927 47928 47929 47930 47931 47932 47933 47934 47935 47936 47937 47938
5347 0 0 20284 33766 37233 37246 42259 42260 42261 42262 42263 42264 42265 42266 42267
5348 0 0 8722 8728 8736 8745 8903 9112 15135 15161 15168 15176 15180 15182 15185
5349 0 0 205 730 4770 4795 8750 8758 8764 8766 8846 10248 10259 10260 10261 10262 10263 10264 10265
5350 0 0 120 199 613 698 703 725 2523 4704 8711 8762 15133 15154 15156 15160 15179 15180
5351 0 0 4828 8715 8772 8845 8898 9114 9169 15132 15142 15152 15158 15165 15167 15176 15177 15178
5352 0 0 24571 25431 33708 34631 34684 34697 34765 34772 34789 34791 34792 34793 34794 34795 34796
5353 0 0 25457 34703 34762 34769 34783 34785 34786 53607
5354 0 0 44205 44211 44215 44219 44222 44228 44231 44235 49370 49380 49388 49393 49394 49395
5355 0 0 18422 18433 18443 27135 36230 36252 40979 44163 44191 49373 49389 49403 49404 49405 49406 49407
5356 0 0 18412 18442 32542 36231 40868 40884 40917 44188 44204 44214 49368 49383 49385 49386 49387 49388 49389 49390 49391
5357 0 0 36269 36284 36288 36299 42709 44174 44206 44216 44224 44234 49371 49379 49394 49396 49397 49398 49399 49400
5358 0 0 10956 14174 14177 14178 14179 14180 14181 14182 14183 14184 53608
5359 0 0 22101 22102 22103 22104 22105 22106 22107 22108 22109 22110 22111 22112 22113
5360 0 0 3216 6457 11615 11647 11683 11789 14099 16035 24379 27288 27289 27290 27291 27292 27293 27294 53609
5361 0 0 14100 18700 18701 18702 18703 18704 18705 18706 18707 18708 18709 53610
5362 0 0 18700 27292 27296 32469 36451 39410 44588 44634 44716 44735 46650 49500 49529 49534 49541 49542 49543 49544 53611
5363 0 0 11611 11684 14096 14097 14098 14099 14100 14101 14102 14103 14104 14105 53612
5364 3 3 41897 41903 41909 41915 41920 41931 41943 41947 41951 41955 41962 42021 42028 44378 44411 44420 47670 47682 47701 47711 47720 47722 47723 47724
5365 3 3 41970 41991 41994 42017 42026 42030 42052 44423 47661 47677 47678 47679 47680 47681
5366 4 4 15509 23574 23583 28409 30332 32089 32101 32112 32127 32132 32133 32134 32135 32136 32137 32138 32139 32140
5367 4 4 8865 21784 30351 30352 30353 30354 30355 30356 30357 30358 30359 30360 30361 30362 30363
5368 4 4 30334 30344 30350 30363 30399 30406 30433 30444 30451 30457 32088 32108 32121 32127 32128 32129 32130 32131
5369 4 4 15508 28412 30361 32137 32150 32159 37320 37337 37344 37345 37346 37347
5370 0 0 2482 2983 2996 3014 3024 4585 4609 4622 4627 4628 4629 4630 4631 4632 4633
5371 0 0 1992 2472 2473 2474 2475 2476 2477 53613
5372 3 3 31173 31181 31182 31183 31184 31185 31186
5373 3 3 31202 31209 31212 31218 31220 36851 39500 39523 39524 39525 39526 39527 39528 39529 39530 39531
5374 4 4 18444 26305 26313 28610 42171 42175 42176 42177 42178 42179 42180
5375 4 4 17725 20262 26301 26311 26323 28567 28580 28588 28593 36283 36285 36286 36287 36288
5376 4 4 17722 18451 26303 26317 26322 29706 29798 29812 36268 36282 36285 42169 42179 44202 44217 44220 44223 44224 44225 44226 44227 44228
5377 4 4 26300 26316 28571 28591 28608 33387 37425 41768 41781 42230 42236 42252 42257 42258
5378 4 4 34633 34638 34646 34652 34663 34686 34727 42195 42206 42210 42214 42215 42216 42217 42218
5379 4 4 10205 10206 10207 10208 10209 10210 10211 10212 10213 10214 10215 10216
5380 0 0 7304 12664 12673 18472 18522 18534 18536 18537 18538 18539 53614
5381 0 0 1233 3584 6402 7308 17392 17446 18460 18482 18485 18486 18487 18488 18489 18490 18491 18492
5382 0 0 1228 1240 7304 7305 7306 7307 7308 7309 7310 7311 7312 7313 7314 7315 53615
5383 0 0 11383 18459 18478 18495 18496 18521 18529 18536 18546 18556 18631 18638 18675 18677 18679 18684 18685 53616
5384 0 0 14445 14450 14455 22207 22217 22218 22219 22220 22221 22222 22223 22224 22225 22226 53617
5385 0 0 9914 14453 22251 22267 22274 23082 24601 24602 24603 24604 24605 24606 24607 24608 24609 24610 53618
5386 3 3 23905 32320 40315 40319 40725 40743 40771 40779 40780 40781 40782 40783 40784 40785 40786 40787
5387 3 3 16160 24850 31743 35101 40322 40328 40334 40727 40747 40750 40751 40752 40753
5388 3 3 11806 15683 18281 18415 18423 18424 18425 18426 18427 18428 18429 18430 18431 18432 18433
5389 3 3 18417 23872 23919 24817 24874 27128 32330 34129 34149 34150 34151 34152 34153 34154 34155 34156 34157 34158 34159 34160 34161
5390 3 3 11810 14615 14623 18414 18426 23915 24815 24991 27136 34152 34170 34187 34195 34200 34205 34216 34217
5391 3 3 18416 18431 23921 23927 23935 27132 32333 34158 36197 36239 36251 36252 36253 36254 36255 36256 36257 36258 36259
5392 0 0 3507 3607 12086 12097 12292 12305 19853 19854 19855 19856 19857 19858 19859 19860 19861
5393 0 0 1193 3503 3601 7318 12294 28081 36925 36947 36952 36958 36959 53619
5394 4 4 28386 29919 29925 29986 29989 29990 29991 29992 29993 29994 29995 29996 29997 29998 29999 30000 30001 30002
5395 4 4 38313 38314 38315 38316 38317 38318 38319 38320 38321 38322 38323 38324 38325 38326 38327 38328 38329 38330 38331 38332
5396 4 4 29918 30000 38329 38343 38393 38426 38427 38428
5397 4 4 28391 29608 29996 38324 38388 38394 38399 38400 38401 38402 38403 38404 38405
5398 0 0 22208 22222 23077 23104 31411 33851 33881 41029 41069 41089 41090 41091 41092 41093 41094 41095 41096 41097 41098 53620
5399 0 0 31415 41025 41067 41077 41078 41079 41080 41081 41082 41083 41084 41085 41086 41087 41088 53621
5400 0 0 13903 13904 13905 13906 13907 13908 13909 13910 13911 13912 13913 13914 13915
5401 0 0 27656 27680 27695 27704 27718 27721 27722 27723 27724 53622
5402 3 3 17328 25842 26022 26038 26051 26055 26065 33521 33526 33537 34676 34700 34707 34719 34739 34740 34741 34742 34743 34744 34745
5403 3 3 25887 25902 26027 29805 33504 33523 33530 33546 33549 33559 33560 33561 33562 33563 33564 33565 33566
5404 3 3 26020 33560 34668 34704 34705 34706 34707 34708 34709 34710 34711 34712
5405 3 3 26025 26069 33498 33515 33516 33517 33518 33519 33520 33521 33522 33523
5406 0 0 12955 14553 14667 22660 28769 28787 28792 28793 28794 28795 28796 28797 28798 28799 28800 28801
5407 0 0 14544 14559 14568 14636 14674 28778 28786 28802 29133 29146 29154 29170 29171 29172 29173 29174 29175
5408 4 4 27157 27158 27159 27160 27161 27162 27163 27164 27165 27166 27167 27168 27169 27170 27171 27172 27173 27174 27175 27176
5409 4 4 28373 32427 32517 32529 32616 32722 32732 32733 32734 32735 32736 32737 32738 32739 32740 32741 32742 32743 32744 32745 32746
5410 4 4 27218 32507 32511 32512 32513 32514 32515 32516 32517 32518 32519
5411 4 4 27172 28378 32430 32530 32724 32737 32777 32791 33738 33742 33743 33744 33745 33746 33747 33748 33749 33750 33751
5412 3 3 14500 14507 14512 14519 14529 14535 22303 22348 22368 22369 22370 22371 22372 22373 22374 22375
5413 3 3 14463 14516 14521 31495 31512 31516 31517 31518 31519
5414 0 0 14464 14504 14511 14513 14514 14515 14516 14517 14518 14519 53623
5415 3 3 14525 22308 22312 22355 22374 22387 22808 31482 31489 31490 31491 31492 31493 31494 31495 31496 31497
5416 0 0 18142 20435 20448 20466 20485 25755 25756 25757 25758 25759 25760 25761
5417 0 0 2678 5800 6183 17158 20452 20463 20473 20474 20475 20476 20477 20478 20479 20480 20481 20482 20483
5418 0 0 4510 8519 8963 8979 22298 22323 22326 22327 22328 22329 22330 22331 22332 22333
5419 0 0 4708 8936 8945 8954 8955 8956 8957 8958 8959 8960 8961
5420 0 0 4711 8512 8937 8947 8955 8962 8963 8964 8965 8966 8967 8968 8969 53624
5421 0 0 14481 14488 14494 22294 22306 22315 22316 22317 22318 22319 22320
5422 0 0 41206 41286 41294 43146 48560 48575 48582 48887 48892 48893 48894 48895 48896 48897
5423 0 0 32668 41290 41300 41312 43876 43887 43888 43889 43890 43891 43892 43893 43894 43895 43896 43897
5424 3 3 11124 16154 16232 16288 16390 16654 17947 17948 17949 17950 17951 17952 17953 17954 17955 17956 17957 17958 17959
5425 3 3 24659 24668 24672 24677 25170 34111 34114 34120 36028 42546 42551 42565 42589 42590
5426 3 3 11120 16255 16272 16284 17950 18003 24651 24664 24673 24674 24675 24676 24677
5427 3 3 16646 16655 17952 24661 34116 42547 42558 42584 42589 42591 42592 42593 42594
5428 0 0 13210 13352 20828 21503 35431 35440 35445 35451 35452 35453
5429 0 0 13206 21407 21430 21431 21432 21433 21434 21435 21436 21437 21438 21439
5430 3 3 2471 9464 9469 9479 10137 16518 23781 23801 30701 33797 38880 38905 38913 38932 38933 38934 38935
5431 3 3 23759 23760 23761 23762 23763 23764 23765 23766 23767 23768 23769 23770 23771 23772 23773
5432 0 0 25762 25763 25764 25765 25766 25767 25768 25769 25770 25771 25772 25773 25774 25775
5433 0 0 25818 25822 35425 35439 35443 35449 35454 37777 37806 37819 37830 37832 37833 37834 37835
5434 4 4 9343 15822 15825 15833 15837 15856 15862 15871 15876 15877 15878 15879 15880 15881
5435 4 4 15813 15835 15842 15858 24288 24290 24291 24292 24293 24294 24295 24296 24297 24298 24299 24300 24301 24302 24303
5436 0 0 1499 1500 1501 1502 1503 1504 1505 1506 1507 1508 1509 1510 53625
5437 0 0 2286 2287 2288 2289 2290 2291 2292 2293 2294 2295 2296 2297 2298 53626
5438 0 0 44167 44175 49372 49384 49397 49401 49402 49403
5439 0 0 11367 16483 18432 27129 36260 36292 40982 42707 49377 49390 49400 49404 49409 49412 49413
5440 0 0 14092 14160 30711 36398 36412 36418 36432 36438 38996 39006 39049 39050 39051 39052 39053 39054 39055 39056
5441 0 0 39057 39058 39059 39060 39061 39062 39063 39064 39065 39066 39067 39068
5442 4 4 22290 22819 22862 22865 22899 31833 33763 40112 40118 40123 40132 40133 40134 40135 40136 40137 40138 40139
5443 4 4 22392 22416 22796 22832 31479 33774 33781 40101 40110 42265 42270 42316 45300 46920 47013 47041 47930 47943 47946 47956 47958 47959 47960
5444 4 4 31478 40104 40113 40116 40117 40118 40119 40120 40121 40122
5445 4 4 20276 22783 22785 22793 22815 22833 33767 40108 40138 42259 42272 47003 47934 47958 47963 47965 47970
5446 0 0 37402 39548 39553 39563 39589 39724 45357 45366 45377 45378 45379 45380 45381
5447 0 0 18973 27781 31179 31182 31197 31219 33963 39499 39521 39524 39545 39592 39594 39595 39596 39597 39598 39599 39600 39601 39602 39603 39604 39605
5448 0 0 39593 39605 39612 39727 45411 46667 46668 46669 46670 46671 46672 46673 46674
5449 0 0 22196 27779 30841 39498 39517 39520 39535 39546 39559 39562 39595 39606 45356 45363 45364 45365 45366 45367 45368 45369
5450 0 0 461 1232 1237 1241 1242 1243 1244 53627 53628
5451 0 0 460 1238 1386 1394 2891 2904 2914 2916 7305 10909 12672 17359 17384 17394 17433 17435 17436 17437 17438 53629
5452 0 0 25160 32562 32579 32690 34516 40853 40897 40900 40906 40907 40908 40909 40910 40911
5453 0 0 23956 32502 32511 32541 32556 36183 36200 36222 36236 40856 40876 40913 40916 40917 40918 40919 40920 40921
5454 0 0 32546 32557 32568 32575 32583 36218 36234 40842 40866 40872 40911 40921 40923 40927 40939 40945 40946 40947
5455 0 0 23962 27158 27179 27193 32505 32521 32535 32577 32691 36188 36203 40902 40907 40914 40922 44330 44340 44348 44351 44352 44353 44354
5456 4 4 16123 16124 16125 16126 16127 16128 16129 16130 16131 16132 16133 16134 16135 16136 16137 16138
5457 4 4 16174 16345 16348 16358 16365 16366 16367 16368 16369 16370 16371 16372
5458 0 0 5391 10149 16136 16152 16185 16337 16338 16339 16340 16341 16342 16343 16344 16345 16346 53630
5459 4 4 16138 16157 16170 16178 16360 16370 16373 16374 16375 16376 16377 16378 16379 16380
5460 0 0 3836 6884 12198 12211 12247 13215 13245 13257 13276 21209 21228 21238 21241 21242 21243 21244 21245 21246 21247
5461 0 0 3835 6875 6876 6877 6878 6879 6880 6881 6882
5462 0 0 27437 27510 29346 29356 37553 46460 46499 46529 46535 46538 46540 53631
5463 4 4 27458 27459 27460 27461 27462 27463 27464 27465 27466 27467 27468 27469
5464 4 4 27446 27454 27466 27492 27508 27525 27526 27527 27528 27529 27530 27531
5465 0 0 19263 27464 27480 27488 27515 29338 29344 29345 29346 53632
5466 4 4 20865 20884 20900 20902 20903 20904 20905 20906 20907 20908 20909 20910 20911 20912
5467 4 4 7572 13234 13623 20692 20866 20881 20913 20914 20915 20916 20917
5468 0 0 24400 24411 33590 33596 33603 33609 33615 36325 41974 41984 41998 42031 42035 42036 42037
5469 0 0 36350 36351 36361 38054 38069 41975 42020 42041 42047 42049 44412 44416 44417 44418 44419 44420 44421 44422 44423 44424 44425 44426 44427 44428
5470 0 0 41963 41964 41965 41966 41967 41968 41969 41970 41971 41972 41973 41974 41975 41976 41977 41978 41979 41980 41981
5471 0 0 24396 33600 36308 36318 36322 36341 36353 36361 36362 36363 36364 36365 36366
5472 0 0 3150 6282 11450 11466 11499 18558 18662 27236 27249 27255 27259 27265
5473 0 0 6351 6367 11408 11422 11503 11557 11562 18608 27235 27244 27247 27253 27258 27262 27263 27264 53633
5474 0 0 11496 11504 11564 18603 18611 18615 18636 18644 18651 24353 27238 27240 27257 27261 27264 27267 27269 27270 27271
5475 0 0 3146 6279 11411 11421 11432 27233 27246 27251 27254 27258 53634
5476 4 4 10532 14998 18132 18137 18141 20385 20413 20428 20439 20464 20486 25758 26641 26666 26717 26734 26739 26740 26741 26742 26743 26744 26745
5477 4 4 26753 26754 26755 26756 26757 26758 26759 26760 26761 26762 26763
5478 4 4 40731 40749 40803 42974 47339 47350 47361 47367 47371 47372 47373 47374 47375
5479 4 4 42975 48345 48416 48500 48517 48522 48533 49021 51436 51448 51461 51462 51464 51470 51471
5480 4 4 40728 40768 42961 42964 42973 42986 42997 47344 47358 47362 47373 48502 48515 48516 48517 48518 48519 48520
5481 4 4 40806 40823 42441 42976 47351 47371 48344 48358 48408 48413 48414 48415 48416 48417 48418
5482 2 2 5352 7722 7732 8360 8361 8362 8363 8364 8365 8366 8367 8368 8369
5483 2 2 22366 22414 22430 23788 28459 37248 37249 37250 37251 37252 37253 37254 37255 37256
5484 0 0 572 588 1763 7929 7930 7931 7932 7933 7934
5485 0 0 531 576 580 581 582 583 584 585 53635
5486 0 0 38196 38212 38225 38234 44582 46055 46066 46084 50444 50456 50474 50484 50485 50486
5487 0 0 38116 38236 39394 44546 44581 45708 46595 50445 50465 50468 50472 50482 50487 50488
5488 0 0 38202 38233 44508 44522 44542 44550 44568 44575 44576 44577 44578 44579 44580 44581 44582 44583 44584
5489 0 0 29421 38091 38138 46522 46536 50441 50454 50460 50467 50468 50469 50470
5490 4 4 1863 4050 7898 13970 13994 13999 21916 21924 30605 30620 30627 30643 30662 30678 30683 30692 38847 38856 38861 38867 38869
5491 4 4 21936 30491 30598 30624 30638 30656 30670 30675 30686 38843 38852 38858 38864 38865
5492 4 4 21917 21923 21926 30597 30609 30613 30625 30630 30695 38840 38849 38852 38853 38854 38855 38856
5493 0 0 30632 30633 30634 30635 30636 30637 30638 30639 30640 30641 30642 30643 30644 30645 30646 30647 30648 53636
5494 0 0 4947 4962 4967 4975 5027 7736 9250 9386 9388 9389 9390 9391 9392 9393 9394 9395 9396 9397
5495 0 0 4946 4955 4980 5029 5030 5031 5032 53637
5496 0 0 675 716 772 2191 2192 2193 2194 2195 2196 2197 2198 53638
5497 0 0 4944 4961 5032 9394 9398 9399 9400 9401 9402 53639
5498 4 4 14653 19387 19618 20788 20809 23505 23513 26149 26159 33649 33697 37779 37787 37792 37828 37837 37840 37841 37842
5499 4 4 10734 12044 19572 19603 19614 19616 19637 19645 19658 19670 20792 20796 20803 20804 20805 20806 20807
5500 0 0 27298 37610 39383 39406 44590 46583 46613 46628 46648 46649 46650 46651 46652
5501 0 0 39371 39378 44389 44533 46580 46614 46620 46634 46635 46636 46637 46638
5502 0 0 23968 27199 32480 32481 32482 32483 32484 32485 32486 32487 32488 32489 32490 32491 32492 53640
5503 4 4 32421 35566 35599 36462 36466 44639 44640 44641 44642 44643 44644 44645 44646 44647 44648 44649 44650
5504 3 3 18961 28524 33971 33990 40604 42388 42407 48141 48148 48152 48153 48154 48155 48156 48157 48158
5505 3 3 51688 51689 51690 51691 51692 51693 51694 51695 51696 51697 51698 51699 51700 51701 51702
5506 3 3 46657 50160 50171 50193 50198 50770 50809 51307 51345 51361 51699 51704 51719 51739 51740
5507 3 3 12824 27774 28555 37506 42401 42404 48156 51692 51706 51712 51715 51722 51723 51724
5508 0 0 1675 1805 1810 3900 4256 4265 4268 4283 4284 4285 4286 4287 4288 4289 53641
5509 0 0 1622 1641 1646 1797 1813 1832 1835 1836 1837 1838 1839 1840 1841 1842 53642
5510 3 3 8170 14138 14151 14192 19018 19189 19196 19197 19198 19199 19200 19201 19202 19203 19204
5511 3 3 19149 19191 19251 27468 27471 27500 27520 27532 27533 27534 27535 27536
5512 0 0 10998 17642 17653 17683 19421 19446 19584 19592 19633 19683 19685 19686 19687 19688 19689 19690
5513 0 0 14652 17693 19426 19435 19548 19571 19602 19605 19606 19607 19608 19609 19610 19611 19612 19613 19614
5514 3 3 17548 20624 22671 29068 32007 32055 32060 32078 33625 33637 33642 33643 33644
5515 3 3 17540 17553 20287 20288 20289 20290 20291 20292 20293 20294 20295 20296 20297 20298
5516 3 3 17564 20290 20622 20623 20624 20625 20626 20627 20628 20629 20630 20631 20632 20633 20634
5517 3 3 17541 17562 20291 22665 22670 22671 22672 22673 22674 22675 22676 22677 22678 22679 22680 22681
5518 0 0 5521 8749 8754 8769 8843 8844 8845 8846 8847 8848 8849 8850 8851 8852
5519 0 0 198 624 700 728 2519 4812 5469 8710 8751 8756 8759 8760 8761 8762 8763 8764
5520 0 0 32706 32743 32755 36248 40967 40992 40999 41007 41008
5521 0 0 32620 32742 32752 36246 44171 44178 44182 44183 44184 44185 44186
5522 0 0 12720 19782 19809 19829 19844 19902 19932 19948 19982 19994 20597 20689 20710 20752 20927 28001 28023 28035 28039 28040 28041 28042 28043 28044
5523 0 0 12309 19837 19876 19896 19909 19919 19920 19921 19922 19923 19924 19925 19926
5524 0 0 19821 19822 19823 19824 19825 19826 19827 19828 19829 19830 19831 19832
5525 0 0 19845 19892 19901 19902 19903 19904 19905 19906 19907 19908 19909 19910
5526 0 0 3249 3287 3299 3303 3327 3445 6500 6514 6519 6813 6819 8588 11855 11866 11875 11878 11879 11880 11881 11882
5527 0 0 6764 6765 6766 6767 6768 6769 6770 6771 6772 6773 6774 6775 6776 53643
5528 0 0 1096 1104 2086 2098 3290 3319 3431 3443 3444 6509 6518 6519 6520 6521 6522 6523 6524 6525 6526 6527
5529 0 0 6501 6776 6816 6818 6841 6861 8587 8588 8589 8590 8591 8592 8593 8594 8595 8596
5530 0 0 20364 28721 32341 32351 42396 45574 46409 46421 46427 46428 46429 46430 46431 46432 46433
5531 0 0 32643 32653 39110 39138 45571 46419 46435 46457 48774 48796 51702 51733 51736 51743
5532 0 0 24332 32420 33342 33364 33739 35532 35561 35575 35583 35595 35596 35597 35598 35599 35600 35601
5533 0 0 24316 24323 33345 33346 33347 33348 33349 33350
5534 0 0 24326 24333 32415 32431 33351 33361 33379 33385 33732 33733 33734 33735 33736 33737 33738 33739 33740 33741
5535 0 0 24310 24335 33311 33327 33339 37417 44613 44621 44625 44626 44627 44628 44629 44630 44631
5536 0 0 22207 22208 22209 22210 22211 22212 22213 22214 22215 22216 53644
5537 3 3 9152 9908 14436 16935 22225 22236 22244 22250 22257 22271 23026 23032 23039 23063 23064 23065 23066 23067 23068 23069 23070 23071
5538 3 3 14441 22213 22231 22238 22241 22242 22243 22244 22245 22246 22247
5539 3 3 22212 22224 22237 22252 22268 23064 23072 23073 23074 23075 23076 23077 23078 23079 23080 23081 23082 23083 23084 23085
5540 4 4 8629 12164 14710 17268 17276 19342 19360 19367 19495 19578 19622 19629 19639 19646 19655 19656 19657 19658 19659
5541 4 4 10739 12044 12045 12046 12047 12048 12049 12050 12051 12052 12053
5542 3 3 15697 24000 30159 30183 30198 32803 32818 32819 32820 32821 32822 32823 32824
5543 3 3 30037 30051 30073 30078 30094 30106 30112 30138 30139 30140 30141 30142 30143 30144 30145 30146 30147 30148 30149 30150
5544 0 0 109 503 540 734 2151 2158 2161 2162 2163 2164 2165 2166 53645
5545 0 0 25 26 27 28 29 30 31 32 33 53646
5546 0 0 207 221 227 237 248 414 437 1212 1217 1218 1219 1220 1221 53647 53648
5547 0 0 231 243 249 250 251 53649 53650
5548 0 0 29591 32926 32927 32928 32929 32930 32931 32932 32933 32934 32935 53651
5549 0 0 29594 32938 32949 38161 46098 46462 46495 46498 46525 46526 46527 46528 46529 46530 53652
5550 0 0 15918 15919 15920 15921 15922 15923 15924 15925 15926 15927 15928 53653
5551 0 0 3627 3633 9361 9372 9733 9734 9735 9736 9737 9738 9739 9740 9741 53654
5552 4 4 14108 22015 22016 22017 22018 22019 22020 22021 22022 22023
5553 0 0 14109 14116 14117 14118 14119 14120 14121 14122 14123 14124 53655
5554 4 4 5708 5738 5986 5994 6138 6150 10812 10840 10841 10842 10843 10844 10845 10846 10847 10848 10849
5555 4 4 3669 3692 3718 3808 6007 6134 6162 7539 7561 10815 10818 10823 10836 10837 10838 10839
5556 4 4 19172 20374 21108 24122 27523 28532 28542 28675 28678 28679 28680 28681 28682 28683 28684
5557 4 4 24054 24077 24099 24117 31862 32878 32887 32907 32911 32925 32962 32967 32976 32977 32978 32979 32980
5558 4 4 15795 20380 24051 24098 24113 24123 28529 31864 32964 32974 32976 32981 32982 32983 32984 32985 32986 32987
5559 4 4 20378 21112 21131 24097 24115 24119 27447 27502 27531 28681 29370 29379 29382 32881 32910 32912 32919 32920 32921 32922 32923 32924 32925
5560 0 0 21435 21441 21462 21509 21514 21522 25770 25797 25803 25808 25809 25816 25821 35432 35441 35448 35454
5561 0 0 13207 13354 20534 21408 21418 21434 21460 21470 21486 21494 21503 21504 21505 21506 21507 21508
5562 0 0 20352 30979 32460 37468 37469 37470 37471 37472 37473 37474 37475 37476
5563 0 0 30977 32403 37414 39330 39331 39332 39333 39334 39335 39336 39337 39338 39339
5564 0 0 20353 30976 32398 32405 32453 37413 37431 37468 39331 41856 44606 45456 45476 45479 45480 45481
5565 0 0 30974 30988 39350 46357 46364 50004 50005 50006 50007 50008
5566 0 0 6581 6582 6583 6584 6585 6586 6587 6588 6589 6590 6591
5567 0 0 6578 6597 6608 19297 19304 19308 19309 19310 19311
5568 0 0 3375 3378 6599 6611 6891 6937 6964 6973 6976 6988 6993 6996 6997 6998 6999 7000 7001 7002 7003
5569 0 0 265 6572 11927 11958 11965 11969 11970 11971 11972 11973 11974
5570 0 0 3385 6577 6584 6613 6968 7000 11961 11977 11992 14863 14914 14916 19302 19309 19312 19319 53656
5571 0 0 274 6595 6610 6996 11975 13597 17188 17233 21220 21273 21281 21287 21288 21289 21290
5572 0 0 1038 1062 1071 2872 5688 5706 5718 5750 5752 5753 53657 53658
5573 0 0 1064 1065 3054 3091 5713 5725 5744 5754 5758 5762 5763 5764 5765 5766 5767 5768 5769 5770 53659
5574 0 0 1033 1058 1059 1060 1061 1062 1063 1064 53660
5575 0 0 1067 5693 5705 5743 5744 5745 5746 5747 5748 5749 5750 5751
5576 0 0 23615 29099 32102 32122 32183 32203 32217 37909 40620 40634 40635 40636 40637 40638
5577 0 0 23517 23605 23638 30345 32118 32226 32273 40628 40644 40658 40665 40667 53661
5578 3 3 32651 32658 36157 40834 45427 45793 46417 46454 47422 48619 48771 48773 50136 50786 50800 50803 51695 51720 51726 51732 51735 51736 51737
5579 3 3 50120 50140 50164 50182 50813 51341 51364 51375 51697 51710 51717 51729 51738 51740 51741
5580 3 3 28723 36158 45794 46420 50097 50114 50127 50132 50133 50134 50135 50136 50137 50138 50139 50140
5581 3 3 50773 50782 50790 50795 50801 50804 50816 51340 51363 51374 51691 51707 51713 51716 51717 51718 51719 51720 51721
5582 0 0 17699 17717 17718 17719 17720 17721 17722 17723 17724 17725
5583 0 0 17714 20637 20644 24504 24505 24506 24507 24508 24509 24510 24511
5584 0 0 17697 17712 17720 20266 20635 20647 28629 33210 36276 49274 49291 49295 49317 49318 49319
5585 0 0 17701 17705 17717 18454 20263 20642 24507 26307 26312 26319 26320 26321 26322 26323 26324 26325
5586 3 3 9051 9144 9151 10365 10368 10369 10370 10371 10372 10373 10374 10375 10376 10377
5587 3 3 2337 2350 3918 4023 5576 5577 5578 5579 5580 5581 5582 5583 5584 5585 5586 5587 5588 5589 5590
5588 4 4 7376 7377 7378 7379 7380 7381 7382 7383
5589 4 4 3606 7325 7331 12057 12074 12079 12080 12081 12082 12083 12084 12085 12086 12087 12088 12089 12090 12091
5590 3 3 6583 10396 11905 11909 11910 11911 11912 11913 11914 11915 11916
5591 3 3 2652 2669 2681 2692 5784 5802 5805 10436 11895 17146 17158 17159 17160 17161 17162 17163 17164 17165
5592 3 3 2655 2686 6635 7349 7360 10395 10410 11913 14860 17143 17150 17163 20454 20462 20471 20482 20490 20491 20492
5593 0 0 2641 2662 3362 5807 6660 10437 11893 11894 11895 11896 11897 11898 11899 11900 11901 11902 53662
5594 3 3 4820 9019 9070 9089 9101 9109 10088 15061 15068 15078 15083 15084 15085 15086 15087 15088 15089 15090 15091 15092 15093 15094 15095
5595 3 3 9010 9021 9028 9256 15074 15108 15120 16953 16967 16975 23810 23821 23830 25678 31883 31884 31885 31886 31887 31888 31889 31890 31891
5596 3 3 8740 9000 9011 9012 9013 9014 9015 9016 9017 9018 9019 9020 9021
5597 3 3 9073 15066 15089 15112 16954 16970 16971 16972 16973 16974 16975 16976 16977 16978
5598 3 3 8209 11837 14211 14225 14232 14240 14279 14281 14282 14283 14284 14285 14286 14287 14288 14289 14290 14291 14292 14293 14294
5599 3 3 8045 8062 14055 14207 14224 14247 14321 14335 14338 14339 14340 14341 14342
5600 4 4 46947 46953 46959 46965 46972 49846 49856 49874 50976 51014 51029 51039 51040 51041 51042 51043
5601 4 4 15878 24145 24151 24205 24276 24281 24282 24283 24284 24285 24286 24287 24288 24289
5602 4 4 24280 24289 24303 24308 33283 40246 40269 40279 40289 51012 51030 51031 51032 51033 51034 51035 51036 51037
5603 4 4 24147 24156 24166 24179 24200 24201 24202 24203 24204 24205
5604 0 0 24476 24485 32370 32379 33408 33618 41792 42053 42054 42055 42056 42057 42058 42059 42060
5605 0 0 24473 30994 31003 31015 31016 31017 31018 31019 31020 31021 31022 31023 31024 31025 31026 31027
5606 3 3 30754 30788 30811 31028 37486 37498 37522 37563 39104 39131 45542 45550 45552 45553 45554 45555 45556 45557 45558 45559 45560 45561 45562 45563
5607 3 3 28660 37496 37511 37524 37530 45536 45548 45618 45630 45672 47749 47793 47794 47795 47796 47797
5608 3 3 32357 37490 37515 37526 45539 45545 45546 45547 45548 45549 45550 45551
5609 3 3 30794 30812 37504 37521 37562 45537 45552 45606 45619 45628 45629 45630 45631 45632 45633 45634 45635
5610 0 0 7589 7595 13658 13659 13660 13661 13662 13663 13664 13665
5611 0 0 1421 1432 4898 7586 7972 13646 13652 14029 19064 19094 19102 19114 19118 19119 19120 19121
5612 0 0 1428 1824 5178 7578 7974 12801 13633 13645 13650 13651 13652 13653 13654 13655 13656 13657
5613 0 0 4896 4915 7581 13660 13905 14031 19066 19116 19120 19122 19161 19162 19163 19164 19165 19166 19167 19168 19169
5614 0 0 9930 9939 10041 10057 10072 15003 15019 15028 15035 15036 15037 15038 15039 15040 15041 15042 15043 15044 15045 15046
5615 0 0 9013 10022 10060 10070 10078 10082 10087 10092 15073 15082 15092 15100 15104 15113 15115 15116 15117
5616 0 0 9925 9944 9964 9982 9996 9998 10013 10026 10027 10028 10029 10030 10031
5617 0 0 10056 10068 10086 15010 15020 15026 15045 15050 15059 15076 15081 15086 15106 15117 15121 15122 15123
5618 0 0 36300 36301 36302 36303 36304 36305 36306 36307 36308 36309 36310 36311
5619 0 0 33599 36317 36321 36364 42048 44427 47663 47678 47684 47689 47690 47691 47692 47693
5620 0 0 35170 43499 43500 43501 43502 43503 43504 43505 43506 43507 43508 43509 53663
5621 0 0 43540 43541 43542 43543 43544 43545 43546 43547 43548 43549 43550 43551 43552 43553
5622 0 0 37240 37292 37296 37302 37314 37330 42278 45335 47231 47261 47266 47269 47274 47279
5623 0 0 37077 37083 37284 37300 37303 37325 38710 38737 45330 45337 45346 45347 45348 45349
5624 0 0 29446 29447 29448 29449 29450 29451 29452 29453 29454 29455 29456 29457 29458 29459 53664
5625 0 0 13110 21009 21064 21089 21155 21156 21157 21158 21159 21160 21161 21162 21163 21164
5626 4 4 32638 41124 41163 41323 41367 42448 42457 42458 42459 42460 42461 42462 42463 42464
5627 4 4 40832 41158 41320 41388 41417 45398 45402 45416 45420 45782 45783 45784 45785 45786 45787 45788 45789 45790 45791
5628 3 3 17611 18185 20560 20573 20583 24261 24499 26699 26764 26794 26810 28731 28736 28750 28751 28752 28753 28754 28755 28756 28757 28758 28759 28760 28761
5629 3 3 16065 17586 17594 17613 20578 20639 20645 24266 24505 24512 24513 24514 24515 24516 24517 24518 24519 24520 24521 24522 24523 24524 24525 24526
5630 3 3 17578 17579 17580 17581 17582 17583 17584 17585 17586 17587 17588 17589
5631 3 3 20580 24262 24517 24532 28752 29693 29734 29787 29792 29807 29816 38557 38567 38575 38576 38577 38578 38579
5632 3 3 25891 28617 33355 33370 33380 33386 33732 35544 35563 35586 37435 42184 42231 42240 42242 42247 42253 42257
5633 3 3 25885 25901 28612 33359 33384 33545 35590 37428 37436 37438 37439 37440 37441 37442 37443 37444 37445 37446
5634 0 0 4312 8196 8199 8210 14239 14351 14352 14353 14354 14355 14356 14357 14358 14359 14360 14361 53665
5635 0 0 8212 8228 14363 14370 14384 14399 14405 14408 14409 14410 14411 14412 14413 14414 14415 53666 53667
5636 3 3 14359 14382 14395 14400 14404 22188 31230 31244 31252 31261 31366 31367 31368 31369 31370
5637 0 0 1922 4311 6484 8200 8210 8211 8212 8213 8214 8215 8216 8217 53668 53669
5638 3 3 23269 23283 23289 23297 23304 24790 24794 24805 24819 24934 24953 24968 24990 24991 24992 24993 24994 24995 24996 24997 24998
5639 3 3 34131 34137 34144 34148 34161 34165 34167 34179 34180 34181 34182 34183 34184
5640 3 3 23291 24796 24954 24971 24977 24994 34140 34183 34186 34229 34235 34241 34247 34249 34250 34251
5641 3 3 23883 24752 24788 24800 24816 34128 34159 34168 34181 34185 34195 34196 34197
5642 3 3 16417 16539 23181 23308 23337 23344 23351 23359 23360 23361 23362 23363
5643 3 3 9561 9570 15667 15673 16428 16443 23112 23138 23170 23172 23173 23174 23175 23176 23177 23178
5644 0 0 9557 15660 15662 15663 15664 15665 15666 15667 15668 53670
5645 3 3 9567 16424 16434 16439 16535 23114 23140 23168 23174 23179 23180 23181 23182 23183 23184 23185
5646 3 3 34384 34396 40351 40361 40674 40816 47044 47045 47046 47047 47048 47049 47050 47051 47052
5647 3 3 47094 47104 47114 47121 47132 47139 47143 47146 48264 49798 51071 51087 51091 51092 51093 51094 51095 51096 51097 51098
5648 3 3 23259 23856 23865 23907 24747 32300 40347 47047 47055 47072 47092 47113 47119 47122 47123 47124 47125 47126 47127 47128 47129 47130 47131 47132
5649 3 3 40681 42526 47050 47068 47086 47088 47102 47118 51078 51088 51094 51106 51114
5650 0 0 12207 12213 12218 12430 12442 19755 19765 19766 19767 19768 19769 53671
5651 0 0 12451 12735 19759 19779 21358 21359 21360 21361 21362 21363 21364 21365 21366 21367 21368 21369 21370 21371
5652 3 3 32634 41019 41040 41060 41075 41127 41220 41223 41241 41374 42445 43903 43910 43933 43936 43937 43938 43939 43940 43941
5653 3 3 31391 32621 32632 33880 40053 40063 41030 41048 41070 41086 41093 41099 41100 41101 41102 41103 41104 41105 41106 41107 41108
5654 0 0 14671 20786 23503 29056 29064 32008 32026 32032 32042 32054 32056 32074 33630 33635 33636 33637 33638 33639 33640 33641
5655 0 0 14662 17673 17688 19609 19668 20793 20808 23502 23509 23510 23511 23512 23513 23514 23515
5656 3 3 40682 42295 42324 42333 42340 42349 45274 45304 45314 45327 47252 47928 47940 47948 47949 47950 47951 47952 47953
5657 3 3 22411 23786 33775 33783 37248 37266 38874 38900 38917 38931 38935 38941 38944 40537 42271 45272 45286 45296 45297 45298 45299 45300
5658 3 3 33780 33787 33792 33798 38884 38914 38929 38940 42337 42352 45298 47032 47043 47925 47939 47940 47941 47942 47943
5659 3 3 45265 45266 45267 45268 45269 45270 45271 45272 45273 45274 45275 45276 45277 45278 45279 45280 45281 45282
5660 0 0 599 1875 1893 1898 4003 4007 4014 4015 4016 4017 4018 4019 53672
5661 0 0 597 603 604 605 606 607 608 609 610 611 612 53673 53674
5662 0 0 49220 49221 49222 49223 49224 49225 49226 49227 49228 49229 49230 49231 49232 49233 49234
5663 0 0 36080 36087 37188 37370 45038 45062 45077 45079 45080 45081 45082 45083 45084 45085 45086 45087 45088
5664 0 0 28904 31626 31635 31636 31637 31638 31639 31640 31641 31642
5665 0 0 45066 45079 45116 45138 45161 49231 49238 49246 49256 49257 49258
5666 0 0 32639 42446 45452 48396 49903 49917 49924 49925 49926 49927 49928 49929 49930
5667 0 0 45444 45454 48393 49893 49905 49918 49935 49937 49938
5668 3 3 35474 35495 35522 35858 43596 43615 43619 43626 43639 43653 44049 44062 44063 44064 44065 44066 44067
5669 3 3 7498 13528 13536 17062 17068 17200 17314 21594 27903 28275 29868 29869 29870 29871 29872 29873 29874 29875 29876 29877 29878
5670 3 3 17047 17050 17061 29875 29882 35390 35414 43598 43609 43618 43620 43628 43629 43630 43631
5671 3 3 21604 29871 35473 35496 35504 35514 35518 35519 35520 35521 35522 35523 35524 35525
5672 4 4 9664 13197 24020 24021 24022 24023 24024 24025 24026 24027 24028 24029 24030
5673 4 4 9667 9708 15984 15989 15994 21203 24033 24041 24042 24043 24044 24045 24046 24047 24048 24049
5674 0 0 6448 11570 11658 11706 11739 11753 11754 11755 11756 11757 11758 11759 11760 11761
5675 0 0 6441 11581 11603 11708 11736 11742 11743 11744 11745 11746 53675
5676 0 0 15639 15663 15678 16493 23339 23346 23377 23385 31803 31809 31812 31813 31814 31815 53676
5677 0 0 8504 23325 23376 23380 23406 31800 31808 31841 40383 40396 40401 40402 40403 40404 53677
5678 0 0 8500 15632 23356 23374 23375 23376 23377 23378 23379 53678
5679 3 3 31806 31811 31815 31843 40394 40395 40396 40397 40398 40399 40400
5680 0 0 27467 27483 27512 27530 29335 29336 29337 29338 29339 29340 29341 53679
5681 0 0 27435 29357 32930 38248 38249 38266 38273 38282 38283 38284 46461 46472 46496 46498 46499 46500 53680
5682 0 0 27434 27435 27436 27437 27438 27439 27440 27441 27442 27443 27444 27445 27446
5683 0 0 29341 29352 29358 29364 29385 38246 38254 38258 38272 38283 53681
5684 0 0 27313 33290 33294 36425 36478 36482 43418 44727 46197 49605 49630 49643 49652 49657 49664
5685 0 0 27309 32471 33300 33302 36441 44684 44700 44720 44726 44731 44732 44733 53682
5686 0 0 44673 44682 44690 44696 44706 44714 44725 44730 44733 44739 49602 49621 49632 49654 49655 49656 49657
5687 0 0 27312 32472 33288 33299 33302 33303 33304 33305 33306 33307 33308 33309 53683
5688 0 0 12285 12438 12742 13244 28011 28059 28091 28096 28103 28105 28106 28107 28108 28109
5689 0 0 7008 12279 19987 28071 28072 28073 28074 28075 28076 28077 28078
5690 0 0 25023 25031 34295 34307 34317 34318 34319 34320 34321 34322 34323 34324 34325 34326 34327 34328
5691 0 0 27134 34313 36257 36291 40975 42687 42695 42696 42697 42698 42699 42700 42701 42702
5692 0 0 23879 25022 25026 27133 34149 34310 34311 34324 40696 42701 42703 48333 49687 49694 49700 49701 49702 49703
5693 0 0 34305 34315 34360 36274 36290 42672 42677 42678 42679 42680 42681 42682 42683 42684 42685 42686 42687 42688
5694 0 0 38959 39040 39779 39783 39811 46716 46744 47998 48001 48021 49214 50880 50898 50905 50910 50912 50913 50915 53684
5695 0 0 39776 46722 46728 46730 46731 46732 46733 46734 46735 46736 46737 53685
5696 0 0 3469 6910 6919 12236 12250 12259 12266 12272 12273 12274 12275 12276 12277 53686
5697 0 0 6900 6909 6994 12230 12253 12269 13304 21217 21233 21268 21274 21275 53687
5698 0 0 33368 35582 35597 35605 44674 49511 49546 49558 49569 49577 49580 53688
5699 0 0 35578 35608 49514 49551 49579 49583 49585 49586 53689
5700 3 3 15719 15724 15730 15739 15748 15751 15754 15756 21545 23987 24018 28130 28174 28201 28210 28214 28215 28216
5701 3 3 9768 9775 9784 9793 12340 13429 13436 13448 13449 13450 13451 13452 13453 13454 13455 13456 13457 13458
5702 0 0 466 913 937 948 956 957 958 959 960 961 962 963 964 965 966 53690
5703 3 3 2580 2747 5679 5822 6111 10552 10568 10572 10573 10574 10575 10576
5704 3 3 467 910 938 964 977 2573 2650 2738 2748 2755 3753 5801 10563 10576 10593 10618 10625 10626 10627 10628 10629 10630 10631
5705 3 3 961 2576 2753 3688 5639 5653 5660 5662 5663 5664 5665 5666
5706 0 0 1405 3573 7242 7258 7267 7268 7269 7270 7271 53691
5707 0 0 1123 1401 3782 3790 7249 7275 7277 7283 7292 7294 7490 7500 7501 7502 7503 7504 7505 7506 7507 7508 7509 7510 7511
5708 0 0 1120 1128 1249 1400 1401 1402 1403 1404 1405 1406 1407 53692
5709 0 0 7245 7259 7271 7272 7273 7274 7275 7276 53693
5710 0 0 2813 11847 14803 17652 19445 19452 19482 19490 19516 19525 19585 19604 19625 19634 19667 19679 19684 19686 19691 19692
5711 0 0 5851 5861 8699 10646 10684 10691 10983 10984 10985 10986 10987 10988 10989 10990 10991 10992 10993
5712 0 0 10632 10633 10634 10635 10636 10637 10638 10639 10640 10641 10642 10643 10644 10645 10646 10647 10648
5713 0 0 19429 19443 19449 19461 19488 19515 19547 19583 19606 19626 19632 19666 19683 19684
5714 0 0 21971 21979 27593 27610 27614 27615 27616 27617 27618 27619 53694
5715 3 3 14086 21961 21976 30735 30746 30912 30913 30914 30915 30916 30917 30918 30919 30920 30921 30922
5716 4 4 36165 36179 45799 50096 50116 50121 50122 50123 50124 50125 50126 50127 50128 50129 50130 50131
5717 4 4 37169 37177 45049 48126 48143 48325 49818 49831 49833 50092 50104 50105 50106 50107 50108 50109
5718 4 4 50099 50109 50126 50148 50149 50150 50151 50152 50153 50154 50155
5719 4 4 20372 28711 36160 37166 42395 46425 46427 48142 48327 50094 50104 50110 50111 50112 50113 50114 50115 50116 50117 50118 50119 50120
5720 4 4 16855 24620 24648 24658 24665 24669 25168 25543 34106 34113 34114 34115
5721 4 4 24635 24653 24675 34107 34121 36019 36024 36025 36026 36027 36028 36029 36030 36031
5722 4 4 17938 35058 35079 35096 35105 35975 35978 35979 35980 35981 35982 35983 35984 35985 35986 35987
5723 4 4 17943 17993 26418 35025 35059 35068 35069 35070 35071 35072 35073 35074 35075
5724 0 0 6440 11414 11575 11584 11594 11601 11602 11603 11604 11605 11606 53695
5725 0 0 6454 11636 11661 11694 11703 11707 11737 11743 11753 11762 11777 11778 11779 11780 53696
5726 0 0 6438 6439 6440 6441 6442 6443 6444 6445 6446 6447 6448
5727 0 0 6449 11604 11632 11670 11692 11693 11702 11703 11704 11705 53697
5728 0 0 12450 12713 12736 12746 19781 20926 27955 27971 27990 27995 28001 28002 28003 28004
5729 0 0 12421 12436 12449 12748 19777 27947 27959 27964 27979 27996 28009
5730 4 4 43374 46277 46287 47432 47453 47456 48058 48601 48605 48621 48626 48631 48642 48649 48654 48655 48656 48657 48658 48659 48660 48661 48662 48663 48664 48665 48666
5731 4 4 43377 43382 43428 43459 48636 48645 48676 48695 48697 48718 48719 48720 48721 48722 48723 48724
5732 4 4 43347 43364 43369 43370 43371 43372 43373 43374 43375 43376 43377 43378 43379 43380 43381
5733 4 4 48628 48629 48630 48631 48632 48633 48634 48635 48636 48637 48638 48639
5734 4 4 34963 34970 41297 42804 42833 43144 43155 43173 43229 43250 48559 48574 48575 48576 48577 48578 48579
5735 4 4 34945 42904 43045 43053 43081 43096 43135 43157 43166 43195 43203 43226 43242 43246 43247 43248
5736 3 3 10933 17408 18464 18488 18502 18506 18507 18508 18509 18510 18511 18512 18513 18514 18515
5737 3 3 18532 18544 18552 18557 24410 33570 33576 33581 33594 33606 33612 33614 33615 33616 33617
5738 3 3 12660 12669 12677 17377 17386 17421 18475 18506 18518 18523 18547 18549 18550 18551 18552 18553
5739 3 3 18469 18510 18528 18581 18627 18667 18673 18682 18684 24351 24404 24405 24406 24407 24408 24409 24410 24411 24412 24413
5740 4 4 8403 8439 12124 22463 22466 22476 22478 27818 27841 27847 27853 27882 27883 27884 27885 27886 27887 27888 27889 27890 27891 27892
5741 0 0 8375 8377 27842 27854 27857 27858 27859 27860 27861 27862 27863 53698
5742 4 4 4385 4401 4535 8371 8377 8378 8379 8380 8381 8382 8383
5743 4 4 27834 27835 27836 27837 27838 27839 27840 27841 27842 27843 27844 27845 27846
5744 0 0 16840 25557 25567 25578 25619 35035 35039 35040 35041 35042 35043 35044 35045 35046
5745 0 0 43255 43256 43257 43258 43259 43260 43261 43262 43263 43264
5746 0 0 25827 26000 33711 33712 33713 33714 33715 33716 33717 33718 33719 53699
5747 0 0 24556 26001 26005 26006 26007 26008 53700
5748 0 0 40492 40500 40511 40528 42512 42525 51082 51104 51111 51124 51143 51148 51149 51151 51152
5749 0 0 51066 51067 51068 51069 51070 51071 51072 51073 51074 51075 51076 51077 51078
5750 0 0 2511 2518 4316 4826 5472 5509 5514 9037 10047 10064 14425 15017 16910 16987 16989 16990 16991 16992 16993 16994 16995 16996
5751 0 0 9033 9044 14426 15002 15013 15032 15046 17033 25506 25590 35180 35193 35203 35228 35234 35235
5752 0 0 2510 4318 5498 5510 9032 14421 14428 14433 16899 16911 16982 16994 17024 17034 23002 23016 23051 23059 23061 25580 25588 25589 25590 25591 25592
5753 0 0 9038 9040 9086 10066 15011 15022 15030 15060 15093 15122 15190 17003 17014 17019 17026 17027 17028 17029
5754 3 3 1349 2024 12055 13049 14718 19732 19743 19746 19747 19748 19749 19750 19751 19752 19753
5755 3 3 7327 12065 12068 13039 14696 14701 14714 14722 19648 19699 19704 22695 22707 22719 22720 22721 22722 22723 22724 22725 22726
5756 3 3 13046 19749 22684 22713 22717 22726 22730 22744 27787 35887 35889 35907 35909 35920 35928 35929
5757 3 3 1347 2019 3608 7328 12054 12055 12056 12057 12058 12059 12060 12061 12062 12063 12064 12065 12066
5758 4 4 15814 15899 15910 24297 24304 29085 33277 37879 37920 40256 40266 40277 40278 40279 40280 40281
5759 4 4 15875 15881 15903 20961 24150 24272 24273 24274 24275 24276 24277 24278 24279 24280
5760 0 0 2621 2757 2831 2846 2856 2862 2863 2864 2865 2866 2867 2868 2869 2870 2871
5761 0 0 2833 11009 26341 26372 26380 26385 26389 26396 26397
5762 4 4 34483 34494 34502 36621 36693 36697 36724 42732 42757 42763 42766 42767 42768 42769 42770 42771 42772
5763 4 4 34468 36573 36617 42741 42786 42790 42798 44809 47287 47298 47316 47318 47323 47324 47325
5764 4 4 12317 12357 12952 19882 19961 19965 20603 20660 28823 28933 28976 29045 37723 37730 37741 37745 37752 37760
5765 0 0 12926 12934 12936 12945 12948 20663 28965 28981 29011 29033 29038 29039 29040 29041 29042 53701
5766 4 4 20655 28978 29016 29047 29050 37714 37727 37728 37729 37730 37731 37732
5767 0 0 7033 7384 12310 12354 12360 12376 12950 19887 20659 20660 20661 20662 20663 20664 20665 20666 53702
5768 4 4 24319 32410 33312 33319 33320 33321 33322 33323 33324 33325 33326 33327 33328 33329 33330
5769 4 4 37599 44724 46200 46376 49601 49635 49644 49645 49646 49647 49648 49649 49650 49651 49652 49653
5770 4 4 32422 32451 33321 37597 39333 43438 44611 46355 46372 46373 46374 46375 46376 46377 46378 46379 46380 46381 46382 46383 46384
5771 4 4 33322 33333 37602 44632 44666 44679 44698 44718 49610 49620 49653 49654 49665 49673 49675 49676
5772 0 0 48971 48985 49166 50659 51560 51576 51585 51905 51912 51919 51927
5773 0 0 43848 43861 46237 48858 48948 48950 48957 48996 49145 49151 49156 49164 50680 51531 51549 51551 51554 51559 51564 51565 51566
5774 0 0 48965 48973 48980 48994 49000 49003 49159 49165 51530 51536 51552 51558 51559 51560 51561 51562 51563
5775 0 0 46227 46248 51510 51532 51556 51565 51568 51589 51594 51596 51597 51598
5776 0 0 2049 3352 4375 4388 4391 4392 4393 4394 4395 4396 4397 4398 53703
5777 0 0 2772 2773 2774 2775 2776 2777 53704
5778 0 0 32701 36508 36523 41469 41475 41476 41477 41478 41479 41480
5779 0 0 32705 36511 41470 41498 41501 41502 41503 41504 41505 41506 41507 41508 41509
5780 0 0 24401 33586 33604 41965 41983 41989 41994 41995 41996 41997 41998 41999
5781 0 0 12652 17427 18542 18551 24420 24456 24459 33582 33592 33593 33594 33595 33596 33597 33598
5782 0 0 3762 5593 5605 5616 5617 5618 5619 5620 5621 5622 53705
5783 0 0 5591 5599 5600 5601 5602 5603 5604 53706
5784 0 0 14267 14277 18831 22148 22156 22164 22170 22177 22178 22179 22180 22181 22182 22183 22184
5785 0 0 14212 14213 14214 14215 14216 14217 14218 14219 14220 14221 14222 14223 14224 14225 14226 14227 14228
5786 4 4 16300 16842 16848 16856 24619 24620 24621 24622 24623 24624 24625 24626 24627
5787 4 4 25527 25528 25529 25530 25531
5788 3 3 30470 36795 38767 38782 38791 39703 39715 46838 46843 46844 46845 46846 46847 46848 46849 46850
5789 0 0 50916 50917 50918 50919 50920 50921 50922 50923 50924 50925 50926 50927 50928 53707
5790 3 3 40087 40099 41360 41433 41437 46853 50923 50933 50937 50945 50955 50956 50957
5791 3 3 38772 38781 39472 39631 46841 46848 46856 46859 50526 50922 50931 50941 50950 50951 50952 50953 50954
5792 0 0 45315 47106 47207 47215 47237 51069 51079 51096 51101 51109 51116 51126 51129 51140 51141 51153 51155
5793 0 0 40503 40504 40505 40506 40507 40508 40509 40510 40511 40512 40513 40514 40515
5794 0 0 557 1613 1626 1645 1649 1660 1669 1682 1683 1684 1685 53708
5795 0 0 1614 1632 1643 1661 1671 1693 1704 1713 1724 1734 1749 1754 1756 1758
5796 0 0 717 4954 4957 4965 4981 4983 53709
5797 0 0 2191 4953 4978 4982 5024 5025 5026 5027 5028 5029 53710
5798 4 4 37662 37666 37679 37685 37694 37698 37702 37706 37709 37713 37856 37865 37895 37899 45954 45971 45972 45973 45974 45975 45976 45977
5799 4 4 15626 20607 20608 20609 20610 20611 20612 20613 20614 20615 20616 20617 20618 20619 20620 20621
5800 4 4 20615 23684 23718 23746 28808 29177 29191 37658 37678 37680 37681 37682 37683 37684 37685
5801 4 4 20608 20764 20775 28864 29000 29030 31651 31666 37665 37686 37687 37688 37689 37690 37691 37692 37693 37694
5802 0 0 35787 39655 39822 39866 39891 44036 46753 49175 49196 49203 49204 49206 50870 50886 50889 50890 50891 53711
5803 0 0 31350 36775 39615 39662 39758 39860 39863 39899 39939 46118 46120 50502 50508 50529 50537 50541 50543 50544 50545 50546
5804 0 0 39838 39855 39867 39876 39890 39891 39892 39893 39894 39895 39896
5805 0 0 35776 36777 39657 39751 39758 39759 39760 39761 39762 39763 39764 39765 39766
5806 4 4 37566 45611 45643 45657 45660 45661 45662 45663 45664 45665 45666 45667 45668 45669 45670
5807 4 4 38101 45683 45719 45721 45727 46482 46513 47779 49982 49986 49994 50017 50461 50480 51271 51750 51756 51763 51931 51948 51952 51953 51954
5808 0 0 20982 23705 23720 26293 29114 29115 29116 29117 29118 29119 29120 29121 29122 29123 29124 29125 29126
5809 0 0 14571 14641 17675 19672 29131 29149 29154 29155 29156 29157 29158 29159 29160 29161
5810 0 0 17638 17669 20978 22953 26292 29122 29136 29137 29138 29139 29140 29141
5811 0 0 14572 14637 19707 28803 29119 29127 29128 29129 29130 29131 29132 29133 29134 29135
5812 0 0 29696 29710 29808 38558 38569 38576 38580 38581 38582 38583
5813 0 0 26596 28744 28755 29780 29838 29859 35666 35670 38556 38564 38570 38571 38572 38573 38574 38575
5814 0 0 10954 14178 16315 16330 16334 16807 16820 16823 16824 16825 16826 16827 16828 16829 16830 16831 16832 16833 53712
5815 3 3 16292 16319 16637 16811 16852 16861 24642 24663 25168 25169 25170 25171 25172 25173 25174 25175 25176 25177
5816 3 3 16812 16827 16854 24622 24646 25172 25531 25534 25536 25542 25543
5817 0 0 14183 16314 16640 16830 16863 22109 22115 22130 25175 25466 31053 31114 31124 34063 34525 34529 34550 34557 34559 34560 34561 53713
5818 0 0 11266 18214 18224 18242 25982 25986 25987 25988 25989 25990 53714
5819 4 4 25129 25139 25145 27005 27006 27007 27008 27009 27010 27011 27012
5820 0 0 11263 11268 18227 18234 18238 18239 18240 18241 18242 18243 18244 18245 53715
5821 4 4 25999 27044 27066 27075 27077 27078 27079 27080 27081 27082
5822 0 0 7758 7774 7775 7776 53716 53717
5823 0 0 1531 1954 1956 2558 2568 4043 7757 7764 7770 7781 7785 7786 53718 53719
5824 0 0 11805 17833 18248 18263 18265 18271 18286 18292 18342 18352 18423 18441 24915 25002 34171 34199 34203 34204 34205 34206 34207 34208
5825 0 0 16663 16789 18254 18270 18276 18282 18296 18310 18317 18318 18319 18320 18321 18322 18323 18324 18325 18326 18327
5826 0 0 18260 18269 18291 18297 18314 18318 18341 18346 18347 18348 18349 18350 18351 18352 18353
5827 0 0 16665 17839 18250 18255 18266 18271 18272 18273 18274 18275 18276 18277 18278 18279
5828 0 0 8336 8529 8542 23591 23602 29162 32259 32280 32284 40629 40655 40661 40662 40668 40669
5829 0 0 23524 23622 23636 32124 32222 32242 32269 32271 32273 32274 32275 32276 32277 32278 53720
5830 0 0 8334 8543 23596 31527 32244 32257 32283 32284 32285 32286 53721
5831 0 0 32209 32215 32220 32227 32231 32275 40625 40634 40645 40656 40657 40658
5832 3 3 34093 34462 34969 41205 41296 42808 42832 42865 42888 42905 43079 43158 43246 43249 48541 48552 48559 48560 48561 48562 48563 48564 48565 48566
5833 3 3 35135 35141 35148 35151 43076 43461 43479 48555 48808 48837 48849 48856 48865 48866 48867
5834 3 3 34909 34944 35126 35144 42906 43054 43076 43077 43078 43079 43080 43081 43082 43083 43084
5835 3 3 42897 42947 43476 48540 48548 48549 48550 48551 48552 48553 48554 48555 48556 48557 48558
5836 0 0 5265 9158 15219 15227 15238 15249 23048 53722
5837 0 0 5484 5487 5496 9154 15229 15234 15237 15247 15250 53723 53724
5838 0 0 9161 10280 15218 15225 15231 15232 15233 15234 15235 53725 53726
5839 0 0 2326 5274 5280 5477 5489 5494 9156 15236 15247 15248 15249 53727
5840 0 0 25560 25565 25574 25579 25600 25604 25613 25619 25620 25621 25622 25623 25624 25625 25626
5841 0 0 31447 35044 35054 35089 35108 35983 35998 43260 43265 43281 43287 43288 43289 43290
5842 0 0 3055 3086 3092 5709 5721 5728 5755 5765 5839 10611 18024 18029 18036 18037 18038 18039 18040
5843 0 0 3059 3098 5695 5716 5731 5844 6154 6237 6240 6241 6242 6243 6244
5844 3 3 32322 34895 40721 40777 40780 40793 40798 42778 42789 42988 42995 47282 47293 47294 47295 47296 47297 47298 47299 47300 47301
5845 3 3 40786 40790 42626 42735 42758 42783 42784 42785 42786 42787 42788
5846 3 3 34533 34812 34836 41177 41185 41189 41190 41191 41192 41193 41194 41195 41196 41197 41198 41199 41200 41201 41202 41203
5847 0 0 25423 32498 32685 34816 34840 34865 41447 41455 41465 42918 42939 42945 42953 53728
5848 0 0 34817 34841 41196 42913 42930 42935 42936 42937 42938 42939 53729
5849 3 3 32499 34811 34844 34866 41194 41446 41454 41461 41462 41463 41464 41465 41466 41467
5850 3 3 15067 16971 22976 23815 31886 34372 34373 34374 34375 34376 34377 34378 34379 34380 34381 34382 34383 34384
5851 3 3 34391 35294 40454 40468 40473 40496 40673 40674 40675 40676 40677 40678 40679 40680 40681
5852 0 0 23985 44237 49416 49425 49431 49436 49451 49453 49454 49455 49456 49457 53730
5853 3 3 23973 27161 27188 27195 27198 32492 35568 44332 44648 44656 44661 49445 49458 49478 49484 49488 49489 49490
5854 3 3 23974 23977 27160 27178 27189 27190 27191 27192 27193 27194 27195 27196 27197
5855 3 3 49435 49436 49437 49438 49439 49440 49441 49442 49443 49444 49445 49446 49447 49448
5856 0 0 9669 9692 9694 9695 9696 9697 9698 9699 9700 9701 9702 53731
5857 0 0 36969 36974 36979 36982 36989 36993 36995 41601 44911 44921 44922 44923 44924 53732
5858 0 0 25369 25402 25421 25459 34843 34851 34861 42919 42938 42950 42951 42953 42954 53733
5859 0 0 25469 25484 31103 34538 34819 34829 34830 34831 34832 34833 34834
5860 0 0 5136 9246 30700 31766 31789 31866 31874 31875 31876 31877 31878 31879 31880 31881 31882
5861 0 0 38870 38871 38872 38873 38874 38875 38876 38877 38878 38879 38880 38881 38882 38883 38884 38885
5862 0 0 4778 4789 8785 8786 8787 8788 8789 8790 8791 53734
5863 4 4 8838 8842 8852 8904 8905 9168 9176 10263 10266 10272 15124 15139 15140 15141 15142 15143 15144 15145 15146
5864 0 0 201 682 771 4779 4783 4797 8786 8833 8911 8919 10276 15125 15144 15147 15148 15149 15150 53735
5865 0 0 4788 5485 8789 8792 8793 8794 8795 8796 8797 8798 8799 8800 8801 8802 8803 8804 53736
5866 3 3 5383 5398 5407 9571 9572 9573 9574 9575 9576 9577 9578 9579 9580 9581 9582
5867 3 3 8268 8287 8305 8313 8318 8319 8320 8321 8322 8323 8324 8325 8326 8327
5868 3 3 5414 5420 8261 8303 8312 8325 9580 9594 9595 9596 9597 9598 9599 9600
5869 3 3 5380 8318 9574 9607 9953 17528 31458 35049 35076 35088 35110 43263 43266 43285 43287 43291 43292
5870 0 0 11993 11994 11995 11996 11997 11998 11999 12000 12001 12002 12003 12004 12005 12006 12007 12008 12009 12010 12011
5871 0 0 12846 20383 20404 20427 20430 20444 20561 26167 26693 26714 26715 26716 26717 26718
5872 3 3 29727 29778 33443 33492 37639 38598 38609 45879 45906 45914 45920 45922 45923 45924 45925 45926 45927
5873 3 3 44049 44050 44051 44052 44053 44054 44055 44056 44057 44058 44059 44060 44061
5874 3 3 28742 28758 29784 33448 38573 44053 44072 44081 44084 45875 45894 45902 45908 45911 45912 45913 45914
5875 3 3 29943 33444 33493 44089 44096 45883 45918 45921 45925 45938 45942
5876 0 0 2929 6226 11087 11100 11106 11150 11173 11180 11309 11320 18025 18041 26428 26440 26443 26451 26461 26462 53737
5877 0 0 11177 11183 17115 18043 26434 26438 26458 26466 26485
5878 4 4 10746 12051 13593 17219 17224 17232 17251 17271 17274 17275 17276 17277 17278 17279
5879 4 4 10736 12050 14649 17253 19365 19383 19388 19403 19410 19497 19542 19573 19611 19615 19616 19617 19618 19619 19620 19621 19622 19623
5880 4 4 19326 19349 19369 19379 19385 19402 19455 19478 19494 19495 19496 19497 19498 19499 19500 19501 19502 19503 19504
5881 4 4 10734 10735 10736 10737 10738 10739 10740 10741 10742 10743 10744 10745 10746
5882 0 0 43394 43426 43427 43428 43429 43430 43431 43432 43433 43434
5883 0 0 32801 43396 43398 43399 43400 43401 43402 43403 43404 43405 43406 43407
5884 0 0 7300 7493 12505 28262 28263 28264 28265 28266 28267 28268 28269 28270 28271 28272 28273
5885 0 0 28288 28313 28322 28335 29248 29273 29306 29319 29330 29530 29681 38502 44961 44995 45001 45006 45007 45008 45009 45010
5886 0 0 37005 37012 37019 37025 37028 38464 44952 44968 44969 44970 44971 44972
5887 0 0 12424 13180 13188 13189 13190 13191 13192 13193 53738
5888 0 0 12219 12429 12498 12507 13188 19760 19767 21398 27969 28007 37001 37006 37007 37008 37009 37010 37011 37012 53739
5889 0 0 13185 13191 20118 20140 28008 28338 28339 28340 28341 28342 53740
5890 0 0 641 2121 2129 2134 5982 6752 8658 8664 8669 8670 8671 8672 8673 8674 8675
5891 0 0 2139 2632 5966 5977 10520 10747 10748 10749 10750 10751 10752
5892 0 0 628 638 1002 2127 2131 2138 5972 5975 5976 5977 5978 5979 5980 5981 5982 5983 53741
5893 0 0 8660 8673 8681 10756 10759 10782 11051 14934 14955 14973 14975 14977 14978 14979
5894 4 4 5367 5375 9537 9543 16494 16500 16507 16514 31752 31772 31793 31795 31796 31797
5895 4 4 10145 16501 16508 16513 16519 16522 23772 30698 31759 31771 31791 31876 33791 33796 38875 38886 38896 38912 38913 38914 38915 38916 38917 38918
5896 3 3 18755 18780 18791 18813 18819 24696 34214 34498 36655 36725 36728 36741 42761 44834 44844 44852 44868 44879 44881
5897 3 3 11800 18419 18769 18787 18793 23916 24682 24877 34157 34166 34167 34168 34169 34170 34171 34172 34173 34174 34175 34176 34177 34178
5898 3 3 18760 18774 18786 18792 18793 18794 18795 18796 18797
5899 3 3 11798 15687 18788 18812 23914 23925 23937 24680 24698 24872 25150 32328 32604 34153 34173 34209 34499 36585 36625 36671 36686 36717 36722 36729 36741 36742 36743 36744 36745 36746
5900 0 0 19021 27549 27570 27574 30798 30816 37523 37561 45614 45628 45659 45674 45675
5901 0 0 19006 27497 27552 37548 38095 45617 45640 45652 45656 45668 45679 45684 45685 45686 45687
5902 4 4 44099 44100 44101 44102 44103 44104 44105 44106 44107
5903 4 4 26406 42540 42557 42568 42572 42573 42574 42575 42576 42577 42578 42579 42580
5904 0 0 619 1960 4322 4333 4338 4343 4344 4345 4346 53742 53743
5905 0 0 1965 1966 4330 4335 4342 4349 4357 8232 8238 8239 8240 8241 8242 8243 8244 8245 53744
5906 4 4 11996 12014 12041 12845 17244 18157 19408 19415 20398 20419 20443 20518 20556 26148 26163 26164 26165 26166 26167 26168 26169
5907 4 4 18170 20384 20402 20564 26700 26714 26744 26755 26767 26775 26777 26778 26779
5908 4 4 14945 18153 20390 20396 20416 20417 20418 20419 20420 20421 20422 20423 20424 20425 20426 20427
5909 4 4 12843 18160 18168 20401 20500 20513 20524 20546 20556 20557 20558 20559 20560 20561 20562 20563 20564 20565 20566 20567 20568 20569 20570
5910 0 0 15638 15676 23166 23172 23384 31748 31801 31810 31813 31840 40394 42306 42309 42310 42311 42312 42313 42314
5911 0 0 5143 15299 16549 23315 23318 23319 23320 23321 23322 23323 23324 23325 23326 23327 23328 23329 23330 23331
5912 0 0 23317 23331 23336 23342 23347 23354 23358 23363 23373 23379 23382 23386 31799 31800 31801 31802 31803 31804 31805 31806 53745
5913 0 0 23328 23365 23395 23403 25055 31837 40398 42290 42301 42304 42326 46979 47001 47007 47017 47018 47019 47020
5914 4 4 26153 26161 26179 26201 26236 33655 33668 33677 33691 33692 33693 33694 33695 33696 33697 33698
5915 4 4 18162 20418 24494 26164 26185 26198 26204 26224 26225 26226 26227 26228 26229 26230 26231 26232 26233 26234
5916 0 0 8402 8418 8432 8438 12125 12127 22469 27798 27804 27816 27836 27847 27848 27849 27850 27851
5917 0 0 2065 3328 4469 6759 8384 8409 8422 8451 8469 8479 8481 11885 11888 12111 12112 12113 12114 12115 12116
5918 0 0 2040 2055 2058 4473 8385 8398 8406 8407 8408 8409 8410 8411 8412
5919 0 0 8429 8456 8484 12113 12118 12128 19293 19723 19727 22715 27784 27794 27798 27799 27800 27801 27802
5920 0 0 3368 3369 3370 3371 3372 3373 3374 3375 3376 53746
5921 0 0 3501 6891 6892 6893 6894 6895 6896 6897 6898 6899 6900 6901 6902
5922 0 0 3376 3377 6933 6960 6967 6974 6978 6986 6987 6988 53747
5923 0 0 3368 3467 6898 6903 6904 6905 6906 6907 6908 6909 6910 6911 53748
5924 0 0 6576 6588 6603 7361 11915 12176 13604 14874 17135 17144 17149 17204 17231 19301 19305 19311 19317 19318 19320 19321 19322
5925 0 0 6571 6585 6609 11896 11903 11957 11964 11974 11981 14864 19298 19303 19310 19312 19313 19314 53749
5926 0 0 6590 11901 11903 11904 11905 11906 11907 11908
5927 0 0 265 266 267 268 269 270 271 272 273 274
5928 3 3 36073 37243 40684 42344 45273 45305 45311 47223 47233 47244 47247 47248 47249 47250 47251 47252 47253 47254 47255
5929 3 3 32310 37093 37288 45040 47224 47236 47243 47256 47257 47258 47259 47260 47261 47262 47263
5930 0 0 8621 14764 14773 14785 14786 14810 14822 14834 14857 14878 14895 14896 14901 14904 14905 14906 14907
5931 0 0 6533 6560 6671 6790 8582 8597 8598 8599 8600 8601 8602 8603
5932 0 0 14666 19676 20783 23500 23509 32017 32043 32057 32074 32075
5933 0 0 14546 14560 14563 14564 14565 14566 14567 14568 14569 14570 14571 14572
5934 0 0 14128 30863 30868 30876 30882 30883 30884 30885 30886 30887 30888 30889 30890 30891 30892 30893 30894
5935 0 0 10217 10218 10219 10220 10221 10222 10223 10224 10225 10226 53750
5936 0 0 10221 14125 14126 14127 14128 14129 14130 14131 14132 14133 14134 14135
5937 0 0 10224 22000 30860 30873 30878 30886 30923 30940 38993 39015 39026 39028 39044 39045 53751
5938 0 0 9802 9845 22628 28897 36277 36294 42680 49222 49242 49254 49259 49296 49333 49343 49348 49352 49353 49354
5939 0 0 28900 31625 31635 49230 49263 49265 49339 49341 49358 49363 49364 49366
5940 0 0 11834 14288 14300 22146 22187 27625 31215 36854 39431 39459 39462 39479 39487 39490 39491 39492 39493 39494 39495
5941 0 0 39420 39443 39449 39466 39482 39511 39566 39574 39584 39585 39586
5942 4 4 17249 20500 20501 20502 20503 20504 20505 20506 20507 20508 20509 20510 20511
5943 4 4 13589 13602 13613 17229 17235 17256 21282 21459 21479 21487 21497 21498 21499 21500 21501 21502
5944 4 4 10740 11998 12017 12032 12043 17223 17240 17241 17242 17243 17244 17245 17246 17247 17248 17249 17250 17251 17252 17253 17254 17255 17256 17257 17258
5945 4 4 17306 20505 20517 20526 20529 20551 21456 21475 21479 21480 21481 21482 21483 21484 21485 21486
5946 4 4 24681 24703 24864 24869 24870 24871 24872 24873 24874 24875 24876 24877 24878 24879
5947 4 4 16128 16141 16162 16363 16373 16399 24679 24694 24702 24723 24770 24847 24848 24849 24850 24851 24852 24853 24854 24855 24856 24857 24858 24859 24860 24861
5948 0 0 2556 16305 16310 16320 16325 16326 16327 16328 53752 53753
5949 0 0 16214 16245 16252 16267 16278 16290 16291 16292 16293 16294 16295 16296 16297 53754 53755
5950 0 0 3564 6298 6307 6338 11446 18647 20227 20234 20237 20261
5951 0 0 3557 7137 7161 11439 12646 18657 20028 20042 20054 20066 20072 20073 20074 20075 20076 20077 20078 20079
5952 4 4 17520 23897 35052 35082 35091 35092 35093 35094 35095 35096 35097 35098
5953 4 4 35977 35987 35996 36006 36017 42633 42642 42645 44128 44133 49084 49090 49104 49105 49106 49107 49108 49109 49110
5954 0 0 10954 10955 10956 10957 10958 10959 10960 10961 10962 10963 10964 53756
5955 0 0 34029 34040 34068 34081 34083 34912 34925 35116 42879 43034 43050 43056 43057 43058 43059 43060 43061 43062
5956 0 0 10962 16821 16829 16862 17509 22110 22122 31127 34022 34033 34050 34051 34057 34061 34062 34063 34064 34065 34066 34067 34068 34069 34070 34071 34072
5957 0 0 24618 26123 31136 34027 34042 34073 34082 34085 34089 34910 34923 34924 34925 34926 34927 34928 53757
5958 4 4 3904 3985 4281 4297 4893 7613 7622 7630 7692 13741 13824 13833 21780 21793 23494 30368 30373 30374 30375 30376 30377 30378
5959 4 4 4853 4871 4882 4888 7697 7698 7699 7700 7701 7702 7703
5960 4 4 3992 7636 7684 7685 7686 7687 7688 7689 7690 7691 7692 7693 7694 7695 7696
5961 4 4 1819 2186 4280 4881 4887 7949 7964 13737 13738 13739 13740 13741 13742 13743 13744 13745
5962 0 0 25323 25327 25337 25342 25343 25344 25345 25346 25347 25348 25349 25350 53758
5963 0 0 24556 24557 24558 24559 24560 24561 24562 24563 24564 24565 24566 53759
5964 0 0 12907 12927 13028 15623 28967 29028 29036 29054 45969 45993 46007 46018
5965 0 0 7369 7375 9730 12902 12911 13030 13035 13762 13779 15819 15889 15901 15914 20673 20674 20675 20676 20677 20678 20679 20680
5966 0 0 2384 2394 2402 2403 2404 2405 2406 2407 2408 2409 53760
5967 0 0 2381 2421 2430 2980 2999 3004 3016 3032 4639 5121 53761
5968 3 3 27544 27561 27586 27598 27611 27620 28691 37564 38110 39254 45699 45700 45701 45702 45703 45704 45705
5969 3 3 14077 14163 21969 21974 22011 27592 27602 27615 30921 39096 39101 39163 39228 39237 39239 39248 39253 39258 39259 39260
5970 3 3 21980 27587 27607 27614 30734 30913 37565 39233 39243 39255 39259 45703 45739 45751 45757 45758 45759 45760 45761
5971 0 0 14115 14122 14164 21970 22013 22026 27564 27590 27597 27598 27599 27600 27601 27602 27603 27604 27605 53762
5972 0 0 9718 11829 24021 24031 24047 24087 24106 24108 29390 29391 29392 29393 29394 29395
5973 0 0 9658 9709 11825 15773 21127 21677 21706 21730 21735 24058 24063 24104 24111 29348 29362 29366 29388 29397 29402 29403 29404 29405
5974 0 0 35157 36011 42968 42984 42998 43551 43576 49011 49015 49045 49056 49074 49075 49080 49101 49125 49129 49139
5975 0 0 43519 43537 49033 49046 49061 49062 49063 49064 49065 49066 49067 49068 49069 49070
5976 0 0 42979 47347 47352 47383 48500 48501 48502 48503 48504 48505 48506 48507
5977 0 0 48449 48467 48510 49009 49022 49037 49073 49078 51440 51445 51471 51476 51479 51480
5978 0 0 42963 42971 42981 48346 48430 48442 48503 48516 49005 49017 49018 49019 49020 49021 49022 49023 49024 49025
5979 0 0 47353 47384 48483 48490 48496 48505 48508 48521 48531 49006 49013 51441 51466 51477 51480 51481 51482
5980 4 4 25465 25495 34536 34545 34553 34825 34830 42859 44829 44841 44861 44865 44873 44874 44875
5981 0 0 16312 22113 25468 25480 31056 31085 31095 31112 34523 34531 34539 34549 34550 34551 53763
5982 4 4 10183 16641 25173 25467 25492 34524 34547 34551 34552 34553 34554 34555 34556 34557 34558
5983 4 4 25462 25483 25502 31086 31094 34519 34530 34532 34533 34534 34535 34536 34537 34538 34539 34540 34541 34542 34543
5984 4 4 5444 6050 6051 6052 6053 6054 6055 6056 6057
5985 4 4 10110 10123 10129 10135 16196 16227 16238 16584 16608 16622 16624 16625 16626 16627 16628 16629 16630 16631
5986 3 3 36658 36659 36660 36661 36662 36663 36664 36665 36666 36667 36668 36669 36670 36671 36672 36673 36674
5987 3 3 25156 34501 36587 36614 36615 36616 36617 36618 36619 36620 36621 36622 36623 36624 36625 36626
5988 3 3 34482 34484 36619 36649 36663 36689 36694 36695 36696 36697 36698 36699 36700
5989 3 3 23931 23938 36586 36599 36603 36616 36667 36676 36691 36714 36715 36716 36717 36718 36719 36720
5990 0 0 4994 5001 5010 5021 5158 9259 9274 9275 9276 9277 9278 9279 9280 9281 9282 9283 9284 9285 9286 9287 9288 9289
5991 0 0 1449 1779 1788 4996 9263 9293 9305 9306 9307 9308 9309 9310 9311
5992 3 3 9609 10793 11076 11246 16083 16090 16091 16092 16093 16094 16095 16096 16097 16098 16099 16100 16101 16102 16103
5993 3 3 9617 10796 11053 11054 11055 11056 11057 11058 11059 11060 11061 11062
5994 4 4 12831 32337 32349 32354 32355 32356 32357 32358 32359 32360 32361 32362 32363 32364 32365
5995 4 4 28669 32869 32956 32999 33013 33240 33248 33264 37527 45627 47753 47767 47775 47790 47793 47803 47808 47809
5996 4 4 12835 32347 32361 33267 42392 47748 47772 47774 47788 47789 47790 47791 47792
5997 4 4 12826 14191 19153 28538 28546 28558 28661 28666 28673 28680 32358 32995 37494 37509 37520 37526 37527 37528 37529 37530 37531 37532 37533
5998 3 3 12898 15406 19814 19957 19968 20605 20651 28874 28876 28883 28889 28890 28891 28892 28893 28894 28895
5999 3 3 20658 20666 28922 28936 28944 28956 28971 28972 28973 28974 28975 28976 28977 28978 28979 28980 28981
6000 3 3 19960 20604 20650 28822 28877 28890 28931 28977 29021 29049 37719 37728 37735 37747 37751 37752 37753
6001 3 3 12895 15393 28923 28930 28939 28943 28945 28946 28947
6002 3 3 14924 14925 14926 14927 14928 14929 14930 14931 14932 14933 14934 14935 14936 14937 14938 14939
6003 3 3 10511 11024 11038 11044 11163 14970 17118 17122 18120 18125 18128 18129 18130 18131 18132 18133 18134
6004 3 3 2628 5967 6066 10510 10523 10749 10783 10789 11025 11032 11033 11034 11035 11036 11037 11038 11039 11040 11041
6005 3 3 10534 11029 11045 11049 11241 14926 14948 14967 14971 14979 14988 14997 17286 18128 18140 20393 20412 20432 20437 20438 20439 20440
6006 4 4 22840 22859 22879 22883 22904 22909 22933 22965 31500 31505 31520 31521 31522 31523 31524 31525
6007 4 4 14522 15548 22352 22375 22397 22800 22957 23652 31481 31490 31504 31518 31534 31536 31537 31538 31539
6008 4 4 31488 31497 31502 31507 31515 31519 31525 31535 31539 31544 40140 40192 40197 46869 46882 46883 46884 46885
6009 4 4 15537 22773 22790 22801 22845 22853 22874 22895 22910 22940 22956 22957 22958 22959 22960 22961 22962 22963 22964 22965 22966 22967 22968
6010 0 0 7363 7364 7365 7366 7367 7368 7369 53764
6011 0 0 12908 12915 13027 15887 15935 15948 20667 20678 28964 29004 29010 29027 29033 29034 29035 29036 29037 53765
6012 0 0 25526 26104 26114 34943 35140 35146 35701 43077 43163 43181 43468 43472 48590 48812 48848 48867 48868 48874 48875
6013 0 0 25521 26101 26111 31145 31148 31149 31150 31151 53766
6014 0 0 25517 25518 25519 25520 25521 25522 25523 25524 25525 25526 53767
6015 0 0 26101 26102 26103 26104 26105 26106 26107 26108 26109 26110 53768
6016 0 0 17559 24245 28905 33202 37215 37291 37294 37295 37296 37297 37298 37299 37300 37301
6017 0 0 37218 37225 37229 37309 37315 37329 37330 37331 37332 37333 37334 37335
6018 3 3 20317 27153 28584 33406 34329 34330 34331 34332 34333 34334 34335 34336
6019 3 3 34352 37153 42657 42673 42686 42690 42714 42717 45153 48277 48308 48318 48320 48321 48322 48323
6020 3 3 5213 9261 9277 9295 9296 9307 9334 9342 9742 9751 15414 15456 15463 15481 15486 15495 15498 15499 15500 15501 15502 15503 15504 15505
6021 3 3 1452 1782 1784 4998 9283 9291 9308 9750 12874 12883 15451 15468 15494 15990 28121 28141 28146 28162 28168 28171
6022 3 3 17493 26018 26033 26044 26050 26067 26072 27029 27092 27099 27111 27113 34682 34718 34720 34744 34750 34758
6023 3 3 26019 26029 26036 27091 34680 34705 34745 34749 34753 34756 35633 35641 35642 35643 35644 35645
6024 0 0 10283 16918 16979 16980 16981 16982 16983 16984 16985 16986 16987 16988 53769
6025 0 0 22986 22987 22988 22989 22990 22991 22992 22993 22994 22995 22996 22997 22998 22999 53770
6026 0 0 8939 8948 8957 9483 9859 14472 14473 14474 14475 14476 14477 14478 14479 14480 14481
6027 0 0 4714 8938 8952 8961 8969 8970 8971 8972 8973 8974 53771 53772
6028 0 0 5049 5357 8959 9431 9444 9451 9478 14473 14482 14483 14484 14485 14486 14487 14488 53773
6029 0 0 9429 14468 14491 14497 14505 14508 14509 14510 14511 14512 53774
6030 0 0 14221 14233 14274 14281 14336 14391 22141 22142 22143 22144 22145 22146 22147
6031 0 0 13882 14214 14246 14250 14260 14273 18836 18886 22149 22154 22155 22156 22157 22158 22159 22160
6032 0 0 1025 2932 3046 6081 11088 11101 17786 17848 17853 17860 17861 17862 17863 53775
6033 0 0 1024 2934 3049 6064 6226 6227 6228 6229 6230 6231 53776
6034 0 0 1023 1024 1025 1026 53777
6035 0 0 2936 3048 6059 6080 6228 11085 11099 11100 11101 11102 11103 11104
6036 3 3 31331 38817 39290 39874 39906 39926 39927 39928 39929 39930 39931 39932 39933 39934 39935 39936
6037 3 3 38823 38833 39818 39835 39845 39851 39877 40091 41347 41365 41404 41410 41435 42356 46713 46801 46817 46818 46819 46820 46821 46822 46823 46824 46825 46826 46827
6038 3 3 38802 38810 38828 38836 39881 39927 40096 41342 41363 41393 41404 41405 41406 41407
6039 3 3 39929 41339 41399 42354 46802 46806 46821 46828 46829 46830 46831 46832 46833 46834
6040 0 0 16540 16550 23322 23370 23392 23404 25034 25048 25052 25053 25054 25055 25056
6041 0 0 16543 16551 23313 23318 23334 23348 23349 23350 23351 23352 23353 23354
6042 0 0 2543 6047 16309 16317 16327 16331 16334 16335 16336 53778 53779
6043 0 0 2539 2547 2548 2554 2555 2556 2557 53780
6044 4 4 11808 15684 17841 18272 18280 18410 18424 18434 18435 18436 18437 18438 18439 18440 18441 18442 18443
6045 4 4 32538 32571 36237 40845 40861 40867 40868 40869 40870 40871 40872 40873 40874 40875 40876
6046 4 4 7471 9629 9638 9646 12754 12772 15396 15700 15701 15702 15703 15704 15705 15706 15707 15708
6047 4 4 7474 9645 13405 13422 13427 13435 13454 13579 15714 15721 15725 15726 15727 15728 15729 15730
6048 3 3 21644 29254 29296 29312 38013 38018 38072 38081 46048 50396 50409 50431 50435
6049 3 3 29262 29300 29318 43669 43674 43680 43686 46024 46034 46038 46047 50307 50319 50327 50336 50345 50348 50349
6050 0 0 10154 16164 16176 16379 23124 23210 23226 23227 23228 23229 23230 23231 23232 23233 23234 23235
6051 0 0 5395 10148 16151 16172 16338 16357 16367 16383 23129 23195 23196 23215 23221 23236 23245 23252
6052 0 0 47054 47123 48288 49713 49745 49754 49811 49827 50146 51427 51604 51620 51627 51633 51641 51642 51643 51644
6053 0 0 36557 36562 47331 49711 49716 49721 49731 49737 49739 51613 51631 51635 51649 51659 51662
6054 0 0 51600 51601 51602 51603 51604 51605 51606 51607 51608 51609 51610 51611 51612 51613 51614 51615
6055 0 0 34408 34414 36172 36547 36559 42413 49705 49717 49720 49721 49722 49723 49724 49725 49726 49727 49728 49729 49730
6056 3 3 43354 43393 46126 46153 48684 48693 48982 49424 50548 50563 50566 50567 50568 50569 50570 50571 50572
6057 3 3 43353 43370 43387 48641 48659 48686 48694 50604 50619 50632 50663 50667 50668
6058 0 0 608 1867 1884 2171 2172 53781 53782
6059 0 0 4051 7896 7897 7898 7899 7900 7901 7902 7903 7904 53783 53784
6060 0 0 23072 35307 41090 45436 48351 48361 48368 48380 48385 48386 48387 48388 48389 48390 48391 48392
6061 0 0 48367 48372 48530 51432 51449 51453 51454 51455 51456 51457 51458
6062 0 0 39833 39834 39835 39836 39837 39838 39839 39840 39841 39842 39843
6063 0 0 35781 39656 39815 39816 39817 39818 39819 39820 39821 39822 39823 39824 53785
6064 0 0 16900 16983 22999 23003 23057 25581 25588 35185 35190 35241 35244 35247 53786
6065 0 0 25582 35179 35188 35196 35218 35233 53787
6066 0 0 27843 27873 35937 35944 35962 35970 36861 36877 36882 36889 36890 36891 36892 36893 36894 36895 36896 36897
6067 0 0 134 1277 8426 19722 19728 19735 19740 23740 27785 27799 27803 27804 27805 27806 27807 27808 27809 27810 27811 53788
6068 0 0 8433 27801 27803 27815 27835 27850 27856 27863 27876 35968 36867 36890 36903 36905 36908 36910
6069 0 0 19738 23712 23730 23742 27810 35892 35935 35941 35952 35957 35963 35966 35967
6070 0 0 44883 44884 44885 44886 44887 44888 44889 44890 53789
6071 0 0 36792 36800 36803 36804 36805 36806 36807 36808 36809 36810 36811 36812 36813 36814 36815 53790
6072 0 0 2371 4727 4737 5480 5488 8783 8797 8809 8819 8820 8821 8822 53791
6073 0 0 2375 4958 8807 9399 9403 9404 53792
6074 0 0 671 718 2379 4755 4956 4970 4983 8773 8805 8806 8807 8808 8809 8810 53793
6075 0 0 1505 2366 2372 4728 4735 8820 8823 9400 9403 9410 9411 9412 9413 53794
6076 0 0 12783 12800 12810 12811 12812 12813 12814 12815 12816 12817 12818 12819 12820
6077 0 0 31849 31854 31859 31865 32969 32983 33003 33004 33005
6078 0 0 3145 3164 3172 3180 3185 3189 3190 3191 3192 3193 3194 53795
6079 0 0 3138 3142 3184 6354 6359 6372 53796 53797
6080 0 0 3183 6350 6351 6352 6353 6354 6355 6356 6357 6358 53798 53799
6081 0 0 3132 3137 3141 3142 3143 3144 3145 53800
6082 0 0 9923 9980 9993 9998 9999 10000 10001 10002 10003 10004 10005
6083 0 0 9974 10014 10027 10032 10033 10034 10035 10036 10037
6084 0 0 31004 31016 32380 39355 45583 45584 45585 45586 45587 45588 45589 45590 45591 45592 45593 45594 45595
6085 0 0 31028 31029 31030 31031 31032 31033 31034 31035 31036 31037 31038
6086 0 0 31047 31074 31104 35120 35121 35122 35123 35124 35125 53801
6087 4 4 31092 35133 41197 42893 42902 42931 42943 43475 43476 43477 43478 43479 43480
6088 4 4 31048 31073 31091 31118 31138 34907 35120 35126 35127 35128 35129 35130 35131 35132 35133 35134 35135
6089 0 0 35124 41198 42923 42933 42942 43478 48548 48801 48820 48828 48829 48830 48831 48832 53802
6090 3 3 38097 46063 46483 46511 46519 50450 50459 50483 50727 50745 50763 51268 51275 51748 51933 51950 51953 51962 51963 51964 51965 51966 51967
6091 3 3 50686 50687 50688 50689 50690 50691 50692 50693 50694 50695 50696 50697 50698 50699 50700 50701 50702
6092 3 3 46485 47636 50700 50735 50750 50757 51244 51938 51963 51974 51979 51980 51981 51982
6093 3 3 46059 46488 46518 46565 50449 50691 50705 50717 50726 50727 50728 50729 50730 50731 50732
6094 0 0 7599 9233 15761 15785 19173 19214 19226 20340 20373 24052 28527 28678 31852 31861 32982 32989 32996 33020 33026 33029
6095 0 0 20335 20342 23417 31845 31846 31847 31848 31849
6096 0 0 999 1016 2635 2695 2706 2717 2724 2725 2726 2727 2728 53803
6097 0 0 1017 1019 2700 2720 2731 2751 3076 5676 6105 6106 6107 6108 6109 53804
6098 0 0 8248 8274 8294 8301 8306 8307 8308 8309 53805
6099 0 0 1961 1969 4355 4364 4365 53806
6100 0 0 8246 8247 8248 8249 8250 8251 53807
6101 0 0 4358 8255 8269 8290 8291 8292 8293 8294 8295
6102 3 3 9621 9622 9623 9624 9625 9626 9627 9628 9629 9630
6103 3 3 7468 7469 7470 7471 7472 7473 7474 7475 7476 7477 7478 7479 7480
6104 0 0 1923 2561 2563 2564 2565 2566 2567 53808
6105 0 0 1929 1941 1953 2266 2275 2559 2564 2569 4305 5241 7760 7762 7769 7770 7771 7772 7773
6106 0 0 2277 2563 2570 4308 7750 7759 7769 7777 7778 7779 7780 7781 7782 7783 7784 53809
6107 0 0 1924 1939 1952 1957 2265 2558 2559 2560 2561 2562 53810 53811
6108 3 3 24879 24889 25154 32331 36588 36624 36716 36743 40792 42797 47286 47302 47319 47320 47321 47322 47323
6109 3 3 23903 24882 32312 32313 32314 32315 32316 32317 32318 32319 32320 32321 32322
6110 3 3 24706 24848 24866 24870 24885 25149 32316 40320 40333 40773 40785 40788 40789 40790 40791 40792 40793 40794
6111 3 3 24887 32313 32323 36589 47289 47303 47322 47327 47333 49715 49732 51610 51638 51648 51652 51656 51657 51658 51659
6112 0 0 4912 4924 21817 21876 30521 30550 30556 30565 30569 30570 30571
6113 0 0 4913 13903 19141 19162 19209 19222 19241 27682 27706 27711 30512 30528 30531 30532 30533 30534 30535
6114 4 4 10745 12049 12133 12145 12152 12165 12168 12187 12191 13592 13618 14709 17269 17275 19640 19657 19664 21301 21311 21318 21320 21321 21322 21323 21324
6115 4 4 6594 6975 7003 7355 12183 13588 13601 13603 14915 17136 17151 17206 17218 17221 17231 17232 17233 17234 17235 17236 17237 17238 17239
6116 0 0 41335 41376 43946 46679 46777 46804 46830 47440 47466 50829 50851 50859 50862 50864 50866 50867 50868
6117 0 0 31421 40075 40076 40077 40078 40079
6118 3 3 46125 48060 48662 48683 50557 50571 50575 50593 50613 50614 50615 50616 50617 50618 50619
6119 0 0 39269 39273 39274 39275 39276 39277 39278 39279 39280 39281 39282 53812
6120 3 3 39272 39282 48981 50547 50556 50557 50558 50559 50560 50561 50562 50563 50564 50565
6121 3 3 39280 39308 39315 46175 46323 46342 48041 50594 50614 50620 50621 50622 50623 50624
6122 0 0 17513 23891 31457 31464 35111 35204 35226 40758 40765 42969 49029 49053 49062 49079 49087 49088
6123 0 0 31448 31463 31472 35084 35113 35212 35232 35988 36002 43294 43536 49030 49052 49068 49082 49083 49084 49085 49086
6124 0 0 3845 3857 3867 9652 9715 9722 13642 15772 15773 15774 15775 15776 15777 15778 15779 15780 15781 15782 15783
6125 0 0 801 821 827 848 1437 1593 1736 3842 3856 3861 3862 3863 3864
6126 0 0 1434 1843 3840 3851 3852 3853 3854 3855 3856 3857 3858 3859 3860
6127 0 0 259 828 2258 3844 3862 3873 3875 3876 3877 3878 3879 3880 3881 3882 53813
6128 0 0 33468 33475 36377 38361 38371 41875 41942 41960 50403 50420 51665 51672 51677 51678 51679 51680
6129 0 0 44418 50360 50375 50379 50393 50432 50437 51670 51673 51685 51687
6130 0 0 2529 5433 10184 16600 34582 34590 34609 34619 53814
6131 0 0 10190 16601 16614 16744 25386 25393 34581 34592 34603 34615 34620 34621
6132 3 3 31314 38960 39041 39781 39812 39885 46267 46294 46302 46717 47978 47992 47999 48000 48001 48002 48003 48004 48005 48006 48007 48008 48009 48010 48011
6133 3 3 48073 48074 48075 48076 48077 48078 48079 48080 48081 48082
6134 0 0 15008 15021 15047 15053 15054 15055 15056 15057 15058 15059 15060 15061
6135 0 0 15062 15063 15064 15065 15066 15067 15068 15069 15070 15071 15072 15073 15074 15075 15076
6136 0 0 688 709 1972 2006 2009 2010 2011 53815 53816
6137 0 0 125 686 695 705 1985 2005 2014 2456 4561 4596 4644 4670 4681 4685 4686 4687 4688 4689 53817
6138 3 3 12825 14202 18967 19143 19151 27773 28525 28537 28547 28554 28555 28556 28557 28558 28559 28560
6139 3 3 12828 28544 28549 28666 28667 28668 28669 28670 28671 28672
6140 3 3 12821 12822 12823 12824 12825 12826 12827 12828 12829 12830 12831 12832 12833 12834 12835
6141 3 3 18968 19144 19147 19179 19211 28520 28530 28537 28538 28539 28540 28541 28542 28543 28544 28545
6142 3 3 5230 7960 12776 12790 13739 13748 13831 21739 21758 21763 21774 31964 31973 38664 38680 38688 38701 38706 38707 38708 38709
6143 3 3 13744 13746 13817 13826 13834 30366 30374 31953 31956 31957 31958 31959 31960 31961
6144 0 0 11096 11105 11313 26426 26442 26450 26451 26452 26453 26454 26455 26456
6145 0 0 1040 1050 1061 3082 3083 3084 3085 3086 3087 3088 3089 3090 53818
6146 0 0 1063 3053 3082 3099 5764 18022 18023 18024 18025 18026 18027 18028 53819
6147 0 0 3088 3106 3114 3126 11094 11109 11280 11287 11307 11308 11309 11310 11311 11312 11313 11314 11315 11316 53820
6148 3 3 2806 2827 5877 5911 6708 6731 6746 8665 8674 8701 10678 14953 14983 19471 19505 19527 19561 19562 19563 19564 19565
6149 0 0 2118 2793 2794 2795 2796 2797 2798 2799 2800 2801 53821
6150 3 3 17723 20269 20310 28564 28578 28586 28587 28588 28589 28590
6151 3 3 20316 33213 33404 34333 34343 34352 34353 34354 34355 34356 34357 34358 34359 34360 34361 34362 34363 34364
6152 3 3 17721 20272 20311 28579 28590 34330 34358 36267 36270 36271 36272 36273 36274 36275 36276 36277 36278 36279 36280 36281 36282 36283 36284
6153 3 3 20268 20315 24480 27149 28562 28582 28589 28602 30999 33211 33393 33394 33395 33396 33397 33398 33399 33400 33401 33402 33403 33404 33405 33406 33407
6154 0 0 927 967 973 2878 2880 5642 5657 5658 5682 5683 5684 5685 53822 53823
6155 0 0 917 918 919 920 921 922 923 924 53824 53825
6156 0 0 46127 46150 46160 46170 46176 46211 50549 50560 50568 50573 50574 50575 50576 50577 50578 50579
6157 0 0 39265 43356 44276 46205 48991 49423 49492 50553 50562 50566 50580 50585 50587 50591 53826
6158 0 0 196 678 690 766 783 2004 2009 2013 2455 2458 4560 4684 4686 4798 8920 15131 15149 15155 15166 15172 15174 15175 53827
6159 0 0 715 786 787 788 789 790 791 792 793 794 795 796 797 798 53828
6160 0 0 689 708 792 864 1973 1999 2007 2010 2012 2013 2014 2015 2016 2017 2018 53829
6161 0 0 768 776 777 778 779 780 781 782 783 784 785
6162 0 0 24309 30975 32409 33319 37412 37592 39330 44592 44599 44606 44607 44608 44609 44610 44611 44612 44613 44614 44615 44616 44617
6163 0 0 30973 31012 32397 32400 32459 45583 46352 46359 46360 46361 46362 46363 46364 46365 46366
6164 0 0 30971 30986 32384 32399 32400 32401 32402 32403 32404 32405 32406 32407 32408 32409
6165 0 0 39339 39351 44598 44607 46356 46363 46383 50007 50026 50052 50065 50068 50070 50071 50072 50073 50074 50075 50076
6166 0 0 13052 20998 21002 21137 24373 29208 29432 29435 37957 37978 37991 38008 38032 38035 38036 38037 38038 38039 38040 38041 38042 38043 38044
6167 0 0 37952 37956 37962 37963 37964 37965 37966 37967 37968 37969 37970 37971 37972
6168 0 0 3270 3314 3317 3434 6507 6518 6778 6782 6783 53830
6169 0 0 1098 1105 2083 2100 3316 3424 3432 3440 3441 3442 3443 53831
6170 0 0 45176 45185 45190 45193 45262 46954 49834 49847 49848 49849 49850 49851 49852 49853
6171 0 0 15853 15879 24137 24138 24139 24140 24141 24142 24143 24144 24145 24146 24147
6172 0 0 40250 40267 46955 49845 49847 49857 49875 49880 50963 50977 50987 51011 51026 51027 51028 51029 51030
6173 0 0 24153 24161 24180 24188 24202 33038 33062 33072 33146 45171 45186 45191 45192 45193
6174 3 3 9864 10144 22337 22394 22409 22798 31477 33773 33781 33782 33783 33784 33785 33786 33787
6175 3 3 14477 22296 22309 22317 22335 22344 22349 22372 22376 22377 22378 22379 22380
6176 3 3 8513 8951 8966 9862 10142 22299 22319 22329 22334 22335 22336 22337 22338 22339 22340 22341
6177 3 3 9484 22356 22380 22390 22403 22406 22408 22409 22410 22411 22412 22413 22414 22415 22416 22417 22418
6178 4 4 2022 12061 12099 13041 19715 19741 19746 23676 23716 23726 23727 23728 23729 23730
6179 4 4 138 351 1273 1296 1348 2021 12060 14716 19721 19730 19731 19732 19733 19734 19735 19736 19737
6180 0 0 390 1355 6325 6343 7180 7411 12478 13123 13134 13144 13149 13150 13151 13152 53832
6181 0 0 386 1361 1362 1363 1364 1365 1366 53833 53834
6182 0 0 28264 28300 28325 29266 29275 29285 29301 29302 29303 29304 29305 29306 29307 29308 29309 29310 29311
6183 0 0 28304 29325 38436 38454 38471 38473 38474 38475 38476
6184 0 0 28408 37408 38412 38633 41532 41549 41559 41562 41563 41564 41565 41566 41567
6185 0 0 38625 41541 41542 41543 41544 41545 41546 41547 41548
6186 0 0 1116 1122 1245 1246 1247 1248 1249 53835
6187 0 0 1114 1126 3595 3764 3771 3772 3773 3774 3775 3776 3777 3778 3779 53836
6188 3 3 2691 6185 6198 6615 6616 6617 6618 6619 6620 6621 6622 6623 6624 6625 6626 6627
6189 3 3 2647 2653 2654 2655 2656 2657 2658 2659 2660 2661 2662 2663 2664 2665 2666 2667 2668 2669
6190 3 3 1005 1152 2666 2675 2710 6197 6621 6629 6637 6638 6639 6640 6641 6642 6643 6644 6645
6191 3 3 2653 2673 2682 2683 2684 2685 2686 2687 2688 2689 2690 2691 2692
6192 2 2 10975 20285 22524 22563 22578 22584 22597 22781 22826 22834 22864 32083 33759 33760 33761 33762 33763 33764 33765 33766 33767 33768 33769
6193 2 2 20294 20628 22519 22535 22536 22537 22538 22539 22540 22541 22542 22543 22544 22545 22546 22547
6194 0 0 22136 27738 27749 27754 27766 30776 30806 30829 30837 30850 30851 30852 30853 30854 30855
6195 0 0 27736 27745 27751 27756 27771 27783 30543 30844 36849 39496 39513 39514 39515 39516 39517 39518
6196 0 0 35688 41269 41283 41313 43132 43169 43177 43184 47488 47519 47522 47523 47524 53837
6197 0 0 26108 31143 31144 31145 31146 31147 53838
6198 0 0 26102 31144 31151 35676 35687 43101 43133 43162 43170 43178 43179 43182 43183 43184 43185 53839
6199 0 0 31146 35681 35686 43840 43854 43869 47487 47509 47516 47523 53840
6200 4 4 20819 21605 21606 21607 21608 21609 21610 21611 21612 21613 21614 21615 21616
6201 4 4 13202 13350 13351 13352 13353 13354 13355 13356 13357 13358 13359 13360 13361 13362 13363
6202 3 3 27543 27555 27560 27576 27582 27583 27584 27585 27586 27587 27588 27589
6203 0 0 19008 19026 27486 27537 27557 27565 27568 27569 27570 27571 27572 27573 53841
6204 3 3 32671 34090 34091 34092 34093 34094 34095 34096 34097 34098 34099 34100 34101 34102 34103 34104
6205 3 3 32665 34898 34954 34955 34956 34957 34958 34959 34960 34961 34962 34963 34964 34965 34966 34967
6206 3 3 34900 34961 34968 35001 40795 42742 42780 42795 42801 42802 42803 42804 42805 42806 42807 42808
6207 3 3 32659 32660 32661 32662 32663 32664 32665 32666 32667 32668 32669 32670 32671 32672 32673
6208 0 0 31834 40114 40124 40136 42317 46978 46994 47004 47011 47012 47013 47014 47015 47016
6209 0 0 31480 33772 33785 40100 40101 40102 40103 40104 40105 40106
6210 4 4 11003 14729 17657 17672 17687 19428 22514 22553 22572 22898 22937 22954 23511 32016 32027 32029 32069 32071 32072 32073
6211 4 4 22840 22841 22842 22843 22844 22845 22846 22847 22848 22849 22850 22851
6212 4 4 11002 14725 22287 22515 22552 22574 22846 22861 22866 22878 22882 22897 22898 22899 22900 22901 22902 22903 22904 22905
6213 4 4 22558 22849 22873 22896 22907 22934 22939 22948 22960 23548 29165 32015 32033 32039 32058 32065 32066 32067 32068 32069 32070
6214 0 0 43350 43388 44262 44275 46147 46207 49428 49637 50551 50567 50574 50581 50584 50585 50586
6215 0 0 36488 36500 43409 43420 44268 46208 49426 49446 49457 49469 49480 49491 49492 49493 49494 49495 53842
6216 0 0 36496 43414 44258 44272 44282 46212 49414 49427 49438 49449 49456 49462 49463 49464 49465 49466 49467 49468 49469 49470
6217 0 0 43408 46213 49495 50555 50583 50589 50591 50592
6218 3 3 30883 47979 48011 48012 48013 48014 48015 48016 48017
6219 3 3 47976 47989 48004 48033 48037 48044 48045 48046 48047 48048 48049 48050 48051
6220 0 0 12693 12704 17426 17454 18553 24345 24444 24455 24460 29955 33593 41966 41985 41993 42000 42001 42002 42003 42004 42005 42006 42007 42008
6221 0 0 41976 42012 42042 50309 50333 50352 50355 50356 50357 50358
6222 3 3 6144 6156 6157 10583 10846 10861 11197 11202 11215 11225 11237 11293 17100 18219 26588 26669 26676 26683 26690 26692
6223 3 3 11189 18119 18126 26271 26470 26576 26613 26639 26647 26648 26649 26650
6224 3 3 6155 6235 10584 11187 11188 11189 11190 11191 11192 11193 11194 11195 11196 11197 11198
6225 3 3 26570 26571 26572 26573 26574 26575 26576 26577 26578 26579 26580 26581 26582 26583 26584 26585 26586 26587 26588 26589
6226 3 3 1468 1484 1494 1542 1553 3930 3959 3960 3961 3962 3963 3964 3965 3966 3967 3968 3969 3970 3971
6227 3 3 478 495 1479 1539 2189 3976 4850 4858 4868 4869 4870 4871 4872 4873 4874 4875 4876 4877
6228 3 3 103 476 494 1472 1477 1478 1479 1480 1481 1482 1483 1484 1485 1486 1487
6229 3 3 1541 3970 3980 4859 4870 6465 6466 6467 6468 6469
6230 0 0 24395 24396 24397 24398 24399 24400 24401 24402 24403 24404
6231 0 0 33573 33580 33588 33607 33616 36312 36319 36334 41997 42050 47671 47689 47704 47725
6232 0 0 32669 34091 34892 34893 34894 34895 34896 34897 34898 34899 34900 34901 34902 34903 34904 34905 34906
6233 0 0 34097 34469 34973 36574 40797 42737 42769 42782 42787 42789 42790 42791 42792 42793 42794 42795 42796
6234 4 4 20460 20475 20494 25742 25746 25751 26551 26558 26559 26560 26561 26562 26563 26564 26565
6235 4 4 25761 26721 26735 26746 26750 26783 35333 35349 35350 35351 35352 35353
6236 4 4 18143 20456 20477 20488 20496 25737 25756 26552 26559 26665 26685 26733 26741 26747 26750 26751 26752
6237 4 4 35333 35334 35335 35336 35337 35338 35339 35340 35341 35342 35343 35344 35345 35346 35347 35348
6238 0 0 16055 21346 24248 24249 24250 24251 24252 24253 24254
6239 0 0 24268 29725 29728 29781 30005 33490 37640 38594 38598 38599 38600 38601 38602 38603 38604 38605 38606
6240 2 2 2892 2909 3798 3816 3826 7483 7529 7547 7557 13480 13504 17430 17622 17625 17626 17627 17628 17629
6241 2 2 2893 2912 3800 5629 7485 10898 17351 17382 17393 17394 17395 17396 17397 17398 17399 17400
6242 0 0 36414 38986 38998 39010 39012 39013 53843
6243 0 0 10219 30718 36417 38983 38999 39003 39004 39005 39006 39007 39008 39009 53844
6244 0 0 31076 31077 31078 31079 31080 31081 31082 31083 31084 31085 31086 31087 31088 31089 31090 31091 31092 31093
6245 0 0 31039 31040 31041 31042 31043 31044 31045 31046 31047 31048 31049 31050 53845
6246 0 0 21648 30276 30282 30303 30314 30315 53846
6247 0 0 20017 21659 29223 29226 30185 30262 30278 30285 30293 30301 30306 30316 30317 30318 53847
6248 0 0 10976 22530 22587 23401 33753 33760 37238 42286 42322 42341 47000 47005 47251 47915 47919 47923 47938 47952 47957 47966 47972 47975
6249 0 0 33769 42263 47936 47964 47968 47970 47973 47974
6250 3 3 33069 33147 38655 40249 40273 40282 45189 46930 46932 46956 49844 49848 49858 49867 49880 49881 49882 49883 49884
6251 3 3 28397 33090 33106 33157 38628 38640 38646 38653 41546 42131 42146 45182 45205 45243 45254 45255 45256 45257 45258 45259 45260 45261 45262 45263 45264
6252 0 0 9149 9905 10352 14437 22242 22248 22991 23015 23027 23031 23032 23033 23034 23035
6253 0 0 9911 10356 14439 14448 14451 14452 14453 14454 14455 53848
6254 4 4 11614 11682 11732 14098 16034 22051 22062 22081 27288 27299 39377 39378 39379 39380 39381 39382 39383 39384 39385 39386 39387 39388 39389
6255 4 4 46572 46573 46574 46575 46576 46577 46578 46579 46580 46581 46582 46583 46584
6256 0 0 10434 10721 11942 11950 11986 17064 17071 17075 17076 17077 53849
6257 0 0 10727 11934 11955 11983 11989 13280 13290 13291 13292 13293 13294 13295 13296 13297 53850
6258 0 0 11917 11918 11919 11920 11921 11922 11923 11924 11925 11926 11927 11928 11929 11930 11931
6259 0 0 3832 6888 10721 10722 10723 10724 10725 10726 10727 10728 10729 10730 10731 10732 10733 53851
6260 0 0 21119 21125 21133 21672 21681 21695 21704 21705 21706 21707 21708 21709 21710 21711 21712 21713 21714 21715 53852
6261 0 0 27469 27477 27529 29340 29343 29351 29353 29360 29369 29375 29381 29385 29386 29387 29388 29389 53853
6262 0 0 8065 8066 8067 8068 8069 8070 8071 8072 8073
6263 0 0 8085 8102 8121 9328 9346 15827 15830 15837 15838 15839 15840 15841 15842 15843 15844 15845
6264 0 0 12729 13217 13222 13223 13224 13225 13226 13227 13228 13229 13230
6265 0 0 7394 7571 13232 13315 13326 13346 13629 20875 20882 20914 20946 20949 20950 20951 20952
6266 3 3 12774 12799 21764 21773 31945 31965 31970 31971 31972 31973 31974 31975 31976 31977 31978 31979 31980
6267 3 3 13752 21742 21756 21772 31959 31963 31996 33232 34009 38708 38720 40546 40560 40565 40566 40567
6268 2 2 6172 11081 16072 16075 16101 17733 17765 17779 17799 17805 17813 17814 17815 17816 17817 17818 17819 17820 17821 17822 17823 17824
6269 2 2 9620 11053 11077 16081 16097 17760 17788 17796 17802 26832 26855 26869 26877 26899 26900
6270 2 2 11062 11074 11084 17759 17778 17785 17794 17795 17796 17797 17798 17799 17800 17801
6271 2 2 6173 10210 11357 16070 16074 16075 16076 16077 16078 16079 16080 16081 16082 16083 16084 16085 16086 16087 16088 16089
6272 0 0 32482 36459 36494 44671 44692 44708 49447 49455 49479 49486 49493 53854
6273 4 4 36457 36495 44646 44710 49441 49467 49472 49473 49474 49475 49476 49477 49478
6274 0 0 23970 23984 32480 36453 49444 49453 49461 49474 49481 49486 49487 49488 53855
6275 0 0 36475 36489 36491 36492 36493 36494 36495 36496 36497 36498 36499 36500 36501 36502 36503 36504 53856
6276 0 0 13048 19742 19747 27790 27808 35877 35888 35889 35890 35891 35892 35893 35894
6277 0 0 35930 35931 35932 35933 35934 35935 35936 35937 35938 35939
6278 0 0 40007 43977 43992 44009 44028 44047 46703 48094 49177 49185 49198 49201 49209 49210 49211 53857
6279 0 0 39820 44031 44035 46709 49174 49194 49200 49204 53858
6280 0 0 39832 40006 40011 43988 44010 44025 44027 44028 44029 44030 44031 44032 44033 53859
6281 0 0 49169 49170 49171 49172 49173 49174 49175 49176 49177 49178 49179 49180 49181 49182 53860
6282 3 3 11809 15688 16579 18288 18304 18313 18346 18766 18809 18822 23940 24904 24917 25286 34166 34203 34218 34219 34220 34221
6283 3 3 18753 18754 18755 18756 18757 18758 18759 18760 18761 18762 18763 18764 18765
6284 3 3 10120 16204 18762 18770 18778 18795 18824 24906 34172 34219 34261 34267 34274 34279 34289 34290
6285 3 3 11811 15686 16593 18753 18772 18789 18806 18807 18808 18809 18810 18811 18812 18813 18814 18815
6286 3 3 37559 45561 45645 45662 45701 45715 45724 45732 45742 49979 49991 50001 50002 50003
6287 3 3 39402 45709 45716 46594 46608 49978 49984 49994 49995 49996 49997 49998 49999 50000
6288 3 3 49983 49993 50000 50003 50008 50012 50018 50024 50045 50058 50060 50061 50062 50063 50064 50065
6289 3 3 27547 27551 37557 38094 38111 45655 45669 45686 45700 45707 45715 45716 45717 45718 45719 45720
6290 0 0 43463 43728 43733 43745 43760 43773 43785 43792 43794 43795 43796 43797 43798 43799 43800 43801 53861
6291 0 0 43726 43740 43759 43770 43772 43778 43779 43780 53862 53863
6292 3 3 7255 7502 10917 12408 13085 18568 18569 18570 18571 18572 18573 18574 18575 18576 18577 18578 18579
6293 3 3 13090 13103 18585 20071 21102 29259 29283 29289 29297 43675 46021 46042 50303 50323 50325 50326 50327 50328
6294 0 0 1471 1491 1550 1551 1552 1553 1554 1555 1556 1557 1558 1559 1560
6295 0 0 4103 4172 4173 4174 4175 4176 4177 4178 4179 4180 4181 4182 4183 53864
6296 0 0 37047 37054 37069 37078 37087 37095 37106 37117 38748 45019 45046 45091 45123 49757 49771 49772 49773 49774
6297 0 0 31949 37037 37051 37067 37075 37084 37088 37290 38671 38711 38736 45344 45347 45350 45351 45352 45353 45354
6298 4 4 14646 17666 17671 17672 17673 17674 17675 17676 17677 17678 17679 17680 17681
6299 4 4 32006 32007 32008 32009 32010 32011 32012 32013 32014 32015 32016 32017 32018 32019 32020 32021
6300 4 4 17665 17674 20979 22946 22947 29136 29142 29157 29164 32018 32030 32046 32068 32071 32076
6301 4 4 23508 23515 32009 32022 32023 32024 32025 32026 32027
6302 3 3 17577 19439 19533 22568 26170 26178 26179 26180 26181 26182 26183 26184 26185 26186 26187 26188
6303 3 3 14657 19393 19437 19539 22570 26151 26155 26156 26157 26158 26159 26160 26161 26162
6304 0 0 11574 11587 13053 16020 20999 21003 21136 21137 21138 21139 21140 21141 21142 21143 21144 21145 53865
6305 0 0 38120 38121 38122 38123 38124 38125 38126 38127 38128 38129 38130 53866
6306 0 0 29434 29445 38128 38146 38154 38160 38168 38178 38179 38180 38181 38182 38183 38184 38185 38186
6307 0 0 21005 21141 29209 29423 29424 29425 29426 53867
6308 3 3 7594 13663 15760 15784 19142 19182 19205 19211 19212 19213 19214 19215 19216
6309 3 3 18964 19138 19219 28523 30520 30533 30552 30566 30567 30568 30569
6310 3 3 4897 4913 4914 4915 4916 4917 4918 4919 4920 4921 4922 4923 4924
6311 3 3 8176 14203 18966 19132 19133 19134 19135 19136 19137 19138 19139 19140 19141 19142 19143 19144 19145
6312 0 0 18606 18612 18614 27229 27239 27240 27241 27242 27243 27244
6313 0 0 3149 3173 6283 6303 6385 11449 11465 11466 11467 11468 11469 11470 11471 11472
6314 0 0 15005 15029 15037 15051 15053 15103 15105 17037 22969 22970 22971 22972 22973 22974
6315 0 0 9043 15001 15012 15025 15030 15031 15032 15033 15034
6316 0 0 41026 41071 41231 43907 43938 43952 43956 43957 43958 43959
6317 0 0 34439 41018 41038 41049 41050 41051 41052 41053 41054 41055 41056 41057 41058 41059 41060 41061 41062
6318 0 0 20341 20349 21755 21770 28522 28533 31968 33009 33023 33220 33231 33232 33233 33234 33235 33236 33237
6319 0 0 9237 12787 12815 20337 20343 21766 23413 23414 23415 23416 23417 23418 23419 23420
6320 0 0 29417 38089 38137 38145 38187 38214 46068 46083 46521 50446 50458 50469 50476 50486 50489 50490
6321 0 0 27286 38176 38199 38209 38216 38231 38232 38233 38234 38235 38236 38237 38238
6322 3 3 13626 19816 20687 20696 20748 20872 20910 20915 20920 20931 20932 20933 20934 20935 20936 20937
6323 3 3 7389 7563 12283 19975 19981 19982 19983 19984 19985 19986 19987 19988 19989 19990 19991
6324 3 3 7393 7567 12081 12104 13325 13334 13625 19977 19988 20686 20696 20697 20698 20699 20700 20701 20702 20703
6325 3 3 7565 12709 12725 12765 12771 13266 19783 19810 19989 20691 20869 20879 20913 20922 20926 20927 20928 20929 20930 20931
6326 0 0 16564 16708 16733 18355 18364 18370 18371 18372 18373 18374 18375 18376
6327 0 0 6249 16715 16720 16729 18399 18403 25178 25208 25209 25210 53868
6328 0 0 37483 41804 41821 44441 44483 44493 45517 45531 51285 51771 51772 51773 51774 51775 51776 51777
6329 0 0 41798 41803 41815 41830 41835 41843 41844 41845 41846 41847 41848 41849 41850 41851
6330 3 3 34913 34926 34946 35142 42878 42909 43033 43051 43053 43054 43055 43056
6331 3 3 34917 34935 34942 34950 43041 43048 43065 43066 43067 43068 43069 43070
6332 3 3 43032 43033 43034 43035 43036 43037 43038 43039 43040 43041 43042 43043
6333 3 3 25523 26115 26122 34931 34937 34938 34939 34940 34941 34942 34943 34944 34945 34946 34947
6334 4 4 24463 24464 24465 24466 24467 24468 24469 24470 24471 24472 24473 24474 24475 24476 24477
6335 4 4 33623 42059 47744 47758 47759 47760 47761 47762 47763 47764 47765 47766
6336 3 3 39997 40010 40011 40012 40013 40014 40015 40016 40017 40018
6337 3 3 43980 44001 44016 46326 50603 50631 50640 50648 50652 50664 50665 50666
6338 3 3 39948 40003 40018 40023 40037 43704 43705 43706 43707 43708 43709 43710 43711 43712 43713 43714 43715
6339 3 3 43972 43973 43974 43975 43976 43977 43978 43979 43980 43981 43982 43983 43984 43985 43986 43987 43988
6340 0 0 22497 22510 33779 38939 40100 40120 40127 40167 42315 46922 46988 47012 47028 47038 47040 47041 47042 47043
6341 0 0 14735 22276 22501 31546 31558 31826 31830 40129 40132 46878 46889 46893 46906 46910 46915 46916 46917 46918
6342 0 0 22817 22831 31474 40103 40111 40117 40125 40133 40150 40165 46880 46897 46911 46914 46917 46919 46920 46921
6343 0 0 22504 31824 31829 40380 40389 46984 46993 47016 47024 47027 47034 47035 47036
6344 0 0 12409 12578 12600 12602 12603 12604 12605 12606
6345 0 0 7302 12415 12584 12598 12610 12621 12633 12638 12639 12640 12641 12642 12643 12644
6346 0 0 18709 22046 27277 27297 36448 37604 39385 39405 39406 39407 39408 39409 39410 39411 39412 39413
6347 0 0 36447 37596 37607 44587 44600 44609 44637 44723 46622 46633 49523 50030 50054 50076 50079 50080 50084
6348 0 0 44541 44569 44578 46585 51296 51745 51762 51766 51767 51768 51769 51770
6349 0 0 47660 50744 51228 51248 51252 51273 51277 51281 51797 51807 51817 51821 51940 51962 51971 51977 51982 51987
6350 0 0 51751 51758 51765 51770 51777 51782 51786 51789 51793 51795 51796 51805 51813 51822 51930 51947 51948 51949 51950 51951
6351 0 0 38227 38295 44523 44571 47655 51279 51298 51744 51801 51808 51816 51817 51818
6352 0 0 814 1579 1601 2146 2147 2148 2149 2150 2151 53869
6353 0 0 505 546 548 732 1585 1599 1603 2165 2167 2168 53870 53871
6354 2 2 10979 22532 22582 22653 26209 31601 31618 31633 31644 33756 36071 42320 42346 44151 47836 47894 47898 47906 47913 47918 47919 47920
6355 2 2 17563 20287 20632 22533 22540 24233 36075 36085 37239 44159 47249 47272 47275 47839 47857 47904 47912 47916 47923 47924
6356 0 0 7726 8364 15528 15553 15575 15578 15589 15590 15591 15592 15593 15594 15595 15596 15597 15598 15599 15600 15601
6357 0 0 15530 15559 15604 23518 23619 23624 23632 23636 23637 23638 53872
6358 0 0 5050 7716 8368 9425 15522 15523 15524 15525 15526 15527 15528 15529 15530 15531 15532 53873
6359 0 0 15555 15568 15576 15601 23516 23517 23518 23519 23520 23521 23522 23523 23524 23525 53874
6360 0 0 25638 25650 25658 25684 25697 33945 35260 35274 35281 35290 35316 35320 35323 35324
6361 0 0 16940 23070 25629 25654 25693 25702 35252 35277 35279 35283 35284 35285 35286 35287
6362 3 3 8790 8801 8837 8839 8840 8841 8842
6363 0 0 10258 10265 10271 10277 10282 10286 15211 15220 15222 15231 15243 15258 15262 15268 15287 15288 15289 53875
6364 3 3 4775 4782 4786 4794 4799 8788 8835 10257 10264 10267 10272 10273 10274 10275 10276 10277
6365 3 3 8800 8910 9173 10270 10281 15210 15224 15233 15257 15263 15273 15280 15286 15287
6366 0 0 41759 41760 41761 41762 41763 41764 41765 41766 41767
6367 0 0 21332 21345 28406 28625 33212 33395 33415 38408 41738 41746 41756 41785 41793 41796 41829 41832 41833 41834 41835 41836 41837
6368 3 3 2664 2690 6626 6632 6659 6689 6720 6737 7347 7357 10394 10395 10396 10397 10398 10399 10400 10401 10402 10403
6369 3 3 6616 6733 7344 10407 12010 12026 14993 17216 19377 19470 19499 19510 19550 19555 19556 19557 19558 19559 19560
6370 3 3 6711 6721 6732 10402 10404 14749 14849 17212 19331 19353 19375 19473 19498 19508 19518 19529 19554 19556
6371 3 3 2689 6617 6631 7340 7341 7342 7343 7344 7345 7346 7347 7348 7349 7350
6372 0 0 2777 4378 4396 4533 8392 8442 8555 22450 22454 22460 22461 22462 22463 22464 53876
6373 0 0 4403 4519 4532 8370 8379 14536 14537 14538 14539 14540 14541 14542 53877
6374 0 0 2773 3354 4381 4384 4402 4532 4533 4534 4535 4536 53878
6375 0 0 22452 22459 22464 22471 22477 22484 27884 31580 31584 31591 40178 40206 40211 40216 40219 40220
6376 0 0 4848 4849 4850 4851 4852 4853 4854 4855 4856 4857
6377 0 0 2181 2182 2183 2184 2185 2186 2187 2188 2189 2190
6378 0 0 15614 23586 23601 23670 23690 23695 23696 23697 23698 23699 23700 23701 23702 23703 23704 53879
6379 0 0 23599 32174 32195 32286 40624 40640 40646 40651 40652 40653 40654 40655 53880
6380 0 0 8335 8342 23592 23596 23597 23598 23599 23600 23601 23602 23603 53881
6381 0 0 23703 32168 32169 32170 32171 32172 32173 32174 32175 32176 53882
6382 0 0 1323 3264 3312 6765 6779 6783 6784 6785 6786 53883
6383 0 0 1318 3250 3269 6502 6516 6775 6799 6814 6817 6818 6819 6820 6821 6822
6384 0 0 3435 6508 6525 6557 6764 6777 6778 6779 6780 6781 53884
6385 0 0 1086 1316 1317 1318 1319 1320 1321 1322 1323 1324 1325 1326 1327 1328 1329 1330 1331 53885
6386 3 3 7417 7423 12455 12471 12480 13121 13132 13133 13134 13135 13136 13137 13138 13139 13140 13141
6387 0 0 1354 1355 1356 1357 1358 1359 1360 53886
6388 0 0 11097 11346 16570 17865 17884 17891 18064 18071 18089 18391 18394 25255 26487 26502 26507 26513 26514
6389 0 0 3111 3118 3128 11337 11353 18047 18062 18065 18066 18067 18068 18069 18070 53887
6390 0 0 3102 11090 11281 11307 11323 11338 11352 17881 18067 18073 18088 18097 18396 26486 26506 26507 26508 26509 26510 26511 26512
6391 0 0 11343 16573 16711 17893 18046 18058 18059 18060 18061 18062 18063 18064 53888
6392 0 0 6369 11400 11492 11555 18535 18610 18633 18680 24349 27262 27269 33575 36304 36323 36328 36340
6393 0 0 11384 11394 11395 11396 11397 11398 53889
6394 3 3 43885 48539 48571 48585 48592 48873 48906 48911 48968 49148 49154 51485 51496 51525 51534 51535 51536 51537 51538 51539 51540
6395 3 3 35685 35689 41304 43175 43182 43842 43853 43872 43882 47485 47492 47507 47511 47513 47514 47515 47516 47517 47518 47519 47520 47521
6396 3 3 41307 43149 43168 43185 43875 43895 43930 47408 47503 47515 47524 48568 48578 48583 48587 48592 48593
6397 3 3 43845 43858 43868 43873 47513 48535 48569 48872 49146 49148 49149 49150 49151 49152
6398 0 0 7118 7130 7152 7157 7195 7196 7197 53890
6399 4 4 12575 12576 12577 12578 12579 12580 12581 12582 12583 12584 12585
6400 0 0 7123 7133 7196 7288 7290 7298 12416 12583 12608 12620 12631 12632 12633 12634 12635 12636 12637 53891
6401 0 0 7147 7156 7164 7191 11479 12582 12601 12607 12617 12628 12629 12630 53892
6402 0 0 95 380 453 7205 7206 7207 7208 7209 7210 7211 7212 7213 53893
6403 0 0 383 7229 7233 12464 12466 12483 12484 12557 13172 13177 13178 13179 53894
6404 0 0 4515 4516 4517 4518 4519 4520 53895 53896
6405 0 0 4546 4550 4715 4716 4717 4718 4719 4720 4721 4722 4723 53897 53898
6406 4 4 33965 37179 40589 40599 40609 42374 45048 45049 45050 45051 45052 45053 45054 45055 45056 45057 45058 45059 45060
6407 4 4 48131 50095 50108 50130 50134 50153 50161 50175 50178 50179 50180 50181
6408 4 4 42371 45051 48127 49820 50101 50107 50144 50154 50178 50806 51399 51406 51422 51425 51429 51430
6409 4 4 40607 45054 48129 48138 48147 48148 48149 48150 48151
6410 0 0 740 757 759 760 761 762 763 764
6411 0 0 755 1672 2218 2227 4237 5199 5216 8069 8089 8101 8109 8111 9299 9319 9326 9345 9349 13803 15810 15820 15825 15826 15827 15828 15829
6412 0 0 12917 15629 20610 20763 28863 28997 29023 29025 37686 37724 37737 37749 37754 37757 37762 37763
6413 0 0 28829 28836 28839 28843 28847 28852 28856 37717 37732 37739 37743 37744 37745 37746 37747
6414 0 0 513 524 562 586 1658 1668 1725 1729 1742 1747 1752 1757 1759 1760 1761 1762 1763
6415 0 0 523 813 1408 1409 1410 1411 1412 1413 1414 1415 1416 1417 1418 1419 1420 1421
6416 0 0 514 561 587 1412 1430 1727 1748 1759 1818 7931 7939 7946 7952 7953 7954 7955
6417 0 0 525 800 811 1409 1436 1568 1578 1594 1702 1708 1719 1730 1733 1734 1735 1736 1737 1738 1739
6418 0 0 648 660 663 666 2499 5037 5038 5039 5040 5041 53899
6419 0 0 643 658 668 684 708 709 710 711 712 713 714 715 53900 53901
6420 0 0 654 659 667 668 669 53902 53903
6421 0 0 642 643 644 645 646 647 648 649 650 651 652 653 654 655 656 53904 53905
6422 3 3 4847 9202 9208 15312 18933 18942 18943 18989 18999 20318 20319 20320 20321 20322 20323 20324
6423 3 3 2190 3974 4839 4848 4858 4859 4860 4861 4862 4863 4864 4865 4866 4867
6424 3 3 33187 33188 33189 33190 33191 33192 33193 33194 33195 33196 33197
6425 3 3 34336 34351 34364 34371 37134 37149 37150 37151 37152 37153 37154 37155 37156 37157 37158 37159 37160
6426 3 3 37135 37159 45026 45031 45032 45033 45034 45035 45036
6427 3 3 24463 24486 32862 33195 33259 33400 34335 34337 34338 34339 34340 34341 34342 34343 34344 34345 34346 34347 34348 34349 34350 34351
6428 3 3 24118 24125 32868 32952 32953 32954 32955 32956 32957 32958 32959 32960 32961 32962 32963 32964 32965 32966
6429 3 3 24221 24464 24483 32863 34340 41715 41732 47649 47760 47770 47778 47818 50755 51946 51958 51985 51988 51991 51994 51995
6430 0 0 27114 28695 28696 28697 28698 28699 28700 28701 28702 28703 28704 28705 28706 28707
6431 0 0 27120 27155 27330 32695 32711 36104 36121 36122 36123 36124 36125 36126 36127 36128 36129
6432 3 3 908 934 935 936 937 938 939 940 941 942 943 944 945 946 947
6433 0 0 466 467 468 469 470 471 472 473 474 53906
6434 0 0 32232 32233 32234 32235 32236 32237 32238 32239 32240 32241 32242 32243 32244 53907
6435 0 0 9427 14471 15529 15600 15603 22398 23617 23625 23631 23632 23633 23634 23635 53908
6436 0 0 9428 14460 14469 14503 14518 23629 23631 23645 31526 32240 32251 32256 32272 53909
6437 0 0 15598 23521 23542 23618 23623 23633 23637 23639 23655 23665 32126 32142 32157 32166 32221 32230 32237 32249 32264 32268 32270 32271
6438 3 3 14024 14042 14309 14324 21802 21899 30472 30497 30503 30513 30537 30562 30652 30677 31175 31192 31201 31203 31204 31205 31206 31207 31208 31209
6439 3 3 4901 13904 14028 19161 21818 21855 21871 21890 27713 30480 30483 30495 30499 30517 30529 30535 30541 30551 30556 30557 30558 30559 30560
6440 3 3 13898 21873 21879 30481 30494 30499 30500 30501 30502
6441 3 3 21807 27714 30489 30514 30523 30536 30537 30538 30539 30540 30541 30542
6442 0 0 23981 25163 27159 27177 27178 27179 27180 27181 27182 27183 27184 27185 27186 27187 27188 53910
6443 0 0 23965 23966 23967 23968 23969 23970 23971 23972 23973 23974 23975 53911
6444 0 0 18692 27285 29413 38090 38107 38118 38210 38237 39391 44547 46531 50447 50464 50467 50488 50490 50491 53912
6445 0 0 29414 38092 38137 38138 38139 38140 38141 38142 38143 53913
6446 4 4 42508 47059 47075 47096 48243 48253 48294 49752 49801 49825 50147 51398 51405 51415 51424 51426 51427 51428 51429
6447 4 4 42470 42482 42490 42498 42509 42533 47063 47080 47101 48231 48232 48233 48234 48235
6448 4 4 42506 42530 47061 47065 47078 47084 47089 47095 47096 47097 47098 47099 47100 47101 47102 47103 47104
6449 4 4 51391 51392 51393 51394 51395 51396 51397 51398 51399 51400
6450 0 0 2808 5857 5866 5876 10663 10669 10681 19476 19524 19526 19564 19568
6451 0 0 2780 4491 4522 5852 5859 10641 10666 10675 10682 10683 10684 10685 10686 10687 10688 10689 10690
6452 0 0 2672 5978 6186 6192 6193 6194 6195 6196 6197 6198 6199 6200 6201 6202 6203 6204 6205
6453 0 0 10440 10441 10442 10443 10444 10445 10446 10447 10448 10449 10450 10451 10452 10453 10454 10455 10456
6454 0 0 315 981 989 1011 1019 1020 1021 1022 53914 53915
6455 0 0 980 1009 1154 2694 2711 2716 2717 2718 2719 2720 2721 2722 2723 53916
6456 3 3 33633 42065 47824 47845 47852 47853 47854 47855 47856 47857 47858
6457 3 3 40237 44141 44160 47830 47849 47873 47878 47884 47888 47889 47890 47891 47892 47893 47894 47895
6458 3 3 26184 26228 26239 31602 31617 33691 35837 40240 47831 47858 47880 47887 47896 47897 47898 47899 47900 47901
6459 3 3 28918 33626 37361 37367 42064 47823 47844 47847 47848 47849 47850 47851 47852
6460 0 0 7103 9789 13370 13395 13396 13397 13398 53917
6461 0 0 211 217 226 1217 3614 3630 3643 3644 3645 3646 3647 53918
6462 0 0 208 409 1211 1219 3635 3641 3644 7100 9774 9781 9785 9786 9787 9788 9789 9790 9791 9792 9793
6463 0 0 3616 3643 7099 13398 28180 28202 44933 44946 53919
6464 0 0 20369 24467 32343 32345 33266 34370 39353 42649 45566 45580 45593 45601 45693 45862 46414 46430 47755 47777 47792 47799 47804 47811 47813 47814 47815
6465 0 0 12823 20368 32339 32350 32363 33271 37162 37184 42392 42393 42394 42395 42396 42397 42398 42399 42400 42401 42402 42403
6466 0 0 20360 20361 20362 20363 20364 20365 20366 20367 20368 20369 20370 20371 20372
6467 0 0 32335 32352 32354 37489 37514 45545 45560 45564 45565 45566 45567 45568
6468 0 0 31634 31642 31650 36074 44151 44152 44153 44154 44155 44156 44157 44158 44159 44160 44161
6469 0 0 16063 22626 24521 31645 35804 35819 35825 35855 40235 47883 47893 47922 49288 49301 49332 49345 49346 49347 49348 49349 49350 49351
6470 0 0 22623 22634 22644 22655 26208 31597 31609 31624 31643 31644 31645 31646 31647 31648 31649 31650
6471 0 0 44150 44161 47888 47908 49220 49251 49269 49286 49292 49302 49307 49334 49344 49346 49354 49355 49356 49357 49358 49359
6472 0 0 41349 41382 41395 41416 41421 45383 45392 45394 45395 45396 45397 45398 45399 45400 45401
6473 0 0 41330 41338 41368 41385 41390 41391 41392
6474 0 0 3155 6281 11424 11497 11561 27232 27250 27253 27254 27255 27256 27257
6475 0 0 3148 3171 3173 3174 3175 3176 3177 3178 3179 3180 3181 53920
6476 0 0 3151 3179 6276 6277 6278 6279 6280 6281 6282 6283 6284 6285 6286 6287 6288 6289 6290 53921
6477 0 0 3181 3188 3194 6350 6366 6389 18605 18607 18613 27230 27239 27245 27246 27247 27248 53922
6478 3 3 5578 13926 13935 13964 15340 15354 15387 16115 18939 23437 23443 23444 23445 23446 23447 23448 23449 23450 23451 23452 23453 23454 23455 23456
6479 3 3 15346 16104 16105 16106 16107 16108 16109 16110 16111 16112 16113
6480 3 3 28301 29271 29301 29313 29320 29321 29322 29323 29324 29325 29326 29327
6481 3 3 28266 29261 29276 29287 29311 35479 35511 38487 38529 43656 43667 43673 43674 43675 43676 43677 43678 43679
6482 0 0 11572 11585 11749 11783 18744 21139 21147 29425 29430 38132 38151 38153 38170 38185 38190 38193 38194 53923
6483 0 0 18710 18711 18712 18713 18714 18715 18716 18717 18718
6484 0 0 11569 11756 11771 11782 16019 18724 18743 18747 21138 21146 21147 21148 21149 21150 21151 21152 21153 21154
6485 0 0 11747 11748 11749 11750 11751 11752 53924
6486 0 0 10293 16906 16913 16916 16917 16918 16919 16920 16921 53925
6487 0 0 4824 5471 5514 5515 5516 5517 5518 5519 5520 5521 5522 5523 5524
6488 0 0 731 4766 5467 5520 8767 8849 10247 10248 10249 10250 10251 10252 10253 10254 10255 10256 10257 10258 53926
6489 0 0 4816 5465 5515 9095 10285 15195 15294 16905 16909 16920 16923 16985 16991 17040 22988 23001 23011 23016 23017 23018 23019 23020 23021 23022
6490 4 4 24905 24918 34174 34207 34220 34225 34244 34246 34251 34253 34262 34273 34284 34286 34290 34291 34292 34293
6491 4 4 16388 24831 24836 24901 24975 34138 34222 34232 34233 34234 34235 34236 34237 34238 34239
6492 0 0 1533 1903 1945 1950 3224 4016 4032 4035 4036 4037 4038 4039 53927 53928
6493 0 0 1536 4034 4040 4043 4044 4045 53929 53930
6494 3 3 37359 42069 42133 42139 42157 42163 44139 45113 47827 47847 47859 47870 47874 47875 47876 47877 47878
6495 3 3 24229 28916 33204 33627 36092 37097 37355 37366 37367 37368 37369 37370 37371 37372 37373 37374 37375 37376 37377
6496 3 3 36078 36089 37357 37369 44140 44155 45082 45112 47833 47848 47877 47889 47904 47905 47906 47907 47908 47909 47910 47911
6497 3 3 37205 37358 37373 37379 41704 42066 42142 42154 42160 42161 42162 42163 42164 42165 42166
6498 3 3 16140 16397 17940 17948 24858 26414 35064 35070 35097 35103 35974 35978 35995 36016 42612 42628 42636 42645 42646 42647 42648
6499 3 3 17957 26416 34119 35024 35061 35069 35971 35986 36045 36048 36061 44105 44113 44126 44132 44133 44134 44135 44136
6500 0 0 18230 18237 18245 25113 25138 26953 26974 27010 27018 27042 27058 27067 27068 27069 27070 27071 27072
6501 0 0 18239 25106 25109 25122 25125 25129 25130 25131 25132 25133 25134 25135 25136 25137 53931
6502 0 0 18080 18228 18231 18241 25098 25103 25113 25114 25115 25116 25117 25118 25119 25120 25121 25122 25123
6503 0 0 25998 27008 27022 27028 27037 27045 27064 27071 27077 27083 27084
6504 0 0 34918 34948 43016 43025 43027 43043 43063 43067 43071 43072 43073 43074 43075 53932
6505 0 0 43001 43002 43003 43004 43005 43006 43007 43008 43009 43010 43011 43012
6506 4 4 16105 24594 33799 33800 33801 33802 33803 33804 33805 33806 33807 33808 33809 33810
6507 4 4 16111 16120 23448 33812 33925 33930 33931 33932 33933 33934 33935 33936 33937 33938 33939 33940 33941 33942 33943 33944
6508 3 3 12707 12723 12738 12764 12773 13270 20867 20878 20888 20918 20919 20920 20921 20922 20923 20924 20925
6509 3 3 12758 20895 21363 21625 27987 29657 30044 30062 33176 38444 38452 38514 38539 38552 38554
6510 0 0 723 4767 5504 5513 10247 15240 15241 15242 53933 53934
6511 0 0 4773 10251 10275 10278 15243 15244 15245 53935 53936
6512 0 0 13362 20549 20830 35430 35438 35452 37772 37806 37807 37808 37809 37810 37811 37812 37813
6513 0 0 13208 21431 21505 21510 25771 25802 25814 35428 35434 35444 35445 35446 35447 35448 35449 35450
6514 4 4 39496 39497 39498 39499 39500 39501 39502 39503 39504 39505 39506 39507 39508 39509 39510 39511 39512
6515 4 4 14301 14307 21798 27734 31205 31214 36851 36852 36853 36854 36855 36856 36857
6516 3 3 9806 9813 9838 9848 11365 14629 17745 17822 22619 22625 22635 22636 22637 22638 22639 22640 22641 22642 22643 22644
6517 3 3 6177 9804 9829 9837 11355 16063 16064 16065 16066 16067 16068 16069 16070 16071 16072 16073
6518 0 0 6195 10521 10537 10747 10754 11034 11042 11048 11049 11050 11051 11052
6519 0 0 8644 8653 8659 10761 10763 10781 14935 14952 14969 14976 14978 14980 14981
6520 0 0 634 2135 2142 2939 8639 8657 8672 8680 10751 10753 10758 10759 10760 10761 10762
6521 0 0 10785 11019 11040 11252 14929 14963 14964 14965 14966 14967 14968 14969
6522 0 0 26134 35748 35753 35760 35762 35763 35764 35765 35766 35767 35768 35769 35770 53937 53938
6523 0 0 26132 26142 35773 35784 35788 35789 35790 53939 53940
6524 0 0 35770 35775 49169 49183 49184 49185 49186 49187 53941
6525 0 0 26132 26133 26134 26135 26136 26137 53942 53943
6526 3 3 36207 36226 36597 36666 36684 36709 36710 36711 36712 36713 36714
6527 3 3 23929 32606 36193 36221 36240 36604 36674 36719 36734 36744 36748 36749
6528 3 3 13518 26577 26619 26636 26651 26652 26653 26654 26655
6529 3 3 13499 26544 26572 26604 26611 26621 26622 26623 26624 26625 26626 26627 26628 26629 26630
6530 3 3 41022 41056 41064 41074 41087 41227 41273 41279 43958 43962 48472 48477 48478 48479 48480 48481 48482 48483 48484 48485
6531 0 0 31414 34885 41034 41078 41212 41215 41216 41217 41218 41219 41220 41221 41222 53944
6532 3 3 7602 7626 8129 8145 8854 13674 13676 13691 13706 13709 13716 13717 13718 13719 13720 13721 13722 13723 13724
6533 3 3 8857 21784 21785 21786 21787 21788 21789 21790 21791
6534 3 3 8860 9528 13689 13720 15574 21786 28509 30359 30397 30424 30435 30445 30448 30449 30450 30451 30452 30453
6535 3 3 7608 7620 7624 7633 7693 8856 13666 13677 13723 21790 23493 23494 23495 23496 23497 23498 23499
6536 0 0 6809 6913 6924 6929 6944 6952 6955 6956 6957 6958 6959 6960 53945
6537 0 0 1178 1320 1336 3454 3455 3456 3457 3458 3459 3460 3461 3462 3463
6538 0 0 1328 1333 3456 6772 6786 6806 6807 6808 6809 6810 6811 53946
6539 0 0 1186 3472 3475 3481 3490 3499 6897 6906 6912 6916 6917 6918 6919 6920 6921 6922
6540 3 3 23081 25660 33854 33865 33891 45431 49885 49895 49896 49897 49898 49899 49900 49901
6541 3 3 32637 33887 41032 41044 41098 41101 41141 41239 45437 45449 49904 49920 49924 49931 49932 49933 49934 49935 49936
6542 3 3 23073 25659 33857 35311 35327 41031 41092 45431 45432 45433 45434 45435 45436 45437 45438 45439 45440 45441 45442 45443 45444
6543 3 3 33833 33859 33888 33890 41104 41116 41139 41152 49899 49913 49934 49949 49955 49963 49968 49969 49970 49971
6544 0 0 1003 1147 2115 2126 5976 6199 6622 6637 6648 6710 6729 6740 6742 6751 6752 6753 6754 6755 6756
6545 0 0 631 636 637 638 639 640 641 53947
6546 3 3 16059 17709 20267 21326 21354 24540 26318 28596 28614 28620 28621 28622 28623 28624 28625 28626 28627 28628 28629 28630 28631 28632 28633 28634
6547 3 3 21328 21337 21338 21339 21340 21341 21342 21343 21344 21345
6548 2 2 15390 23432 23433 23434 23435 23436 23437 23438 23439 23440 23441 23442
6549 2 2 13860 15321 15331 15357 15358 15359 15360 15361 15362 15363 15364 15365 15366 15367 15368 15369
6550 0 0 27319 36196 36258 36582 36611 40962 40974 40991 41000 41015 42693 42696 42711 44748 44755 44756 44757 44758 44759 44760 44761 44762
6551 0 0 32754 36245 40989 40994 44166 44170 44178 44179 44180 44181
6552 0 0 27140 36238 36253 40963 40969 40970 40971 40972 40973 40974 40975 40976 40977 40978 40979 40980 40981 40982 40983
6553 0 0 27322 32708 32728 32745 32756 36189 36243 40968 40986 41001 41008 41009 41010 41011 41012 41013 41014 41015
6554 0 0 7043 7066 12290 12302 19821 19839 19857 19864 19924 19971 19997 19998 19999 20000 20001 20002 20003 20004 20005 20006
6555 0 0 20695 20703 20709 20713 20724 20730 20738 20741 20748 20749 20750 20751 20752 20753 20754
6556 0 0 3605 12082 12096 13327 19859 19862 19972 19998 20700 20707 20722 20725 20726 20727 20728 20729 20730
6557 0 0 19835 19950 20591 20594 20595 20596 20597 20598 20599 20600
6558 3 3 13895 18979 21844 21851 21867 21878 21879 21880 21881 21882 21883 21884 21885 21886
6559 3 3 4902 7968 14030 19127 21817 21818 21819 21820 21821 21822 21823 21824 21825 21826 21827
6560 3 3 12515 12516 12517 12518 12519 12520 12521 12522 12523
6561 3 3 7434 13168 20132 20146 20158 20159 20160 20161 20162 20163 20164 20165 20166 20167 20168 20169
6562 3 3 7401 7433 13167 13563 15746 20134 20159 20195 20208 20213 24012 24016 29549 29561 29562 29567 32811 32834 32842 32848 32853 32854 32855
6563 0 0 12554 12559 12564 12574 13161 20149 20168 20171 20179 20182 20183 20184 20185 53948
6564 0 0 2989 3001 3008 3028 5113 5119 5125 5126 5127 5128 53949
6565 0 0 2487 2990 3000 5115 5359 9534 9553 9554 9555 53950
6566 3 3 34421 36143 36519 36528 36571 44768 44781 44796 47311 47390 47399 47410 47411 47412
6567 3 3 34425 36094 36118 36138 36174 36515 36518 36530 36537 36538 36539 36540 36541 36542 36543 36544
6568 3 3 36517 36524 36536 36544 36549 36561 36566 44763 44776 44777 44778 44779 44780 44781 44782 44783
6569 3 3 34426 36107 36113 36137 36138 36139 36140 36141 36142 36143 36144 36145 36146 36147 36148
6570 0 0 5597 5604 5613 5635 10413 17042 17043 17044 17045 17046 17047 17048 17049
6571 0 0 3768 5617 5636 13535 13538 17051 17057 17058 17059 17060 17061 17062 17063
6572 3 3 26410 42577 43001 43208 43222 43314 43328 43564 44125 49097 49113 49131 49134 49136 49137 49138
6573 0 0 43528 43532 43538 49043 49057 49067 49086 49093 49107 49114 49121 49122 49123 49124 49125 53951
6574 0 0 16886 26403 35164 44119 44123 44130 49091 49106 49111 49112 49113 49114 49115 49116 49117 49118 53952
6575 3 3 35163 36014 43206 43216 43234 43543 43570 43580 48489 49059 49095 49110 49124 49127 49128 49129 49130 49131 49132 49133
6576 0 0 2111 4505 8491 8503 15300 23326 23381 23406 23407 23408 23409 23410 23411 23412 53953
6577 0 0 40382 40388 40393 40400 40404 46980 47009 47017 47021 47022 47023 47024 47025
6578 0 0 6687 6723 6736 8574 8583 10400 10411 14751 14825 14843 14844 14845 14846 14847 14848 14849 14850
6579 0 0 6670 8575 8585 8597 14809 14839 14854 14900 14905 14920 14921 14922
6580 0 0 27401 27407 31155 33870 39667 39675 39686 39687 39688 39689 39690 39691 39692 39693
6581 0 0 18834 18884 18893 22158 22172 22177 27395 27405 27410 27411 27412 27413 27414 27415 27416
6582 3 3 41121 41133 41143 41151 41156 41166 41326 41336 41355 41372 41377 41378 41379 41380 41381
6583 3 3 31388 31394 31403 31425 31435 32624 39738 39743 40046 40058 40063 40064 40065 40066 40067 40068 40069 40070 40071 40072 40073 40074
6584 3 3 32627 32631 33885 40065 41099 41111 41130 41134 41135 41136 41137 41138 41139 41140 41141 41142 41143
6585 3 3 31436 40041 40067 40084 40095 41147 41331 41353 41354 41355 41356 41357 41358 41359 41360 41361 41362 41363 41364 41365
6586 0 0 16534 23141 23167 23173 23184 23273 23341 23361 23364 23383 25093 31805 31814 31839 42299 42303 42312 42326 42327 42328
6587 0 0 31844 40397 42305 42311 46986 47018 47022 47030 47037
6588 2 2 3624 9355 9364 9374 9738 9754 15415 15502 15928 15941 15945 15955 15958 15964 15965 15966 15967
6589 2 2 7475 9351 9380 9636 9647 13437 13455 13460 15397 15477 15703 15715 15728 28128 28158 28173 28181 28192 28208 28210 28211 28212 28213
6590 2 2 9356 9370 9372 9373 9374 9375 9376 9377 9378 9379 9380
6591 2 2 9350 9371 15413 15492 15500 15966 28120 28159 28167 28171 28172 28173
6592 2 2 1928 1933 1940 2265 2266 2267 2268 2269 2270 2271 2272 2273
6593 0 0 1920 2566 4309 7753 7777 8188 8193 8213 8228 8229 8230 8231 53954 53955
6594 2 2 2273 2285 4307 7782 8187 8191 8192 8193 8194 8195 8196 8197 8198
6595 0 0 1920 1921 1922 1923 1924 1925 1926 1927 1928 1929 1930 1931 53956 53957
6596 0 0 35778 39658 39755 39762 39870 46739 46752 49207 50871 50888 50891 50892 50893 50894
6597 0 0 31355 35780 36774 39660 39763 39815 39843 39848 39853 39862 44039 50497 50505 50522 50532 50536 50537 50538
6598 0 0 13590 17237 21280 21321 21463 21488 21498 21520 25773 25796 25807 25809
6599 0 0 10738 12047 17255 21465 21500 21526 25774 25777 25806 25812 25819 25820 25821 25822
6600 3 3 16077 16667 16759 16777 16784 16792 17829 17876 17915 17917 18267 18319 18328 18329 18330 18331 18332 18333 18334 18335 18336
6601 3 3 18246 18247 18248 18249 18250 18251 18252 18253
6602 3 3 17770 17832 17843 18246 18262 18264 18290 18317 18329 18337 18338 18339 18340 18341 18342 18343 18344 18345
6603 3 3 16660 16661 16662 16663 16664 16665 16666 16667 16668 16669 16670 16671 16672 16673 16674
6604 4 4 1319 1339 3283 3458 3488 6496 6823 6824 6825 6826 6827 6828 6829 6830 6831 6832 6833 6834 6835
6605 4 4 14694 14700 14703 14715 14723 19289 19643 19693 22696 22705 22723 22727 22728
6606 4 4 6505 6828 6852 6860 6871 8592 8619 11857 11878 12197 14683 14692 14699 14797 14817 19279 19286 19287 19288 19289 19290
6607 4 4 6834 7334 12059 12069 12088 12095 12107 13328 13335 13342 13614 14693 14698 14701 14702 14703
6608 4 4 10182 25492 25493 25494 25495 25496 25497 25498 25499 25500 25501 25502 25503
6609 4 4 36651 36657 36664 36687 36694 36726 36745 42764 44827 44843 44859 44867 44868 44869 44870
6610 4 4 10180 16648 16652 25493 34492 34558 36645 36653 42593 42721 42759 42854 42872 42901 44828 44855 44862 44870 44871 44872
6611 4 4 25501 34471 34489 34532 34835 36659 36683 36690 36696 41172 41182 41199 41208 42856 42862 42889 42900 44826 44848 44860 44864 44865 44866 44867
6612 0 0 15515 23528 23552 23572 23581 32085 32107 32109 32110 32111 32112 32113 32114 32115
6613 0 0 15517 15543 23531 23536 23537 23538 23539 23540 23541 23542 23543 23544 23545 23546
6614 0 0 2844 2854 2869 2956 5934 5940 5945 5953 5954 5955 53958
6615 0 0 2113 2766 2781 2937 2946 4504 5937 5943 5948 5960 5962 5963 5964 5965 53959
6616 0 0 2855 2949 5938 5941 5955 5957 5961 5962 53960
6617 0 0 2769 2841 2860 2865 4496 5933 5939 5945 5946 5947 5948 5949 5950 5951 5952
6618 3 3 21645 21661 29201 29230 30135 30169 30176 30197 30200 30236 30257 30258 30259 30260 30261 30262 30263
6619 3 3 7400 7445 20211 21662 29547 29573 30161 30182 30204 30277 30284 30288 30313 30319 30321 32807 32819 32825 32832 32840 32841 32842
6620 3 3 21641 29574 30120 30163 30170 30177 30195 30198 30199 30200 30201 30202 30203 30204 30205 30206
6621 3 3 21652 21667 30263 30268 30281 30282 30283 30284 30285 30286 30287
6622 0 0 215 222 229 239 241 326 402 411 424 437 438 439 440 441 442 443 444 53961
6623 0 0 212 216 225 3613 3629 3630 3631 3632 3633 3634 3635 3636 3637 3638 53962
6624 0 0 7338 12105 12975 13311 13323 13330 13331 13332 13333 13334 13335 13336 13337 13338
6625 0 0 7377 12064 12067 12068 12069 12070 12071 12072 12073 12074 12075 12076 12077 12078
6626 3 3 23816 34379 40301 40311 40337 40352 40354 40355 40356 40357 40358 40359 40360 40361 40362 40363
6627 3 3 31744 40295 40314 40326 40327 40335 40350 40367 40726 40739 40740 40741 40742 40743 40744 40745 40746 40747 40748 40749
6628 3 3 9992 22982 23247 23811 31738 34381 40299 40329 40334 40335 40336 40337 40338 40339 40340
6629 3 3 40300 40308 40341 40342 40343 40344 40345 40346 40347 40348 40349 40350 40351 40352 40353
6630 0 0 12037 17247 19336 19362 19373 19380 19400 19401 19402 19403 19404
6631 0 0 11997 12012 12013 12014 12015 12016 12017 12018 12019 12020
6632 0 0 26141 35777 35789 39752 39765 39767 46751 49176 49193 49195 49205 49206 49207 49208 53963 53964
6633 0 0 39749 39756 39774 46725 46735 46738 46739 46740 46741 46742 46743 53965
6634 0 0 32438 32445 32531 32723 32739 32770 32771 32772 32773 32774 32775 32776 32777 32778 32779
6635 0 0 32758 32759 32760 32761 32762 32763 32764 32765 32766 32767 32768 32769
6636 0 0 27119 27318 32703 32716 32787 37616 41011 41510 41511 41512 41513 41514 41515 41516 41517
6637 0 0 32779 32789 32790 32791 32792 32793 32794 32795 32796 32797 32798 32799 32800 32801 32802
6638 4 4 35678 35697 35699 35706 43846 47520 48536 48551 48565 48570 48576 48588 48809 48819 48846 48854 48860 48868 48869 48870 48871 48872 48873
6639 4 4 43849 48538 48816 48852 48859 48905 48962 48969 49150 49158 51528 51535 51550 51551 51552 51553
6640 3 3 13675 13681 13714 13717 13855 13869 28472 28479 28499 28500 28501 28502 28503
6641 0 0 13693 13697 13708 13715 13724 13734 13853 13873 13876 13877 13878 13879 53966
6642 0 0 19450 19451 19452 19453 19454 19455 19456 19457 19458 19459 19460 19461 19462 19463 19464 19465 19466 19467 19468 19469 19470 19471 19472 19473 19474 19475 19476
6643 0 0 10993 11007 14658 17682 19419 19420 19421 19422 19423 19424 19425 19426 19427 19428 19429
6644 0 0 10632 17654 19444 19451 19486 19488 19489 19490 19491 19492 19493
6645 0 0 8692 10697 10983 14656 17569 19390 19420 19430 19431 19432 19433 19434 19435 19436 19437 19438 19439 19440 19441 19442 19443
6646 0 0 9083 9140 10379 10387 16942 16947 16948 16949 16950
6647 0 0 9066 15094 16934 16958 25632 25688 25689 25690 25691 25692 25693 25694 25695 25696
6648 0 0 9065 9120 15084 15111 16944 16951 16952 16953 16954 16955 16956 16957 16958 16959
6649 0 0 10367 10376 10388 16937 22266 25627 25628 25629 25630 25631 25632 25633 25634 25635
6650 3 3 44498 44509 44524 44543 44558 44568 44569 44570 44571 44572 44573 44574
6651 3 3 16037 24385 39379 44388 44497 44510 44518 44527 44528 44529 44530 44531 44532 44533 44534 44535
6652 3 3 44384 44446 44453 44501 44534 44538 44552 44553 44554 44555 44556 44557 44558
6653 3 3 11770 16036 18749 21149 38204 44494 44507 44508 44509 44510 44511 44512 44513
6654 3 3 7253 7501 10914 10915 10916 10917 10918 10919 10920 10921 10922 10923 10924 10925
6655 3 3 12682 13486 13487 13488 13489 13490 13491 13492 13493
6656 0 0 37430 37441 37450 37474 41770 41858 45455 45471 45472 45473 45474 45475 45476 45477 45478
6657 0 0 21330 28627 28639 37453 41767 41784 41795 41797 41816 41836 41841 41849 41855 41860 41861 41862 41863 41864
6658 0 0 28619 28634 28651 28659 37440 37447 37448 37449 37450 37451 37452 37453 37454
6659 0 0 20350 32454 32465 37423 37472 37482 41761 41773 41780 41787 41799 41809 41828 41832 41845 41852 41853 41854 41855 41856 41857 41858 41859
6660 2 2 26249 26261 26262 26263 26264 26265 26266 26267 26268 26269 26270 26271 26272
6661 2 2 6212 9614 11022 11249 17597 24553 26483 26643 26804 26808 26817 26824 26840 26854 26863 26864 26865 26866
6662 0 0 13072 13079 20255 21023 21041 21053 21056 21078 21079 21080 21081 21082 53967
6663 0 0 21014 21022 21067 21157 29454 29476 29494 29495 29496 53968
6664 3 3 16671 16797 16805 18275 18408 18436 23950 32537 32569 33707 40847 40860 40871 40881 40884 40885
6665 3 3 10216 16761 16780 16786 16795 16800 18409 25429 25444 33703 34624 34634 34635 34636 34637 34638
6666 3 3 16662 16762 16785 16787 16788 16789 16790 16791 16792 16793 16794 16795 16796 16797 16798 16799
6667 3 3 10205 16782 16803 18407 33706 34626 34636 34645 34655 34804 34808 40874 40880 40885 40891 42214 44198 44212 44213 44214 44215
6668 4 4 14550 14562 14564 14575 14665 20784 20798 25791 29057 31726 32075 33639 37775 37784 37790 37801 37823 37824 37825
6669 4 4 12965 14545 14557 14580 14635 20770 20801 25788 28768 28775 28776 28777 28778 28779 28780 28781 28782 28783
6670 0 0 8163 8164 8165 8166 53969 53970
6671 0 0 14089 14165 22009 22075 22091 27302 36405 36411 36419 36428 36434 36437 36438 53971 53972
6672 0 0 16873 26411 43004 43019 43119 43209 43315 43337 49102 49117 49136 49141 53973
6673 0 0 43022 43117 43562 49100 49118 49126 49132 49140 53974
6674 0 0 31046 31062 31067 31070 31071 31072 31073 31074 31075 53975
6675 0 0 14172 24613 26120 31060 31068 31139 34927 35131 35136 35137 35138 35139 35140 35141 53976
6676 4 4 46973 46974 46975 46976 46977 46978 46979 46980 46981 46982 46983 46984 46985 46986 46987 46988 46989
6677 4 4 4498 8497 10704 14733 22276 22277 22278 22279 22280 22281 22282 22283 22284 22285 22286 22287 22288 22289 22290
6678 4 4 4502 8492 22278 22500 23410 31819 31823 40391 46985 46995 47008 47026 47035
6679 4 4 10705 10977 22282 22564 22577 22580 22868 31816 31827 31835 33752 33761 40109 40137 46918 46975 46991 46998 47003 47004 47005 47006
6680 4 4 24708 24746 24758 24765 24876 24880 32325 34126 34135 34156 34162 34163 34164 34165
6681 4 4 23160 23207 23845 23849 23850 23851 23852 23853 23854 23855 23856 23857
6682 4 4 23232 23835 24712 24724 24730 24739 24767 24773 24774 24775 24776
6683 4 4 23848 23857 23866 23889 23909 24740 24741 24742 24743 24744 24745 24746 24747 24748 24749 24750 24751 24752 24753 24754
6684 0 0 9549 15672 23111 23139 23157 23161 23162 23163 23164 23165 23166 23167 23168 23169 23170 23171
6685 0 0 28442 28447 31745 31753 31768 31777 32288 33789 38924 42296 42331 42335 42348 42349 42350 42351 42352 42353
6686 0 0 8622 14761 14769 14770 14771 14772 14773 14774 14775 14776 14777 14778 14779
6687 0 0 8614 8630 12163 14794 14881 17260 17266 19325 19338 19341 19342 19343 19344 19345 19346 19347 19348 19349 19350
6688 3 3 26697 26705 26723 26727 26737 26782 28739 28763 29891 35335 35352 35355 35357 35358 35359 35360 35361 35362 35363 35364 35365 35366 35367
6689 3 3 25715 26543 26607 26626 26708 26731 26791 28748 29829 29855 29861 29863 29864 29865 29866 29867
6690 3 3 25713 25734 25741 26549 26561 26568 26704 26732 29863 35342 35353 35362 35383 35396 35398 35399 35400 35401 35402
6691 3 3 26696 26710 26769 26780 26793 28733 28736 28737 28738 28739 28740 28741 28742 28743 28744 28745 28746 28747 28748 28749
6692 0 0 6261 6406 6419 7169 11379 11444 11462 18483 18503 18626 18663 18676 18678 20098 20106 20109 20111 20113 53977
6693 0 0 12419 18596 20021 20036 20045 20046 20069 20089 20094 20100 20101 20102 20103 20104
6694 0 0 6266 7262 12418 18499 18578 18593 18624 18670 18672 20047 20090 20099 20102 20108 20110 20113 20114 20115
6695 0 0 3570 7127 7136 7158 7166 11438 20029 20041 20079 20093 20095 20104 20105 20106 20107
6696 0 0 11126 17978 18002 18016 18018 18019 18020 18021 53978
6697 0 0 11128 17932 17994 18006 18008 18009 18010 18011 18012 18013 53979
6698 0 0 34018 34031 34032 34033 34034 34035 34036 34037 34038 34039 34040 34041 34042
6699 0 0 10961 16819 24611 34023 34049 34052 34062 34073 34074 34075 34076 53980 53981
6700 3 3 27154 28358 28363 28376 28585 32720 32749 34329 36271 40972 40988 42671 42677 42689 42713 42716 42717 42718
6701 3 3 27121 27151 27320 28357 28365 32710 36123 37613 40971 40985 41012 42650 42668 42692 42699 42712 44747 44748 44749 44750 44751 44752 44753 44754
6702 3 3 8563 10653 17643 17667 22480 22512 22919 26274 27813 27824 27829 27832 27885 31569 31589 35899 36860 36875 36879 36883 36884 36885 36886 36887 36888
6703 3 3 2811 10633 10651 10680 11006 11846 14802 17645 17649 17650 17651 17652 17653 17654 17655 17656
6704 3 3 2814 5917 6553 8434 8560 8562 10635 10649 10650 10651 10652 10653 10654 10655 10656 10657 10658 10659 10660 10661
6705 3 3 17648 17656 17661 17694 19591 19689 19691 22517 22757 22771 26273 26274 26275 26276 26277 26278 26279 26280 26281 26282
6706 0 0 23959 32553 32564 32576 36201 36214 36228 41003 44341 44345 44346 44347 44348 44349 44350
6707 0 0 36210 36595 36681 36704 41176 44358 44370 44805 47532 47554 47569 47572 47576 47577 47578
6708 3 3 31692 31701 31711 31719 31723 31736 37382 37850 37869 37880 37884 37892 37922 37941 40251 40261 40262 40263 40264 40265 40266
6709 3 3 20776 20852 28816 28990 28992 31651 31652 31653 31654 31655 31656 31657 31658 31659
6710 3 3 28818 31654 31687 31695 31717 37660 37708 37710 37846 37864 37865 37866 37867 37868 37869 37870
6711 3 3 20839 20849 20955 24278 31657 31662 31686 31715 33139 33172 37711 40245 40259 40262 40272 40281 40286 40291 40292
6712 3 3 202 679 691 699 706 15127 15150 15153 15155 15156 15157
6713 3 3 52 62 67 195 677 697 727 4768 4780 4784 4795 4796 4797 4798 4799
6714 3 3 38635 38643 38647 38656 42061 42093 42117 42125 42126 42127 42128 42129 42130 42131 42132 42133 42134
6715 3 3 37200 37201 37202 37203 37204 37205 37206 37207 37208 37209
6716 3 3 37208 37365 37376 37380 38634 38651 40283 42063 42118 42130 42155 42160 45260 46923 46932 46933 46934 46935 46936 46937 46938
6717 3 3 37206 38618 41705 41724 41744 41755 42126 42135 42136 42137 42138 42139 42140 42141 42142 42143 42144
6718 0 0 29729 29786 30007 33491 37635 37639 37640 37641 37642 37643 37644
6719 0 0 45871 45872 45873 45874 45875 45876 45877 45878 45879 45880 45881 45882 45883 45884 45885 45886 45887 45888 45889
6720 4 4 22661 28798 32041 32048 37669 37700 37860 37898 37900 37924 37930 37931
6721 4 4 12958 14554 14670 17543 22664 22674 28792 29055 29063 29064 29065 29066 29067 29068 29069 29070 29071 29072
6722 4 4 14669 22666 22672 23556 23567 28799 29065 32012 32038 32047 32048 32049 32050 32051 32052 32053 32054 32055
6723 4 4 12959 22659 28795 28812 29058 29063 31691 31693 31694 31695 31696 31697 31698 31699 31700 31701
6724 3 3 33427 33455 38338 38363 38370 41959 50362 50380 50389 50394 50401 50406 51669 51671 51678 51686
6725 3 3 29713 29772 33424 33433 33447 33463 33481 33488 38314 38334 38345 38346 38347 38348 38349 38350
6726 0 0 2545 2552 6047 6048 6049 53982
6727 0 0 2533 2534 2535 2536 2537 2538 2539 2540 53983
6728 0 0 2537 2541 2542 2543 2544 2545 2546 2547 53984 53985 53986
6729 0 0 2540 2549 2557 6049 10955 16179 16332 16335 16814 16815 16816 16817 16818 16819 16820 16821 16822 53987 53988
6730 0 0 23965 26056 32483 34781 35533 35556 35571 35580 35602 35603 35604 53989
6731 0 0 26004 26008 27175 27209 33716 33730 34779 34799 34809 35541 35550 35610 35621 35629 35630 35631 35632 53990
6732 4 4 1501 2292 2305 2330 2333 2334 2335 2336 2337 2338 2339 2340 2341 2342 2343 2344
6733 4 4 2298 2346 2354 2363 4725 4734 4740 4741 4742 4743 4744 4745 4746 4747 4748 4749 4750
6734 4 4 25418 34822 34848 34855 34859 34870 36627 36628 36629 36630 36631 36632 36633 36634 36635
6735 4 4 36658 36688 36739 36746 44822 44838 44843 44844 44845 44846 44847 44848
6736 4 4 18814 18817 25373 32596 34612 36634 36638 36642 36727 40959 44823 44837 44845 44849 44850 44851 44852 44853
6737 4 4 34505 34543 34821 34834 34837 34871 36632 36660 36682 36708 36737 40960 41173 41187 41193 44367 44830 44839 44846 44864 44874 44876
6738 0 0 44952 44953 44954 44955 44956 44957 44958 44959 44960 44961 44962 44963 44964 44965 44966 44967
6739 0 0 12499 36996 36997 36998 36999 37000 37001 37002 37003 37004 37005
6740 0 0 2112 2764 4495 5936 5944 5947 5956 5960 5961 53991
6741 0 0 2851 2852 2853 2854 2855 2856 2857 2858 2859 2860 2861 53992
6742 0 0 3664 3665 3666 3667 3668 3669 3670 3671 3672 3673 3674 3675 3676 3677 3678 3679 3680 3681 3682 3683
6743 0 0 923 2587 2598 2600 2604 2605 2606 2607 53993 53994
6744 0 0 922 953 2604 3358 3665 3698 3699 3700 3701 3702 3703 3704 3705 53995
6745 0 0 2584 2592 3670 3709 3713 3715 3744 3805 3806 3807 3808 3809 3810
6746 3 3 12221 12493 21369 21395 27899 28280 35515 36999 37011 37017 38433 38449 38460 38462 38463 38464 38465
6747 3 3 12206 12223 19756 19766 19770 19771 19772 19773
6748 0 0 35161 36008 42609 42621 42625 42635 42636 42637 42638 42639 42640 42641 42642 42643 42644
6749 0 0 42586 42595 42596 42597 42598 42599 42600 42601 42602 42603 42604
6750 2 2 1374 9766 9772 12333 12342 13416 13432 13451 13464 13470 19794 19797 19804 19805 19806 19807 19808
6751 2 2 7480 13424 13430 13435 13436 13437 13438 13439 13440 13441 13442 13443 13444 13445 13446 13447
6752 0 0 12867 15611 20619 23681 23693 23702 23752 23753 23754 23755 23756 23757 23758
6753 0 0 15613 15621 23700 32170 32191 45967 45982 45994 46003 46016 46017 53996
6754 3 3 6159 10857 11210 11211 11212 11213 11214 11215 11216 11217 11218 11219 11220
6755 3 3 3675 6136 6161 7538 10814 10822 10831 10837 10844 10850 10851 10852 10853 10854
6756 0 0 3547 7199 7216 7457 12524 12525 12526 12527 12528 12529 12530 53997
6757 0 0 3551 7214 7458 7464 9776 13391 13401 13402 13403 53998
6758 0 0 7460 7463 12516 12540 12567 13368 13373 13383 13384 13385 13386 13387 13388 13389
6759 0 0 93 99 3549 7200 7211 7214 7215 7216 7217 7218 7219 7220 7221 53999
6760 0 0 1612 1622 1623 1624 1625 1626 1627 1628 1629 1630 1631 1632 1633 1634 54000
6761 3 3 506 507 508 509 510 511 512 513 514 515 516
6762 0 0 507 563 1616 1624 1639 1646 1647 1648 1649 1650 1651 1652 1653 54001
6763 3 3 512 1419 1425 1628 1635 1656 1714 1721 1728 1737 1744 1745 1746 1747 1748 1749 1750
6764 3 3 10899 10937 12680 12695 13490 13550 17354 17375 17383 17397 17419 17449 17619 21574 29973 35498 35857 35865 35870 35871 35872
6765 3 3 29942 29953 29970 35467 35478 35492 35502 35523 35859 43649 43659 44059 44066 44077 44089 44090 44091 44092
6766 3 3 35862 35869 35872 43604 43627 44052 44064 44069 44074 44075 44076 44077 44078
6767 3 3 7500 10922 13492 13526 13549 17452 18575 29944 29969 35470 35483 35491 35497 35498 35499 35500 35501 35502
6768 0 0 2477 2483 2995 4482 4627 5364 16503 16512 16521 16522 16523 54002
6769 0 0 656 1989 2466 2502 9472 10139 16499 16511 16516 16517 16518 16519 16520 54003
6770 0 0 7015 12268 12281 13249 28077 28093 28107 36921 36931 36934 36937 54004
6771 0 0 1188 3470 7012 7317 12263 12276 13307 13313 28076 28080 36924 36928 36938 36943 36947 36948 36949 54005
6772 0 0 11123 11139 16137 16144 16192 16199 16230 16270 16283 16389 17942 17947 17992 18004 24673 26414 26415 26416 26417 26418 26419 26420 26421 54006
6773 0 0 11129 16186 17931 17932 17933 17934 17935 54007
6774 3 3 17953 34122 42543 42556 42581 42582 42583 42584 42585 42586 42587 42588
6775 3 3 24641 25169 34108 34113 34566 42537 42549 42559 42560 42561 42562 42563 42564 42565
6776 3 3 34112 34115 34123 36024 42535 42548 42549 42550 42551 42552 42553 42554 42555 42556 42557 42558
6777 3 3 42538 42559 42585 42595 42616 42727 42815 42846 42850 42861 42869 42874 42886 43240 43252 43303 43320 43324 43329 43335 43336
6778 0 0 4526 4537 4538 4539 4540 4541 4542 4543 4544 4545 4546 4547 54008
6779 0 0 14741 14747 22605 31545 46874 46888 46892 46904 46906 46907
6780 4 4 19345 19366 19453 19477 19494 19574 19610 19621 19624 19625 19626 19627 19628 19629 19630
6781 4 4 17686 19570 19590 19591 19592 19593 19594 19595 19596 19597 19598 19599 19600 19601 19602 19603 19604
6782 0 0 1178 1179 1180 1181 1182 1183 1184 1185 1186 54009
6783 0 0 1189 3464 3465 3466 3467 3468 3469 3470 3471 3472 3473 54010
6784 0 0 17462 24429 24433 25834 25856 25869 25922 25947 25953 25957 25960 25961 25962 25963 25964
6785 0 0 25854 29751 29768 33420 33431 33508 33555 35661 35675 36383 36387 41906 41917 41944 41945 41946 41947
6786 0 0 17467 24437 24442 25851 25867 26009 29746 29747 29748 29749 29750 29751 29752 29753 29754 29755
6787 0 0 25840 25850 25862 25871 25874 25943 25959 25964 33509 41884 41898 41899 41900 41901 41902 41903
6788 3 3 13066 38014 38020 38033 38036 38046 38062 38071 38079 38080 38081 38082 38083
6789 3 3 11578 11586 13063 16018 16026 21006 21054 21136 24360 24367 24368 24369 24370 24371 24372 24373 24374 24375 24376 24377
6790 0 0 32766 41490 46458 48702 48736 48765 48767 48778 50259 50281 50282 50284 50285 50286 50287 50288 50289
6791 0 0 45836 45854 46443 50255 50268 50269 50270 50271 50272 50273 50274
6792 0 0 37601 46380 50032 50043 50056 50073 50082 50085 50088 50089 50090
6793 0 0 31038 39356 45691 45780 46385 48715 48732 48750 48781 48791 48795 48797 48798
6794 0 0 32449 43439 45846 45868 46368 46377 46388 46393 46394 46395 46396 46397 46398 46399 46400
6795 0 0 45748 45756 45761 45771 45774 45781 46389 48690 48749 48782 48787 48797 50019 50036 50037 50038 50039 50040 50041 50042 50043
6796 3 3 28329 29571 29664 29686 30055 30071 30076 30099 30105 30114 30139 30155 30159 30160 30161 30162 30163 30164 30165 30166 30167
6797 3 3 13560 20142 21374 21391 28282 28283 28284 28285 28286 28287 28288 28289 28290 28291 28292 28293 28294 28295 28296 28297 28298 28299
6798 3 3 21381 21389 28291 28332 29662 29663 29664 29665 29666 29667 29668 29669 29670
6799 3 3 28284 28317 28327 29256 29329 29516 29534 29554 29557 29569 29570 29571 29572 29573 29574 29575
6800 3 3 13768 13788 13794 13806 13810 13811 13812 13813 13814 13815
6801 0 0 1513 5205 7372 7643 13037 13755 13766 13773 13774 13775 13776 13777 13778 13779 13780 54011
6802 0 0 3838 6886 12199 12208 12209 12210 12211 12212 12213 54012
6803 0 0 6882 6890 12202 12220 13264 13275 17199 19771 21242 21394 21593 27898 27899 27900 27901 27902 27903 27904 27905 27906 27907
6804 3 3 11248 17596 17614 18151 18172 18176 20409 20421 26761 26766 26776 26789 26799 26800 26802 26803 26804 26805 26806 26807
6805 3 3 17582 17599 17606 18109 18155 18178 18191 18192 18193 18194
6806 3 3 15979 21202 24029 24038 24046 24094 24209 32899 33055 41569 41583 41586 41587 41588 41589
6807 3 3 24022 24032 24048 24088 24110 29392 29406 29407 29408 29409 29410 29411 29412
6808 0 0 13195 36987 36991 36994 36995 54013
6809 0 0 9674 9695 13200 24026 24039 29586 32936 32946 36983 36984 36985 36986 36987 36988 36989 54014
6810 0 0 888 1039 1049 1060 3085 3091 3092 3093 3094 3095 3096 3097 3098 3099 3100 3101 54015
6811 0 0 891 1035 1046 3112 3124 5715 54016 54017
6812 0 0 886 1033 1034 1035 1036 1037 1038 1039 1040 54018 54019
6813 0 0 890 1048 3064 3087 3094 3108 3113 3119 3120 3121 3122 3123 3124 3125 3126 3127 3128 54020
6814 3 3 20275 20313 21334 28628 33206 33207 33208 33209 33210 33211 33212 33213 33214 33215 33216 33217
6815 3 3 41750 41758 42140 42161 44146 47874 49278 49303 49309 49310 49314 49328 49329
6816 3 3 49266 49267 49268 49269 49270 49271 49272 49273 49274 49275 49276 49277 49278 49279 49280 49281
6817 3 3 21336 28632 33207 33396 38407 38619 41722 41741 41743 41744 41745 41746 41747 41748 41749 41750
6818 0 0 6341 7143 7177 7182 7189 11476 11477 11478 11479 11480 11481 11482 11483 11484 11485 11486 54021
6819 0 0 3559 6319 6346 7117 7125 7139 7150 7157 7158 7159 7160 7161 7162 7163 7164 54022
6820 0 0 7144 7149 7163 11477 12580 12588 12611 12614 12615 12616 12617 12618
6821 0 0 392 1365 6329 6340 6341 6342 6343 6344 6345 6346 6347 6348 6349 54023 54024
6822 0 0 30983 39335 39340 44593 44595 44596 44597 44598 44599 44600 44601 44602 44603 44604 44605
6823 0 0 20357 30966 30980 37479 39346 45484 45528 46643 50004 51752 51759 51788 51794 51796
6824 3 3 776 2450 2461 4557 5072 8917 15136 15163 15171 15174 15183 15186 15187
6825 3 3 4562 4567 4579 5057 8732 8876 8881 8914 8923 8927 8928 8929 8930 8931 8932 8933 8934
6826 0 0 39816 39840 39849 39854 46818 50492 50503 50504 50505 50506 50507 50508
6827 0 0 46119 46124 46861 50495 50514 50520 50523 50524 50525 50526 50527 50528 50529 50530 50531 50532 50533 54025
6828 3 3 5256 5300 7843 7880 7886 10342 13922 13940 13941 13945 13959 13960 13961
6829 3 3 7797 7798 7799 7800 7801 7802 7803 7804 7805 7806 7807 7808 7809 7810 7811 7812 7813 7814 7815
6830 0 0 10647 10685 10987 10994 10995 10996 10997 10998 10999 11000 11001 11002 11003 11004 11005 11006 11007
6831 0 0 14728 22516 22886 22897 22912 22913 22914 22915
6832 0 0 37278 40406 40430 40432 40433 40434 40435 40436 40437 40438 40439 40440 40441
6833 0 0 5351 7720 7733 8361 23761 23782 23785 23792 28490 37249 37257 37265 37266 37267 37268 37269 37270 37271 37272 37273 37274
6834 0 0 15526 15599 22399 22423 23616 23627 23634 23639 23640 23641 23642 23643 23644 23645 23646 23647
6835 0 0 15549 22961 23649 23659 31528 31536 31541 32232 32245 32246 32247 32248 32249 32250
6836 0 0 51347 51354 51360 51367 51373 51379 51383 51390 51848 51857 51869 51870 51871 51872 51873 51874
6837 0 0 33808 48173 48178 48223 51318 51825 51844 51854 51855 51856
6838 0 0 51312 51321 51326 51331 51335 51386 51421 51824 51855 51863 51883 51886 51889 51894 51895 51896
6839 0 0 48168 48193 48204 48214 48230 51350 51368 51835 51838 51839 51840 51841 51842
6840 3 3 2802 2815 2821 5904 5915 5918 10640 10656 10670 10677 10678 10679 10680
6841 3 3 2816 5901 5923 6536 6549 6567 6569 10649 11842 11843 11844 11845 11846 11847 11848 11849 11850 11851 11852 11853
6842 0 0 5378 9571 9583 9584 9585 9586 9587 9588 9589 9590 9591 9592 9593
6843 0 0 5381 17945 35010 35022 35053 35063 35071 35077 43261 43267 43273 43284 43291 54026
6844 3 3 1411 1429 2153 3246 7954 7958 7976 19063 19097 19098 19119 19125 21932 27692 30575 30576 30577 30578 30579 30580
6845 3 3 4894 7971 13909 14026 14027 14028 14029 14030 14031 14032 14033 14034 14035 14036
6846 0 0 332 3586 3596 3775 7279 10929 13545 17364 17369 17406 17410 17415 17442 17455 17457
6847 0 0 329 1241 3575 3589 17366 17403 17417 17429 17438 17441 17445 17456 17458 54027
6848 0 0 330 3587 3594 3763 3771 5623 13546 17360 17400 17413 17428 17439 17440 17441 17442 54028
6849 0 0 3585 3592 3599 7241 7266 7267 7278 10932 17352 17368 17388 17401 17402 17403 17404 17405 17406 17407 17408 17409
6850 3 3 6856 8626 12158 12169 14680 14688 14711 19579 19630 19654 19656 19660 19661 19662 19663 19664 19665
6851 3 3 13045 14645 17678 17690 19596 19651 19669 19698 19705 22722 22729 22745 26284 29158 35884 35900 35906 35910 35911 35918 35920
6852 3 3 14682 19587 19594 19662 19682 19697 19703 22736 22750 22751 22755 22756 22757 22758 22759
6853 3 3 12075 14640 14704 19577 19598 19636 19641 19642 19643 19644 19645 19646 19647 19648 19649 19650 19651 19652 19653 19654
6854 0 0 48707 48763 48794 50263 50271 50287 50291 50296 50297
6855 0 0 24470 30997 31018 34369 37623 39354 42653 45602 45839 45853 45857 45858 45859 45860 45861 45862 45863 45864
6856 0 0 37620 37630 45833 45837 45849 45850 45851 45852 45853 45854 45855 45856
6857 0 0 39364 45575 45694 45777 45840 45863 45869 46391 46411 46432 46437 46445 47814 48713 48759 48780 48784 48790 48792 48793 48794 48795
6858 4 4 3463 3486 3497 6830 6838 6846 6865 6939 6949 12132 12144 12150 12151 12152 12153 12154 12155 12156 12157
6859 4 4 6859 6872 12171 13616 14679 14687 14688 14689 14690 14691 14692 14693 14694
6860 4 4 6846 6847 6848 6849 6850 6851 6852 6853 6854 6855 6856 6857 6858 6859
6861 4 4 3487 6826 7323 7333 7380 12071 12148 12151 12172 13306 13322 13337 13341 13614 13615 13616 13617 13618 13619 13620 13621 13622
6862 0 0 20626 22521 22535 22548 22549 22550 22551 22552 22553 22554 22555 22556 22557 22558
6863 0 0 20623 22541 22589 22847 22871 32014 32053 32058 32059 32060 32061 32062 32063 32064
6864 0 0 13906 19240 21800 27677 27705 27709 27710 27711 27712 27713 27714 27715 27716 27717 27718 27719 54029
6865 3 3 30508 30509 30510 30511 30512 30513 30514 30515 30516 30517 30518 30519 30520 30521 30522
6866 0 0 34256 34257 34258 34259 34260 34261 34262 34263 34264 34265
6867 0 0 5335 10107 10126 16189 16194 24835 24843 24844 24845 24846 54030
6868 0 0 12456 13115 13129 13137 20122 20126 20127 20128 20129 20130 20131 54031
6869 3 3 7155 7184 7185 7186 7187 7188 7189 7190 7191 7192 7193 7194
6870 3 3 7184 12599 12626 12638 13101 13125 20124 20126 21179 21194 28316 29510 29521 29531 29541 29563 44963 44996 45003 45010 45013 45014
6871 0 0 7183 7194 11478 12454 12479 12628 13115 13116 13117 13118 13119 13120 13121 13122 13123 13124 54032
6872 0 0 40424 40433 40482 40491 40515 40524 40538 40539 40540 40541 40542 40543 40544
6873 0 0 28463 37260 37270 37279 40439 40449 40479 45284 47154 47170 47171 47172 47173 47174
6874 3 3 25566 31444 35043 35085 35107 35982 35989 35997 35998 35999 36000 36001 36002 36003 36004 36005 36006
6875 3 3 8266 8285 8297 8324 9963 16894 25597 25606 25609 25612 31440 31456 35176 35195 35199 35207 35208 35209 35210 35211 35212
6876 3 3 8265 8288 8323 16895 25605 25614 25622 31442 31452 35109 35207 35999 43262 43276 43283 43286 43288 43292 43293 43294
6877 3 3 25571 25598 31443 35208 35215 35225 36004 43521 43529 43533 43534 43535 43536 43537 43538
6878 3 3 25157 32566 32676 32692 34512 36701 40852 40893 40910 40930 40944 40947 40948 40953 40954
6879 0 0 24558 25355 26006 27182 27206 32683 32688 33727 40851 40865 40879 40896 40901 40904 40905 54033
6880 3 3 24564 25349 25353 32587 33728 40844 40859 40883 40895 40904 40926 40937 40942 40943 40944 40945
6881 0 0 25159 27180 27207 32675 32684 32688 32689 32690 32691 32692 32693 32694 54034
6882 0 0 6100 6127 10445 10463 10475 10492 10493 10494 10495 10496 10497 54035
6883 0 0 3056 5763 6099 6124 10544 10545 10546 10547 10548 10549 10550 54036
6884 0 0 6098 10494 10502 10548 11156 11165 11166 11167 11168 11169 11170 54037
6885 0 0 5766 5834 6102 6112 6119 6120 6121 6122 6123 6124 6125 6126 6127 6128 54038
6886 0 0 4500 4527 4541 8489 14733 14734 14735 14736 14737 14738 14739 14740 14741
6887 0 0 4530 4537 8552 8570 10673 14742 22604 22608 22609 22610 22611 22612 54039
6888 0 0 4287 4291 4300 5110 8086 9501 12982 12993 13002 13005 13006 13007 13008 13009 13010 13011
6889 0 0 5206 7644 8091 12987 12991 13785 13797 13799 13800 13801 13802 13803 13804
6890 0 0 12990 12998 13004 13011 13015 13020 13026 13756 13789 13800 13807 29077 29082 29110 30329 30335 30394 30408 30414 30438 30440 30441 30442
6891 0 0 1680 1806 3952 4285 4301 5111 5201 7640 8067 8078 8086 8087 8088 8089 8090 8091 8092 8093 8094 8095 8096
6892 0 0 34025 34036 34048 34074 34079 34080 34081 34082 54040
6893 0 0 16182 16816 17504 24628 25539 34020 34041 34045 34051 34052 34053 34054 34055 34056 54041
6894 0 0 2252 3848 3878 6493 9654 9706 9719 21673 21693 21721 21722 21723 21724 54042
6895 0 0 3850 3865 3892 9651 15779 19067 19083 19091 21675 21690 21726 21730 21731 21732
6896 0 0 49161 49168 51523 51540 51563 51566 51567 51574 51580 51588 51596 51599
6897 0 0 49147 49152 49155 51489 51494 51527 51537 51541 51548 51549 51550
6898 4 4 2390 3013 3018 5312 5373 5397 9548 10156 23123 23203 23213 23218 23219 23220 23221 23222 23223 23224 23225
6899 4 4 9538 9545 9552 15670 23162 23216 28448 31749 31751 31752 31753 31754 31755 31756 31757
6900 4 4 2399 3012 3023 4630 4640 5307 5315 5368 5369 5370 5371 5372 5373 5374 5375
6901 4 4 9546 23115 23154 23163 23205 23214 23223 23251 23256 23861 28437 28446 28447 28448 28449 28450 28451 28452 28453
6902 0 0 234 255 324 406 419 1200 1205 1206 1207 1208 1209 1210 54043
6903 0 0 89 447 1199 1214 1222 1223 1224 1225 1226 1227 54044 54045
6904 0 0 16488 25020 25030 27138 34304 34311 34312 34313 34314 34315 34316 34317
6905 0 0 34306 34320 42684 42704 45150 48279 48306 48316 48321 48331 48332 48333 48334 48335 48336 48337
6906 3 3 3162 3192 3195 3209 6314 11371 11459 11469 11473 11490 18601 18617 18637 18640 18641 18642 18643 18644 18645
6907 0 0 6355 6374 6383 11373 18602 18609 18613 18614 54046
6908 3 3 3198 6378 11368 11369 11370 11371 11372 11373 11374 11375 11376
6909 0 0 3176 3186 3189 6357 6385 6386 6387 6388 6389 6390 54047
6910 3 3 30322 30323 30324 30325 30326 30327 30328 30329 30330 30331 30332 30333 30334
6911 3 3 30386 30387 30388 30389 30390 30391 30392 30393 30394 30395 30396 30397 30398 30399 30400
6912 0 0 11269 11270 11271 11272 11273 11274 11275 11276 11277 11278 11279 11280 11281
6913 0 0 3061 5701 5732 5840 6143 6149 6233 6240 10577 10602 10613 10848 11192 11289 11304 17081 17096 17097 17098 17099 17100 17101 17102
6914 0 0 5730 6234 6241 11302 17094 17102 18027 18031 18037 26424 26436 26444 26445 26446 26447 26448
6915 0 0 3068 6151 11196 11200 11238 11271 11285 11291 11292 11293 11294 11295 11296 11297 11298 11299
6916 3 3 7729 8862 13722 15587 28465 28487 28496 28505 28511 30355 30449 32156 37258 37271 40445 47155 47173 47176 47187 47188 47189
6917 3 3 13870 28467 28476 28477 28478 28479 28480 28481 28482 28483 28484 28485 28486
6918 0 0 46659 50767 51346 51353 51366 51369 51834 51841 51848 51849 51850 51851 51852
6919 0 0 33970 39598 42375 42381 42382 42383 42384 42385 42386 42387 42388 42389 42390 42391
6920 0 0 33810 33819 33933 33962 42379 42390 48175 51309 51317 51423 51823 51824 51825 51826 51827 51828 51829 51830
6921 0 0 39603 39611 42381 46660 46671 46676 48155 48211 50192 50766 50767 50768 50769 50770 50771 50772 50773
6922 0 0 14107 14116 18687 22019 22087 27281 38109 38114 38115 38116 38117 38118 38119 54048
6923 0 0 11716 11723 11734 16040 18691 18693 18694 18695 18696 18697 18698 18699 54049
6924 0 0 16041 18688 18696 18750 22020 22055 22082 22086 27284 38117 39382 39390 39391 39392 39393 39394 39395 39396 39397
6925 0 0 14118 18689 18695 22066 22080 22084 27281 54050
6926 3 3 40052 40062 40074 40079 41105 41146 41240 41262 43926 43940 43944 43970 46678 46679 46680 46681 46682 46683 46684 46685 46686 46687 46688
6927 3 3 31418 41253 43809 43822 43823 43824 43825 43826 43827 43828 43829 43830 43831 43832 43833 43834 43835
6928 3 3 41251 41305 43825 43880 43922 43967 46687 46694 47474 47483 47489 47494 47502 47503 47504 47505 47506 47507
6929 3 3 31419 40075 41254 43822 46766 46769 46781 46791 46796 46808 50826 50847 50852 50854 50858 50861 50862 50863
6930 0 0 9068 15087 16956 16973 25691 25703 25706 35249 35270 35272 35273 35274 35275
6931 0 0 16936 23067 23089 25695 34876 35254 35268 35276 35284 35297 35298 35299 35300 35301 35302 35303
6932 0 0 3891 19069 19081 21670 21683 21687 21688 21689 21690 21691 21692 21693 54051
6933 0 0 3231 3238 3243 13911 19058 19086 19101 19130 21716 21728 21927 27655 27669 27675 27684 27691 27692 27693 27694 27695 27696 54052
6934 0 0 19052 19053 19054 19055 19056 19057 19058 19059 19060 19061 19062 19063 19064 19065 19066
6935 0 0 3247 21686 21692 21717 21729 27655 27656 27657 27658 27659 27660 54053
6936 0 0 26131 35716 35734 39959 39975 39978 39979 39980 39981 54054
6937 0 0 17530 17531 17532 17533 17534 17535 17536 54055 54056
6938 0 0 5207 7641 13770 13782 13793 13794 13795 13796 13797 13798
6939 0 0 1679 3948 3949 3950 3951 3952 3953 3954 3955 3956 3957 3958 54057
6940 0 0 3954 7638 9420 12995 13012 13018 13754 13755 13756 13757 13758 13759 13760 13761 54058
6941 0 0 752 1518 1678 2224 3953 5199 5200 5201 5202 5203 5204 5205 5206 5207 5208 54059
6942 0 0 10196 16208 16226 16242 16249 16262 16291 16318 16636 24666 25174 25388 25401 25427 25428 54060
6943 0 0 10192 16224 16241 16248 16264 16596 16611 16612 16613 16614 16615 16616 16617 16618 16619 54061
6944 4 4 34486 36644 36645 36646 36647 36648 36649 36650 36651
6945 4 4 25499 34490 36699 42724 42750 42762 42770 42827 42842 42855 42863 42887 42899 42900 42901
6946 0 0 31762 31869 38928 40519 45280 45291 45319 45320 45321 45322 45323 45324
6947 0 0 31873 31882 38879 38894 38906 40408 40467 40475 40507 40517 40523 40531 40532 40533
6948 0 0 14302 19037 27622 27730 27743 27746 27769 30851 36855 39509 39514 39519 39538 39571 39582
6949 0 0 19039 19232 19233 19234 19235 19236 19237 19238 54062
6950 0 0 5100 5102 8140 8159 9492 9515 9522 9523 9524 9525 9526 9527 9528 9529 54063
6951 0 0 5095 5096 5097 5098 5099 5100 54064
6952 3 3 4005 4013 4019 4061 4128 4134 4135 4136 4137 4138 4139 4140 4141
6953 3 3 1871 1883 1891 1918 4067 4116 4118 4119 4120 4121 4122 4123
6954 4 4 30958 48942 48977 48992 48997 49001 49157 49162 49163 49164 49165 49166 49167 49168
6955 4 4 26100 43488 43753 43767 43783 43862 48934 48944 48945 48946 48947 48948 48949
6956 0 0 48901 51164 51182 51198 51204 51208 51214 51487 51493 51501 51502 51503 51504 51505 51506 51507 51508
6957 0 0 48920 48929 48933 48966 48993 51561 51577 51582 51902 51911 51914 51918 51919 51920 51921
6958 0 0 48883 48891 48897 48903 48910 48913 48921 48930 51163 51175 51195 51197 51211 51490 51502 51581 51903 51916 51918 51922 51923
6959 0 0 51506 51514 51546 51569 51593 51597 51906 51910 51915 51926 51928
6960 3 3 2341 2347 2362 3916 4726 4741 4757 5577 8816 8829 8982 9137 10359 10383 15365 15371 15377 15378 15379 15380 15381 15382 15383
6961 0 0 1502 2294 2306 2368 2376 4724 4734 4735 4736 4737 4738 4739 54065
6962 3 3 2373 4729 4738 4751 8780 8805 8812 8819 8823 8824 8825 8826 8827
6963 3 3 1499 2297 2304 2344 2352 2362 2363 2364 2365 2366 2367 2368 2369 2370
6964 0 0 2992 5112 5113 5114 5115 5116 5117 5118 54066
6965 0 0 71 2489 2997 3026 4483 4631 5359 5360 5361 5362 5363 5364 5365 5366 5367 54067
6966 0 0 5066 5073 5081 5090 5094 7739 9447 13846 23768 23774 23795 23796 23797 23798 23799 23800
6967 0 0 795 869 872 873 874 875 876 877
6968 3 3 13227 13231 13319 13347 20950 21213 21229 21260 21305 21315 21426 21443 21451 21452 21453 21454
6969 3 3 21214 21250 21265 21284 21295 21302 21310 21317 21432 21446 21464 21469 21491 21508 21513 21514 21515 21516 21517 21518 21519
6970 0 0 25456 26057 33713 34761 34770 34776 34777 34778 34779 34780 34781 34782 34783 34784 54068
6971 0 0 26053 34665 34692 34694 34695 34696 34697 34698 34699 34700 34701 34702 34703 34704 54069
6972 0 0 16704 24569 25432 25447 25453 34674 34691 34698 34736 34764 34774 34786 34787 34790 34791 54070
6973 0 0 17324 25455 26039 26047 26053 26054 26055 26056 26057 26058 26059 26060 26061 26062 54071
6974 0 0 11831 14351 14407 19048 22189 27627 31367 36753 36760 39428 39434 39460 39475 39476 39477 39478 39479 39480
6975 0 0 8211 14356 19034 19047 22186 27623 36750 44890 44907 44910 54072
6976 4 4 31906 33907 35288 40456 40494 40673 42465 42483 42501 42520 42521 42522 42523 42524 42525
6977 4 4 31902 33906 40422 40459 40486 40487 40488 40489 40490 40491 40492 40493
6978 3 3 6013 6031 6039 10907 12651 12652 12653 12654 12655 12656 12657 12658 12659 12660
6979 3 3 16051 24422 24431 24440 24457 25952 25962 33584 41971 41992 42008 42024 42029 42030
6980 3 3 6014 6032 6040 10892 10900 10950 12655 12701 16045 16046 16047 16048 16049 16050 16051
6981 3 3 12651 18541 24416 33571 33581 33582 33583 33584 33585 33586 33587 33588 33589 33590 33591
6982 3 3 9932 9989 10073 15040 15098 22971 22975 25511 31449 31739 40339 40366 40737 40746 40754 40759 40766 40770
6983 3 3 22979 25514 34873 40371 40734 40740 40761 40808 42960 42972 47372 48341 48342 48343 48344 48345 48346 48347
6984 0 0 9034 17009 17023 17032 22998 23006 23044 23052 23095 25505 25589 35182 35192 35227 35235 35240 35244 35245 35246 54073
6985 3 3 16995 17000 17016 17025 17041 22996 23007 23018 23028 23046 23049 23050
6986 3 3 17538 17555 24230 24246 28905 28906 28907 28908 28909 28910 28911 28912 28913 28914 28915 28916 28917 28918
6987 3 3 31710 33200 37098 37381 37940 38697 38718 38742 46925 46939 46940 46941 46942
6988 0 0 29616 29736 38311 41636 41870 50418 51224 51239 51258 51261 51262
6989 0 0 29741 38038 38290 38309 47657 50415 50423 51226 51241 51255 51263 51265 51266 51267
6990 4 4 1407 3769 3778 3783 3792 7503 13519 13520 13521 13522 13523 13524
6991 4 4 3785 7295 7490 7491 7492 7493 7494 7495 7496 7497 7498 7499
6992 4 4 15573 15588 15596 28512 30351 30450 30456 32092 32129 32143 32146 32152 32153 32154 32155 32156
6993 0 0 9526 13682 15550 15561 15562 15563 15564 15565 15566 15567 15568 54074
6994 0 0 5053 7724 7730 8365 15552 15562 15569 15577 15578 15579 15580 15581 15582 15583 15584 15585 15586 15587 15588 54075
6995 0 0 9513 9527 13686 15554 15565 15571 23523 30338 30347 30400 30443 30452 30454 30455 30456 30457 54076
6996 0 0 41448 41456 44239 44243 44256 44365 49418 49421 49430 49431 49432 54077
6997 3 3 41451 43339 44251 44288 47561 48879 48918 48921 48922 48923 48924 48925 48926 48927 48928 48929
6998 3 3 32501 41459 41466 44243 44244 44245 44246 44247 44248 44249 44250 44251 44252 44253 44254
6999 0 0 39266 41443 43349 44263 44271 44274 44292 46206 48923 48975 48986 49415 49420 49421 49422 49423 49424 49425 49426 49427 49428 49429 54078
7000 0 0 4951 4976 5024 5030 7741 9385 9391 9405 9406 9407 9408 9409 54079
7001 0 0 775 785 2195 2237 5023 5026 5055 5056 5057 5058 5059 5060 5061 5062 5063 5064 5065 5066 54080
7002 0 0 6847 8620 8633 12134 12149 12156 12158 12159 12160 12161 12162 12163 12164 12165 12166 12167
7003 0 0 6941 6946 6961 6983 12137 12155 12178 12188 12189 12190 12191 12192 12193 12194
7004 0 0 12012 12033 19394 19405 19414 19536 19544 20423 20442 20446 26147 26158 26163 26186 26190 26194 26195 26196 26197 26198 26199
7005 0 0 12018 12024 12038 19335 19374 19400 19416 19468 19500 19537 19545 19549 19550 19551 19552 19553 19554
7006 0 0 19386 19399 19404 19411 19418 19466 19501 19535 19542 19543 19544 19545
7007 0 0 12008 12016 12025 12841 19412 19551 19555 20394 20397 20426 20434 20441 20442 20443 20444
7008 3 3 26702 26713 26718 26724 26729 26738 26745 26749 26752 26756 26768 26778 26780 26781 26782 26783 26784
7009 3 3 12003 12847 12848 12849 12850 12851 12852 12853 12854
7010 3 3 7348 12011 12839 12853 20431 20447 20465 20470 25759 26716 26719 26740 26746 26747 26748 26749
7011 3 3 12838 20502 20520 20563 26693 26694 26695 26696 26697 26698 26699 26700 26701 26702
7012 3 3 1775 2259 12875 12879 12887 20007 28135 36961 44920 44939 44948 44951
7013 3 3 1453 1772 1787 12873 20011 28114 28138 28143 28144 28145 28146 28147 28148
7014 3 3 37124 37183 40551 40570 40582 40585 40586 40587 40588 40589 40590 40591 40592 40593
7015 3 3 31943 31979 33225 37055 37115 37121 38667 38678 38700 38709 38719 38722 38723 38724 38725 38726 38727 38728 38729 38730 38731 38732 38733 38734
7016 3 3 37043 37060 37114 37120 38725 40557 40563 40583 40593 40597 45016 45017 45018 45019 45020 45021 45022
7017 3 3 31967 31971 33221 33231 37125 37180 38729 40547 40564 40566 40568 40569 40570 40571 40572 40573
7018 0 0 39954 39962 39968 39977 39981 39989 39994 39998 40015 40019 40020 40021 40022 40023 40024 40025 40026
7019 0 0 17536 26124 26125 26126 26127 26128 26129 26130 26131 54081 54082
7020 0 0 26128 39951 39955 39963 39964 39965 39966 39967 39968 54083
7021 0 0 26130 39956 39979 39990 39991 39992 39993 39994 54084
7022 3 3 6264 6415 7238 7260 10934 11377 17409 18463 18480 18492 18498 18499 18500 18501 18502 18503 18504 18505
7023 3 3 18514 18574 18584 18597 18625 18667 18668 18669 18670 18671
7024 3 3 2642 2683 2741 3079 5798 6182 6204 10531 10542 10590 10606 10624 10630 14990 18144 20453 20461 20474 20484 20485 20486 20487 20488 20489
7025 3 3 2649 2657 2670 2671 2672 2673 2674 2675 2676 2677 2678 2679 2680 2681
7026 0 0 27123 28702 28724 36133 36162 46408 46416 46442 46452 48737 48775 50257 50272 50278 50279 50280 50281
7027 0 0 27142 28352 28367 28598 28722 30989 32730 34368 37619 37621 37622 37623 37624 37625 37626 37627 37628 37629 37630
7028 0 0 27117 28706 32714 32785 37614 41516 45832 45850 46439 50256 50268 50275 50276 50277 50278
7029 0 0 20371 28701 28720 37621 42654 45581 45861 46407 46408 46409 46410 46411 46412 46413 46414 46415
7030 3 3 50593 50594 50595 50596 50597 50598 50599 50600 50601 50602 50603 50604 50605 50606 50607 50608 50609 50610 50611 50612
7031 3 3 46276 46286 47430 47454 48052 48058 48059 48060 48061 48062 48063 48064 48065 48066 48067 48068 48069 48070 48071 48072
7032 3 3 12313 12951 19873 19881 20588 20602 20659 28822 28823 28824 28825 28826 28827 28828 28829
7033 3 3 7091 12298 12319 19874 19883 19889 19890 19891 19892 19893 19894 19895 19896 19897 19898 19899 19900
7034 3 3 7047 7065 7089 12306 12318 19838 19875 19898 19923 20003 28826 28830 28837 28838 28839
7035 3 3 19879 19888 19900 19910 19918 19926 19931 19940 19945 19954 19963 19967 19970 20587 20601 20602 20603 20604 20605 20606
7036 0 0 596 607 1885 3993 4006 4007 4008 4009 4010 4011 4012 4013 54085
7037 0 0 4100 4107 4172 7922 7927 13967 13972 13973 13974 13975 13976 13977 13978 13979 13980 13981 13982 54086
7038 0 0 4000 4008 4095 4096 4097 4098 4099 4100 54087
7039 0 0 595 611 1869 1882 4006 4014 4047 4055 4059 7896 7925 13969 13995 13999 14000 14001 14002 14003
7040 0 0 31338 38754 38825 38835 39858 46116 46864 46866 50501 50507 50531 50534 50542 50543
7041 0 0 38832 40093 46820 50493 50504 50509 50510 50511 50512 50513 50514
7042 0 0 5457 10244 16865 16866 16867 16868 16869 16870 16871 16872 54088
7043 0 0 16874 17507 24634 24638 25540 26407 34047 34053 34060 42569 42573 43020 43304 43313 43330 43332 43334 43337 54089
7044 4 4 6028 10888 10948 17472 17480 17485 17486 17487 17488 17489 17490 17491 17492 17493 17494 17495
7045 4 4 6025 17321 17460 17496 18197 25831 25848 25861 25868 25919 25938 25949 25951 25955 25956 25957 25958 25959
7046 4 4 9583 10146 16158 17514 17525 23893 31455 31468 31740 35095 35100 40331 40336 40732 40748 40750 40754 40755 40756 40757 40758
7047 4 4 23892 31465 35087 35159 35992 36010 42966 42983 49048 49070 49081 49083 49088 49089 49099 49108 49120 49123 49128 49139
7048 4 4 17523 17529 31462 31469 35047 35081 35082 35083 35084 35085 35086 35087 35088 35089 35090
7049 4 4 23899 35091 35104 35158 35993 36009 40729 40752 40756 40769 40775 42627 42965 42982 42983 42984 42985 42986 42987 42988 42989 42990 42991
7050 4 4 24871 24886 32323 32324 32325 32326 32327 32328 32329 32330 32331 32332 32333 32334
7051 4 4 18421 27131 34150 36256 36584 36612 40983 42695 44760 47329 49688 49701 51614 51617 51625 51630 51651 51661 51663
7052 4 4 51311 51344 51365 51388 51420 51827 51833 51851 51864 51871 51882 51888 51894
7053 4 4 33935 33966 40602 42367 42368 42369 42370 42371 42372 42373 42374 42375 42376 42377 42378 42379 42380
7054 4 4 33917 42368 42488 45825 48133 50224 50237 50811 51308 51314 51325 51385 51395 51408 51413 51416 51418 51419 51420 51421 51422 51423
7055 4 4 39601 42377 42382 46656 46657 46658 46659 46660 46661 46662 46663 46664 46665 46666
7056 0 0 4790 5266 8792 9159 10279 15205 15209 15216 15222 15223 15224 15225 15226 15227 15228 15229 15230
7057 0 0 2328 2356 4732 4746 5275 5474 5475 5476 5477 5478 5479 5480 5481 5482 5483 5484 5485 5486 54090
7058 4 4 40813 40824 42416 42440 47348 47370 47375 47378 47389 48381 48404 48407 48408 48409 48410 48411 48412
7059 4 4 34397 34441 34452 34453 34454 34455 34456 34457 34458 34459 34460 34461
7060 0 0 39740 40040 40041 40042 40043 40044 40045 40046 40047 40048 40049 40050 40051 40052
7061 0 0 31378 31400 31424 31433 38757 38758 38759 54091
7062 0 0 31375 31389 31392 31402 32625 39739 40050 40053 40054 40055 40056 40057 40058 40059 40060 40061 40062 54092
7063 0 0 31429 31434 39737 39742 40068 40088 40089 40090 40091 40092 40093 40094 40095 40096 40097 40098 40099 54093
7064 0 0 6773 6804 6815 6822 6843 8591 14788 14821 14838 14897 14906 14911 14918 14919
7065 0 0 3436 3440 6523 6558 6675 6766 6780 6787 6788 6789 6790 6791 6792 6793 6794 54094
7066 0 0 9259 9260 9261 9262 9263 9264 9265 9266 9267 9268 9269 9270 9271 9272 9273
7067 0 0 1674 2200 4195 4200 4201 4202 4203 4204 4205 4206 54095
7068 0 0 745 751 2203 2206 2207 2208 2209 2210 2211 2212 2213 54096
7069 0 0 4199 4206 4215 4220 4228 4232 4242 4248 4987 9267 9317 9321 9323 9324 9325
7070 3 3 15437 28156 28184 28191 28955 30033 30136 30247 33036 33042 33061 33067 33083 33101 33137 33154 33164 33165 33166
7071 3 3 24167 24192 33033 33060 33063 33149 45174 45180 45186 45187 45188 45189 45190
7072 3 3 33030 33041 33070 33081 33092 33144 33145 33146 33147 33148 33149 33150 33151 33152 33153 33154 33155 33156 33157 33158
7073 3 3 15439 15453 15461 24154 24184 24186 28154 28183 33035 33052 33057 33061 33062 33063 33064
7074 0 0 34399 34429 34433 34434 34435 34436 34437 34438 34439 34440 34441 34442 34443 34444 34445 34446 34447 34448 34449 34450 34451
7075 0 0 34404 34412 34413 34414 34415 34416 34417 34418 34419
7076 0 0 34411 34416 34440 34460 42423 48424 49727 49755 50206 50230 50232 50243 50244 50245
7077 0 0 34402 34415 34420 34421 34422 34423 34424 34425 34426 34427 34428 34429 34430 34431 34432
7078 0 0 632 636 2114 2115 2116 2117 2118 2119 2120 2121 2122 2123 2124 54097
7079 0 0 630 2132 2138 2139 2140 2141 2142 2143 2144 2145 54098
7080 0 0 628 629 630 631 632 633 634 635 54099
7081 0 0 5979 6203 6753 8670 8676 8677 8678 8679 8680 8681 8682
7082 0 0 41285 41286 41287 41288 41289 41290 41291 41292
7083 0 0 48547 48558 48566 48573 48579 48586 48591 48593 48870 48890 48892 48904 48905 48906 48907 48908 48909 48910
7084 3 3 26243 26253 26602 26771 26792 26797 26814 28746 28754 29860 29865 35671 38561 38571 38579 38584 38588
7085 3 3 17603 20579 24516 26256 26267 26811 26894 26909 26942 26977 26980 26987 29690 29691 29692 29693 29694 29695 29696
7086 3 3 17587 17593 17609 18175 20584 24518 26245 26254 26264 26763 26765 26798 26806 26810 26811 26812 26813 26814 26815 26816 26817
7087 3 3 26251 26943 29695 29697 35669 38562 38572 38580 38585 38586 38588 38589
7088 0 0 3914 3925 3937 3942 3947 7676 7806 7845 7856 7857 7858 7859 7860 7861
7089 0 0 1503 2299 3906 3926 3938 3943 7807 7833 7849 7850 7862 7863 7864 7865 54100
7090 0 0 33285 33286 33287 33288 33289 33290 33291
7091 0 0 27307 33295 36486 37588 44685 44719 44729 44731 44736 46199 49609 49633 49649 49656 49664 49674 49675
7092 0 0 3659 7172 13158 13170 13180 13181 13182 13183 13184 13185 13186 13187 54101
7093 0 0 449 3528 3537 3653 7018 7019 7020 54102
7094 4 4 44540 44549 44577 46572 46585 46586 46587 46588 46589 46590 46591 46592 46593
7095 4 4 39342 44596 46576 46599 46605 46627 46631 46641 49999 50027 50057 50061 50075 50077 50078 50079
7096 4 4 39345 39374 44597 45524 46581 46593 46606 46617 46626 46639 46640 46641 46642 46643 46644
7097 4 4 39396 39403 44545 44583 45712 46573 46588 46594 46595 46596 46597 46598 46599 46600 46601 46602 46603
7098 4 4 8042 14016 14017 14018 14019 14020 14021 14022 14023 14024 14025
7099 0 0 14040 14310 14330 21801 27717 30475 30538 30547 30564 30632 30649 30650 30651 30652 30653 30654 30655 30656 54103
7100 0 0 9381 13698 13699 13700 13701 13702 13703 54104
7101 0 0 13845 13851 13859 13868 13875 13879 28474 28476 28492 28495 28498 28503 28506 28507 28508 54105
7102 2 2 21965 21975 30743 30919 31304 31315 31332 38966 38978 39039 39111 39813 45747 46266 46285 46290 46291 46292 46293 46294 46295 46296
7103 0 0 21972 21982 27580 27583 27606 27617 30724 30731 30732 30733 30734 30735 30736 30737 30738 30739 30740 30741 30742 54106
7104 0 0 17482 25973 26013 26034 27090 29835 29846 34754 34759 35636 35643 35647 35656 35657 35658 35659
7105 0 0 26028 29803 33522 33550 33559 34708 34742 35635 35642 35646 35651 35652 35653 35654 35655
7106 0 0 12989 13001 13007 13025 21777 21792 30388 30411 30413 30414 30415 30416 30417 30418 30419 30420 30421 30422
7107 0 0 4249 4266 4295 4303 5095 5103 5107 8125 8135 8136 8137 8138 8139 8140 8141 8142 8143 54107
7108 0 0 8138 9489 9499 9524 13017 13023 21776 30391 30417 30428 30429 30430 30431 30432
7109 0 0 3896 4257 4262 4288 4290 4291 4292 4293 4294 4295 4296 4297 4298 4299
7110 0 0 17756 17757 17758 17759 17760 17761 17762 17763 17764 17765 17766 17767 17768 17769 17770
7111 0 0 3050 6079 6080 6081 6082 6083 6084 6085 6086 6087 6088 6089 54108
7112 0 0 206 207 208 209 210 211 212 213 214 215
7113 0 0 219 223 224 225 226 227 228 229 54109 54110
7114 4 4 33910 35293 40680 42469 42473 42485 42491 42502 42516 42524 42526 42527 42528 42529 42530 42531 42532 42533 42534
7115 4 4 37034 42495 42504 42514 47099 47182 48240 48247 48252 48253 48254 48255 48256 48257 48258 48259 48260 48261 48262 48263 48264 48265
7116 4 4 40679 42499 42519 42522 42527 47091 47103 48255 51070 51083 51088 51089 51090 51091
7117 4 4 42492 42503 42517 42531 48234 48236 48237 48238 48239 48240 48241 48242 48243 48244
7118 0 0 10061 10076 15007 15027 15039 15047 15048 15049 15050 15051 15052
7119 0 0 9983 9995 10002 10009 15070 15101 15119 22977 23242 23810 23811 23812 23813 23814 23815 23816 23817 23818 23819 23820
7120 0 0 10007 10021 10035 10052 10080 10081 10082 10083 10084
7121 0 0 9991 15038 15056 15064 15080 15097 15107 22969 22975 22976 22977 22978 22979 22980 22981 22982 22983 22984 22985
7122 4 4 17046 17054 25717 25726 29883 35389 35400 35406 35415 35423 43600 43623 43630 43632 43634 43635
7123 4 4 26711 29884 35360 35385 35402 35412 43607 43636 43640 43644 43645
7124 0 0 7408 7435 7446 12400 20155 20191 20194 20211 20212 20213 20214 20215 20216 20217
7125 0 0 7438 7450 12402 21538 21550 21553 21557 21558 21559 21560 21561 21562 21563
7126 0 0 45 683 4776 4777 4778 4779 4780 4781 4782 54111
7127 0 0 51 60 64 724 4764 4765 4766 4767 4768 4769 4770 4771 4772 4773 4774 4775 54112
7128 0 0 26080 30957 30960 30961 30962 30963 30964 54113
7129 3 3 26085 26094 30951 39264 43485 46348 48934 48935 48936 48937 48938 48939 48940 48941 48942 48943
7130 0 0 26081 26095 30951 30952 30953 30954 30955 30956 30957 30958 30959 54114
7131 3 3 26079 30962 39262 39279 43483 46313 46334 46344 46346 46351 48938 50564 50605 50642 50645 50657 50669
7132 0 0 311 996 1130 1137 1138 1139 1140 1141 1142 1143 1144 1145
7133 0 0 1149 1163 1175 2114 2125 6642 6646 6647 6648 6649 6650 6651 6652 6653 6654 54115
7134 0 0 1170 1177 3395 3401 6662 6663 6664 6665 6666
7135 0 0 316 994 1001 1013 1021 1131 1138 1146 1147 1148 1149 1150 1151 1152 1153 1154 1155 1156 54116
7136 0 0 6426 6433 11505 11506 11507 11508 11509 11510 11511 11512 11513 11514 11515 54117
7137 0 0 6437 11524 11527 11528 11529 11530 11531 11532 11533 11534 11535 11536 54118
7138 0 0 5996 6001 6147 10865 10874 10878 11228 11230 11236 11259 11264 54119
7139 0 0 10849 10854 10862 10870 10882 10886 11201 11216 11221 11222 11223 11224 11225 11226
7140 0 0 11722 11727 11735 11767 11769 16039 18697 18718 18719 18735 18739 18741 18745 18746 18747 18748 18749 18750 18751 18752
7141 0 0 11738 11744 11758 11779 18712 18721 18727 18731 18732
7142 3 3 29906 29907 29908 29909 29910 29911 29912 29913 29914 29915 29916 29917 29918 29919 29920
7143 3 3 33483 38313 38333 38334 38335 38336 38337 38338 38339 38340 38341 38342 38343 38344
7144 3 3 21616 29906 29979 30010 33484 37641 38339 38426 38550 38593 38599 38610 42113 42148 45886 45909 45923 45947 45948 45949 45950
7145 3 3 29905 29920 29930 29997 38319 38342 38374 38375 38376 38377 38378 38379 38380 38381 38382 38383
7146 0 0 2894 2917 6027 6033 6039 6040 6041 6042 6043 6044 6045 6046 54120
7147 0 0 6009 6010 6011 6012 6013 6014 6015 6016 6017 6018 54121
7148 3 3 14139 14188 19201 22201 30756 30769 30785 30789 30802 30808 30809 30810 30811 30812
7149 3 3 14141 14150 19022 27571 27577 27584 27608 30727 30733 30760 30770 30779 30790 30800 30813 30814 30815 30816 30817 30818
7150 0 0 3201 6270 6271 6272 6273 6274 6275 54122 54123
7151 0 0 3203 3210 6313 6382 6410 6418 11374 11380 11389 11463 18481 18504 18620 18635 18640 18663 18664 18665 18666
7152 0 0 6263 6274 6392 6403 6408 6413 6417 6418 6419 6420 6421 54124
7153 0 0 3157 3195 3196 3197 3198 3199 3200 3201 3202 3203 54125
7154 3 3 28636 28655 29775 33426 33459 36389 37460 41938 41945 41949 41952 41953 41954 41955
7155 3 3 28644 28658 37451 37455 37466 41862 44469 44479 44490 45464 45475 45491 45511 45520 45521
7156 3 3 21325 21341 28622 28635 28636 28637 28638 28639 28640 28641 28642 28643 28644 28645 28646 28647 28648 28649 28650 28651
7157 3 3 28653 37457 37463 41925 41937 41948 41952 44464 44478 45469 45493 45513 45520 45533 45534 45535
7158 0 0 5272 9906 10354 14440 14451 15204 22992 23013 23034 23036 23037 23038 54126
7159 0 0 10357 14443 14446 14447 14448 14449 14450 54127
7160 0 0 2581 2582 2583 2584 2585 2586 2587 2588 2589 2590 2591 54128
7161 0 0 465 1387 2610 2614 3748 3795 3812 3823 3825 3826 3827 3828 54129
7162 0 0 647 862 2231 5039 5075 5082 5083 5084 5085 5086 5087 5088 5089 5090 54130
7163 0 0 782 788 875 2234 2239 2243 2244 2245 2246 2247
7164 0 0 642 657 712 796 862 863 864 865 866 867 868 869 870 871 54131
7165 0 0 2235 2242 2247 5022 5064 5068 5074 5075 5076 5077 5078 5079 5080 5081 54132
7166 0 0 28643 41801 41850 41860 44440 44468 44477 44480 44487 44489 44490 44491 44492 44493
7167 0 0 28650 36374 41807 41812 41813 41814 41815 41816 41817 41818 41819 41820 41821 41822 41823 41824
7168 3 3 33191 37138 41694 45028 45031 45076 45099 45105 45106 45107 45108 45109
7169 3 3 33217 34363 41689 41709 41748 41753 42143 42162 44144 45100 45111 47876 49227 49235 49244 49247 49258 49271 49293 49305 49307 49308 49309
7170 3 3 45102 45117 45135 45139 45160 45164 49223 49235 49236 49237 49238 49239 49240
7171 3 3 33190 41684 41689 41690 41691 41692 41693 41694 41695 41696 41697
7172 0 0 40924 40925 40926 40927 40928 40929 40930 40931 40932 40933
7173 0 0 18815 18825 23928 32594 32605 36670 36710 36727 36728 36729 36730 36731 36732 36733 36734 36735 36736 36737 36738 36739 36740
7174 0 0 34889 34981 41226 41233 41267 41278 43127 43567 43963 48471 48481 48487 48493 48494 48495 54133
7175 0 0 35172 41236 43499 43513 43541 43554 43555 43556 43557 43558 43559 43560 43561 54134
7176 3 3 20894 20903 21401 21608 25800 27928 33130 33178 37802 37816 38478 38511 38516 38532 38538 38551
7177 3 3 12722 13225 20863 20877 20883 20884 20885 20886 20887 20888 20889 20890
7178 3 3 13209 13224 13236 20862 20880 20890 20897 20906 20917 20949 21405 21422 21436 21442 21452 25769 25798 25800 25801 25802 25803 25804 25805
7179 3 3 20889 20892 21428 27927 29645 29650 29659 33179 38443 38477 38513 38515 38537 38551 38553 38554
7180 0 0 28250 28257 29222 29234 30189 30251 32939 32945 32946 32947 32948 32949 32950 32951 54135
7181 0 0 20014 20015 20016 20017 20018 20019 20020 54136
7182 0 0 11143 11153 11158 11170 11176 11182 11183 11184 11185 11186 54137
7183 0 0 6227 11142 11151 11164 11171 11174 11179 11180 11181 54138
7184 0 0 470 965 977 978 979 980 981 982 983 984 985 986 54139
7185 2 2 911 2648 2658 2679 2699 2708 2722 2735 2736 2737 2738 2739 2740 2741 2742 2743
7186 0 0 5054 5089 5354 9440 9441 9442 9443 9444 9445 9446 9447 9448 9449 54140
7187 0 0 649 863 2470 5040 5082 9460 9462 9463 9464 9465
7188 0 0 31340 38750 38764 38786 38793 38801 38814 38827 38837 39621 39632 39641 39653 39937 41432 46115 46844 46862 46866 46867 46868
7189 0 0 31336 38755 38824 39841 39850 39851 39852 39853 39854 39855 39856 39857 39858 39859 39860 39861
7190 0 0 38753 38822 38831 38832 38833 38834 38835 38836 38837 38838
7191 0 0 31346 38812 39616 39648 39654 39871 39897 39911 39918 39920 39937 39938 39939 39940 39941 39942
7192 0 0 36458 36493 44694 44707 44708 44709 44710 44711 44712 44713 44714
7193 0 0 32479 36455 36468 44665 44666 44667 44668 44669 44670 44671 44672 44673 54141
7194 3 3 12591 13096 21093 21172 21193 28310 28331 29247 29272 29294 29316 29328 29329 29330 29331 29332 29333 29334
7195 3 3 21170 21178 21196 28282 28315 29505 29518 29524 29526 29527 29528 29529 29530 29531 29532 29533 29534
7196 0 0 15882 15898 20848 20955 20956 20957 20958 20959 20960 20961 20962 20963 20964 20965 20966
7197 0 0 15894 15908 15917 20679 20967 29007 31661 31669 31677 31678 31679 31680 31681 31682 31683
7198 2 2 404 417 428 436 444 1371 3520 3650 9773 12336 12339 12344 12345 12346 12347 12348
7199 2 2 398 1368 3631 3640 3651 9354 9368 9373 9737 9771 9791 12363 13438 13456 13459 13460 13461 13462 13463 13464 13465
7200 2 2 394 395 396 397 398 399 400 401 402 403 404
7201 2 2 210 408 438 1373 3637 3639 9769 9770 9771 9772 9773 9774 9775
7202 0 0 6855 6874 8624 14678 14679 14680 14681 14682 14683 14684 14685 14686
7203 0 0 8635 19341 19457 19480 19582 19600 19624 19655 19663 19679 19680 19681 19682
7204 0 0 18428 18437 23922 23926 32544 32607 36191 36220 36230 36231 36232 36233 36234 36235 36236 36237 36238 36239 36240 36241 36242
7205 0 0 23930 23936 36195 36215 36225 36255 36579 36600 36603 36604 36605 36606 36607 36608 36609 36610 36611 36612 36613
7206 4 4 5252 5552 5568 5569 5570 5571 5572 5573 5574 5575
7207 4 4 5536 5545 5548 5561 5562 5563 5564 5565 5566 5567
7208 4 4 5554 5574 10296 10306 10311 10312 10313 10314 10315 10316 10317 10318
7209 4 4 5549 5565 5568 8181 9896 10334 18826 18845 18851 18872 18878 18890 18894 18900 18906 27355 27369 27383 27384 27385 27386
7210 4 4 11186 17088 17109 18033 18044 26427 26437 26448 26457 26458 26459 26460
7211 0 0 6063 6215 6230 11026 11037 11112 11141 11146 11147 11148 11149 11150 11151 11152 11153 11154 54142
7212 0 0 11140 11154 11169 11172 11173 11174 11175 11176 11177 11178 54143
7213 4 4 6221 11115 11152 11161 17083 17089 17113 17125 18116 24550 26432 26456 26459 26464 26468 26477 26478 26479 26480 26481 26482 26483 26484
7214 3 3 8490 8501 22499 23407 40377 40387 40389 40390 40391 40392 40393
7215 3 3 8488 22494 22509 40121 40126 40162 40164 46881 46900 46908 46912 46916 46921 46922
7216 0 0 2106 4499 4525 4540 8486 8487 8488 8489 8490 8491 8492 8493 8494 8495 8496 8497 8498 8499 54144
7217 3 3 22503 31825 31829 31830 31831 31832 31833 31834 31835 31836
7218 4 4 29938 35485 35521 43614 43647 43668 44056 44067 44080 44090 44098 45876 45893 45896 45913 45915 45916 45917 45918 45919
7219 4 4 35466 35477 35503 35509 35519 43648 43655 43656 43657 43658 43659 43660
7220 3 3 6447 11568 11665 11772 16013 21150 44398 44504 44515 44525 44560 44563
7221 3 3 11649 11681 11728 11764 11775 16032 16033 16034 16035 16036 16037 16038 16039 16040 16041 16042 16043 16044
7222 3 3 11544 11640 11650 11669 16033 24384 44390 44396 44505 44514 44530 44559 44563 44564 44565 44566 44567
7223 3 3 6446 11567 11660 11754 11765 11769 11770 11771 11772 11773 11774 11775 11776
7224 3 3 7131 12411 12576 12594 12605 12613 12614 12619 12631 20022 20034 20035 20036 20037 20038 20039
7225 3 3 13089 13092 20053 20063 20068 20085 21046 21076 21086 21100 21102 21103 21104 21105
7226 3 3 12585 12592 12603 12625 13091 13092 13093 13094 13095 13096 13097 13098 13099 13100 13101 13102 13103
7227 3 3 12414 13087 18576 18591 18661 20024 20037 20046 20047 20048 20049 20050 20051 20052 20053 20054 20055 20056 20057
7228 4 4 43802 43803 43804 43805 43806 43807 43808 43809 43810 43811
7229 4 4 43814 46232 46251 51498 51509 51510 51511 51512 51513 51514 51515 51516
7230 4 4 43808 43812 43826 43844 43881 43923 46785 47469 47471 47502 49143 49153 51205 51213 51486 51492 51493 51494 51495 51496 51497 51498 51499 51500
7231 4 4 39946 40034 43710 43802 43820 43859 46228 46236 46237 46238 46239 46240 46241 46242 46243 46244 46245 46246 46247 46248 46249 46250 46251 46252
7232 0 0 3903 3988 4282 7609 7615 7623 7630 7631 7632 7633 7634 7635 7636 7637
7233 0 0 486 1461 3983 4277 4889 7617 7690 7701 7704 7709 7710 7711 7712 7713 7714 7715
7234 0 0 7080 7084 7090 12301 12310 12311 12312 12313 12314 12315 12316 12317 12318 12319 12320 12321 12322 54145
7235 0 0 7021 7022 7023 7024 7025 7026 7027 7028 54146 54147
7236 0 0 2703 3075 6109 6114 6121 10464 10484 10560 10567 10596 10614 10616 10619 10622 54148
7237 3 3 6104 6122 10477 10546 10585 10588 10603 10612 10620 17084 17091 17097 17103 17104 17105 17106 17107 17108
7238 0 0 6107 6126 10442 10460 10465 10473 10474 10475 10476 10477 10478 10479 10480 10481 10482 10483 10484 10485 54149
7239 3 3 5767 5836 5841 6117 6119 6130 10545 10556 10566 10580 10587 10608 10610 10611 10612 10613 10614 10615
7240 3 3 10163 16546 23109 23130 23131 23132 23133 23134 23135 23136 23137 23138 23139 23140 23141 23142 23143 23144 23145 23146 23147
7241 3 3 16547 16553 23274 23310 23353 23367 24926 24943 24949 24958 24987 24992 25035 25043 25056 25057 25058 25059 25060 25061 25062 25063
7242 3 3 16425 16533 16534 16535 16536 16537 16538 16539 16540 16541 16542 16543 16544 16545 16546 16547
7243 3 3 10161 14607 23132 23279 23869 24787 24802 24996 25041 25061 25077 25087 25088 25089
7244 4 4 41255 43833 43905 43916 43935 43943 46776 46810 47441 47463 47464 47465 47466 47467 47468 47469 47470
7245 4 4 43834 43878 43890 43899 43921 43924 47406 47472 47504 51167 51206 51210 51212 51213 51214 51215 51216
7246 3 3 24533 28745 28756 29721 29730 29766 29777 29778 29779 29780 29781 29782 29783 29784 29785 29786 29787 29788 29789
7247 3 3 24264 28727 28760 29733 30003 30004 30005 30006 30007 30008 30009 30010 30011 30012
7248 4 4 29912 38525 38547 43693 43699 45884 45931 45941 45943 45944 45945 45946 45947
7249 4 4 20821 21417 21609 35455 37646 38483 38523 38533 38544 43652 43694 45872 45891 45895 45896 45897 45898 45899 45900 45901
7250 3 3 32550 36205 36206 36207 36208 36209 36210 36211 36212 36213 36214 36215 36216 36217
7251 3 3 34465 36563 36591 36615 36675 36692 36718 41174 42766 42800 44773 44797 44801 44807 44808 44809
7252 3 3 34472 34509 36212 36601 36661 36675 36676 36677 36678 36679 36680 36681 36682 36683 36684
7253 3 3 36211 36580 36593 36608 44349 44357 44770 44788 44798 44801 44802 44803 44804 44805 44806
7254 3 3 39604 39729 45418 46661 46668 48205 48215 50768 51338 51348 51349 51350 51351 51352 51353 51354
7255 3 3 39671 39685 39693 39699 39706 39711 39722 39731 41112 41153 45408 48224 51371 51867 51875 51892 51897
7256 3 3 48225 51370 51839 51846 51849 51865 51874 51876 51885 51893 51897 51898
7257 3 3 31224 31359 37401 39552 39581 39587 39670 39683 39705 39718 39723 39724 39725 39726 39727 39728 39729 39730 39731 39732 39733 39734
7258 3 3 16567 16676 16686 16697 16707 16714 16725 16732 16733 16734 16735 16736 16737 16738 16739 16740 16741 16742
7259 3 3 16561 16574 17888 18050 18060 18072 18077 18083 18084 18085 18086 18087 18088 18089 18090 18091
7260 3 3 11344 16563 16564 16565 16566 16567 16568 16569 16570 16571 16572 16573 16574 16575 16576 16577
7261 3 3 16558 16735 16766 16771 17889 17905 18085 25202 25256 25433 25437 25438 25439 25440 25441 25442 25443 25444 25445 25446
7262 0 0 5590 10366 10375 23451 25628 25636 25637 25638 25639 25640 25641 25642 25643 25644
7263 0 0 9136 10369 10378 10379 10380 10381 10382 10383 10384 10385
7264 0 0 28561 28575 28594 28615 30998 32468 33383 33401 37424 37438 37448 41760 41768 41769 41770 41771 41772 41773 41774 41775 41776
7265 0 0 28631 33214 33403 33416 41765 41778 41782 41790 41793 41794 41795
7266 3 3 7299 7496 7506 12406 12627 12643 13081 13102 18568 20070 28265 29260 29275 29276 29277 29278 29279 29280 29281 29282 29283
7267 3 3 12624 12642 13097 28312 28323 29267 29284 29298 29310 29332 29529 44967 45005 45008 45012 45014
7268 2 2 28393 29615 29927 30117 30152 30175 30213 30231 33054 33098 33183 38015 41614 41634 41644 47589 47598 47599 47600 47601 47602
7269 2 2 28384 29613 33091 33156 38638 41552 45258 47590 47608 47610 47614 47615 47616 47617
7270 0 0 29936 29961 33438 43661 44094 45939 46027 46037 50364 50374 50380 50381 50382 50383 50384 50385
7271 0 0 7505 10921 13082 17451 18571 29281 29948 29960 35481 35494 35497 35512 43676 46019 46020 46021 46022 46023 46024 46025 46026
7272 0 0 29931 29932 29933 29934 29935 29936 29937 29938 29939 29940 29941 29942 29943
7273 0 0 46026 46033 46036 46040 46045 50302 50317 50318 50319 50320 50321 50322 50323 50324
7274 4 4 13305 13312 13320 13329 13338 13344 13349 13621 13630 20945 20951 21225 21300 21307 21313 21314 21315 21316 21317 21318 21319
7275 4 4 13594 17236 21266 21276 21297 21309 21312 21324 21448 21467 21496 21515 21520 21521 21522
7276 0 0 10181 16313 16642 25398 25459 25460 25461 25462 25463 25464 25465 25466 25467 25468 25469 25470 25471 54150
7277 3 3 25367 25374 25403 34823 34853 36630 36637 36640 36641 36642 36643
7278 0 0 10175 16639 25361 25378 25387 25397 25398 25399 25400 25401 25402 25403 54151
7279 3 3 34818 34819 34820 34821 34822 34823 34824 34825 34826 34827 34828
7280 0 0 13787 15807 15913 24300 29079 29084 31672 31718 37848 37868 37871 37878 37879 37880 37881 37882 37883
7281 0 0 7646 12997 13760 13769 13774 13786 13796 13804 13805 13806 13807 13808 13809
7282 0 0 13790 13809 29073 29074 29075 29076 29077 29078 29079 29080 29081
7283 0 0 5208 8090 12986 13781 13793 13799 13814 15807 15808 15809 15810 15811 15812 15813 15814 15815
7284 0 0 11607 11619 11715 11731 14096 22035 22058 22060 22063 22064 22065 54152
7285 0 0 11616 11719 11733 14101 16043 18693 22039 22049 22059 22070 22079 22080 22081 22082 22083 54153
7286 3 3 12877 12886 12894 15444 15992 20010 21205 28110 28135 28136 28137 28138 28139 28140 28141 28142
7287 3 3 5160 9274 9659 12881 12889 15446 15471 15985 15987 15994 15995 15996 15997 15998 15999 16000 16001
7288 3 3 18306 18316 18327 18336 18345 18353 25197 25206 25220 25237 25247 25260 25266 25267 25268 25269 25270
7289 3 3 16576 16736 17869 17895 17912 18333 18374 18395 25204 25212 25217 25236 25249 25252 25253 25254 25255 25256
7290 3 3 25215 25216 25217 25218 25219 25220 25221 25222 25223 25224 25225 25226 25227 25228 25229 25230 25231 25232 25233 25234 25235
7291 3 3 16687 16726 16739 16764 16790 17913 17921 18325 18335 24573 25183 25195 25202 25203 25204 25205 25206 25207
