0 2 2 42026 51114 54331 54347 54350 54351 54352 54353 54354 54355 54356 54357 54358 54359 54360
1 2 2 26381 33760 39673 39676 39708 39763 39771 48172 57808 57826 57827 57836 57837 57838 57839 57840 57841
2 3 3 2276 2456 5281 5293 5294 5295 5296 5297 5298
3 0 0 9750 10069 17259 17260 17261 17262 17263 17264 17265 66501
4 0 0 2247 2252 2258 5238 5247 6580 12451 12463 12482 26700 26711 26717 26718 26719 26720 66502
5 0 0 15293 15294 15295 15296 15297 15298 15299
6 3 3 24139 40891 53710 53731 53907 53923 53936 60255 64543 64557 64563 64569 64573 64580 64581 64582
7 2 2 32693 32699 32712 43141 43161 43168 43198 53662 53688 53821 53837 53869 53879 53891 53929 57785 57805 60211 60287 60363 64532 66178 66200 66208 66211 66213 66214
8 2 2 10244 18836 18896 25797 25842 32182 32204 35966 47596 47607 47624 47625 47626 47627 47628 47629 47630 47631 47632 47633 47634 47635
9 3 3 50601 50618 50634 50666 50698 61750 61778 61783 61804 61810 63936 63940 63941 63942 63943
10 3 3 31728 31736 31756 31757 31758 31759 31760 31761 31762 31763
11 2 2 17915 17920 17928 24236 24246 24258 25198 32952 32953 32954 32955 32956 32957 32958 32959
12 2 2 26149 36549 36588 36645 36660 36683 42563 42596 47359 47373 60629 60641 60693 64728 64741 64752 64756 64758 64761 64764 64765 64766
13 2 2 6717 9542 9553 10548 11341 11350 11376 16374 17466 17480 18620 18628 18629 18630 18631 18632 18633 18634 18635 18636 18637
14 3 3 49454 49460 49464 49472 49478 55554 55560 55566 55567 55568 55569
15 2 2 48439 48453 49877 55343 56508 56520 56522 56523 56524 56525 56526 56527 56528 56529 56530 56531 56532 56533 56534 56535
16 4 4 17053 17054 17055 17056 17057 17058 17059
17 3 3 16829 16835 16844 20323 24146 24147 24148 24149 24150 24151 24152 24153 24154 24155 24156
18 0 0 10907 11042 11208 11218 11219 11220 11221 11222 11223 11224 11225 66503
19 0 0 3552 6960 7231 7289 7302 7311 19180 19181 19182 19183 19184 19185 19186
20 3 3 24251 32955 32962 33879 33880 33899 33900 33901 33902 33903 33904 33905
21 2 2 39716 45119 45135 45136 45137 45138 45139 45140 45141 45142 45143 45144 45145 45146 45147 45148 45149 45150 45151 45152
22 2 2 12626 12662 25067 26820 26860 31127 47002 47036 47047 47052 47059 47077 47113 47115 47126 47128 47129
23 3 3 8737 8758 8797 15070 15081 22124 22163 22186 22207 22217 22218 22219 22220
24 0 0 9633 9646 9689 9706 23409 23410 23411 23412 23413 23414 23415 23416 23417 66504
25 4 4 22811 24642 32056 32071 33113 33129 33138 33139 33140 33141 33142 33143
26 0 0 2701 2702 2709 5608 9544 9562 11347 16315 18632 18642 25493 25508 25517 25519 25525 25527 25528 25529 25530 25531 66505
27 4 4 30397 30398 30412 30428 30445 30465 30497 30509 30512 30513 30514 30515 30516 30517 30518
28 1 1 35605 35606 35607 35608 35609 35610 35611 35612 35613 35614 35615 35616 35617 35618 35619 35620 35621 35622 35623 35624 35625 35626 35627
29 0 0 59517 59539 59994 64064 64071 64072 64073 64074 64075 64076 64077
30 0 0 9477 12312 12319 12336 12341 19244 19268 19511 19520 19525 25214 25224 25232 30848 32648 32717 32731 32738 32743 32745 32746 66506
31 0 0 10736 10737 10738 10739 10740 10741 10742 10743 10744 10745 66507 66508
32 4 4 33217 35341 44168 44192 46684 47751 47754 47762 47763 47764 47765 47766 47767 47768 47769
33 0 0 16359 17483 23156 23164 23178 23181 23182 23183 23184 23185
34 3 3 11176 18089 18098 18107 18122 18418 25318 25347 25365 25370 25372 25373 25374
35 4 4 14854 14939 21011 21017 21056 21073 21083 21087 21088 21089 21090 21091 21092 21093 21094 21095
36 2 2 38130 38139 38152 38158 38164 38366 38401 38403 38411 44665 44708 58611 58635 58638 58640 58645 58646 58647 58648
37 0 0 8554 14376 14381 14813 14815 14816 14817 14818 14819 14820 14821 14822 66509
38 1 1 50211 50220 50229 59097 59144 59286 59324 59331 63057 63327 63328 63329 63330 63331 63332 63333 63334 63335 63336 63337 63338 63339
39 0 0 39266 39267 39268 39269 39270 39271 39272 39273 39274 39275
40 4 4 12 43 44 45 46 47 48
41 4 4 34501 34964 34989 35002 35003 35004 35005 35006 35007 35008
42 3 3 27482 37997 38242 45880 48993 48997 48998 48999 49000 49001 49002 49003 49004 49005 49006
43 2 2 32571 32572 32573 32574 32575 32576 32577 32578 32579 32580 32581 32582 32583 32584 32585 32586 32587
44 2 2 27628 28534 39283 50056 50079 50146 50152 50153 50154 50155 50156 50157 50158 50159
45 3 3 15621 15641 15649 15661 22450 22465 22469 26256 31287 31294 31308 42348 42365 42373 42376 42402 42403 42404
46 0 0 10730 13672 13677 14543 17706 27262 27280 28410 28432 28449 28456 28462 28463 66510
47 2 2 14012 15266 20618 20623 22237 28671 28680 33515 44544 44554 44574 50022 50049 50097 50126 50130 63271 63288 63314 63315 63316 63317
48 4 4 19919 27695 27712 27729 27742 27808 27890 38506 38509 38517 38518 38519
49 2 2 35324 35342 36510 36522 44195 44944 44960 44972 44980 44981 47919 47929 47930 47931 47932 47933
50 0 0 21105 29229 29302 39524 39550 39561 39580 39627 39654 39823 39864 44804 44820 44826 44831 44832 44833 44834 66511
51 3 3 35542 37019 37032 37033 37034 37035 37036 37037 37038 37039 37040 37041 37042 37043 37044 37045 37046 37047 37048
52 3 3 42335 44109 47467 47485 47958 57138 57141 57144 57159 57160 57161 57162 57163 57164 57165
53 4 4 39411 39423 39430 49111 50315 50323 50328 63088 65411 65420 65432 65445 65446 65447 65448 65449
54 0 0 45749 60434 60438 60439 60440 60441 60442 60443
55 2 2 36422 36439 36443 36544 36573 36581 36582 36583 36584 36585 36586 36587 36588 36589 36590 36591 36592 36593
56 0 0 16130 17149 17158 17350 17368 17369 17370 66512
57 0 0 13494 13498 13526 19743 19881 20300 34064 34069 34076 34077 34078 34079 34080 66513
58 0 0 30451 30510 30517 30528 30536 41736 41740 50805 50824 50828 50829 50830
59 2 2 25770 31746 34839 34868 34899 34911 34936 53135 53143 53144 53145 53146 53147 53148 53149 53150 53151
60 4 4 30073 40333 40334 40335 40336 40337 40338 40339
61 4 4 19145 19154 19155 19156 19157 19158 19159 19160 19161 19162 19163 19164
62 3 3 17073 17084 19652 27132 27138 27158 40668 45544 45582 45598 45609 45613 45614 45615 45616
63 2 2 25578 26179 26208 26217 26227 35740 35760 35768 35780 36638 36654 36668 36673 36677 42571 42576 42577 42578 42579 42580 42581 42582 42583 42584
64 0 0 24598 34496 34497 34498 34499 34500 34501 34502 34503
65 3 3 19258 19400 19451 26356 26357 26358 26359 26360 26361 26362 26363 26364
66 0 0 20866 20883 20891 20929 21116 21135 21142 24085 29059 29078 29082 29101 29146 29163 29166 66514
67 0 0 20161 20171 20172 20173 20174 20175 66515
68 0 0 21263 29708 30759 40914 51533 51849 51856 51861 59940 59949 59952 59953 59954 59955 66516
69 0 0 6190 10295 10317 10318 10319 10320 10321 10322 10323 10324 10325 10326 66517
70 0 0 15978 15991 16008 16009 16010 16011 16012 16013 16014 66518
71 0 0 13874 14353 20593 20946 21233 24092 28611 28625 28626 28627 28628 28629 28630 28631 28632 28633 28634 28635 66519
72 3 3 12869 12870 12871 12872 12873 12874 12875 12876 12877 12878 12879 12880 12881
73 4 4 32865 33806 33817 33818 33819 33820 33821 33822 33823 33824 33825
74 3 3 17290 17572 42117 42138 42139 42140 42141 42142
75 4 4 44156 47389 47394 47395 47396 47397 47398 47399 47400 47401 47402 47403 47404 47405 47406
76 3 3 8160 8279 8588 13701 13714 19137 20791 44277 44291 44306 44314 44321 44322
77 3 3 33234 43944 43964 54503 54521 54522 54523 54524 54525 54526 54527
78 0 0 3609 3945 3982 4181 7049 7120 7151 7277 11830 12542 19037 19058 19077 19089 26001 26036 26045 26056 26060 26061 66520
79 3 3 24925 25163 29618 29625 29639 40682 40705 40725 40726 40727 40728 40729 40730
80 2 2 33251 44886 44903 44911 44912 44913 44914 44915 44916 44917 44918 44919 44920 44921 44922 44923 44924 44925 44926 44927 44928 44929
81 2 2 16529 36134 36241 36679 36695 42566 47242 47249 47345 47352 47450 47459 56878 56972 57081 57087 57388 60634 60643 60644 60645 60646
82 4 4 92 116 446 454 1227 1284 2650 2656 2663 2666 2667 2668 2669 2670
83 0 0 10865 10899 10912 10919 11029 11057 11062 11215 11226 17650 18154 18313 18327 18338 18347 18348 18349 18350 18351 18352 18353 18354 18355 18356 18357 66521
84 4 4 11290 11301 18452 18466 18475 18478 18479 18480 18481 18482 18483 18484 18485 18486
85 0 0 2409 2410 2411 2412 2413 2414 2415 2416 2417 2418 2419 2420 66522
86 4 4 52034 52040 52047 52051 52163 52164 52165 52166 52167 52168 52169 52170
87 3 3 24900 25777 34924 34929 34949 34953 35907 35917 35923 35929 35930 35931 35932 35933 35934
88 4 4 17966 17967 17968 17969 17970 17971 17972 17973 17974
89 4 4 37218 37226 37262 44007 44015 44027 44045 54296 54303 54311 54312 54313
90 3 3 11240 18414 18592 25311 35426 46729 46737 46743 46744 46745 46746
91 3 3 59479 60229 60230 60231 60232 60233 60234 60235 60236 60237 60238 60239 60240
92 3 3 49867 49879 49880 49881 49882 49883 49884 49885 49886 49887 49888
93 3 3 30203 33804 33823 48132 48141 48144 48145 48146 48147 48148
94 0 0 20264 27404 38669 39107 39108 39109 39110 39111 39112 39113 66523
95 4 4 43908 43918 43924 49182 56296 56318 58665 58688 58692 58698 58714 58716 58719
96 4 4 26269 36541 36557 36558 36559 36560 36561 36562
97 2 2 42550 54617 54636 54899 54922 54935 54940 54948 54951 54959 54963 57060 61441 61458 61467 61477 61478 61479 61480 61481 61482 61483 61484
98 3 3 30446 30498 30502 30503 30504 30505 30506 30507 30508 30509 30510 30511
99 0 0 7954 7955 7956 7957 7958 7959 7960 7961 7962 7963 7964 66524
100 0 0 9608 9662 9673 9675 16411 18140 23536 23559 23563 23564 23565 23566 23567 23568 23569 23570 23571 23572 66525
101 1 1 56225 56232 56245 56249 56254 56261 56264 56266 56276 56284 56287 56295 56310 56315 56321 56326 56330 56332 56337 56339 56343 64774 64800 66277 66281 66297 66299 66311 66312
102 0 0 10731 13028 13046 13646 13653 13668 13669 13670 13671 13672 13673 13674 13675 66526
103 0 0 30978 30979 30980 30981 30982 30983 30984 30985 30986 30987
104 1 1 9604 9614 9677 9743 16997 22316 23252 23394 23544 23564 23582 23583 23584 23585 23586 23587 23588 23589 23590 23591 23592 23593
105 0 0 13527 20298 20299 20300 20301 20302 20303 66527
106 3 3 29006 33302 44209 50348 50568 59063 59118 59127 63427 63647 63655 65520 65527 65547 65569 65575 65584 65587 65588 65589
107 3 3 62067 62068 62069 62070 62071 62072 62073 62074 62075 62076 62077 62078 62079 62080 62081 62082 62083 62084 62085 62086
108 2 2 7184 7204 11385 11395 11553 11793 11913 12091 26225 35625 35713 35714 35715 35716 35717 35718 35719 35720
109 0 0 56843 56849 56855 56856 56857 56858 56859 56860 56861 56862
110 2 2 1243 5673 5682 5698 5708 5719 5726 5758 9383 22979 28847 31399 31424 31430 31433 31439 31440 31441
111 0 0 17090 17091 17092 17093 17094 17095 17096 17097 17098
112 3 3 10090 24253 33874 33880 33881 33882 33883 33884 33885 33886 33887 33888 33889
113 0 0 46714 54763 54785 54826 54831 62500 65069 65077 65082 65089
114 4 4 20396 20403 20412 20413 20414 20415 20416 20417 20418 20419 20420 20421
115 2 2 16605 23963 23974 24002 27853 33598 38483 44677 44694 44700 44714 44715 44716 44717 44718 44719 44720 44721 44722
116 0 0 29319 29320 29321 29322 29323 29324 29325 29326 29327 29328 29329 29330 29331 29332 29333 29334 29335 66528
117 2 2 29492 29506 37058 40463 40464 40465 40466 40467 40468 40469 40470 40471 40472 40473 40474
118 2 2 48462 56612 59626 59632 59657 61984 62008 62033 62035 63766 63786 63804 63814 63817 63818 63819
119 3 3 49777 49789 58777 58989 58995 59021 63147 63155 63163 63167 63168 63169 63170 63171 63172
120 1 1 37910 45766 49092 53515 55435 55528 55536 55542 56148 56164 56182 56185 56189 56195 56196 56197 56198 56199 56200 56201 56202
121 4 4 27518 38229 38245 45878 49204 49209 49220 49229 49235 49242
122 2 2 21380 21870 29965 29976 30022 30030 30041 30053 30057 30065 30066 30067 30068 30069 30070 30071 30072 30073 30074 30075 30076
123 3 3 30688 30827 43184 52639 53774 53780 53802 60339 64494 64499 64513 64519 64521 64522 64523
124 3 3 26821 26859 35291 35294 47060 47063 47075 47091 47100 47114 47125 47126
125 3 3 19583 26811 26829 26831 26836 26837 26838 26839 26840 26841 26842 26843 26844
126 2 2 12675 15562 15843 16473 19466 22434 25100 25109 26776 35283 36474 36478 37114 37128 37131 37132 37133 37134 37135 37136 37137
127 3 3 39040 49893 49902 49923 49969 49972 49973 49974 49975 49976 49977 49978 49979 49980 49981
128 3 3 8442 11270 14729 18439 18558 18567 24942 24957 35559 35566 35567 35568 35569
129 2 2 34132 34143 39140 39159 48966 49489 49495 49496 49497 49498 49499 49500 49501 49502
130 0 0 1639 3571 7147 7353 12479 12491 12494 12495 12496 12497 12498 66529
131 3 3 8615 21374 21866 29368 29383 29967 30031 30036 30037 30038 30039 30040 30041 30042 30043
132 0 0 10517 17216 17438 24604 34504 34550 34586 35036 43025 43042 43056 43076 43082 43090 43091 66530
133 2 2 48440 56532 58061 59043 59047 59592 59598 63811 63849 64106 65471 65485 65491 65497 65499 65504 65505
134 0 0 1817 1825 1830 2285 2286 2287 2288 2289 2290
135 3 3 29219 29220 29221 29222 29223 29224 29225 29226 29227 29228 29229 29230 29231
136 0 0 862 904 927 1188 1531 2567 2577 2582 2586 2587 2588 66531
137 2 2 44072 53426 53441 53450 53462 54388 54443 57046 57057 57243 57253 57378 57512 60782 60789 60802 60821 60841 60842 60843
138 0 0 24818 32355 32376 32386 32396 32409 32422 32423 32424 32425 32426
139 0 0 19284 26484 26493 30577 30615 30618 30619 30628 36704 36724 36726 36740 36743 36744 66532
140 0 0 1838 1850 2134 4572 4582 4583 4584 4585 4586 4587 4588 4589 66533
141 0 0 10007 10012 10020 13611 24164 28173 28190 28197 28199 28200 28201 28202 28203 66534 66535
142 3 3 36380 36414 36433 36437 36438 36439 36440 36441 36442
143 4 4 34249 34265 34275 34282 34283 34284 34285 34286 34287 34288 34289 34290 34291 34292
144 0 0 5883 6200 7738 9900 9923 9925 9926 9927 9928 9929 9930 9931 66536
145 2 2 3634 3818 3977 4182 7286 11818 19004 19024 19031 19032 19033 19034 19035 19036 19037 19038 19039 19040
146 3 3 10235 10243 10252 10253 10254 10255 10256 10257 10258 10259 10260 10261 10262 10263 10264
147 0 0 1052 1053 1054 1055 1056 1057 1058 1059 66537
148 3 3 45179 45344 45499 52990 53000 53316 53317 53318 53319 53320 53321 53322 53323 53324
149 0 0 4291 4301 6206 7736 7767 7774 7775 7776 7777 7778 7779 7780 7781 7782 66538
150 1 1 4567 14277 28535 28619 29005 50165 59064 59068 59077 63260 65512 65514 65515 65516 65517 65518 65519 65520 65521 65522
151 4 4 47316 47330 47500 47503 47504 47505 47506 47507 47508 47509 47510
152 0 0 36690 36699 64724 64739 64755 64757 64758 64759 64760
153 0 0 39536 39557 39570 39588 39589 39590 39591 39592 66539
154 2 2 15340 25188 32966 34020 34031 43588 43620 43624 43626 43627 43628 43629 43630 43631 43632 43633 43634
155 0 0 955 974 984 997 998 999 1000 1001 1002 66540
156 0 0 8195 8205 8208 8209 8210 8211 8212 8213 8214 8215 66541
157 0 0 11038 11046 11052 11059 11068 11265 16404 16432 18124 18125 18126 18127 18128 18129 18130 18131 18132 18133 66542
158 4 4 51277 51396 51403 51520 58253 58254 58255 58256 58257 58258
159 2 2 12359 12522 12537 19320 19359 26941 35400 37203 37276 37277 37278 37279 37280 37281 37282 37283 37284
160 2 2 27480 37939 37968 37977 37996 38049 38076 38084 38223 38232 38236 38240 38241 38242 38243 38244 38245 38246 38247
161 4 4 9763 22668 23284 23369 23646 23678 31850 31980 31982 31988 31989 31990 31991 31992
162 2 2 31719 31738 31740 31741 31742 31743 31744 31745 31746 31747 31748 31749 31750 31751 31752 31753 31754 31755
163 2 2 29482 50716 55334 56510 56581 59578 59579 59580 59581 59582 59583 59584 59585 59586
164 3 3 9722 9770 22649 22650 22651 22652 22653 22654 22655 22656 22657 22658
165 4 4 39351 39352 39353 39354 39355 39356 39357 39358 39359 39360 39361
166 1 1 23947 24016 27473 27787 37646 38314 38360 38388 39419 50199 50321 50332 58456 59284 59332 63059 63060 63061 63062 63063 63064 63065 63066
167 2 2 11663 12030 12064 16207 16269 18938 18968 19147 26085 28900 31339 32537 32538 32539 32540 32541 32542
168 3 3 19332 26526 26527 26528 26529 26530 26531 26532 26533 26534 26535
169 2 2 7180 7188 7198 7207 7214 7219 7222 7226 7230 7241 7250 11389 11396 11546 11550 11551 11552 11553 11554 11555 11556 11557 11558 11559
170 2 2 3990 7161 7170 11838 25989 26064 36319 36326 36335 36340 36345 36346 36347 36348
171 0 0 6570 16857 17019 17921 17922 17923 17924 17925 17926 17927 66543
172 3 3 46626 46627 46628 46629 46630 46631 46632 46633 46634 46635 46636
173 4 4 54970 57504 57518 57523 57524 57525 57526 57527 57528 57529 57530 57531
174 2 2 11535 11743 13808 13824 25855 25869 25886 33498 33520 36038 36051 36066 36068 36077 36078 36079
175 4 4 24316 24764 24786 24789 24790 24791 24792 24793 24794 24795 24796
176 2 2 39944 39997 58496 58526 60160 61853 61882 63115 63127 63140 63142 64339 64346 64364 64365 64366 64367
177 3 3 15795 15803 22418 22420 22743 22744 22745 22746 22747 22748 22749 22750 22751 22752
178 2 2 5997 6007 6091 6102 6114 6220 6226 6227 6228 6229 6230 6231 6232 6233
179 2 2 22309 23391 23587 32974 32985 34206 43650 48542 48559 48564 48577 56751 56759 56778 56779 56780 56781 56782 56783 56784
180 3 3 52261 60131 60155 63132 64345 64383 64392 64406 64414 64415 64416
181 4 4 6845 9205 12035 15631 15640 22457 22460 22467 22468 22469 22470 22471
182 0 0 20191 20204 20206 20225 20345 20348 20349 20350 20351 66544
183 3 3 19157 26240 26252 26259 31348 31349 31350 31351 31352 31353 31354 31355 31356
184 2 2 44083 47508 54436 54441 56984 57011 57016 57033 57037 57042 57043 57044 57045 57046 57047 57048 57049 57050
185 0 0 8538 8568 14369 14834 14908 14912 14913 14914 14915 66545
186 2 2 39383 39387 39393 39400 44281 44461 47812 47823 47858 47880 47885 50372 55072 55073 55074 55075 55076 55077 55078 55079 55080 55081
187 1 1 11755 11768 11777 16526 18702 18738 18988 25752 25753 25754 25755 25756 25757 25758 25759 25760 25761 25762 25763 25764 25765 25766
188 3 3 35552 37022 37040 37060 37073 45776 45782 46538 46561 46931 46943 46957 46960 46961 46962
189 0 0 1247 1762 1767 4264 4274 4275 4276 4277 4278 66546 66547
190 4 4 5350 5355 5356 5357 5358 5359 5360 5361 5362 5363 5364 5365
191 0 0 16283 19313 26496 26504 26509 26510 26511 26512 26513 26514 66548
192 2 2 36778 36787 36795 36808 36813 36818 36826 39728 39737 39738 39739 39740 39741 39742 39743 39744 39745 39746 39747
193 2 2 13810 13821 13832 13843 13854 13861 13949 13960 15247 20503 20522 22233 33488 39197 44570 44625 44635 44637 44638
194 4 4 62173 62174 62175 62176 62177 62178 62179 62180
195 0 0 12572 15416 15433 15451 18168 18179 18196 18197 18198 18199
196 2 2 33928 33945 45221 45228 45234 45276 45510 45516 55441 56155 56188 56209 56212 56214
197 3 3 4938 4939 4940 4941 4942 4943 4944 4945 4946 4947
198 0 0 46922 46923 46924 46925 46926 46927 46928 46929 46930 46931
199 2 2 29602 29610 29619 29624 29636 29645 29649 29654 29661 29668 35551 40536 40545 40546 40547 40548 40549 40550 40551 40552
200 4 4 52286 52302 59689 64163 66014 66037 66044 66050 66055 66060 66061 66062
201 0 0 14679 14694 21282 21283 21284 21285 21286 21287 21288 21289 21290 21291 66549
202 2 2 22090 22093 24131 30867 41502 41508 41521 41895 41908 41938 51093 52417 52644 52645 52646 52647 52648 52649 52650 52651 52652 52653 52654 52655 52656
203 2 2 29231 29256 39962 39989 44783 44807 44808 44809 44810 44811 44812 44813 44814 44815 44816
204 0 0 6753 11858 11877 11892 11895 11896 11897 11898
205 4 4 8305 13703 13707 13708 13709 13710 13711 13712 13713 13714 13715
206 3 3 40187 40318 40322 59705 59723 59739 59744 59767 59777 59792 59793 59794 59795
207 2 2 29995 30026 40946 40961 40965 40983 40989 41629 41687 51701 51715 51725 51731 51737 51738
208 4 4 27912 27921 27932 27939 27945 33429 38502 38513 38520 38521 38522 38523 38524 38525 38526 38527
209 0 0 47302 47323 47350 47355 47363 47364 47365 47366 47367 47368 47369 47370
210 0 0 557 620 771 778 782 783 784 785 786 787 788 789 66550
211 4 4 12827 12952 12960 12978 12993 12994 12995 12996 12997 12998 12999
212 0 0 45121 45150 50599 50606 50620 50632 50649 57821 57863 57866 57874
213 3 3 21356 21360 21405 21412 21419 21435 21449 29948 29954 29955 29956 29957 29958
214 3 3 2853 3150 6123 6124 6125 6126 6127 6128 6129 6130 6131 6132 6133
215 2 2 36501 36508 42378 47830 47837 47894 57184 57199 57671 57681 57690 57691 57692 57693
216 0 0 20932 24019 29179 29180 29181 29182 29183 29184 66551
217 3 3 43148 43149 43150 43151 43152 43153 43154 43155 43156 43157 43158
218 3 3 39338 39353 39365 39374 50381 55727 55741 59255 59269 59273 59306 59307 59308 59309 59310 59311 59312 59313
219 2 2 1859 1868 1869 3454 4415 4438 7982 8016 8021 8031 8032 8033 8034 8035 8036 8037 8038 8039
220 0 0 2159 2195 2196 2197 2198 2199 2200 2201 66552
221 4 4 24842 32408 32415 43899 43909 56243 56268 56277 56278 56279 56280 56281 56282 56283 56284
222 3 3 6414 6423 10852 10862 10872 10876 10877 10878 10879 10880 10881 10882
223 2 2 30028 30035 30043 30044 30055 30056 30057 30058 30059 30060 30061 30062 30063 30064
224 2 2 10089 15482 15489 16849 16904 16908 16909 16910 16911 16912 16913 16914 16915 16916 16917 16918 16919 16920 16921
225 1 1 5869 7804 7846 7879 9951 13323 16733 24452 24458 24466 28083 34066 38741 38754 38755 38756 38757 38758
226 3 3 20552 20556 23002 28784 28841 28851 28854 28855 28856 28857 28858
227 2 2 36392 36446 36464 37339 42587 44085 44129 47269 57004 57643 57652 57653 57654 57655 57656 57657
228 4 4 35449 35450 35451 35452 35453 35454 35455 35456 35457 35458 35459
229 3 3 43390 43399 43515 43518 43519 43520 43521 43522 43523 43524 43525 43526
230 0 0 26501 26504 26505 26506 26507 26508 66553
231 0 0 11063 11235 11248 18144 18156 18352 18393 18400 18408 18409 18410 18411 18412 18413 18414 18415 18416 18417 66554
232 3 3 9015 9026 9041 9051 21363 22009 22015 22016 22017 22018 22019 22020 22021 22022 22023 22024
233 3 3 53611 57664 57997 59177 62736 62747 62768 63457 63464 63496 63506 63507 63508
234 3 3 43138 53694 53711 53733 53853 53887 53901 53902 53903 53904 53905 53906 53907 53908 53909 53910
235 3 3 26313 35831 35842 36430 42326 42327 42328 42329 42330 42331 42332 42333 42334 42335
236 1 1 28766 28767 28768 28769 28770 28771 28772 28773 28774 28775 28776 28777 28778 28779 28780 28781 28782 28783 28784 28785 28786 28787 28788 28789 28790 28791 28792 28793
237 1 1 24010 28663 33533 33547 33550 33555 33577 39317 39324 39346 39370 49376 58457 59278 59279 59280 59281 59282 59283 59284 59285 59286 59287 59288 59289
238 0 0 40030 41387 41388 41389 41390 41391 41392 41393 41394 41395
239 4 4 20592 23777 23797 33253 33254 33255 33256 33257 33258 33259 33260 33261
240 1 1 18867 18886 19124 47137 47256 56920 56931 56944 60650 60657 60687 60689 64675 64683 64719 64730 64738 64743 64744 64745
241 4 4 33477 36293 39222 39226 39233 39248 63293 63310 63318 63319 63320
242 0 0 12170 12176 26030 26069 26108 26119 26130 26155 26164 26166
243 4 4 63666 63672 63677 63683 63690 65745 65762 65770 65771 65772 65773 65774 65775
244 4 4 13737 13943 13955 13958 13959 13960 13961 13962 13963 13964 13965
245 4 4 579 3296 3307 3309 3318 3319 3320 3321 3322 3323
246 4 4 51203 51211 51212 51213 51214 51215 51216 51217 51218 51219 51220
247 3 3 29236 29254 39804 44775 44778 44779 44780 44781 44782 44783 44784 44785 44786 44787 44788
248 4 4 10979 10986 12214 15516 25018 25022 25026 25027 25028 25029 25030 25031
249 4 4 7576 12702 12707 12710 12766 12918 12926 12939 12947 12962 12967 12972 12973 12974 12975
250 0 0 9492 16296 16303 16309 16311 16312 16313 16314 66555
251 3 3 4581 4589 4595 4606 4935 7717 8892 13905 14093 14098 15233 15253 19931 19940 19955 19959 19976 19984 19985
252 0 0 6261 15739 17252 17386 19831 19854 24767 24775 24776 24777 24778 24779 24780 24781 66556
253 0 0 19233 19243 23067 23081 23083 23084 23085 23086 23087 23088 66557
254 3 3 1650 6607 6608 6609 6610 6611 6612 6613 6614 6615
255 3 3 4999 8779 8785 9289 9296 9592 15162 15186 15195 16089 16090 16091 16092 16093 16094 16095 16096 16097
256 2 2 29444 29455 40213 40296 40480 40485 41722 51163 51170 51179 56485 56493 56494 56495 56496 56497 56498 56499 56500 56501 56502
257 0 0 50384 50385 50386 50387 50388 50389 50390 50391 50392 50393 50394 50395 50396 66558
258 3 3 30048 40310 41681 59721 59762 59776 59779 59780 59781 59782 59783
259 4 4 60258 60294 64546 66173 66186 66192 66193 66194 66195 66196 66197 66198
260 0 0 293 1048 1049 1050 1051 66559 66560 66561
261 0 0 2087 3071 3072 3073 3074 3075 3076 66562
262 3 3 10086 10087 10088 10089 10090 10091 10092 10093 10094 10095
263 3 3 14862 21781 21796 21807 30330 30339 41302 41320 52155 60051 60075 60079 60082 60083
264 3 3 55198 60187 60194 61835 63533 63537 65593 65597 65706 65721 65725 65732 65733 65734
265 3 3 6266 22829 24312 33995 43836 43845 43846 43847 43848 43849 43850 43851 43852 43853
266 3 3 13982 13988 14004 14016 15262 15264 16576 20610 20617 20621 20622 20623 20624
267 4 4 22640 23618 31823 31824 31825 31826 31827 31828 31829 31830 31831 31832
268 4 4 36114 36115 36116 36117 36118 36119 36120 36121 36122 36123 36124
269 3 3 31528 31537 31541 31551 46037 46045 46052 46053 46054 46055 46056 46057
270 2 2 6351 6362 6664 6678 10248 17526 17545 32169 32170 32171 32172 32173 32174 32175 32176 32177
271 1 1 13258 13282 13306 13326 23928 27776 27793 28066 28988 29001 33591 38752 38756 38764 38765 38766 38767 38768 38769 38770 38771 38772
272 2 2 10510 17428 18610 19813 19826 19844 22561 22567 22580 22584 22588 22589 22590 22591 22592 22593 22594
273 3 3 62524 64836 65177 65199 65218 65223 65234 65235 65236 65237 65238 65239
274 3 3 53125 53136 53452 54434 54448 61573 61577 62200 62219 62220 62221 62222 62223 62224 62225 62226
275 0 0 7668 10100 10108 10134 10137 10138 10139 10140 10141 10142 10143 10144 10145 10146 66563
276 0 0 104 105 106 107 108 109 110 111 66564 66565
277 4 4 51573 51574 51575 51576 51577 51578 51579 51580 51581 51582 51583 51584 51585 51586
278 2 2 27207 27247 29609 29612 29644 40677 40697 40706 40726 40731 40732 40733 40734 40735 40736 40737 40738 40739 40740 40741 40742
279 3 3 30094 40284 40300 41006 41014 41664 41683 41694 41697 41698 41699 41700
280 3 3 30468 30474 30480 30492 30494 30501 50958 51010 59696 59708 59716 59727 59732 59733
281 0 0 947 948 949 950 951 66566 66567
282 3 3 56975 56976 56977 56978 56979 56980 56981 56982 56983 56984 56985 56986 56987
283 4 4 45888 45895 45899 45904 45909 45913 45924 56095 56096 56097 56098 56099
284 0 0 6327 6358 6651 6660 6689 15909 15916 15922 15929 15930 15931 15932 15933
285 0 0 29511 29528 29800 38888 40097 41424 41434 51553 51589 51688 52181 55256 55265 55301 55305 55309 66568
286 0 0 11018 15825 15835 15873 15874 15875 15876 15877 15878
287 1 1 42656 42968 42995 43011 46173 46184 46218 52959 53311 53473 53503 53513 53514 53515 53516 53517 53518 53519 53520 53521 53522 53523 53524 53525 53526 53527
288 4 4 41045 41057 41058 41059 41060 41061 41062 41063 41064 41065 41066 41067 41068
289 3 3 6547 17857 17864 17871 31120 47076 47111 47117 47121 47124 47127
290 4 4 29856 29867 29943 30130 40949 40955 40977 40980 40985 40986 40987 40988 40989 40990
291 3 3 39270 39290 39297 50019 50053 50054 50055 50056 50057 50058 50059 50060 50061
292 2 2 978 994 1020 1106 1694 1709 1717 1721 1722 1723 1724 1725 1726 1727
293 3 3 56600 56644 56650 56667 58040 59027 59037 59038 59039 59040 59041 59042 59043 59044
294 0 0 63807 63948 63953 65849 65859 65863 65881 65882
295 2 2 2309 2320 2471 4379 4392 5288 5303 5308 5321 5322 5323 5324 5325 5326 5327
296 3 3 16774 17034 17042 17043 17044 17045 17046 17047 17048 17049 17050 17051 17052
297 0 0 18901 18907 25606 25800 25812 25849 31608 31615 35982 47554 47560 47570 47578 47579 47580 47581 47582 47583 47584 47585 47586 66569
298 0 0 20851 20925 20934 24023 24086 29074 29102 29125 29138 29147 29166 29177 29181 38938 38954 38969 38970 38971 66570
299 3 3 36848 42346 42360 42383 42384 42385 42386 42387 42388 42389 42390 42391 42392 42393
300 0 0 746 1548 3712 3723 3765 3776 3779 3784 3792 3799 3800 3801 3802 3803 3804 66571
301 3 3 46797 46809 46842 54110 54111 54112 54113 54114 54115 54116 54117 54118 54119 54120
302 4 4 22080 30830 30833 30834 30835 30836 30837 30838 30839
303 2 2 12595 12599 12628 12635 12659 12667 25066 26819 31112 31117 31126 47001 47023 47032 47036 47037 47038 47039 47040 47041
304 2 2 10263 18840 24554 25795 31514 31558 31563 31579 31594 31645 31646 31647 31648 31649 31650 31651 31652
305 2 2 40498 40753 40763 40790 45694 45712 46610 55907 56473 62328 62347 62352 62359 62360 62361 62362 62363 62364 62365 62366 62367
306 2 2 15969 16000 16021 16435 17244 22782 22805 24627 24628 24629 24630 24631 24632 24633 24634 24635
307 0 0 20379 20433 28180 28189 28196 28210 28227 28246 28261 28262 28263 28264 28265 28266 66572
308 2 2 53478 53516 53556 54240 55527 55535 55543 56147 56171 56180 56189 56190 56191 56192 56193 56194
309 3 3 19693 37821 38630 38679 38686 38702 38706 38707 38708 38709 38710 38711 38712 38713 38714
310 0 0 1669 4667 4668 4669 4670 4671 4672 4673 4674 4675 4676 66573
311 2 2 5408 5414 5422 5544 5566 9285 9302 9535 9583 11345 16335 16346 17460 22269 22290 23200 23216 23221 23242 23243 32270 32278 32292 32296 32305
312 0 0 102 113 428 440 441 442 443 444 445 446 447 448 66574 66575
313 0 0 1350 2813 2855 3138 3139 3140 3141 3142 3143 3144 3145 66576
314 2 2 37932 37933 37934 37935 37936 37937 37938 37939 37940 37941 37942 37943 37944 37945
315 2 2 47502 47510 54428 54450 54966 57221 57225 57241 57251 57366 57368 57503 57511 57512 57513 57514 57515 57516 57517 57518 57519 57520 57521 57522
316 3 3 27656 27811 27841 34562 38419 38445 38449 38458 38459 38460 38461 38462
317 0 0 9691 9703 11040 11047 11259 16407 18124 18134 18135 18136 66577
318 4 4 59574 59985 60119 63240 64078 64079 64080 64081 64082 64083 64084 64085 64086
319 4 4 56594 56638 56639 56640 56641 56642 56643 56644 56645
320 0 0 2015 2056 4857 8641 8648 8657 8662 8698 8709 8721 8725 8739 8740 8741 8742 8743 66578
321 3 3 9086 11196 15403 15411 15423 15425 15440 15441 15442 15443 15444 15445 15446 15447
322 4 4 44146 47413 54981 54988 55004 55005 55006 55007 55008 55009 55010 55011
323 0 0 61393 61399 61404 61406 61531 61543 61558 61564 61570 61575
324 1 1 39306 50551 59149 59215 59267 59288 59291 59326 59359 59370 59376 59377 59378 59379 59380 59381 59382 59383 59384 59385
325 0 0 977 1025 1105 1725 1733 1740 1741 1742 1743 1744 1745 1746 66579 66580
326 1 1 18011 18016 18023 18028 18036 18044 18054 18058 18062 19434 19461 19512 25211 25221 25235 25251 25464 25474 25486 32765 32771 32772 32773 32774 32775 32776 32777 32778
327 0 0 33970 43754 43760 43770 45452 45473 45482 45487 45488 45489 66581
328 0 0 32 52 59 766 777 784 790 795 796 797 66582
329 0 0 4767 8569 8570 8571 8572 8573 66583
330 0 0 28404 28414 28445 29522 38846 38864 38865 38867 38868 38869 66584
331 0 0 21862 21873 29389 29975 30071 30471 30475 30481 30482 30483 30484 30485 30486 30487 30488 30489 30490 30491 30492 66585
332 0 0 1145 1150 1156 2268 2278 2348 2369 2392 2396 2397 2398 2399 66586
333 3 3 36631 36632 36633 36634 36635 36636 36637 36638 36639 36640 36641 36642
334 3 3 34264 34276 34286 34293 45730 48518 55952 55959 55972 55974 55975 55976 55977 55978 55979 55980 55981
335 4 4 723 730 731 732 733 734 735 736
336 2 2 44768 55147 59239 61622 61636 61653 61671 61699 61719 61745 61761 61777 61789 61790 61791 61792 61793 61794 61795 61796 61797 61798 61799
337 4 4 34304 34305 34306 34307 34308 34309 34310 34311 34312 34313 34314 34315
338 0 0 7901 13564 13603 20148 20149 20174 20177 20182 20183 20184 20185 20186 20187 20188 20189 66587 66588
339 0 0 33177 33203 34716 34728 34729 34730 34731 34732 34733 34734
340 3 3 13724 13733 13734 13735 13736 13737 13738 13739 13740
341 4 4 52358 55247 55264 55272 55273 55274 55275 55276 55277 55278 55279 55280 55281 55282
342 2 2 27848 27858 33595 38113 38453 44641 44653 44680 44696 44697 44698 44699 44700 44701 44702 44703 44704
343 3 3 18717 18729 31617 31618 31619 31620 31621 31622 31623 31624
344 0 0 45375 60596 60605 60622 60626 64595 64605 64632 64641 64644 64645
345 4 4 44360 44412 45922 55018 55019 55020 55021 55022 55023 55024 55025 55026
346 2 2 56595 56638 56677 59496 59520 59525 59544 59549 59550 59551 59552 59553 59554 59555 59556 59557
347 3 3 37652 39320 39321 39322 39323 39324 39325 39326 39327 39328
348 3 3 4703 4728 4731 6636 9002 9009 9010 9011 9012 9013 9014 9015 9016
349 0 0 1059 1930 6368 6383 6405 8414 8423 8424 8425 8426 8427 8428 8429 8430 8431 8432 8433 8434 8435 8436 66589
350 3 3 35374 36321 36329 36364 36387 36394 36408 36521 36525 36536 36537 36538 36539
351 3 3 21271 29466 30524 41103 41114 41126 41129 41136 41137 41138 41139 41140 41141 41142 41143 41144 41145 41146 41147
352 0 0 17212 17434 17442 17456 17469 17470 17471 17472 17473 17474 17475
353 0 0 6519 9097 10987 10997 10998 10999 11000 11001 66590
354 2 2 324 335 343 1239 1896 2390 2505 4498 5724 5779 5784 5785 5786 5787 5788 5789 5790 5791 5792
355 3 3 47379 47404 54408 54680 54681 54682 54683 54684 54685 54686 54687 54688 54689 54690 54691
356 0 0 12358 12530 12531 12532 12533 12534 12535 12536 12537 12538
357 2 2 3826 3844 6496 6506 6978 7179 7185 7189 7190 7191 7192 7193 7194 7195 7196 7197 7198
358 0 0 24298 24318 24404 24439 24756 33954 33967 33983 33997 34739 34817 45439 45456 45457 45458 45459 45460 45461 45462 66591
359 2 2 49928 49951 49975 55691 58852 58865 58878 58897 58904 58911 58914 58918 58919 58920 58921 58922 58923 58924
360 3 3 24141 52634 52703 52712 52721 60351 64541 64553 64555 64556 64557 64558 64559 64560 64561 64562
361 3 3 6889 6906 6938 6939 6940 6941 6942 6943 6944 6945 6946
362 1 1 139 337 342 1802 1886 1893 2385 2400 2507 4615 5710 5721 5736 5778 5784 5793 5794 5795 5796 5797 5798 5799 5800 5801
363 3 3 36110 36126 36142 36152 36229 36230 36231 36232 36233 36234 36235 36236 36237 36238 36239
364 0 0 108 135 187 538 539 540 541 542 543 544 545 546 547 548 549 66592 66593
365 3 3 42916 42927 42946 53469 53484 53485 53486 53487 53488 53489 53490 53491 53492 53493
366 0 0 59684 59690 64164 64203 66018 66035 66049 66056 66061
367 4 4 65345 65392 65398 65402 65803 65820 65823 65839 65843
368 4 4 51230 55784 55790 58209 58235 58241 64123 65467 65478 65492 65493 65494 65495
369 4 4 32929 40857 43528 43537 43538 43539 43540 43541
370 0 0 20587 21241 24097 28591 28613 28632 28636 28637 28638 28639 28640 28641 28642 66594
371 3 3 41220 50772 51785 51797 51808 52063 52088 52102 52107 52121 52122 52123
372 2 2 33248 48043 48057 53573 53756 58548 60473 60872 61896 61902 61932 61935 61936 61937 61938 61939 61940
373 1 1 10789 10835 10941 12760 12803 12821 17599 17617 17645 17656 27192 37468 37499 37580 40541 40558 40565 40570 40572 40573 40574
374 2 2 14779 21446 24939 24946 24947 24948 24949 24950 24951 24952 24953 24954 24955
375 2 2 767 776 781 789 794 797 923 1135 3199 3205 3206 3207 3208 3209 3210 3211 3212 3213 3214 3215
376 4 4 4740 6462 6640 9001 10969 14716 14743 14759 14763 14764 14765
377 3 3 53614 53625 53653 53665 55163 55164 55165 55166 55167 55168 55169 55170 55171
378 2 2 44739 58756 58765 59560 60098 60151 62940 64117 64134 64138 64139 64140 64141 64142 64143 64144 64145
379 3 3 9190 9198 12184 12197 16279 19204 19208 19220 19221 19222 19223 19224 19225 19226 19227 19228
380 0 0 17792 17800 17805 17808 17820 17824 17825 17826
381 4 4 5888 7696 16640 16641 16642 16643 16644 16645 16646 16647 16648 16649 16650
382 0 0 8525 14866 14873 14877 14878 14879 14880 14881 14882 66595
383 0 0 8620 8626 14601 21391 22005 29974 29981 30000 30004 30012 30013 30014 66596
384 4 4 17495 17504 17509 17511 17519 17532 17549 17552 17555 17557
385 1 1 19021 26920 26930 36316 36339 36343 36345 36352 36372 36376 36397 36409 36415 36432 36437 36548 36570 36578 36592 36598 36606 36608 36609
386 4 4 45741 55921 55932 55933 55934 55935 55936 55937
387 2 2 53658 57771 57801 60227 60242 60291 60898 60917 61892 61909 61915 61919 61920 61921 61922 61923 61924 61925 61926
388 4 4 412 533 3034 3054 3064 3065 3066 3067 3068 3069 3070
389 4 4 36109 36123 36141 36232 47434 47495 47668 57215 57286 57500 57552 57568 57571 57582 57583 57584 57585
390 0 0 5640 5648 9616 9617 9618 9619 9620 9621
391 0 0 3408 6764 6783 10613 10629 10638 10652 10653 10654 10655 10656 66597
392 2 2 33750 33757 33764 33772 33779 33785 33790 39669 39701 39707 39730 39762 39766 39767 39768 39769 39770 39771 39772 39773 39774
393 0 0 14469 14475 14884 14893 14902 16793 16800 16810 16811 66598
394 4 4 18278 18285 18295 25407 25429 25430 25431 25432 25433 25434 25435 25436 25437
395 2 2 22973 28767 28796 28806 28881 28919 32488 32489 32490 32491 32492 32493 32494 32495 32496 32497 32498 32499 32500
396 0 0 9104 10981 10988 10997 12224 12231 12232 12233 66599
397 3 3 36404 46670 46687 46688 46689 46690 46691 46692 46693 46694
398 0 0 1054 3160 3161 3162 3163 3164 3165 3166 3167 3168 3169 3170 3171 66600
399 0 0 1794 7903 7904 7905 7906 7907 7908 7909 7910 66601
400 3 3 7757 7764 17184 17193 17194 17195 17196 17197 17198 17199 17200 17201
401 2 2 59978 61082 64168 64184 64255 64264 64269 64270 64271 64272 64273 64274 64275 64276 64277 64278 64279 64280 64281
402 3 3 18680 18848 18849 18850 18851 18852 18853 18854 18855 18856 18857 18858 18859
403 2 2 16902 17015 17913 17918 37507 37510 48642 48662 48691 48695 48702 48704 48705 48706 48707 48708
404 0 0 29 366 400 403 66602 66603
405 3 3 39330 55725 58073 58086 59312 62051 62915 65106 65148 65151 65158 65160 65161 65162 65163
406 4 4 14553 14555 14556 14557 14558 14559 14560 14561 14562
407 4 4 2151 2176 4601 5017 5035 5057 8804 8813 8814 8815 8816 8817 8818 8819 8820
408 0 0 6667 10236 10250 10256 10267 10277 10409 10425 10427 10428 10429 10430 10431 10432 10433 10434 10435 66604
409 0 0 46853 56788 56794 56806 56807 56808 56809 56810 56811 56812
410 0 0 17192 17201 17209 27659 27849 34513 34521 34527 34556 34559 34571 34577 34578 34579 34580 34581 34582 34583 66605
411 2 2 63781 63797 63857 63873 63880 63881 63882 63883 63884 63885 63886 63887 63888
412 0 0 29390 29704 30484 40818 41752 41886 41931 41943 41951 50993 51008 51052 51065 51079 51086 51089 66606
413 0 0 26499 26506 32835 32844 32878 32905 32906 32907 32908 32909 32910 32911 32912 32913 32914 32915 32916 32917 66607
414 3 3 6252 6264 16128 17124 17134 17135 17136 17137 17138 17139 17140
415 0 0 10501 10509 17213 17423 17428 17429 17430 17431 17432 17433 17434 17435 17436 17437 17438 17439 17440 66608
416 2 2 7343 11116 11133 12322 12334 12340 17977 19263 19275 19276 19277 19278 19279 19280 19281 19282
417 2 2 22105 23145 23170 23176 23188 24859 24886 24894 32337 34831 34946 35038 46021 46028 46048 46058 46066 46067 46068 46069 46070
418 1 1 4536 9792 9804 9818 9849 9875 9910 16611 16612 16613 16614 16615 16616 16617 16618 16619 16620 16621 16622 16623 16624
419 3 3 22642 31922 31942 31945 31946 31947 31948 31949 31950 31951 31952 31953 31954 31955
420 3 3 25801 25809 35985 47585 47598 47610 47629 47644 47645 47646 47647
421 4 4 34322 34341 37666 40578 40579 40580 40581 40582 40583 40584 40585 40586 40587 40588
422 2 2 40098 40103 41429 41431 50896 50924 52178 52205 52210 52223 52250 52339 52347 52356 55258 55270 55286 55303 55309 55314 55316 55317
423 2 2 4214 6567 7630 7640 7654 15485 16854 16895 17015 17016 17017 17018 17019 17020 17021 17022 17023 17024 17025 17026 17027
424 2 2 17232 23878 33179 33285 33286 33287 33288 33289 33290 33291 33292 33293 33294
425 0 0 5919 5920 5921 5922 5923 5924 5925 5926 5927 5928 5929 66609
426 0 0 617 644 3808 3847 6488 6509 6561 7182 7215 7255 11387 11397 11399 11400 11401 11402 11403 11404 11405 11406 11407 66610
427 4 4 54571 55006 57729 59154 63659 63673 65754 65775 65782 65784 65789 65792
428 0 0 4781 4782 4783 4784 4785 66611
429 3 3 1092 8348 14584 14587 21388 29862 29874 29901 29905 29909 29910 29911 29912 29913
430 2 2 3714 3721 3772 3788 3802 3851 7065 7077 7175 7202 7217 7221 7223 7224 7225 7226
431 3 3 47065 47066 47067 47068 47069 47070 47071 47072 47073 47074 47075 47076 47077 47078 47079 47080 47081 47082
432 3 3 6331 6341 6352 6353 6354 6355 6356 6357 6358 6359 6360 6361 6362
433 0 0 10429 18844 31598 31601 31602 31603 31604 31605 66612
434 0 0 1338 1343 3086 3105 6011 9249 9250 9251 9252 9253 9254 66613
435 4 4 49247 49259 49267 49273 49300 58389 58411 58423 58449 58450 58451 58452
436 0 0 45747 60436 60441 60465 60513 61125 61155 61161 61162 61163
437 2 2 30919 31464 31497 31680 31693 36091 36100 42057 42064 42072 42078 42087 42089 42091 42092 42093 42094 42095 42096 42097
438 2 2 47551 47564 47568 47586 52870 52890 56913 56929 56934 56949 57422 57434 57496 60649 60660 60661 60662 60663 60664 60665 60666
439 3 3 4450 13717 13731 13813 13844 13845 13846 13847 13848 13849 13850 13851 13852 13853 13854
440 0 0 21858 21872 21897 30463 30469 30477 30485 30493 30494 66614 66615
441 0 0 11065 18339 18347 18368 18417 18455 18470 18496 18516 18518 18519 18520 18521 18522 18523 66616
442 0 0 166 556 622 629 769 782 1364 3182 3190 3383 3391 6536 6537 6538 6539 6540 66617
443 4 4 22618 42540 42778 53174 54627 54659 54664 54669 54678
444 3 3 31446 31447 31448 31449 31450 31451 31452 31453 31454 31455 31456
445 3 3 45101 45114 45136 48064 48082 48087 48101 48102 48103 48104 48105 48106 48107 48108
446 0 0 229 391 392 393 394 395 396 397 398 66618
447 2 2 8446 11269 14707 14778 21598 24941 24948 24956 24957 24958 24959 24960 24961 24962 24963 24964
448 2 2 14176 14216 20734 20744 20750 20767 20782 21191 21216 36927 36943 36953 36962 36972 36980 36981 36982 36983 36984 36985 36986 36987
449 3 3 33401 33402 33403 33404 33405 33406 33407 33408 33409 33410 33411 33412
450 3 3 20276 27969 27981 27988 28017 28020 28021 28022 28023 28024 28025
451 1 1 25216 25223 25228 25234 26371 30840 32651 32735 32746 32753 32766 32771 32784 43205 43206 43207 43208 43209 43210 43211 43212 43213 43214 43215
452 4 4 22718 22726 24651 32110 32147 42685 42724 42740 42749 42752 53339 53368 53373 53376 53381 53382
453 0 0 951 1781 1790 1791 1792 1793 1794 1795 1796 1797 66619
454 3 3 13021 13033 13042 13048 13637 13643 13644 13645 13646 13647 13648 13649 13650 13651
455 2 2 34301 48517 55950 55963 55980 58552 58559 62094 62144 62949 63010 63028 63035 65338 65348 65354 65365 65374 65384 65385 65386 65387
456 0 0 15146 15155 15159 16545 16554 22115 22117 22118 22119 22120 22121 22122 66620
457 3 3 24030 29235 39514 39812 39872 44770 44771 44772 44773 44774 44775 44776 44777
458 3 3 48495 48511 48520 55949 55959 55960 55961 55962 55963 55964 55965 55966 55967
459 0 0 30800 40340 40341 40342 40343 40344 40345 40346 40347 66621
460 3 3 37526 37527 37528 37529 37530 37531 37532 37533 37534 37535 37536 37537 37538 37539 37540 37541 37542
461 3 3 27127 27248 34153 40680 40688 40698 40736 45589 45612 45623 45626 45630 45638 45639 45640
462 0 0 21259 21994 41852 41858 41870 41874 41875 41876 41877 41878 41879 66622 66623
463 3 3 11784 13835 20529 28776 28802 28811 28813 28826 28827 28828 28829 28830 28831 28832 28833 28834 28835
464 2 2 25155 34436 34465 34485 34494 37397 37407 37414 37415 37416 37417 37418 37419 37420 37421 37422 37423 37424
465 0 0 8634 22085 22099 41922 52637 60314 60329 60342 60349 60355 60356 60357 60358 66624
466 3 3 10413 24532 24556 24568 24569 24570 24571 24572 24573 24574 24575
467 3 3 32025 42963 42968 42969 42970 42971 42972 42973 42974 42975
468 0 0 20308 40091 40095 40107 40110 40111 40112 66625
469 0 0 14687 21301 21475 21502 21510 21520 21524 21527 21528 21529 21530 66626
470 2 2 41465 50847 52228 52236 52245 58916 60112 60115 60133 64114 64385 64398 64409 64420 64421
471 3 3 44172 47759 47767 54765 54783 54796 54850 54865 54873 54877 54878 54879 54880
472 3 3 40805 40821 40828 40835 40855 41945 43401 43402 43403 43404 43405 43406 43407 43408 43409 43410
473 3 3 1536 3682 5519 6983 7384 7385 7386 7387 7388 7389 7390 7391 7392 7393 7394
474 3 3 53633 53644 53660 53662 53663 53664 53665 53666 53667 53668 53669 53670 53671 53672 53673 53674
475 4 4 34405 45664 55793 55806 55807 55808 55809 55810 55811 55812 55813 55814 55815 55816 55817
476 4 4 14581 14596 15038 15039 15040 15041 15042 15043 15044 15045 15046
477 4 4 11659 11667 16205 16215 16234 22515 22528 22537 22541 22542 22543 22544
478 4 4 31129 35690 35707 47030 47041 47046 47049 47050 47051 47052 47053
479 0 0 4401 4418 4448 4449 4450 4451 4452 4453 4454
480 0 0 9125 9126 9127 9128 9129 66627
481 0 0 20378 28221 28229 38587 38603 49779 58778 58992 63144 63153 63154 63155 63156 63157 63158 63159 63160 66628
482 2 2 27600 33624 37935 37946 37953 37965 37967 37968 37969 37970 37971 37972 37973 37974 37975
483 0 0 14869 14872 21784 21785 21786 21787 21788 21789 66629
484 3 3 38462 38468 44648 49407 49418 49430 49431 49432 49433
485 0 0 5911 5932 5948 8987 8988 8989 8990 8991 8992 8993 66630
486 0 0 5261 5264 5363 5375 5382 5388 5394 6045 6059 6075 6084 6085 6086 6087 6088 66631
487 3 3 42613 42614 42615 42616 42617 42618 42619 42620 42621 42622 42623 42624 42625
488 4 4 55719 55723 55774 62046 65098 65114 65131 65134 65135 65136 65137 65138
489 2 2 49867 49868 49869 49870 49871 49872 49873 49874 49875 49876 49877 49878
490 0 0 9130 9131 9132 9133 9134 9135 9136 9137 9138 9139
491 0 0 27551 38204 38646 38653 38659 38660 38661 66632
492 0 0 8614 14600 21375 29367 29375 29998 30009 30023 30029 30030 30031 30032 30033 30034 30035 66633
493 2 2 33667 33679 37960 37983 38050 38069 38078 38089 38120 38121 38122 38123 38124 38125 38126 38127 38128 38129 38130
494 0 0 22487 30602 31313 31321 31346 42266 42280 42281 42282 42283 42284 42285 42286 42287
495 4 4 4184 11828 12544 19036 19056 19062 19069 19076 19088 19089 19090 19091
496 0 0 48907 49630 51468 51474 51475 51476 51477 51478 51479
497 3 3 3126 6142 6158 10165 10170 10180 10188 10201 10211 10212 10213 10214 10215 10216 10217 10218 10219
498 3 3 18110 18116 18241 33006 33021 33022 33023 33024 33025 33026 33027 33028
499 3 3 39130 48955 48980 55578 55607 55623 55651 58473 58491 58498 58513 58514
500 1 1 15765 22549 22562 24866 24897 24905 32128 34854 34874 34902 34917 34918 34919 34920 34921 34922 34923 34924 34925 34926 34927 34928
501 4 4 34951 34960 35906 35914 35915 35916 35917 35918 35919
502 3 3 22365 22366 22367 22368 22369 22370 22371 22372 22373 22374 22375 22376 22377 22378 22379 22380 22381 22382 22383
503 0 0 197 200 206 207 208 209 210 211 66634
504 4 4 3853 6487 6488 6489 6490 6491 6492 6493
505 3 3 31289 31300 31309 31319 31325 36836 42382 42400 47832 47841 47842 47843 47844 47845 47846
506 3 3 34356 34367 35052 35064 45772 45787 45792 45793 45794 45795 45796 45797 45798 45799 45800 45801
507 3 3 24493 24498 24503 34354 34357 34358 34359 34360 34361 34362 34363 34364 34365 34366 34367
508 3 3 51586 51626 52171 52182 52187 52211 52224 52247 52248 52249 52250 52251
509 2 2 13341 14038 14055 14090 15177 16113 16114 16115 16116 16117 16118 16119 16120
510 3 3 44479 44480 44481 44482 44483 44484 44485 44486 44487 44488 44489 44490 44491 44492
511 3 3 35440 56726 56736 62424 62443 62445 62461 62462 62463
512 2 2 48424 50923 52296 52337 52341 52349 52355 55257 55284 55308 55310 55311 55312 55313 55314 55315
513 2 2 4403 4412 4431 4448 8041 13812 13844 13855 13856 13857 13858 13859 13860 13861
514 4 4 53096 56071 56075 56088 56089 56090 56091 56092 56093 56094
515 4 4 2759 2766 2767 2768 2769 2770 2771 2772 2773 2774
516 4 4 40894 40906 44068 44998 51122 54330 54342 54343 54344 54345 54346 54347 54348 54349
517 4 4 9671 11050 16405 18126 18135 18138 23567 24491 24499 24500 24501 24502 24503
518 3 3 41314 51928 51970 51978 51979 51991 51992 51993 51994 51995 51996
519 4 4 25767 53131 53133 53134 53135 53136 53137 53138 53139 53140 53141 53142
520 0 0 13187 19791 19796 23960 23997 24003 44673 44678 44692 44693 44694 44695 66635
521 0 0 6181 6272 6275 6276 6277 6278 6279 6280 66636
522 3 3 32809 43277 43286 43299 43311 44041 46868 46869 46870 46871 46872 46873 46874 46875 46876 46877
523 4 4 60216 60368 64444 64455 66180 66199 66206 66214 66217 66218 66219
524 3 3 36369 36382 36407 36425 44116 47927 47935 47946 47963 47972 47977 47982
525 2 2 54057 54070 56604 56676 56677 56678 56679 56680 56681 56682 56683 56684 56685 56686 56687
526 4 4 49732 58508 64334 64349 64352 64353 64354 64355 64356
527 3 3 1925 4620 4778 20678 20698 20702 28709 28718 28724 28744 28745 28746
528 4 4 33007 33062 33071 33090 46786 46965 46979 46989 62436 62467 62472 62475 62506 62507 62508
529 0 0 1905 8311 8312 8313 8314 8315 8316 8317 8318 8319 8320 66637
530 2 2 53949 59225 59266 59290 59291 59292 59293 59294 59295 59296 59297 59298 59299 59300 59301 59302 59303 59304 59305
531 2 2 763 800 922 1498 1504 3206 3216 3217 3218 3219 3220 3221 3222 3223 3224 3225
532 2 2 46845 46862 48041 48052 58536 58538 61331 61348 61895 61918 61940 61944 63001 64875 64885 64886 64887 64888 64889 64890 64891 64892
533 3 3 44370 54987 55005 57124 57129 57507 57533 57543 57604 63658 63676 65748 65769 65772 65779 65781 65782
534 4 4 10152 10208 10659 10660 10661 10662 10663 10664
535 0 0 28149 28273 28301 37761 37777 37836 39078 39083 39099 39104 39105 39106 66638
536 2 2 59115 59122 59128 63053 63336 63412 63425 63432 63438 63439 63443 63444 63445
537 3 3 27488 27489 27490 27491 27492 27493 27494 27495 27496 27497 27498 27499 27500 27501
538 3 3 5552 9557 11344 16377 17458 17459 17460 17461 17462 17463 17464 17465 17466 17467 17468
539 3 3 64717 64718 64719 64720 64721 64722 64723 64724 64725 64726 64727 64728 64729
540 3 3 15578 15579 15580 15581 15582 15583 15584 15585 15586 15587 15588 15589
541 3 3 5453 11601 11602 11603 11604 11605 11606 11607 11608 11609 11610 11611 11612 11613
542 2 2 27174 27183 37423 37436 37470 37495 37581 37598 37605 40673 48623 48634 48654 48673 48686 58169 58179 58183 58192 58198 58199 58200
543 3 3 2844 2856 6082 6126 6134 6148 6150 6151 6152 6153
544 3 3 19658 19670 19677 27314 27336 27357 37683 37684 37685 37686 37687 37688 37689
545 3 3 37896 46852 46861 48040 54278 58539 61326 61327 61328 61329 61330 61331 61332 61333 61334 61335 61336
546 2 2 14330 14852 14928 14933 14934 14935 14936 14937 14938 14939 14940 14941 14942 14943 14944 14945 14946 14947
547 3 3 19238 23040 23069 23087 32584 32638 32639 32640 32641 32642 32643 32644
548 3 3 34136 34144 49469 49492 49499 55591 55602 55619 55620 55621 55622
549 2 2 3544 3827 4059 4077 4085 4099 4107 6507 6964 6971 6975 6976 6977 6978 6979 6980
550 3 3 50195 55047 57635 63244 63256 63276 63360 63375 63668 63678 63679 63680 63681 63682 63683
551 0 0 56350 56358 56364 56367 56372 56377 62537 62561 62571 62574 62578 62579 62580
552 3 3 5536 5737 9233 9415 9425 9431 9432 9433 9434 9435 9436 9437
553 0 0 308 312 313 314 315 316 317 66639 66640
554 4 4 38340 38341 38342 38343 38344 38345 38346 38347 38348 38349 38350 38351
555 4 4 38186 49152 50210 58610 58640 58641 58642 58643 58644
556 4 4 41561 41985 41998 44070 54334 54336 54364 54367 54369 54370 54371 54372 54373
557 2 2 19254 26356 26682 32662 32669 37215 37225 37239 37252 37257 37258 37259 37260 37261 37262 37263 37264 37265 37266 37267 37268
558 2 2 14276 28610 28620 29004 29005 29006 29007 29008 29009 29010 29011 29012 29013 29014 29015 29016 29017 29018
559 3 3 9313 9317 9326 9331 9338 9356 15196 16039 16046 16054 16055 16073 16074 16075 16076
560 2 2 14791 14922 14941 21027 21648 21670 21672 21679 21680 21684 21692 21693 21694 21695 21696 21697 21698 21699 21700 21701 21702 21703 21704
561 3 3 40501 40516 46611 46948 56475 62367 62559 65185 65232 65247 65254 65258 65265 65266 65267 65268
562 4 4 44198 47746 47762 47981 54870 54881 54882 54883 54884 54885 54886 54887 54888
563 2 2 18854 25824 35669 42572 47222 47280 47289 47595 47611 47619 47649 47658 56895 56904 56905 56906 56907 56908 56909
564 2 2 35178 35179 35180 35181 35182 35183 35184 35185 35186 35187 35188 35189 35190 35191 35192 35193 35194 35195 35196 35197 35198
565 3 3 20952 28633 33740 33771 33780 33781 33782 33783 33784 33785
566 1 1 34332 37641 45734 50718 55711 55927 55936 55943 56040 58582 59437 62139 62149 62157 63749 65097 65112 65121 65125 65126 65127 65128 65129 65130 65131 65132 65133
567 0 0 41348 41349 41350 41351 41352 41353 41354 41355 41356 41357 66641
568 4 4 13160 13161 13162 13163 13164 13165 13166
569 0 0 22244 22245 22246 22247 22248 22249 22250 22251 22252 22253 22254
570 1 1 14283 14288 20823 21255 24121 24128 28618 29004 33295 33314 44419 44428 44448 44454 44469 50358 65509 65517 65523 65524 65525 65526
571 3 3 3898 3899 3900 3901 3902 3903 3904 3905 3906 3907 3908
572 0 0 14454 14459 14474 14889 14892 14900 14901 14902 14903 66642
573 1 1 18148 18150 35073 35429 45814 45818 46524 46541 46548 46585 46735 46760 46762 46763 46764 46765 46766 46767 46768 46769 46770
574 3 3 19211 21907 21915 21928 21939 26326 26327 26328 26329 26330 26331 26332
575 4 4 11276 11277 11278 11279 11280 11281 11282 11283 11284 11285 11286 11287
576 2 2 32940 34181 34202 34225 34380 34390 37099 43582 43597 43598 43599 43600 43601 43602 43603 43604 43605
577 3 3 59472 59477 59666 60229 60251 61999 62037 65599 65613 65699 65703 65712 65717 65718 65719 65720 65721 65722
578 3 3 44151 47385 47405 47468 47486 47947 54405 54693 54710 57109 57127 57134 57135 57136 57137 57138 57139
579 0 0 4759 4770 14793 21644 21660 21671 21683 21703 21757 21765 21768 30290 30296 41373 41376 41377 41378 41379 66643
580 0 0 5351 5361 5366 5376 5377 5378 5379 5380 5381 66644
581 0 0 1356 2802 2806 3143 3400 6658 6681 6692 17491 17492 17493 17494 17495 66645
582 0 0 11170 12268 12299 17995 18006 18012 18013 18014 18015 18016 66646
583 4 4 58069 58078 58088 62048 62065 62909 62910 62911 62912 62913 62914 62915 62916 62917 62918
584 1 1 37637 37658 38149 38183 38365 38378 38383 38396 43321 43322 43323 43324 43325 43326 43327 43328 43329 43330 43331 43332
585 2 2 28579 33188 43881 43916 43921 43957 49159 49179 49180 49181 49182 49183 49184 49185 49186
586 3 3 41621 41628 41675 41685 41690 51700 51716 51728 51729 51730 51731 51732 51733 51734 51735 51736
587 1 1 56533 56589 56613 56627 56643 59038 59046 59494 59536 59554 59990 60000 60007 63801 63812 63846 64093 64104 64105 64106 64107 64108 64109
588 3 3 25402 25413 25426 25437 29597 29650 29655 29656 29657 29658 29659 29660 29661
589 4 4 55273 59987 60029 60036 60041 63222 63228 63230 63231 63232 63233 63234
590 3 3 33615 33645 34683 34705 37914 45765 46179 46193 56003 56010 56019 56020 56021
591 4 4 22149 22156 22159 22903 22934 22941 22947 22958 22959 22960
592 4 4 29008 33301 44208 44209 44210 44211 44212 44213 44214 44215 44216 44217 44218
593 3 3 28564 39412 39426 49113 50198 50221 63063 63337 63341 63440 65415 65433 65445 65455 65458 65459
594 2 2 40118 41042 41064 41073 41086 48413 48426 50949 58011 58049 59682 64174 64189 64199 64270 64282 64283 64284 64285 64286 64287 64288
595 4 4 14957 14974 14986 14991 15003 20713 20716 20717 20718 20719 20720 20721
596 0 0 1755 1846 2129 2132 2133 2134 2135 2136 2137 2138 2139 2140 2141 2142 66647
597 4 4 9076 11198 12571 15408 15414 15435 18163 18168 18169 18170 18171 18172
598 3 3 5745 6911 9237 9423 9431 9448 9455 9457 9458 9459 9460
599 4 4 10070 16962 17264 17274 17278 33976 54140 54167 54172 54177 54178 54179
600 4 4 2189 5024 5029 5048 8830 13344 13366 13376 13377 13378 13379
601 3 3 40645 40651 40703 40733 40772 45702 45708 45715 51298 51305 51323 51328 51329 51330 51331 51332
602 0 0 1043 1153 2354 2368 2386 2392 2393 2394 2395 66648 66649
603 4 4 14905 30238 30736 30750 32841 41187 41188 41189 41190 41191 41192 41193 41194 41195
604 3 3 21379 21871 29965 29966 29967 29968 29969 29970 29971
605 2 2 25295 32700 35328 35364 53746 53750 53816 53855 53856 53857 53858 53859 53860 53861 53862 53863 53864
606 0 0 3699 3709 3718 3719 3720 3721 3722 3723 3724 3725 3726 3727 66650
607 3 3 45146 47998 48012 48086 50342 53065 53075 55182 55183 55184 55185 55186 55187 55188 55189
608 2 2 46640 56531 56540 56596 56618 56632 56646 56647 56648 56649 56650 56651
609 0 0 2842 2944 2964 2976 2983 2997 5998 6030 6058 6063 6064 6065 6066 6067 6068 66651
610 4 4 43136 43137 43138 43139 43140 43141 43142 43143 43144 43145 43146 43147
611 2 2 32960 33891 33905 34024 34026 34044 42183 42199 42214 42220 42224 42236 43630 43678 43715 45492 45506 55491 55492 55493 55494 55495 55496
612 0 0 44247 44335 50513 50526 50527 50528 50529 50530 50531 50532
613 3 3 38923 38931 38939 38946 38951 38964 38976 38978 38979 38980 38981 38982 38983 38984
614 3 3 47240 47356 47368 56875 56876 56877 56878 56879 56880 56881 56882 56883 56884
615 4 4 61955 61969 61982 62003 62004 62005 62006 62007 62008 62009 62010
616 4 4 11747 11769 11770 11771 11772 11773 11774 11775 11776 11777
617 0 0 20324 20334 20340 41277 50881 50886 50887 50888 50889 50890 66652
618 4 4 40580 45525 55722 55745 55758 55759 55760 55761 55762 55763 55764 55765
619 3 3 55345 55346 55347 55348 55349 55350 55351 55352 55353 55354 55355 55356
620 2 2 379 2356 2501 2510 5290 5296 5310 5317 5328 5329 5330 5331 5332 5333
621 0 0 17402 17415 17425 19805 19822 19824 19831 19832 19833 19834 66653
622 0 0 261 1663 1667 1668 1669 1670 1671 1672 1673 1674 1675 1676 66654
623 0 0 13177 13195 13203 13211 13232 13233 13234 13235 13236 13237 13238
624 0 0 63090 63091 63092 63093 63094 63095 63096 63097 63098 63099 63100
625 1 1 7441 7446 12379 12663 19544 26733 26749 26757 26763 26818 26841 26845 26852 26853 26854 26855 26856 26857 26858 26859 26860 26861 26862 26863
626 3 3 11637 16165 16176 18777 18786 18819 18927 19102 19111 19113 19114 19115 19116 19117 19118
627 3 3 1957 1961 3430 5458 5468 5470 5471 5472 5473 5474 5475 5476 5477 5478
628 0 0 39530 39555 39562 39581 39629 39650 39651 39652 39653 39654 39655 39656 66655
629 2 2 12366 12524 12533 19319 19356 26559 26572 26897 26907 26928 26938 26939 26940 26941 26942 26943 26944 26945 26946 26947 26948 26949
630 4 4 19193 26345 26351 26977 26987 26995 27011 27018 32555 32556 32557 32558 32559 32560 32561 32562
631 4 4 17249 19851 27568 38471 38490 46237 46238 46239 46240 46241 46242 46243 46244 46245 46246
632 3 3 20462 20463 20464 20465 20466 20467 20468 20469 20470 20471 20472 20473 20474 20475 20476 20477 20478 20479 20480
633 3 3 7670 13050 19616 19657 19661 19711 27293 27294 27295 27296 27297
634 0 0 16341 22247 22268 22273 22286 22287 30978 30988 30989 30990 30991 30992
635 3 3 4833 4852 13406 15058 15088 22168 22173 22180 22189 23860 23865 23866 23867 23868
636 0 0 15106 25865 25877 25882 30876 30888 30904 30905 30906 30907 30908 30909 30910 30911 30912 30913 66656
637 0 0 8386 10952 10963 18428 18429 18430 18431 18432 18433 18434 18435 18436 66657
638 0 0 25603 35984 35996 47153 47203 47545 47555 47556 47557 47558 47559 47560 47561
639 0 0 22089 22097 30868 41926 41939 52645 52689 53925 60316 60346 60354 60357 60360 60361 60362 66658
640 3 3 58107 58108 58109 58110 58111 58112 58113 58114 58115 58116 58117 58118
641 0 0 14345 39620 39631 39632 39633 39634 39635 39636 39637 66659
642 3 3 25463 26652 26653 26654 26655 26656 26657 26658 26659
643 0 0 14451 14471 14898 16790 20320 20332 20335 20336 20337 20338 20339 20340 66660
644 4 4 28916 28926 28937 33337 33342 33473 33481 39381 39384 39385 39386 39387
645 4 4 23222 32264 32290 32313 32323 32326 32327 32328 32329 32330 32331
646 0 0 13267 14316 29270 39541 39574 39598 39599 39600 39601 39602 39603 66661
647 2 2 5292 5327 5672 5682 5683 5684 5685 5686 5687 5688 5689 5690 5691
648 4 4 20602 20828 28491 28673 28682 28695 28697 39292 50018 50025 50031 50032 50033 50034 50035
649 0 0 21093 21096 21663 21693 21721 30315 41229 41230 41231 41232 41233 41234
650 2 2 12698 12905 13008 27348 27368 34428 34447 34449 34453 34454 34455 34456 34457 34458 34459
651 3 3 8157 8234 8303 13700 13707 14225 14268 20805 23812 23832 23841 28928 33262 33263 33264 33265 33266 33267 33268 33269 33270
652 3 3 37509 37517 37525 37556 37591 48661 48682 48699 48700 48701 48702 48703
653 0 0 830 1582 1583 1584 1585 1586 1587 1588 66662
654 0 0 55793 55794 55795 55796 55797 55798 55799 55800 55801 55802 55803 55804 55805
655 0 0 39817 44757 48793 49318 49324 49325 49326 49327 49328 49329
656 2 2 1053 3165 6371 6380 8429 10697 10728 10821 10825 17660 17667 17677 18264 18267 18268 18269 18270 18271
657 3 3 22858 22867 22877 22882 22886 42871 42887 42888 42889 42890 42891 42892
658 0 0 584 2148 2153 2178 2197 5055 5061 5073 5086 8823 8834 8838 8849 8871 8872 8873 8874 8875 8876 66663
659 0 0 1142 1152 1153 1154 1155 1156 1157 1158 66664 66665 66666
660 3 3 29203 29285 39775 44764 44862 50680 61618 61641 61650 61651 61652 61653 61654 61655 61656
661 0 0 27583 34748 37900 37917 37918 37919 37920 37921 37922 37923
662 3 3 871 882 1493 3218 3226 6465 6466 6467 6468 6469 6470 6471 6472 6473 6474 6475 6476 6477
663 2 2 6598 7341 7373 11096 11111 11115 11116 11117 11118 11119 11120 11121 11122 11123 11124 11125 11126 11127 11128
664 3 3 21406 21453 21455 21456 21457 21458 21459 21460
665 3 3 41486 41536 41956 41970 42008 42013 42016 42017 42018 42019 42020 42021 42022 42023
666 0 0 8935 8936 8937 8938 8939 8940 8941 8942 8943 8944 8945 66667
667 1 1 1067 4755 8494 8543 8564 14792 14845 14916 14917 14918 14919 14920 14921 14922 14923 14924 14925 14926 14927 14928 14929 14930 14931 14932
668 4 4 43140 43153 53870 53892 53929 53930 53931 53932 53933
669 0 0 14204 20988 21706 30225 36830 39695 48157 48158 48159 48160 48161 48162 66668
670 0 0 20273 20289 20292 20293 20294 20295 20296 20297 66669
671 2 2 20842 21812 29021 29028 29149 29170 38960 40038 41321 41325 41326 41327 41328 41329 41330 41331
672 2 2 14683 21550 21565 24979 29347 29361 29406 29410 29448 29781 35114 35122 40207 40219 40227 40248 40249 40250 40251 40252 40253
673 3 3 25446 25484 35408 52767 61250 61282 61289 61297 61298 61299
674 3 3 20640 20646 20654 20662 20669 20689 20699 28712 28720 28730 28751 28752 28753
675 4 4 44048 44049 44050 44051 44052 44053 44054 44055 44056
676 4 4 50746 50761 50762 50763 50764 50765 50766 50767 50768
677 4 4 42671 42707 54197 54198 54199 54200 54201 54202
678 2 2 2118 4890 4900 4967 4980 4985 4986 4987 4988 4989 4990 4991 4992
679 2 2 9183 15858 15961 16437 16443 16453 22373 22800 22807 23602 23603 23604 23605 23606 23607 23608 23609
680 3 3 15568 22482 26445 30606 31299 31306 31310 31311 31312 31313 31314 31315 31316 31317 31318 31319
681 3 3 12437 12525 19331 26546 26555 26567 26569 26570 26571 26572 26573 26574 26575 26576 26577
682 3 3 49873 56479 56551 56662 59907 59919 62275 62294 62336 62379 62389 62397 62398 62399
683 3 3 59567 59575 60120 62944 64084 64112 64131 64132 64133 64134 64135 64136 64137
684 0 0 1673 7533 7537 7543 7544 7545 7546 7547 7548 7549 7550 66670 66671
685 0 0 14290 14539 17028 17029 17030 17031 17032 17033 17034 17035 17036 17037 17038 17039 17040 17041 66672
686 3 3 20144 20236 20241 20242 20243 20244 20245 20246
687 1 1 10504 10515 11338 17326 17340 17359 17418 17422 17433 17450 18602 18606 18607 18608 18609 18610 18611 18612 18613 18614 18615 18616 18617 18618 18619
688 0 0 64152 64160 65391 65400 65801 65812 65822 65833 65836 65837 65838 65839
689 2 2 9082 9093 9106 9653 9714 15399 15426 15444 23304 23318 23332 23333 23334 23335 23336 23337 23338 23339 23340 23341 23342 23343
690 3 3 6168 10216 10224 10359 10367 10368 10369 10370 10371 10372 10373 10374 10375
691 0 0 26428 26429 26430 26431 26432 26433 26434 26435
692 0 0 7940 7969 28158 39038 39050 49453 49455 49461 49462 49463 49464 66673
693 0 0 1163 1576 3434 4160 6846 7271 11625 11632 11953 11962 12109 18758 18805 18810 18814 18815 18820 18821 18822 66674
694 4 4 827 839 845 851 1573 4008 4020 4044 4047 4056 4057
695 2 2 1456 2314 2345 5322 5685 5718 5727 5759 6924 8088 9382 9383 9384 9385 9386 9387 9388 9389 9390 9391 9392 9393
696 0 0 6724 6725 6726 6727 6728 66675
697 2 2 40195 41688 51022 51033 51182 59763 59773 59781 59790 59793 59796 59800 59809 59841 59849 59853 59855 59856 59857 59858 59859 59860
698 4 4 10488 10533 10550 10678 17287 17292 17293 17294 17295 17296 17297
699 2 2 35121 35126 40430 40505 46595 46597 46616 56383 56392 56401 56457 56459 56466 62286 62289 62305 62310 62315 65180 65227 65245 65248 65249 65250 65251
700 2 2 61822 61987 62006 62021 62986 63003 63820 64149 64159 65339 65369 65379 65388 65389 65390 65391 65392 65393
701 3 3 55769 58062 62044 62048 62049 62050 62051 62052 62053 62054 62055 62056 62057
702 2 2 2830 6321 6355 10184 10197 10204 10207 10660 10667 15915 17560 22609 24667 24673 24684 24685 24686 24687 24688 24689 24690 24691 24692
703 3 3 38341 38359 49283 49312 49316 58385 58422 58432 58437 58438 58439 58440 58441 58442
704 2 2 52214 52219 52242 52249 55319 58217 58220 58230 60110 63235 64124 64390 64410 64417 64427 64432 64433 64434 64435 64436 64437
705 4 4 24069 29115 29196 29211 29285 29286 29287 29288 29289 29290 29291 29292 29293 29294 29295
706 2 2 28162 38624 39045 49457 49470 49930 49956 49973 55572 55588 55639 55665 55671 55680 55682 55683 55684 55685 55686 55687
707 0 0 4483 4484 4485 4486 4487 4488 4489 66676
708 3 3 27821 27828 27839 34565 38418 38443 38447 38448 38449 38450 38451 38452
709 2 2 23299 23316 23331 23342 23434 23454 23479 23492 23505 23513 23517 23518 23519 23520 23521 23522 23523 23524
710 0 0 3259 3269 3270 3271 3272 3273 3274 66677
711 2 2 36540 36541 36542 36543 36544 36545 36546 36547 36548 36549 36550 36551 36552 36553 36554 36555 36556
712 3 3 5097 11536 13802 13820 25854 25855 25856 25857 25858 25859 25860
713 0 0 44132 54551 54578 54598 54599 54600 54601
714 2 2 218 248 684 2599 2602 3421 3475 4023 4042 9418 9437 9438 9444 11579 11584 11585 11586 11587 11588 11589 11590 11591
715 2 2 11596 18887 25598 25612 25748 25847 47138 47145 47189 47201 47208 47565 47567 56910 56918 56919 56920 56921 56922 56923
716 0 0 16788 16832 16840 20317 20333 20339 24150 28255 33839 41272 50882 50886 50895 50908 50909 50910 50911 66678
717 0 0 29371 29376 29474 30032 30084 40306 40313 40316 40328 40331 40332 66679
718 2 2 4597 8895 15251 19927 19943 19957 19967 19982 19986 19997 19998 22917 22952 25910 25912 25941 25954 25959
719 0 0 8006 8010 9776 9777 9778 9779 9780 9781 9782 9783 9784 9785 9786 9787 9788 9789 66680
720 2 2 35868 36493 36507 43110 47782 47893 57150 57182 57197 57200 57208 57675 57676 57677 57678 57679 57680 57681 57682
721 3 3 21587 21613 21614 21615 21616 21617 21618 21619 21620 21621
722 4 4 23253 23395 23588 31130 32972 32983 32984 32985 32986 32987
723 4 4 7812 7813 7814 7815 7816 7817 7818 7819 7820 7821 7822 7823
724 0 0 6988 7389 7402 7403 7404 7405 7406 7407
725 2 2 29635 29643 35525 35539 35540 35541 35542 35543 35544 35545 35546 35547 35548 35549 35550 35551 35552 35553 35554
726 4 4 32018 32019 32020 32021 32022 32023 32024 32025 32026 32027
727 0 0 24663 24699 24714 24724 24739 32038 32047 32048 32049 32050 32051 32052
728 3 3 59195 59202 62900 63511 63519 63524 63539 63545 63548 65591 65606 65621 65622 65623 65624 65625 65626
729 4 4 34978 35047 43070 46358 46378 46382 46383 46384
730 4 4 53020 53559 53560 53561 53562 53563 53564 53565 53566 53567
731 4 4 47380 47403 47408 54685 54701 54982 55002 55012 61398 61400 61401 61402 61403 61404
732 0 0 6257 6258 6259 6260 6261 6262 6263 6264 6265 6266 6267 66681
733 2 2 1463 2743 6927 8094 8107 8120 8121 8122 8123 8124 8125 8126 8127 8128 8129 8130
734 1 1 24920 27160 29633 35515 35526 35541 37485 40561 45779 45782 45783 45784 45785 45786 45787 45788 45789 45790 45791
735 2 2 14625 14630 14638 14643 14649 14657 21401 21416 21444 21466 21479 21480 21481 21482 21483 21484 21485 21486 21487 21488 21489 21490
736 3 3 6372 10695 10734 14552 17665 17677 17678 17679 17680 17681 17682
737 0 0 3360 3372 3411 5095 25858 25864 25874 25876 25877 25878 25879 66682
738 2 2 29484 45523 48528 50715 51411 51423 62073 62099 62110 62121 62122 62123 62124 62125 62126 62127 62128 62129
739 0 0 9788 20514 28868 39178 39215 39242 39255 39256 39257 66683
740 1 1 44039 53813 53829 53856 53884 54306 54321 54324 54764 54799 54800 54801 54802 54803 54804 54805 54806 54807 54808 54809 54810
741 4 4 61083 64168 64169 64170 64171 64172 64173 64174 64175 64176 64177 64178 64179 64180 64181
742 0 0 26375 26376 26377 26378 26379 26380 26381 66684
743 2 2 33702 45162 45167 45176 45310 45338 45502 45758 55395 55407 55408 55409 55410 55411 55412 55413
744 4 4 54719 54786 54790 61204 61212 61218 61219 61220 61221
745 3 3 9824 9872 14314 14320 23910 27759 28977 28983 28993 39299 39300 39301 39302 39303 39304
746 0 0 3152 6128 6146 8935 8946 8947 8948 8949 66685
747 3 3 699 711 1458 2339 2746 3508 3522 3527 3528 3529 3530 3531 3532 3533 3534
748 0 0 13566 13573 13574 13575 13576 13577 13578 13579 13580 66686
749 1 1 23540 23555 23572 24481 32975 34185 34195 34196 34197 34198 34199 34200 34201 34202 34203 34204 34205 34206 34207 34208 34209 34210 34211 34212 34213 34214
750 4 4 35071 35082 35089 35097 35109 35533 46519 46909 56349 56353 56359 56360 56361 56362 56363 56364
751 2 2 40837 43383 43500 43506 43507 43508 43509 43510 43511 43512 43513 43514 43515 43516 43517
752 3 3 50553 59213 59379 61692 61728 61731 61736 61737 61738 61739
753 0 0 55574 55616 55637 55650 55670 55671 55672 55673 55674 55675
754 2 2 36776 36789 36810 39672 39703 39714 39731 39740 39768 45149 50629 50646 57820 57838 57864 57868 57871 57875
755 4 4 45674 45690 45701 45707 45714 45724 51445 55898 55899 55900 55901 55902 55903 55904 55905
756 3 3 1631 1949 1962 3438 5506 6837 6851 6856 6857 6858 6859 6860 6861 6862
757 0 0 2481 3436 5450 5457 5463 5464 5465 5466 5467 5468 5469 66687
758 0 0 1788 4331 5980 13059 13629 19628 19638 19639 19640 19641 19642 19643 19644 19645 19646 19647 66688 66689
759 2 2 29779 48428 55249 55279 55288 55302 55306 55312 58016 58019 58020 58021 58022 58023 58024 58025 58026 58027
760 0 0 8002 8003 8004 8005 8006 8007 8008 66690
761 3 3 27210 27225 40589 40590 40591 40592 40593 40594 40595 40596 40597 40598
762 3 3 33245 42543 42544 42545 42546 42547 42548 42549 42550 42551 42552 42553 42554 42555 42556 42557
763 1 1 45153 45183 45342 45367 45744 46219 48481 48504 55983 60463 60578 60608 61171 61176 63013 63018 63029 64591 64614 64620 64626 64627 64628 64629 64630 64631
764 3 3 51930 51964 51973 51982 51994 52014 52035 52036 52037 52038 52039 52040
765 2 2 48965 48972 49496 55631 58952 58972 58999 59009 59013 63184 63194 63198 63199 63200 63201
766 2 2 6671 10245 11438 11470 11506 17530 17542 17546 18841 18890 25831 25837 25840 32169 32181 32195 32204 32205 32206 32207 32208 32209 32210
767 0 0 37897 58531 63017 63038 63041 63042 63043 63044 63045
768 4 4 4339 4353 7976 8116 13741 13742 13743 13744 13745 13746
769 3 3 35381 36363 36412 36523 36525 36526 36527 36528 36529
770 2 2 3427 9210 11649 11694 11706 12059 15694 15700 16200 18791 18806 22502 22513 22514 22515 22516 22517 22518 22519
771 0 0 513 2635 6185 6196 10288 10289 10290 10291 10292 10293 10294 10295 10296 66691
772 2 2 29497 37057 40471 56554 56558 56568 62384 64852 65174 65196 65210 65212 65213 65214 65215 65216 65217 65218 65219
773 3 3 25759 36251 47243 56952 56967 56969 56970 56971
774 0 0 9748 17268 17273 33969 43743 43749 43750 43751 43752 43753 43754 43755 43756 43757 66692
775 0 0 1998 2762 2782 2785 2786 2787 2788 2789 66693
776 0 0 11061 11234 11243 11244 11245 11246 11247 11248 66694
777 0 0 53178 53184 53199 53209 54616 54629 54649 54650 54651
778 0 0 1939 1940 1941 1942 1943 1944 1945 1946 1947 1948 1949 66695
779 0 0 4787 8336 8341 8619 8622 8623 8624 8625 8626 8627 8628 66696 66697
780 2 2 20847 20848 20849 20850 20851 20852 20853 20854 20855 20856 20857 20858 20859 20860
781 3 3 4504 5492 16264 20630 20641 20642 20643 20644 20645 20646
782 4 4 34530 34551 34590 34594 34610 43018 43038 43048 43050 43054 43055 43056 43057 43058
783 2 2 14960 14989 15002 19134 22492 36841 42492 44304 47854 47870 47883 47905 47906 47907 47908 47909 47910 47911 47912 47913 47914 47915 47916 47917
784 0 0 2077 2101 2102 2103 2104 2105 2106 2107 66698
785 1 1 7822 7850 7863 7874 7883 9840 9863 9958 9966 13261 13294 13295 13296 13297 13298 13299 13300 13301 13302 13303 13304 13305 13306
786 3 3 8007 9784 13769 13778 13783 13938 20465 20481 20482 20483 20484 20485 20486 20487 20488 20489 20490
787 3 3 41417 49024 60128 64338 64351 64380 64391 64402 64404 64405 64406 64407
788 0 0 4245 4246 4247 4248 4249 4250 4251 4252
789 3 3 10015 13612 16842 24153 24162 28202 28249 38985 38995 38996 38997 38998 38999 39000 39001
790 3 3 41313 51924 51942 51975 51979 51980 51981 51982 51983 51984 51985 51986 51987 51988
791 2 2 709 1461 2752 3528 4343 4359 4362 8027 8038 8051 8066 8079 8101 8104 8112 11764 20475 20506 20521 20523 20537 20538 20539 20540 20541
792 2 2 23708 23717 23730 23740 35661 35821 37355 47620 47654 53411 53430 53443 53449 54386 54645 60773 60788 60797 60800 60809
793 3 3 52282 52283 52284 52285 52286 52287 52288 52289 52290 52291 52292 52293 52294 52295 52296 52297 52298
794 0 0 6450 11282 11303 11309 11310 11311 11312 66699
795 2 2 47248 47258 56940 56958 56970 56973 60647 60655 60656 60657 60658 60659
796 2 2 29234 39455 39471 44774 44779 44799 44810 44827 49361 49373 50396 50405 50419 50430 50433 50434 50435 50436
797 4 4 48006 48277 48299 48324 48325 48326 48327 48328 48329 48330 48331 48332
798 3 3 44887 53017 53559 53580 53597 54595 59339 59342 59349 59350 59351 59352 59353 59354 59355 59356 59357
799 0 0 16566 23837 23839 23845 23846 23847 23848 66700
800 3 3 4974 8786 8793 8801 15163 15185 15194 16095 16104 16563 22127 30933 30949 30967 30971 30976 30977
801 0 0 16361 16372 16383 17485 23163 23167 23181 23192 23195
802 4 4 64924 64953 64968 64980 64981 64982 64983 64984 64985 64986 64987 64988
803 3 3 50355 50368 63627 63633 63634 63635 63636 63637 63638 63639 63640
804 3 3 29493 29494 29495 29496 29497 29498 29499 29500 29501 29502 29503 29504 29505 29506
805 3 3 29811 29824 29833 29847 37696 37707 37711 37725 37726 37727 37728 37729 37730 37731
806 0 0 5159 5176 5185 5189 5220 5222 5223 5224 5225
807 4 4 50942 50943 50944 50945 50946 50947 50948 50949 50950 50951
808 4 4 5057 5058 5059 5060 5061 5062 5063 5064 5065 5066
809 4 4 47687 47731 47742 56134 57269 57277 57299 57300 57301 57302
810 0 0 13503 19731 19878 19883 27511 27512 27513 27514 27515 27516 27517 27518 27519 27520 66701
811 1 1 49966 50935 52201 52234 58847 58858 58866 58917 58918 60134 64359 64378 64394 64397 64398 64399 64400
812 0 0 16833 16838 20309 24151 28237 28251 28252 28253 28254 28255 28256 28257 28258 28259 28260 66702
813 3 3 23306 23658 23676 26646 31857 37166 42623 44190 52944 53261 53272 53275 53279 53280 53281 53282 53283 53284
814 2 2 36777 39715 39735 39738 39772 45145 50602 50611 50626 50640 50645 50646 50647 50648 50649 50650 50651 50652 50653 50654 50655
815 4 4 16965 16979 16989 24415 33108 33960 43784 43792 43793 43794 43795 43796 43797 43798 43799
816 3 3 24361 24437 24745 24761 34003 34030 34035 42191 42226 42235 46232 55492 55500 55507 55510 55511 55512 55513
817 1 1 4320 4329 7672 13056 13586 19613 19623 19638 27294 28142 29827 29838 37706 37709 37732 37733 37734 37735 37736 37737 37738 37739 37740 37741 37742 37743 37744
818 1 1 10030 10046 15332 16861 16873 17914 23553 25191 25194 32952 32965 35305 35314 43587 43613 43621 43623 43624 43625
819 4 4 59223 59293 59377 63584 65648 65658 65667 65670 65679
820 3 3 54446 56113 57357 57375 57514 57596 57616 57620 62201 62222 62227 62228 62229 62230 62231
821 3 3 54447 56117 57358 62202 62223 62228 62232 62233 62234 62235
822 0 0 14891 14899 14903 20327 21780 21809 21821 23096 30320 30321 30322 30323 30324 30325 66703
823 4 4 15527 15539 15555 15787 15788 15789 15790 15791 15792 15793 15794 15795
824 3 3 12671 25044 26771 26778 26779 26780 26781 26782 26783 26784 26785
825 4 4 12600 12601 12602 12603 12604 12605 12606 12607 12608
826 3 3 42440 48008 48279 48294 48302 48328 48334 48364 48402 50255 50258 50259 50260 50261 50262 50263 50264 50265 50266 50267 50268 50269
827 3 3 13069 13091 19684 19690 19691 19692 19693 19694 19695 19696 19697 19698 19699 19700 19701
828 0 0 5983 7661 7673 13053 13063 19617 19625 19632 19633 19634 19635 19636 19637 66704
829 4 4 27533 27553 38217 49197 49211 49213 49215 49216 49217 49218
830 0 0 21956 21980 21987 30671 41769 52570 52579 52587 52599 52601 52662 60297 60322 60324 60359 64495 64496 66705
831 3 3 6840 6857 9214 11657 11992 12029 12032 12047 12048 12049 12050 12051
832 2 2 60233 60244 60279 61893 61908 61919 61950 61968 61978 61996 62018 62036 62978 62994 65600 65610 65612 65613 65614 65615 65616
833 3 3 40708 40730 40740 45675 45706 46514 48650 51306 51322 55797 55821 55825 55837 55838 55839 55840
834 4 4 28059 38649 38701 38715 38719 38720 38721 38722 38723
835 0 0 10744 10755 10769 10774 10776 10790 10791 10792 10793 10794 10795 10796 10797 10798 66706
836 2 2 658 1223 2454 2592 2600 3419 5532 5533 5534 5535 5536 5537 5538 5539
837 4 4 65642 65643 65644 65645 65646 65647 65648 65649 65650 65651 65652 65653 65654 65655 65656
838 0 0 44843 44849 44855 44860 44868 44872 50576 50583 50584 50585 50586 50587 50588
839 4 4 24821 32353 32378 46286 46287 46288 46289 46290 46291 46292 46293 46294 46295 46296 46297
840 0 0 12200 21953 21954 21955 21956 21957 21958 21959 66707
841 3 3 32813 32833 32843 32861 32874 32875 32876 32877 32878 32879
842 4 4 29284 33777 39665 39666 39667 39668 39669 39670 39671 39672 39673 39674
843 3 3 33296 44345 44429 44440 44451 44455 50354 50357 50358 50359 50360 50361 50362 50363
844 0 0 22112 32438 32439 32440 32441 32442 66708
845 1 1 40807 40911 43355 43373 43401 43413 43429 43456 43482 43488 43495 51539 51845 52502 52515 52539 52543 52544 52545 52546 52547 52548 52549 52550
846 0 0 10603 10616 10617 10618 10619 10620 10621 10622 10623 10624 10625 10626 10627
847 0 0 8980 15326 17942 17954 17956 17957 17958 17959 17960 17961 66709 66710
848 0 0 10002 10003 10004 10005 10006 10007 10008 10009 66711
849 2 2 34088 38266 45876 49068 49237 49303 49520 49527 49530 49585 49588 49594 49601 49615 49616 49617 49618
850 0 0 33978 43772 45382 45421 45430 45475 45483 45488 54155 54196 55453 55463 55468 55478 55480 55481 55482
851 3 3 23747 23748 23749 23750 23751 23752 23753 23754 23755 23756
852 4 4 40146 40162 40164 40165 40166 40167 40168 40169 40170 40171
853 0 0 10103 10112 10120 10133 10134 10135 10136 66712
854 2 2 28164 38614 38628 39005 49467 49481 49487 49931 55682 55695 58930 58933 58942 58943 58944 58945 58946
855 2 2 48026 50516 50537 50543 50560 59219 62849 62867 62886 62887 62888 62889 62890
856 3 3 2030 2048 2072 2124 2184 5022 5032 5040 13342 13352 13359 13360 13361 13362 13363 13364 13365 13366 13367 13368
857 0 0 971 989 990 991 992 993 994 995 996 66713
858 3 3 56863 62635 62952 65032 65043 65054 66406 66424 66432 66443 66444 66445 66446
859 4 4 48871 48872 48873 48874 48875 48876 48877 48878 48879
860 4 4 38303 38313 38324 49276 49287 49288 49289 49290 49291 49292 49293
861 0 0 11076 17761 17868 25139 25145 25634 25669 35151 47070 47086 47097 47107 47109 47110 47111 66714
862 0 0 5672 5673 5674 5675 5676 5677 5678 5679 5680 5681
863 2 2 3137 6305 10520 10525 10539 10553 10554 10555 10556 10557 10558 10559 10560 10561
864 0 0 29252 48802 49332 49347 49348 49349 49350 49351 49352 49353 49354 49355
865 3 3 13601 20150 20178 20186 20255 20388 20389 20390 20391 20392 20393 20394 20395 20396
866 3 3 21883 30396 30413 30435 30447 30461 30495 30496 30497 30498 30499 30500 30501
867 3 3 37043 40499 40521 40723 40764 40787 40788 40789 40790 40791
868 2 2 27803 28063 38326 38748 38765 38781 39617 49688 49695 50444 50480 50487 50493 50495 50496 50497 50498 50499 50500
869 4 4 39447 50217 50231 50241 59091 59099 59100 59101 59102 59103 59104 59105 59106
870 1 1 46734 46742 46746 46750 46755 46761 46770 46781 48550 53952 53959 53975 56703 61009 61023 61031 62604 62631 62665 64940 65010 65025 66225 66241 66243 66244 66245 66246 66247
871 0 0 4408 4434 4445 4446 66715 66716
872 4 4 25782 31456 31475 31501 31502 31503 31504 31505 31506
873 2 2 4000 7162 7323 12365 19365 25987 32577 32594 32600 32608 32609 32610 32611 32612 32613 32614 32615 32616 32617
874 3 3 18715 18736 52866 52882 56925 56935 56947 56948 56949 56950 56951
875 2 2 3908 3992 7159 12193 25982 32595 32609 36325 36330 36347 36359 36365
876 3 3 14619 14651 21482 21514 21531 29933 29950 29963 30099 30117 30124 30132 30135 30136 30137
877 2 2 13878 20597 20948 20969 23791 28629 33254 33781 36799 36814 36819 36820 36821 36822 36823 36824 36825 36826
878 3 3 12152 12159 19097 26134 26266 26267 26268 26269 26270 26271 26272 26273 26274
879 0 0 291 1051 1086 4687 8330 8340 8343 8344 8345 8346 8347 8348 8349 8350 8351 8352 66717
880 0 0 1644 6607 6619 12241 12252 12265 12271 12272 12273 12274 12275 12276 66718
881 4 4 14927 21020 21043 21647 21653 21669 21675 21676 21677 21678 21679
882 2 2 56080 56112 57310 57340 57347 57350 57356 57357 57358 57359 57360 57361 57362 57363 57364 57365 57366
883 1 1 29392 40802 40815 40834 40912 41751 43411 43497 50735 50976 50981 50990 51853 51855 52493 52494 52495 52496 52497 52498 52499 52500 52501 52502 52503 52504 52505 52506
884 0 0 12234 12247 12253 12269 12305 12337 17970 17978 17986 17991 17992 17993 17994 17995 66719
885 3 3 49036 49513 49665 58350 58362 58374 58467 58476 58484 58485 58486 58487
886 2 2 30525 41386 41742 50820 50838 51841 51893 51901 51916 52512 52518 52526 52527 52528 52529 52530 52531
887 0 0 6183 6268 10325 17009 24305 45443 45447 45448 45449 45450 45451 45452 45453 45454 45455 66720
888 3 3 3169 10700 10708 10720 10812 10820 10826 17660 17661 17662 17663 17664 17665 17666
889 4 4 47919 47920 47921 47922 47923 47924 47925 47926 47927 47928
890 2 2 35838 44104 47327 47420 47428 47445 47499 54413 54997 55013 57068 57080 57090 57091 57092 57093 57094 57095
891 4 4 50860 50917 50918 50919 50920 50921 50922 50923 50924 50925 50926
892 0 0 8638 22077 22092 22093 22094 22095 22096 22097 22098 22099 22100 66721
893 3 3 5910 17933 17949 22323 24180 24205 24221 24228 24229 24230 24231 24232
894 4 4 24136 30852 41514 41519 41532 52363 52381 52394 52402 52403 52404
895 4 4 32150 32151 32152 32153 32154 32155 32156 32157
896 4 4 34321 34343 37660 37661 37662 37663 37664 37665 37666 37667 37668 37669 37670 37671
897 0 0 505 1275 1286 1287 1288 1289 1290 1291 1292 66722
898 3 3 41512 41529 41546 52373 52379 52418 52429 52430 52431 52432
899 0 0 56858 61263 61273 61283 62643 62656 62667 64972 64989 64999 65002 65006 65007
900 2 2 18321 18328 18354 18380 35068 35080 35083 35090 35091 35092 35093 35094 35095 35096 35097
901 0 0 20310 28256 40093 40106 40111 40125 41276 50878 50879 50880 50881 50882 50883 50884 50885 66723
902 2 2 16777 24102 24113 28600 33556 39316 39475 49363 49379 55143 59280 61631 61685 61715 61725 61730 63575 63593 63598 63600 63604 63605 63606
903 4 4 44171 54729 54758 54778 54779 54780 54781 54782 54783 54784 54785 54786 54787
904 0 0 41261 50756 50770 50788 50790 50798 52028 52064 52069 52089 52108 52123
905 4 4 14860 21088 21722 41231 41235 41236 41237 41238 41239 41240 41241
906 3 3 44557 44558 44559 44560 44561 44562 44563 44564 44565 44566 44567 44568 44569 44570
907 0 0 356 364 884 1203 1204 1205 1206 1207 1208 1209 1210 66724
908 0 0 22079 22098 30795 32749 40395 40400 40401 40402 40403 40404 40405 40406 66725
909 3 3 44425 63263 63307 65508 66475 66484 66487 66488 66489 66490 66491
910 3 3 47381 47399 47436 54410 54689 54965 54975 54996 54997 54998 54999 55000 55001 55002 55003
911 2 2 27478 37863 37883 37969 38243 45849 45862 48903 48989 49001 49076 49233 49613 51458 51472 56030 56046 58283 58321 58341 58370 58377 62178 62185 62186 62194 62197 62198
912 0 0 19237 30687 30700 43175 43178 43179 43180 43181 43182 43183 43184 43185 66726
913 1 1 29223 33537 33557 33581 38338 39349 39476 39611 39988 44811 44823 49337 49356 49357 49358 49359 49360 49361 49362 49363 49364 49365 49366
914 0 0 7631 7641 7650 7651 7652 7653 7654 7655 7656 7657 7658 66727
915 3 3 26617 26622 35470 35481 35506 46699 46709 46710 46711 46712 46713 46714 46715
916 3 3 39382 39394 47861 47886 55072 55086 55093 59420 63267 63300 63311 63695 63710 63711 63712 63713 63714
917 3 3 55172 55173 55174 55175 55176 55177 55178 55179 55180 55181
918 0 0 27188 37444 37456 37460 37469 37481 37482
919 4 4 50232 59105 59133 59136 59137 59138 59139 59140 59141 59142 59143
920 3 3 24999 25008 25015 25021 25025 25031 25650 35129 35136 35138 35139 35140 35141 35142 35143 35144 35145
921 3 3 23120 23126 23132 24166 24167 24168 24169 24170 24171 24172 24173 24174 24175 24176
922 0 0 39984 40011 49350 49385 49392 58733 63098 63112 63116 63120 63138
923 2 2 12426 19394 19496 19504 26552 26568 26585 26606 26610 26618 26628 26634 35455 35464 35474 35479 35481 35482 35483 35484
924 0 0 5802 5803 5804 5805 5806 5807 5808 5809 66728
925 4 4 54402 54415 54422 54427 54690 54695 54903 54925 54947 54957 54960 54961 54962 54963
926 4 4 10620 10635 11433 11446 11449 11459 11466 11467 11468 11469 11470 11471 11472 11473
927 0 0 693 1465 2336 3509 3518 3520 3521 3522 3523 3524 3525 3526
928 3 3 25624 35642 47162 47179 47180 47181 47182 47183 47184
929 0 0 11 66 158 159 160 161 162 66729
930 1 1 24835 31730 31765 31780 42534 46112 46147 46167 46204 46210 53202 54454 54470 54477 54546 54625 54667 54672 54673 54674 54675 54676 54677
931 2 2 24528 24546 24583 24597 24853 31552 31562 32186 35902 42863 42864 42865 42866 42867
932 2 2 38022 38098 38105 38131 38322 38372 38384 38412 39409 44666 50331 58621 58628 58648 58670 58675
933 3 3 705 1393 1406 1460 2743 2744 2745 2746 2747 2748 2749 2750 2751 2752 2753
934 3 3 39309 44227 63334 63382 63391 63401 63410 63416 63430 63434 63435 63436 63437 63438
935 3 3 14374 14380 14384 14816 14823 14834 14835 14836 14837 14838
936 3 3 24100 24109 61626 61658 61663 61683 61712 61714 61715 61716 61717
937 4 4 28428 29729 29746 29754 40922 49821 49836 49848 49850 49851 49852 49853
938 0 0 21227 21237 21242 21248 28606 28615 28626 28639 28645 28667 28668 28669 66730
939 3 3 37669 37678 49028 51243 51247 51255 51263 51389 51410 51416 52252 55792 58218 58232 58243 58249 58250 58251 58252
940 3 3 44359 47682 47713 47723 55025 55027 55028 55029 55030 55031 55032 55033 55034 55035 55036
941 0 0 1389 5091 6796 6797 6798 6799 6800 6801 6802 6803 6804 6805 66731
942 3 3 55137 55145 55146 55147 55148 55149 55150 55151 55152 55153 55154 55155
943 0 0 1376 2217 2230 5167 5170 5182 5187 5192 5193 5194 5195 5196 5197 66732
944 1 1 251 3416 3470 4027 6745 6830 11327 11572 11578 11587 11639 11971 12127 18768 18824 18865 19117 19119 19120 19121 19122 19123 19124 19125 19126
945 3 3 11033 11067 11233 11246 18128 18144 18145 18146 18147 18148 18149
946 2 2 27297 29834 37685 37704 37710 37723 37725 37743 37794 38813 38824 40607 48815 48842 48858 48868 48869
947 1 1 16781 17037 17042 24114 28599 28662 33534 33554 33555 33556 33557 33558 33559 33560 33561 33562 33563 33564 33565 33566 33567 33568 33569
948 0 0 6576 6586 6591 6592 6593 6594 6595 6596 6597 6598 6599 6600 6601 66733
949 4 4 23282 31972 31984 31990 32003 42614 42626 42627 42628 42629 42630 42631 42632 42633
950 3 3 26169 26170 26171 26172 26173 26174 26175 26176 26177 26178 26179 26180 26181 26182 26183
951 3 3 3639 3650 6467 7018 7028 7033 7041 7084 7092 11802 11812 11813 11814 11815 11816
952 0 0 7691 13179 13505 19726 19740 19745 19746 19747 19748
953 4 4 33230 43940 43947 46154 46203 54459 54462 54463 54464 54465 54466 54467
954 3 3 48731 48732 48733 48734 48735 48736 48737 48738 48739 48740 48741
955 2 2 56917 56923 56930 56933 56939 56946 56951 56959 56962 56965 56968 56971 56974 60647 60648 60649 60650 60651 60652 60653 60654
956 0 0 32149 34844 42728 53340 53356 53372 53382 53383 53384 53385
957 2 2 12432 12562 15448 18178 18196 18212 18226 18230 26587 26740 26764 26770 26784 26786 26787 26788 26789 26790 26791 26792 26793 26794 26795
958 0 0 191 824 850 1586 1599 1603 1605 1609 4004 4014 4018 4019 4020 4021 4022 66734 66735
959 3 3 40291 41666 41706 41708 41709 41710 41711 41712 41713 41714
960 2 2 4497 5479 5480 5481 5482 5483 5484 5485 5486 5487 5488 5489 5490 5491 5492 5493 5494 5495 5496
961 3 3 23388 24323 24333 24334 24335 24336 24337 24338 24339 24340
962 0 0 30224 30231 48240 48252 48259 48271 48272 48273
963 0 0 9994 14428 24039 24046 24056 24073 24080 24088 24089 24090 24091
964 3 3 40200 40201 40202 40203 40204 40205 40206 40207 40208 40209 40210 40211 40212 40213 40214 40215 40216 40217 40218
965 0 0 49065 49508 49521 49533 49580 49588 49589 49590 49591 49592
966 0 0 5925 5930 5938 5939 5940 5941 5942 66736
967 2 2 28922 32496 32516 36255 39376 39399 43099 47857 47879 47885 47886 47887 47888 47889 47890 47891 47892
968 0 0 2226 2234 3177 4723 4737 5200 5205 5206 5207 5208 5209 5210 5211 5212 5213 5214 66737
969 0 0 24055 24074 24091 29195 29217 33723 33733 39459 39482 39495 39500 39509 39510
970 3 3 4667 7541 7549 7556 7559 7570 7618 12852 12866 12897 19600 19607 27071 27089 27099 27101 27103 27104 27105
971 3 3 29189 29206 33737 44865 44869 50585 50590 61621 61655 61657 61661 61662 61663 61664 61665 61666
972 2 2 12351 12530 19044 19066 19348 26895 26914 26920 26921 26922 26923 26924 26925 26926 26927 26928 26929
973 1 1 29354 29359 29366 29447 29762 29778 29781 29782 29783 29784 29785 29786 29787 29788 29789 29790 29791 29792
974 4 4 7103 7116 7124 7155 11831 11841 11846 11847 11848 11849 11850 11851
975 0 0 20895 20904 20907 26377 30205 30244 33763 33830 48135 48146 48149 48150 48151 48152 48153 48154 66738
976 0 0 1377 2232 5162 5177 5178 5179 5180 5181 5182 5183 5184 5185
977 3 3 26665 32781 41974 41983 43207 43216 43217 43218 43219 43220 43221 43222 43223 43224
978 4 4 16030 16031 16032 16033 16034 16035 16036 16037 16038 16039 16040 16041
979 3 3 1418 1425 6775 6793 11414 11422 17848 18648 18649 18650 18651 18652
980 0 0 66172 66173 66174 66175 66176 66177 66178 66179 66180 66181 66182 66183 66184
981 4 4 25726 25731 25732 25733 25734 25735 25736 25737 25738
982 0 0 13248 16745 17204 19901 24000 27843 27852 33593 33594 33595 33596 33597 33598 33599 33600 33601 33602 66739
983 2 2 11796 11805 11811 11816 11823 11825 12095 12585 12586 12587 12588 12589 12590 12591 12592 12593 12594 12595
984 0 0 14609 14612 21381 21382 21383 21384 21385 66740
985 0 0 80 307 312 348 863 891 900 927 928 929 66741 66742
986 3 3 13625 28139 37732 37849 38689 39084 39088 39089 39090 39091 39092 39093 39094 39095
987 3 3 61191 61196 61201 66275 66287 66298 66302 66303 66304 66305
988 4 4 3553 3953 3967 7232 7245 7287 7289 7290 7291 7292 7293 7294 7295 7296
989 3 3 59259 63559 63566 63792 63929 65651 65662 65683 65688 65689 65690 65691 65692
990 3 3 51133 54357 60389 60394 66074 66087 66105 66111 66112 66113 66114 66115
991 0 0 902 906 907 908 909 910 66743
992 0 0 2608 2609 2610 2611 2612 2613 2614 2615 2616 2617 2618 2619 2620 66744
993 0 0 29297 39624 39826 39892 39917 39930 49476 49988 49995 49999 50011 55563 55586 55595 55596 55597 55598 55599 55600 55601 66745
994 4 4 434 1257 2859 2876 2889 2890 2891 2892 2893 2894 2895 2896
995 0 0 2654 2659 2665 2670 2673 2868 2907 2921 2927 2928 2929 2930 2931
996 2 2 40054 50752 50784 51835 51894 52066 52092 59975 61103 61105 64237 64246 64249 64250 64251 64252 64253 64254 64255 64256 64257 64258
997 0 0 5955 5961 5962 5963 5964 66746
998 3 3 50942 64166 64180 64202 64274 64283 65923 65963 65969 66013 66029 66041 66047 66048 66057 66058 66059
999 3 3 19909 19910 19911 19912 19913 19914 19915 19916 19917 19918 19919
1000 2 2 46221 48510 55957 55965 55968 55982 63011 63024 63026 63027 63028 63029 63030 63031 63032 63033
1001 2 2 9181 15802 15819 15854 15859 15866 15962 22372 22744 22760 22778 22787 22796 22799 22800 22801 22802 22803 22804
1002 3 3 30640 30641 30642 30643 30644 30645 30646 30647 30648 30649 30650
1003 2 2 4569 8174 14281 14286 20603 20821 28492 28537 28683 50027 50032 50039 50051 59069 59078 65510 65519 65523 65531 65535
1004 4 4 58868 58869 58870 58871 58872 58873 58874 58875 58876 58877 58878 58879
1005 4 4 56476 56546 62335 62366 62376 62386 65181 65207 65229 65252 65253 65254
1006 0 0 6035 6047 6056 6062 6068 6076 6083 6088 6094 6095 6105 6118 6119 6120 6121 6122 66747
1007 0 0 31257 31269 32946 43670 43686 43695 43699 43705 43706 43707 43708
1008 3 3 6698 10477 16355 16367 22110 23138 23144 23145 23146 23147 23148 23149 23150 23151 23152
1009 1 1 1904 4564 9823 14278 14327 14535 21245 28538 28604 28621 28664 29015 39318 44223 50156 50160 50161 50162 50163 50164 50165 50166 50167 50168 50169 50170 50171
1010 3 3 11673 12024 18932 18942 18948 18952 18953 18954 18955 18956 18957 18958 18959 18960 18961
1011 3 3 44339 47799 48015 48016 48017 48018 48019 48020 48021 48022 48023
1012 0 0 4826 4827 4828 4829 4830 4831 4832 4833 4834 4835
1013 2 2 24366 24424 24427 24428 24429 24430 24431 24432 24433 24434 24435 24436 24437 24438
1014 3 3 6409 6410 6411 6412 6413 6414 6415 6416 6417 6418 6419 6420
1015 2 2 1778 13548 20099 20114 20115 20116 20117 20118 20119 20120 20121
1016 2 2 11179 25242 25317 25361 25379 25381 25382 25383 25384 25385 25386 25387 25388 25389 25390 25391
1017 3 3 47999 48030 62790 62794 62818 62841 62847 62865 62872 62876 62877 62878
1018 4 4 53137 53454 54440 62210 62220 62245 62255 62256 62260 62261
1019 1 1 111 605 1361 1448 5268 6784 10611 10648 10654 10657 11462 11488 17878 17891 17894 17895 17896 17897 17898
1020 1 1 32253 34671 35946 44549 46080 46098 47516 47730 56055 56062 56084 56101 56110 56126 56133 56134 56135 56136 56137 56138 56139
1021 1 1 6741 6829 6870 6895 6953 9462 11330 11751 18866 18922 19119 47255 56927 56932 56940 56941 56942 56943 56944 56945 56946
1022 2 2 23381 42872 42881 42907 42908 42909 42910 42911 42912 42913 42914 42915 42916 42917 42918 42919 42920 42921 42922
1023 3 3 62636 64862 65034 65053 65062 66402 66420 66423 66424 66425 66426 66427 66428 66429 66430
1024 1 1 22821 23745 32197 32221 35820 42789 42809 42838 42840 42849 42858 47650 53414 60768 60787 60795 60796 60797 60798 60799
1025 0 0 30489 40346 41932 51045 51059 51061 51062 51063 51064 51065 66748
1026 3 3 29016 50169 59061 59110 59116 59117 59118 59119 59120 59121 59122
1027 2 2 34257 43654 45156 45173 45193 45309 45339 45360 45362 45363 45364 45365 45366 45367 45368 45369
1028 3 3 14979 14997 20724 20760 26459 36930 36945 36967 36975 36990 36992
1029 3 3 57759 57760 57761 57762 57763 57764 57765 57766 57767 57768 57769 57770 57771
1030 0 0 2715 2717 2718 2719 2720 2721 2722 2723 2724 66749 66750
1031 0 0 50764 51764 51777 51778 51779 51780 51781
1032 0 0 44647 44703 49134 55102 55109 55110 55111 55112 55113
1033 3 3 19003 25069 25972 25974 25975 25976 25977 25978 25979 25980 25981
1034 0 0 17512 17513 17514 17515 17516 17517 17518 17519 17520 17521 17522
1035 0 0 14289 14300 14315 17035 23908 39543 39567 39590 39594 39596 39599 39604 39609 39610 66751
1036 4 4 27761 28986 28992 29002 39301 50284 50293 50300 50301 50302 50303 50304
1037 2 2 32943 34219 34388 43604 43607 43675 46497 48636 58168 58187 58194 58195 58196 58197
1038 4 4 59602 59603 59604 59605 59606 59607 59608 59609 59610 59611
1039 4 4 857 879 1188 1189 1190 1191 1192 1193 1194 1195 1196 1197
1040 4 4 46847 48055 56787 56795 56800 56806 56820 57767 57780 57790 57791 57792 57793
1041 2 2 30832 30839 30851 32657 32684 43205 43255 43262 53770 53778 53791 53799 53803 53804 53805
1042 3 3 18839 35887 35903 35964 35969 47630 47637 57321 57371 57382 57403 57405 57406 57407 57408 57409 57410 57411 57412
1043 3 3 44542 44553 44556 44583 50069 50096 50102 50120 50123 50124 50125 50126
1044 0 0 12202 16281 21973 21974 21975 21976 21977 21978 21979 21980 21981 21982 21983 66752
1045 2 2 21275 29334 29465 30505 30521 30537 30545 41111 41122 41143 41150 50835 51018 51027 51034 59707 59740 59748 59754 59756 59757 59758 59759
1046 4 4 40892 41559 41967 41986 41994 41995 41996 41997 41998 41999 42000 42001 42002
1047 1 1 18583 18588 18596 18600 21600 25314 35076 35086 35099 35421 35562 46579 46580 46581 46582 46583 46584 46585 46586 46587 46588 46589
1048 0 0 4618 4625 8144 20663 20704 21198 28711 28740 28743 28745 28747 28748 28749 28750 66753
1049 4 4 5898 9939 9959 9960 9961 9962 9963 9964
1050 4 4 28274 28298 38589 39096 49793 49801 49806 49807 49808 49809 49810
1051 4 4 28018 28022 28047 34046 34056 34057 34058 34059 34060 34061 34062
1052 0 0 4208 6569 12848 12896 27107 37450 37508 37514 37520 37528 37546 37554 37555 37556 37557 37558 37559 37560 66754
1053 3 3 59179 59188 62856 62860 62874 62897 63450 63462 63463 63464 63465 63466 63467 63468
1054 2 2 17609 24927 27216 27237 27243 27244 27245 27246 27247 27248 27249 27250 27251 27252 27253 27254 27255 27256 27257 27258
1055 2 2 16675 16691 19911 20063 27642 27727 27879 27880 27881 27882 27883 27884 27885 27886 27887 27888 27889 27890 27891
1056 1 1 45527 48441 49878 50712 51228 55337 55764 55787 55914 56503 56525 58067 59045 59588 62369 62387 62392 62401 62408 62415 65468 65480 65482 65486 65492 65496 65497
1057 2 2 18133 18136 18143 18147 18157 24502 34364 45813 45817 46759 46766 46779 48544 48547 48548 48549 48550 48551 48552 48553 48554
1058 4 4 48582 48583 48584 48585 48586 48587 48588 48589 48590 48591 48592
1059 4 4 770 786 3203 3214 3389 3394 6556 31099 47081 47103 47120 47130 47133 47135
1060 3 3 48206 48249 57824 57829 57848 57880 57897 57901 57904 57905 57906 57907
1061 0 0 55395 55396 55397 55398 55399 55400 55401 55402 55403 55404 55405 55406
1062 3 3 9974 16687 16768 28953 28956 38094 39405 50291 50310 50314 50315 50316 50317 50318 50319
1063 2 2 13073 13075 13076 13077 13078 13079 13080 13081 13082 13083 13084 13085
1064 3 3 12160 12161 12162 12163 12164 12165 12166 12167 12168 12169 12170
1065 2 2 63258 63380 63419 63637 63642 63646 63654 65543 65565 65567 65568 65569 65570 65571 65572 65573
1066 4 4 21621 21629 21636 30179 30180 30181 30182 30183 30184 30185 30186 30187
1067 2 2 60106 60114 60122 64110 64129 64141 64386 64408 64416 64419 64421 64422 64423 64424 64425 64426 64427 64428
1068 3 3 21905 21937 30551 30552 30553 30554 30555 30556 30557 30558 30559 30560
1069 4 4 29939 29988 30020 30129 40948 40951 40958 40968 40980 40981 40982 40983 40984
1070 0 0 20955 20990 36829 39677 39689 39696 39723 48077 48157 48174 48254 57809 57823 57836 57842 57843 57844 57845 57846 57847 66755
1071 2 2 6406 6426 6441 8401 8402 8403 8404 8405 8406 8407 8408 8409
1072 2 2 3374 3483 3493 4423 8917 13799 13819 15099 15216 15243 25856 25861 25862 25863 25864 25865 25866 25867 25868 25869 25870 25871 25872
1073 4 4 27534 27544 27554 38199 38201 38213 38214 38215 38216 38217 38218 38219
1074 0 0 956 985 999 1100 1705 2012 2680 8699 8712 8723 8734 8744 66756
1075 4 4 838 841 842 843 844 845 846 847
1076 1 1 4939 4956 4963 4983 4996 5004 5413 5418 5423 5567 9284 9285 9286 9287 9288 9289 9290 9291 9292
1077 0 0 8499 8509 8534 8540 8548 8552 8553 8567 14373 14378 14818 14835 14910 14912 14919 14936 21008 21022 21032 21042 21044 21045 21046 21047 21048 21049 21050 21051 21052 21053 66757
1078 0 0 29372 29388 30042 40301 40302 40303 40304 40305 40306 40307 40308 66758
1079 2 2 702 1384 1394 1408 1867 2747 4357 4366 6814 6816 8062 8071 8076 8077 8078 8079 8080
1080 3 3 62960 62965 62973 62985 62997 63008 65335 65356 65358 65368 65369 65370 65371 65372 65373
1081 4 4 13738 13944 13950 13951 13952 13953 13954 13955 13956 13957
1082 3 3 29416 40211 40251 40261 40265 40266 40267 40268 40269 40270 40271 40272 40273 40274
1083 4 4 47706 57270 57287 57290 57298 57302 57550 57570 57575 57576 57577 57578 57579
1084 3 3 34531 34611 43017 43036 43039 43047 43049 43050 43051 43052 43053
1085 3 3 40457 40861 40885 40900 41996 42004 42014 42024 42034 42040 51115 54335 54348 54358 54365 54374 54375 54376 54377 54378
1086 3 3 62954 63034 63043 65334 65351 65360 65361 65362 65363 65364 65365 65366 65367
1087 0 0 3202 3388 7445 7466 7481 11070 47082 47102 47132 47134 47135 66759
1088 0 0 31077 42109 42129 42132 42161 42165 42172 52916 52921 52934 52938 52940 66760
1089 3 3 33809 43333 43425 43450 43464 43469 43470 43471 43472 43473 43474 43475 43476 43477 43478
1090 3 3 27770 27783 27790 27792 50287 50300 50308 50324 63062 63070 63078 63081 63082 63083
1091 3 3 33205 33211 33276 43888 46300 46355 53123 54487 54496 54511 54540 54558 54559 54560 54561
1092 2 2 1169 11976 12118 12124 12125 12126 12127 12128 12129 12130 12131 12132
1093 0 0 814 1982 2519 5335 8603 8608 9204 15600 15602 15613 15614 15615 15616 15617 66761
1094 0 0 7431 7446 7447 7448 7449 7450 7451 7452 7453 7454 7455 7456 66762
1095 0 0 13560 13573 20154 20183 20199 20208 20212 20213 20214 20215 20216 20217 66763
1096 3 3 46639 56486 56534 56542 56552 56609 56649 56658 59895 59904 59906 59907 59908 59909 59910 59911 59912 59913
1097 0 0 21328 29373 29992 30027 30029 30055 30082 41630 41686 51705 51727 51732 51738 51739 51740 51741 66764
1098 3 3 20840 29019 29041 29047 29079 29134 29143 29167 29168 29169
1099 2 2 10858 18345 18361 18374 18378 18381 18382 18383 18384 18385 18386 18387 18388 18389 18390
1100 0 0 190 538 562 600 1415 1435 1436 1437 1438 1439 66765
1101 3 3 27609 27617 33673 33678 33684 37936 37959 37962 37982 38062 38068 38069 38070 38071 38072 38073
1102 4 4 13108 27499 27502 28041 37804 37808 37809 37810 37811 37812 37813 37814
1103 0 0 14685 21294 21304 21316 21321 21322 21323 21324 21325 21326 21327 21328 21329 66766
1104 4 4 59939 59940 59941 59942 59943 59944 59945 59946
1105 4 4 21789 21794 21799 21804 30326 30327 30328 30329 30330 30331 30332 30333
1106 2 2 19912 27618 27619 27620 27621 27622 27623 27624 27625 27626 27627 27628 27629
1107 2 2 17250 19852 24771 24778 24797 27567 27568 27569 27570 27571 27572 27573 27574 27575 27576 27577 27578 27579 27580 27581
1108 2 2 43860 43871 43877 46269 54214 54222 54245 61185 61186 61187 61188 61189 61190 61191
1109 0 0 28135 29139 29175 38922 38936 38940 38947 38948 38949 38950 38951 38952 38953 38954 66767
1110 0 0 25597 25846 47140 47144 47145 47146 47147 47148 47149 47150 47151 47152
1111 2 2 1170 1569 3536 3829 4026 4035 4039 4048 4074 11969 11970 11971 11972 11973 11974 11975 11976 11977
1112 3 3 43372 43558 45019 45022 45045 45064 45085 53978 53992 53993 53994 53995 53996 53997 53998
1113 3 3 51368 51414 51466 55849 56050 58273 58281 58300 58339 62084 62135 62151 62155 62168 62169 62170
1114 4 4 26530 26536 26537 26538 26539 26540 26541 26542 26543
1115 3 3 44163 44878 44892 44904 44917 44930 44931 44932 44933 44934 44935 44936 44937
1116 2 2 24142 40453 40878 40879 40880 40881 40882 40883 40884 40885 40886 40887 40888 40889 40890 40891 40892 40893 40894
1117 0 0 7347 12244 12259 12302 12324 12328 12329 12330 12331 12332 12333 12334 12335 12336 12337 12338 12339 66768
1118 4 4 458 488 1307 1319 1330 2609 2627 2917 2925 2938 2998 3004 3018 3024 3033 3041 3049 3052
1119 4 4 6998 6999 7000 7001 7002 7003 7004 7005 7006
1120 2 2 8770 9359 15719 15722 30870 30884 30898 31454 31466 31478 31483 31488 31489 31490 31491 31492 31493
1121 0 0 33872 33897 43671 43684 43694 43701 43709 43710 43711 43712 43713 43714
1122 2 2 3128 6297 10215 10223 10358 10375 10380 10388 10530 10553 10673 17285 17303 17316 17317 17318 17319 17320 17321
1123 0 0 41108 41356 41361 41380 41381 41382 41383 41384 41385 41386 66769
1124 3 3 26723 26724 26725 26726 26727 26728 26729 26730 26731 26732 26733
1125 0 0 247 1595 1596 1597 1598 1599 1600 1601 66770
1126 3 3 575 582 1754 1848 2145 3310 3322 3332 4603 4927 4933 8824 8874 8879 8905 8908 8909 8910
1127 4 4 41025 41033 41037 41041 41564 52450 52461 52462 52466 52475 52476 52477
1128 3 3 19916 20070 27641 27740 27879 27909 27927 27937 27940 28529 38504 38509 38510 38511 38512 38513 38514 38515 38516
1129 0 0 13888 13898 13909 13914 13915 13916 13917 13918 13919 13920 13921 13922 13923 66771
1130 0 0 9248 15890 15920 15927 15932 17097 17112 17116 17117 17118 17119 17120 17121
1131 4 4 40930 48736 48748 49823 49829 49833 49842 49850 49859 49860 49861 49862 49863 49864 49865
1132 3 3 14328 14329 14330 14331 14332 14333 14334 14335 14336 14337 14338 14339 14340
1133 0 0 14364 14442 20963 20968 20979 29274 33774 39667 39680 39682 39683 39684 39685 66772
1134 2 2 27445 31179 31191 31218 34163 37410 48624 48639 48660 48687 48693 48694 48695 48696 48697 48698
1135 4 4 38907 40783 48746 48755 49815 49825 49826 49827 49828 49829 49830
1136 2 2 13721 13732 13739 13852 13936 13947 13964 15241 20466 20491 20492 20493 20494 20495 20496 20497 20498 20499 20500 20501 20502 20503
1137 3 3 8200 8215 8222 14500 14508 14509 14510 14511 14512 14513 14514
1138 4 4 6342 6343 6344 6345 6346 6347 6348 6349 6350 6351
1139 3 3 19426 19458 25392 35437 35446 35456 35473 35477 35485 35486 35487 35488 35489 35490 35491
1140 0 0 21912 21926 21947 30569 30581 30588 30617 30619 30620 30621 30622 66773
1141 3 3 40536 40537 40538 40539 40540 40541 40542 40543 40544
1142 3 3 7394 7401 7407 7413 7420 7421 7422 7423 7424 7425 7426 7427
1143 3 3 2774 4868 4875 13382 13404 13414 13416 13417 13418 13419 13420 13421 13422 13423 13424
1144 3 3 44009 44030 44040 53819 53831 53875 53882 54300 54305 54315 54319 54321 54322
1145 2 2 41173 43339 43362 45044 51788 51807 52265 52271 52278 54035 61049 61119 61124 63967 63976 64000 64003 64010 64014 64015 64016 64017
1146 3 3 27129 27152 40655 40667 45592 45616 45632 45634 45639 45644 45645 45646 45647 45648 45649 45650 45651
1147 0 0 15740 17253 24804 27559 27575 37928 38474 38482 38487 38492 38493 38494 38495 38496
1148 4 4 14554 14555 14563 14564 14565 14566 14567 14568 14569
1149 0 0 21293 29345 29378 29470 29471 29472 29473 29474 29475 29476 29477 66774
1150 2 2 24937 24953 24961 30195 35104 51103 51124 56379 56400 56409 56415 56416 56417 56418 56419
1151 4 4 45180 46220 53321 55546 60581 64597 64626 64636 64652
1152 4 4 54135 54136 54137 54138 54139 54140 54141 54142 54143 54144 54145 54146 54147 54148
1153 0 0 40113 40140 41082 64311 66141 66155 66159 66164 66167 66169 66170 66775
1154 4 4 22647 31924 31934 31935 31936 31937 31938 31939 31940 31941 31942 31943 31944
1155 3 3 14943 21026 21091 21100 21664 21704 21729 21772 30278 30295 30313 30314 30315 30316 30317 30318 30319
1156 1 1 253 1595 3415 3833 3840 4030 4033 4079 4083 6722 6735 6744 11970 18860 18861 18862 18863 18864 18865 18866 18867
1157 2 2 39337 39341 39358 39363 39372 49339 49364 49380 55134 55726 55738 58072 58079 58080 58081 58082 58083 58084 58085 58086 58087 58088
1158 4 4 16935 24279 31274 33906 33938 45206 45224 45236 45244 45261 45279 45280
1159 1 1 10914 11036 11056 11205 11228 16892 17636 17640 17653 18153 18335 18351 24919 35067 35074 35093 35511 35520 35532 37483 40575 45789 45804 45815 45819 46518 46532 46541 46542 46543
1160 3 3 41988 43273 53734 53912 54372 54379 54380 54381 54382 54383 54384
1161 0 0 29307 29308 29309 29310 29311 29312 29313 66776
1162 0 0 233 369 383 396 401 1173 1221 2589 2590 2591 2592 2593 66777 66778
1163 2 2 24450 27804 28082 34065 34070 38256 38284 38298 38311 38740 38755 38769 38776 49675 49683 49684 49685 49686 49687 49688 49689 49690
1164 1 1 27146 27407 27418 27436 27446 31146 31167 31168 31169 31170 31171 31172 31173 31174 31175 31176 31177 31178 31179 31180 31181 31182 31183 31184 31185
1165 3 3 10153 10182 10202 10210 10213 10220 10227 10661 10665 10666 10667 10668 10669 10670
1166 4 4 18718 31623 52835 52863 52872 52873 52874 52875 52876 52877 52878 52879 52880
1167 3 3 20938 24018 29180 29241 39463 39507 39512 39513 39514 39515 39516 39517
1168 2 2 40087 40102 40109 40132 48422 50919 51939 52227 52293 52327 52336 52338 52340 52347 52348 52349 52350
1169 0 0 29257 39985 49352 49395 58734 58744 63094 63106 63110 63117 63120 63121 63122 63123 63124
1170 4 4 48768 51276 51281 51342 51517 51521 51525 51526 51527 51528 51529
1171 0 0 11543 11544 11545 11546 11547 11548 11549
1172 4 4 59036 59044 59051 60008 63223 65465 65476 65483 65484 65485 65486
1173 4 4 57218 57266 57281 57291 57307 57332 57335 57339 57342 57343 57344 57345 57346 57347
1174 2 2 22383 22401 23735 37341 37346 37354 53179 53429 54385 54615 54632 54638 54639 54640 54641 54642 54643 54644 54645 54646 54647 54648
1175 2 2 7371 12412 12435 12461 12519 19328 19388 19565 26550 26558 26565 26571 26578 26596 26597 26598
1176 3 3 62064 62911 62924 63829 63833 63836 63863 63878 63897 63899 63910 63911 63912
1177 0 0 192 220 222 240 683 849 1159 1572 1577 4007 4019 4025 4039 4040 4041 4042 4043 4044 4045 4046 66779
1178 2 2 63698 63703 63709 63714 63721 63726 63732 63735 63740 63744 63746 65540 65548 65554 65555 65556 65557 65558 65559 65560
1179 0 0 44063 54332 54340 54343 54361 54362 54363 54364
1180 4 4 2024 2041 2063 4812 8705 15048 15061 15063 15064 15065 15066 15067
1181 0 0 718 1198 1217 1474 1475 1476 66780
1182 2 2 521 1298 1310 2953 2968 2986 2992 3045 3078 3092 5999 6113 6217 6218 6219 6220 6221 6222 6223 6224 6225
1183 0 0 196 204 213 221 222 223 224 225 226 227 66781 66782
1184 0 0 1677 1678 1679 1680 1681 1682 1683 66783
1185 2 2 29487 37002 37050 40797 45678 45693 48526 51428 55899 56472 62109 62123 62165 62326 62345 62346 62347 62348 62349
1186 0 0 100 438 452 479 1260 1321 1328 2839 2892 2916 2923 2932 2949 2979 2980 2994 2996 2997 2998 66784
1187 0 0 7272 7276 11922 11950 11955 25993 26006 26016 26017 26018 26019 26020 26021 66785
1188 1 1 24923 24935 25161 27160 27161 27162 27163 27164 27165 27166 27167 27168 27169 27170 27171 27172 27173 27174
1189 4 4 4886 5829 8178 14020 14030 14054 14060 14062 14063 14064 14065 14066
1190 0 0 54272 54289 54727 60483 60495 60496 60497 60498 60499 60500 60501
1191 0 0 11239 11249 11250 11251 11252 11253 11254 11255 11256 11257 11258 66786
1192 0 0 4623 4777 8228 20676 20708 20762 21169 21178 21196 21197 21198 21199 21200 21201 21202 21203 21204 21205 66787
1193 0 0 15 16 17 18 66788 66789
1194 3 3 43369 43496 43516 43523 52552 54023 61045 61063 61109 61113 61122 61123 63973 63990 63998 64003 64004 64005 64006 64007 64008
1195 3 3 34304 37623 37861 37862 37863 37864 37865 37866 37867 37868 37869
1196 2 2 29486 45522 50717 51227 51430 56526 59578 59587 62122 62329 62349 62363 62368 62369 62370 62371 62372 62373
1197 3 3 62026 62925 63761 63918 64148 64154 65698 65713 65805 65814 65832 65838 65842
1198 4 4 60699 60700 60701 60702 60703 60704 60705 60706 60707 60708 60709 60710 60711 60712 60713 60714
1199 3 3 8126 11766 11780 13833 16135 16192 16225 16236 18989 18996 28771 28794 28812 28813 28814 28815
1200 0 0 24134 41479 41490 41498 41518 41531 41532 41533 41534
1201 3 3 16464 23633 23645 23682 23689 23694 23702 31840 31843 31844 31845 31846 31847 31848 31849 31850 31851 31852
1202 0 0 9494 9560 16295 16302 16306 16307 16308 16309 16310
1203 3 3 27399 37850 37857 38666 38684 38712 38725 39121 48909 48923 48927 48939 48941 48942 48943 48944
1204 4 4 11852 11853 11854 11855 11856 11857 11858 11859 11860 11861 11862 11863
1205 4 4 31083 31091 31096 42170 42176 42178 52908 52917 52918 52919 52920 52921 52922 52923 52924
1206 2 2 20014 20046 20055 23899 27637 27736 27906 27922 27923 27924 27925 27926 27927 27928 27929 27930 27931 27932
1207 2 2 17605 27214 27221 27236 27252 27265 27284 28458 28467 34482 37432 40695 45540 45560 45566 45567 45568 45569 45570 45571 45572
1208 0 0 10500 17454 17471 25541 32464 32471 32472 32473 32474
1209 3 3 33612 33626 33658 33660 33661 33662 33663 33664 33665 33666 33667 33668 33669
1210 0 0 7306 7314 12074 19167 19175 19181 19187 26098 26110 26121 26122 26123
1211 0 0 20848 20933 21109 24027 38935 38953 38970 39063 39819 39835 39852 39856 39863 39864 39865 39866 39867 39868 66790
1212 4 4 17683 17684 17685 17686 17687 17688 17689 17690 17691 17692
1213 0 0 3587 3594 3605 3645 3659 3670 3671 3672 3673 3674 3675 3676 66791
1214 2 2 10703 10711 10719 10726 13016 13023 13034 13035 13036 13037 13038 13039 13040 13041 13042
1215 2 2 3599 3628 3651 3657 3975 6999 7012 7014 7015 7016 7017 7018 7019 7020 7021 7022
1216 0 0 56705 56720 56728 62423 62438 62451 62455 62456 62457 62458 62459 62460
1217 0 0 8767 8853 8867 8883 8911 8912 8913 8914 8915 66792
1218 4 4 65793 65794 65795 65796 65797 65798 65799 65800 65801 65802 65803 65804 65805 65806
1219 3 3 32917 43417 43439 43459 52556 53983 54011 54014 54016 54017 54018 54019
1220 3 3 12186 12199 19193 19194 19195 19196 19197 19198 19199 19200 19201 19202 19203 19204 19205 19206
1221 4 4 19146 19161 22441 22442 22443 22444 22445 22446 22447 22448
1222 0 0 7995 7997 8308 13713 14266 23769 23786 23814 23821 23826 23827 23828 66793
1223 0 0 31589 35950 35999 36000 36001 36002 36003 36004 36005 36006
1224 4 4 32356 32377 32385 32399 32425 33183 33207 33208 33209 33210 33211 33212 33213
1225 3 3 4502 5775 16198 16246 16247 16248 16249 16250 16251 16252
1226 4 4 15518 15815 15821 15822 15823 15824 15825 15826 15827 15828 15829
1227 2 2 44737 44742 44756 48799 49317 49324 49336 58759 58762 59564 60096 60142 62936 62938 62939 62940 62941 62942 62943 62944 62945
1228 4 4 30332 41275 41286 41298 41337 50905 51926 51949 51954 51959 51972 51977
1229 2 2 42867 47641 60774 60806 60808 60813 60817 60818 60819
1230 2 2 9775 15987 16460 22649 22666 23620 23639 23701 31839 31844 31926 31968 31976 31993 31994 31995 31996 31997 31998
1231 2 2 6349 10229 10247 10260 17086 24549 31565 32166 32171 32178 32179 32180 32181 32182 32183
1232 3 3 10485 15758 17322 17581 17589 22545 22546 22547 22548 22549 22550 22551 22552 22553
1233 3 3 46297 46309 46318 46328 46333 46344 46352 46356 46368 46401 46407 46419 46420 46421
1234 0 0 959 966 2791 5845 5852 5853 5854 5855 5856 5857 5858 5859 66794 66795
1235 1 1 24009 28659 33545 33573 39314 50161 50200 59124 59281 59333 63050 63054 63059 63067 63327 63400 63411 63431 63434 63439 63440 63441 63442
1236 3 3 47333 47386 47398 47433 47491 54409 54682 54964 54974 54998 55012 55013 55014 55015 55016 55017
1237 1 1 33604 33609 33646 34692 43939 43986 46110 46140 46188 49157 49166 49167 49168 49169 49170 49171 49172 49173 49174 49175 49176 49177 49178
1238 0 0 7611 12742 12749 12756 12784 12800 12811 12814 12815 12816 12817
1239 3 3 31787 53206 54456 54675 60423 61422 61437 61455 61460 61461 61462 61463 61464 61465 61466
1240 2 2 7059 7072 7078 7205 7225 7229 7239 7243 11557 11789 11790 11791 11792 11793 11794 11795 11796
1241 0 0 64486 64487 64488 64489 64490 64491 64492 64493 64494 66796
1242 0 0 22082 30834 30846 32715 32725 32730 32738 32739 32740 66797
1243 4 4 15114 18706 18714 18715 18716 18717 18718 18719 18720 18721 18722 18723 18724 18725
1244 0 0 54295 54296 54297 54298 54299 54300 54301
1245 2 2 9667 9695 9700 11048 11260 18132 18134 18141 24500 46758 48545 48548 48557 48567 48568
1246 2 2 34197 37102 45195 48471 48474 48475 48476 48477 48478 48479 48480 48481 48482 48483 48484 48485 48486 48487 48488
1247 4 4 40800 40822 40829 40830 40831 40832 40833 40834 40835 40836 40837 40838
1248 0 0 10018 14418 14419 14420 14421 14422 14423 66798 66799
1249 3 3 12415 12429 12430 12549 12557 12558 12559 12560 12561 12562 12563 12564 12565
1250 2 2 18957 26076 26087 26231 26295 35861 35883 36498 47460 57075 57086 57101 57154 57188 57198 57202 57203 57204
1251 2 2 49716 49744 49927 49947 49949 49950 49951 49952 49953 49954 49955 49956 49957 49958 49959 49960 49961 49962 49963 49964 49965 49966 49967 49968 49969 49970 49971
1252 2 2 40070 43397 43525 48388 50728 54045 54053 54054 54055 54056 54057 54058 54059 54060 54061 54062 54063
1253 1 1 6579 6594 7369 7370 7371 7372 7373 7374 7375 7376 7377 7378 7379 7380 7381 7382 7383
1254 4 4 49483 58934 58945 58966 63174 63181 63191 63192 63204 63212 63213
1255 3 3 13167 19729 19889 27519 27743 27744 27745 27746 27747 27748 27749 27750 27751
1256 4 4 45871 49004 49070 49294 49308 49618 49623 58386 58403 58415 58436 58442 58443 58444 58445
1257 0 0 58097 58106 58116 58133 58154 58159 58160 58161 58162
1258 0 0 12556 12565 12573 12584 18160 18176 18182 18183 18184 18185 66800
1259 3 3 27128 27156 31173 31219 45643 45646 45653 51286 51287 51288 51289 51290 51291
1260 0 0 7344 7360 12294 19333 26696 26704 26705 26706 26707 26708 66801
1261 3 3 20045 20559 28480 28688 33435 33449 39271 39279 39288 39298 50073 50076 50114 50121 50127 50135
1262 4 4 49147 49189 50204 50227 58619 58644 58651 58660 58661 58667 58671 58672
1263 3 3 23554 24478 24479 24480 24481 24482 24483 24484 24485 24486
1264 2 2 29499 37075 46930 46958 46961 62556 62564 62569 62599 62634 62640 64859 64861 64862 64863 64864 64865 64866
1265 3 3 7449 17774 26853 35154 35165 35175 35193 35235 35243 35270 35271 35272 35273 35274 35275 35276
1266 4 4 13051 17079 19615 19648 19660 19661 19662 19663 19664 19665 19666
1267 2 2 41980 43220 43231 43268 43269 43270 43271 43272 43273 43274 43275 43276 43277 43278 43279 43280
1268 0 0 79 80 81 82 83 66802
1269 0 0 2073 2092 3072 4943 4954 4961 4993 6210 6211 6212 6213 6214 6215 6216 66803
1270 3 3 26372 32760 43209 43282 43293 43304 43306 43307 43308 43309 43310 43311 43312 43313
1271 4 4 36167 36207 42103 44598 47675 47690 47691 47692 47693 47694 47695 47696
1272 4 4 41292 41305 41318 41333 51963 51968 52161 60053 60066 60078 60082 60084 60085 60086
1273 3 3 42677 42696 42702 42721 43851 43854 43855 43856 43857 43858 43859 43860 43861 43862 43863
1274 2 2 8319 14293 14305 14324 14530 14531 14532 14533 14534 14535 14536 14537 14538 14539 14540
1275 2 2 27655 27671 27678 27682 27697 28961 38021 38028 38099 38101 38102 38103 38104 38105 38106 38107 38108 38109 38110 38111 38112
1276 4 4 32009 32010 32011 32012 32013 32014 32015 32016 32017
1277 2 2 29472 30049 30078 30088 40193 40241 40299 41662 41679 41696 41699 41702 41720 51763 59768 59782 59794 59796 59797 59798 59799
1278 3 3 1305 1315 3006 3019 3022 3023 3024 3025 3026 3027 3028
1279 2 2 18990 25755 25897 32529 33529 36136 36161 36180 36204 36205 36206 36207 36208 36209 36210 36211 36212 36213 36214 36215 36216 36217
1280 4 4 29885 30174 41021 41031 41034 52453 52458 52475 52480 52487
1281 2 2 12053 16209 16250 16268 22989 28892 28904 31444 32520 32537 32550 32553 43097 43112 43116 43117 43118
1282 3 3 47432 47492 54964 54965 54966 54967 54968 54969 54970 54971 54972 54973
1283 0 0 3576 3578 3579 3580 3581 3582 3583 3584 3585 3586 3587 3588 66804
1284 0 0 694 703 1386 1409 1466 3521 3529 4344 4355 4356 4357 4358 4359 4360 66805
1285 0 0 29703 30742 32836 32842 32906 41191 41199 41203 41204 41205 41206 41207 41208 66806
1286 3 3 31379 36905 36915 42338 42354 42370 47780 47781 47782 47783 47784 47785 47786 47787
1287 4 4 27298 27299 27300 27301 27302 27303 27304 27305 27306 27307 27308 27309 27310 27311
1288 2 2 37682 37870 37887 49035 51262 51388 52260 58251 58308 58325 58337 58346 58348 58349 58350 58351 58352
1289 3 3 7381 11123 19390 26602 37249 37273 48592 48607 48612 48620 48621
1290 3 3 34169 34170 34171 34172 34173 34174 34175 34176 34177 34178 34179 34180
1291 4 4 9058 9059 9060 9061 9062 9063 9064 9065 9066 9067
1292 3 3 3613 3820 4189 12499 12500 12501 12502 12503 12504 12505 12506 12507 12508
1293 0 0 2490 4494 4630 4632 4638 5467 5482 5503 9219 9224 12056 15685 15689 15690 15691 15692 15693 15694 15695 15696 66807
1294 3 3 1127 1655 3196 6484 7444 7465 7481 7482 7483 7484 7485 7486
1295 3 3 3340 3347 3361 3368 3371 3381 3486 3491 4409 4430 4433 4442 4447
1296 4 4 56441 62304 62324 64229 64230 64231 64232 64233 64234 64235
1297 0 0 13728 13934 13971 20500 20513 28866 39179 39214 39243 39254 39257 66808
1298 2 2 10841 12735 12758 12762 12796 12809 12820 12838 17630 17645 17646 17647 17648
1299 3 3 9658 10035 10042 10043 10044 10045 10046 10047 10048 10049 10050 10051 10052
1300 3 3 61838 61839 61840 61841 61842 61843 61844 61845 61846 61847 61848
1301 4 4 60224 60235 60248 60275 60285 64445 64468 64469 64470 64471 64472 64473 64474
1302 0 0 7770 7776 8687 8750 13391 13441 13449 13452 13453 13454 13455 13456 13457 66809
1303 2 2 33794 40829 41919 43381 43507 43577 50725 50741 52629 52667 54047 54087 54089 54090 54091 54092 54093 54094 54095
1304 4 4 57510 57522 57531 57542 57547 57557 57565 57584 57590 57597 57601 57602 57603
1305 4 4 24426 24748 34001 34002 34003 34004 34005 34006 34007 34008
1306 2 2 5907 9936 9955 9963 13518 16704 16715 16722 16723 16724 16725 16726 16727 16728 16729
1307 3 3 10039 15339 23591 23595 32969 34022 43593 43619 43634 43647 43652
1308 0 0 7710 13186 13200 13209 13220 13243 13244 13245 13246 13247 13248 13249 13250 13251 66810
1309 0 0 3174 4699 4715 4722 4723 4724 4725 4726 4727 4728 4729 4730 66811
1310 0 0 11686 11721 11726 11727 11728 11729 11730 11731 11732
1311 3 3 51235 51244 51251 51258 51267 51278 51285 51395 51399 51407 51416 51417 51418 51419 51420 51421 51422
1312 3 3 349 360 868 894 1191 1203 1527 1533 1534 1535 1536 1537 1538 1539 1540 1541 1542
1313 0 0 6256 10318 17132 17142 17165 17172 17174 17175 66812
1314 1 1 10110 10116 10136 13128 15462 17070 22353 24190 27137 27148 27411 27420 27434 27438 27439 27440 27441 27442 27443 27444 27445 27446 27447 27448 27449 27450
1315 3 3 1612 11680 11700 11732 11989 12006 12010 12013 12014 12015 12016 12017 12018 12019 12020
1316 0 0 12713 12714 12715 12716 12717 12718 12719 12720 66813
1317 0 0 10000 14356 24031 24032 24033 24034 24035 24036
1318 3 3 7607 10767 10795 10838 10946 12738 12745 12746 12747 12748 12749 12750 12751 12752
1319 3 3 24711 24729 24733 32160 32218 42824 46443 46454 46462 46466 46470 46471
1320 3 3 42260 43829 53327 53476 53512 53527 53530 53533 53534 53535 53536 53537 53538
1321 4 4 39710 39719 45138 48074 48106 53066 57818 57842 57853 57869 57872 57873
1322 0 0 48000 48014 50274 50340 57734 57735 57736 57737 57738 57739
1323 2 2 13168 19734 19745 24472 27743 27756 38017 38044 38056 38125 38133 38320 38351 38371 38385 38404 38408 38409 38410 38411 38412
1324 4 4 5604 9497 9499 9504 9505 9506 9507 9508 9509
1325 3 3 50754 50777 52026 52055 52075 52088 52089 52090 52091 52092 52093 52094 52095 52096 52097 52098
1326 3 3 16595 16938 33687 33696 33906 33907 33908 33909 33910 33911 33912 33913 33914
1327 0 0 1187 2241 2251 2253 2254 2255 2256 2257 2258 66814
1328 3 3 40417 41889 41903 41933 51051 51064 51072 51078 51083 51085 51086 51087 51088
1329 2 2 53315 53324 53332 53483 53526 53535 53540 53557 55537 55544 60539 60549 60558 60559 60560 60561 60562 60563 60564
1330 2 2 36833 39726 48076 48158 48250 57811 57822 57835 57845 57849 57873 57884 57906 57913 57914 57915 57916
1331 2 2 3993 7320 9401 12178 23013 23026 32573 32588 32589 32590 32591 32592 32593 32594
1332 2 2 14769 14776 14787 21441 21451 21455 21509 21518 21526 21530 21541 21583 21590 21614 21628 21630 21631 21632 21633 21634 21635 21636
1333 2 2 1808 2318 4371 4376 4377 4378 4379 4380 4381 4382 4383 4384 4385 4386
1334 4 4 23272 23281 23295 23307 23329 23352 23363 23672 31983 42621 42631 42639 42642 42647 42648
1335 0 0 17067 23901 23902 23903 23904 23905 23906 23907
1336 3 3 12072 12079 12099 18873 19172 26094 26117 26121 26141 26159 26168 26181 26186 26214 26221 26228 26229
1337 0 0 6529 9119 11016 12386 17790 17798 17801 17806 17807 17808 66815
1338 0 0 7938 13620 20346 20354 20361 20362 20363 20364 20365 66816
1339 4 4 48760 51239 51256 51268 51269 51270 51271 51272 51273 51274 51275 51276 51277 51278
1340 2 2 43337 43360 43447 43469 45039 48263 52555 53988 53995 54015 54019 54020 54028 54029 54034 54035 54036 54037 54038
1341 3 3 38108 44659 44709 49126 49135 55127 58608 58624 58628 58629 58630 58631 58632 58633 58634 58635
1342 4 4 20992 20993 20994 20995 20996 20997 20998 20999
1343 2 2 25159 31223 34173 34224 34391 40681 40728 46498 46509 46513 48630 48645 48646 48647 48648 48649 48650 48651 48652
1344 3 3 53977 61311 61324 64946 64956 64975 64986 65005 65009 65010 65011 65012 65013
1345 1 1 33640 33648 37634 37992 38146 38153 43982 43996 45727 45842 45852 55933 55941 55991 55992 55993 55994 55995 55996 55997 55998 55999 56000
1346 0 0 21264 29687 29706 30676 40813 40826 40843 40854 41754 41887 41921 41942 41943 41944 41945 41946 41947 66817
1347 3 3 34382 34395 37013 37024 37067 37081 37082 37083 37084 37085 37086 37087 37088
1348 2 2 37940 37964 37986 38003 38007 38051 38077 38083 38084 38085 38086 38087 38088 38089 38090
1349 2 2 17038 23909 33541 33548 33563 33570 33580 33587 39526 39542 39575 39602 39604 39605 39606 39607 39608
1350 4 4 27856 27864 38426 38456 38480 38497 44702 44720 49397 49408 49413 49414 49415
1351 3 3 24933 25162 27170 35303 37493 40675 46489 46501 46515 48631 58174 58191 58198 58203 58204
1352 4 4 6805 11514 11532 11533 11534 11535 11536 11537 11538
1353 0 0 13149 15732 15749 15754 16587 17257 23966 23978 24806 27563 33916 34755 34761 34766 34767 34768 34769 34770 66818
1354 2 2 10601 10602 10603 10604 10605 10606 10607 10608 10609 10610 10611 10612 10613 10614 10615
1355 4 4 17058 17064 23902 23923 23933 23934 23935 23936 23937 23938 23939
1356 3 3 20598 21236 28607 28627 28667 33253 36820 44219 44236 44237 44238 44239 44240
1357 0 0 20878 20893 21124 21133 21134 21135 21136 21137 21138 21139 21140 21141
1358 2 2 42673 42708 42716 42980 42992 53391 53504 54199 54230 54239 60706 60737 60743 60748 60751 60752 60753 60754 60755 60756 60757
1359 2 2 31180 31224 31250 32947 34160 34216 34392 46499 48625 48629 48638 48649 48697 48729 55860 58170 58175 58188 58195 58201
1360 2 2 48137 48143 48148 48154 48156 48170 48176 48179 48203 48219 48248 57807 57825 57827 57828 57829 57830 57831 57832 57833 57834 57835
1361 0 0 117 436 455 2655 2656 2657 2658 2659 66819
1362 3 3 16818 16828 20316 23105 23117 23122 24147 24157 33838 33839 33840 33841 33842 33843
1363 0 0 29767 29780 29792 29797 40475 40482 40923 49841 55251 55271 55293 55299 55304 58025 58033 58039 58047 58051 58052 58053 66820
1364 4 4 50141 50151 50179 50296 63079 63086 65409 65425 65437 65438 65439 65440
1365 2 2 55026 55036 56123 57639 63662 63669 63682 63689 63729 63738 63743 63745 65549 65556 65742 65756 65762 65763 65764 65765
1366 2 2 32260 32307 32325 32327 32350 32430 32450 32483 34613 43019 43034 43046 43051 43059 43060 43061 43062 43063 43064 43065
1367 3 3 6525 9102 11009 12223 15497 15506 15507 15508 15509 15510 15511 15512 15513 15514
1368 4 4 212 227 232 237 250 2594 2602 2603 2604 2605 2606 2607
1369 0 0 302 712 713 714 715 716 717 718 66821
1370 2 2 9861 9942 9957 9960 9972 9973 9974 9975 9976 9977 9978 9979 9980 9981 9982 9983 9984 9985 9986
1371 0 0 41930 41941 41955 52675 52682 52683 52684 52685 52686 52687 52688 66822
1372 3 3 43150 43318 44031 44043 53798 53818 53830 53868 53875 53876
1373 4 4 40005 49017 49255 49261 49262 49263 49264 49265 49266 49267 49268
1374 4 4 16242 18993 28799 28810 32489 32501 32502 32503 32504
1375 3 3 48733 48790 51602 51609 51624 52174 52184 52185 52186 52187 52188 52189 52190 52191 52192
1376 4 4 13347 13358 13368 13375 13379 14081 19921 19945 19946 19947 19948 19949 19950 19951 19952
1377 4 4 9607 9668 9702 18137 18138 18139 18140 18141 18142 18143
1378 3 3 53488 54197 54207 54216 54227 54236 60702 60720 60726 60735 60736 60737 60738 60739 60740
1379 0 0 14677 21287 21549 29348 29360 29361 29362 29363 29364 29365 29366 66823
1380 4 4 34626 44373 44387 44390 44391 44392 44393 44394
1381 3 3 15405 15413 15424 15429 15439 15447 15458 17783 17809 17810 17811 17812 17813
1382 4 4 24822 32388 32395 32402 32403 32404 32405 32406 32407 32408 32409 32410 32411 32412
1383 0 0 7798 13522 13531 16732 20305 28071 28081 28082 28083 28084 28085 28086 28087 28088 66824
1384 1 1 24836 31726 31752 31763 31769 42985 42996 46113 46142 46163 46175 46187 46213 52957 53247 53508 53517 54229 54235 54481 54672 56333 60755 61180 64786 64792 64793 64794 64795 64796 64797
1385 0 0 5638 9264 9265 9266 9267 9268 9269 9270 66825
1386 3 3 19287 21222 26470 26476 26487 26494 36933 36938 36961 36976 36994 36996 36997
1387 3 3 32333 45929 45960 45970 45971 45972 45973 45974 45975 45976 45977 45978 45979
1388 3 3 5142 5147 5154 5971 5972 5973 5974 5975 5976 5977
1389 2 2 16153 16239 18991 25891 32505 32513 32523 32525 32526 32527 32528 32529 32530 32531 32532 32533 32534 32535 32536
1390 2 2 20913 33762 39756 39769 50600 50607 50614 50630 50644 50652 50658 57815 57841 57856 57858 57862 57864 57865 57866
1391 3 3 47474 47483 54589 57131 57134 57165 57708 57714 57715 57716 57717 57718 57719 57720 57721
1392 0 0 4221 4460 4461 4462 4463 4464 4465 4466 4467 4468 66826
1393 2 2 61334 64879 64886 64911 64931 65056 65382 66369 66381 66384 66391 66393 66413 66427 66452 66454 66457 66465 66466 66467 66468
1394 0 0 14807 21661 21759 21764 21765 21766 66827
1395 2 2 12907 13010 13644 13681 20444 27369 34441 34456 34478 45550 45555 45559 45560 45561 45562 45563 45564 45565
1396 3 3 16158 16164 16165 16166 16167 16168 16169 16170 16171 16172 16173 16174 16175
1397 0 0 20344 20363 20369 28151 28267 28268 28269 28270 28271 28272 28273 28274 66828
1398 4 4 66135 66136 66137 66138 66139 66140 66141 66142 66143 66144
1399 4 4 48452 55333 56509 56516 56517 56518 56519 56520 56521
1400 2 2 6418 6435 10857 10878 10884 10891 18362 18386 18513 18541 21409 21431 21460 21461 21462 21463 21464 21465
1401 4 4 34523 34524 34525 34526 34527 34528 34529 34530 34531 34532
1402 0 0 13474 13482 13538 28065 38744 38751 38759 38760 38761 38762 38763
1403 4 4 34618 45893 45900 45906 45910 45911 45912 45913
1404 3 3 24307 33990 45402 45407 45435 45445 55451 55459 55465 55470 55471 55472 55473 55474 55475
1405 4 4 7260 11381 11852 11864 11865 11866 11867 11868 11869 11870 11871 11872 11873
1406 3 3 31391 31392 31393 31394 31395 31396 31397 31398 31399 31400 31401 31402 31403 31404
1407 2 2 18744 18745 18746 18747 18748 18749 18750 18751 18752 18753 18754 18755 18756 18757 18758 18759 18760 18761
1408 4 4 59464 61759 63555 63562 63777 63789 63791 63792 63793 63794 63795
1409 3 3 15590 15591 15592 15593 15594 15595 15596 15597 15598 15599 15600 15601
1410 2 2 45153 45154 45155 45156 45157 45158 45159 45160 45161 45162 45163 45164 45165 45166
1411 3 3 37892 48035 58529 58538 58539 58540 58541 58542 58543 58544 58545 58546 58547 58548 58549 58550 58551
1412 0 0 9066 9080 9115 9647 11192 12567 12577 18161 18184 18207 23432 23462 23467 23471 23483 23484 66829
1413 3 3 2517 3907 3915 3928 3937 3999 5339 9185 9186 9187 9188 9189 9190 9191 9192
1414 1 1 35302 35315 37438 37458 37463 37472 37476 37492 37501 37506 37516 37529 37559 37564 37571 37585 37602 48659 48679 48685 48699 48707 58166 58181 58186 58189 58190 58191 58192
1415 2 2 64896 64897 64898 64899 64900 64901 64902 64903 64904 64905 64906 64907 64908 64909
1416 0 0 12700 12705 12706 12707 12708 66830 66831
1417 2 2 2824 2825 2826 2827 2828 2829 2830 2831 2832 2833 2834
1418 3 3 61037 61054 61070 61074 61075 61076 61077 61078 61079 61080
1419 0 0 31268 31276 45241 45268 45330 45348 45352 55405 55427 55439 55443 55445 55447
1420 3 3 2083 2099 4909 4970 4976 4979 4998 8778 8782 8783 8784 8785 8786 8787
1421 0 0 33898 43642 43668 43682 43689 43692 43693 43694 43695 43696 43697
1422 2 2 30054 30064 30076 30085 40368 41601 41627 41659 41660 41676 41677 41678 41679 41680 41681 41682 41683 41684 41685 41686 41687 41688
1423 0 0 6621 12242 12275 12279 12282 12283 12284 66832
1424 0 0 21784 21793 21801 30326 41287 41295 41309 51922 51955 51971 51974 51975 51976 51977 51978 66833
1425 2 2 49020 49039 49051 49059 49250 49263 49512 49532 58348 58361 58372 58376 58408 58418 58424 58466 58475 58476 58477 58478 58479 58480 58481 58482 58483
1426 2 2 9862 9940 9952 9967 9977 16735 24443 24457 24458 24459 24460 24461
1427 2 2 20093 20295 27948 27963 27973 27980 27989 27996 28002 28015 28024 34105 34127 34128 34129 34130 34131 34132 34133 34134 34135 34136
1428 4 4 65514 65536 65552 65577 65583 65586 65589 66477 66486 66493 66494 66495 66496
1429 3 3 528 1293 1294 1295 1296 1297 1298 1299 1300 1301 1302 1303 1304 1305 1306
1430 0 0 63955 65851 65868 65881 65890 65891 65892
1431 3 3 4234 4471 7718 13353 14035 14058 14086 14091 14092 14093 14094 14095
1432 0 0 4608 4760 4761 4762 4763 4764 4765 66834 66835
1433 0 0 722 752 753 754 755 66836 66837
1434 3 3 22560 22572 22581 32126 34858 46247 46248 46249 46250 46251 46252 46253 46254 46255 46256
1435 2 2 9632 9707 23413 23498 23508 23527 33025 33033 33035 33036 33037 33038 33039 33040 33041 33042 33043
1436 0 0 10006 10021 16803 16825 23114 24155 24158 24163 28199 28217 38999 39014 39019 39020 39021 39022 39023 39024 39025 39026 66838
1437 3 3 25773 32156 34897 34907 34908 34909 34910 34911 34912 34913 34914 34915 34916
1438 1 1 19464 32761 35444 35486 35498 35502 43300 43310 44014 44017 44024 44042 46876 46878 53824 54309 54774 54804 54822 54837 54838 54839 54840 54841 54842
1439 3 3 21103 21104 21105 21106 21107 21108 21109 21110 21111 21112
1440 2 2 29377 29473 30033 30050 30058 30077 30078 30079 30080 30081 30082 30083 30084 30085
1441 3 3 29119 39800 39808 39876 39883 44725 44735 44743 44750 44751 44752 44753 44754 44755 44756 44757 44758 44759 44760
1442 3 3 39646 49050 49704 50461 55556 55580 55658 58500 58511 58520 58842 58846 61846 61862 61867 61871 61877
1443 0 0 12210 16286 19299 19312 21715 26511 36755 42457 48181 48182 48183 48184 48185 48186 48187 48188 66839
1444 4 4 46525 46531 46540 46543 46550 46564 46577 46762 46776 56346 56356 56363 56365 56366 56367
1445 2 2 6875 6898 6914 6925 8106 8122 11313 11321 11332 11333 11334 11335 11336
1446 4 4 20977 20998 29280 36771 36784 36788 36789 36790 36791 36792 36793 36794 36795
1447 2 2 2826 6010 6033 6055 6067 6070 6090 6097 6105 6106 6107 6108 6109 6110
1448 4 4 547 565 598 1444 6777 6790 6791 6792 6793 6794 6795
1449 0 0 4215 6568 12730 16853 17017 35316 37457 37478 37500 37504 37510 37511 37512 37513 37514 37515 37516 37517 66840
1450 3 3 1891 5777 5797 8255 16254 16485 16504 16510 16514 16515 16516 16517 16518
1451 0 0 30406 30423 30456 40074 40075 40076 40077 40078 40079 40080 40081 40082
1452 3 3 55381 59461 59462 59463 59464 59465 59466 59467 59468 59469 59470 59471 59472 59473
1453 2 2 29488 37052 40466 50719 55342 56474 56504 56522 56547 56561 56570 56578 59580 59589 62332 62346 62364 62370 62380 62383 62384 62385 62386 62387 62388 62389
1454 0 0 27632 28562 28569 28584 39422 39424 39425 39426 39427 39428 39429 39430
1455 2 2 39443 39451 43330 43994 50212 53947 59088 59262 59317 59320 59329 60916 60929 60938 60941 60942 60943 60944 60945 60946
1456 0 0 8775 8923 30869 30883 30884 30885 30886 30887 30888 30889 66841
1457 0 0 7978 8019 8024 8029 13745 13749 13754 13755 13756 13757 13758 66842
1458 2 2 59492 59501 59511 59529 59630 61786 63779 63785 63796 63815 63818 63888 63932 63944 63945 63946 63947 63948 63949 63950 63951
1459 3 3 33791 33792 33793 33794 33795 33796 33797 33798 33799 33800 33801
1460 3 3 35825 35826 35827 35828 35829 35830 35831 35832 35833 35834 35835 35836 35837 35838 35839
1461 3 3 24924 24925 24926 24927 24928 24929 24930 24931 24932 24933 24934 24935
1462 4 4 47553 57421 57433 57479 57485 57491 57493 60664 60670 60673 60674 60675 60676
1463 3 3 378 2492 2496 2500 2501 2502 2503
1464 2 2 33800 41883 41911 50739 50994 51096 54093 54100 59801 59817 59818 59819 59820 59821
1465 0 0 14804 21038 21643 21651 21666 21676 21681 21734 21744 21745 21746 21747 21748 21749 66843
1466 0 0 5856 7786 7801 7809 7810 7811 66844 66845
1467 0 0 4311 4312 4313 4314 66846
1468 3 3 27283 28453 28466 38804 38877 40619 40626 45541 45569 45576 45577
1469 0 0 6388 6399 6432 8408 8417 10750 10827 10844 10845 10846 10847 10848 66847
1470 3 3 43989 58563 58564 58565 58566 58567 58568 58569 58570
1471 0 0 8189 14352 14365 14432 14433 14434 14435 14436 14437 14438 14439 66848
1472 2 2 27202 28420 28443 29722 29724 29725 29726 29727 29728 29729 29730 29731 29732 29733 29734
1473 4 4 30764 30765 30766 30767 30768 30769 30770 30771 30772 30773
1474 3 3 19944 19965 22150 22897 22904 22923 22931 22944 22950 22951 22952 22953 22954 22955
1475 0 0 3864 3923 4137 4141 4163 4165 4166 4167 4168 4169 4170 66849
1476 2 2 48448 48456 48468 56529 56541 56611 56622 56651 59049 59491 59499 59510 59596 59627 61814 63772 63803 63810 63811 63812 63813 63814 63815 63816
1477 0 0 9037 9047 14755 15360 21578 22008 22016 22029 22034 22035
1478 2 2 19368 19385 19398 19455 26359 26534 26604 26609 26637 35471 35483 35494 35495 35503 37213 37242 37243 37244 37245 37246 37247 37248 37249 37250
1479 0 0 21995 30407 30459 40080 40083 41723 41853 41869 41879 41880 41881 41882
1480 0 0 39021 39032 49895 49905 49980 49984 49993 49997 50002 50003 50004 50005 50006 50007 66850
1481 3 3 26612 35459 35468 35485 35493 35497 35499 35500 35501 35502 35503 35504 35505 35506 35507
1482 3 3 44082 47501 47507 54430 54442 57043 57052 57240 57247 57251 57252 57253 57254 57255 57256 57257 57258 57259
1483 0 0 4662 21330 21338 21547 28364 28369 28378 28391 28418 28446 29351 29355 29356 29357 29358 29359 66851
1484 2 2 49340 50377 55135 55150 55734 58075 58084 58766 59235 59272 61634 61644 61646 62917 62923 62932 62933 62934 62935 62936 62937
1485 4 4 34480 45564 45566 45579 45599 45600 45601 45602 45603
1486 2 2 48500 48514 48522 48533 48540 55892 55953 56872 62101 62946 62947 62948 62949 62950 62951 62952 62953 62954
1487 3 3 11273 14715 18434 18441 18448 18505 18536 18542 18545 18551 18552 18553 18554 18555 18556
1488 2 2 16131 17305 17306 17307 17308 17309 17310 17311 17312 17313 17314 17315
1489 2 2 53578 53605 53630 53642 53659 53680 53683 53757 57770 57794 57803 60226 60861 60863 60879 60899 60917 60918 60919 60920
1490 4 4 43999 55928 55940 58567 58576 59439 59445 59446 59447 59448 59449 59450 59451 59452
1491 4 4 33216 35332 35340 44167 46682 47753 47763 53747 53749 53750 53751 53752
1492 2 2 215 223 234 239 391 680 681 682 683 684 685 686 687 688 689
1493 3 3 35839 35849 35859 36630 42333 44108 57065 57066 57067 57068 57069 57070 57071
1494 0 0 10615 10625 10645 17497 17507 17521 17535 17554 17558 17559 66852
1495 0 0 7339 11110 11117 11129 11130 11131 11132 11133 11134 66853
1496 2 2 21315 21323 21533 29424 29431 29940 29946 29997 30115 40993 41002 41009 51713 51723 51745 51748 51760 51762
1497 2 2 3980 7016 7034 7050 7054 7067 7073 7085 11797 11806 11812 11819 11824 11825
1498 3 3 39019 39062 39828 49982 49990 49991 49992 49993 49994 49995 49996
1499 4 4 14230 14238 14247 14258 14265 14272 20801 20802 20803 20804 20805 20806 20807
1500 2 2 22621 31722 31731 31773 34909 42541 42760 42776 42777 42778 42779 42780 42781 42782 42783 42784 42785 42786 42787
1501 2 2 33602 38027 38033 38111 38118 38135 44642 44651 44652 44653 44654 44655 44656 44657 44658
1502 0 0 55203 55235 59181 59194 59197 63518 63538 63541 63547 63548 63549 63550
1503 3 3 6699 6714 15133 16353 16362 16363 16364 16365 16366 16367 16368 16369 16370 16371 16372
1504 3 3 25167 25168 25169 25170 25171 25172 25173 25174 25175
1505 0 0 1764 1771 4282 4801 8653 8670 8672 8673 8674 8675 8676 8677 8678 8679 8680 8681 66854 66855
1506 3 3 46618 46625 62284 62291 62330 62355 62362 62377 62394 65191 65231 65249 65253 65256 65266 65275
1507 3 3 13131 13132 13133 13134 13135 13136 13137 13138 13139
1508 0 0 12243 12260 12280 12283 12303 12333 19509 25215 25219 32719 32737 32744 32745 32751 32752 32753 66856
1509 2 2 52052 52053 52054 52055 52056 52057 52058 52059 52060 52061 52062 52063 52064 52065 52066 52067
1510 2 2 40880 44060 44067 44990 53695 53708 53709 53710 53711 53712 53713 53714 53715 53716 53717 53718 53719 53720 53721 53722 53723 53724
1511 0 0 1469 1815 1818 1819 1820 1821 1822 1823 1824 1825 66857
1512 0 0 29813 29820 29821 29822 29823 29824 29825 29826 66858
1513 0 0 3397 6344 6662 6667 6668 6669 6670 6671 6672 6673 6674 6675 6676 6677 6678 6679 6680 6681 6682 6683 6684 66859
1514 4 4 20882 21115 21134 29051 29165 30243 30247 30248 30249 30250 30251
1515 1 1 8385 8441 10892 10959 14705 18385 18429 18443 18514 18540 21399 21418 21423 21429 21430 21431 21432 21433 21434
1516 2 2 19150 26075 26084 28906 32539 36495 42311 43100 43105 43114 43117 47828 47834 47848 47868 47873 47874 47875 47876
1517 2 2 29396 30393 30467 30470 30482 30495 30508 30516 41726 50962 50972 50983 51011 59704 59731 59732 59736 59751 59753
1518 2 2 34068 34075 34080 34089 34096 38251 38269 38276 49676 49683 49691 49692 49693 49694
1519 0 0 4746 4747 4748 4749 66860 66861
1520 3 3 49351 49365 49382 49388 49393 58081 58459 58722 58730 58731 58732 58733 58734 58735 58736
1521 0 0 18279 18292 18294 18295 18296 18297 18298 18299 18300 18301 18302
1522 2 2 13138 13153 16586 33915 34763 34768 34776 34778 34782 37899 37908 49091 56142 56157 56162 56163 56164 56165 56166 56167 56168
1523 3 3 32336 35045 45958 45971 45990 46003 46018 46019 46020 46021 46022 46023 46024 46025
1524 4 4 31022 31051 31065 31073 31075 31081 52914 52917 52925 52930 52937
1525 0 0 4249 4256 4258 4259 4260 4261 4262 4263 66862
1526 3 3 15172 16117 22145 22157 22894 22926 22932 22933 22934 22935 22936 22937 22938 22939
1527 0 0 1766 1770 4270 4279 4280 4281 4282 4283 4284 4285 66863
1528 3 3 58530 58550 58594 60868 60956 60971 61894 61903 61927 61928 61929 61930 61931 61932 61933 61934
1529 2 2 22405 37108 37136 37142 47772 53195 54875 62700 62706 62710 65291 65300 65311 65316 65319 65323 65324 65325 65326
1530 3 3 16531 17223 24878 32394 33193 45967 46310 46329 46330 46331 46332 46333
1531 2 2 59059 59067 59071 59079 59084 59107 59119 63243 63250 63251 63252 63253 63254 63255 63256 63257 63258 63259 63260 63261
1532 1 1 33513 42105 44547 44573 47681 47695 47718 47728 47729 47730 47731 47732 47733 47734 47735 47736 47737 47738 47739
1533 4 4 53021 53022 53023 53024 53025 53026 53027 53028 53029 53030 53031 53032
1534 0 0 191 192 193 194 195 196 197 198 199 66864 66865
1535 2 2 43280 43287 43297 43305 43313 43320 44038 46874 53806 53823 53824 53825 53826 53827 53828 53829 53830 53831 53832 53833 53834 53835 53836
1536 0 0 36168 42101 42102 42103 42104 42105 42106 42107 42108
1537 4 4 32680 43157 43234 43245 43248 43249 43250 43251 43252 43253 43254
1538 0 0 29698 29714 40914 40915 40916 40917 40918 40919 66866
1539 4 4 43365 43524 45016 53997 54022 63975 63994 63999 64004 64009
1540 0 0 10974 11025 12213 12214 12215 12216 12217 12218 12219 12220
1541 2 2 1088 4702 4709 9044 14582 14589 14593 14673 15040 29857 29876 29883 29894 29896 29897 29898 29899 29900 29901
1542 1 1 29786 35112 40483 46621 49840 49855 49869 49881 55298 56481 56495 56663 58042 58051 59030 60026 62275 62276 62277 62278 62279 62280 62281 62282 62283 62284 62285 62286 62287 62288
1543 0 0 576 578 579 580 581 582 583 584 585 66867
1544 2 2 33568 39348 39354 39371 49338 49357 49369 49378 55133 55134 55135 55136 55137 55138 55139 55140 55141 55142 55143 55144
1545 3 3 30731 41213 41814 41831 41835 43353 51820 51833 51864 51897 51908 52519 52532 52537 59946 59947 59956 59959 59965 59966
1546 3 3 29569 29581 29587 29593 29608 29611 29637 40715 40731 40749 40754 40768
1547 4 4 59512 59513 59514 59515 59516 59517 59518 59519 59520 59521 59522 59523 59524
1548 0 0 7608 10743 10761 10765 10766 10767 10768 10769 66868 66869
1549 2 2 26332 26339 26347 26355 32560 43124 52621 53673 57920 57945 57947 57956 57978 57988 57990 58007 60171 60179 60203 60204 60205 60206 60207 60208
1550 0 0 534 3055 3068 6301 6307 6308 6309 6310 6311
1551 0 0 17 2212 3173 4693 4694 4695 4696 4697 4698 4699 4700 4701 4702 4703 4704 66870
1552 2 2 15842 16472 17751 23712 23726 25041 25055 25110 26782 35263 35281 35295 35702 35773 36463 36467 36473 36477 36478 36479 36480 36481 36482
1553 3 3 59351 60857 60885 60893 60907 63453 63467 63475 63483 63484 63485 63486 63487 63488 63489 63490
1554 3 3 40474 56514 56556 56558 56559 56560 56561 56562 56563 56564 56565
1555 0 0 6620 9464 12277 12278 12279 12280 12281 66871
1556 0 0 15751 16599 23949 23958 23959 23960 23961 23962 23963 23964 23965 66872
1557 4 4 49682 49690 49694 49700 49714 50484 58788 58802 58803 58804 58805 58806 58807 58808 58809
1558 4 4 49052 49053 49054 49055 49056 49057 49058 49059 49060 49061 49062 49063
1559 4 4 64219 64223 64228 64235 65203 65221 65259 66069 66088 66091 66094 66095 66096 66097 66098 66099
1560 2 2 6828 6872 6910 6947 9454 9461 11315 11321 11322 11323 11324 11325 11326 11327 11328 11329 11330 11331
1561 3 3 5080 5081 5431 5432 5433 5434 5435 5436 5437 5438
1562 4 4 39356 50379 55141 55731 55734 55735 55736 55737 55738 55739 55740 55741 55742 55743 55744
1563 0 0 8198 8210 8221 14178 14199 14494 14499 14508 14518 14528 21705 21706 21707 21708 21709 21710 21711 21712 66873 66874
1564 0 0 24598 24599 24600 24601 24602 24603 24604 24605
1565 2 2 2735 9599 9613 9629 9698 9708 9740 16402 22314 23415 23526 23592 24344 33036 48556 48562 48569 48579 48580 48581
1566 3 3 35611 35673 35699 35739 35753 35777 42570 42579 42598 42599 42600 42601 42602
1567 3 3 45013 45029 45037 45067 45068 45069 45070 45071 45072 45073 45074 45075 45076
1568 4 4 25788 31477 31506 31508 31568 31583 31584 31585 31586 31587 31588 31589 31590 31591 31592
1569 0 0 52641 60327 60337 64492 64502 64510 64511 64518 64519 66875
1570 3 3 55254 55276 55289 58023 58043 59028 60010 60020 60022 60028 60035 60040 60041 60042
1571 2 2 15505 15514 15523 15534 15794 15796 15811 22755 23690 25037 25077 25078 25079 25080 25081 25082 25083 25084 25085
1572 3 3 34052 34116 34124 38280 49044 49680 49701 55584 58801 58807 58822 58837 58839 58844 58845 58846
1573 3 3 18685 25587 25605 25622 25814 35987 35993 35994 35995 35996 35997 35998
1574 4 4 27520 38210 38231 49198 49207 49214 49219 49220 49221 49222
1575 0 0 1777 13546 13556 14342 20104 20113 20119 20122 20123 20124 20125 20126 20127 66876
1576 0 0 12394 12399 12554 12569 15432 18175 18183 18225 18234 19547 19550 19551 19552 19553 19554 19555 66877
1577 2 2 10078 13116 16942 16950 19751 19782 19872 22336 24277 24278 24279 24280 24281 24282 24283 24284 24285 24286 24287 24288 24289 24290
1578 0 0 32462 32463 32464 32465 32466 32467 32468 32469 32470
1579 0 0 4302 5875 5890 5891 5892 5893 5894 5895 5896 5897
1580 4 4 21254 24127 44430 44450 44454 44455 44456 44457
1581 3 3 12670 12671 12672 12673 12674 12675 12676 12677 12678 12679 12680
1582 2 2 59514 59531 59553 59992 63800 63851 63871 63886 63949 64059 64071 64095 64099 64104 65855 65867 65871 65896 65900 65905 65906 65907 65908 65909
1583 3 3 44136 44148 44158 44874 54548 54549 54550 54551 54552 54553 54554 54555 54556 54557
1584 4 4 5742 5749 5761 5765 6913 9421 9430 9435 9447 9448 9449 9450
1585 3 3 18356 18369 18377 18387 18598 21595 35066 35067 35068 35069 35070 35071
1586 3 3 9388 16134 16186 16187 16188 16189 16190 16191 16192 16193 16194 16195
1587 0 0 14448 14449 14450 14451 14452 14453 14454 14455 14456 66878
1588 0 0 596 648 677 701 1382 1399 1404 1405 1406 1407 1408 1409 66879
1589 3 3 51218 59523 59547 59552 59997 60001 60016 60045 64194 64204 64206 66004 66019 66020 66021 66022 66023 66024
1590 4 4 14142 14156 14164 14165 14166 14167 14168 14169 14170
1591 1 1 6820 6902 8070 8077 8085 8103 8128 11531 11749 11756 11757 11758 11759 11760 11761 11762 11763 11764 11765 11766 11767 11768
1592 2 2 36448 36581 37343 42590 44084 47261 47272 47287 47310 47375 47614 56900 56977 56988 56995 57001 57002 57003 57004 57005 57006
1593 0 0 27484 48999 49062 49067 49079 49582 49589 49593 49594 49595 49596 49597 49598
1594 4 4 4738 6460 6633 6634 6635 6636 6637 6638 6639 6640 6641 6642 6643 6644
1595 3 3 28788 33467 33476 36281 36296 39175 39206 39213 39220 39225 39236 39240 39246 39247 39248 39249 39250
1596 2 2 30691 30692 30693 30694 30695 30696 30697 30698 30699 30700 30701
1597 0 0 18391 18392 18393 18394 18395 18396 18397 18398 18399
1598 3 3 13530 13535 13542 28070 28071 28072 28073 28074 28075 28076 28077 28078 28079 28080
1599 2 2 6695 6708 10487 10549 17294 17570 17578 24578 24846 42140 42145 42149 42151 42152 42153 42154 42155
1600 3 3 38168 38179 39434 43931 43951 43966 43967 43968 43969 43970 43971 43972 43973
1601 4 4 59967 64066 64076 65888 65920 65949 65951 65956 65964 66016 66030 66038 66045 66059 66063
1602 2 2 28080 28088 28097 28103 28108 34074 38739 38759 49684 49693 58790 58805 58810 58813 58814 58815 58816
1603 3 3 55698 55699 55700 55701 55702 55703 55704 55705 55706 55707 55708 55709
1604 0 0 244 2597 2603 3415 3416 3417 3418 3419 3420 3421 3422 3423 3424 3425 3426 66880
1605 0 0 12234 12235 12236 12237 12238 12239 12240 12241 12242 12243 12244 66881
1606 0 0 724 733 747 1511 1547 1551 3713 3725 3743 3747 3764 3765 3766 3767 3768 66882 66883
1607 0 0 7988 8312 13872 14275 20594 21225 21228 21229 21230 21231 21232 21233 21234 21235 21236 21237 66884
1608 3 3 22116 22122 32438 32444 32454 32455 32456 32457 32458 32459 32460 32461
1609 4 4 28141 37739 37753 37797 37837 39091 48807 48818 48832 48837 48838 48839 48840
1610 4 4 13176 13197 13213 13231 13235 13515 19880 27749 27752 27753 27754 27755
1611 0 0 7616 10771 12701 12927 12945 12956 12962 12963 12964 12965 66885 66886
1612 3 3 12203 16287 19293 19316 21971 21973 21984 26403 26406 26420 26421 26422 26423 26424 26425 26426 26427
1613 3 3 66224 66225 66226 66227 66228 66229 66230 66231 66232 66233 66234 66235
1614 3 3 8268 8276 14223 14231 14232 14233 14234 14235 14236 14237 14238
1615 3 3 2162 2187 4894 4920 5026 5038 5043 8810 8832 8837 8839 8844
1616 2 2 50040 50045 50060 50083 50100 50106 50132 50188 59057 59072 59080 59081 59082 59083 59084
1617 0 0 4680 11083 11084 11085 11086 11087 11088 11089 11090 11091 66887
1618 0 0 1985 1986 1987 1988 1989 1990 1991 1992 1993 1994 66888
1619 0 0 32818 32900 48164 48167 48168 48169 48170 48171 66889
1620 0 0 67 126 133 163 181 551 552 632 3178 3187 3188 3189 3190 3191 66890 66891
1621 0 0 13183 19792 23955 23980 23989 23993 23994 66892
1622 3 3 31778 31779 31780 31781 31782 31783 31784 31785 31786 31787
1623 4 4 47541 56086 57308 57325 57341 57348 57349 57350 57351
1624 0 0 1017 1986 2010 2032 2047 2048 2049 2050 2051 2052 2053 2054 2055 2056 2057 2058 2059 66893
1625 3 3 28678 50024 50034 50041 50044 50045 50046 50047 50048 50049 50050 50051 50052
1626 3 3 11781 16159 16220 16222 16236 16237 16238 16239 16240 16241 16242 16243 16244 16245
1627 3 3 39921 39929 55158 60158 60164 61847 61857 61878 61881 63128 63141 64341 64362 64365 64372 64373
1628 2 2 58528 58546 61930 61935 61947 63002 63042 64887 65337 65359 65361 65370 65379 65380 65381 65382 65383
1629 2 2 11661 11669 11710 16174 18794 18816 18924 18925 18926 18927 18928 18929 18930 18931 18932 18933 18934 18935 18936 18937
1630 3 3 11437 11447 11466 11479 11499 11501 11502 11503 11504 11505 11506 11507
1631 0 0 24697 24712 24734 32049 42798 42802 42816 42827 42847 42851 42855 42856
1632 0 0 21266 29687 29688 29689 29690 29691 29692 66894
1633 3 3 48475 56750 58113 58123 58138 58146 58147 58148 58149 58150 58151 58152
1634 0 0 2542 2558 2569 2580 7432 7457 7458 7459 7460 7461 66895
1635 3 3 17041 17052 29227 33564 39518 39519 39520 39521 39522 39523 39524 39525 39526 39527 39528 39529
1636 0 0 1763 4280 8669 8670 8671 66896 66897
1637 4 4 54392 54638 56981 56993 57017 57024 57025
1638 2 2 34209 48476 56748 56760 56780 58108 58119 58120 58121 58122 58123 58124 58125 58126 58127
1639 3 3 28109 28126 28236 38893 38899 49715 49716 49717 49718 49719 49720 49721
1640 3 3 982 1001 1012 1687 1698 1699 1700 1701 1702 1703 1704
1641 2 2 23532 23533 23534 23535 23536 23537 23538 23539 23540 23541 23542 23543 23544 23545
1642 0 0 29508 29518 29525 29526 29527 29528 29529 29530 66898
1643 4 4 27037 27043 27049 27052 27055 37360 37372 37373 37374 37375 37376 37377 37378
1644 4 4 56862 61258 62428 62460 62468 62483 62485 62642 62651 62655 64925 64954 64969 64988 64989 64990 64991 64992 64993 64994 64995
1645 0 0 1357 2795 2810 2854 3146 3147 3148 3149 3150 3151 3152 3153 3154 3155 3156 3157 3158 3159 66899
1646 0 0 2617 2642 2999 3010 3014 3096 6283 6292 10297 10365 10387 10389 10392 10393 10394 10395 66900
1647 3 3 35120 40508 46592 46600 46614 46620 62280 62289 62290 62291 62292
1648 2 2 14532 17029 17044 20584 24107 28595 28601 28605 28640 28643 28654 28659 28660 28661 28662 28663 28664 28665 28666
1649 2 2 22260 31448 31469 31480 31516 31520 31569 31587 31626 31634 42521 42527 42528 42529 42530 42531
1650 4 4 34725 34729 43933 43974 43975 43976 43977 43978 43979
1651 3 3 46118 46125 46138 46139 46140 46141 46142 46143 46144 46145 46146 46147 46148 46149
1652 2 2 138 333 1046 2359 2371 2377 2383 2384 2385 2386 2387 2388 2389 2390 2391
1653 4 4 63183 63184 63185 63186 63187 63188 63189 63190 63191
1654 4 4 63219 63225 63229 63234 63242 64091 65462 65473 65474 65475 65476 65477
1655 4 4 41151 51017 51025 51026 51027 51028 51029 51030
1656 2 2 10784 10794 10837 12788 12793 12819 12834 12992 13025 13041 13044 17598 17604 17617 17618 17619 17620 17621 17622 17623
1657 0 0 1354 2794 2804 2805 2806 2807 2808 2809 2810 2811 2812 2813 2814 2815 66901
1658 3 3 26973 26996 26997 27007 27008 27009 27010 27011 27012 27013 27014
1659 0 0 15472 17935 24178 24186 24242 24261 24265 24266 24267 24268 66902
1660 3 3 33280 45915 46289 46298 46299 46300 46301 46302 46303 46304 46305 46306 46307 46308 46309
1661 1 1 15103 15205 25862 25931 25947 30882 30929 31657 31707 31713 32249 33491 33494 33495 33496 33497 33498 33499 33500 33501 33502 33503 33504 33505 33506 33507 33508
1662 3 3 16608 27556 38470 38481 38494 44714 46241 49104 49401 49423 55132 56293 56325 56327 56328 56329 56330
1663 0 0 10419 10420 10421 10422 10423 10424 10425 10426 66903
1664 2 2 19264 19278 19372 19387 19398 19399 19400 19401 19402 19403 19404 19405 19406 19407 19408
1665 0 0 33986 33996 45409 55454 55472 55476 55483 55484
1666 4 4 1688 1700 1711 2018 2019 2020 2021 2022 2023 2024 2025
1667 0 0 7568 7621 12855 12941 19589 19608 27062 27076 27098 27103 27112 27117 27118
1668 0 0 27962 27963 27964 27965 27966 27967 27968 27969 27970 27971 27972 66904
1669 1 1 9871 14291 14304 14311 14326 14536 17039 23908 23909 23910 23911 23912 23913 23914 23915 23916 23917 23918 23919 23920
1670 0 0 20307 28239 38883 40088 40094 40095 40096 40097 40098 40099 40100 40101 40102 66905
1671 0 0 1881 4591 13885 13910 13912 13913 66906
1672 2 2 17221 24819 32359 32397 32410 32423 33195 46294 46314 46331 46353 46371 46399 46419 46423 46425 46426 46427 46428 46429 46430 46431
1673 0 0 15731 15732 15733 15734 15735 15736 15737 15738 15739 15740 15741 15742 15743 66907
1674 4 4 45642 45648 45655 51290 51295 51312 51313 51314 51315 51316 51317 51318 51319 51320 51321
1675 2 2 20270 27491 28026 28027 28028 28029 28030 28031 28032 28033 28034 28035 28036
1676 3 3 13180 13496 19738 19746 24449 24463 24468 24470 24471 24472 24473 24474
1677 3 3 1806 2297 2302 2322 2406 2463 2467 3506 4369 4385 4387 4388 4389 4390 4391 4392 4393 4394
1678 2 2 14044 14079 15214 15236 15269 19937 19988 20570 22908 22951 22956 25908 25919 25943 25950 25956 25957 25958 25959
1679 0 0 9241 22781 24659 24675 24681 24693 24694 24695 24696 24697 24698 24699 24700
1680 3 3 24902 34833 34935 35043 46026 46067 46340 46348 46360 46376 46391 46392 46393 46394 46395 46396
1681 4 4 52353 55248 55268 55275 55283 55284 55285 55286 55287 55288
1682 3 3 40438 40460 40859 40860 40861 40862 40863 40864 40865 40866 40867 40868
1683 2 2 29681 40872 46637 46638 46639 46640 46641 46642 46643 46644 46645 46646 46647
1684 0 0 30905 30925 36034 36048 36055 36056 36057 36058 36059 36060 36061
1685 3 3 40875 40904 46637 46656 46660 51121 56615 59675 59873 59883 59891 59895 59896 59897 59898 59899 59900
1686 0 0 3252 5230 5231 5232 5233 5234 5235 5236 5237 5238 5239 5240 66908
1687 3 3 1662 5521 7429 7474 7486 7506 7510 7511 7512 7513 7514 7515 7516 7517
1688 4 4 31512 31533 31535 31536 31537 31538 31539
1689 4 4 25074 25965 25976 26796 26808 26823 26824 26825 26826
1690 4 4 15480 16897 17909 17929 24226 24231 24238 24241 24242 24243 24244 24245 24246 24247
1691 4 4 36033 36034 36035 36036 36037 36038 36039 36040 36041 36042 36043 36044 36045 36046
1692 0 0 13651 13663 13680 13687 20442 20443 20444 20445 20446 20447 66909
1693 3 3 4125 4126 4127 4128 4129 4130 4131 4132 4133 4134 4135 4136 4137 4138
1694 2 2 6788 11454 11461 11483 11492 11496 17892 17895 25550 25566 25673 25674 25675 25676 25677 25678 25679 25680 25681
1695 2 2 10419 10437 10450 10456 10464 15119 15120 15121 15122 15123 15124 15125 15126
1696 0 0 38915 48742 48759 49818 49828 49831 49863 55911 62344 62353 62395 62413 62416 62418
1697 0 0 2725 2726 2727 2728 66910
1698 1 1 21546 24980 28367 28373 28382 28394 29349 29356 29450 29765 29784 35110 35111 35112 35113 35114 35115 35116 35117 35118 35119 35120 35121
1699 0 0 21111 29296 39061 39628 39819 39820 39821 39822 39823 39824 39825 39826 39827 39828 39829 39830 66911
1700 2 2 6595 7376 11124 11144 12416 19374 19391 19413 19415 19416 19417 19418 19419
1701 2 2 16944 16953 19783 24284 24506 27595 27605 33671 33685 33909 33948 37933 37949 37952 37953 37954 37955 37956 37957 37958 37959
1702 3 3 27442 31160 31181 31186 31187 31188 31189 31190 31191 31192 31193 31194
1703 3 3 22598 22612 24686 24728 31809 32162 32215 46446 46464 46471 46472 46476 46477
1704 0 0 9694 11242 11249 11262 18114 23411 25352 25369 33021 33041 33044 33066 33083 33091 46744 46747 46756 46785 46824 56695 65018 66231 66244 66250 66260 66265 66912
1705 0 0 5270 5279 6513 9144 9156 11004 11081 17728 17729 17730 17731 17732 17733 17734 66913
1706 4 4 14948 14949 14950 14951 14952 14953 14954 14955 14956 14957 14958 14959 14960
1707 1 1 4479 4524 4540 4548 4553 4561 4565 8172 13863 14280 14284 28486 28490 28510 28528 28532 28533 28534 28535 28536 28537 28538 28539 28540 28541 28542 28543 28544
1708 0 0 2014 2052 2061 4807 4808 4809 4810 4811 4812 4813 4814 4815
1709 2 2 6184 6273 6275 10323 10328 10402 17003 22834 22861 24302 24303 24304 24305 24306 24307
1710 3 3 49764 49773 49776 49803 58976 58982 58984 58985 58986 58987 58988 58989 58990 58991
1711 3 3 33655 37985 38014 38127 38151 38153 38154 38155 38156 38157 38158
1712 3 3 42 58 760 796 798 799 800 801 802 803 804 805 806
1713 4 4 26397 26398 26399 26400 26401 26402 26403 26404
1714 4 4 17688 17712 17713 17714 17715 17716 17717 17718 17719 17720 17721
1715 0 0 13950 13969 13979 13984 15258 16573 16576 16577 16578 16579 16580 16581 16582 66914
1716 0 0 31832 31842 31852 31853 31904 31912 31914 31915 31916 31917 31918 31919
1717 1 1 1033 1249 4266 4286 4295 5850 5861 7771 7780 9838 9851 9889 9891 9895 9907 9908 9909 9910 9911 9912 9913 9914 9915 9916 9917 9918 9919 9920
1718 0 0 41066 41116 41124 41130 41144 52124 52125 52126 52127 52128 52129
1719 4 4 8444 14703 14704 14705 14706 14707 14708 14709
1720 4 4 13709 23772 23783 23813 23826 33265 44254 44270 44288 44293 44298 44299 44300 44301
1721 1 1 55199 55212 55243 55353 55360 55377 55388 59465 59480 59645 59664 60172 60185 60191 60192 60193 60194 60195 60196 60197 60198 60199 60200 60201 60202
1722 0 0 1633 3570 3571 3572 3573 3574 3575 3576 3577 66915
1723 1 1 27013 31355 31361 36428 36511 36533 36917 42330 44101 44112 44153 44897 44918 44931 44953 44966 47464 47921 47932 47934 47943 47944 47945 47946 47947 47948 47949 47950 47951 47952 47953 47954 47955 47956 47957 47958 47959
1724 4 4 41185 41197 43344 43426 43437 43466 43476 43486 51774 51805 51818 51824 51825 51826 51827
1725 3 3 36117 36128 36145 36149 47416 47426 47440 47441 47442 47443 47444 47445 47446
1726 3 3 52869 52874 52903 56936 56955 57419 60653 60663 60671 60678 60680 60681
1727 0 0 40839 41760 41761 41762 41763 41764 41765 41766 41767
1728 0 0 4802 8676 9816 9855 9874 13388 13423 13429 13443 13462 13467 16612 16628 16633 16638 16639 66916
1729 3 3 13119 13140 13141 13142 13143 13144 13145 13146 13147
1730 2 2 13330 13410 15092 15175 16119 22144 22169 22176 23866 23882 23890 28504 33362 33363 33364 33365 33366 33367
1731 2 2 51832 51838 51863 51879 51885 51904 51915 52509 52517 52530 52532 52533 52534 52535
1732 0 0 8194 8201 8202 8203 8204 8205 8206 8207 66917
1733 3 3 45142 48083 48102 57810 57833 57847 57848 57849 57850 57851 57852 57853 57854
1734 0 0 12392 15388 17764 17769 17777 17778 17779 17780 17781 17782 66918
1735 2 2 4580 13897 13907 13922 14040 14050 14080 14094 14097 15225 15231 15232 15233 15234 15235 15236 15237 15238 15239 15240
1736 2 2 23297 23524 23671 25330 37151 44181 44182 44183 44184 44185 44186 44187 44188 44189 44190 44191
1737 2 2 4501 5485 6839 9213 11653 12028 12042 12048 12052 12053 12054 12055 12056 12057 12058 12059 12060 12061 12062 12063 12064 12065
1738 4 4 22809 24632 24636 24637 24638 24639 24640 24641 24642 24643
1739 4 4 16820 21816 21826 23095 23129 28128 28129 28130 28131 28132 28133 28134 28135
1740 3 3 23864 23868 23898 33359 33366 33368 33369 33370 33371 33372
1741 3 3 21553 21554 21555 21556 21557 21558 21559 21560 21561
1742 4 4 16772 16773 16774 16775 16776 16777 16778 16779 16780 16781 16782 16783 16784
1743 3 3 19723 19736 38053 38249 45870 49278 49290 49297 49305 49306 49307 49308 49309
1744 2 2 61885 61886 61887 61888 61889 61890 61891 61892 61893 61894 61895 61896 61897 61898 61899 61900
1745 0 0 6348 6676 10229 10230 10231 10232 10233 10234 10235
1746 4 4 37360 37361 37362 37363 37364 37365 37366 37367 37368 37369 37370 37371
1747 3 3 29222 29301 39528 39535 39549 39566 39577 39578 39579 39580 39581 39582 39583 39584 39585 39586 39587
1748 3 3 34931 46305 46315 46326 46334 46335 46336 46337 46338 46339 46340 46341 46342 46343 46344
1749 0 0 3184 6514 17728 17855 17862 17867 25134 25139 25140 25141 25142 25143 25144 66919
1750 3 3 10788 10836 12792 12818 17595 17596 17597 17598 17599 17600 17601 17602
1751 4 4 10264 10274 10278 17088 24535 24543 24551 24575 24586 24587 24588 24589 24590
1752 3 3 40409 41507 41508 41509 41510 41511 41512 41513 41514 41515
1753 0 0 10095 16850 16917 24207 24219 33850 33862 33865 33868
1754 0 0 29973 30072 30490 30799 40336 40340 40348 40349 40350 40351 40352 40353 40354 66920
1755 2 2 11431 11440 18842 18850 18891 25798 25810 25836 25840 25841 25842 25843 25844 25845
1756 0 0 1748 2147 2152 2169 2174 2175 2176 2177 2178 2179 2180 66921
1757 2 2 37681 49021 49022 49023 49024 49025 49026 49027 49028 49029 49030 49031 49032 49033 49034 49035 49036 49037 49038 49039
1758 0 0 5257 5275 5395 9134 9143 9151 9156 9157 9158 9159 9160 9161 9162 9163 66922
1759 0 0 16493 16568 20809 23849 28789 28873 28880 28908 33345 33468 33480 39173 39201 39211 39218 39227 39239 39240 39241 39242 66923
1760 0 0 36235 47301 47338 47346 47365 57212 57224 57228 57229 57230 57231
1761 2 2 10929 17635 18305 18334 18350 24914 24915 24916 24917 24918 24919 24920 24921 24922 24923
1762 2 2 12140 12146 19019 26321 36351 36373 36411 36421 36547 36568 36593 36597 36604 36605 36606 36607
1763 2 2 34866 34934 46319 46335 53130 53145 53152 53153 53154 53155 53156 53157
1764 2 2 17750 23703 23711 23712 23713 23714 23715 23716 23717 23718 23719 23720 23721 23722 23723
1765 0 0 16851 24208 24218 24263 33847 33851 33855 33861 33862 33863 66924
1766 4 4 34315 34327 34334 34345 37618 51266 55714 56038 65109 65132 65138 65141 65164
1767 0 0 10951 10952 10953 10954 10955 10956 66925
1768 2 2 36554 36582 36621 36651 42562 42589 42595 47263 47273 47305 47311 47362 47371 47372 47373 47374 47375 47376 47377 47378
1769 0 0 18 284 285 286 287 288 289 290 291 292 293 66926 66927
1770 3 3 38112 38119 44656 44667 49123 49124 49125 49126 49127 49128 49129 49130 49131
1771 2 2 50681 50693 50703 61751 61787 61793 61803 63774 63798 63865 63883 63890 63916 63917 63925 63930 63932 63933 63934 63935 63936 63937 63938 63939
1772 4 4 59875 59884 59896 59911 64212 64220 66075 66098 66104 66109 66116 66117 66118 66119
1773 2 2 1302 1309 1326 1329 2974 3020 3026 3038 3039 3040 3041 3042 3043 3044 3045 3046
1774 1 1 25991 26926 35373 36313 36328 36338 36375 36394 36395 36396 36397 36398 36399 36400 36401 36402 36403 36404 36405
1775 0 0 1031 1251 9887 9892 9895 9896 9897 9898 9899 66928
1776 0 0 25784 31504 31571 31590 35951 36005 36007 36008 36009 36010 36011
1777 3 3 59160 59168 59362 63364 63372 63387 63390 63391 63392 63393 63394 63395 63396 63397 63398
1778 2 2 20937 24025 39513 39833 39853 39858 39867 39870 39880 44770 44781 44789 44795 44796 44797 44798 44799 44800
1779 3 3 24414 43780 43798 43802 43811 43815 43822 43827 53480 53529 53536 53544 53550 53551
1780 0 0 12721 12768 12842 12917 12930 12942 37383 37540 37550 37594 37595 37597 66929
1781 2 2 33312 33330 33478 36294 39238 39247 39398 44426 63264 63289 63299 63305 63306 63307 63308 63309 63310 63311 63312 63313
1782 1 1 16058 17177 22893 22949 30935 30952 32236 33352 33441 33457 34630 34631 34632 34633 34634 34635 34636 34637 34638 34639 34640
1783 0 0 58117 58155 58162 61015 61018 61019 61020 61021 61022
1784 0 0 10109 10118 15463 15465 15474 16916 22354 24183 24184 24185 24186 24187 24188 24189 24190 24191 24192 66930
1785 0 0 1351 2837 2851 3141 6019 6064 6077 6078 6079 6080 6081 6082 6083 66931 66932
1786 0 0 7890 13559 20140 20237 20242 20249 27949 27968 27976 27990 27995 28000 28001 28002 28003 66933
1787 0 0 21835 30352 30361 30362 30363 30364 30365 30366 30367 66934
1788 2 2 5751 6873 6881 6908 6909 6910 6911 6912 6913 6914 6915 6916 6917 6918 6919 6920
1789 3 3 44896 44928 44940 44959 44968 47465 47959 53013 53571 53582 53588 53596 53601 53602 53603 53604
1790 0 0 18077 18079 18401 18416 18455 18456 18457 18458 18459 66935
1791 0 0 7454 7487 7488 7489 7490 7491 66936
1792 0 0 21267 29695 29704 29705 29706 29707 66937
1793 4 4 54929 54942 56980 56994 56997 57018 57019 57020 57021 57022 57023
1794 4 4 39782 39783 39784 39785 39786 39787 39788 39789 39790 39791 39792 39793
1795 3 3 48767 49645 49745 51584 51606 51614 51615 51616 51617 51618 51619 51620 51621
1796 2 2 63371 63395 63424 63613 63631 63643 63650 65572 65752 65776 65786 65790 65791
1797 0 0 2125 4219 4229 4240 4241 4242 4243 4244 66938
1798 3 3 21952 30551 30564 30590 30598 30629 30634 31384 36720 36750 36849 36870 36875 36880 36881 36882 36883 36884 36885
1799 0 0 24799 27585 34744 34746 34747 34748 34749 34750 34751 34752 34753 34754 34755 34756 34757 66939
1800 2 2 16273 19225 21923 21936 23014 26336 30701 30702 30717 30718 30719 30720 30721
1801 3 3 26241 26285 26292 26293 26294 26295 26296 26297 26298 26299 26300 26301 26302
1802 3 3 11646 11670 11712 12022 12062 16206 18934 18938 18939 18940 18941 18942 18943 18944 18945
1803 3 3 35311 35321 43611 43614 58167 58185 58189 58193 58194
1804 4 4 48403 57919 57936 57937 57938 57939 57940 57941 57942 57943 57944 57945
1805 2 2 58977 58983 58991 58998 59003 59012 59016 59017 59023 59025 63170 63188 63195 63198 63205 63209
1806 0 0 6605 11095 11099 11100 11101 11102 11103 11104 66940 66941
1807 3 3 52624 57946 60169 60170 60171 60172 60173 60174 60175 60176 60177 60178
1808 4 4 14914 14930 21045 30725 30737 30748 41194 41817 41829 41840 41843 41844
1809 1 1 18553 18562 18577 18593 25308 35403 35417 35430 35561 46579 46716 46717 46718 46719 46720 46721 46722 46723 46724
1810 0 0 1902 4512 4515 4516 4517 4518 4519 4520 4521 66942
1811 2 2 1614 3917 12019 12135 26246 26262 26290 26294 26305 26312 36324 36349 36357 36366 36367 36368 36369 36370 36371 36372 36373 36374
1812 2 2 28496 28533 39282 50015 50033 50038 50055 50133 50153 50166 50176 59056 59065 59068 59069 59070 59071
1813 2 2 8986 8993 15272 15315 15317 15324 15325 15326 15327 15328 15329 15330
1814 0 0 1144 1148 1149 1150 1151 66943 66944
1815 0 0 3404 3405 3406 3407 3408 3409 3410 66945
1816 0 0 2086 2100 4938 4953 4964 4982 4993 4994 4995 4996 4997 4998 4999 5000 66946
1817 2 2 11571 11576 11583 11591 11636 12119 12128 18747 18765 18768 18769 18770 18771 18772 18773 18774 18775 18776 18777 18778
1818 0 0 8635 9482 9486 9487 9488 9489 66947
1819 2 2 48394 54060 54076 54105 56591 56624 56635 56652 59488 59493 59494 59495 59496 59497 59498 59499 59500 59501
1820 3 3 39664 39936 39948 39968 39981 50449 50475 50499 50508 50510 50512
1821 1 1 2819 5266 5352 5359 5386 5987 6038 6061 6084 9135 9141 9167 10647 10687 11021 11489 15831 15863 15882 15902 17503 17725 17877 17890 17894 17899 17900 17901 17902 17903
1822 3 3 20843 21813 30322 38955 41322 41326 41336 41339 41340 41341 41342
1823 2 2 20916 33811 33819 33829 41169 45110 45127 48139 48147 48150 48155 50615 52269 57812 57830 57855 57856 57857
1824 3 3 12401 15437 15454 17814 17821 19551 19556 19557 19558 19559 19560 19561
1825 3 3 11276 11288 15375 18032 18480 18547 25442 25451 25456 25457 25458 25459 25460
1826 3 3 37886 51390 51474 56044 58256 58272 58282 58299 58305 58320 58329 58333 58336 58337 58338 58339 58340 58341 58342
1827 0 0 969 1250 5846 5854 5864 5873 7861 7880 9847 9880 9881 9882 9883 9884 66948
1828 4 4 42264 43825 52995 53003 53006 53007 53008 53009 53010 53011 53012
1829 2 2 1462 6917 6923 8089 8120 9386 11314 16133 16141 16142 16143 16144 16145 16146 16147 16148 16149
1830 3 3 37160 52966 52967 52968 52969 52970 52971 52972 52973
1831 3 3 6700 6711 10480 10535 10545 10546 10547 10548 10549 10550 10551 10552
1832 4 4 41394 41458 50850 50875 52241 52330 60107 60108 60109 60110 60111 60112 60113 60114
1833 0 0 21000 21001 21002 21003 21004 21005 21006 21007 21008 21009 66949
1834 4 4 22831 42661 42669 42675 42695 42700 42701 42702 42703 42704 42705 42706 42707 42708 42709 42710
1835 0 0 10895 10960 18342 18358 18372 18430 18471 18497 18511 18518 18524 18525 18526 18527 66950
1836 0 0 298 938 945 1114 1116 1117 1118 1119 1120 1121 66951
1837 0 0 46478 46479 46480 46481 46482 46483 46484
1838 4 4 33065 33075 33086 46787 46821 46983 56702 62506 65017 66233 66251 66257 66261 66265 66267 66268
1839 1 1 52663 52674 52707 52715 60302 60313 60320 60334 60344 60350 64452 64460 64505 64508 64514 64520 64523 64552 64560 64572 64576 64577 64578 64579
1840 0 0 12235 12245 12246 12247 12248 12249 66952 66953
1841 0 0 3175 4697 4714 4715 4716 4717 4718 4719 4720 4721 66954
1842 0 0 14814 14820 14824 14831 14832 14833 66955 66956
1843 3 3 64053 64057 64070 64077 65869 65876 65884 65905 65914 65938 65943 65946 65947 65948 65949
1844 0 0 33875 33895 43696 43713 43721 45269 45317 45325 45326 45327 45328 45329 45330 45331 45332
1845 3 3 23267 23326 23365 23514 23530 25331 25341 25342 25343 25344 25345 25346
1846 2 2 2316 3511 3531 4373 4380 8098 8113 13752 13759 13760 13761 13762 13763 13764
1847 0 0 13614 28172 28185 28188 28194 28195 28196 28197 28198
1848 1 1 11318 11334 11753 16145 16156 16172 16183 16213 16521 16522 16523 16524 16525 16526 16527 16528 16529
1849 2 2 53946 59093 59101 59146 59261 59290 59320 59321 59322 59323 59324 59325 59326 59327 59328
1850 0 0 24841 34724 43978 56271 56282 56307 58687 58701 58706 58707 58713 58718
1851 0 0 15703 25790 31453 31465 31471 31499 31501 42045 42052 42055 42056 42057 42058 42059 42060 66957
1852 3 3 458 459 460 461 462 463 464 465 466 467 468 469 470 471
1853 2 2 17568 17577 17587 17594 22550 22595 22596 22597 22598 22599 22600 22601 22602 22603 22604 22605 22606 22607 22608
1854 0 0 52266 52274 63961 63965 63966 63967 63968 63969 63970
1855 0 0 1412 1422 6758 6770 6778 6781 11415 11421 11457 11495 18650 25545 25563 25564 25565 25566 25567 25568 25569 25570 66958
1856 1 1 19915 27620 27643 27708 27724 28561 28566 28567 28568 28569 28570 28571 28572 28573 28574 28575 28576 28577 28578 28579 28580 28581
1857 4 4 19194 23016 32555 32564 32686 32687 32688 32689 32690 32691 32692 32693
1858 0 0 36748 41771 41785 52575 52580 52583 52603 52604 52613 52658 57985 60182 60297 60298 60299 60300 60301 60302 60303 60304 60305 66959
1859 3 3 14829 30236 32831 32847 32850 32851 32852 32853 32854 32855 32856 32857
1860 2 2 10311 10354 17311 22673 22685 22709 22826 32084 32094 32116 32130 32134 42657 42665 42666 42667 42668 42669 42670
1861 2 2 43582 43583 43584 43585 43586 43587 43588 43589 43590 43591 43592 43593 43594 43595 43596
1862 4 4 44996 53718 59634 59644 59653 60270 61961 61963 61981 62009 62034 62035
1863 4 4 20156 20188 20210 20214 20218 20219 20220 20221 20222 20223 20224
1864 4 4 46971 54291 54743 60524 60984 61209 61227 61235 61237 61238 61239 61240 61241
1865 0 0 5343 9185 12190 15611 15616 15619 19207 19223 21911 21912 21913 21914 21915 21916 21917 21918 21919 21920 66960
1866 3 3 22036 22037 22038 22039 22040 22041 22042 22043 22044 22045
1867 0 0 1027 1028 1029 1030 1031 1032 1033 1034 1035 66961
1868 0 0 32414 43905 43917 43923 56277 56302 58684 58696 58699 58712 58715 58716 58717
1869 2 2 30051 30062 30066 40360 41602 41680 50954 50969 50998 51004 51012 51080 51084 59717 59724 59726 59761 59771 59780 59784 59791 59814 59831 59857 59865 59869
1870 4 4 16555 22137 22160 44484 44510 44511 44514 44515 44516
1871 2 2 1611 7171 11946 12009 12020 12134 12144 19020 26263 26289 36320 36341 36346 36349 36350 36351 36352 36353 36354 36355
1872 0 0 5087 5443 6931 8848 9324 9329 9332 9333 9334 9335 9336 9337 9338 66962
1873 3 3 26077 26083 26092 35860 36491 36492 36493 36494 36495 36496 36497 36498 36499 36500 36501
1874 3 3 3754 3762 3775 3783 3784 3785 3786 3787 3788 3789 3790
1875 4 4 19351 19360 19367 37175 37183 37193 37198 37200 37283 37291 37295 37297 37298 37299 37300 37301
1876 2 2 50374 59238 59257 61792 62920 63556 63868 63882 63909 63914 63923 63924 63925 63926
1877 1 1 17060 24014 33552 37653 38333 38355 39320 39332 39344 39362 39369 49377 58082 58392 58406 58428 58455 58456 58457 58458 58459 58460 58461 58462
1878 4 4 12326 12338 19256 19510 19517 19518 19519 19520 19521 19522 19523 19524
1879 2 2 12462 12468 12475 12481 12486 12493 12498 12516 26701 26714 26719 26721 37285 37311 37312 37313 37314 37315 37316
1880 3 3 2300 2301 2302 2303 2304 2305 2306 2307 2308 2309 2310 2311 2312 2313 2314
1881 0 0 822 1620 1948 1969 1978 1979 1980 1981 1982 1983 1984 66963
1882 0 0 14274 14285 20825 21228 21251 23834 24118 24123 24124 24125 24126 24127 24128 24129 66964
1883 3 3 26894 26895 26896 26897 26898 26899 26900 26901 26902 26903 26904 26905
1884 0 0 11255 18102 18112 18113 18114 18115 18116 18117 18118 18119 66965
1885 3 3 35784 35785 35786 35787 35788 35789 35790 35791 35792
1886 4 4 42870 42890 42897 42923 45424 60704 60721 60722 60733 60740 60744 60745 60746
1887 0 0 20306 20307 20308 20309 20310 20311 20312 20313 20314 66966
1888 0 0 57631 57637 57642 63280 63719 63731 63733 63736 63741 63742 63743 63744
1889 4 4 18436 18447 18454 18468 18485 18487 18501 18520 18527 18529 18536 18537 18538
1890 0 0 2202 4902 4957 4986 5002 5135 5425 9305 9314 9315 9316 9317 66967
1891 0 0 29314 29546 29548 29549 29550 29551 29552 29553 29554 66968
1892 2 2 29463 29542 29555 29673 40154 40177 40184 40236 40243 40264 40478 41105 41716 48435 51021 51038 51164 51167 51173 51182 51183 51184 51185 51186 51187 51188 51189 51190
1893 0 0 19051 19084 19580 26889 26899 26919 26933 26950 26953
1894 2 2 33813 33820 43342 43473 45043 45109 48199 48209 48210 48211 48212 48213 48214 48215
1895 1 1 10139 13075 13095 13126 17069 19702 27139 27153 27408 27419 27441 31175 37800 40658 40664 40665 40666 40667 40668 40669 40670 40671 40672
1896 2 2 8863 9367 15107 15202 18977 25903 25918 25920 25921 25922 25923 25924 25925 25926 25927 25928
1897 0 0 16357 17486 23137 23144 23153 23164 23165 23166 23167 23168 23169 23170 23171 23172
1898 3 3 57919 57920 57921 57922 57923 57924 57925 57926 57927 57928 57929 57930 57931 57932 57933 57934 57935
1899 4 4 12040 19144 22444 22463 22474 31282 31296 31320 31329 31330 31331 31332 31333
1900 0 0 289 1090 4710 14579 14586 14587 14588 14589 14590 14591 66969
1901 4 4 39787 40058 40066 48387 50727 54048 54053 54103 56625 59486 59487 59488 59489 59490 59491 59492
1902 2 2 24808 27576 27586 34741 34746 34793 34806 34810 34811 34812 34813 34814 34815
1903 3 3 9791 9800 9801 9802 9803 9804 9805 9806 9807
1904 2 2 35891 46035 53093 53111 53118 56091 56118 57397 57400 60840 62206 62233 62238 62244 62246 62247
1905 4 4 14482 14490 14493 14498 21167 21182 21186 21187 21188
1906 4 4 25409 29590 29641 40494 40524 40529 40746 40750 40765 46890 46896 46899 46900 46901 46902 46903 46904
1907 0 0 13157 15751 15752 15753 15754 15755 15756 15757 66970
1908 2 2 1999 2756 2787 4217 4465 4491 4865 4872 4878 4879 4880 4881 4882 4883 4884 4885 4886 4887 4888
1909 0 0 728 732 742 746 747 748 749 750 751 66971 66972
1910 0 0 5802 5812 8187 13872 13873 13874 13875 13876 13877 13878 66973
1911 1 1 18550 18556 18563 18570 18575 18576 21574 25307 25438 25452 25456 25481 35409 35560 35567 46716 51151 51156 52737 52765 52772 52776
1912 4 4 46578 56347 62539 62570 62578 62596 62615 62619 62623 62632 62633 62634
1913 2 2 7163 7172 11836 11850 11949 19012 19022 19031 19060 19078 26026 26038 26044 26065 26923 26935 36317 36332 36336 36340 36341 36342 36343 36344
1914 3 3 1624 1975 3940 4130 4144 4147 4148 4149 4150 4151 4152 4153 4154
1915 4 4 30229 48243 48253 48260 48272 57882 57902 57905 57909 57910 57911
1916 4 4 35524 35537 46528 46534 46565 46927 46936 46944 56371 56373 56374 56375 56376 56377
1917 4 4 3630 3648 3649 3650 3651 3652 3653 3654 3655 3656
1918 2 2 10928 17651 18306 18318 18320 18327 18328 18329 18330 18331 18332 18333 18334 18335 18336 18337
1919 0 0 5939 24409 24410 33952 45454 45456 45463 45469 45470 45471 66974 66975
1920 2 2 15394 15441 15549 19473 23321 23334 23348 23642 23654 23655 23656 23657 23658 23659 23660 23661 23662 23663 23664 23665 23666
1921 0 0 25971 26797 26809 26824 26827 26828 26829 26830
1922 3 3 40976 41019 41567 41617 51698 51717 51726 51729 52456 52467 52477 52484 52488 52489 52490 52491 52492
1923 4 4 64791 64797 64805 64810 64816 66310 66314 66315 66325 66326 66327 66328 66329
1924 2 2 22370 22389 22797 22802 22814 23602 23613 32064 35819 42774 42793 42812 42832 42833 42834 42835 42836 42837 42838 42839
1925 0 0 29330 29458 41052 41063 41076 41078 41092 41093 41099 41120 41131 41363 41366 66976
1926 0 0 9654 23409 23472 23477 23483 23486 23495 23496 23497 23498 23499 66977
1927 2 2 9858 9908 9948 9969 9980 16619 16659 16676 16690 16757 16764 28940 28952 28965 28995 29000 38095 50286 50294 50305 50309 50310 50311 50312 50313
1928 2 2 22111 23151 23190 24580 24849 24863 31525 31540 31556 34947 34952 46034 46052 46061 46071
1929 0 0 1119 7633 7652 17024 17925 17931 17938 17939 17940 17941 17942 17943 17944 66978 66979
1930 3 3 21686 21698 40049 40050 40051 40052 40053 40054
1931 3 3 1345 3104 9258 10339 10345 15936 15951 15957 22686 22839 22846 22847 22848 22849
1932 4 4 56740 56741 56742 56743 56744 56745 56746 56747 56748 56749 56750 56751 56752 56753
1933 2 2 36159 36310 44615 47726 57622 63277 63284 63291 63296 63302 63713 63715 63716 63717 63718 63719 63720 63721
1934 4 4 20739 20757 21214 21223 26480 26489 36733 36929 36955 36957 36963 36991
1935 4 4 57699 57747 57754 62722 62743 62753 62754 62755 62756 62757 62758 62759
1936 3 3 87 118 435 1230 1262 1280 2651 2657 2666 2835 2866 2894 2909 2912 2919 2920 2921
1937 1 1 1906 4516 4533 4542 4563 9822 28516 28536 28549 28554 28972 28979 39300 50138 50164 50175 50183 50185 50186 50187
1938 0 0 811 812 813 814 815 816 817 818 819 820 821 822 66980
1939 2 2 43659 45323 45343 45358 45368 45493 45497 45498 45499 45500 45501 45502 45503 45504 45505
1940 0 0 639 645 1410 1422 1423 1424 1425 1426 1427 1428 1429 1430 1431 66981
1941 0 0 57107 57146 57163 57170 57171 57172 57173 57174
1942 3 3 32858 32859 32860 32861 32862 32863 32864 32865 32866 32867 32868 32869 32870 32871 32872 32873
1943 0 0 5646 5651 5663 9618 9638 9639 9640 9641 9642 66982
1944 4 4 45799 46546 46551 46552 46553 46554 46555 46556 46557 46558 46559
1945 2 2 23747 33214 33240 44176 47755 48042 48047 53758 54268 54715 54864 56805 56831 60420 60449 60468 60469 60470 60471 60472 60473 60474 60475
1946 4 4 5543 23223 32266 32281 32287 32288 32289 32290 32291 32292 32293 32294 32295
1947 4 4 11691 11715 11990 11998 12003 12023 18935 18943 18946 18947 18948 18949 18950 18951
1948 2 2 17710 17713 27211 27239 27264 27289 28409 28437 28439 28450 28456 28457 28458 28459 28460 28461
1949 2 2 20313 28110 28244 38884 38894 38897 38898 38899 38900 38901 38902
1950 3 3 40116 40138 41087 48427 50947 51935 52315 52320 52344 59677 64162 64286 66143 66151 66163 66168 66169 66171
1951 2 2 60460 61168 61357 61378 61384 63023 63030 64590 64609 64615 64619 64620 64621 64622 64623 64624 64625
1952 0 0 3837 3839 3840 3841 3842 3843 3844 3845 3846 66983
1953 2 2 3428 6847 11607 11633 11704 15699 18753 18792 18798 18806 18807 18808 18809 18810 18811 18812
1954 1 1 35889 35904 47588 57245 57380 57402 57407 57413 57471 60775 60793 60803 60811 60820 60821 60822 60823 60824
1955 0 0 19806 19823 19834 19836 19859 19864 24775 27865 27870 27871 27872 27873 27874 27875 27876 27877 27878 66984
1956 0 0 4326 7676 19624 27402 37736 37853 38668 38677 38682 38685 38695 66985
1957 0 0 8002 8011 9776 13772 13781 13785 13786 13787 13788 66986
1958 0 0 1746 1751 2149 2155 2170 2175 2181 2182 66987 66988
1959 3 3 52289 52307 52334 55272 59980 59981 59982 59983 59984 59985 59986 59987 59988 59989
1960 2 2 24144 40889 41484 41489 41556 41968 41992 42002 42006 52392 53739 53897 53908 53911 53917 53922 53934 53935 53936 53937 53938 53939
1961 2 2 37661 37680 49026 52253 55778 58213 58237 58239 58248 58252 60102 60124 60148 64125 64389 64407 64415 64418 64428 64430 64431 64432
1962 3 3 35171 35244 35265 35288 35600 35679 47042 47056 47062 47066 47085 47090 47091 47092 47093 47094 47095
1963 3 3 24731 24740 31803 32038 32039 32040 32041 32042 32043 32044 32045 32046
1964 3 3 2026 2027 2028 2029 2030 2031 2032 2033 2034 2035 2036
1965 0 0 9621 9624 9643 23367 23375 23416 23493 23500 23507 23511 23525 23526 23527 23528 23529 23530 23531 66989
1966 2 2 36786 36796 42510 44325 47987 48010 48024 48337 53052 53060 53072 53078 53083 53088 62793 62810 62818 62819 62820 62821 62822 62823 62824
1967 2 2 11677 11695 11711 11722 11731 11934 12106 12148 12153 18936 19017 19092 19093 19094 19095 19096 19097 19098 19099 19100
1968 0 0 10516 19821 24599 27866 27871 34500 34504 34505 34506 34507 34508 34509 34510 34511 34512 34513 34514 66990
1969 0 0 14506 20741 20755 21173 21204 21207 21209 21210 21211 21212 21213 21214 66991
1970 0 0 811 3857 3901 3919 3920 3921 3922 3923 3924 3925 3926 3927 66992
1971 4 4 31652 35885 35886 35887 35888 35889 35890 35891 35892 35893 35894
1972 0 0 29692 29693 30677 40803 40819 40824 40852 40907 41757 43404 43411 43412 43413 43414 43415 43416 66993
1973 2 2 5549 5574 5610 9525 9541 9555 9557 9558 9559 9560 9561 9562 9563 9564 9565 9566 9567 9568 9569
1974 4 4 40452 40884 41482 41494 41503 41539 42003 42011 42012 42013 42014 42015
1975 3 3 4199 4206 7527 7575 7590 7592 7593 7594 7595
1976 3 3 29210 29243 39805 44748 44755 44761 44762 44763 44764 44765 44766 44767 44768 44769
1977 3 3 24742 24758 24768 24782 24783 24784 24785 24786 24787 24788
1978 0 0 14448 21778 21785 21790 21791 21792 21793 21794 66994
1979 3 3 12778 12797 12835 12920 12931 12979 12991 12998 17618 27039 37364 37379 37386 37538 37547 37576 37593 37596 37597
1980 0 0 18063 18064 18065 18066 18067 18068 18069 66995
1981 0 0 28288 28297 28311 37779 37786 37841 38792 38795 38796 38797 38798 38799 38800 66996
1982 3 3 11411 11907 17834 25715 35570 35571 35572 35573 35574 35575 35576 35577 35578
1983 0 0 7954 20397 20411 28178 28204 28207 28214 28216 66997 66998
1984 0 0 7615 10840 10943 10947 12719 12732 12737 12745 12757 12763 12812 17626 17647 17649 17656 17657 17658 17659 66999
1985 2 2 35565 35569 46587 46721 51139 51142 51143 51144 51145 51146 51147 51148 51149 51150 51151 51152 51153 51154 51155
1986 0 0 30075 30491 30805 40334 40341 40348 41650 41658 50953 51046 51058 51062 51066 51067 51068 67000
1987 4 4 1263 1325 1328 1329 1330 1331 1332 1333 1334
1988 0 0 8362 8363 8364 8365 8366 8367 8368 67001
1989 2 2 21310 21314 21410 21440 21474 21487 21516 21517 21521 21522 21523 21524 21525 21526
1990 0 0 11149 12425 12548 12561 12574 12575 12576 12577 12578 12579 12580 12581 12582 12583 12584 67002
1991 3 3 13894 13920 13989 14006 14027 14045 14046 14047 14048 14049 14050 14051
1992 2 2 24431 24754 33953 33964 33980 33981 33982 33983 33984 33985 33986 33987 33988 33989
1993 0 0 44137 54554 54579 54598 54602 54603 54604 54605 54606 54607 54608 54609
1994 0 0 7892 7897 7898 7899 7900 7901 7902 67003
1995 2 2 22638 31936 33165 42679 42715 42978 42987 53243 53342 53351 53358 53366 53388 53389 53390 53391 53392
1996 4 4 47295 47296 47297 47298 47299 47300 47301 47302 47303 47304 47305 47306
1997 3 3 20002 20015 20016 20017 20018 20019 20020 20021 20022 20023 20024 20025
1998 0 0 14350 14429 16779 39469 39489 39497 50386 50402 50407 50410 50411 50412 50413 50414 50415 67004
1999 3 3 33617 33634 33635 33636 33637 33638 33639 33640 33641 33642 33643
2000 0 0 7667 7668 7669 7670 7671 7672 7673 7674 7675 7676 7677 7678 7679 7680 7681 7682 7683 7684 67005
2001 3 3 2284 2349 2360 2380 2426 2433 2472 5284 5298 5304 5307 5308 5309 5310 5311 5312
2002 4 4 23305 23343 23346 23360 23377 23457 23475 23494 23506 23512 23517
2003 0 0 21874 21875 21876 21877 21878 21879 21880 21881 67006 67007
2004 4 4 6713 16365 16380 18628 24582 31035 31086 31092 31093 31094 31095 31096
2005 3 3 31754 31766 42783 53144 53158 53159 53160 53161
2006 2 2 17586 22599 24542 24592 24845 32167 32185 32214 42147 42826 42863 46474 46476 47642 60785 60805 60814 60818 60833 60837 60845
2007 0 0 35728 35735 35738 47167 47192 47211 47213 47214 47215 47216 47217
2008 4 4 54428 54429 54430 54431 54432 54433 54434 54435 54436 54437
2009 3 3 49727 49954 55635 55656 55659 55660 55661 55662 55663 55664 55665 55666 55667 55668 55669
2010 3 3 31717 31718 31719 31720 31721 31722 31723 31724 31725 31726 31727 31728 31729 31730
2011 2 2 33608 33616 33653 33661 34683 34684 34685 34686 34687 34688 34689 34690 34691 34692 34693 34694 34695
2012 2 2 33246 53575 53755 58588 60852 60862 60863 60864 60865 60866 60867 60868 60869 60870 60871 60872 60873 60874 60875 60876 60877
2013 3 3 2692 5115 5560 5575 5577 9566 9570 9577 9580 9581 9582 9583 9584 9585 9586 9587
2014 4 4 17912 17916 17917 17918 17919 17920
2015 3 3 21129 21159 29054 29066 29085 29087 29093 29094 29095 29096 29097 29098 29099 29100
2016 0 0 15772 22671 22691 22692 22693 22694 22695 22696
2017 3 3 53672 57954 60170 60205 60214 63526 64438 64439 64440 64441 64442 64443 64444 64445 64446 64447 64448
2018 0 0 5490 5501 20664 26467 28714 28736 28748 28755 28757 28758 28759 28760 28761 67008
2019 2 2 25556 25680 25684 25816 25833 32192 32224 35668 35791 35809 35812 35815 35816 35817
2020 0 0 40073 43392 43519 54062 63988 63991 64032 64043
2021 0 0 13110 13181 13251 19753 19775 19789 19795 19796 19797 19798 19799 19800 19801 19802 67009
2022 2 2 13065 13082 13086 13103 19696 37817 37822 38630 38631 38632 38633 38634 38635 38636
2023 0 0 5103 10421 10447 10455 15119 15703 15704 15705 15706 15707 15708 15709 15710 15711 15712 15713 15714 67010
2024 0 0 18272 18273 18274 18275 18276 18277 18278 18279 18280 18281
2025 2 2 31869 31874 37120 37150 37151 37152 37153 37154 37155 37156 37157 37158 37159 37160 37161 37162
2026 4 4 16623 16699 20069 20072 20073 20074 20075 20076
2027 2 2 34053 34118 34122 38262 38275 38290 49040 49041 49042 49043 49044 49045 49046 49047 49048 49049 49050 49051
2028 2 2 24936 24960 35105 35564 35568 51108 51125 51149 51160 51755 56408 56415 56434 56435 56436 56437 56438 56439 56440 56441 56442 56443
2029 2 2 20009 20018 22200 23859 27903 27913 27914 27915 27916 27917 27918 27919 27920 27921
2030 3 3 59586 59594 59601 61818 62028 63769 63823 63824 63825 63826 63827 63828 63829 63830
2031 3 3 20976 29278 36772 36779 36780 36781 36782 36783 36784 36785 36786 36787
2032 0 0 21252 23835 24119 24123 44433 44444 44449 44456 44466 44467 44468 44469 44470 67011
2033 0 0 9063 9078 9094 9107 9652 11191 15402 15427 23332 23344 23430 23451 23466 23471 23472 23473 23474 67012
2034 2 2 18243 23419 23448 23465 33005 33006 33007 33008 33009 33010 33011 33012 33013 33014 33015 33016 33017 33018 33019 33020
2035 4 4 48805 48806 48807 48808 48809 48810 48811 48812 48813 48814 48815
2036 0 0 1371 1649 2220 2228 5178 5186 5194 5198 5199 5200 5201 5202 5203 5204 67013
2037 4 4 19323 26545 26557 26561 26562 26563 26564 26565 26566 26567 26568
2038 0 0 3859 4133 4159 4162 4165 7270 7273 7274 7275 7276 67014
2039 3 3 11783 18995 25893 28769 28800 28805 28806 28807 28808 28809 28810 28811
2040 2 2 59931 59938 61304 61309 64819 64832 64848 65239 65260 66130 66134 66349 66350 66351 66352 66353 66354
2041 0 0 8621 8628 14602 21372 29980 30000 30001 30002 30003 67015
2042 0 0 1335 2956 2961 2988 3088 5995 6004 6005 6006 6007 6008 6009 6010 6011 6012 6013 6014 6015 6016 67016
2043 2 2 42922 42930 42938 42942 43834 43852 45411 45426 45436 54159 54205 54217 54231 55490 60699 60715 60716 60717 60718 60719 60720 60721
2044 3 3 3426 3479 6827 9443 11570 11572 11573 11574 11575 11576
2045 4 4 22506 22512 22519 22524 22532 22535 22540 22544 31391 31405 31406 31407
2046 2 2 61346 61351 64872 64883 64891 64894 64896 64910 64911 64912 64913 64914 64915 64916 64917 64918
2047 0 0 10502 10507 17417 17422 17423 67017
2048 2 2 13249 19754 19768 19787 19802 19867 19895 23992 27604 38032 38042 38061 38062 38063 38064 38065 38066 38067
2049 2 2 1613 1946 1976 1980 3918 4150 6834 8605 9201 11984 11999 12007 12012 12015 12033 15638 22456 22467 26233 26248 26257 26262 26263 26264 26265
2050 3 3 22318 23393 23400 23401 23402 23403 23404 23405 23406 23407 23408
2051 4 4 51632 51633 51634 51635 51636 51637 51638 51639 51640 51641 51642 51643 51644 51645
2052 3 3 46435 46436 46437 46438 46439 46440 46441 46442 46443 46444 46445 46446
2053 0 0 21837 25271 30365 30378 30782 30784 30809 30818 30819 30820 30821 67018
2054 3 3 54283 54294 54717 56830 60496 60525 60537 61205 61216 61218 61222 61223 61224 61225 61226 61227 61228
2055 0 0 15007 22485 31314 31324 36842 42270 42280 42289 42297 42298 42299 42300
2056 2 2 58535 58545 58585 58586 58587 58588 58589 58590 58591 58592 58593 58594 58595 58596 58597
2057 0 0 9192 9199 9412 15618 16276 19215 19227 21913 21921 21922 21923 21924 21925 21926 21927 67019
2058 3 3 37647 38162 38344 38358 38361 38362 38363 38364 38365 38366 38367 38368 38369 38370 38371 38372
2059 2 2 45320 45495 45503 45508 45767 55400 55409 55416 55425 55432 55433 55434 55435 55436
2060 0 0 26395 26976 26982 27020 27021 27022 27023 27024 27025
2061 0 0 5111 5125 5131 5427 8927 9315 9318 9319 9320 9321 9322 9323 9324 9325 9326 67020
2062 0 0 25594 25742 35726 47172 47190 47212 47215 47229 47230
2063 2 2 30187 30191 30196 35108 51106 56378 56394 56405 56407 56408 56409 56410 56411 56412 56413 56414
2064 4 4 38789 40637 51545 51556 51561 51569 51643 51666 51683 51691 51694
2065 0 0 689 1578 11581 11584 11611 11617 11627 18750 18769 18781 18795 18796 67021
2066 3 3 55496 55502 55509 55513 55519 55524 55531 55540 55549 56156 56183 56190 56197 56211 56215
2067 2 2 8298 8575 14125 14962 14975 20674 20693 20706 20707 20708 20709 20710 20711 20712 20713 20714 20715
2068 0 0 14385 14859 21003 21012 21028 21034 21035 21068 21074 21082 21083 21084 21085 21086 67022
2069 3 3 27802 38285 38312 38329 39974 49253 49681 49685 49695 49696 49697 49698 49699 49700
2070 0 0 8353 8485 14637 14641 14644 14645 14646 14647 14648 14649 67023
2071 2 2 29007 39312 44212 44228 50519 50548 50564 50565 59221 62885 62888 63404 63415 63422 63428 63436 63609 63629 63641 63645 63646 63647 63648 63649 63650 63651
2072 4 4 32799 32802 35441 46880 56710 56836 56837 56838 56839 56840 56841 56842 56843
2073 0 0 8295 14183 14184 14185 14186 14187 14188 14189 14190 14191 67024
2074 4 4 4183 7123 7154 11826 11827 11828 11829 11830 11831 11832 11833 11834 11835
2075 3 3 9131 9146 9152 9162 17724 17880 17889 17902 25009 25644 25655 25658 25659 25660
2076 0 0 24051 24076 24081 24090 29218 39465 39483 39487 39492 39493 39494 39495 39496
2077 2 2 32977 34205 43594 43629 43646 43657 43664 45341 45359 45366 45501 52974 52988 52989 52990 52991 52992 52993 52994
2078 4 4 15846 16470 22379 22386 22391 22392 22393 22394 22395 22396 22397 22398 22399
2079 4 4 22813 23606 24633 24640 32065 33112 33125 33132 33136 33137 33138
2080 4 4 32023 42969 43009 52963 53308 53309 53310 53311 53312 53313 53314 53315
2081 3 3 20430 27952 27959 28157 34139 38615 38622 38623 38624 38625 38626 38627 38628 38629
2082 0 0 8163 8233 8234 8235 8236 8237 8238 8239 8240 8241 8242 8243 8244 67025
2083 3 3 64242 64248 64258 64263 64268 64269 64303 64306 64307 64308 64309 64310
2084 4 4 4310 7699 7756 7758 7759 7760 7761 7762 7763 7764
2085 4 4 54255 54260 54267 56218 64778 64802 64806 66282 66318 66327 66331 66337 66338 66339 66340
2086 4 4 1526 2544 2554 2555 2556 2557 2558 2559 2560 2561 2562
2087 0 0 96 471 486 511 516 517 518 519 520 521 522 523 524 525 526 527 528 529 67026
2088 2 2 33531 33532 33533 33534 33535 33536 33537 33538 33539 33540 33541
2089 0 0 21756 21764 30289 30301 30306 41348 41378 51997 52005 52006 52007 52008 52009 52010 52011 67027
2090 0 0 17440 17452 17457 17468 17475 17490 18645 25497 25505 25515 25539 25540 67028
2091 2 2 43591 43602 43628 43640 43649 43655 43688 45313 45319 45333 45356 45357 45358 45359 45360 45361
2092 0 0 20581 50391 50401 50413 50425 50427 67029
2093 0 0 20371 20372 20373 20374 20375 20376 20377 20378 20379 67030
2094 3 3 20786 36987 42461 42468 42477 42485 42515 42516 42517 42518 42519
2095 0 0 9881 9886 9898 9903 9921 16708 16719 16737 16742 16750 67031
2096 3 3 10474 23134 23150 24865 24883 24908 32344 34967 34996 35015 35017 35018 35019 35020
2097 0 0 10124 12694 12899 12914 24199 24523 27082 27091 27102 27344 34427 34446 34449 34450 34451 34452 67032
2098 0 0 9664 9674 9687 10048 16410 16427 23535 23558 23559 23560 23561 23562 67033
2099 4 4 44159 44873 44874 44875 44876 44877 44878 44879 44880 44881 44882 44883
2100 0 0 5918 10026 22321 24203 24215 24228 24262 42194 42213 42221 42240 42243 42244 42245 42246 67034
2101 3 3 18075 18082 18397 18405 18426 18456 18460 18461 18462 18463 18464 18465 18466 18467
2102 0 0 46009 47525 53100 53107 53116 53120 53121 53122
2103 2 2 27799 29267 33578 33592 38325 38770 38779 39539 39585 39607 39615 39616 39663 50448 50494 50497 50506 50507 50509 50510 50511
2104 2 2 30274 41467 45131 50686 50689 50700 52077 52267 52275 63935 63940 63957 63962 63968 64018 64025 64028 64039 64048 65852 65860 65880 65882 65887 65892 65893 65894
2105 4 4 39656 39949 49710 50440 50464 50469 50473 50474 50475 50476 50477 50478
2106 3 3 2484 5446 5447 5448 5449 5450 5451 5452 5453 5454
2107 4 4 7357 7358 7359 7360 7361 7362 7363 7364 7365 7366 7367 7368
2108 0 0 48801 49317 49318 49319 49320 49321 49322 49323
2109 2 2 24812 24903 34875 34921 34941 46295 46361 46379 46392 46397 46398 46399 46400 46401 46402 46403 46404
2110 3 3 49506 49522 49529 49547 49564 49604 58310 58334 58354 58356 58357 58358 58359
2111 0 0 5624 5643 5650 5652 5653 5654 5655 5656 5657 5658 5659 5660 5661 5662 5663 67035
2112 4 4 10484 10672 17288 17292 17324 17574 17584 17588 17589 17590 17591 17592 17593 17594
2113 4 4 21730 41182 41201 41811 41833 41847 51770 51798 51814 51815 51816 51817 51818
2114 3 3 16538 24872 27831 34534 38444 45925 45939 45940 45941 45942 45943 45944 45945
2115 3 3 20815 28874 28877 28888 28908 28909 28910 28911 28912 28913 28914 28915 28916
2116 0 0 7365 12292 19533 23063 23070 23073 23077 23078 23079 23080 23081 23082 67036
2117 4 4 15728 16030 16048 16070 22266 22299 30985 30997 31001 31013 31014 31015 31016
2118 3 3 30090 40218 40244 40273 40276 40277 40297 40298 40299 40300
2119 4 4 25783 31502 36001 36008 36026 36030 42044 42048 42049 42050 42051 42052 42053 42054
2120 3 3 19689 19698 19719 27374 37801 37818 37826 38729 48865 49553 49570 49577 49578 49579
2121 4 4 13185 19774 19788 19789 19790 19791 19792 19793 19794
2122 3 3 26393 36901 53612 55170 57660 57930 57960 57968 57979 57992 57993 57994 57995 57996 57997
2123 2 2 24456 27806 38258 38283 38295 38304 38305 38306 38307 38308 38309 38310 38311 38312 38313
2124 2 2 27686 27699 27706 27731 27898 28576 28585 28959 38109 39404 49108 49118 49119 49120 49121 49122
2125 3 3 27590 37975 37978 38188 38195 38214 38224 38234 38235 38236 38237 38238 38239
2126 2 2 39164 39165 39166 39167 39168 39169 39170 39171 39172 39173 39174 39175 39176 39177 39178 39179 39180
2127 0 0 970 1104 1723 1743 2211 67037 67038 67039
2128 3 3 3580 3603 3613 3614 3615 3616 3617 3618 3619 3620 3621 3622 3623 3624 3625 3626
2129 0 0 20455 20461 28321 28332 28348 28349 28350 67040
2130 3 3 15945 15959 22689 22824 22841 22844 22848 32115 42657 42658 42659 42660 42661 42662 42663 42664
2131 4 4 23028 23036 23052 32587 32618 32638 32646 43159 43167 43186 43187 43188 43189
2132 3 3 35349 35350 35351 35352 35353 35354 35355 35356 35357 35358
2133 4 4 32982 32987 42249 56779 58121 58149 60565 60592 60593 60594 60595 60596 60597 60598
2134 0 0 963 968 2790 5842 5845 5846 5847 5848 5849 5850 5851 67041 67042
2135 4 4 35423 46726 46740 53956 53959 53960 53961 53962 53963 53964
2136 0 0 3237 6544 17856 17860 17861 17862 17863 17864 17865
2137 0 0 15511 25081 25086 25128 35187 35213 35222 35250 35251 35252 35253
2138 3 3 49720 49946 49965 50934 58849 58862 58864 58865 58866 58867
2139 3 3 22408 31861 31862 31863 31864 31865 31866 31867 31868 31869 31870 31871
2140 4 4 1397 1402 2751 3465 6810 6816 6817 6818 6819 6820 6821 6822
2141 3 3 38528 38529 38530 38531 38532 38533 38534 38535 38536 38537 38538 38539 38540
2142 3 3 10709 10715 10716 10717 10718 10719 10720 10721 10722 10723
2143 1 1 4658 6364 14549 17679 18254 18263 18269 25421 28365 28378 28379 28380 28381 28382 28383 28384 28385 28386 28387 28388 28389 28390
2144 0 0 141 1798 1799 1800 1801 1802 1803 1804 1805 1806 1807 1808 1809 67043
2145 4 4 21274 30200 30544 41062 41112 41119 41120 41121 41122 41123 41124 41125 41126 41127
2146 2 2 35739 35740 35741 35742 35743 35744 35745 35746 35747 35748 35749 35750 35751 35752
2147 0 0 6806 6887 11517 11527 18694 18920 67044
2148 2 2 31881 37155 42555 47771 52967 53171 53185 53186 53187 53188 53189 53190 53191 53192 53193 53194 53195 53196 53197 53198 53199
2149 4 4 35344 44192 44193 44194 44195 44196 44197 44198 44199 44200 44201 44202 44203 44204 44205 44206 44207
2150 4 4 15786 22703 22707 31788 32078 32097 32098 32099 32100 32101 32102 32103 32104 32105
2151 3 3 17813 17818 17823 17826 19467 19560 25107 25119 25122 25123 25124 25125 25126
2152 2 2 36375 36376 36377 36378 36379 36380 36381 36382 36383 36384 36385 36386 36387 36388 36389 36390 36391 36392 36393
2153 2 2 4888 8133 13337 13407 13867 14033 14052 14061 14062 14074 16115 20010 20028 20052 20563 20568 23887 23894 28479 28499 28504 28505 28506 28507
2154 2 2 21997 22045 22068 25269 29916 30362 30379 30382 30769 30785 30810 30819 30822 40959 40973 41028 41038 41563 41570 41571 41572 41573 41574
2155 0 0 42690 42699 42710 42723 42743 42746 42757 60708 60734 60735 60741 60757 60758 60759
2156 4 4 29442 40290 51178 56498 62309 62322 66068 66083 66090 66092 66093 66094
2157 0 0 10287 17093 17103 17105 17106 17107 17108 17109 17110
2158 0 0 14690 21282 21299 21301 21302 21303 21304 21305 21306 21307 21308 21309 21310 21311 67045
2159 4 4 50960 50965 51013 59700 59729 59750 59765 59775 59786 59791
2160 2 2 4495 5782 5786 5799 8248 8264 14255 16253 19130 20626 20643 20647 20648 20649 20650 20651 20652 20653 20654
2161 0 0 4799 4806 8677 8682 13384 13424 13425 13426 13427 13428 13429 67046
2162 0 0 6742 6894 9463 18921 18922 18923 67047
2163 3 3 22101 22102 22103 22104 22105 22106 22107 22108 22109 22110 22111
2164 2 2 52997 53011 53318 53523 53554 55504 55517 55522 55530 55532 55533 55534 55535 55536 55537 55538 55539 55540
2165 0 0 46849 46856 54275 56793 56796 56808 56819 56827 56833 56834 56835
2166 0 0 2816 2817 2818 2819 2820 2821 2822 2823 67048
2167 4 4 5908 5909 5910 5911 5912 5913 5914 5915 5916 5917 5918
2168 0 0 23024 23035 23046 23047 23048 23049 23050 23051 23052 23053 23054
2169 2 2 37878 48992 49018 49053 49266 49538 58368 58380 58397 58404 58405 58406 58407 58408 58409 58410 58411 58412 58413
2170 0 0 837 846 1574 3542 3882 4118 4124 12066 12067 12068 12069 12070 12071 12072 67049
2171 3 3 1535 3597 3622 3643 3661 3685 6984 6993 7384 7395 7396 7397 7398 7399 7400 7401
2172 0 0 6937 8763 8764 8765 8766 8767 8768 8769 8770 8771 8772 8773 8774 8775 67050
2173 0 0 34615 45892 45900 45901 45902 45903 45904
2174 0 0 4766 21689 41367 41368 41369 41370 41371 41372 41373 41374 41375 67051
2175 4 4 11660 11664 16208 16218 22536 22542 32519 32540 32547 32553 32554
2176 0 0 9536 16326 16327 16328 16329 16330 16331 16332 16333
2177 2 2 63339 63345 63352 63355 63362 63370 63383 63385 63389 63398 63406 63414 63418 63435 63445 63448 63449
2178 0 0 509 1258 1291 2857 2873 2874 2875 2876 2877 2878 2879 67052
2179 0 0 12714 12727 12728 12804 12808 27187 37451 37512 37533 37551 37554 37563 37574 37578 37579 67053
2180 0 0 6373 6374 6375 6376 6377 6378
2181 2 2 59407 59412 59423 59426 59434 62716 62775 63615 63620 63692 63699 63710 63724 65554 65563 65741 65755 65756 65757 65758 65759 65760 65761
2182 0 0 20838 29038 29044 29045 29046 29047 29048 29049 67054
2183 0 0 1387 1853 1860 1861 1862 1863 1864 1865 1866 1867 1868 67055
2184 0 0 8335 8339 8625 14608 14610 14611 14612 67056
2185 3 3 12408 12448 12453 12470 19564 19570 19571 19572 19573 19574 19575 19576
2186 0 0 1683 1686 7919 7931 7935 13582 13592 13624 20193 20341 20348 28165 28166 28167 28168 28169 67057
2187 0 0 8520 14865 14874 14881 21741 21782 21806 30302 30305 30338 41310 52016 52049 52156 60049 60064 60072 60074 60075 60076 67058
2188 0 0 506 2881 3129 6129 6138 8943 8959 8969 8970 8971 8972 8973 8974 8975 8976 8977 67059
2189 2 2 35894 35905 35913 35919 35928 35934 35941 46031 53109 53455 54445 57398 60780 60791 60823 60826 60835 60839 60843 60844 62208 62235 62242 62247 62252 62253 62254 62255
2190 3 3 12521 19322 37280 37288 37312 48588 48603 48610 48616 48617 48618
2191 4 4 986 1706 2009 4808 4824 8692 8707 8709 8710 8711 8712 8713 8714 8715 8716
2192 0 0 47543 56077 57260 57275 57303 57323 57324 57325 57326 57327 57328
2193 4 4 23780 23790 23822 33258 44252 44260 44261 44262 44263 44264 44265 44266 44267
2194 2 2 29027 29036 29043 29049 29056 29063 29073 29094 29130 29141 29161 29164 29169 29178 30259 30269 30348 41265 52056 52070 52082 52099 52100
2195 3 3 12317 12327 12339 12343 19255 19273 19338 19518 19525 19526 19527 19528 19529 19530
2196 3 3 34283 37094 37105 45187 48478 48489 48490 48491 48492 48493 48494 48495 48496 48497 48498 48499 48500
2197 4 4 15537 15544 15545 15546 15547 15548 15549 15550 15551 15552 15553
2198 0 0 29310 29333 29344 40147 40151 40152 40153 40154 40155 40156 40157 40158 67060
2199 3 3 55037 55038 55039 55040 55041 55042 55043 55044 55045 55046 55047 55048
2200 3 3 41738 41748 41877 50833 50842 51842 51872 51877 51900 51901 51902 51903 51904 51905
2201 0 0 59444 59452 59460 60949 63750 63756 63757 63758 63759 63760
2202 3 3 20094 20110 27947 27965 27983 27984 27985 27986 27987 27988 27989 27990
2203 2 2 16888 23549 24478 24497 34190 35050 35296 35297 35298 35299 35300 35301 35302 35303 35304 35305 35306 35307 35308 35309 35310 35311
2204 4 4 46850 46855 46856 46857 46858 46859 46860 46861 46862 46863 46864 46865 46866 46867
2205 0 0 20920 21126 21139 21154 21157 21158 21159 21160 21161 21162 21163
2206 0 0 49958 55655 55666 64342 64356 64363 64369 64374 64375
2207 0 0 33009 33064 33071 33072 33073 33074 33075 33076 33077 33078
2208 3 3 19535 26670 32582 32623 32629 32630 32631 32632 32633 32634 32635 32636 32637
2209 0 0 40087 40088 40089 40090 40091 40092 40093 67061
2210 3 3 24875 34825 34826 34827 34828 34829 34830 34831 34832 34833 34834
2211 0 0 8490 14642 14648 21467 21485 21491 21492 21493 21494 67062
2212 4 4 37745 37746 37747 37748 37749 37750 37751 37752 37753 37754 37755 37756
2213 0 0 17398 17399 17400 17401 17402 17403 67063
2214 0 0 9470 12281 25217 32716 32727 32741 32742 32743 32744 67064
2215 2 2 14938 21052 21058 21724 30207 30235 32897 41179 41253 41822 41828 41845 51772 51794 51800 51810 51813 51814 51824
2216 3 3 9682 10033 15288 15338 16983 16994 16995 16996 16997 16998 16999 17000 17001 17002
2217 3 3 12087 12096 25571 26183 26206 26224 35719 35745 35763 35771 35779 35780 35781 35782 35783
2218 3 3 43953 54502 54525 54532 54533 54534 54535 54536 54537 54538
2219 4 4 50021 50030 50035 50036 50037 50038 50039 50040 50041 50042 50043
2220 0 0 970 971 972 973 974 975 976 977 978 979 67065 67066
2221 2 2 2245 6578 7379 12369 12404 12450 12451 12452 12453 12454 12455 12456 12457 12458 12459 12460 12461 12462
2222 1 1 5992 6040 10693 11020 11490 15834 15867 15877 15881 17896 17899 22764 22817 25642 25662 25679 25682 25683 25684 25685 25686 25687 25688 25689
2223 3 3 25861 33492 33499 33526 36081 44564 44593 44604 44624 44625 44626 44627 44628
2224 0 0 816 1971 3861 3927 3939 4136 4139 4147 4156 4162 4163 4164 67067
2225 2 2 25296 32705 43146 53648 53691 53815 53841 53862 53874 53877 56823 57766 57776 57779 57785 57786 57787 57788 57789
2226 1 1 10126 12881 15468 22360 24198 24522 27081 34426 34445 34452 34471 34473 37421 37606 48667 48676 48712 48719 48723 48724 48725 48726
2227 0 0 3845 6494 6495 6496 6497 6498 6499 6500 6501 6502 6503 67068
2228 4 4 49785 49937 58937 58963 58964 58965 58966 58967 58968
2229 2 2 7689 13499 19724 19737 19890 27512 34079 34084 38000 38054 38230 38250 38267 45869 45870 45871 45872 45873 45874 45875 45876 45877 45878 45879 45880 45881
2230 2 2 31610 35958 35999 36013 42046 42053 42068 47582 52846 52849 52892 57429 57440 57443 57444 57445 57446
2231 3 3 32930 32939 43527 43540 43543 43557 48228 52595 52598 53985 54001 54008 54018 54024 54025 54026
2232 2 2 7682 13068 19694 37741 38631 38673 38676 38677 38678 38679 38680 38681
2233 2 2 28029 34071 34082 34095 34103 34117 34125 38260 38277 49677 49692 58800 58809 58834 58835 58845
2234 0 0 729 736 741 745 809 1512 1519 67069
2235 0 0 16477 16478 16479 16480 16481 16482 16483 16484 16485 16486 67070
2236 0 0 6697 16353 16354 16355 16356 16357 16358 16359 16360 16361
2237 3 3 29408 29426 29433 40271 40281 40419 40991 40992 40993 40994 40995 40996 40997 40998 40999 41000 41001
2238 2 2 38737 48864 49549 49555 49568 49578 49633 49648 49664 49767 51661 58245 58262 58276 58288 58311 58332 58344 58345 58353 58360
2239 0 0 5252 6522 9100 9123 10995 10999 11005 11006 11007 67071
2240 0 0 55101 55102 55103 55104 55105 55106 55107 55108
2241 0 0 45370 45371 45372 45373 45374 45375 45376 45377 45378 45379
2242 0 0 7793 13471 13479 13480 13481 13482 13483 13484 13485 67072
2243 4 4 44055 44057 53696 53712 53725 53726 53727 53728 53729 53730
2244 2 2 12903 12916 19597 19609 27058 27060 27065 27087 27092 27097 27104 34432 34451 34457 34472 34473 34474 34475
2245 0 0 27565 34750 34771 34788 37902 37922 37924 37925 37926 37927
2246 0 0 107 540 603 1358 1442 1447 1448 1449 1450 1451 67073
2247 2 2 44075 47285 47322 47616 53447 57014 57053 57236 57238 57243 57244 57245 57246 57247 57248 57249 57250
2248 0 0 5908 10027 17934 17939 17951 24182 24204 24229 24244 24260 24261 24262 24263 24264 67074
2249 0 0 29398 30388 40909 41729 41756 50982 51851 51855 51856 51857 51858 51859 67075
2250 1 1 15827 15847 16468 17739 22762 22792 22816 23728 23741 25682 32199 32222 35660 35792 35798 35808 35814 35816 35818 35819 35820 35821 35822 35823 35824
2251 3 3 15808 15821 17740 25032 25057 25720 35179 35200 35207 35208 35209 35210 35211
2252 0 0 952 953 954 955 956 957 67076
2253 2 2 43388 43499 43509 43535 43570 43576 45018 53980 53993 54002 54005 54006 54007
2254 3 3 25767 25768 25769 25770 25771 25772 25773 25774 25775 25776 25777 25778 25779
2255 1 1 3832 11972 18862 18869 18881 19121 19168 26101 26150 26158 26165 26228 36674 36694 42610 47253 56922 60686 60689 60690 60691 60692 60693 60694
2256 3 3 10900 10915 11032 11045 11053 11054 11055 11056 11057 11058 11059
2257 3 3 66354 66361 66366 66373 66378 66383 66388 66392 66396 66400 66409 66438 66442 66447 66450 66454 66455 66456
2258 3 3 6779 6789 6795 17839 17850 17886 17897 18648 25565 25631 25654 25676 25690 25701 25705 25706 25707 25708
2259 2 2 62589 62608 64898 64916 64942 64958 65052 65061 66240 66264 66357 66389 66394 66398 66405 66419 66428 66439 66441 66442
2260 0 0 48902 49605 49624 51465 51468 51469 51470 51471 51472 51473
2261 0 0 726 751 1517 1553 3744 3746 3747 3748 3749 3750 3751 3752 3753 3754 3755 67077
2262 0 0 14444 26379 33754 33758 33767 33775 39671 39675 39682 39706 39707 39708 39709 67078
2263 1 1 26397 26412 41797 43565 45017 45031 45051 45065 48112 52606 52659 52665 55365 55392 60177 60180 60189 60196 60301 64454 64459 64460 64461 64462 64463 64464 64465
2264 4 4 12084 18662 18876 19171 25574 26178 26212 26216 26217 26218 26219 26220 26221 26222 26223
2265 4 4 33409 33444 33448 33454 33460 34667 50070 50086 50103 50117 50122 50125 50127 50128
2266 0 0 10618 10633 10690 11453 11463 11478 11482 11483 11484 11485
2267 2 2 24295 24747 24784 34002 34042 34743 34794 34801 34821 42230 46223 46231 46232 46233 46234 46235 46236
2268 2 2 33242 42543 58591 60451 60468 60480 60516 61407 61427 61446 61468 61494 61495 61496 61497 61498 61499
2269 3 3 54861 61581 61587 61588 61589 61590 61591 61592 61593 61594 61595
2270 4 4 11508 11509 11510 11511 11512 11513 11514 11515 11516
2271 3 3 5396 5420 8931 9300 16086 16336 16345 16346 16347 16348 16349 16350 16351 16352
2272 3 3 21879 21898 21991 30390 30400 30410 30512 40079 40084 41723 41724 41725 41726 41727 41728 41729 41730 41731
2273 0 0 288 1050 4688 8323 8331 8343 14669 30107 30127 30141 30148 30153 30160 67079 67080
2274 0 0 5471 5486 5499 5514 8594 9226 15018 15022 15023 15024 15025 15026 15027 15028 15029 67081
2275 4 4 15014 15599 15633 15669 22472 26436 30592 30604 31304 31326 31334 31344 31345 31346 31347
2276 4 4 162 171 180 185 616 625 627 628 629 630 631
2277 3 3 16649 16670 16688 16766 20068 27692 27702 27726 27885 27892 27893 27894 27895 27896 27897 27898 27899 27900 27901
2278 0 0 52283 52303 52316 52325 52345 59680 59685 59686 59687 59688 59689 59690
2279 2 2 14221 20764 20778 20785 21192 36980 42466 42472 42473 42474 42475 42476 42477 42478 42479
2280 2 2 24975 51136 51153 51158 52725 52745 52755 52766 52775 52776 54352 59924 59933 60377 60390 60395 60405 60409 60410 60411 60412
2281 0 0 6415 6434 6443 8459 21470 21493 21497 21501 21502 21503 21504 21505 21506 67082
2282 4 4 20145 20244 20247 20248 20249 20250 20251 20252
2283 4 4 34661 44374 44407 45882 45883 45884 45885 45886 45887 45888
2284 2 2 21688 21696 21767 30287 30294 30311 40051 41258 41377 50785 50789 51997 51998 51999 52000 52001 52002 52003 52004
2285 3 3 44309 47821 47908 57700 57748 57755 62741 62753 62760 62773 62778 62780 62781
2286 0 0 4758 14795 14805 14809 21642 21656 21658 21659 21660 21661 67083
2287 3 3 40940 40941 40942 40943 40944 40945 40946 40947 40948 40949
2288 3 3 32912 32922 32933 43448 45048 48213 48222 48264 53990 54004 54026 54033 54036 54039 54040
2289 1 1 8123 11316 11335 11748 11762 11782 13841 16138 16147 16162 16214 16223 16237 16522 18701 18983 18984 18985 18986 18987 18988 18989 18990
2290 0 0 30774 30775 30776 30777 30778 30779 30780 30781 30782 67084
2291 0 0 2700 2707 6315 10543 10579 10588 10598 11365 25494 25513 25520 25527 25532 25533 25534 67085
2292 4 4 10904 10910 11035 11044 11053 11214 11219 16412 16416 16428 16430 16431 16432 16433 16434
2293 3 3 6267 17171 24308 24309 24310 24311 24312 24313 24314 24315 24316 24317 24318 24319
2294 2 2 16598 16610 23948 23965 23970 23982 34711 34780 34786 37907 44679 44689 44693 44712 44719 55108 55119 55126 55129 55130 55131 55132
2295 3 3 17487 23141 23160 23177 23184 23226 24882 32294 32316 32322 32328 32342 32348 32349 32350 32351
2296 3 3 8772 9361 15708 15720 15722 15723 15724 15725 15726 15727 15728 15729 15730
2297 0 0 29294 39748 39749 39750 39751 39752 39753 39754
2298 0 0 50281 50297 50313 50319 50322 63077 63082 63084 63085 63086 63087 63088 63089
2299 3 3 23421 23434 23435 23436 23437 23438 23439 23440 23441
2300 0 0 10404 17010 22875 45380 45381 45382 45383 45384 45385 45386 45387 45388
2301 2 2 3134 8940 8961 8963 8975 10174 10518 10536 17281 31027 31054 31062 31063 31064 31065 31066 31067 31068 31069
2302 0 0 14801 14810 21637 21655 21659 21674 21753 21755 21756 21757 21758 21759 21760 21761 21762 67086
2303 2 2 25973 25981 26805 26917 26929 26936 35774 36384 36417 36441 36445 36454 36455 36456 36457 36458 36459 36460 36461 36462 36463 36464
2304 3 3 37107 37108 37109 37110 37111 37112 37113 37114 37115 37116 37117 37118 37119 37120 37121
2305 4 4 15533 17735 25035 25056 25080 25088 25093 25094 25095 25096 25097 25098
2306 3 3 3701 3710 3720 3732 3733 3734 3735 3736 3737 3738
2307 0 0 22006 29987 30007 30012 30018 30806 40350 40940 40950 40951 40952 40953 67087
2308 2 2 37068 37080 37088 37098 37106 45771 48472 48479 48489 48506 48534 55891 56866 56871 58089 58090 58091 58092 58093 58094 58095 58096 58097
2309 0 0 2726 9657 10050 16408 16423 16862 16865 16866 16867 16868 16869 16870 16871 16872 16873 16874 67088
2310 2 2 9984 23924 23933 23943 24442 24459 27463 27464 27465 27466 27467 27468 27469 27470 27471 27472 27473 27474 27475
2311 4 4 63237 64080 64090 64120 64434 65502 65979 65988 65990 65992 65993 65994
2312 4 4 28489 28498 28503 28507 28687 28699 39266 39276 39277 39278 39279
2313 2 2 16442 16449 16456 16463 23603 23610 23628 23631 23632 23633 23634 23635 23636 23637 23638 23639 23640
2314 3 3 15779 17593 22607 22699 22740 24718 31792 31800 31805 31814 31815 31816 31817
2315 3 3 47490 47506 54681 55016 57007 57029 57044 57051 57255 57521 61392 61394 61395 61396 61397 61398 61399
2316 2 2 42591 47274 47282 47312 47374 56889 56898 57006 60628 60638 60639 60640 60641 60642
2317 2 2 9848 9856 9857 9919 9941 9953 9965 9966 9967 9968 9969 9970 9971 9972
2318 0 0 20163 20196 20201 20227 20232 20350 28167 39076 39148 39153 39161 48951 58771 58780 58781 58782 58783 58784 67089
2319 4 4 22648 31935 31951 33121 33134 33153 33162 33163 33164 33165 33166 33167 33168
2320 0 0 6611 9469 9474 12278 15371 21849 25218 25240 25263 25473 30815 32721 32728 32741 32747 32751 32754 32755 32756 32757 32758 67090
2321 4 4 30922 36044 36049 36056 36074 36087 36099 42080 42082 42085 42092 42099
2322 0 0 4660 14541 21330 21331 21332 67091
2323 0 0 6623 6624 6625 6626 6627 6628 6629 6630 6631 6632 67092
2324 3 3 40448 40462 40859 40901 41913 42030 42036 42037 42038 42039 42040 42041 42042
2325 3 3 24606 24607 24608 24609 24610 24611 24612 24613 24614 24615 24616 24617
2326 1 1 33275 44367 45923 53129 54433 54488 54498 54542 54558 54606 54992 55060 57534 61390 61530 61556 61562 61565 61566 61567 61568 61569 61570 61571 61572 61573 61574
2327 2 2 19309 45026 45036 45053 45091 48068 48099 48105 48124 48125 48126 48127 48128 48129 48130
2328 3 3 2264 2740 9174 15495 15856 16440 16443 16444 16445 16446 16447 16448 16449
2329 0 0 8009 9778 13730 13767 13937 20468 20481 20502 20509 20513 20514 20515 20516 20517 67093
2330 2 2 8092 8109 8124 13763 16136 16191 16228 20550 28475 28772 28803 28812 28816 28817 28818 28819 28820
2331 3 3 7328 7333 9398 9405 19537 23032 23044 23048 23055 23056 23057 23058 23059 23060 23061
2332 3 3 34183 34203 34387 35310 43583 43599 43606 43607 43608 43609 43610 43611 43612
2333 1 1 29393 40816 40833 41755 41888 50736 50967 50974 50987 50988 50989 50990 50991 50992 50993 50994 50995 50996 50997 50998 50999
2334 2 2 19306 21966 26399 26414 26422 45028 45033 45051 45052 45053 45054 45055 45056 45057 45058 45059 45060
2335 0 0 5108 6934 8771 9321 9332 9363 15704 15715 15716 15717 15718 15719 15720 15721 67094
2336 4 4 31658 31668 31706 31707 31708 31709 31710 31711
2337 0 0 9688 9701 11060 11241 11244 11253 11259 11260 11261 11262 11263 11264 11265 67095
2338 3 3 16905 16912 22358 31154 31190 31196 31202 31203 31204 31205 31206 31207 31208 31209
2339 0 0 2132 4233 4585 4593 7711 7712 7713 7714 7715 7716 7717 7718 7719 7720 7721 67096
2340 2 2 12423 12583 18162 18186 18187 18188 18189 18190 18191 18192 18193 18194 18195
2341 2 2 16078 16347 23230 31003 31008 32269 32279 32293 32297 32298 32299 32300 32301 32302 32303 32304
2342 4 4 31158 31252 31258 31259 31260 31261 31262 31263 31264 31265 31266 31267 31268 31269 31270
2343 0 0 9680 9739 10053 10054 10055 10056 10057 10058 10059 10060 10061 67097
2344 4 4 4010 4017 4022 4031 4038 4046 4051 4055 4057 4067 4075 4091 4102 4116
2345 0 0 311 317 712 885 911 1199 1207 1211 1212 1213 1214 1215 1216 1217 1218
2346 2 2 44746 44750 44763 49345 50676 59563 61648 61652 61670 61790 61802 62934 62938 63858 63887 63889 63890 63891 63892 63893 63894 63895
2347 4 4 3448 3457 4420 5092 8031 8042 8046 8047 8048 8049
2348 0 0 1863 1870 3350 3413 3444 3449 3450 3451 3452 3453 3454 3455 3456 3457 67098
2349 3 3 24511 33701 33711 34237 34247 45168 45305 45834 55397 55411 55419 55420 55421 55422
2350 2 2 28069 38746 49678 50438 50458 50470 50481 50489 50500 58791 58804 58811 58815 58817 58818 58819 58820
2351 0 0 11142 11152 11156 11166 17966 17983 17985 17994 17999 18015 18038 19384 19410 19432 19443 19445 67099
2352 3 3 49139 55104 55113 55116 55122 56292 56300 56312 56317 56323 56338 56339
2353 3 3 9628 22306 23364 23392 23406 23525 32991 46826 48558 48562 48563 48564 48565 48566
2354 0 0 29509 29517 29529 29747 29761 29770 29805 40921 49845 51555 51592 55252 55266 55294 55299 55300 55301 55302 67100
2355 2 2 10084 13554 14346 28091 39636 39645 50439 50459 50465 50466 50467 50468 50469 50470 50471 50472
2356 3 3 23757 31781 46135 46152 46165 46170 46197 46198 46199 46200 46201 46202 46203 46204
2357 1 1 13013 13040 17606 24928 25152 27172 27178 27241 27243 27259 29631 34476 37395 37418 37425 37426 37427 37428 37429 37430 37431 37432 37433 37434 37435 37436 37437
2358 2 2 7203 11394 11559 11790 11804 12090 12587 12598 31105 31125 35627 35692 35714 35761 46999 47006 47021 47025 47029 47030 47031 47032
2359 2 2 20306 28243 38882 38895 38898 40100 40104 40110 41426 41431 41432 41433 41434 41435 41436
2360 3 3 18273 18286 18300 18323 21580 21601 21604 21605 21606 21607 21608 21609 21610 21611 21612
2361 0 0 7577 7588 7600 12709 12765 12766 12767 12768 12769 12770 12771 12772 67101
2362 3 3 64826 64831 64934 66356 66364 66367 66368 66369 66370 66371 66372 66373
2363 3 3 28508 28509 28510 28511 28512 28513 28514 28515 28516 28517 28518 28519 28520 28521
2364 0 0 8327 8479 14613 14614 14615 14616 14617 14618 14619 67102
2365 3 3 5623 5658 9720 9769 16398 22655 22659 22660 22661 22662 22663
2366 0 0 6376 6382 6397 8413 8424 10742 10753 10757 10762 10763 10764 67103
2367 0 0 24802 27580 27582 27583 27584 27585 27586 27587
2368 3 3 6855 6862 7263 11682 11701 11959 11981 11997 12001 12002 12003 12004 12005 12006
2369 4 4 14032 14051 14066 14067 14074 14075 14076 14077 14078 14079 14080
2370 0 0 555 1362 1363 1364 1365 1366 1367 67104
2371 0 0 413 414 415 416 417 418 419 420 421 422 423 424 67105
2372 3 3 7118 7141 7153 11832 11839 11849 19071 19350 19366 37169 37176 37180 37181 37182 37183 37184
2373 0 0 1854 1874 7982 7983 7984 67106 67107
2374 3 3 18041 18047 19378 19407 19436 19437 19438 19439 19440 19441
2375 4 4 6655 6666 6684 6693 15929 17512 17523 17524 17525 17526 17527 17528 17529 17530
2376 0 0 6390 7606 10741 10751 10765 10770 10797 10829 10833 10922 10944 10946 10947 10948 10949 10950 67108
2377 3 3 16665 16668 16669 16670 16671 16672 16673 16674 16675 16676 16677
2378 3 3 4309 5876 5895 6207 7733 7741 7745 7746 7747 7748 7749 7750
2379 3 3 4717 8374 8387 14576 14666 14672 21352 21353 21354 21355 21356
2380 3 3 46799 46806 46817 46825 46829 46830 48573 56744 56758 56767 56768 56769 56770
2381 0 0 8804 8805 8806 8807 8808 8809 8810 8811 8812
2382 0 0 6528 9111 9118 12390 12398 17787 17799 17801 17802 17803 17804 17805 67109
2383 0 0 28316 29510 29530 29532 29802 38787 38856 38860 38887 41425 51546 51550 51551 51552 51553 51554 51555 51556 51557 51558 51559 67110
2384 4 4 16947 33924 33936 45210 45232 45249 45258 45262 45286 45289 45290
2385 0 0 1680 7924 13571 13574 20190 20198 20199 20200 20201 20202 20203 20204 20205 67111
2386 2 2 39783 40065 43395 45003 45070 45082 55346 55357 55358 55359 55360 55361 55362 55363 55364 55365 55366 55367
2387 2 2 6599 11119 11147 17975 17998 19279 19373 19397 19403 19409 19410 19411 19412 19413 19414
2388 3 3 1558 3554 3736 4065 4100 4106 4108 4109 4110 4111 4112 4113 4114 4115
2389 3 3 25289 25297 25298 25299 25300 25301 25302 25303 25304
2390 2 2 33238 44880 44885 44924 53569 53599 54591 54953 60875 60894 61431 61451 61469 61497 61504 61505 61512 61513
2391 2 2 15524 15805 15812 15822 15839 16467 17735 17736 17737 17738 17739 17740 17741 17742 17743 17744 17745 17746 17747 17748
2392 2 2 44371 44381 44389 44394 44401 44405 44406 44407 44408 44409 44410 44411 44412 44413 44414 44415 44416 44417 44418
2393 2 2 30213 32871 32895 33802 41175 41178 41226 41252 43334 43462 43472 51769 51796 51799 51809 51813
2394 2 2 13135 27613 33628 33652 33660 33677 33686 33691 33707 33947 34684 34696 34697 34698 34699 34700 34701 34702 34703 34704 34705 34706 34707
2395 1 1 50863 50877 50885 50890 50898 50907 50911 50916 50926 50931 50933 50941 51941 51946 52200 52225 52231 52232 52233 52234 52235 52236 52237 52238 52239 52240
2396 3 3 7704 7722 7723 7724 7725 7726 7727 7728
2397 2 2 14186 14195 14210 20953 20954 20955 20956 20957 20958 20959 20960 20961 20962 20963 20964 20965
2398 2 2 8329 8345 14604 21368 21384 21387 29865 29907 29912 29925 30015 30097 30112 30119 30120 30121 30122 30123 30124 30125 30126 30127
2399 3 3 45686 45719 51292 51310 51319 51328 51345 51353 51382 51448 51487 51493 51494 51495 51496 51497 51498 51499 51500
2400 4 4 15525 15810 17742 25032 25033 25034 25035 25036 25037 25038
2401 4 4 49117 49122 50201 50228 58616 58631 58657 58659 58661 58662 58663
2402 0 0 29323 29468 30197 30198 30199 30200 30201 30202 67112
2403 2 2 14749 18566 21576 22012 22063 24972 25254 25279 25440 25455 25471 25476 51157 52734 52759 52762 52771 52772 52773 52774 52775
2404 4 4 39792 48398 55386 59509 59607 59621 59622 59648 59649
2405 2 2 3790 3798 3804 3807 3812 3854 7075 7089 7100 7201 7223 11791 11799 12590 12596 12597 12598 12599
2406 3 3 588 651 661 670 671 672 673 674 675 676 677 678 679
2407 2 2 13661 13692 20452 20460 27278 28324 28329 28348 28354 37693 37700 38806 38823 45536 45537 45538 45539 45540 45541 45542 45543
2408 3 3 4514 4521 4526 4532 4539 4540 4541 4542 4543 4544 4545
2409 0 0 58678 58679 58680 58681 58682 58683 58684 58685 58686 58687 58688
2410 0 0 531 3009 3031 3053 6282 6299 6309 10366 10390 10392 10396 10397 67113
2411 3 3 55612 55633 55648 55668 55673 55679 55683 55696 58927 58928 58929 58930 58931 58932
2412 4 4 48312 48356 62728 62734 62738 62739 62740 62741 62742 62743 62744 62745
2413 0 0 4609 4762 8517 8518 8519 8520 8521 8522 8523 8524 8525 8526 67114 67115
2414 4 4 1470 1820 2292 2461 3504 3513 3514 3515 3516 3517 3518 3519
2415 0 0 1637 2242 2250 2256 2259 7415 12464 12476 12496 26699 26717 26721 26722 67116
2416 3 3 40902 44992 46661 48381 48467 51117 59611 59619 59655 59672 59673 59674 59675 59676
2417 0 0 7564 7572 7624 12851 12858 12866 12867 12868 67117
2418 4 4 23262 23277 23291 32034 32994 32998 32999 33000 33001 33002 33003 33004
2419 3 3 11738 15207 15255 19987 25902 25911 25912 25913 25914 25915 25916 25917 25918 25919
2420 3 3 63802 63828 63852 63854 63870 63871 63872 63873 63874 63875 63876 63877 63878 63879
2421 0 0 172 615 634 641 642 643 644 645 646 647 67118
2422 3 3 12141 12154 26270 26286 26301 26308 26319 36354 36374 36551 36569 36596 36607 36611 36615
2423 0 0 25326 25356 56700 56717 56728 56729 56730 56731 56732 56733 56734 56735
2424 3 3 49420 49428 49439 49444 56223 56226 56227 56228 56229 56230 56231 56232
2425 3 3 8193 14437 14441 20942 20966 20967 20968 20969 20970 20971 20972 20973 20974 20975 20976 20977 20978
2426 3 3 38910 40778 45670 45716 48752 48782 51233 51420 51426 51437 51440 51441 51442 51443 51444 51445 51446 51447
2427 0 0 17187 32440 32459 34506 34519 34552 34575 34579 34584 34585 34586 34587 34588 34589 34590 34591 67119
2428 2 2 43844 43853 43863 43873 43878 53546 54203 54210 54216 54217 54218 54219 54220 54221 54222 54223 54224
2429 0 0 20935 21108 29183 39516 39863 44780 44795 44801 44802 44803 44804 44805 44806 67120
2430 0 0 4191 4192 4193 4194 4195 4196 4197 4198 4199 67121
2431 0 0 2754 2755 2756 2757 2758 2759 2760 2761 2762 2763 2764 2765 67122
2432 3 3 27403 37851 37858 39111 39144 48925 48928 48935 48941 48945 48946 48947 48948
2433 3 3 28067 38746 38747 38748 38749 38750 38751 38752 38753
2434 4 4 21121 21127 21141 21157 29050 29051 29052 29053 29054 29055 29056
2435 2 2 1947 1959 5476 5507 6833 6834 6835 6836 6837 6838 6839 6840 6841 6842 6843 6844 6845
2436 2 2 2237 2549 6584 12370 12444 12454 12467 12469 12470 12471 12472 12473 12474 12475
2437 2 2 29758 29798 40925 40936 49864 51575 51587 51588 51589 51590 51591 51592 51593 51594 51595 51596
2438 0 0 24843 32389 32402 32417 34723 43883 43892 43897 43922 56244 56267 56281 58685 58704 58709 58711 58717 58718
2439 0 0 2764 2775 4487 4535 4550 4557 5820 8138 9798 9806 9809 9817 9854 9874 9875 9876 9877 9878 9879 67123
2440 3 3 10357 10358 10359 10360 10361 10362 10363 10364 10365 10366
2441 4 4 62515 62531 62548 64839 64846 64856 65189 65212 65263 65269 65276 65277
2442 0 0 40593 40639 40640 40641 40642 40643 40644 40645
2443 3 3 33270 44257 44273 44280 44289 44292 44299 44463 44476 47811 47817 47823 47824 47825 47826
2444 2 2 37689 37695 37702 37708 37712 37724 37730 38808 38819 38822 38823 38824 38825 38826 38827 38828 38829 38830 38831 38832
2445 2 2 29670 40191 40209 40240 40259 40265 40294 40298 41672 41701 41715 41716 41717 41718 41719 41720 41721 41722
2446 3 3 19812 22568 22583 22592 34983 35012 46254 46257 46258 46259 46260 46261 46262
2447 4 4 9413 23029 23039 23053 32641 32645 43173 43186 43190 43191 43192
2448 2 2 11326 11644 19115 19125 26151 36682 36691 36692 36693 36694 36695 36696 36697 36698 36699
2449 0 0 1063 1071 1072 1073 1074 1075 67124
2450 2 2 10727 13029 13036 13673 17608 17697 17708 17715 27219 27232 27253 27259 27260 27261 27262 27263 27264 27265
2451 2 2 38698 48917 48960 48978 49524 49540 49541 49542 49543 49544 49545 49546 49547 49548 49549 49550
2452 0 0 52675 52676 52677 52678 52679 52680 52681
2453 3 3 22632 31870 31872 31883 31884 31885 31886 31887 31888 31889 31890
2454 4 4 3824 6992 7492 7493 7494 7495 7496 7497 7498 7499
2455 2 2 42575 42584 42592 42597 42602 42608 42612 47178 47194 47218 47232 47281 47378 60636 60640 60696 64691 64694 64729 64736 64750 64763 64766
2456 2 2 21604 35088 35100 46588 46911 46920 46934 56357 56360 56370 56410 56416 56425 56432 56438 56448 56463 56468 62541 62551 62566 62575 62581 62582 62583
2457 0 0 2681 2682 2683 2684 2685 2686 2687 2688 2689 2690 2691 2692 67125
2458 2 2 52952 52965 52973 53208 53232 53301 53307 60413 60429 60512 60520 60544 60550 60556 61132 61138 61157 61164 61165 61166
2459 0 0 942 4203 7581 7589 7596 7597 7598 7599 7600 67126 67127
2460 3 3 47838 47864 47895 55084 55099 57679 57686 57691 57695 57705 57706
2461 0 0 38843 38844 38845 38846 38847 38848 38849 38850 38851 38852 67128
2462 3 3 22023 22060 24970 30161 30162 30163 30164 30165 30166 30167 30168
2463 3 3 1693 1736 2021 2028 2037 2038 2039 2040 2041 2042 2043 2044 2045 2046
2464 3 3 40027 52079 52119 52137 52138 52139 52140 52141 52142 52143 52144 52145
2465 0 0 7622 12936 19585 19586 19587 19588 19589 19590 19591
2466 4 4 31659 31660 31661 31662 31663 31664 31665 31666 31667 31668 31669 31670
2467 0 0 30555 30648 30655 30656 30657 30658 30659 30660 30661 30662 30663 30664
2468 2 2 36773 36782 36803 44324 47989 48001 48002 48003 48004 48005 48006 48007 48008 48009 48010 48011 48012 48013 48014
2469 2 2 9191 9196 9410 12177 16271 16272 16273 16274 16275 16276 16277 16278 16279 16280
2470 0 0 14615 14653 14684 21309 21313 21322 21476 21515 21525 21529 21531 21532 21533 21534 21535 21536 67129
2471 0 0 2697 2702 2703 2704 2705 2706 2707 2708 67130
2472 2 2 13014 13027 13038 13648 13658 13674 13676 13683 17607 27261 27282 28457 28463 34477 37429 45538 45551 45559 45571 45573
2473 3 3 9087 9710 9711 9712 9713 9714 9715 9716 9717 9718
2474 0 0 21885 29319 30434 30500 30541 40194 40304 40323 59698 59711 59734 59737 59738 59739 59740 59741 59742 67131
2475 2 2 44991 48385 53716 59606 59616 59635 59641 59656 59672 60260 60266 60267 60268 60269 60270 60271 60272 60273 60274 60275 60276
2476 2 2 45763 46123 46134 46143 46177 46180 46190 46191 46192 46193 46194 46195 46196
2477 2 2 6918 9391 11319 16143 16180 16203 16231 18762 22511 22521 22525 22526 22527 22528 22529 22530 22531 22532
2478 0 0 2229 3176 4726 4735 5180 5193 5213 5217 5226 5227 5228 5229 67132 67133
2479 0 0 41894 41906 41920 41935 41946 41948 41949 41950 41951 41952 41953 41954 41955 67134
2480 2 2 470 1301 1313 2618 2622 2634 2641 2643 3000 3015 3081 3095 3096 3097 3098 3099 3100 3101 3102
2481 4 4 50594 50595 50596 50597 50598 50599 50600 50601 50602 50603 50604
2482 4 4 3236 6541 6542 6543 6544 6545 6546 6547 6548
2483 0 0 8861 8870 8876 8882 8891 8902 8904 8907 8910 8915 8921 8924 9379 11737 15096 15201 15254 18976 19999 25880 25909 25915 25920 25955 25960 67135
2484 2 2 7686 13172 13492 13496 13497 13498 13499 13500 13501 13502 13503 13504 13505 13506 13507 13508 13509 13510 13511
2485 0 0 7136 7335 12344 26675 26678 26679 26680 26681 67136
2486 0 0 7886 7887 7888 7889 7890 7891 7892 7893 7894 7895 7896 67137 67138
2487 4 4 26970 26971 26972 26973 26974 26975 26976 26977 26978 26979 26980
2488 4 4 42392 48293 48307 48318 48363 50254 50262 57933 57980 58000 58001 58003
2489 0 0 6642 9030 9047 9048 9049 9050 9051 9052 9053 9054 9055 9056 9057
2490 4 4 14570 14634 14658 14659 14660 14661 14662 14663 14664 14665 14666 14667
2491 3 3 49642 49653 49661 49672 49722 49738 49763 49770 49774 49775 49776
2492 2 2 44052 53698 53715 53727 55324 60237 60247 60263 60268 60280 60290 61887 61913 61920 61951 61966 61971 61972 61973 61974 61975 61976 61977 61978 61979 61980
2493 3 3 5064 5067 8827 9352 9371 9377 18979 19933 19971 19978 19990 19991 19992 19993 19994 19995 19996 19997
2494 0 0 2525 2526 2527 2528 2529 2530 2531 2532 2533 67139
2495 0 0 4484 4509 4523 4527 4539 4549 4552 4553 4554 4555
2496 0 0 7635 7639 7642 7650 12864 12880 12885 12895 24181 24193 24194 24195 67140
2497 3 3 23705 23722 23732 36484 37338 37345 37346 37347 37348 37349 37350 37351 37352
2498 3 3 11082 17730 17843 17882 17888 25136 25141 25630 25640 25652 25653 25654 25655 25656 25657
2499 0 0 52162 52170 60050 60067 60073 60076 60077 60078 60079 60080 60081
2500 0 0 5923 5937 5942 5952 24299 24368 24400 24405 24439 24440 24441 67141
2501 2 2 28113 38890 38900 41419 41435 41448 49719 49811 49960 50893 50934 50935 50936 50937 50938 50939 50940 50941
2502 0 0 6393 10827 10828 10829 10830 10831 10832 67142
2503 3 3 8129 11763 11778 11779 11780 11781 11782 11783 11784 11785 11786 11787 11788
2504 3 3 63568 63569 63570 63571 63572 63573 63574 63575 63576 63577 63578
2505 2 2 3377 3482 4931 8889 8896 8916 8917 8918 8919 8920 8921
2506 3 3 51369 51451 51462 51485 51491 51499 51501 55848 58268 58280 58294 58296 58297 58298 58299 58300 58301
2507 3 3 33801 48371 48372 48373 48374 48375 48376 48377 48378
2508 2 2 13506 19742 24455 24476 34067 34076 34085 38248 38249 38250 38251 38252 38253 38254 38255 38256 38257 38258 38259
2509 0 0 1625 1626 1627 1628 1629 1630 1631 1632 67143
2510 4 4 26318 35830 35841 35856 36555 36603 36614 36620 36627 36628 36629 36630
2511 3 3 38004 38006 38055 38083 38349 38373 38407 49002 49007 49008 49009 49010 49011
2512 4 4 21957 21982 21988 26413 30668 41768 52563 52572 52578 52579 52580 52581
2513 2 2 8405 8420 8433 10875 10925 10926 10927 10928 10929 10930 10931 10932 10933 10934 10935
2514 2 2 50651 55151 55176 55221 59207 59234 61669 61693 61753 61776 61789 61806 61828 62905 63554 63564 63574 63590 63596 63602 63603
2515 4 4 33277 46298 46324 46337 53123 53124 53125 53126 53127 53128 53129 53130 53131 53132
2516 0 0 8311 9827 9833 9869 14299 14302 14307 14319 14320 14321 14322 14323 14324 14325 14326 14327 67144
2517 0 0 7108 7112 7121 12543 26002 26043 26048 26054 26060 26062 67145
2518 3 3 21639 21657 21733 21746 21750 21758 21769 30277 30288 30293 30294 30295 30296 30297 30298 30299
2519 3 3 46724 53969 59921 61312 61317 61318 61319 61320 61321 61322 61323 61324 61325
2520 2 2 4496 5773 16247 16266 20633 20644 20647 20661 20794 22982 22987 23006 28886 28890 28891 28892 28893 28894 28895
2521 3 3 14133 14135 14147 14217 14965 14972 20735 20770 20776 21168 21183 21189 21190 21191 21192 21193 21194 21195
2522 4 4 40380 40412 41526 41549 41656 41898 51055 51069 51087 51092 51095
2523 0 0 7893 7943 7948 7956 7965 13598 20130 20393 20406 20422 27951 27957 27958 27959 27960 27961 67146
2524 3 3 682 1164 4040 11586 11626 11975 12131 18761 18803 18822 18826 18827
2525 3 3 8325 8356 8482 8488 14616 14631 14644 14655 21486 29961 30106 30138 30146 30155 30159
2526 2 2 23266 23300 23325 23515 23522 25328 25329 25330 25331 25332 25333 25334 25335 25336 25337 25338 25339 25340
2527 1 1 17224 23869 27734 27810 27822 27829 27917 27926 33395 33424 34566 38505 38517 38522 38540 38547 38568 38573 38579 38581 38582 38583 38584
2528 3 3 65283 65284 65285 65286 65287 65288 65289 65290 65291 65292 65293 65294 65295
2529 2 2 63617 63622 63628 63632 63640 63644 63651 63656 63701 63707 65561 65567 65750 65755 65778 65786 65787
2530 0 0 13273 13280 29263 29267 29268 29269 29270 29271 29272 67147
2531 3 3 42546 44206 44951 44987 47748 54898 54904 54917 54936 54937 54938 54939 54940 54941
2532 3 3 1780 13543 20098 20107 20108 20109 20110 20111 20112 20113
2533 4 4 54292 54728 54744 60491 60497 60507 60523 60524 60525 60526 60527 60528
2534 0 0 8320 21224 21225 21226 21227 67148
2535 3 3 40013 50870 50946 51925 51934 51951 51985 52120 52285 52308 52312 52320 52321 52322 52323 52324 52325 52326 52327 52328
2536 4 4 16968 16974 24337 33104 34012 42259 43787 43797 43800 43801 43802 43803 43804 43805
2537 2 2 14746 15362 15367 15377 22013 22027 22034 22048 22064 25253 25254 25255 25256 25257 25258 25259
2538 4 4 8395 8439 14711 14722 14723 14724 14725 14726 14727 14728 14729 14730
2539 4 4 4252 4793 4859 4867 8644 13385 13401 13416 13426 13430 13431 13432
2540 3 3 56884 56893 56903 56909 57394 64668 64700 64706 64710 64711 64712
2541 1 1 34695 34707 34715 37912 45764 46178 46192 49089 49168 53514 55541 56009 56019 56167 56193 56195 56207 56290 56301 56334 56340 66274 66279 66286 66293 66299 66300 66301
2542 2 2 11266 18344 18359 18370 18382 18495 18506 18507 18508 18509 18510 18511 18512 18513 18514 18515 18516 18517
2543 4 4 61245 61264 61274 61275 61276 61277 61278 61279 61280
2544 0 0 9659 10043 16424 16879 23537 23548 23558 23573 23574 23575 23576
2545 2 2 11190 18048 18060 19452 25250 25322 25385 32768 32773 32793 32794 32795 32796 32797 32798 32799
2546 2 2 47291 47589 47605 47621 56907 57246 57319 57372 57386 57395 57404 57410 57415 57460 57465 57466 57467 57468 57469 57470 57471 57472 57473 57474
2547 3 3 24507 33716 34233 34421 45825 45826 45827 45828 45829 45830 45831 45832
2548 3 3 47241 47252 47361 56877 56888 60631 60644 60655 64669 64678 64704 64716 64721 64742 64744 64747 64748 64749
2549 3 3 20589 24103 28590 28591 28592 28593 28594 28595 28596 28597
2550 2 2 28630 28638 28647 28649 36801 36821 39311 39744 44217 44222 44231 44237 44249 44334 44353 48029 50515 50526 50533 50542 50543 50544 50545 50546
2551 2 2 53468 53492 53500 53502 53524 53548 54204 54220 54228 54235 54236 54237 54238 54239 54240 54241 54242 54243
2552 4 4 34270 34281 34292 34297 56022 62072 62096 62102 62114 62115 62116 62117 62118 62119 62120
2553 0 0 3557 3561 3562 3563 3564 3565 3566 3567 3568 3569 67149
2554 3 3 3441 5510 6854 6861 7269 9212 11652 11674 11688 11689 11690 11691 11692 11693 11694 11695 11696 11697 11698 11699 11700 11701 11702
2555 3 3 14537 21235 21239 21244 28604 28605 28606 28607 28608 28609 28610 28611 28612 28613 28614
2556 0 0 21875 21892 21902 21993 30403 30406 30407 30408 30409 30410 30411 67150
2557 2 2 34880 35009 46365 46373 46390 46403 46418 49437 54250 54256 56216 56217 56218 56219 56220 56221 56222 56223 56224 56225
2558 3 3 14895 16791 16814 20318 20325 20326 20327 20328 20329 20330 20331 20332 20333 20334
2559 0 0 24 1143 1148 1155 2272 2411 2422 2427 2428 2429 2430 2431 2432 67151 67152
2560 2 2 19725 27744 38001 38046 38048 38049 38050 38051 38052 38053 38054 38055 38056 38057 38058 38059 38060
2561 4 4 53259 53260 53261 53262 53263 53264 53265 53266 53267 53268 53269
2562 3 3 19307 21969 45054 48063 48095 48096 48097 48098 48099 48100 48101
2563 0 0 6503 6511 7183 7189 7218 7251 11378 11379 11380 11381 11382 11383 11384 11385 11386 11387 11388 11389 11390 11391 67153
2564 2 2 618 3213 3795 3810 3848 6490 6555 7096 7200 11392 11399 12597 17829 31101 31105 31106 31107 31108 31109 31110 31111 31112 31113
2565 3 3 8701 8753 15056 22181 22188 22191 22192 22193 22194 22195
2566 1 1 18855 25821 25843 32194 32206 35665 35810 35817 35822 47599 47627 47639 47648 47649 47650 47651 47652 47653 47654
2567 1 1 4756 4771 14794 14842 14923 21685 21701 30730 40053 41375 41376 41826 41863 50779 51822 51873 51887 51906 51907 51908
2568 0 0 65977 65978 65979 65980 65981 65982 65983 65984
2569 3 3 53945 59254 59261 59262 59263 59264 59265 59266 59267 59268 59269 59270
2570 0 0 41051 41059 41070 41077 41089 41090 41091 41092 67154
2571 4 4 60306 60307 60308 60309 60310 60311 60312 60313 60314 60315 60316
2572 0 0 15387 17775 17781 35148 35155 35160 35165 35166 35167 35168 35169
2573 0 0 1799 2375 2402 2404 2405 2406 2407 2408 67155
2574 2 2 31177 34167 34400 51318 51359 51366 51371 51377 51383 51449 51464 51488 51495 51507 55798 55816 55819 55841 55842 55843 55844 55845 55846 55847 55848 55849
2575 2 2 11268 18383 18512 18586 18599 21429 21461 21588 21592 21594 21595 21596 21597 21598 21599 21600 21601 21602 21603
2576 3 3 27274 37625 37629 37630 37631 37632 37633 37634 37635 37636 37637 37638 37639 37640 37641 37642 37643
2577 0 0 13148 13149 13150 13151 13152 13153 13154 13155 13156 13157 13158 13159 67156
2578 0 0 3858 3919 3994 7110 7115 7134 7137 7138 7139 7140 7141 7142 7143 7144 67157
2579 0 0 6680 10233 10246 10253 10431 18831 18832 18833 18834 18835 18836 18837 18838 18839 18840 18841 18842 18843 18844 18845 18846 18847 67158
2580 2 2 65095 65096 65097 65098 65099 65100 65101 65102 65103 65104 65105 65106 65107 65108 65109 65110 65111
2581 3 3 4377 8091 13762 13775 20489 20547 20548 20549 20550 20551 20552
2582 3 3 30573 30580 30614 30620 30627 30630 36706 36723 36742 36744 36750 36751 36752 36753
2583 3 3 52783 52795 52803 52810 52816 52820 52825 52828 60370 60379 60380 60381 60382 60383 60384
2584 3 3 29400 30472 30481 50966 50971 50972 50973 50974 50975 50976 50977 50978
2585 3 3 31931 31954 31963 42947 42964 42983 53485 53506 60711 60732 60749 60756 60760 60763 60765
2586 0 0 2131 2142 5013 5034 5039 7711 8846 13342 13343 13344 13345 13346 13347 67159
2587 4 4 30860 32681 43228 43233 43234 43235 43236 43237 43238 43239
2588 2 2 60846 60847 60848 60849 60850 60851 60852 60853 60854 60855 60856 60857 60858 60859 60860 60861
2589 0 0 38794 38800 38815 38821 38832 38848 38853 38863 38875 38879 40630 51550 51560 51561 51562 51563 67160
2590 2 2 6410 6427 6438 8402 8410 8426 8455 8457 8466 8470 8471 8472 8473 8474 8475 8476 8477 8478
2591 3 3 2705 9545 11349 11370 18624 18633 25492 25503 25506 25521 25522 25523 25524 25525 25526
2592 3 3 41601 41602 41603 41604 41605 41606 41607 41608 41609 41610 41611 41612
2593 2 2 29733 29741 38912 40758 40769 40784 45713 46615 46622 49819 49832 49847 49858 49866 55906 62278 62334 62351 62359 62381 62393 62394 62395 62396
2594 0 0 6389 6395 6396 6397 6398 6399 6400 6401 6402 6403 6404 6405 6406 6407 6408 67161 67162
2595 3 3 59463 61741 61756 61768 61780 61796 61805 63774 63775 63776 63777 63778 63779 63780 63781 63782 63783
2596 0 0 8224 14174 14504 14512 14515 14516 14517 14518 14519 14520 14521 14522 14523 14524 67163
2597 4 4 9756 23301 23316 23317 23318 23319 23320 23321 23322 23323 23324
2598 2 2 20917 20931 21150 24060 24064 29112 29214 29293 33719 33729 33753 33761 39751 39755 39756 39757 39758 39759 39760 39761 39762 39763 39764 39765
2599 1 1 19305 21962 26418 36763 36768 36866 41787 41802 42460 45052 48065 48097 48109 48110 48111 48112 48113 48114 48115 48116
2600 4 4 40048 41246 41263 41266 50760 50794 50795 50796 50797 50798
2601 3 3 40434 51032 51196 51209 52786 54071 56630 56672 59807 59837 59843 59846 59847 59848 59849
2602 2 2 50732 50745 52628 52629 52630 52631 52632 52633 52634 52635
2603 2 2 23738 53412 53419 53422 53423 53424 53425 53426 53427 53428 53429 53430 53431 53432
2604 1 1 31721 31751 31775 34878 42672 42722 42993 43862 53390 53407 54200 54232 54244 60753 61194 64787 64793 64809 64811 64812 64813 64814 64815 64816
2605 3 3 10568 17298 17335 17342 17353 17361 17373 17385 18611 19815 19825 19839 19841 19842 19843 19844
2606 3 3 26517 34371 34384 37004 37009 37010 37011 37012 37013 37014 37015 37016 37017 37018
2607 1 1 18202 18221 23296 23317 23335 23437 23458 23523 23667 25336 26640 26650 33052 37122 44185 46988 53298 54733 54741 54751 54752 54753 54754 54755 54756 54757
2608 2 2 35960 35968 35980 36012 57408 57437 57445 57447 57452 57454 57456 57469 57475 57476 57477 57478 57479 57480
2609 0 0 15773 22692 22711 22712 22713 22714 22715 22716 22717 22718 22719
2610 0 0 6601 6606 11094 11099 11127 11151 17971 17984 17990 17996 17997 17998 17999 18000 67164
2611 0 0 14401 14409 14410 14411 14412 14413 14414 14415 14416 14417 67165
2612 0 0 3111 10268 10405 10406 10407 10408 10409 10410 10411 10412 10413 10414 10415 10416 10417 10418 67166
2613 0 0 59879 59885 66076 66099 66108 66115 66117 66120 66121 66122 66123
2614 0 0 4195 4200 4201 4202 4203 4204 4205 4206 67167 67168
2615 3 3 19485 26581 26593 26623 26630 46695 46702 46703 46704 46705 46706 46707 46708
2616 3 3 11638 11703 18756 18775 18787 18807 18816 18817 18818 18819
2617 3 3 22731 22737 31791 31799 32044 32079 32092 32098 32108 32143 34847 34860 34882 34888 34889 34890 34891
2618 0 0 17011 45381 45398 45418 45429 45477 55457 55464 55467 55469 55475 55482 55486 55488 55489
2619 2 2 6705 6712 15136 16363 23147 23187 24534 24567 24572 24576 24577 24578 24579 24580 24581 24582 24583 24584 24585
2620 4 4 15934 15935 15936 15937 15938 15939 15940 15941 15942 15943 15944 15945
2621 4 4 38273 38288 38305 49047 49243 49244 49245 49246 49247 49248 49249
2622 4 4 37406 37523 37531 37543 37565 37566 37567 37568 37569 37570 37571 37572
2623 2 2 6559 11400 11412 17828 31100 31109 35572 35595 47000 47005 47013 47024 47033 47034 47035
2624 2 2 3860 3904 3924 3989 4168 4171 7109 7111 7140 7158 7165 11846 26003 26023 26039 26041 26050 26062 26063 26064 26065
2625 2 2 31367 31371 36890 36894 36909 36910 36911 36912 36913 36914 36915 36916 36917 36918
2626 4 4 35131 35137 35141 35157 35170 35171 35172 35173 35174 35175 35176 35177
2627 0 0 13638 13688 20445 20449 20451 20456 20457 20458 20459 20460 20461 67169
2628 4 4 15046 22067 29923 30357 30361 30369 30375 30381 30382 30383 30384 30385
2629 0 0 5150 10058 10062 15287 16966 16973 16974 16975 16976 16977 16978 16979 16980 16981 67170
2630 1 1 29035 29110 29153 30272 39815 39882 40025 40036 41397 41407 41474 44727 44752 50674 50683 52080 52105 52118 52142 52150 59566 59569 65856 65886 65893 65897 65902 65910
2631 0 0 8367 10898 10964 14620 14621 14622 14623 14624 14625 67171
2632 2 2 38842 40595 40623 40776 40932 48739 48751 48757 48773 48786 49825 49838 51279 51338 51446 51516 51525 51597 51603 51633 51650 51652 51653 51654 51655
2633 0 0 11150 12427 12574 18186 19448 19489 19492 19493 19494 19495 19496 19497 19498 67172
2634 3 3 10581 10597 11363 17338 18603 18617 18639 18644 25489 25499 25504 25510 25511 25512 25513 25514
2635 4 4 5104 5407 9528 9529 9530 9531 9532 9533 9534 9535 9536
2636 4 4 8789 15166 16546 16551 16557 22132 22133 22134 22135 22136 22137 22138 22139 22140
2637 3 3 16667 16677 16684 16693 16702 20060 20061 20062 20063 20064 20065 20066 20067 20068 20069 20070 20071
2638 0 0 8156 14157 14168 14189 14192 14201 20957 20983 20984 20985 20986 20987 20988 20989 20990 20991 67173
2639 4 4 64333 64334 64335 64336 64337 64338 64339 64340 64341 64342 64343 64344
2640 0 0 27891 27901 38503 38514 38525 38528 38541 38542 38543 38544 38545
2641 3 3 26237 26298 26306 35851 36613 36617 42559 47451 47454 47458 57072 57082 57085 57086 57087 57088 57089
2642 2 2 45521 51226 51408 51421 51423 51424 51425 51426 51427 51428 51429 51430 51431 51432 51433 51434 51435
2643 2 2 24515 27599 33621 33670 33690 33698 33706 33714 33942 34700 37932 37946 37947 37948 37949 37950 37951
2644 0 0 7886 7952 13599 20096 20133 20141 20389 20428 27946 27947 27948 27949 27950 27951 27952 27953 27954 27955 27956 67174
2645 3 3 59301 59354 59372 60851 60890 60903 60927 63454 63472 63479 63483 63491 63492 63493 63494 63495
2646 3 3 24513 27596 34228 34236 34404 34414 34415 34416 34417 34418 34419 34420 34421 34422 34423 34424
2647 3 3 29669 29670 29671 29672 29673 29674 29675
2648 0 0 14822 14830 14833 14838 14933 21049 21054 30216 30232 32814 32819 32827 32846 32853 32873 32883 32888 32893 32900 32901 32902 32903 32904 67175
2649 0 0 64915 66390 66393 66394 66395 66396
2650 0 0 23647 23657 23675 31847 31853 31854 31855 31856 31857 31858 31859 31860
2651 4 4 859 880 1124 1132 1140 1657 3227 6469 6478 6479 6480 6481 6482
2652 0 0 9242 17096 17106 17114 17117 22771 22775 24664 24669 24676 24680 24681 24682 24683
2653 3 3 3636 11810 11821 12094 12589 12640 12641 12642 12643 12644 12645 12646 12647 12648 12649
2654 0 0 6290 6291 6292 6293 6294 6295 67176
2655 0 0 32112 32122 32144 34851 42724 42725 42726 42727 42728 42729 42730 42731
2656 0 0 3256 9636 12579 18106 18193 18239 18240 18241 18242 18243 18244 18245 18246 18247 18248 18249 18250 18251 67177
2657 3 3 54127 60490 60538 61127 61147 61150 61169 61354 61365 61371 61377 61378 61379 61380 61381
2658 3 3 28169 39075 39086 39094 48949 58775 58783 58785 58786 58787
2659 0 0 5098 5099 5100 5101 5102 5103 5104 5105 5106 5107 5108 5109 5110 5111 5112 5113 67178
2660 0 0 39034 39042 49897 49924 49977 49986 50004 50012 50014 67179
2661 1 1 33231 39437 43323 43938 43948 43973 43985 43989 43990 43991 43992 43993 43994 43995 43996 43997 43998 43999 44000 44001 44002
2662 4 4 6803 8055 8065 8068 8069 8070 8071 8072 8073 8074 8075
2663 0 0 6524 9101 11017 12225 15396 15500 15513 17791 17796 19471 23664 25090 25105 25118 25127 25128 25129 67180
2664 3 3 12430 12431 12432 12433 12434 12435 12436 12437 12438 12439 12440 12441
2665 2 2 46636 46647 46658 46666 48449 48457 56536 56588 56608 56609 56610 56611 56612 56613 56614 56615 56616 56617 56618 56619 56620 56621
2666 3 3 36247 47540 57220 57262 57274 57280 57295 57305 57323 57331 57335 57336 57337
2667 2 2 36911 44160 44900 44935 47463 47464 47465 47466 47467 47468 47469 47470 47471 47472 47473 47474 47475 47476 47477
2668 4 4 25398 25410 25420 28383 29572 29591 40496 40510 40527 40528 40529 40530 40531 40532
2669 2 2 41445 41447 49733 49737 49762 49771 49775 49792 49804 49809 49813 49963 50937 52206 58960 58980 58985 58996 59004 59015 59018 59024 59025
2670 3 3 51148 59925 62512 62513 62514 62515 62516 62517 62518 62519 62520 62521 62522 62523
2671 2 2 12105 12122 12147 12165 19016 19096 26100 26124 26125 26126 26127 26128 26129 26130 26131 26132 26133 26134 26135 26136 26137
2672 0 0 17089 24527 24543 24544 24545 24546 24547 24548 24549 24550
2673 1 1 21687 40052 41367 41381 41865 50781 51821 51834 51871 51884 51885 51886 51887 51888 51889 51890 51891 51892 51893 51894 51895 51896 51897 51898 51899
2674 0 0 36014 52830 52848 52852 52879 52893 57435 57439 57444 57448 57454 57455
2675 4 4 3626 3641 3647 3660 3815 6986 6990 6991 6992 6993 6994 6995 6996 6997
2676 4 4 13339 13355 13361 13370 14085 15091 15172 15173 15174 15175 15176 15177 15178 15179
2677 0 0 833 1561 3550 3561 3876 3884 3892 3941 4069 4098 4112 4117 4118 4119 4120 4121 67181
2678 0 0 15389 17780 25001 35146 35160 35161 35162 35163 35164
2679 4 4 27398 38643 38674 38692 38710 38716 38722 38724 38725 38726 38727
2680 3 3 37115 37158 47773 53189 54737 54854 54857 54858 54859 54860 54861 54862
2681 4 4 9209 15586 15606 15624 15644 15654 15655 15656 15657 15658 15659
2682 2 2 10111 24185 27437 27449 31145 31176 31212 45216 45248 45259 45297 45300 45303
2683 2 2 16126 17154 17309 17354 17370 17371 17375 17376 17377 17378 17379 17380 17381 17382 17383 17384 17385
2684 3 3 42512 44312 44328 47805 47912 48342 48360 53032 53055 53067 53079 53082 53084 53087 53088 53089 53090
2685 2 2 8774 8865 9347 9360 9368 15727 16064 16069 18980 25921 25937 30874 30885 30890 30891 30892 30893 30894 30895 30896 30897 30898 30899 30900 30901
2686 4 4 33225 54462 54472 54515 58600 61415 61443 61475 61485 61486 61487 61488 61489 61490
2687 0 0 14815 14832 30218 32810 32811 32812 32813 32814 32815 32816 32817 67182 67183
2688 4 4 39831 39832 39833 39834 39835 39836 39837 39838 39839 39840 39841 39842 39843 39844 39845
2689 3 3 24773 24790 27579 34791 34800 34803 34804 34805 34806 34807 34808 34809
2690 2 2 37639 55931 55937 55942 59441 63748 65096 65118 65119 65120 65121 65122 65123 65124
2691 0 0 939 943 1110 4207 7567 7598 12770 12774 12839 12840 12841 12842 12843 12844 12845 12846 12847 12848 12849 12850 67184
2692 3 3 36388 36427 44093 44096 44106 44111 44112 44113 44114 44115 44116 44117 44118 44119 44120 44121
2693 4 4 39013 39025 49894 49900 49901 49902 49903 49904 49905 49906 49907 49908 49909
2694 0 0 12731 17624 17625 17626 17627 17628 17629 17630 17631 17632 67185
2695 4 4 36015 52841 52851 52877 52898 57426 57441 57447 57448 57449 57450
2696 0 0 7294 7303 7313 19182 19190 19191 19192
2697 1 1 17191 17200 27660 27814 27834 27850 27916 33376 34545 34563 34578 34592 34604 38538 38558 38567 38572 38574 38575 38576 38577 38578 38579 38580
2698 2 2 37628 37643 37659 39334 58433 65104 65140 65145 65154 65155 65156 65157
2699 0 0 964 5871 7799 9882 9949 13239 13493 13510 13520 13523 16705 16716 16723 16730 16731 16732 16733 16734 16735 16736 16737 16738 16739 67186
2700 4 4 65064 65065 65066 65067 65068 65069 65070 65071 65072
2701 0 0 42074 42075 42076 42077 42078 42079 42080 67187
2702 3 3 32675 32676 32677 32678 32679 32680 32681 32682 32683 32684 32685
2703 2 2 24890 32315 32326 32341 32349 34539 34975 34991 35017 35034 35041 43020 43058 43060 43066 43067 43068 43069 43070 43071 43072 43073 43074 43075 43076
2704 3 3 34180 34194 34231 34368 34369 34370 34371 34372 34373 34374 34375 34376 34377 34378 34379 34380 34381 34382
2705 3 3 59341 59348 59357 59363 59367 59386 59387 59388 59389 59390
2706 4 4 19681 19699 19710 19714 19715 19716 19717 19718 19719 19720 19721 19722
2707 4 4 37905 37916 37923 37927 37931 49081 49088 49089 49090 49091 49092 49093 49094 49095 49096
2708 2 2 27271 37620 37635 37648 38009 38376 39339 48990 49007 58383 58398 58405 58425 58426 58427 58428 58429 58430 58431 58432 58433 58434
2709 0 0 8746 22194 22206 22210 22214 22215 22216 67188
2710 3 3 16415 16421 16429 16434 16889 23532 23546 23561 23576 24487 24494 24495 24496 24497 24498
2711 3 3 6053 6095 6096 6097 6098 6099 6100 6101 6102 6103 6104
2712 0 0 8286 8576 8591 14122 14151 14955 14968 14980 14998 14999
2713 3 3 21128 21161 29090 29098 29113 30253 30256 30263 30264 30265 30266 30267 30268
2714 0 0 12752 12759 12764 12789 12794 12813 12816 12822 12838
2715 2 2 47672 55034 57122 57502 57544 57587 57601 57608 63663 63687 65744 65763 65766 65768 65769 65770
2716 3 3 26911 36461 36470 57648 62674 62680 62681 62682 62683 62684 62685 62686 62687
2717 0 0 1900 4568 8316 9829 9834 14273 14274 14275 14276 14277 14278 14279 14280 14281 14282 14283 67189
2718 4 4 32226 32227 32228 32229 32230 32231 32232
2719 0 0 3163 10702 10705 10716 10732 10779 10800 10809 10823 12830 13030 13043 13044 13045 13046 13047 13048 67190
2720 3 3 32509 32525 32545 35863 35875 36191 36198 36500 43095 43103 43108 43109 43110 43111
2721 0 0 52472 52777 52808 52826 60375 60382 60397 60401 60406 60407
2722 2 2 41118 41127 41135 41147 41162 41384 50822 50836 51911 52126 52130 52131 52132 52133 52134 52135 52136
2723 0 0 8651 8661 8662 8663 8664 8665 8666 8667 8668 67191
2724 0 0 11678 11717 11718 11719 11720 11721 11722 11723 11724 11725
2725 4 4 54246 61187 61195 64812 66296 66303 66306 66317 66328 66332 66333 66334 66335 66336
2726 4 4 44207 44910 44911 44948 47939 47969 47986 54426 54893 54904 54905 54906 54907 54908 54909
2727 3 3 19910 27645 27730 27882 27897 28563 28577 28582 28583 28584 28585 28586 28587 28588 28589
2728 3 3 21295 21317 21324 29380 29422 40992 41005 41008 41009 41010 41011 41012
2729 0 0 50273 57736 59174 59182 62814 62828 62831 62835 62836 62837 62838
2730 4 4 16821 21831 23103 23118 23121 23122 23123 23124 23125 23126
2731 2 2 29076 29092 29123 29132 29155 30264 30271 41473 45133 50656 50677 50683 50684 50685 50686 50687
2732 3 3 2593 2601 2607 3424 3477 5538 5541 5766 6824 9417 9427 9440 9441 9442 9443 9444 9445 9446
2733 4 4 10094 16918 24224 24254 33849 33852 33859 33863 33864 33868
2734 0 0 22769 22783 24680 24695 42794 42807 42840 42841 42842 42843 42844
2735 2 2 33808 41174 43333 43334 43335 43336 43337 43338 43339 43340 43341 43342 43343 43344 43345 43346
2736 0 0 3856 6492 7173 7174 7175 7176 7177 7178 7179 7180
2737 4 4 38914 45695 46617 55908 62327 62348 62350 62351 62352 62353 62354 62355 62356 62357 62358
2738 2 2 22961 22962 22963 22964 22965 22966 22967 22968 22969 22970 22971 22972 22973
2739 3 3 16837 24154 28252 38986 39000 49889 49912 49918 49919 49920 49921 49922
2740 0 0 2204 5113 5128 5130 5131 5132 5133 5134 5135 67192
2741 4 4 7574 7583 7599 12769 12773 12774 12775 12776 12777
2742 4 4 11595 18909 18915 25608 25846 25847 25848 25849 25850 25851 25852 25853
2743 0 0 812 2520 5342 9187 9194 15613 15618 15619 15620 67193
2744 2 2 34408 34417 45859 51358 51361 51362 51363 51364 51365 51366 51367 51368 51369 51370
2745 3 3 6670 10623 10681 11441 11469 11477 11485 11487 17514 17529 17531 17537 17538 17539 17540 17541 17542
2746 0 0 1186 2236 2546 2547 2548 2549 2550 2551 2552 2553 67194 67195
2747 2 2 7427 12456 12473 12492 12509 12516 12517 12518 12519 12520 12521 12522 12523 12524 12525 12526 12527 12528 12529
2748 2 2 13131 13154 16583 16584 16585 16586 16587 16588 16589 16590 16591 16592 16593 16594 16595 16596 16597 16598
2749 2 2 46973 61203 61214 61221 61228 61230 61241 61341 62430 62449 62480 62484 62485 62486 62487 62488 62489 62490
2750 0 0 2718 3121 5589 5593 5594 5595 5596 5597 5598 67196 67197
2751 2 2 34303 45732 55979 58555 58560 58583 59435 62140 62150 63014 63753 65130 65336 65349 65353 65374 65375 65376 65377 65378
2752 4 4 23374 23433 23455 23480 23487 23497 23500 23501 23502 23503 23504 23505 23506
2753 0 0 29696 29707 40851 40907 40908 40909 40910 40911 40912 40913 67198
2754 2 2 2300 2321 2325 2413 2432 2437 2457 2464 2465 4393 5282 5293 5299 5300 5301 5302 5303 5304 5305
2755 2 2 42542 42557 52969 53177 53191 53203 54614 54635 54649 54668 54671 54676 54679 57061 60416 61436 61455 61456 61457 61458 61459
2756 3 3 40503 40525 46897 46900 46941 46949 56445 56454 62530 62550 62558 62565 62576 62581 64857 65186 65240 65246 65264 65265 65269 65270 65271 65272
2757 3 3 43346 43359 43366 43430 43467 43477 43484 51825 52546 52557 54037 61052 61108 61120 61123 61124
2758 0 0 1064 4750 4769 8563 8571 14839 14840 14841 14842 14843 14844 14845 14846 14847 14848 67199
2759 2 2 29480 29503 37054 40465 48529 62100 62129 62143 62951 65385 66411 66434 66446 66451 66459 66460
2760 2 2 13962 15246 22230 33486 39190 44569 44582 44585 44603 44628 44633 44636 44638 44639
2761 4 4 30650 30658 36700 36712 36713 36714 36715 36716 36717 36718 36719
2762 4 4 36122 36148 47665 47698 47705 57285 57549 57569 57571 57572 57573 57574 57575
2763 3 3 57722 59132 59141 59159 59162 59163 59164 59165 59166 59167 59168 59169
2764 2 2 55081 55091 55100 57756 59414 59427 59428 59429 59430 59431 59432 59433 59434
2765 0 0 18641 18647 25490 25509 25510 25515 25516 25517 25518 67200
2766 0 0 2729 6531 6532 6533 6534 6535 67201
2767 2 2 25338 33051 46811 46972 46980 46987 54293 54731 54741 54742 54743 54744 54745 54746 54747 54748 54749 54750
2768 4 4 29502 37077 48537 56863 56864 56865 56866 56867 56868 56869
2769 3 3 14000 14007 14018 14026 20599 20600 20601 20602 20603 20604 20605
2770 2 2 656 662 1225 2330 2342 2452 5300 5318 5532 5716 5741 5748 5757 5758 5759 5760 5761 5762 5763
2771 0 0 21260 21900 21990 30391 41724 41874 41882 50841 51857 51882 51903 52508 59945 59952 59962 59964 67202
2772 3 3 31785 42548 60421 60433 60474 60481 60514 61425 61445 61465 61470 61493 61495
2773 0 0 23098 28130 38919 38957 38962 38967 38968 67203
2774 0 0 1810 1823 1826 1827 1828 1829 1830 67204
2775 0 0 42252 52986 60569 60574 60587 60597 60604 60609 60614 60617 60620 60621
2776 3 3 22635 31757 31943 31949 31960 33166 42961 42976 42990 53228 53237 53240 53241 53242 53243 53244 53245
2777 4 4 3614 3821 4187 12501 19025 19038 19053 19081 19083 19084 19085 19086 19087 19088
2778 3 3 18249 19481 23423 23442 23443 23444 23445 23446 23447 23448 23449
2779 0 0 7566 12773 12840 12851 12852 12853 12854 12855 12856 12857
2780 2 2 44142 44164 44875 44889 44932 47482 50238 50247 53594 54550 54576 54582 54583 54584 54585 54586 54587 54588 54589 54590 54591 54592 54593 54594 54595 54596 54597
2781 0 0 11597 18910 18916 25848 47149 47159 47563 47569 47584 52871 52891 56910 56911 56912 56913 56914 56915 56916 56917 67205
2782 4 4 9543 11361 11368 11369 11370 11371 11372 11373 11374 11375 11376 11377
2783 4 4 29031 29159 30275 40023 40034 40035 40036 40037 40038 40039 40040
2784 3 3 23308 23327 23361 23376 23476 23491 23501 23510 23511 23512 23513 23514 23515 23516
2785 2 2 965 5857 5872 7805 7820 7852 7857 7859 7870 7877 7878 7879 7880 7881 7882 7883
2786 0 0 5136 5137 5138 5139 5140 5141 5142 5143 67206
2787 3 3 7649 7658 15481 15484 15485 15486 15487 15488 15489 15490 15491 15492
2788 3 3 10993 11001 11010 12226 15384 15508 25000 25019 25029 35163 35184 35217 35229 35238 35240 35241
2789 0 0 5833 5834 5835 5836 5837 5838 67207
2790 3 3 52980 52987 52994 53001 53005 53012 53319 55532 60567 60572 60573 60574 60575 60576
2791 0 0 70 71 72 73 74 67208
2792 0 0 8431 8449 8450 8451 8452 8453 8454 8455 8456 67209
2793 4 4 15587 15605 15625 15647 15655 15660 15661 15662 15663 15664 15665 15666
2794 0 0 835 1565 3866 3872 3881 3882 3883 3884 3885 3886 3887 3888 67210
2795 0 0 19904 19908 27855 27862 27863 27864 27865 27866 27867 27868 27869 67211
2796 1 1 12829 12994 13018 13024 13039 17595 17615 17621 27036 27173 27175 27176 27177 27178 27179 27180 27181 27182 27183
2797 0 0 14395 14396 14397 14398 14399 14400 14401 14402 14403 67212
2798 3 3 25992 25993 25994 25995 25996 25997 25998 25999 26000 26001 26002 26003 26004 26005
2799 0 0 1381 1396 1400 1401 1402 1403 67213
2800 0 0 11564 18653 18654 18655 18656 18657
2801 1 1 31753 34841 34863 34864 34865 34866 34867 34868 34869 34870 34871 34872 34873 34874 34875 34876 34877 34878 34879 34880 34881
2802 3 3 19325 26527 26554 26566 26605 26608 26609 26610 26611 26612 26613 26614 26615 26616 26617
2803 0 0 1651 6613 6617 9464 9465 9466 9467 9468 9469 9470 67214
2804 2 2 22259 22282 30994 31009 31517 31521 31531 31631 31633 31634 31635 31636 31637 31638
2805 3 3 47587 47588 47589 47590 47591 47592 47593 47594 47595 47596 47597 47598 47599 47600 47601 47602
2806 4 4 20001 20025 20058 20077 20078 20079 20080 20081
2807 0 0 4648 8294 14101 14114 14117 14118 14119 14120 14121
2808 2 2 20092 28014 34106 34128 39642 49449 55550 55551 55552 55553 55554 55555 55556 55557
2809 3 3 6933 8766 8860 8864 9335 9343 9354 9362 9366 9367 9368 9369 9370
2810 0 0 21737 21739 21743 21749 21754 21762 21763 21766 30282 30284 30300 30301 30302 30303 30304 67215 67216
2811 3 3 23719 37357 44074 47618 53442 53445 53446 53447 53448 53449 53450 53451
2812 2 2 6491 11393 11405 31106 35715 46998 47016 47017 47026 47029
2813 2 2 1942 6833 8599 8606 9200 9201 9202 9203 9204 9205 9206 9207 9208 9209
2814 0 0 20311 28111 28124 28233 28234 28235 28236 28237 28238 28239 28240 28241 28242 28243 28244 28245 67217
2815 4 4 36893 36908 36918 43134 53563 53589 53616 53622 53623 53624 53625 53626 53627 53628
2816 3 3 27683 27684 27685 27686 27687 27688 27689 27690 27691 27692 27693 27694 27695 27696
2817 2 2 25438 25439 25440 25441 25442 25443 25444 25445 25446 25447 25448 25449 25450
2818 3 3 41422 51548 51558 51640 51667 51680 51685 51686 51687 51688 51689 51690 51691
2819 4 4 14796 14806 14811 21646 21654 21658 21671 21672 21673 21674 21675
2820 0 0 17927 17937 17944 17946 17955 17961 17965 24233 25173 25177 25201 25204 25206 67218
2821 0 0 19 20 21 22 67219 67220
2822 0 0 39942 39976 39993 39994 39995 39996 39997 39998 39999
2823 3 3 19292 26434 26443 26460 26474 26486 30611 30638 36738 36919 36934 36935 36936 36937 36938 36939
2824 3 3 16584 24274 31242 33923 33927 33928 33929 33930 33931 33932 33933 33934
2825 3 3 34425 34426 34427 34428 34429 34430 34431 34432 34433 34434 34435 34436 34437 34438 34439 34440 34441 34442
2826 0 0 325 345 1894 2486 4503 4614 4627 4635 4642 5789 8141 8142 8143 8144 8145 8146 8147 8148 67221
2827 2 2 17390 19858 27572 34796 34808 34811 43870 43875 46238 46265 46283 49098 49103 49442 54212 54263 56206 61185 61198 64777 64781 64782 64783 64784
2828 3 3 25157 31225 37412 37422 37434 40690 48622 48623 48624 48625 48626 48627
2829 0 0 13130 19760 19876 22338 27415 27423 27451 27452 27453 27454 27455 27456 27457 67222
2830 0 0 10071 10072 10073 10074 10075 10076 10077 10078 10079 67223
2831 3 3 30852 30853 30854 30855 30856 30857 30858 30859 30860
2832 4 4 55702 59447 59455 60951 60960 60963 60964 60965 60966 60967 60968 60969 60970 60971 60972 60973
2833 2 2 59515 59530 63806 63944 63989 64034 64045 64058 65847 65862 65864 65869 65870 65871 65872 65873 65874 65875
2834 4 4 42417 42418 42419 42420 42421 42422 42423 42424 42425 42426 42427
2835 3 3 27270 37944 37989 38002 38006 38007 38008 38009 38010 38011 38012 38013 38014
2836 0 0 2208 5105 5129 5130 5400 5410 5417 5573 5580 67224
2837 0 0 12944 12945 12946 12947 12948 12949 12950 12951 12952 12953
2838 0 0 5924 5935 5945 5957 5965 5966 5967 5968 5969 5970 67225
2839 0 0 60850 60884 60897 63485 63512 63522 65608 65625 65637 65641
2840 4 4 18605 18619 18627 18637 25487 25499 25500 25501 25502 25503
2841 0 0 15143 15156 15157 15158 15159 67226
2842 3 3 23808 42488 42498 42511 44327 48347 53029 53038 53058 53061 53078 53079 53080
2843 2 2 3610 3629 3959 3975 3976 3977 3978 3979 3980 3981 3982 3983
2844 2 2 3828 6979 7192 11565 18655 18661 18864 18868 18869 18870 18871 18872 18873 18874 18875 18876 18877 18878 18879 18880
2845 2 2 45089 45115 48071 48089 48104 48130 50669 55194 55218 55226 55238 55239 55240 55241 55242 55243 55244
2846 0 0 9993 9994 9995 9996 9997 9998 9999 10000 10001 67227
2847 0 0 1675 7548 7554 7562 12691 12898 27067 27084 27089 27090 27091 27092 27093 67228
2848 4 4 37942 37976 38074 38190 38198 38213 38221 38223 38224 38225 38226 38227
2849 2 2 30674 32928 40839 40840 40841 40842 40843 40844 40845 40846 40847 40848
2850 3 3 4273 4278 4285 4287 4292 4293 4294 4295 4296 4297 4298 4299 4300 4301
2851 4 4 27065 27066 27067 27068 27069 27070 27071 27072 27073 27074 27075 27076 27077
2852 4 4 27075 27079 37402 37522 37568 37589 37601 48665 48674 48683 48700 48716 48718 48719
2853 3 3 27629 27648 33398 34623 39258 39259 39260 39261 39262 39263 39264 39265
2854 2 2 9979 27471 27784 38097 38315 38387 39408 39418 49116 50307 50320 50328 50329 50330 50331 50332 50333 50334
2855 3 3 1575 3869 3881 11963 12069 12097 12098 12099 12100 12101 12102 12103 12104
2856 0 0 86 504 1259 2836 2874 2885 2913 2920 6136 6145 8944 8950 8956 8969 8978 67229
2857 2 2 60246 60847 60874 60900 60920 61898 61906 61921 62977 62993 65602 65607 65614 65617 65618 65619 65620
2858 0 0 53976 62652 62663 62669 64971 64994 64998 65000 65001 65002 65003 65004 65005
2859 0 0 6456 6643 8388 8392 8445 14712 14723 14733 14742 14757 14758 14759 14760 14761 14762
2860 3 3 46077 46085 46096 47514 47521 47526 56053 56054 56055 56056 56057 56058 56059
2861 2 2 16923 24292 24787 31245 34007 34038 34737 34795 42229 46224 46231 55498 55510 56144 56158 56168 56169 56175 56176 56177 56178
2862 3 3 5348 5358 5984 5985 5986 5987 5988 5989 5990 5991 5992 5993
2863 1 1 28594 28598 28646 28652 28665 33554 39305 39306 39307 39308 39309 39310 39311 39312 39313 39314 39315 39316 39317 39318 39319
2864 3 3 15598 15609 15659 15662 21917 21945 30562 30583 30586 30587 30588 30589 30590
2865 0 0 8 610 757 3724 3780 3793 3799 3806 3808 3809 3810 3811 3812 67230
2866 4 4 15296 15301 15311 22320 22331 22332 22333 22334 22335
2867 0 0 89 432 456 1261 1353 2835 2836 2837 2838 2839 2840 2841 2842 2843 2844 67231 67232
2868 0 0 8566 14843 21257 29716 30726 30729 30749 30753 30754 30755 30756 67233
2869 2 2 44186 46815 52949 54119 54124 54285 60488 60499 60506 60519 60527 60530 60533 60982 61126 61136 61144 61145 61146 61147 61148
2870 3 3 24810 24826 32352 32361 32371 46286 46322 46397 46431 54491 54544 56233 56246 56253 56263 56265 56266
2871 0 0 41924 52655 52683 52690 52702 60315 60319 60330 60336 60353 60355 60359 60360 67234
2872 4 4 31532 31538 31540 31541 31542 31543 31544 31545 31546
2873 3 3 55926 55947 58581 59435 59436 59437 59438 59439 59440 59441 59442 59443 59444
2874 4 4 35550 37038 40519 46894 46899 46924 46935 46945 46948 46949 46950 46951 46952 46953 46954
2875 4 4 2687 3108 3109 3110 3111 3112 3113 3114 3115 3116 3117 3118
2876 0 0 19521 25209 25226 25229 25230 25231 25232 25233 25234
2877 4 4 19709 19721 27376 27383 27388 27389 27390 27391 27392 27393 27394
2878 4 4 38165 38166 38167 38168 38169 38170 38171 38172 38173
2879 2 2 8267 8275 8581 8589 14233 14252 14982 19127 19128 19129 19130 19131 19132 19133 19134 19135 19136 19137 19138
2880 0 0 1666 4684 11085 12695 12911 13697 19596 27194 27195 27196 27197 27198 27199 67235
2881 0 0 61620 61640 61673 61677 61684 61698 61709 61718 61719 61720
2882 3 3 34111 39639 50456 50467 58798 58818 58823 58827 58841
2883 3 3 1789 1797 4323 4332 7905 13585 13630 19640 20353 28143 29816 29828 29837 29838 29839 29840 29841
2884 3 3 46124 46186 56274 56304 56333 56334 56335 56336 56337
2885 3 3 18847 25805 35955 35961 35962 35963 35964 35965 35966 35967 35968
2886 2 2 16864 16874 16882 16893 35317 37448 37477 37486 37494 37500 37501
2887 2 2 22650 23626 31927 31965 31973 31995 32001 33158 42879 42883 42895 42904 42920 42926 42949 53493 60709 60723 60728 60745 60760 60761 60762
2888 0 0 65 183 550 551 67236 67237
2889 1 1 33239 39432 39452 44882 44893 50240 54565 54592 55070 58589 59343 59353 60871 60892 60912 60957 61411 61427 61428 61429 61430 61431 61432 61433 61434 61435
2890 0 0 10080 10081 10082 10083 10084 10085 67238
2891 0 0 6813 11510 11517 11518 11519 11520 11521 11522 11523 67239
2892 0 0 4664 14681 14697 21543 21544 21545 21546 21547 21548 21549 21550 21551 21552 67240
2893 3 3 57093 57106 57116 57151 57174 57176 57191 57192 57193 57194 57195 57196 57197
2894 4 4 29338 40157 40160 40166 40202 40221 40225 40226 40227 40228 40229 40230 40231 40232 40233
2895 3 3 25276 25470 26661 32758 32783 41595 52377 52397 52411 52415 52426 52434 52441 52442 52443 52444
2896 3 3 37833 41437 41438 41439 41440 41441 41442 41443 41444 41445 41446
2897 0 0 11256 18064 18070 18071 18072 18073 18074 18075 18076 18077 18078 67241
2898 0 0 7794 7867 13259 13277 13284 13320 13324 13327 13470 13483 28062 29261 29269 38750 38762 38766 38773 38778 38779 38780 38781 38782 38783 38784 67242
2899 2 2 17930 17943 17953 22326 24177 24220 24230 24233 24234 24235 24236 24237 24238 24239 24240
2900 0 0 10793 10805 11088 12681 12825 12989 12995 13000 13011 13031 13045 13626 13650 13671 13695 17622 27032 27033 27034 27035 27036 27037 67243
2901 4 4 33744 33783 39732 39773 44841 44844 44845 44846 44847 44848 44849
2902 2 2 23907 23920 24007 27768 27782 33531 33542 33543 33544 33545 33546 33547 33548
2903 0 0 21850 22087 25272 30780 30791 30797 30816 32729 32748 32755 40396 40403 41587 52376 52419 52428 52433 52436 52440 67244
2904 3 3 22108 23155 23172 23175 23189 24889 31527 32340 46024 46029 46049 46054 46058 46059 46060 46061 46062
2905 0 0 27308 27322 27362 28320 28338 28342 28343 28344 28345 67245
2906 0 0 4305 6208 7702 7742 7746 7752 7763 17184 17185 17186 17187 17188 17189 17190 17191 17192 67246
2907 0 0 6394 6402 10745 10752 10770 67247 67248
2908 3 3 46225 53481 53538 53545 53555 54241 55523 55525 55526 55527 55528 55529 55530 55531
2909 4 4 32370 32381 32382 33169 33199 33200 33201 33202 33203 33204 33205 33206
2910 0 0 6883 6893 6938 6949 18687 18688 18689 18690 18691 18692 67249
2911 1 1 42652 45158 45182 45755 45757 46137 46148 46174 46182 46191 46211 46212 46213 46214 46215 46216 46217 46218 46219 46220 46221
2912 3 3 14871 14876 14882 21786 21798 30328 41297 41301 41308 51967 51995 52017 60052 60065 60074 60083 60084
2913 4 4 46553 46576 46774 53953 61008 61024 62594 62602 62617 62628 62629 62630 62631
2914 2 2 42954 42967 42975 42984 42994 43002 43012 53248 53310 53471 53484 53498 53501 53502 53503 53504 53505 53506 53507 53508
2915 0 0 45881 49003 49058 49072 49075 49593 49615 49621 58390 58399 58416 58443 58446 58448
2916 4 4 16615 16695 28517 28525 28545 28548 28553 28556 28557 28558
2917 2 2 14185 14194 14208 14219 20775 20961 20986 23804 42478 42480 42496 42497 42498 42499 42500 42501 42502 42503 42504
2918 0 0 57646 62684 62703 62704 62705 62706 62707
2919 0 0 6526 9103 10983 10994 11000 11008 12221 12222 12223 12224 12225 12226 12227 12228 12229 12230 67250
2920 2 2 16394 17000 22307 23254 23378 23584 23598 24320 24321 24322 24323 24324 24325 24326 24327 24328 24329 24330 24331 24332
2921 0 0 64205 64208 66007 66024 66027 66034 66035 66036 66037
2922 4 4 31930 31947 31956 31957 31958 31959 31960 31961 31962 31963 31964 31965 31966
2923 0 0 321 2488 4626 4627 4628 4629 4630 67251
2924 0 0 4315 4330 7913 7918 13570 13576 13593 20198 20263 27396 37735 37846 37853 37854 37855 37856 37857 37858 37859 37860 67252
2925 0 0 18903 18911 25852 31607 42043 47579 52838 52845 52864 52889 52890 52891 52892 52893 52894 52895 67253
2926 3 3 46596 46602 46608 56382 56391 56422 56431 56453 56459 56460 56461 56462
2927 3 3 39529 44829 50387 50399 50409 50416 50417 50418 50419 50420
2928 0 0 47544 47545 47546 47547 47548 47549 47550 47551 47552 47553 47554
2929 2 2 35675 47270 47278 47284 47285 47286 47287 47288 47289 47290 47291 47292 47293 47294
2930 4 4 9073 9077 11191 11192 11193 11194 11195 11196 11197 11198 11199 11200 11201 11202 11203 11204
2931 3 3 43859 43872 46270 53409 54247 54265 61188 64813 66321 66334 66340 66344 66345 66346 66347
2932 1 1 45751 48033 58544 58593 58603 60428 60440 60444 60445 60446 60447 60448 60449 60450 60451 60452 60453 60454 60455 60456 60457 60458
2933 3 3 33227 39442 43926 43943 43944 43945 43946 43947 43948 43949 43950 43951
2934 1 1 35749 35778 36442 36447 36458 36574 36585 36678 42582 42585 42586 42587 42588 42589 42590 42591 42592
2935 3 3 46891 46898 46904 46908 46915 46921 46940 56427 56430 56449 56456 56461 56463 56464 56465
2936 4 4 35058 35065 35308 45786 45792 45802 46478 46485 46486 46487 46488
2937 3 3 7131 7354 12347 12539 26679 37170 37181 37185 37186 37187 37188 37189 37190
2938 3 3 45668 45681 45717 51424 51440 51503 51511 55823 55828 62077 62113 62127 62133 62145 62146
2939 0 0 1267 1320 2865 2891 2905 2914 2915 2916 2917 2918
2940 4 4 57111 57126 57133 57139 57142 57162 57170 57175 57191 57707 57716 57731 57732 57733
2941 3 3 64660 64661 64662 64663 64664 64665 64666 64667 64668 64669 64670 64671 64672 64673
2942 0 0 63073 63080 63083 63089 65408 65424 65428 65429 65435 65436 65437
2943 4 4 19539 26683 26691 37216 37235 37251 37266 37305 48587 48594 48599 48615
2944 0 0 9866 14292 14300 14301 14302 14303 14304 14305 14306 67254
2945 3 3 6216 9589 15152 16099 16106 16107 16108 16109 16110 16111 16112
2946 3 3 5254 6520 9098 9121 10996 10998 11005 11008 11009 11010 11011 11012 11013 11014 11015 11016 11017
2947 0 0 1077 8492 8507 8531 8544 8545 8550 8551 8552 67255 67256
2948 2 2 3986 12182 12196 19201 23015 25302 25984 26999 32575 32588 32595 32596 32597 32598 32599 32600 32601 32602 32603 32604
2949 0 0 23111 24173 38917 38925 38945 38961 38968 38973 38974 38975 38976 38977 67257
2950 3 3 50382 55740 58077 59237 61791 62919 62933 63864 63895 63900 63908 63911 63913 63914 63915 63916
2951 3 3 44087 44130 54924 54932 56998 57020 57034 57063 57652 65284 65297 65303 65304 65305
2952 3 3 39943 39975 39992 39993 40000 40001 40002 40003 40004 40005 40006 40007 40008 40009 40010 40011
2953 3 3 23762 42649 42650 42651 42652 42653 42654 42655 42656
2954 0 0 11594 18912 25593 25607 25610 25611 25612 25613 67258
2955 0 0 4233 4234 4235 4236 4237 4238 4239 67259
2956 3 3 16932 31235 31238 42186 42204 42206 42207 42208 42209 42210 42211
2957 0 0 4466 4473 4474 4475 4476 4477 4478 4479 4480 4481 4482 67260
2958 4 4 11548 12083 18660 25571 25572 25573 25574 25575 25576 25577 25578 25579 25580 25581
2959 0 0 5878 5890 7697 7761 9904 9990 16711 16721 16743 16750 16758 16759 16760 67261
2960 4 4 2033 2071 2120 2183 5009 5019 5028 5037 5038 5039 5040 5041 5042
2961 4 4 62520 62535 62544 62592 62614 62621 62622 62623 62624 62625
2962 3 3 22343 27451 27462 31148 31162 31163 31164 31165 31166
2963 0 0 7103 7104 7105 7106 7107 7108 7109 7110 67262
2964 0 0 8318 14323 14533 20580 21224 21238 21239 21240 21241 21242 67263
2965 3 3 21996 29868 29918 40956 40971 40988 41016 41026 41036 41038 41039 41040 41041
2966 3 3 28399 28419 28420 28421 28422 28423 28424 28425 28426 28427 28428 28429 28430 28431
2967 3 3 26519 37007 37030 37045 37060 37061 37062 37063 37064 37065 37066 37067 37068
2968 0 0 6407 6437 8407 8411 8457 8458 8459 8460 8461 8462 8463 67264 67265
2969 1 1 10301 10305 10352 10373 10384 17151 17302 17305 17319 17332 17374 17381 19845 22570 22708 22827 32085 32095 32103 32132 32133 32134 32135 32136
2970 0 0 2682 3115 5579 5588 5597 9549 9571 9585 11353 31037 31040 31049 31060 31078 31085 42159 42163 42169 42170 42171 42172 42173 42174 67266
2971 0 0 13616 28171 28179 28186 28187 28188 28189 28190 28191 28192 28193
2972 3 3 45154 45184 45761 46212 48508 55969 55982 55983 55984 55985 55986 55987
2973 0 0 8526 14398 14406 20834 21063 21736 21740 21805 30280 30291 30300 30334 30335 30336 30337 30338 30339 30340 30341 30342 30343 30344 30345 30346 67267
2974 2 2 21397 21398 21399 21400 21401 21402 21403 21404 21405 21406 21407 21408 21409 21410 21411
2975 0 0 1774 1775 1776 1777 1778 1779 1780 67268
2976 2 2 26402 26415 43386 43533 43548 43554 43558 43559 43560 43561 43562 43563 43564 43565 43566 43567 43568 43569 43570 43571
2977 3 3 20797 20811 23007 28887 28910 28917 28918 28919 28920 28921 28922 28923 28924 28925 28926 28927
2978 0 0 9602 9609 9660 9675 9676 9677 9678 9679 9680 9681 9682 9683 9684 9685 9686 9687 67269
2979 1 1 16066 32230 32238 32254 33389 33410 33419 33440 33458 34638 34648 34665 34666 34667 34668 34669 34670 34671 34672 34673 34674 34675
2980 3 3 22681 22690 22696 22704 22710 22725 22728 22735 31790 32077 32090 32091 32092 32093 32094 32095 32096 32097
2981 0 0 33734 44837 44853 44857 44866 44870 50583 50589 50590 50591 50592 50593
2982 4 4 806 810 3739 3740 3741 3742 3743 3744 3745
2983 0 0 1559 1591 3730 4052 4062 4089 4094 4095 4096 4097 4098 4099 4100 67270
2984 3 3 20471 20496 20526 28472 28831 28836 28871 39166 39183 39192 39198 39199 39200 39201
2985 3 3 25894 35878 36184 36197 36211 47418 47442 47448 47454 47455 47456 47457
2986 0 0 4196 7530 7539 7545 7551 7587 7594 7601 7602 7603 7604 7605 67271
2987 2 2 47306 47360 47372 56879 56887 56902 60628 60629 60630 60631 60632 60633 60634 60635 60636 60637
2988 0 0 755 1510 1543 1544 1545 1546 1547 1548 1549 67272 67273
2989 4 4 33261 33300 44214 44233 44337 44343 44344 44345 44346 44347 44348 44349 44350
2990 3 3 19249 19272 19529 26688 32656 32664 32669 32670 32671 32672 32673 32674
2991 2 2 54519 61442 61478 61486 61506 61515 61523 61538 61546 61550 61551 61552
2992 4 4 15942 15960 22688 32111 42659 42666 42683 42684 42685 42686 42687 42688 42689 42690
2993 4 4 42108 44561 44575 44590 44602 44612 44613 44614 44615 44616
2994 0 0 2940 2941 2942 2943 2944 2945 2946 2947 2948 2949 2950 67274
2995 3 3 6709 24574 31088 31092 42130 42154 42156 42167 42175 42178 42179 42180 42181 42182
2996 0 0 25398 25399 25400 25401 25402 25403 25404 25405 25406 25407
2997 3 3 63015 63025 63033 63040 63045 65331 65347 65348 65349 65350 65351 65352
2998 4 4 65536 65537 65538 65539 65540 65541 65542 65543 65544 65545 65546 65547
2999 0 0 23880 33384 33385 33386 33387 33388 33389 33390 33391
3000 2 2 31519 31524 31534 31539 31546 31560 31567 31576 31585 31633 31647 36025 42520 42521 42522 42523 42524 42525 42526
3001 3 3 30038 30045 30060 40302 40311 40329 59693 59714 59715 59720 59721 59722 59723 59724 59725
3002 3 3 29823 37697 37729 37773 37784 37788 38797 38816 38817 38818 38819 38820 38821
3003 0 0 4810 4818 4829 4836 4837 4838 4839 4840 4841 4842 4843 4844
3004 2 2 40810 43370 43494 43510 51852 52498 52510 52548 52551 61043 61064 61110 61112 61113 61114 61115
3005 3 3 659 669 679 1457 3460 3467 5755 5769 5770 5771 5772
3006 3 3 36158 42102 47680 47691 47709 47717 47718 47719 47720 47721 47722 47723 47724 47725 47726 47727
3007 3 3 3261 11188 18246 19429 25316 25395 35435 35447 35491 56712 56724 56725 56726 56727
3008 0 0 10405 10439 10454 10458 10459 10460 10461 10462
3009 0 0 3458 3473 5754 5767 5772 6740 6825 6868 6876 6897 6919 9424 9429 9445 9453 9461 9462 9463 67275
3010 4 4 36853 36861 42389 42422 42432 42444 42447 48287 48317 48336 48348 48349 48350 48351
3011 3 3 61359 61368 61376 61381 61386 64618 64621 65028 65036 65037 65038 65039 65040
3012 2 2 28770 28808 32490 32511 32533 36187 36254 36255 36256 36257 36258 36259 36260 36261 36262
3013 4 4 47719 47738 50092 50196 56128 57628 57632 57633 57634 57635 57636 57637
3014 3 3 61957 61998 62011 62012 62013 62014 62015 62016 62017 62018 62019 62020
3015 0 0 7824 7831 7838 7849 7866 13264 13287 13296 13313 13316 13318 13319 13320 13321 67276
3016 0 0 4765 8522 14405 14461 14888 20837 21777 21805 21806 21807 21808 21809 21810 21811 67277
3017 3 3 37988 38013 38088 38122 38150 38157 38159 38160 38161 38162 38163 38164
3018 0 0 8353 8354 8355 8356 8357 8358 8359 8360 8361 67278
3019 0 0 10096 10097 10098 10099 10100 10101 10102 10103 10104 67279
3020 4 4 21561 21564 24983 24989 29401 29402 29403 29404 29405 29406 29407 29408 29409
3021 3 3 39327 39341 39342 39343 39344 39345 39346 39347 39348 39349 39350
3022 0 0 828 1582 1589 3731 4001 4053 4063 4082 4092 4096 4101 4102 67280
3023 4 4 50062 50063 50064 50065 50066 50067 50068 50069 50070 50071 50072 50073 50074
3024 0 0 8354 8486 14624 14629 14636 14639 14640 14641 14642 14643 67281
3025 3 3 663 672 691 700 1454 2313 2331 2338 2341 2342 2343 2344 2345 2346
3026 0 0 1152 1812 1827 2442 2469 2477 7980 67282 67283
3027 0 0 13058 19620 19636 19667 19668 19669 19670 19671 19672 19673
3028 0 0 41760 43549 43550 52566 52586 52588 52589 52590 52591 52592
3029 0 0 20284 27397 28052 34091 38644 38666 38667 38668 38669 38670 38671 38672 38673 38674 38675 67284
3030 1 1 7281 19010 19029 19033 19079 19582 25963 25975 26033 26196 26205 26932 35764 35783 36342 36420 36454 36577 36608 36640 36656 36667 36668 36669 36670
3031 0 0 63963 63969 63978 64012 64022 64023 64024 64025 64026 64027
3032 2 2 24611 24622 33350 33381 33405 33421 33430 33442 34631 34646 34662 34668 44517 44534 45937 45949 45962 45984 45988 45993
3033 4 4 15544 15559 22427 22432 22433 22434 22435 22436 22437 22438 22439 22440
3034 0 0 145 155 263 264 265 266 267 67285 67286
3035 3 3 46230 46236 55525 56145 56170 56178 56179 56180 56181 56182
3036 0 0 292 1085 8346 8360 14632 14659 14668 21414 29962 30104 30126 30147 30149 30152 30153 30154 30155 67287
3037 2 2 32565 32688 32698 32708 43197 53638 53646 53667 53678 53686 53688 53689 53690 53691
3038 2 2 30214 33803 33831 41163 41164 41165 41166 41167 41168 41169 41170 41171 41172 41173 41174 41175 41176 41177
3039 3 3 1661 3217 6472 6481 6483 7484 7514 12605 12611 12614 12623 12624 12625 12626 12627 12628
3040 2 2 17611 17698 17704 17714 27215 27231 27232 27233 27234 27235 27236 27237 27238 27239 27240 27241 27242
3041 4 4 3124 6304 10518 10519 10520 10521 10522 10523 10524
3042 2 2 33797 40433 40434 40435 40436 40437 40438 40439 40440 40441 40442 40443 40444 40445 40446 40447 40448
3043 0 0 5633 5637 9267 9728 9734 9752 16388 17261 17267 22884 23383 42868 42877 42885 42896 42914 42924 43750 43776 43777 43778 43779 67288
3044 0 0 7821 7829 7834 7854 7865 7884 7885 67289
3045 4 4 5543 5544 5545 5546 5547 5548 5549 5550 5551 5552 5553 5554
3046 0 0 36 51 55 727 731 739 742 743 744 745 67290 67291 67292
3047 0 0 4663 14676 21544 29347 29348 29349 29350 29351 29352 29353 29354 67293
3048 3 3 26524 29495 36999 37044 37053 37062 37069 37070 37071 37072 37073 37074 37075 37076 37077 37078 37079 37080
3049 2 2 49734 55579 55608 55614 55624 55634 55644 55645 55646 55647 55648 55649 55650 55651 55652 55653 55654 55655 55656 55657 55658
3050 0 0 3253 5236 5241 5242 5243 5244 5245 5246 67294 67295
3051 3 3 52640 60310 60328 60337 60338 60339 60340 60341 60342 60343 60344
3052 1 1 40022 40033 40040 41327 50865 50900 50927 51929 51937 51950 51960 51988 52038 52061 52084 52109 52110 52111 52112 52113 52114 52115 52116 52117 52118 52119 52120
3053 3 3 10127 17075 24518 24519 24520 24521 24522 24523 24524 24525 24526
3054 4 4 44115 44915 47953 47968 54399 54407 54416 54417 54418 54419 54420 54421 54422
3055 3 3 27193 37441 37455 37459 37460 37461 37462 37463 37464
3056 2 2 21906 21919 21925 21932 30556 30624 30657 30697 30706 30710 30711 30712 30713 30714 30715 30716
3057 4 4 31259 32944 34229 43635 43667 43683 43685 43686 43687 43688 43689 43690 43691
3058 3 3 2794 2795 2796 2797 2798 2799 2800 2801 2802 2803
3059 4 4 8781 8787 8788 15160 15161 15162 15163 15164 15165 15166 15167 15168
3060 2 2 23157 23180 23211 23229 31011 31640 32297 32317 32345 32351 34680 46010 46040 46050 46059 46063 46064
3061 0 0 4631 4637 4638 4639 4640 4641 4642 67296
3062 0 0 5606 5614 9501 9504 9514 9517 9523 9524 9525 9526 9527
3063 0 0 103 516 1299 1314 2950 2977 2981 2990 2995 67297
3064 0 0 14465 14476 14894 16785 16786 16787 16788 16789 16790 16791 16792 16793 16794 16795 16796 67298
3065 2 2 55958 55967 55973 55981 55987 55990 56000 56006 56012 56018 56021 58552 58553 58554 58555 58556 58557 58558
3066 4 4 15566 22398 22410 22414 22425 22430 22433 37117 37137 37138 37139 37140 37141 37142 37143
3067 3 3 27119 27120 27121 27122 27123 27124 27125 27126 27127 27128 27129 27130 27131 27132 27133
3068 2 2 6386 10737 10748 10759 10778 10803 10816 10830 10834 10845 10916 10936 10941 10942 10943 10944 10945
3069 4 4 26521 36998 36999 37000 37001 37002 37003 37004 37005 37006 37007 37008
3070 2 2 21278 29464 29674 40185 41104 41141 41149 51020 51029 51031 51032 51033 51034 51035 51036 51037 51038 51039 51040 51041 51042 51043
3071 3 3 26410 41772 41801 43552 52564 52577 52578 52582 52592 52596 52604 52605 52606 52607 52608
3072 0 0 32713 32722 32723 32724 32725 32726 32727 32728 32729 67299
3073 2 2 23755 25293 35327 44974 53572 53606 53635 53649 53675 53745 53760 53861 57768 57783 57786 57794 57795 57796
3074 4 4 15028 15032 26440 26453 26468 28759 28765 30599 31345 42273 42285 42288 42312 42313 42314 42315
3075 3 3 17666 17676 17682 18261 18270 28380 29584 29598 29620 29646 29647 29648 29649
3076 3 3 37609 41415 49021 49649 49654 49655 49656 49657 49658 49659 49660 49661
3077 0 0 27616 33630 33663 33674 33676 33677 33678 33679 33680 33681 33682
3078 0 0 1074 8497 8529 8536 8545 8546 8547 8548 67300
3079 0 0 6014 9274 15967 15981 15998 16002 16011 16017 16021 16022 16023 16024 16025 67301
3080 2 2 21280 29331 29457 29458 29459 29460 29461 29462 29463 29464 29465 29466 29467 29468 29469
3081 0 0 17188 17202 19900 27846 27860 27868 33593 34508 34515 34516 34517 34518 34519 34520 34521 34522 67302
3082 0 0 40610 40661 48875 48889 48890 48891 48892
3083 0 0 8342 8352 8627 14607 14611 21381 21386 21387 21388 21389 21390 21391 21392 21393 21394 67303
3084 2 2 16328 16343 22275 23159 23194 23209 23231 23232 31006 31522 31526 31635 31642 32303 32306 46012 46046 46056 46060 46063 46065
3085 1 1 36416 36434 36438 36453 36459 36543 36565 36573 36574 36575 36576 36577 36578 36579 36580
3086 0 0 25156 27131 34440 34469 34483 34491 34493 34494 34495
3087 2 2 53806 53807 53808 53809 53810 53811 53812 53813 53814 53815 53816 53817 53818 53819 53820 53821 53822
3088 0 0 24420 33961 33988 43794 43813 54145 54176 54183 54187 54191 54192
3089 0 0 5256 6527 9118 9119 9120 9121 9122 9123 9124 67304
3090 2 2 3354 3446 4425 5090 8043 8059 13801 13811 13812 13813 13814 13815 13816 13817 13818 13819 13820 13821
3091 4 4 20371 20387 20419 20436 28228 28264 38593 38594 38595 38596 38597 38598 38599
3092 0 0 12204 16285 19294 19312 19313 19314 19315 19316 19317 19318 67305
3093 0 0 17066 23901 23927 23935 23940 23941 23942 23943 23944 23945 23946 23947
3094 4 4 41195 41202 41208 41215 43352 43427 43432 43460 43479 43480 43481 43482 43483
3095 2 2 25763 31618 31675 31704 33524 36103 36220 36250 44606 46103 47534 47535 47536 47537 47538 47539 47540 47541 47542 47543
3096 4 4 32307 32308 32309 32310 32311 32312 32313 32314 32315 32316
3097 3 3 53951 55705 59249 60923 60937 65168 65680 65686 65795 65807 65815 65817 65818
3098 2 2 62922 63763 63826 63842 63867 63874 63904 63907 63910 63913 63918 63919 63920 63921 63922 63923
3099 3 3 35512 35519 35520 35521 35522 35523 35524 35525 35526 35527 35528 35529
3100 0 0 55902 55919 62338 62357 62373 62391 62405 62407 62408 62409
3101 0 0 13879 13880 13881 13882 13883 13884 13885 13886 13887 13888 13889 13890 13891 67306
3102 4 4 45378 54131 56747 56766 56775 58143 58152 64588 64605 64606 64607 64608 64609 64610 64611 64612
3103 0 0 19643 27352 27358 27360 28319 28331 28334 28335 28336 28337 28338 28339 67307
3104 0 0 6326 6645 6646 6647 6648 6649 6650 6651 6652 6653 6654 6655
3105 0 0 813 2521 3926 3933 3998 7319 9188 9193 9194 9195 9196 9197 9198 9199 67308
3106 0 0 554 1366 3179 3384 11072 17853 17866 17867 17868 17869 17870 67309
3107 3 3 22554 22555 22556 22557 22558 22559 22560 22561 22562 22563
3108 3 3 13190 13201 13202 13203 13204 13205 13206 13207 13208 13209 13210
3109 3 3 9768 15974 15983 15984 15985 15986 15987 15988 15989 15990 15991
3110 0 0 273 275 1907 1908 1909 1910 1911 1912 67310 67311
3111 2 2 12588 12633 12638 12645 12651 12660 12668 25065 26816 31116 31123 31124 31125 31126 31127 31128 31129
3112 2 2 3166 10695 10696 10697 10698 10699 10700 10701 10702 10703 10704
3113 3 3 45198 45199 45200 45201 45202 45203 45204 45205 45206 45207 45208 45209 45210 45211 45212 45213 45214 45215 45216 45217
3114 4 4 28702 28703 28704 28705 28706 28707 28708 28709 28710 28711 28712 28713 28714 28715
3115 2 2 29033 29068 29089 29096 29133 29156 30260 30267 30269 30270 30271 30272 30273 30274 30275 30276
3116 2 2 6863 6864 6865 6866 6867 6868 6869 6870 6871 6872 6873 6874 6875
3117 4 4 49559 49566 49606 49625 51471 51478 58286 58313 58317 58327 58330 58359 58367
3118 4 4 52900 56953 57425 57463 60651 60667 60668 60669 60670 60671 60672
3119 0 0 417 1273 1288 2648 2661 2671 2870 2899 2901 2908 2930 2934 2935 67312
3120 3 3 13565 13605 20143 20153 20185 20218 20234 20245 20247 20253 20254 20255 20256
3121 2 2 30265 33833 41470 45074 45099 45104 45123 45124 45125 45126 45127 45128 45129 45130 45131 45132 45133 45134
3122 3 3 30283 30292 30299 30304 30312 30319 30342 40047 41262 52021 52032 52048 52049 52050 52051
3123 4 4 28927 28934 28939 33318 33332 33333 33334 33335 33336 33337 33338
3124 3 3 39081 39087 39095 39103 39106 48937 48950 58774 58785 58969 58970 58971 58972 58973 58974 58975 58976 58977
3125 2 2 14361 16775 20588 24092 24093 24094 24095 24096 24097 24098 24099 24100 24101 24102 24103 24104 24105 24106
3126 3 3 11842 25990 35379 36314 36326 36327 36328 36329 36330 36331 36332
3127 3 3 12925 12948 12965 12971 12972 12976 12977 12978 12979 12980 12981 12982 12983
3128 3 3 59347 59356 59368 59386 60858 60889 60902 60903 60904 60905 60906 60907 60908 60909 60910 60911
3129 2 2 9045 15042 21361 22018 22032 22050 22072 29850 29879 29882 29883 29884 29885 29886 29887 29888 29889 29890
3130 0 0 5981 7660 13060 19629 19633 19644 27305 27317 27325 27355 27358 27359 67313
3131 4 4 34969 35007 35021 35022 35023 35024 35025 35026
3132 3 3 63257 63381 63390 63407 63416 63417 63418 63419 63420 63421 63422 63423 63424 63425
3133 0 0 42424 42436 42437 42438 42439 42440 42441 42442 42443 42444 42445 42446
3134 4 4 46968 64974 64984 64995 65015 65026 66232 66239 66248 66262 66266
3135 3 3 36912 44901 47471 47478 53013 53014 53015 53016 53017 53018 53019 53020
3136 4 4 52004 52011 52022 64240 64245 64304 64306 64313 64320 64321 64322
3137 2 2 6703 10468 10469 10470 10471 10472 10473 10474 10475 10476 10477 10478
3138 0 0 32981 32986 42247 42248 42249 42250 42251 42252
3139 0 0 13549 20116 20282 20298 27998 28005 28076 28092 28098 28104 28105 28106 28107 28108 67314 67315
3140 0 0 31328 31333 31338 31343 31347 42269 42282 42293 42294 42295 42296
3141 2 2 9472 21848 25264 25283 25469 32756 32786 41589 41591 52378 52427 52435 52440 52443 52445
3142 0 0 3563 3600 3942 3962 3976 7004 7021 7024 7037 7044 7045 7046 7047 7048 7049 7050 67316
3143 3 3 52654 52671 52679 52692 52697 52700 52703 52704 52705 52706 52707 52708 52709
3144 2 2 38024 38031 38039 38047 38060 38067 38073 38082 38090 38092 38101 38120 38131 38132 38133 38134 38135 38136 38137 38138 38139
3145 3 3 36391 36452 44088 44097 44111 44122 44123 44124 44125 44126 44127 44128 44129 44130 44131
3146 3 3 40014 40031 41392 50852 50864 50865 50866 50867 50868 50869 50870 50871 50872 50873 50874 50875 50876 50877
3147 0 0 2733 5641 5649 9611 9617 9622 9624 9625 9626 9627 9628 9629 9630 9631 9632 9633 67317
3148 2 2 16907 16921 17905 17917 22361 24248 31202 32948 32954 33860 33900 43676 43704 43717 45292 48636 48637 48638 48639 48640 48641 48642 48643 48644
3149 3 3 22497 30637 36854 36925 36942 36951 36965 36969 36970 36971 36972 36973 36974
3150 3 3 20607 20827 24120 33306 33307 33308 33309 33310 33311 33312 33313 33314 33315
3151 3 3 15840 17743 17752 25034 25047 25052 25053 25054 25055 25056 25057 25058 25059 25060 25061
3152 4 4 19153 19164 26070 26071 26072 26073 26074 26075 26076 26077
3153 3 3 6167 6168 6169 6170 6171 6172 6173 6174 6175 6176 6177 6178 6179
3154 3 3 59191 62896 63471 63488 63495 63516 65621 65634 65638 65652 65672 65674 65693 65694
3155 2 2 40363 40388 41575 41611 41624 41636 41646 41651 41652 41653 41654 41655 41656
3156 2 2 37632 37655 38381 39326 39335 43324 45854 55729 55944 59308 59314 59330 60935 60943 65108 65123 65152 65156 65159 65162 65165 65166
3157 0 0 259 260 261 262 67318 67319
3158 3 3 48188 48194 48198 57876 57888 57889 57890 57891 57892
3159 3 3 56506 56518 56537 56564 56585 56610 59654 59889 59898 59901 59902 59903 59904 59905
3160 4 4 44864 50578 50587 50591 50641 50654 61625 61656 61661 61672 61674 61675 61676 61677
3161 4 4 54893 54894 54895 54896 54897 54898 54899 54900 54901 54902 54903
3162 3 3 5625 9759 9765 9766 9767 9768 9769 9770 9771 9772 9773 9774 9775
3163 4 4 7318 9394 9395 9396 9397 9398 9399 9400 9401 9402
3164 0 0 2689 3112 5114 10269 10408 10445 15130 23249 24566 24569 42123 42124 42125 42126 42127 42128 42129 42130 42131 67320
3165 2 2 7249 11558 11792 11809 12088 12089 12090 12091 12092 12093 12094 12095 12096
3166 0 0 8247 8269 14260 20636 20653 20681 20686 20687 20688 20689 20690 20691 67321
3167 0 0 11543 11563 12085 18653 18659 25575 35725 35734 35736 35737 35738
3168 0 0 54120 54134 56771 61142 61144 61153 64602 64612 64647 64653 64654 64657 64659
3169 2 2 40481 40489 51165 51184 56500 56606 56641 56665 56668 58029 58036 58038 58039 58040 58041 58042 58043 58044 58045 58046
3170 4 4 47151 47156 47544 47559 47562 47573 56914 60661 64662 64677 64685 64687 64688 64689
3171 0 0 30458 40074 41855 41872 41881 50806 50812 50831 50832 50833 50834
3172 2 2 46004 46017 46025 46038 46042 46047 46051 46057 46062 46064 46065 46070 46071 47517 47524 47532 53098 53105 53112 53114 53115 53116 53117 53118 53119
3173 2 2 527 1300 2637 2644 3084 3098 6187 6195 10288 10314 10333 10338 10343
3174 2 2 23751 33237 33238 33239 33240 33241 33242 33243 33244 33245 33246 33247 33248 33249 33250 33251 33252
3175 0 0 1055 1928 3164 3242 6363 6364 6365 6366 6367 6368 6369 6370 6371 6372 67322
3176 4 4 23293 23311 23352 23353 23354 23355 23356
3177 3 3 21341 21348 28372 29718 29737 29764 29790 35111 46619 49822 49839 49854 49855 49856 49857 49858
3178 0 0 13252 13253 13254 13255 13256 13257 13258 13259 13260 13261 13262 13263 13264 13265 13266 67323
3179 2 2 18875 26220 35723 35732 36675 42604 42609 47177 47196 47210 47214 47233 47234 60683 60690 60695 60696 60697 60698
3180 3 3 19371 19428 25393 26636 35433 35457 35462 35472 35478 35484 35490 35492 35493 35494
3181 0 0 148 152 332 1045 2353 2364 2368 2369 2370 2371 2372 67324
3182 0 0 13588 13595 13617 13618 13619 13620 13621 13622 13623 13624 13625
3183 0 0 13260 13272 13288 13289 13290 13291 13292 13293 13294 67325
3184 2 2 19577 25961 26595 26793 26801 26827 26833 26837 26888 26894 26906 26907 26908 26909 26910 26911 26912 26913 26914 26915 26916 26917 26918 26919
3185 2 2 11272 18509 18544 18552 18557 18582 18587 21599 24943 24956 35107 35559 35560 35561 35562 35563 35564 35565
3186 3 3 3488 3501 8898 15101 15210 15216 15217 15218 15219 15220 15221
3187 0 0 3862 4167 7114 7164 7275 25998 26019 26022 26042 26047 26048 26049 26050 26051 67326
3188 0 0 14343 29298 39548 39619 39620 39621 39622 39623 39624 39625 39626 39627 39628 39629 39630 67327
3189 0 0 41049 41072 41075 41078 41079 41080 41081 67328
3190 2 2 25340 25346 33058 43735 46790 46800 46807 46808 46809 46810 46811 46812 46813 46814 46815 46816 46817
3191 2 2 1168 1568 3545 3830 11969 12066 12098 12121 12125 18828 18863 18870 19165 26105 26118 26136 26140 26154 26157 26158 26159 26160
3192 3 3 25779 35912 35920 35929 53138 53456 54438 62209 62243 62253 62256 62257 62258 62259
3193 2 2 46635 46654 46664 48377 48382 48397 48457 48458 48459 48460 48461 48462 48463 48464 48465 48466 48467 48468
3194 2 2 10296 10304 10316 10326 10336 10342 10343 10356 17127 17139 17143 17150 17156 17162 22683 22825 22835 22843 22844 22845
3195 0 0 6518 17733 17763 24994 25007 25014 25140 25145 25146 25147 25148 25149 67329
3196 4 4 44955 44956 44957 44958 44959 44960 44961 44962 44963 44964
3197 3 3 48910 48924 48932 48943 48957 48967 48971 48972 48973 48974 48975 48976
3198 3 3 51031 52497 54072 54083 59808 59823 59833 59845 59846 59850 59851 59852 59853 59854
3199 4 4 6171 10383 15777 15784 22675 22702 22705 31789 32087 32096 32099 32136 32141
3200 0 0 13495 13511 13521 13528 16736 24453 24462 24467 24474 24477 28086 34063 34064 34065 34066 34067 34068 67330
3201 2 2 5899 9944 9962 9981 16728 16751 16769 27653 27672 27679 28957 38019 38093 38094 38095 38096 38097 38098 38099 38100
3202 4 4 33641 34266 34271 34272 34273 34274 34275 34276 34277 34278 34279 34280 34281
3203 2 2 28046 28060 37824 38633 38640 38648 38696 38697 38698 38699 38700 38701 38702 38703 38704 38705
3204 4 4 11921 11925 11926 11927 11928 11929 11930 11931 11932 11933
3205 3 3 44139 47407 54605 54702 54976 54991 57535 61391 61402 61405 61528 61549 61554 61557 61564 61565
3206 3 3 28774 32492 33465 36259 36265 36280 36281 36282 36283 36284 36285 36286 36287 36288 36289 36290 36291
3207 3 3 2210 5110 5126 5133 5398 5409 5415 5416 5417 5418 5419 5420 5421 5422
3208 2 2 31161 31166 31185 31194 31201 31209 31215 31228 31255 31266 34156 34157 34158 34159 34160 34161 34162 34163 34164 34165 34166 34167 34168
3209 3 3 2940 2951 2952 2953 2954 2955 2956 2957 2958 2959 2960
3210 0 0 523 1339 1342 3087 3103 3104 3105 3106 3107 67331
3211 3 3 8060 8068 8086 11760 13804 13811 13822 13851 13858 20469 20493 20504 20518 20519 20520 20521
3212 0 0 3404 6757 6769 6780 11423 11434 11494 11501 11899 18664 18681 25545 25546 25547 25548 25549 25550 25551 67332
3213 0 0 4947 6211 9591 15151 16108 16301 16313 16319 16322 16323 16324 16325 67333
3214 1 1 8636 22088 30828 30837 30861 32678 43263 52636 52646 53771 53777 53804 53926 60341 60348 60358 60361 64516 64522 64524 64531 64540 64550 64551 64552 64553 64554
3215 2 2 6718 10523 10534 10547 10586 11359 11373 17284 17296 18621 18630 31021 31031 31038 31055 31062 31090 31094 42144 42151 42180 52912 52922 52926 52931 52936 52937
3216 0 0 7321 9193 9395 9406 23038 23056 23062 23063 23064 23065 67334
3217 0 0 10955 11304 18433 18451 18469 18476 18479 18487 18488 18489 18490 67335
3218 0 0 11360 11371 18625 25536 31020 31032 31038 31039 31040 31041 31042 31043 31044
3219 3 3 24613 24621 33375 33376 33377 33378 33379 33380 33381 33382 33383
3220 3 3 23843 23847 23853 28930 33262 33316 33317 33318 33319 33320 33321 33322 33323 33324
3221 2 2 29224 33538 33569 33575 33578 33579 33580 33581 33582 33583 33584 33585 33586
3222 3 3 40722 40794 45661 45676 45691 55802 55807 55826 55833 55837 55850 55861 55862 55863 55864 55865 55866
3223 3 3 25039 25040 25041 25042 25043 25044 25045 25046 25047 25048 25049 25050 25051
3224 2 2 8572 14840 21261 30755 30758 41857 41866 41875 51869 51883 51891 51906 51909 59943 59954 59957 59961 59963 59964
3225 3 3 10529 10546 10585 11337 11358 11372 17325 17344 18601 18612 18620 18621 18622 18623 18624 18625 18626 18627
3226 2 2 25071 25978 35626 35688 35743 35756 35765 35769 35770 35771
3227 3 3 2771 4474 4560 4887 5818 8131 8132 8133 8134 8135 8136 8137 8138 8139 8140
3228 3 3 29185 29186 29187 29188 29189 29190 29191 29192 29193 29194 29195
3229 0 0 1682 1785 4315 4316 4317 4318 4319 4320 4321 4322 4323 4324 67336
3230 2 2 12507 12512 12528 12534 19352 26842 26883 26885 26891 26900 26913 26945 26951 26953 26954 26955 26956
3231 3 3 26125 26146 36636 36653 36664 36671 42578 42593 42606 42609 42610 42611 42612
3232 0 0 14507 14514 14524 14529 20738 20739 20740 20741 20742 20743 20744 20745 20746 67337
3233 0 0 1049 4689 8328 8329 8330 8331 8332 67338
3234 0 0 122 131 169 175 184 188 627 632 633 634 635 636 637 638 639 640 67339
3235 0 0 855 877 1122 1123 1124 1125 1126 1127 1128 67340
3236 0 0 49493 49501 55611 55627 58928 58943 58947 58948 58949 58950 58951
3237 0 0 420 429 447 464 475 484 490 491 492 493
3238 0 0 34877 54254 64789 64798 64806 64807 64808 64809 64810
3239 3 3 12211 16284 19296 19317 48181 48233 48267 48268 48269 48270
3240 3 3 1479 1482 1495 3678 3689 6466 7003 7009 7026 7038 7039 7040 7041 7042 7043
3241 3 3 9873 13293 13298 13310 14313 23917 28968 28980 28983 28984 28985 28986 28987
3242 2 2 12906 13007 13026 19598 27033 27050 27057 27175 34437 34458 34472 34479 37371 37374 37385 37394 37395 37396 37397 37398 37399
3243 3 3 10009 10016 10022 16826 16831 16843 24148 24160 24162 24163 24164 24165
3244 3 3 5149 10032 15286 15335 16967 16978 16984 16987 16999 24351 24373 24377 24386 24392 24393 24394 24395
3245 2 2 9726 9732 9737 16384 16385 16386 16387 16388 16389 16390 16391 16392 16393 16394
3246 0 0 5555 5556 5557 5558 5559 5560 5561 5562 67341
3247 0 0 9789 16477 16490 16498 20817 22996 22997 28793 28855 28859 28872 28873 28874 28875 67342
3248 4 4 31381 36897 42351 42359 42387 42409 42410 42411 42412 42413 42414 42415 42416
3249 2 2 15968 16005 16436 16457 22806 23607 23622 23631 24627 33115 33124 33136 33145 33147 33148 33149
3250 4 4 47393 47406 47415 47487 54980 55001 55010 57104 57120 57127 57128 57129 57130 57131 57132 57133
3251 0 0 6132 8957 8973 10154 10158 10163 10164 10165 10166 10167 10168
3252 0 0 7610 10766 10771 10772 10773 10774 67343 67344
3253 3 3 4129 4152 7267 11684 11717 11915 11916 11917 11918 11919 11920 11921 11922 11923 11924
3254 4 4 43101 43107 43111 43115 43118 47835 47874 47877 47891 47901 47903 47904
3255 2 2 20013 20037 20038 20039 20040 20041 20042 20043 20044 20045 20046 20047
3256 2 2 18373 18376 18381 18411 18500 18515 18519 18525 18532 18585 18595 18597 18598 18599 18600
3257 0 0 1041 3291 3302 3338 3345 3362 3369 3370 3371 67345
3258 3 3 1233 1234 1235 1236 1237 1238 1239 1240 1241 1242 1243
3259 0 0 12688 12831 12949 12958 12970 12976 12984 12985 12986 12987 12988 12989 67346
3260 4 4 47862 47888 47898 55073 55087 55092 55093 55094 55095 55096 55097 55098 55099 55100
3261 4 4 22617 53173 53182 54624 54630 54650 54660 54666 54669 54670 54671
3262 2 2 41777 41786 41791 41796 41806 41810 52615 52620 57928 57949 57973 57982 57985 57986 57987 57988
3263 0 0 21336 28413 28444 29507 29517 29518 29519 29520 29521 29522 29523 29524 67347
3264 3 3 20795 20813 22972 23004 28876 28884 28885 28886 28887 28888 28889
3265 4 4 47911 48283 48309 48346 48358 53081 53090 62766 62797 62799 62810 62811 62812 62813 62814 62815
3266 4 4 25294 32707 53631 53641 53642 53643 53644 53645 53646 53647 53648 53649
3267 0 0 6284 10564 10572 10583 10593 10594 10595 67348
3268 3 3 23390 24327 24338 42262 42907 42951 43808 53326 53472 53497 53507 53509 53510 53511 53512
3269 0 0 119 131 132 133 134 135 136 137 67349 67350
3270 2 2 15098 15208 15220 15229 15242 22229 25870 33485 33486 33487 33488 33489 33490 33491 33492 33493
3271 0 0 7784 7796 13477 13479 13532 13536 13537 13538 13539 13540 13541 13542 67351
3272 3 3 52950 60464 60487 60508 60509 60518 61125 61126 61127 61128 61129 61130 61131 61132 61133 61134 61135
3273 3 3 16650 16657 16664 16668 16678 16771 20062 27892 27933 38532 38554 38560 38561 38562
3274 3 3 33236 39444 43997 58599 60446 61409 61414 61415 61416 61417 61418 61419 61420 61421
3275 3 3 5204 5214 8999 15341 15342 15343 15344 15345 15346 15347 15348 15349
3276 1 1 41799 45056 48069 48094 48098 48113 48125 48405 53076 55191 55241 55394 57939 57951 57972 60174 60181 60185 60186 60187 60188 60189 60190
3277 4 4 48761 49029 51242 51252 51253 51254 51255 51256 51257 51258
3278 3 3 28781 28815 28835 28838 28843 28844 28845 28846
3279 0 0 1807 4381 4396 5714 5725 5793 13779 13792 13795 16496 16506 20548 20553 20554 20555 20556 67352
3280 2 2 38339 39336 40002 48991 49014 49262 49269 49381 49387 58079 58396 58404 58427 58449 58458 58465 58720 58721 58722 58723 58724 58725 58726 58727 58728 58729
3281 3 3 46843 54112 56740 56761 56777 58141 60974 60975 60976 60977 60978 60979
3282 3 3 44881 44890 44926 44939 54949 54956 61448 61472 61480 61499 61505 61506 61507 61508
3283 3 3 40473 64841 64849 65282 66351 66365 66371 66376 66407 66435 66437 66447 66448
3284 4 4 24997 25148 25635 25671 35127 35134 35138 35153 35176 35599 47067 47087 47093 47096 47097 47098 47099
3285 3 3 42436 48400 48401 48402 48403 48404 48405 48406 48407 48408 48409 48410 48411 48412
3286 2 2 21386 22004 29863 29878 29911 29922 29986 30006 30013 30015 30016 30017 30018 30019 30020 30021
3287 2 2 46246 49085 49105 49427 49446 56220 56229 56256 56294 56329 56331 56341 64773 64803 66271 66279 66280 66281 66282 66283 66284 66285
3288 3 3 22346 24278 31142 31262 31271 31272 31273 31274 31275 31276 31277 31278 31279 31280 31281
3289 3 3 31463 31573 42520 42529 46008 46072 46087 47522 47527 53099 53102 53121 56058 56066 56072 56074 56075 56076
3290 3 3 28366 28385 29570 40509 40532 40533 46591 46597 46598 46599 46600 46601 46602
3291 0 0 22096 40400 41890 41902 41925 41931 41932 41933 41934 41935 41936 41937 41938 41939 41940 41941 67353
3292 0 0 8535 14368 14369 14370 14371 14372 14373 14374 67354
3293 4 4 23258 31137 32971 32983 42247 52979 52981 52982 52983 52984 52985 52986 52987
3294 2 2 17885 17893 17898 17903 25628 25648 25656 25659 25675 25688 25690 25691 25692 25693 25694
3295 3 3 34043 43820 43826 53007 53552 55505 55512 55514 55515 55516 55517 55518 55519
3296 0 0 6754 11592 11889 18904 18912 18913 18914 18915 18916 18917 18918 18919 67355
3297 2 2 48973 49636 49730 49739 49757 49772 49774 58516 58954 58986 59000 59005 59013 59014 59015 59016
3298 0 0 3248 3255 5230 5249 6572 6573 6574 6575 6576 67356
3299 3 3 52719 60309 60317 60331 60333 60334 60335 60336
3300 3 3 29577 40492 40505 40506 40507 40508 40509 40510 40511 40512 40513 40514 40515
3301 0 0 12357 12536 19345 19357 37278 37287 37294 37295 37296
3302 0 0 46703 54775 54833 61607 65066 65076 65080 65082 65083 65084 65085
3303 2 2 37413 37424 37437 37603 48626 48633 48653 48672 48690 48698 58171 58176 58182 58200
3304 3 3 39937 39969 39977 39986 39996 40009 58523 61884 63100 63118 63121 63135 63138 63139 63142
3305 0 0 55880 55885 62074 62087 62104 62106 62120 62130 62131 62132
3306 0 0 1679 1685 7920 7928 20190 20191 20192 20193 20194 20195 20196 20197 67357 67358
3307 0 0 28121 28278 28307 49786 49791 49796 49797 49798 49799
3308 4 4 52096 59971 64250 64277 65918 65945 65952 65958 65959 65960 65961 65962 65963 65964
3309 0 0 1913 1914 1915 1916 67359 67360
3310 0 0 34055 34062 34099 34114 34115 34116 34117 34118 34119
3311 2 2 5548 9567 17447 17464 17474 17477 23224 25540 25543 32268 32284 32288 32331 32467 32472 32477 32479 32480 32481 32482
3312 2 2 8521 14455 14458 14864 14887 14901 21775 21776 21777 21778 21779 21780 21781 21782 21783
3313 3 3 10028 10029 10030 10031 10032 10033 10034 10035 10036 10037 10038 10039 10040 10041
3314 3 3 15280 15292 15299 15308 15316 15323 15330 24346 24369 24370 24371 24372 24373 24374 24375 24376
3315 3 3 28580 33194 38170 43958 49150 49163 49184 49187 49188 49189 49190 49191 49192 49193 49194
3316 3 3 34640 34647 45932 45947 45969 45973 45983 45984 45985 45986 45987
3317 0 0 8220 14517 21708 21713 21714 21715 21716 21717 21718 67361
3318 2 2 7285 11931 11944 12161 12173 19014 19023 19032 19059 25996 26011 26024 26030 26031 26032 26033 26034 26035 26036 26037 26038 26039 26040
3319 0 0 32310 32320 32334 45938 45978 45980 45991 45994 45995
3320 2 2 33605 33611 33649 33668 37984 38129 38147 38156 38175 43984 44705 49158 49167 55996 56008 56017 58620 58636 58642 58645 58653 58673 58674
3321 2 2 20040 23875 23893 27908 27924 33360 33370 33380 33397 33402 33413 33424 33425 33426 33427 33428 33429 33430 33431 33432
3322 3 3 17842 17887 25625 25626 25627 25628 25629 25630 25631 25632
3323 3 3 46256 46262 46272 46278 46280 46285 54258 54261 54262 54263 54264 54265 54266 54267
3324 3 3 6629 11141 11153 11154 11155 11156 11157 11158 11159 11160 11161 11162
3325 4 4 52129 52136 64176 64187 64261 64266 64279 64289 64293 64294 64295
3326 4 4 3852 6487 7173 7181 7182 7183 7184 7185 7186 7187 7188
3327 2 2 3705 3737 4068 4090 4105 4115 6500 6505 6965 6972 6975 7178 7193 7208 7209 7210 7211 7212 7213 7214
3328 0 0 13641 20457 27198 27326 27346 27365 28346 28355 28357 67362
3329 2 2 34656 44378 44391 44396 44546 44579 47735 50046 50064 50084 50087 50090 50091 50092 50093 50094 50095 50096 50097 50098 50099 50100 50101
3330 3 3 20876 20901 20906 20907 20908 20909 20910 20911 20912 20913 20914 20915 20916 20917
3331 4 4 34339 40583 45533 50707 55717 55720 55721 55722 55723
3332 3 3 58205 58206 58207 58208 58209 58210 58211 58212 58213 58214 58215 58216 58217 58218
3333 0 0 1368 1646 6618 9465 12251 12271 12286 12287 67363
3334 3 3 41620 41644 41671 41695 51728 52490 52780 52791 52798 52807 52817 52818 52819 52820
3335 0 0 8532 8542 8555 14372 14375 14376 14377 14378 14379 14380 67364
3336 2 2 33315 33324 33331 33338 33343 33348 33483 36299 39379 39386 39388 39397 44423 44445 44460 50366 55077 59428 63262 63263 63264 63265 63266 63267 63268 63269 63270
3337 0 0 41047 41058 41069 41088 41090 41352 41360 64284 64291 64297 66142 66152 66157 66161 66165 66170 66171 67365
3338 3 3 5746 5747 5748 5749 5750 5751 5752 5753 5754 5755 5756
3339 1 1 41430 41436 41446 41454 49736 49970 50892 50940 51679 51695 52177 52198 52199 52200 52201 52202 52203 52204 52205 52206 52207 52208
3340 3 3 24823 33176 34717 34732 43975 46114 46136 46145 46158 46205 46206 46207 46208 46209 46210
3341 4 4 13373 14083 19924 19941 19950 19961 19962 19963 19964 19965 19966 19967
3342 0 0 7991 8000 23767 23768 23769 23770 23771 23772 23773 23774 67366
3343 2 2 29969 29977 30025 30056 30070 40371 40944 40964 41607 41627 41628 41629 41630 41631 41632 41633 41634 41635
3344 2 2 16703 16704 16705 16706 16707 16708 16709 16710 16711 16712 16713 16714
3345 2 2 33040 33085 46820 46976 48572 48580 56769 60992 60999 61032 66234 66256 66259 66267 66269
3346 3 3 32531 36174 36186 36257 36270 36272 36273 36274 36275 36276 36277 36278 36279
3347 2 2 4906 4985 5005 5076 5436 5440 9304 9305 9306 9307 9308 9309 9310 9311 9312 9313
3348 3 3 3955 3963 3969 7069 7242 7295 11794 11798 11806 11807 11808 11809 11810 11811
3349 3 3 40663 40672 51302 51334 51349 51350 51375 51380 51385 51452 51482 51487 51488 51489 51490 51491 51492
3350 2 2 6832 6908 9451 11317 11324 11569 11574 11642 16179 18744 18762 18763 18764 18765 18766 18767
3351 0 0 21466 21467 21468 21469 21470 21471 21472 21473 21474 21475 21476 21477 21478 67367
3352 3 3 16060 16081 17176 17177 17178 17179 17180 17181 17182 17183
3353 3 3 44072 44073 44074 44075 44076 44077 44078 44079 44080 44081 44082 44083
3354 2 2 52608 52618 52626 60176 60183 60206 60210 60299 64440 64449 64464 64466 64467
3355 2 2 22002 30771 30802 30808 40338 40343 40351 40356 40365 40941 40950 40954 40967 40974 41577 41609 41618 41632 41645 41646 41647 41648 41649 41650
3356 0 0 52833 52844 52858 52859 52860 52861 52862 52863 52864 52865 52866 52867 52868 52869 52870 52871 67368
3357 0 0 2729 2730 2731 2732 2733 2734 2735 67369
3358 0 0 9483 9488 19229 19230 19231 19232 19233 19234 19235 19236 19237 67370
3359 3 3 64305 64310 64319 64322 64326 64328 64332 66144 66146 66158 66166
3360 0 0 15891 15898 15907 15912 15921 15928 15933 17098 17100 17111 17119 17122 17123
3361 0 0 7708 13196 13224 13230 13239 13240 13241 13242 13243 67371
3362 2 2 23761 42654 45742 45743 45744 45745 45746 45747 45748 45749 45750 45751 45752 45753 45754 45755 45756
3363 2 2 5644 5662 9619 9627 16396 22305 23270 23289 23312 23328 23351 23355 23357 23358 23359 23360 23361 23362 23363 23364 23365 23366 23367
3364 3 3 29157 40028 40034 41390 41401 41405 41406 41407 41408 41409
3365 0 0 572 1752 1753 1754 1755 1756 1757 1758 1759 1760 67372 67373
3366 3 3 37675 37873 49015 52255 58409 58727 58746 58747 58748 58749 58750 58751 58752 58753
3367 2 2 22633 22634 22635 22636 22637 22638 22639 22640 22641 22642 22643 22644 22645 22646 22647 22648
3368 4 4 37614 41411 49022 49652 49655 49748 52202 58509 60127 64382 64401 64404 64411 64413
3369 0 0 4650 4652 8149 8150 8151 8152 8153 8154 8155 8156 67374
3370 4 4 36160 36182 36216 36306 44622 47666 47676 47693 47697 47698 47699 47700 47701 47702 47703
3371 2 2 21110 29259 29303 39547 39578 39622 39659 39915 39935 39947 39959 39960 39961 39962 39963 39964 39965 39966 39967 39968 39969
3372 2 2 7679 10132 10145 13052 17074 17075 17076 17077 17078 17079 17080 17081 17082 17083 17084
3373 0 0 35578 35587 35592 35610 35640 35650 35655 35658 35659
3374 0 0 7348 12258 12318 12331 12340 12341 12342 12343 67375
3375 4 4 15626 15639 22459 22470 22475 31284 31290 31291 31292 31293 31294 31295 31296 31297 31298 31299 31300
3376 0 0 29700 40915 43454 43493 51530 51536 51542 51543 67376
3377 3 3 28424 29804 38834 38858 38872 38878 40624 40933 51552 51564 51571 51572
3378 2 2 33792 40437 40449 40450 40451 40452 40453 40454 40455 40456 40457 40458 40459 40460 40461 40462
3379 0 0 2828 2957 2965 2975 5996 6015 6029 6065 6069 6089 6090 6091 6092 6093 6094 67377
3380 0 0 4 257 296 930 931 932 933 934 935 936 937 938 939 67378
3381 0 0 24049 24050 24051 24052 24053 24054 24055 24056 24057 24058 24059 24060 24061
3382 4 4 29536 29537 29538 29539 29540 29541 29542 29543 29544 29545 29546 29547
3383 4 4 27223 34145 34146 34147 34148 34149 34150 34151 34152 34153 34154 34155
3384 4 4 11739 15109 15110 15111 15112 15113 15114 15115 15116 15117 15118
3385 4 4 16689 20067 27888 27899 28941 28949 28950 28951 28952 28953 28954
3386 2 2 40092 40108 40131 50856 50876 50878 50897 50918 51945 51947 52226 52231 52291 52328 52329 52338 52339
3387 0 0 48305 50256 50264 50278 57665 59178 62733 62742 62765 62766 62767 62768 62769 62770 62771
3388 2 2 52208 52216 52230 52240 52246 52251 60111 64381 64400 64403 64408 64409 64410 64411 64412
3389 0 0 1668 10122 12693 12879 12884 15467 24195 24196 24197 24198 24199 24200 24201 24202 67379
3390 3 3 29547 29558 40179 41095 41102 48418 48433 48434 48435 48436 48437 48438
3391 0 0 2693 2724 6318 8955 8965 31028 31046 31056 31057 31066 31070 31071 31072 31073 67380
3392 1 1 30487 41652 41892 50955 50995 51002 51007 51048 51061 51066 51071 51075 51076 51077 51078 51079 51080 51081 51082
3393 2 2 16749 17197 17206 27652 27669 27676 27680 27844 33597 38026 38035 38107 38113 38114 38115 38116 38117 38118 38119
3394 0 0 40308 40315 40321 40326 40330 40332 59699 59713 59722 59742 59743 59744 59745 67381
3395 1 1 12362 25303 25988 32598 32611 32704 35323 35353 35361 35369 35370 35371 35372 35373 35374 35375 35376 35377 35378 35379 35380 35381 35382 35383
3396 2 2 12419 18188 18228 18232 19488 19492 19507 23468 26553 26580 26621 26628 26629 26630 26631 26632 26633
3397 2 2 27200 27201 27202 27203 27204 27205 27206 27207 27208 27209 27210 27211 27212 27213 27214 27215 27216 27217 27218 27219
3398 3 3 17430 19807 19820 19829 22590 27876 34963 34988 34995 34998 34999 35000 35001 35002
3399 4 4 30823 30843 53763 53773 53774 53775 53776 53777 53778
3400 3 3 9909 9929 9934 9954 9970 16646 16658 16659 16660 16661 16662 16663 16664 16665 16666 16667
3401 0 0 43745 43764 43773 45380 45393 45415 45416 45417 45418 45419 45420 45421 45422
3402 0 0 8321 8322 8323 8324 8325 8326 8327 67382 67383
3403 0 0 21888 30415 30429 30431 30432 30433 30434 30435 30436 30437 30438 67384
3404 4 4 48439 48440 48441 48442 48443 48444 48445 48446 48447 48448
3405 2 2 27410 27430 27431 27432 27433 27434 27435 27436 27437
3406 4 4 47364 57226 57229 57232 57233 57234 57235 57236 57237
3407 4 4 23879 33290 33390 33393 34622 34623 34624 34625 34626 34627 34628 34629
3408 0 0 5141 5927 5931 5938 5947 5974 8981 8989 15321 15329 17012 17959 17962 24358 24372 24390 24396 24406 24410 24411 24412 67385 67386
3409 3 3 34295 45524 45733 51412 51431 55712 56039 62078 62097 62118 62124 62138 62147 62148 62149 62150
3410 0 0 1773 4269 4277 4284 4293 5865 8680 9852 13397 13442 13467 13468 67387
3411 0 0 11629 18755 18800 18804 18813 18815
3412 0 0 13488 20267 20274 20286 20302 28030 28053 34073 34077 34081 34090 34091 34092 34093 34094 34095 34096 67388
3413 1 1 15215 15221 15230 15240 15248 15256 15263 15270 19989 22227 22238 25913 25929 25945 25956 32248 33490 33501 33509 33510 33511 33512 33513 33514 33515 33516 33517
3414 0 0 7342 11112 11115 11129 12325 12483 19275 19334 26702 26706 26709 26710 26711 26712 26713 26714 26715 67389
3415 2 2 56064 56081 56115 56138 57267 57279 57293 57338 57345 57360 57554 57578 57581 57591 57592 57593 57594
3416 0 0 20922 29067 29083 29091 29101 29102 29103 29104 29105 67390
3417 3 3 15589 15653 21951 26247 26383 27006 31359 31373 42343 42361 42363 42371 42372 42373 42374 42375
3418 3 3 1831 1832 1833 1834 1835 1836 1837 1838 1839 1840 1841 1842
3419 3 3 30530 30538 30550 41113 41142 41155 41741 50808 50818 50825 50829 50835 50836 50837 50838 50839 50840
3420 4 4 28116 28118 28119 28120 28121 28122 28123 28124 28125 28126 28127
3421 3 3 20560 20575 22911 22924 22937 23886 33452 33462 44537 44538 44539 44540 44541 44542
3422 3 3 36185 36196 36203 47673 47701 47715 57626 63685 63725 63727 63728 63729 63730 63731 63732
3423 3 3 25288 25300 35322 35369 36509 36510 36511 36512 36513 36514 36515 36516 36517
3424 0 0 5212 6452 10956 10967 11281 11294 11297 11298 11299 11300 11301 11302 11303 11304 11305 11306 11307 11308 67391
3425 2 2 24504 24505 24506 24507 24508 24509 24510 24511 24512 24513 24514 24515 24516 24517
3426 0 0 13568 13578 20238 20257 20258 20259 20260 20261 20262 20263 20264 67392
3427 2 2 48021 48028 50520 50538 59220 62784 62795 62850 62866 62878 62884 62887 62891 62902 63482 63502 63612 63619 63625 63629 63630 63631 63632
3428 3 3 10707 10718 10780 10804 10808 10809 10810 10811 10812 10813 10814 10815
3429 0 0 3867 3872 3873 3874 3875 3876 3877 3878 3879 3880 67393
3430 2 2 56099 56108 56122 56132 56139 57361 57517 57559 57567 57594 57595 57611 57612 57613 57614 57615 57616 57617 57618
3431 4 4 15741 15746 16609 19903 19906 27557 27859 27862 38472 38478 38479 38480 38481 38482 38483 38484 38485
3432 0 0 591 664 673 695 700 701 702 703 704 705 706 707 708 709 710 711 67394
3433 4 4 40167 40200 40223 40225 40234 40477 40484 51162 51163 51164 51165 51166
3434 0 0 146 149 150 151 152 153 154 155 156 157 67395
3435 2 2 22406 31862 31879 36489 37141 37156 37350 47770 53170 53180 53194 54628 54643 65292 65317 65320 65326 65327
3436 3 3 27475 38296 38323 38352 38389 38408 49282 49291 49310 49311 49312 49313
3437 0 0 29772 40094 40121 40128 40137 48423 52346 52348 55253 55300 55303 55304 55305 55306 55307 55308 67396
3438 4 4 15010 15570 22488 22489 22490 22491 22492 22493 22494 22495 22496 22497 22498 22499
3439 0 0 1008 2079 2091 2116 2675 2677 2678 67397 67398
3440 0 0 12717 12723 12728 12729 12730 12731 12732 12733 12734 12735 12736 67399
3441 3 3 6440 8450 8458 8467 8471 14693 14700 14770 14771 14772 14773 14774 14775 14776
3442 1 1 6702 6716 10469 11340 16354 16370 16373 17328 17446 17484 18608 18635 22577 23133 23134 23135 23136 23137 23138 23139 23140 23141 23142 23143
3443 0 0 287 1083 4693 4705 4714 8359 8372 14571 14627 14660 14668 14669 14670 14671 14672 14673 14674 14675 67400
3444 4 4 9056 14752 21575 22008 22009 22010 22011 22012 22013 22014
3445 3 3 25353 25367 25371 25374 25380 25391 35406 35415 46733 46748 46751 46752 46753 46754 46755
3446 4 4 14559 21334 21343 21344 21345 21346 21347 21348 21349 21350 21351
3447 0 0 24183 24275 31231 45202 45227 45252 45253 45254 45255 45256 45257 45258 45259 45260 67401
3448 2 2 41820 43350 50751 50767 50783 51773 51778 51792 51801 51816 51819 51829 51830 51831 51832 51833 51834 51835 51836 51837
3449 0 0 8313 14295 14301 14319 14534 17028 17050 20579 20580 20581 20582 20583 20584 20585 20586 20587 20588 20589 67402
3450 4 4 58466 58467 58468 58469 58470 58471 58472 58473 58474
3451 0 0 2525 3244 6581 7377 11148 12367 12373 12406 12417 12458 12550 12557 12580 19389 19418 19506 19545 19550 26726 26735 26742 26745 67403
3452 0 0 13966 13983 16572 16578 20606 33328 33479 39171 39208 39221 39223 39224 39225 39226 39227 39228 39229 39230 39231 67404
3453 3 3 29849 29850 29851 29852 29853 29854 29855 29856 29857 29858 29859 29860 29861 29862 29863 29864 29865 29866
3454 3 3 55088 57687 57702 57753 59415 59432 62718 62757 62762 62772 62773 62774 62775 62776 62777
3455 4 4 37210 37276 37308 37326 37330 48586 48593 48598 48611 48614 48615 48616
3456 4 4 29447 29448 29449 29450 29451 29452 29453 29454 29455 29456
3457 2 2 19239 19270 19531 23059 23074 23079 23085 23089 26687 32581 32621 32626 32633 32643 32647 32671 37228 37235 37236 37237 37238 37239 37240 37241
3458 0 0 7875 9801 9814 9841 13266 13297 13308 13317 13318 13328 67405
3459 4 4 7157 11833 11836 11837 11838 11839 11840 11841 11842 11843 11844 11845
3460 2 2 27276 33637 34277 34294 37629 45725 45726 45727 45728 45729 45730 45731 45732 45733 45734 45735 45736 45737 45738 45739 45740 45741
3461 2 2 22645 32062 32070 33116 33130 33140 33146 33159 42862 53338 53369 53375 53377 53378 53379 53380
3462 3 3 35424 46570 46584 46738 46767 46772 53955 53963 56355 62586 62601 62609 62610 62611 62612 62613 62614
3463 1 1 23758 33654 42653 43941 43983 43995 45753 46122 46126 46138 46150 46169 46172 46194 46198 46214 49166 55997 56007 56013 56014 56015 56016 56017 56018
3464 3 3 11977 12110 12120 12126 18776 19099 19101 19110 19116 19122 26107 26128 26142 26144 26157 26165
3465 3 3 2135 4588 4598 5016 5065 8814 8845 19929 19960 19970 19975 19981 19982 19983 19984
3466 2 2 40016 50869 52117 52148 52282 52299 52300 52301 52302 52303 52304 52305 52306 52307 52308 52309 52310
3467 2 2 41963 41976 41987 42001 42027 43218 52730 52739 52770 54341 54370 54382 59929 59935 60411 61252 61279 61290 61296 61301 61302 61303 61304 61305 61306 61307 61308
3468 3 3 30869 30870 30871 30872 30873 30874 30875 30876 30877 30878 30879 30880 30881 30882
3469 2 2 6701 10471 10489 15760 17575 17579 22606 23149 23191 24540 24579 24844 24845 24846 24847 24848 24849 24850 24851 24852 24853 24854 24855
3470 2 2 34361 46768 46777 48551 53954 58100 58118 58129 58132 58161 61005 61016 61020 61023 61024 61025 61026 61027 61028
3471 4 4 1236 2362 2383 2508 5681 5692 5701 5705 5712 5720 5733 5734 5735 5736
3472 3 3 35833 35846 36553 36591 36600 36621 36622 36623 36624 36625 36626
3473 0 0 33167 42711 42730 42739 42750 42756 53333 53349 53350 53351 53352 53353 53354
3474 0 0 21333 21334 21335 21336 21337 21338 21339 21340 21341 21342 67406
3475 4 4 31823 31859 31908 31911 31914 53230 53257 53263 53271 53276 53287 53289 53290 53291
3476 0 0 15380 17767 24992 24993 24994 24995 24996 24997 24998 24999 67407
3477 0 0 18338 18339 18340 18341 18342 18343 18344 18345 18346 67408
3478 0 0 5165 5171 8557 8558 8559 8560 8561 8562 67409
3479 2 2 44658 44669 44676 44681 44686 44691 44695 44704 44710 44713 44722 44723 49138 55105 55114 55118 55119 55120 55121
3480 3 3 3480 5753 6823 6909 9422 9428 9442 9447 9451 9452 9453 9454 9455 9456
3481 2 2 55335 56503 56504 56505 56506 56507 56508 56509 56510 56511 56512 56513 56514 56515
3482 3 3 1373 1641 2223 5198 12297 15348 15352 18018 18024 18025 18026 18027 18028
3483 2 2 29682 46641 49875 51174 56482 56501 56599 56636 56646 56658 56659 56660 56661 56662 56663 56664 56665 56666 56667
3484 0 0 2263 2264 2265 2266 2267 67410
3485 0 0 6501 6747 6748 6749 6750 6751 6752 6753 6754 6755 6756 67411
3486 3 3 61820 61958 61989 62004 62017 62021 62022 62023 62024 62025 62026 62027 62028 62029
3487 2 2 51216 56603 56640 56671 56693 58028 58045 59545 59551 60002 60011 60015 60016 60017 60018 60019 60020 60021
3488 1 1 1993 1996 4225 4231 4242 4820 4836 4846 4869 4880 13329 13330 13331 13332 13333 13334 13335 13336 13337 13338 13339 13340 13341
3489 0 0 12200 12201 12202 12203 12204 12205 12206 12207 12208 12209 12210 12211 12212 67412
3490 0 0 4340 4347 4358 4361 7972 8023 8026 8027 8028 8029 8030 67413
3491 0 0 4646 8293 14100 14101 14102 14103 14104 14105 14106 14107 14108 67414
3492 0 0 14847 21262 29709 30744 30747 30753 30757 30758 30759 30760 30761 30762 30763 67415
3493 3 3 55745 55746 55747 55748 55749 55750 55751 55752 55753 55754 55755 55756 55757
3494 4 4 22553 22578 31811 31820 32139 34859 34883 34892 34893 34894
3495 1 1 53132 53142 53151 53157 53161 53166 53422 53457 54432 54451 54484 54494 54539 54621 54654 54661 57047 57058 60842 61532 61541 61561 61574 61576 61577 61578 61579
3496 3 3 11213 11222 11230 16877 16884 17631 17633 17634 17635 17636 17637 17638 17639
3497 0 0 13522 13523 13524 13525 13526 13527 13528 13529 13530 67416
3498 0 0 1632 3895 4125 4145 4161 6852 6859 7261 7262 7263 7264 7265 7266 7267 7268 7269 7270 7271 7272 67417
3499 3 3 6634 8996 9006 9014 9032 9048 14739 14754 15344 15359 15360 15361 15362 15363
3500 4 4 21637 21638 21639 21640 21641 21642 21643 21644 21645 21646 21647 21648 21649
3501 0 0 28170 28171 28172 28173 28174 28175 28176 28177 28178 67418
3502 0 0 31069 31080 42113 42115 42173 52913 52920 52929 52935 52938 52939 67419
3503 4 4 46199 54457 54464 54474 58602 61418 61423 61450 61462 61474 61490 61491 61500
3504 2 2 15560 15837 16465 16466 16467 16468 16469 16470 16471 16472 16473 16474 16475 16476
3505 2 2 11676 11702 11714 11720 11936 11954 11961 12102 12105 12106 12107 12108 12109 12110 12111 12112 12113 12114 12115
3506 0 0 13077 13092 13102 13121 27409 27418 27419 27420 27421 27422 27423 27424 27425 27426 27427 27428 27429 27430 67420
3507 3 3 24635 24643 24649 24657 32074 33119 33139 33144 33147 33151 33159 33160 33161
3508 3 3 50968 50977 50991 51015 52503 59766 59785 59812 59832 59850 59860 59867 59868 59869
3509 4 4 25050 35623 35657 35696 35706 35707 35708 35709 35710 35711 35712
3510 3 3 40711 40774 45673 45689 45699 45702 45703 45704 45705 45706 45707
3511 4 4 31374 36896 42337 42352 42353 42354 42355 42356 42357 42358 42359 42360 42361 42362
3512 4 4 2277 2347 2348 2349 2350 2351 2352 2353 2354 2355
3513 3 3 28565 28583 39401 39416 39424 49107 49108 49109 49110 49111 49112 49113 49114 49115 49116 49117
3514 0 0 1899 4477 4566 8169 8176 13996 14279 14284 14285 14286 14287 14288 67421
3515 2 2 17349 17360 17384 17395 17426 19808 19827 19832 19835 19836 19837 19838 19839 19840
3516 2 2 297 935 1112 4207 4208 4209 4210 4211 4212 4213 4214 4215 4216
3517 3 3 29676 29677 29678 29679 29680 29681 29682 29683 29684 29685 29686
3518 0 0 7971 16289 28161 39033 39036 39049 39050 39051 39052 39053 67422
3519 3 3 2110 4916 4924 4968 4972 8795 8799 8800 8801 8802 8803
3520 4 4 3289 3313 3323 3380 3481 4926 4927 4928 4929 4930 4931 4932
3521 0 0 13652 13653 13654 13655 13656 13657 13658 13659 13660 13661 67423
3522 0 0 28275 28276 28277 28278 28279 28280 28281 28282 28283 28284 28285 28286 28287 28288 67424
3523 4 4 30176 41020 51702 51721 52455 52476 52479 52485 52487 52488
3524 2 2 22364 27144 27450 31186 31198 31208 34460 37409 37414 37608 48663 48677 48689 48709 48710 48711 48712 48713
3525 0 0 560 604 1420 1433 1438 1443 1444 1445 1446
3526 3 3 24106 24115 28596 28602 28651 50554 61689 61717 61724 61726 61727 61728 61729 61730
3527 2 2 14689 21285 21307 21319 21560 21563 29405 29415 29420 29421 29422 29423 29424 29425 29426 29427
3528 3 3 34146 40602 40644 40647 40660 40700 45629 45635 45649 45657 51303 51332 51333 51343 51347 51348 51349
3529 2 2 55557 55565 55569 55576 55585 55590 55594 55601 55609 55618 55622 55632 55657 55674 55697 58957 61844 61850 61861 61866 61870 61876 61877
3530 2 2 24855 24868 31553 34950 34958 35899 35915 35938 60778 60816 60827 60830 60832 60833 60834 60835 60836
3531 2 2 54052 54063 54082 54088 54095 54102 54109 56657 56687 59532 59824 59828 59844 61047 61057 61067 61115 61116 61117
3532 0 0 30765 30777 30790 30803 30814 40344 40355 40373 40374 40375 40376 40377 40378 40379 67425
3533 4 4 45090 50665 55173 55210 55225 55238 55393 61746 61762 61773 61788 61800 61801
3534 2 2 14296 14531 17030 23914 28661 33535 33544 33562 33570 33571 33572 33573 33574 33575 33576 33577
3535 3 3 27476 27477 27478 27479 27480 27481 27482 27483 27484 27485 27486 27487
3536 0 0 27291 28408 28448 28449 28450 28451 28452 28453 28454 28455 67426
3537 3 3 43417 43418 43419 43420 43421 43422 43423 43424 43425 43426 43427 43428 43429 43430 43431
3538 4 4 41599 52367 52405 52425 52726 52747 52749 52750 52751 52752 52753 52754 52755
3539 0 0 10096 10117 10130 15459 15460 15461 15462 15463 15464 67427
3540 3 3 14339 14387 14409 14849 20861 21071 21073 21074 21075 21076 21077 21078 21079 21080 21081
3541 3 3 44766 55145 59242 61642 61647 61795 62935 63866 63891 63901 63915 63917
3542 3 3 2772 13398 13415 13418 16627 20011 20020 20029 20034 20035 20036
3543 3 3 23788 44265 44286 44464 44467 44471 44477 47789 47797 47807 47808 47809 47810
3544 0 0 8672 8689 8749 13389 13435 13444 13445 13446 13447 13448 13449 13450 13451 67428
3545 0 0 2801 3148 3399 6334 10237 10262 10265 10266 10267 10268 10269 10270 10271 10272 10273 10274 67429
3546 3 3 20875 20912 21123 21133 21153 30241 30247 30252 30253 30254 30255
3547 4 4 22102 24895 31554 34943 34944 34945 34946 34947 34948 34949 34950 34951
3548 1 1 5901 9961 9978 13178 24444 24460 24465 24469 24473 27465 38020 38093 38302 38314 38315 38316 38317 38318 38319 38320 38321 38322 38323 38324
3549 0 0 10002 16789 16824 16830 16831 16832 16833 16834 16835 67430
3550 0 0 372 382 383 384 385 386 387 388 389 390 67431
3551 2 2 17056 23915 27777 27797 33539 33546 33551 33571 33579 33587 33588 33589 33590 33591 33592
3552 3 3 56492 56502 62283 62293 62317 64210 64225 65183 65198 65208 65220 65251 65255 65259
3553 4 4 55347 55359 55368 55369 55370 55371 55372 55373 55374 55375 55376
3554 2 2 21269 29690 40801 40812 40813 40814 40815 40816 40817 40818 40819 40820 40821 40822 40823
3555 0 0 320 327 338 342 343 344 345 67432
3556 0 0 6673 11427 11439 18670 18675 18831 18890 18891 18892 18893 18894 18895 18896 18897 18898 18899 18900 18901 18902 18903 67433
3557 2 2 23436 23520 25334 25344 33048 33051 33052 33053 33054 33055 33056 33057 33058 33059 33060 33061
3558 0 0 7899 13562 13602 20146 20151 20168 20171 20176 20177 20178 20179 20180 20181 67434 67435
3559 1 1 9825 14321 14530 21246 23911 27762 28660 28978 33574 39302 50162 50186 50303 59114 63046 63047 63048 63049 63050 63051 63052
3560 0 0 1026 1696 1707 1719 1727 1733 1734 1735 1736 1737 1738 1739 67436
3561 3 3 29494 37042 37056 37070 40520 40788 40799 46926 46946 46950 46955 46956 46957 46958 46959
3562 0 0 1062 1082 1935 4750 4751 4752 4753 4754 4755 4756 4757 4758 4759 67437 67438
3563 0 0 6755 11890 18892 18904 18905 18906 18907 18908 18909 18910 18911 67439
3564 2 2 3572 3624 7132 7148 7351 7412 7424 12348 12478 12489 12494 12502 12511 12540 19355 26961 37187 37192 37195 37196 37197 37198 37199
3565 3 3 3556 3567 3947 3950 3951 3952 3953 3954 3955 3956 3957 3958
3566 1 1 20312 28114 28241 28253 38897 49718 49911 49920 49942 50891 50908 50936 52232 58850 58858 58859 58860 58861 58862 58863
3567 2 2 19301 19304 21960 21961 21962 21963 21964 21965 21966 21967 21968 21969 21970 21971 21972
3568 0 0 1985 2003 2057 4792 4816 4827 4841 4849 4858 8640 8641 8642 8643 8644 8645 8646 8647 67440
3569 3 3 6022 6330 6647 6687 10194 10692 15884 15900 15908 15909 15910 15911 15912
3570 0 0 7030 7035 7040 7046 7052 7060 7079 7083 7084 7085 7086 7087 67441
3571 2 2 31745 34835 34836 34837 34838 34839 34840 34841 34842 34843
3572 3 3 30273 33836 41166 41466 41467 41468 41469 41470 41471 41472 41473 41474 41475 41476 41477 41478
3573 2 2 14934 21050 21055 30206 30237 32856 32870 32884 32890 32893 32894 32895 32896 32897 32898 32899
3574 2 2 4216 7646 12875 12889 12891 15484 16903 17016 24193 37503 37511 37519 48664 48684 48701 48706 48714 48715 48716 48717
3575 2 2 29120 29288 39778 41471 45126 50657 50675 50684 50688 50689 50690 50691 50692 50693 50694 50695
3576 3 3 46991 46992 46993 46994 46995 46996 46997 46998 46999 47000 47001 47002
3577 4 4 29023 29028 29029 29030 29031 29032 29033 29034 29035 29036
3578 0 0 1965 3427 3428 3429 3430 3431 3432 3433 3434 3435 3436 3437 3438 3439 3440 3441 67442
3579 0 0 8257 8265 14263 16262 16484 16494 16509 16511 16512 16513 16514 67443
3580 4 4 45578 45579 45580 45581 45582 45583 45584 45585 45586 45587 45588 45589 45590 45591 45592 45593
3581 2 2 25829 25835 25839 25845 32174 32192 32193 32194 32195 32196 32197 32198 32199 32200
3582 3 3 30325 41281 41284 41293 41303 41319 41332 41333 41334 41335 41336 41337 41338
3583 0 0 4375 4386 4394 4398 9783 13750 13759 13776 13787 13793 13795 13796 13797 13798 67444
3584 0 0 4303 5885 5892 6201 7698 7754 7762 9901 9926 9987 9988 9989 9990 9991 9992 67445
3585 3 3 29701 41216 43358 43457 43481 43490 51532 51536 51537 51538 51539 51540 51541
3586 3 3 5583 5595 5600 5607 9511 9519 9523 9537 9538 9539 9540 9541 9542 9543 9544 9545 9546 9547
3587 0 0 3 254 255 256 257 258 67446
3588 0 0 5642 5657 5668 9610 9626 9719 9741 16386 16395 16396 16397 16398 16399 16400 16401 16402 16403 67447
3589 0 0 5158 5168 5169 5170 5171 5172 5173 5174 5175 5176 67448
3590 0 0 375 2482 2491 2494 2495 2496 2497 2498 2499 67449
3591 4 4 23196 23197 23198 23199 23200 23201 23202 23203 23204 23205
3592 3 3 9389 16132 16146 16169 16181 16187 16202 16212 16230 16231 16232 16233 16234 16235
3593 3 3 31221 34171 34221 40679 40689 45654 48632 48647 51288 51320 51325 55804 55840 55854 55856 55859 55868 55870
3594 2 2 5370 9172 9176 10977 10982 11026 12218 12221 12232 15496 15507 15515 15516 15517 15518 15519 15520 15521 15522 15523
3595 4 4 19206 19219 19228 23008 26327 26338 26340 26341 26342 26343 26344 26345 26346 26347
3596 0 0 7706 7707 7708 7709 7710 67450
3597 0 0 9988 13199 13210 13240 13244 13519 16707 16726 16738 16741 16744 16745 16746 16747 16748 16749 67451
3598 1 1 54613 54657 54663 57031 57041 57048 57056 57062 61457 61483 61521 61534 61540 61541 61542 61543 61544 61545 61546
3599 2 2 40926 49865 49887 51588 52175 52180 52195 55246 55260 55261 55262 55263 55264 55265 55266 55267 55268 55269 55270 55271
3600 0 0 5826 8168 8176 8177 8178 8179 8180 8181 8182 8183 8184 67452
3601 4 4 17488 23139 23154 23166 23173 23174 23175 23176 23177 23178 23179 23180
3602 3 3 47425 47439 47446 47453 47457 47462 57074 57083 57088 57094 57113 57155 57179 57190 57196 57204 57205 57206
3603 2 2 5954 5960 5964 5970 16926 24300 24360 24401 24440 24762 42190 42216 42223 42231 42232 42233 42234
3604 0 0 14341 20103 20123 20129 28006 39626 39633 39641 49450 49473 55552 55558 55559 55560 55561 55562 55563 55564 55565 67453
3605 2 2 17307 22569 32082 32114 32118 32119 32120 32121 32122 32123 32124 32125 32126 32127 32128 32129 32130 32131 32132
3606 0 0 20867 20868 20869 20870 20871 20872 20873 67454
3607 2 2 362 1181 1537 2235 2552 2565 2583 3590 5516 5530 7385 7398 7417 7473 7504 12368 12375 12442 12443 12444 12445 12446 12447 12448 12449
3608 3 3 9864 13302 13312 28966 28985 28990 28995 28996 28997
3609 2 2 50159 50171 50177 50184 50187 59052 59060 59107 59108 59109 59110 59111 59112 59113 59114 59115
3610 4 4 39445 39447 39448 39449 39450 39451 39452 39453 39454
3611 3 3 4676 4686 11087 12686 12696 12900 12913 19592 19593 19594 19595 19596 19597 19598 19599
3612 2 2 19750 19781 19867 19868 19869 19870 19871 19872 19873 19874 19875 19876 19877 19878 19879
3613 4 4 63051 63065 63069 63074 63442 65414 65427 65430 65435 65441 65457
3614 2 2 35948 46079 46094 46101 46107 47542 56060 56079 56137 57261 57272 57273 57274 57275 57276 57277 57278 57279
3615 4 4 25551 25562 25570 25707 25716 25727 25736 35580 35591 35628 35647 35784 35793 35794 35795 35796 35797
3616 2 2 24607 24619 27835 30962 32431 32445 32456 33379 34524 34535 34597 34608 38575 43052 43064 43084 44492 44522 44527 44531 44533 44535 44536
3617 1 1 27618 27647 28572 33191 39263 39284 44400 44403 44416 50078 50108 50149 50154 50172 50189 55043 59054 59082 63245 63252 63343 63347 63356 63357 63358 63359 63360 63361 63362
3618 3 3 40113 40114 40115 40116 40117 40118 40119 40120 40121 40122 40123
3619 0 0 25 373 389 589 657 660 671 1222 2271 2327 2416 2429 2447 2449 2450 2451 2452 2453 2454 2455 2456 2457 67455
3620 0 0 1903 4510 4518 4531 4543 8317 9811 9821 9822 9823 9824 9825 9826 9827 9828 9829 9830 9831 67456
3621 0 0 3702 3738 3834 3842 4084 6498 6504 6505 6506 6507 6508 6509 6510 6511 67457
3622 2 2 35676 35752 42569 42581 42586 42599 47223 47271 47278 47279 47280 47281 47282 47283
3623 3 3 39830 39844 39846 39891 39924 39927 39928 39929 39930 39931 39932
3624 0 0 18895 31595 31601 31606 31607 31608 31609 31610 31611 31612 31613 67458
3625 4 4 24143 40449 40881 41480 41488 41489 41490 41491 41492 41493 41494 41495
3626 3 3 30872 30901 30931 31493 31500 31653 31654 31655 31656 31657 31658
3627 3 3 50346 59216 62848 62870 62879 62880 62881 62882 62883 62884 62885 62886
3628 0 0 6957 6970 7309 12075 19166 19175 19176 19177 19178 19179
3629 0 0 1057 1927 3239 3240 3241 3242 67459
3630 2 2 17632 17639 17644 17648 17655 17659 27190 37447 37452 37473 37479 37481 37488 37498 37499
3631 0 0 10608 10626 10640 10642 10643 10644 10645 10646 67460
3632 0 0 225 235 392 680 1160 1178 1576 1577 1578 1579 1580 1581 67461
3633 2 2 40387 40446 41505 41517 41538 41550 41642 41907 42031 42036 52784 52785 52786 52787 52788 52789 52790 52791 52792 52793 52794 52795
3634 2 2 16648 16673 16685 16765 27651 27664 27700 27895 28950 28955 28956 28957 28958 28959 28960 28961 28962 28963
3635 3 3 29936 29951 29991 30114 30128 40981 40986 51711 51718 51737 51741 51761 51762
3636 2 2 15464 15471 15483 15492 16899 16910 22352 22353 22354 22355 22356 22357 22358 22359 22360 22361 22362 22363 22364
3637 3 3 53707 53724 53730 53742 53810 53843 53844 53845 53846 53847 53848 53849 53850
3638 3 3 53942 55703 59302 60925 65635 65650 65666 65675 65681 65684 65685 65686 65687
3639 0 0 30671 30672 30673 30674 30675 30676 30677 30678 30679 30680 30681 30682 67462
3640 4 4 30346 30351 52045 52159 52169 60055 60059 60069 60077 60089 60090 60091
3641 0 0 5615 5670 9283 9724 9728 9729 9730 9731 9732 9733 67463
3642 0 0 2528 2538 7437 7467 7471 7476 7477 7478 67464
3643 2 2 20314 28260 38901 40105 40112 41432 50883 50891 50892 50893 50894 50895 50896 50897 50898
3644 0 0 4399 4421 4451 4455 4456 4457 4458 4459 67465
3645 3 3 56680 59542 61056 61087 64173 64186 64192 65926 65930 65937 65954 65971 65974 65976
3646 2 2 16597 19770 19780 23984 27611 33683 33695 34685 34701 34708 44675 44684 44687 44688 44689 44690 44691
3647 1 1 31741 32123 34836 34850 34861 34867 34903 34926 42681 42720 42991 43858 43865 46248 46264 46415 53348 53360 53386 53389 53395 53403 53404 53407 53408 53409
3648 0 0 10102 10115 10129 10144 15459 15470 17071 17074 24518 27134 27135 27136 27137 27138 27139 27140 27141 27142 27143 27144 27145 67466
3649 3 3 47139 47150 47157 47176 47195 47205 47572 60682 60695 64664 64682 64689 64690 64691 64692 64693
3650 2 2 1619 4135 4151 4166 4172 7164 7165 7166 7167 7168 7169 7170 7171 7172
3651 2 2 36107 36144 36154 36237 47325 47341 47426 47427 47428 47429 47430 47431 47432 47433 47434 47435 47436 47437 47438 47439
3652 1 1 22912 25949 25958 28676 32232 32247 32250 33453 33459 33502 33511 34663 34670 44537 44543 44544 44545 44546 44547 44548 44549 44550 44551 44552 44553
3653 3 3 56575 61990 66385 66414 66449 66456 66464 66468 66469
3654 0 0 8600 15013 15014 15015 15016 15017 15018 15019 15020 15021
3655 2 2 50160 59113 59123 63049 63053 63054 63055 63056 63057 63058
3656 4 4 33603 33604 33605 33606 33607 33608
3657 4 4 26657 26662 32789 41958 41972 42017 52362 52390 52395 52396 52397 52398 52399 52400 52401
3658 2 2 20065 27633 27887 28520 28523 28944 28951 38512 39289 39429 50142 50143 50144 50145 50146 50147 50148 50149 50150 50151
3659 0 0 6202 7734 7748 7769 7774 13447 13454 13459 13466 15142 15157 22196 22197 22198 22199 22200 22201 22202 22203 67467
3660 3 3 33474 33484 36288 36292 36293 36294 36295 36296 36297 36298 36299 36300 36301 36302
3661 2 2 14567 17703 27203 28402 28421 28434 28438 28439 28440 28441 28442 28443
3662 3 3 16544 16561 17182 24620 30939 30955 30960 30961 30962 30963 30964 30965 30966
3663 0 0 22374 32063 42767 42770 42771 42772 42773 42774 42775
3664 3 3 28518 28555 28556 28946 28975 28981 39299 50136 50137 50138 50139 50140 50141
3665 0 0 590 692 707 1464 1465 1466 1467 1468 1469 1470 1471 1472 1473 67468
3666 4 4 44342 44350 44356 44438 47790 47802 48015 50525 50528 50539 50562 50566 50572 50575
3667 3 3 30937 30950 30953 33353 34636 44481 44495 44502 44504 44505 44506
3668 0 0 10905 10923 10948 11207 11227 17624 17641 17649 17650 17651 17652 17653 17654 17655 67469
3669 2 2 29481 40463 55338 56505 56569 56573 56574 56575 56576 56577 56578 56579 56580 56581 56582 56583 56584 56585 56586 56587
3670 0 0 17366 17398 17404 17405 17406 17407 17408 67470
3671 0 0 48162 48166 48171 48177 48180 48255 57806 57822 57823 57824 57825 57826 67471
3672 3 3 43568 45011 45027 45031 45032 45033 45034 45035 45036 45037 45038
3673 3 3 13992 14010 14023 14072 20604 20616 20826 28494 28670 28680 28681 28682 28683 28684 28685
3674 3 3 15206 25904 25914 25927 25929 25930 25931 25932 25933 25934 25935 25936 25937 25938
3675 2 2 11204 12575 18165 18191 18206 18220 18223 18231 19486 23429 23445 23453 23464 23467 23468 23469 23470
3676 0 0 46005 46086 46097 47512 47520 47521 47522 47523
3677 0 0 97 469 472 485 497 510 511 512 513 514 515 67472 67473
3678 2 2 44051 55330 58547 61886 61929 61936 61948 61972 61986 62983 62989 62998 62999 63000 63001 63002 63003 63004 63005 63006 63007 63008
3679 3 3 25287 25288 25289 25290 25291 25292 25293 25294 25295 25296
3680 3 3 29446 29456 35123 40216 40254 40295 40431 40487 56402 56493 62301 62308 62309 62310 62311 62312 62313 62314
3681 3 3 16532 24869 24870 24871 24872 24873 24874 24875 24876 24877 24878 24879 24880 24881
3682 0 0 1556 1564 3547 3568 3708 3718 3732 3749 3777 4103 4120 7044 7056 7057 7058 7059 7060 7061 7062 7063 7064 7065 7066 7067 7068 67474
3683 3 3 22889 22906 22920 22954 25935 25942 25951 32228 32240 32242 32243 32244
3684 3 3 9024 14573 14662 21361 21362 21363 21364 21365 21366 21367 21368 21369 21370
3685 0 0 8663 8700 8722 8728 8741 8745 8746 8747 8748 8749 8750 8751 8752 8753 8754 67475
3686 2 2 37615 41413 49731 49740 49967 52203 58506 59008 60126 64335 64350 64353 64358 64371 64376 64379 64395 64397 64401 64402 64403
3687 2 2 39906 41403 41455 44726 44736 59559 60137 64115 64144 64387 64396 64399 64420 64426 64429
3688 4 4 52473 52779 52815 52823 52827 60373 60383 60386 60401 60402 60403
3689 4 4 39794 39795 39796 39797 39798 39799 39800 39801 39802 39803 39804
3690 4 4 29810 29811 29812 29813 29814 29815 29816 29817 29818 29819
3691 4 4 46072 46073 46074 46075 46076 46077 46078 46079 46080 46081 46082
3692 3 3 17683 17700 18257 18259 25416 25418 27238 29565 29571 29582 29583 29584 29585 29586 29587
3693 3 3 21065 21072 21081 21086 21095 21101 21102 21735 30279 30298 30317 30336 40041 40042 40043 40044 40045 40046 40047 40048
3694 0 0 15771 22678 22691 22714 22720 22721 22722 22723 22724 22725 22726 22727
3695 0 0 512 2619 2632 2635 2636 2637 2638 2639 2640 2641 2642 67476
3696 3 3 39795 39840 39862 39875 39878 39900 39902 39903 39904 39905 39906 39907 39908
3697 2 2 32979 34208 42251 43658 45194 45362 48474 48505 56778 58120 58150 60566 60577 60593 60607 60608 60609 60610 60611 60612
3698 4 4 4185 7126 11826 12545 19055 19070 19090 19349 19358 26962 37180 37191 37196 37200 37201
3699 2 2 10476 15764 22106 23140 23146 23171 24850 24856 24857 24858 24859 24860 24861 24862 24863 24864 24865 24866 24867 24868
3700 0 0 8611 8612 8613 8614 8615 8616 67477
3701 4 4 26382 26383 26384 26385 26386 26387 26388 26389 26390 26391 26392 26393 26394 26395 26396
3702 3 3 34178 34222 34402 34419 37095 45314 45658 45659 45660 45661 45662 45663 45664 45665 45666
3703 2 2 15422 15436 15449 18177 18197 18215 18227 18236 19554 19557 26728 26741 26747 26759 26762 26763 26764 26765 26766 26767 26768
3704 0 0 5072 5084 5432 5444 6935 8848 8849 8850 8851 8852 8853 8854 8855 8856 8857 8858 8859 8860 8861 67478
3705 3 3 17397 19835 19855 19862 19863 19864 19865 19866
3706 3 3 29562 48437 51188 51207 51215 56669 56690 58017 58028 58029 58030 58031 58032
3707 2 2 22081 30833 30845 30863 32722 32734 32740 32750 32754 32780 43210 43223 43227 43246 43265 43288 52374 52414 52422 52433 52434 52435
3708 2 2 11435 11502 11901 18665 18678 18851 25548 25552 25553 25554 25555 25556 25557 25558 25559 25560 25561 25562
3709 0 0 26348 26975 26989 26994 27015 27016 27017 27018 27019 27020
3710 0 0 4276 4296 5843 5862 9790 9803 9815 9837 9849 9850 9851 9852 9853 9854 9855 9856 67479
3711 4 4 2847 6151 6156 10155 10159 10164 10172 10186 10198 10200 10201 10202 10203 10204 10205
3712 0 0 50344 55182 55204 55230 55231 55232 55233 55234 55235 55236 55237
3713 0 0 10091 16845 16846 16847 16848 16849 16850 16851 67480
3714 3 3 21171 21203 21213 21220 26481 36931 36960 36966 36989 36991 36993 36994
3715 0 0 4712 5197 5215 9017 14592 15039 29902 30359 30371 30374 30386 67481
3716 0 0 22007 30764 30779 30801 30807 40342 40355 40356 40357 40358 40359 67482
3717 0 0 2526 2534 2548 3245 5529 6582 7380 12367 12368 12369 12370 12371 12372 67483
3718 4 4 50959 50961 51009 59695 59718 59726 59727 59728 59729 59730 59731
3719 3 3 25270 25282 41585 41591 41592 41593 41594 41595 41596 41597 41598 41599 41600
3720 3 3 37893 46860 48039 54273 58541 60492 60500 60535 61146 61326 61352 61353 61354 61355 61356 61357 61358 61359
3721 3 3 40426 40432 51102 56384 56397 56398 56399 56400 56401 56402 56403
3722 4 4 8598 9207 12037 15627 15642 15657 15668 22462 22468 22472 22473 22474 22475 22476 22477
3723 3 3 43008 52960 53308 53519 60539 60540 60541 60542 60543 60544 60545
3724 3 3 7571 7578 7620 12767 12775 12841 12853 12923 12933 12934 12935 12936 12937 12938 12939 12940 12941 12942 12943
3725 2 2 31458 31575 31591 31667 31684 31692 31693 31694 31695 31696 31697 31698 31699 31700 31701 31702 31703 31704 31705
3726 0 0 30682 40846 41923 41942 43385 43408 43562 43573 43579 50734 52600 52661 52666 52687 52698 52708 52713 52716 60303 60307 60317 60318 60319 60320 60321 60322 60323 67484
3727 3 3 59628 59639 59640 59669 60266 60277 61959 61964 62010 62030 62031 62032 62033 62034
3728 0 0 20120 20280 28073 28102 28104 34072 34094 34097 34107 49686 49691 58795 58806 58814 58828 58832 58833 58834 67485
3729 0 0 1756 1835 1843 1844 1845 1846 1847 1848 1849 1850 1851 1852 67486
3730 4 4 14135 14136 14137 14138 14139 14140 14141 14142 14143 14144
3731 3 3 37650 38340 38357 38367 38380 38394 38402 58394 58431 58440 58447 58460 58464
3732 2 2 24963 35101 35563 46586 51144 56413 56439 56451 56470 62529 62543 62546 62547 62548 62549 62550 62551 62552 62553
3733 3 3 19769 19793 19801 27607 27612 38038 38064 38070 38080 38138 44671 44685 44688 44711 44723
3734 3 3 23629 23632 33117 33128 33148 33150 33151 33152
3735 4 4 14917 21044 30722 30723 30724 30725 30726 30727
3736 0 0 3265 3278 3282 3283 3284 3285 3286 3287 67487
3737 2 2 59416 59431 62774 63616 63621 63623 63638 63693 63699 63700 63701 63702 63703
3738 4 4 30067 40335 40360 40361 40362 40363 40364 40365 40366 40367 40368 40369 40370 40371 40372
3739 4 4 3250 5234 6573 6585 6587 6588 6589 6590 6591
3740 0 0 5626 5627 5628 5629 5630 5631 5632 5633 67488
3741 3 3 52522 52527 61039 61061 61092 61093 61094 61095 61096
3742 0 0 3551 3562 3877 3890 3941 3942 3943 3944 3945 3946 3947 3948 3949 67489
3743 0 0 6929 6930 6931 6932 6933 6934 6935 6936 6937 67490
3744 0 0 5262 5277 5374 5390 5391 5392 5393 5394 5395 67491
3745 2 2 20850 20923 24029 29070 29105 29122 29124 29125 29126 29127 29128 29129 29130 29131 29132 29133 29134 29135 29136
3746 0 0 6421 6448 10856 10863 10882 10888 10889 10890 67492
3747 4 4 66270 66271 66272 66273 66274 66275 66276 66277 66278
3748 3 3 2275 2283 2410 2425 2428 2435 2449 5283 5295 5302 5306 5307
3749 0 0 370 387 2270 2451 5286 5294 5299 5313 5314 5315 5316 5317 5318 5319 5320 67493
3750 0 0 5626 5636 9746 9747 9748 9749 9750 9751 9752 9753 67494
3751 0 0 9735 10053 10062 10063 10064 10065 10066 10067 10068 10069 10070 67495
3752 0 0 9746 17260 17269 17271 17272 17273 17274 17275 67496
3753 0 0 9745 9753 10068 16393 17262 17266 23382 33099 42908 42952 43749 43776 43809 53511 54137 54151 54161 54165 54166 54167 54168 67497
3754 0 0 8983 15271 15272 15273 15274 15275 15276 15277 15278 15279 15280
3755 0 0 15294 15303 22329 22331 24398 34028 42188 42215 42216 42217 42218 42219 42220 42221 42222
3756 0 0 5915 5929 5936 5946 5969 8991 15274 15306 15313 15317 15318 15319 15320 15321 15322 15323
3757 0 0 15275 15291 15295 15312 22333 24348 24370 24382 24394 25176 25183 25190 32964 34014 34023 34026 34027 34028 34029 34030 34031 34032 34033
3758 3 3 53732 53896 53903 53914 53919 53921 53935 60256 64537 64544 64561 64563 64564 64565
3759 3 3 24140 40450 40882 40903 41488 41499 44069 44989 48373 48380 53720 53934 59618 59673 60261 60271 64548 64558 64566 64567 64568 64569 64570 64571
3760 3 3 61740 61741 61742 61743 61744 61745 61746 61747 61748 61749 61750 61751 61752 61753
3761 3 3 45125 50604 50619 50637 50661 50668 50690 50696 50697 50698 50699 50700 50701 50702 50703 50704 50705
3762 3 3 50633 50671 50678 50692 50699 55227 61667 61747 61775 61797 61802 61803 61804 61805 61806
3763 3 3 45075 45086 45097 45129 50617 50667 50697 61752 61774 61784 61801 61807 61810 61811 61812 61813
3764 3 3 22629 22634 31725 31733 31740 31759 32061 34840 42761 42785 42989 53163 53244 53252 53255 53341 53359 53370 53377 53386 53387 53388
3765 3 3 31758 31952 31959 32014 42957 42972 42981 42988 43000 43006 52958 53225 53236 53240 53246 53247 53248 53249
3766 3 3 22637 31723 31739 31742 31756 42966 42979 42985 42986 42987 42988 42989 42990 42991 42992 42993 42994
3767 3 3 22630 31734 31761 31880 31883 32013 42535 52953 53168 53200 53235 53242 53246 53250 53251 53252 53253 53254
3768 3 3 39044 49459 49463 49471 55561 55567 55570 55571 55572 55573 55574 55575 55576
3769 3 3 7941 20102 20132 27955 49448 49449 49450 49451 49452 49453 49454
3770 4 4 17054 17063 23903 23919 23926 23936 23942 24012 27764 27771 27772 27773 27774 27775 27776 27777 27778 27779 27780 27781 27782 27783
3771 4 4 17059 17068 23937 27798 33540 33549 33586 33590 38310 38325 38326 38327 38328 38329 38330 38331 38332 38333 38334 38335 38336 38337 38338 38339
3772 4 4 17057 23921 23938 27466 27773 27793 27794 27795 27796 27797 27798 27799 27800 27801 27802 27803 27804 27805 27806 27807
3773 4 4 17053 17061 23904 24013 27775 33532 33542 33549 33550 33551 33552 33553
3774 0 0 10906 10913 11206 11218 11226 11227 11228 11229 11230 11231 11232 67498
3775 0 0 9661 10049 10908 11041 11211 11220 16422 16430 16866 16875 16876 16877 16878 16879 16880 16881 16882 67499
3776 0 0 1562 3548 4073 4114 6959 7061 7210 7227 7231 7232 7233 7234 7235 7236 7237 7238 7239 7240 7241
3777 0 0 7288 7296 7304 19184 19190 26111 26122 26161 26167 26173 26184 26191 26198 26199
3778 0 0 6962 7235 7247 19177 19185 19188 26176 26189 26203 26209 26210 26211
3779 0 0 3549 3875 3883 3889 3944 3950 3968 4111 4121 6955 7236 7290 7297 7308 7309 7310 7311 7312 7313 7314 7315
3780 3 3 10092 16919 17906 22325 24216 24237 24245 24248 24249 24250 24251 24252 24253 24254 24255 24256 24257 24258 24259
3781 3 3 32953 32961 33876 33889 33896 33904 42198 43672 43681 43703 43711 43715 43716 43717
3782 3 3 8762 15051 15053 15071 15083 22126 22164 22172 22183 22185 22186 22187 22188 22189 22190
3783 0 0 1101 2098 4913 8738 8759 8792 15082 16550 22123 22132 22162 22204 22215 22217 22221 22224 22225 22226 67500
3784 0 0 59522 59541 59557 59996 64068 64072 64100 65907 66006 66020 66026 66031 66032 66033
3785 0 0 59512 59546 59995 64067 64073 65870 65877 65906 65916 65932 65936 65948 65950 65954 65955 65956 65957
3786 0 0 6391 6400 10738 10746 10747 10748 10749 10750 10751 10752 10753 10754 67501 67502
3787 0 0 10739 10755 10756 10757 10758 10759 10760 10761 67503
3788 4 4 44180 46685 47768 54761 54787 54791 54794 54795 54796 54797 54798 54799
3789 4 4 33218 35326 35336 35337 35338 35339 35340 35341 35342 35343 35344 35345 35346 35347 35348
3790 4 4 23750 33220 33250 35339 44169 44984 47750 47753 47754 47755 47756 47757 47758 47759 47760 47761
3791 4 4 35335 35348 35359 35383 46677 46680 46681 46682 46683 46684 46685 46686
3792 0 0 11257 18074 18088 18100 18108 18113 18120 18121 18122 18123 67504
3793 3 3 6626 11177 18085 18092 18419 18491 25246 25319 25366 25372 25375 25376 25377 25378 25379 25380
3794 4 4 14337 14386 14849 14850 14851 14852 14853 14854 14855 14856 14857 14858 14859 14860 14861
3795 4 4 21094 21096 21097 21098 21099 21100 21101
3796 4 4 14 41 47 60 609 624 756 757 758 759 760 761 762 763 764 765 766 767
3797 0 0 5 37 45 49 50 51 52 53 54 67505 67506
3798 0 0 9 44 50 64 158 167 613 620 621 622 623 624 625 626 67507
3799 0 0 13 35 46 53 55 56 57 58 59 60 61 62 67508
3800 4 4 27874 34510 34966 34985 35000 35003 35014 35026 35030 35032 38423 38431 38488 38499 46277 46381 46386 49400 49413 49417 49426 49434 49435 49436 49437 49438 49439 49440
3801 4 4 24602 34497 34540 34554 34568 34574 34582 34971 35008 35028 38429 38434 38441 43021 43055 43069 43077 43078 43079 43080 43081 43082
3802 4 4 34499 34509 34520 34561 34573 35004 35031 35033 38415 38421 38422 38423 38424 38425 38426 38427 38428 38429 38430
3803 4 4 34961 34962 34963 34964 34965 34966 34967 34968 34969 34970 34971 34972 34973 34974 34975 34976 34977 34978 34979 34980 34981
3804 2 2 27624 27635 28513 28544 39280 50020 50145 50155 50168 50172 50173 50174 50175 50176 50177
3805 2 2 50059 50080 50107 50152 59052 59053 59054 59055 59056 59057 59058 59059
3806 4 4 17225 19917 23874 27638 27696 27710 27722 27733 27734 27735 27736 27737 27738 27739 27740 27741 27742
3807 4 4 27668 27693 27705 27725 27809 27884 27900 38510 38518 38535 38542 38550 38553 38559 38567 38568 38569
3808 4 4 9973 27786 38316 39407 50288 50306 50309 50317 50320 50321 50322 50323 50324 50325 50326 50327
3809 4 4 19909 27644 27881 27896 28582 28949 28960 39402 39425 49114 49118 50147 50314 65419 65449 65451 65453 65461
3810 4 4 9975 28589 28958 38096 38103 39401 39402 39403 39404 39405 39406 39407 39408 39409 39410 39411
3811 4 4 65405 65406 65407 65408 65409 65410 65411 65412 65413 65414 65415 65416 65417 65418 65419
3812 0 0 23765 45742 60415 60427 60428 60429 60430 60431 60432 60433 60434 60435 60436 60437
3813 0 0 45746 60439 60456 60459 60460 60461 60462 60463 60464 60465 60466 60467
3814 0 0 6289 6295 10303 10492 10569 17155 17299 17351 17364 17368 17371 17372 17373 17374 67509
3815 0 0 6255 6260 16123 17137 17147 17157 17168 17352 17369 17378 17386 17387 17388 17389 17390 17391 17392 17393 17394 17395 17396 17397 67510
3816 0 0 6294 10302 10315 10491 16127 17128 17134 17148 17151 17152 17153 17154 17155 17156 17157 17158 67511
3817 0 0 17346 17347 17348 17349 17350 17351 17352 17353 17354 17355 17356 17357 67512
3818 0 0 30421 30430 30438 30444 30452 30460 30514 30533 40077 40085 41727 41735 50803 50813 50821 50824 50825 50826 50827
3819 0 0 30503 30523 41732 41740 41741 41742 41743 41744 41745 41746 41747 41748 41749
3820 4 4 29978 30069 40337 40353 40366 40966 41612 41631 41645 41657 41658 41659
3821 4 4 30074 40333 40361 41580 50952 51003 51050 51057 51067 51074 51081 51084
3822 4 4 19159 22443 22451 26078 26258 31285 31295 31350 36503 42344 42367 42376 42377 42378 42379 42380 42381 42382
3823 4 4 11979 11996 12034 18956 18970 19156 22453 22461 26072 26081 26091 26230 26231 26232 26233 26234 26235 26236 26237 26238 26239 26240 26241 26242
3824 4 4 19158 26080 26238 31348 36494 36502 36503 36504 36505 36506 36507 36508
3825 4 4 11983 12038 15579 15636 15651 19141 19155 22447 22449 22450 22451 22452 22453 22454 22455 22456 22457 22458
3826 3 3 27133 27145 27159 34442 34464 34488 45547 45581 45597 45608 45609 45610 45611 45612
3827 3 3 10146 17072 17081 19653 19664 19703 27134 27151 37722 40604 40654 40666 45591 45613 45618 45637 45645
3828 0 0 24605 34496 34553 34976 35027 35035 43028 43054 43075 43078 43091
3829 0 0 34503 34514 34522 34555 34558 34571 34572 34573 34574 34575 34576
3830 3 3 19399 26360 32663 37206 37213 37214 37215 37216 37217 37218 37219 37220 37221 37222 37223
3831 3 3 19257 19457 19515 19522 25210 25227 25231 26363 26365 26366 26367 26368 26369 26370 26371 26372 26373 26374
3832 3 3 19456 26357 26369 32767 35496 35504 37247 37265 44003 44011 44012 44013 44014 44015 44016
3833 3 3 19265 19274 19282 19336 19401 19517 19527 25230 26362 26365 32658 32661 32673 37221 37255 37257 37269 37270 37271
3834 0 0 20160 20170 20175 20181 20189 20209 20213 20219 20228 20230 20231 20232 20233
3835 0 0 20162 20172 20207 20225 20226 20227 20228 20229 67513
3836 0 0 20155 20173 20182 20192 20200 20206 20207 20208 20209 20210 20211 67514 67515
3837 0 0 20159 20161 20162 20163 20164 20165 20166 20167 20168 20169 20170 67516
3838 0 0 10319 10335 17160 17174 45441 45447 45460 45464 45467 45468 67517
3839 0 0 515 6180 6181 6182 6183 6184 6185 6186 6187 6188 6189 6190 6191 6192 6193 67518 67519
3840 0 0 6180 6270 10317 24304 45444 45448 45461 45463 45464 45465 45466 67520 67521
3841 0 0 6192 10290 10321 10327 10328 10329 10330 10331 10332 10333 10334 10335 10336
3842 0 0 2736 9088 9716 15982 15985 16009 16020 16026 16027 16028 16029 67522
3843 0 0 15979 16006 16014 16015 16016 16017 67523
3844 0 0 12862 12873 12882 12883 12884 12885 12886 12887 12888 12889 12890 67524
3845 3 3 12872 24201 27078 27114 37505 37518 48668 48675 48717 48718 48726 48727
3846 4 4 30217 32866 32894 32904 33802 33803 33804 33805 33806 33807 33808 33809 33810 33811 33812 33813 33814 33815 33816
3847 4 4 33824 45112 48133 48138 48139 48140 48141 48142 48143
3848 3 3 10537 17283 17295 17569 17583 17592 42118 42139 42143 42144 42145 42146
3849 3 3 3157 6339 10149 10209 10663 17289 17564 17573 17582 22596 22613 24541 24595 24848 32189 32217 42119 42135 42138 42147 42148 42149 42150
3850 4 4 44145 44155 47401 47407 47408 47409 47410 47411 47412 47413 47414 47415
3851 4 4 44162 47379 47380 47381 47382 47383 47384 47385 47386 47387 47388 47389 47390 47391 47392 47393
3852 3 3 8158 8235 8291 8304 8590 13699 13700 13701 13702 13703 13704 13705 13706
3853 3 3 8586 14956 14981 14999 19136 20774 42503 44295 44302 44303 44304 44305 44306 44307 44308 44309 44310 44311 44312 44313
3854 3 3 13706 13715 20790 33264 44255 44278 44287 44291 44292 44293 44294 44295 44296 44297
3855 3 3 8165 8238 8274 8287 8577 8585 8586 8587 8588 8589 8590 8591 8592
3856 3 3 24926 25164 27254 29595 29606 29611 29612 29613 29614 29615 29616 29617 29618 29619
3857 3 3 24931 25160 29629 35540 37016 37020 37034 40683 40709 40725 40745 40766 45785 46484 46491 46503 46506 46511 46512 46513 46514 46515 46516 46517
3858 3 3 24930 25158 27171 27255 29614 37433 40673 40674 40675 40676 40677 40678 40679 40680 40681 40682 40683 40684 40685
3859 3 3 29617 29627 29640 35539 37039 40552 40707 40727 40739 40743 40744 40745 40746 40747 40748 40749
3860 0 0 84 112 113 114 115 116 117 118 67525 67526
3861 4 4 1232 1271 1282 2647 2648 2649 2650 2651 2652 2653 2654
3862 0 0 85 112 425 440 1227 1228 1229 1230 1231 1232 67527 67528 67529
3863 0 0 99 115 437 443 449 450 451 452 453 454 455 456 457 67530
3864 4 4 11277 11289 11300 14717 18449 18478 18488 18545 18546 18547 18548 18549 18550
3865 4 4 11292 11297 18069 18084 18096 18420 18463 18474 18481 18491 18492 18493 18494
3866 0 0 1146 1157 2394 2396 2414 2421 2431 2441 2442 2443 2444 2445 2446 2447 67531
3867 0 0 2282 2376 2412 2424 2433 2434 2435 2436 2437 2438 2439 2440
3868 4 4 30309 51998 52009 52015 52023 52039 52050 52165 60063 60071 64302 64317 64321 64324 64327 64328
3869 4 4 30334 40042 41245 41255 41267 50795 52030 52041 52042 52043 52044 52045 52046 52047
3870 4 4 51961 51969 51996 52018 52035 52168 60047 60059 60060 60061 60062 60063 60064 60065 60066 60067 60068
3871 4 4 21774 30285 30293 30310 41257 50758 50787 50797 52001 52023 52024 52025 52026 52027 52028 52029 52030 52031 52032 52033 52034
3872 3 3 24901 25774 34864 34900 34919 34929 34930 34931 34932 34933 34934 34935 34936 34937 34938 34939 34940 34941 34942
3873 3 3 24893 34945 34957 35906 35907 35908 35909 35910 35911 35912 35913
3874 3 3 22101 24861 24891 24892 24893 24894 24895 24896 24897 24898 24899 24900 24901 24902 24903 24904
3875 3 3 25775 34905 34938 35908 35918 35920 35921 35922 35923 35924 35925 35926 35927 35928
3876 4 4 7346 11113 11120 11131 12335 17968 17975 17976 17977 17978 17979 17980 17981 17982 17983 17984
3877 0 0 12248 12254 17969 17985 17986 17987 17988 17989 17990 67532
3878 4 4 26364 26374 32654 32666 37261 43307 44003 44004 44005 44006 44007 44008 44009 44010
3879 4 4 26542 32583 32632 35386 37205 37219 37224 37225 37226 37227 37228 37229 37230 37231 37232 37233 37234
3880 4 4 26358 26532 35505 37207 37214 37229 37244 37263 44008 44011 44025 44045 44046 44047
3881 4 4 32580 32644 35357 35367 35390 37227 37238 37264 43200 44035 53789 53794 53880 54299 54312 54314 54317 54319 54320
3882 3 3 18149 18158 18408 18594 25310 35079 35422 46582 46732 46735 46736 46737 46738 46739 46740 46741 46742
3883 3 3 11238 11254 18392 18402 18413 18421 18591 25313 25349 35419 46728 46743 46747 46748 46749 46750
3884 3 3 60220 60231 60241 60242 60243 60244 60245 60246 60247 60248 60249 60250 60251 60252
3885 3 3 59483 59642 59663 60197 60234 60264 60267 60277 60278 60279 60280 60281 60282 60283 60284 60285 60286
3886 3 3 40924 49849 49880 55250 55269 55282 55289 55290 55291 55292 55293 55294 55295 55296 55297 55298
3887 3 3 48749 48784 49871 49888 55918 56528 62285 62296 62337 62371 62378 62398 62400 62401 62402 62403 62404 62405 62406
3888 3 3 38908 40927 48732 48743 48753 48788 49843 49854 49862 49870 49879 51591 52186 52194 55261 55295 62277 62339 62358 62382 62396 62403 62410 62411 62412 62413 62414
3889 3 3 49868 49885 55291 56666 58044 59026 59027 59028 59029 59030 59031 59032 59033 59034 59035 59036
3890 3 3 20915 30204 33805 33818 33828 48142 48144 48153 48155 48156
3891 3 3 30211 32867 32892 32898 32903 33807 33817 48131 48132 48133 48134 48135 48136 48137
3892 0 0 20262 27395 27396 27397 27398 27399 27400 27401 27402 27403 27404 27405 27406 67533
3893 0 0 20261 20288 20296 34135 38670 39108 39114 39115 39116 39117 39118 39119 67534
3894 4 4 43907 49164 49175 56297 56319 58613 58625 58637 58650 58668 58673 58677 58686 58689 58700 58719
3895 4 4 27716 28566 32398 32406 32416 33182 43885 43901 43909 43910 43911 43912 43913 43914 43915 43916 43917 43918
3896 4 4 27717 43902 43911 44646 49128 49142 56239 56279 56285 56305 56314 56316 56317 56318 56319 56320 56321
3897 4 4 43920 49181 58683 58695 58710 58714 58715
3898 4 4 26273 26282 26287 26323 35850 36552 36560 36572 36602 36610 36615 36616 36617 36618 36619 36620
3899 4 4 36540 36557 36564 36580 36587 36632 36643 36644 36645 36646 36647 36648 36649 36650 36651
3900 4 4 26280 35826 35852 35881 36545 36561 36599 36618 36626 36629 36643 36662 36684 42558 42559 42560 42561 42562 42563 42564 42565 42566 42567
3901 4 4 12139 12150 12155 26272 36542 36562 36563 36564 36565 36566 36567 36568 36569 36570 36571 36572
3902 0 0 16038 16063 16072 16080 17180 30893 30986 31005 31012 31016 31017 31484 31627 31639 32239 32298 34633 34645 34665 34676 34677 34678 34679 34680 34681 34682
3903 0 0 15712 15725 22244 22255 22256 22257 22258 22259 22260 22261 22262 22263 22264 22265 22266 22267 22268
3904 0 0 8933 9299 16084 16348 22252 22289 22295 22303 30982 30992 31000 31002 31003 31004 31005
3905 0 0 22258 30896 30984 30993 31013 31450 31468 31473 31487 31491 31625 31626 31627 31628 31629 31630 31631 31632
3906 0 0 13529 20281 20301 28070 28087 28101 28107 34063 34069 34070 34071 34072 34073 34074 34075 67535
3907 0 0 13524 20299 20304 20305 67536
3908 3 3 29013 33299 44208 50347 50362 50567 63652 65521 65524 65527 65528 65529 65530
3909 3 3 29018 59062 59075 59116 59126 63248 63253 63420 63426 63446 63648 65516 65546 65573 65574 65581 65584 65585 65586
3910 0 0 56719 56839 56851 56859 61285 62453 62645 62649 62655 62656 62657 62658 62659
3911 0 0 32805 46869 46879 56836 56844 56845 56846 56847 56848 56849
3912 0 0 17094 17110 17241 22770 22775 22776 22777 22778 22779 22780 22781 22782 22783 22784 22785
3913 0 0 5989 6026 6044 10279 15870 15885 15892 15893 15894 15895 15896 15897 15898
3914 0 0 2827 6028 6247 10284 15896 15901 15914 17107 17115 17237 22790 24661 24667 24668 24669 24670 24671 24672
3915 0 0 5990 15868 15880 15894 17104 22763 22768 22784 22789 22816 22817 22818 22819 22820 22821
3916 3 3 10086 16913 24250 31157 31195 31203 31210 31254 33871 33888 33901 43700 43710 43716 43725 43727 45211 45246 45266 45282 45285 45291 45292 45293
3917 3 3 24223 24252 33881 33893 33902 42184 42197 42198 42199 42200 42201 42202 42203 42204 42205
3918 3 3 10087 24211 24214 24257 31234 33882 42201 42239 42245 45208 45253 45274 45281 45284 45285
3919 3 3 33877 33887 33890 33891 33892 33893 33894 33895 33896 33897 33898
3920 0 0 46701 46708 46715 54781 54825 54830 61233 62476 62499 62505 62511 65068 65079 65084 65089 65090 65091
3921 0 0 54758 54759 54760 54761 54762 54763 54764 54765 54766 54767 54768 54769 54770 54771 54772 54773 54774 54775 54776 54777
3922 4 4 7960 13604 20388 20404 20413 20422 20423 20424 20425 20426 20427 20428 20429 20430 20431 20432
3923 4 4 20391 20400 20407 20418 20437 28211 38598 38608 38612 38619 38620 38621
3924 3 3 49486 63150 63159 63168 63177 63180 63182 63190 63196 63210 63211 63213
3925 0 0 38592 49778 49790 49808 58769 58974 58978 58988 58992 58993 58994 58995 58996 58997 58998 67537
3926 3 3 58779 58784 58787 58994 63146 63158 63162 63163 63164 63165 63166
3927 3 3 49787 49795 49799 49805 49810 49814 49938 58938 58959 58967 58987 58997 59007 59018 59019 59020 59021 59022 59023
3928 3 3 30690 30826 43170 43183 52609 53762 53773 53779 53786 53801 60366 64451 64491 64498 64504 64512 64513 64514 64515 64516 64517
3929 0 0 8633 30685 30829 52636 52637 52638 52639 52640 52641 52642 52643 67538
3930 3 3 26844 26851 26863 26868 26872 26877 26880 26884 26887 26893 26901 26912 26955 26957 26958 26959 26960
3931 3 3 19584 25967 26810 26828 26831 26832 26833 26834 26835
3932 3 3 28159 39009 39030 39041 39049 49896 49907 49923 49924 49925 49926 49927 49928 49929 49930 49931 49932 49933
3933 3 3 49959 49974 50003 50010 55587 55596 55640 55664 55686 55688 55689 55690 55691 55692 55693
3934 3 3 8437 14728 18445 18560 18568 18571 21572 24954 24958 24967 24971 35566 51126 51152 51156 51157 51158 51159 51160 51161
3935 3 3 8447 11266 11267 11268 11269 11270 11271 11272 11273 11274 11275
3936 0 0 1640 7146 7351 7352 7353 7354 7355 7356 67539
3937 0 0 1636 3574 7411 7418 7422 12466 12476 12477 12478 12479 12480 12481 67540
3938 0 0 1811 1826 2286 2445 2475 2476 7979 7980 7981 67541
3939 0 0 1822 2287 2291 2292 2293 2294 2295 2296 2297 2298 2299
3940 3 3 17036 17051 29220 33565 33572 33584 39519 39544 39569 39606 39611 39612 39613
3941 3 3 21104 29228 29300 39527 39556 39586 39658 39961 39980 44813 44817 44824 44833 44835 44836
3942 3 3 29219 33583 33589 38330 39538 39576 39584 39608 39613 39657 39658 39659 39660 39661 39662 39663 39664
3943 3 3 17046 29226 33561 33585 39520 39612 44812 44823 44824 44825 44826 44827 44828 44829 44830
3944 0 0 17222 32392 32393 32394 32395 32396 32397 32398 32399 32400 32401
3945 0 0 24820 32352 32353 32354 32355 32356 32357 32358 32359 32360
3946 3 3 36383 36423 36440 36443 36444 36445 36446 36447 36448 36449 36450 36451 36452 36453
3947 3 3 26921 26931 36337 36378 36396 36414 36415 36416 36417 36418 36419 36420
3948 4 4 34256 34267 34289 55876 62069 62090 62098 62102 62103 62104 62105
3949 4 4 34250 34263 34285 45161 45171 45188 48502 48521 55960 55971 55977 55986 55988 55989 55990
3950 4 4 34241 34246 34247 34248 34249 34250 34251 34252 34253 34254 34255 34256 34257 34258 34259
3951 4 4 34284 34302 48498 48515 48516 48517 48518 48519 48520 48521 48522
3952 0 0 1034 4289 5886 6204 7732 7775 9896 9913 9922 9925 9932 9933 9934 9935 67542
3953 0 0 5879 5893 9900 9901 9902 9903 9904 9905 9906 67543
3954 3 3 45178 45340 45364 45504 52989 52999 53317 55506 55533 60563 60568 60572 60577 60578 60579 60580 60581 60582 60583 60584
3955 3 3 37915 45181 45345 45497 45762 46181 46190 46217 53323 53513 55408 55434 55503 55534 55541 55542 55543 55544 55545 55546 55547 55548 55549
3956 0 0 1030 4268 4288 4298 7765 7766 7767 7768 7769 7770 7771 7772 7773 67544
3957 0 0 5881 6205 7724 7729 7730 7731 7732 7733 7734 7735 7736 7737 7738 7739 67545
3958 4 4 36238 47326 47340 47430 47489 47490 47491 47492 47493 47494 47495 47496 47497 47498 47499 47500 47501 47502
3959 4 4 44078 47309 47336 47503 56985 57002 57008 57013 57045 57051 57052 57053 57054
3960 0 0 36689 36698 47251 60645 64718 64733 64737 64738 64739 64740 64741 64742
3961 0 0 42567 47353 47371 60632 64727 64751 64754 64760 64765
3962 0 0 29260 39532 39553 39557 39558 39559 39560 39561 39562 39563 39564 67546
3963 0 0 17033 29221 39525 39534 39552 39560 39565 39566 39567 39568 39569 39570 39571 39572 39573 39574 39575 39576
3964 0 0 39537 39558 39572 39592 39593 39594 39595 67547
3965 0 0 39523 39551 39559 39565 39579 39588 44832 50388 50400 50417 50421 67548
3966 0 0 4651 8153 8201 8208 8216 14109 14161 14200 14484 14491 14494 14495 14496 14497 14498 67549
3967 0 0 8194 8195 8196 8197 8198 8199 8200 67550 67551
3968 4 4 51272 51283 51391 51398 51515 51519 51520 51521 51522 51523 51524
3969 4 4 58258 58266 58275 58279 58287 58292 58295 58301 58306 58328 58331 58340 58343 58344
3970 4 4 9760 9772 22669 23651 23681 23700 31843 31974 31978 31988 31993 31999 32000
3971 4 4 9764 22667 23283 23323 23353 23368 23641 23660 23674 23677 31851 31982 31983 31984 31985 31986 31987
3972 2 2 29483 50714 56579 59584 61817 61992 62029 62142 64153 65113 65126 65344 65376 65389 65400 65401 65402 65403 65404
3973 2 2 45526 48443 50711 55336 55760 55767 56511 58055 59579 59587 59588 59589 59590 59591 59592 59593 59594
3974 2 2 29490 45530 50706 50707 50708 50709 50710 50711 50712 50713 50714 50715 50716 50717 50718 50719 50720 50721
3975 2 2 48446 48454 55340 56574 59582 59595 61814 61815 61816 61817 61818 61819 61820 61821 61822
3976 4 4 39331 39355 39364 50380 55724 55725 55726 55727 55728 55729 55730 55731 55732 55733
3977 4 4 33566 39347 39351 39373 49375 55133 59274 59282 59310 59316 63573 63582 63588 63594 63600 63601
3978 4 4 39322 39333 39343 39359 39362 39363 39364 39365 39366 39367
3979 4 4 39352 50378 55140 55148 55735 59236 59245 59268 59271 59272 59273 59274 59275 59276 59277
3980 0 0 6571 16852 16853 16854 16855 16856 16857 16858 16859 16860 16861 16862 16863 16864 67552
3981 0 0 1121 6564 7629 7643 7656 17023 17921 17938 17945 17946 67553
3982 3 3 46629 54051 54059 54066 54106 56597 56628 56633 56652 56653 56654 56655 56656 56657
3983 3 3 40444 40864 40869 46626 46642 46648 46649 46650 46651 46652 46653 46654 46655 46656 46657 46658
3984 3 3 29680 40876 46631 46646 46657 51175 51194 54068 56592 56617 56626 56629 56630 56631 56632 56633 56634 56635 56636 56637
3985 3 3 46633 46653 48374 48384 48389 48459 50729 54049 54054 54098 54103 54104 54105 54106 54107 54108 54109
3986 4 4 57506 57515 57527 57560 57566 57598 57603 57607 57614 57619 57620 57621
3987 4 4 44366 54972 54979 54993 57509 57523 57532 57533 57534 57535 57536 57537 57538 57539 57540 57541 57542
3988 4 4 24319 24430 24751 24753 24783 24792 33980 33999 34738 34799 34803 34816 34817 34818 34819 34820 34821 34822 34823 34824
3989 0 0 6257 17166 24308 24764 24765 24766 24767 24768 24769 24770 24771 24772 24773 24774 67554
3990 3 3 15390 15503 15536 15548 15788 15798 16445 16454 16462 22749 22754 23611 23638 23650 23665 23679 23683 23684 23685 23686 23687 23688 23689 23690 23691 23692
3991 3 3 15804 15849 16474 17738 22369 22385 22393 22412 22422 22745 22761 22792 22793 22794 22795 22796 22797 22798
3992 3 3 9184 15493 15806 16446 16452 22366 22416 22743 22756 22795 22799 23604 23610 23611 23612 23613 23614 23615 23616 23617 23618 23619
3993 3 3 15540 15554 15791 15801 15844 22413 22420 22421 22422 22423 22424 22425 22426
3994 2 2 2955 3089 5994 6008 6221 6227 9262 9273 10346 15947 15966 16025 17243 22879 24628 24644 24645 24646 24647 24648 24649
3995 2 2 6003 6016 6093 6101 6107 6111 6112 6113 6114 6115 6116 6117
3996 3 3 64377 64378 64379 64380 64381 64382 64383 64384 64385 64386 64387 64388 64389 64390
3997 3 3 48797 52254 58746 58758 60100 60129 60148 60149 60150 60151 60152 60153 60154 60155 60156 60157
3998 3 3 41412 49025 52256 58503 58747 60123 60124 60125 60126 60127 60128 60129 60130 60131 60132
3999 3 3 44738 48798 58760 60103 60140 60143 60150 62939 63133 63136 64116 64140 64388 64393 64414 64422 64429 64430
4000 4 4 6844 8596 9206 11987 11995 12032 12033 12034 12035 12036 12037 12038 12039 12040 12041 12042 12043 12044 12045 12046
4001 4 4 9208 15578 15610 15622 15636 15637 15638 15639 15640 15641 15642 15643 15644
4002 3 3 26239 31349 31364 36504 42328 42369 47950 57070 57078 57097 57100 57149 57161 57167 57177 57181 57187 57188 57189 57190
4003 3 3 15582 15650 19160 22449 26236 26250 26255 26256 26257 26258 26259 26260 26261
4004 0 0 1761 1767 1768 1769 1770 1771 1772 1773 67555
4005 0 0 1245 4272 4274 4292 5839 5847 5860 5861 5862 5863 5864 5865 5866 5867 67556 67557
4006 4 4 5344 5345 5346 5347 5348 5349 5350 5351 5352 5353 5354
4007 4 4 5355 5371 5377 5382 5383 5384 5385 5386
4008 4 4 56027 56035 56043 56052 62086 62115 62154 62160 62170 62172 62176 62188 62191 62192 62193 62194
4009 4 4 45832 45838 45844 45850 45858 45868 62173 62181 62182 62183 62184 62185
4010 0 0 12555 12568 15430 18164 18171 18173 18174 18175 18176 18177 18178 18179 18180 18181
4011 0 0 9071 15407 15414 15415 15416 15417 15418 15419 15420 15421 15422 15423 15424
4012 0 0 2074 4942 4948 4949 4950 4951 4952 4953 4954 4955 4956 67558 67559
4013 3 3 4940 4995 6213 9287 9588 9589 9590 9591 9592 9593 9594 9595 9596 9597
4014 0 0 46928 46953 46959 62554 62555 62556 62557 62558 62559 62560
4015 0 0 35523 35553 37041 46533 46923 46937 46943 46944 46945 46946 46947
4016 4 4 50943 52299 52314 59681 59688 64161 64162 64163 64164 64165 64166 64167
4017 4 4 52145 52154 52290 52304 59983 64063 64098 66009 66032 66039 66042 66043 66044 66045 66046 66047
4018 4 4 52287 55310 58019 59678 59685 59980 60031 66015 66042 66052 66054 66060
4019 4 4 50944 52116 52300 52317 59973 64062 64161 64275 64331 65962 65967 65972 66017 66046 66051 66058 66062 66063 66064 66065
4020 0 0 14680 14691 21283 21305 21545 21562 29340 29363 29407 29410 29411 29412 29413 29414 29415 29416 29417 29418 29419 67560
4021 0 0 14695 21284 21292 21293 21294 21295 21296 21297 21298 21299 21300 67561
4022 0 0 6751 11864 11874 11883 11895 18914 25585 25589 25590 25591 25592 25593 25594 25595 25596
4023 0 0 6761 11428 11860 11886 11893 11898 11905 18664 18665 18666 18667 18668 18669 18670 18671 18672 67562
4024 3 3 29320 29461 30543 40196 40324 51019 51028 59703 59737 59749 59755 59756 59769 59774 59787 59795 59800
4025 3 3 29477 30047 30080 40192 40309 40319 40327 40331 59720 59743 59770 59778 59779 59792 59799
4026 3 3 29332 29342 29460 29475 30087 40152 40182 40184 40185 40186 40187 40188 40189 40190 40191 40192 40193 40194 40195 40196 40197 40198 40199
4027 3 3 59694 59712 59719 59725 59728 59741 59745 59760 59771 59772 59773 59774 59775 59776 59777 59778
4028 4 4 27741 27928 38502 38503 38504 38505 38506 38507 38508
4029 4 4 20006 20054 20077 23892 27902 27903 27904 27905 27906 27907 27908 27909 27910 27911 27912
4030 0 0 36623 47264 47284 47295 47307 47308 47309 47310 47311 47312 47313 47314 47315 47316 47317 47318 47319 47320 47321 47322 47323
4031 0 0 36248 47244 47349 47358 47369 56876 57235 57313 57330 57353 57377 57387 57388 57389 57390
4032 0 0 47293 47320 47370 47623 56880 56891 56896 57233 57239 57248 57316 57373 57387 57391 57392 57393 57394 57395
4033 0 0 35834 36125 36155 36229 36240 47247 47298 47332 47337 47343 47344 47345 47346 47347 47348 47349 47350
4034 0 0 623 630 761 768 769 770 771 772 773 774 775 776
4035 0 0 780 785 790 791 792 793 794 67563
4036 4 4 12951 12961 12980 12986 12996 13001 19604 27034 27038 27039 27040 27041 27042 27043
4037 0 0 10782 10791 10806 12787 12802 12824 12825 12826 12827 12828 12829 12830 12831 12832 12833 12834 12835 12836 12837 67564
4038 0 0 45100 45118 45144 50594 50605 50606 50607 50608 50609 50610 50611 50612
4039 0 0 39717 45140 50631 50655 57819 57852 57861 57865 57870 57874 57875
4040 3 3 14786 21425 21437 21450 24951 29435 29930 29942 29947 29956 30150 30157 30170 51131 51707 51720 51746 51748 51749
4041 3 3 14635 14656 14664 21359 21402 21413 21420 21439 21480 21522 29949 29954 29959 29960 29961 29962 29963 29964
4042 3 3 21403 21428 21435 21436 21437 21438 21439 21440 21441 21442 21443 21444
4043 3 3 29932 29944 29953 29958 29964 30103 30120 30133 30135 30143 30150 30151
4044 0 0 14424 24020 24083 29179 38971 39488 39506 39512 44802 50394 50412 50424 50429 50431 67565
4045 0 0 20932 20933 20934 20935 20936 20937 20938 20939 67566
4046 3 3 43151 43162 43169 43203 53769 53784 53797 53872 53878 53931 60365 64457 64512 64525 64531 64532 64533 64534 64535
4047 3 3 43155 43214 43250 43257 43289 43312 43314 43315 43316 43317 43318 43319 43320
4048 3 3 43139 43152 43252 43317 53817 53828 53838 53865 53866 53867 53868 53869 53870 53871 53872 53873 53874
4049 3 3 32660 32668 32674 32685 37267 43148 43165 43202 43258 43315 44036 53767 53785 53790 53794 53795 53796 53797 53798 53799 53800
4050 0 0 1742 1747 2150 2152 2153 2154 2155 2156 2157 2158 2159 2160 67567
4051 0 0 2201 4889 4907 5046 5079 5081 5082 5083 5084 5085 5086 5087 67568
4052 0 0 1109 1724 1744 2112 2157 2161 2168 2200 4889 4890 4891 4892 4893 4894 4895 4896 4897 67569
4053 0 0 583 2154 2199 5074 5083 8850 8872 8887 8903 8904 67570
4054 4 4 34694 43906 46111 46189 49171 55125 56270 56278 56291 56296 56297 56298 56299 56300 56301 56302 56303 56304 56305 56306 56307 56308 56309 56310
4055 4 4 24811 24833 32387 32404 32418 43896 43900 43912 46429 56228 56233 56234 56235 56236 56237 56238 56239 56240 56241 56242 56243 56244 56245
4056 3 3 6409 6425 8403 8473 10860 10871 10879 14766 14767 14768 14769
4057 3 3 6416 6422 10855 10877 10883 10884 10885 10886 10887 10888
4058 3 3 4376 5325 5687 5713 5730 8090 20549 20555 22998 28783 28816 28824 28842 28849 28851 28852 28853
4059 3 3 9782 13774 13782 13796 16501 20485 20547 20554 23000 28786 28856 28859 28860 28861 28862 28863 28864
4060 4 4 26639 35439 35454 35460 35476 35477 35478 35479 35480
4061 4 4 26608 35453 35466 35467 35468 35469 35470 35471 35472 35473 35474 35475
4062 0 0 16282 19315 21976 26421 26496 26497 26498 26499 26500 26501 26502 26503 67571
4063 0 0 26505 26509 32812 32845 32877 32886 32913 48225 48231 48241 48245 48266 67572
4064 3 3 50279 57666 59170 59171 59172 59173 59174 59175 59176 59177 59178 59179
4065 3 3 36899 36910 47475 53018 53564 53586 53618 53624 57662 57718 59404 60882 62746 63459 63490 63498 63505 63508 63509 63510
4066 3 3 63450 63451 63452 63453 63454 63455 63456 63457 63458 63459 63460 63461
4067 3 3 36900 42413 50250 53620 57658 57659 57660 57661 57662 57663 57664 57665 57666 57667 57668
4068 3 3 53693 53709 53901 60253 60254 60255 60256 60257 60258 60259 60260 60261 60262 60263 60264 60265
4069 3 3 43136 43274 53740 53807 53834 53840 53847 53854 53865 53893 53895 53905 53911 53912 53913 53914 53915
4070 3 3 43144 53693 53694 53695 53696 53697 53698 53699 53700 53701 53702 53703 53704 53705 53706 53707
4071 3 3 53894 53900 53910 53915 53920 53928 53933 53939 64527 64536 64537 64538 64539 64540 64541 64542
4072 3 3 26314 35843 35857 36435 42327 57067 57076 57096 57097 57098 57099
4073 3 3 35836 36426 42329 44095 44100 44101 44102 44103 44104 44105 44106 44107 44108 44109 44110
4074 0 0 41395 41404 41409 41455 41456 41457 41458 41459 41460 41461 41462 41463 41464 41465
4075 0 0 40020 40023 40024 40025 40026 40027 40028 40029 40030 40031 40032 40033
4076 4 4 23800 33259 44239 44245 44332 44333 44334 44335 44336 44337 44338 44339 44340 44341 44342
4077 0 0 5805 5815 7987 13877 20590 20591 20592 20593 20594 20595 20596 20597 20598 67573
4078 4 4 20590 21232 28608 28616 28668 33255 44216 44220 44234 44236 44246 44333 44349 44351 44352 44353 44354 44355 44356
4079 4 4 5807 5811 13875 20596 20940 20970 23778 23788 23789 23790 23791 23792 23793 23794 23795 23796 23797 23798 23799 23800 23801
4080 4 4 36289 36292 39172 39195 39205 39219 39224 39232 39233 39234 39235 39236 39237 39238
4081 4 4 16575 16582 20614 33306 33326 33475 39223 39249 63269 63308 63318 63321 63325 63326
4082 0 0 7279 7300 12160 26031 26052 26061 26068 26106 26112 26133 26161 26162 26163 26164
4083 0 0 11925 12142 12167 12171 12172 12173 12174 12175 12176
4084 4 4 65741 65742 65743 65744 65745 65746 65747 65748 65749 65750 65751 65752 65753 65754
4085 4 4 44357 54989 55021 55033 57605 63657 63658 63659 63660 63661 63662 63663 63664 63665 63666
4086 4 4 13736 13959 20492 20527 22232 28826 39165 39181 39187 39188 39189 39190 39191 39192 39193 39194 39195 39196 39197
4087 4 4 13727 13734 13846 13856 13891 13927 13929 13941 13942 13943 13944 13945 13946 13947 13948 13949
4088 4 4 1834 1845 3293 3308 3309 3310 3311 3312 3313 3314 3315 3316 3317
4089 0 0 577 580 3298 3301 3319 3329 3330 3331 67574
4090 0 0 3295 3316 3320 3330 4926 8877 8878 8879 8880 8881 8882 67575
4091 0 0 574 578 1036 1758 1844 3299 3300 3308 3321 3327 3329 3332 67576 67577
4092 4 4 21273 41137 41159 48419 51042 51201 51213 54074 56605 56637 56670 56688 56689 56690 56691 56692 56693
4093 4 4 51214 58009 58031 60018 60044 64201 64206 64207 64208
4094 4 4 12220 12230 12233 15506 15522 15813 25017 25026 25079 35186 35204 35207 35215 35228 35241 35249
4095 4 4 9138 9148 9165 10972 11022 12215 17722 17900 25013 25016 25022 25023 25024 25025
4096 4 4 9166 10973 11018 11019 11020 11021 11022 11023 11024 11025 11026 11027 11028
4097 0 0 9149 9159 10975 10985 10989 11003 12229 12231 15520 25003 25011 25016 25017 25018 25019 25020 25021 67578
4098 0 0 4946 4951 5571 6210 9490 9510 9595 16299 16310 16311 16319 16320 16321 67579
4099 0 0 5611 9491 9502 9524 9559 10495 16297 16304 16308 16312 16315 16316 16317 16318 67580
4100 0 0 5572 9490 9491 9492 9493 9494 9495 9496 9497 9498 67581
4101 0 0 5550 9291 9558 9594 16298 16307 16318 16320 16325 17465 25544 32263 32274 32283 32284 32285 32286 32287
4102 3 3 4579 4596 8894 15213 15228 15234 15252 19932 19939 19954 19956 19983 19985 19986 19987 19988 19989
4103 0 0 1842 1852 1877 2137 4575 4582 4590 4591 4592 4593 4594 4595 67582
4104 3 3 4584 7719 13349 19923 19942 19948 19953 19956 19957 19958 19959 19960
4105 3 3 1839 1880 3496 4570 4571 4572 4573 4574 4575 4576 4577 4578 4579 4580 4581
4106 0 0 9479 12314 19234 19238 19239 19240 19241 19242 19243 19244 19245 19246 19247 19248 19249 19250 19251 19252 19253 19254 67583
4107 0 0 19230 23042 23062 23066 23067 23068 23069 23070 23071 23072 67584
4108 3 3 6615 6622 9468 9475 12263 12273 12277 12282 12300 18012 18022 18043 19514 25212 25217 25218 25219 25220 25221 25222 25223
4109 3 3 1369 1641 1642 1643 1644 1645 1646 1647 1648 1649 1650 1651 1652
4110 3 3 59760 59761 59762 59763 59764 59765 59766 59767 59768 59769 59770
4111 3 3 30044 30045 30046 30047 30048 30049 30050 30051 30052 30053 30054
4112 4 4 53886 53902 60254 64536 64543 64544 64545 64546 64547 64548 64549
4113 4 4 64443 66175 66191 66203 66204 66205 66206 66207 66208
4114 4 4 43147 53705 53888 53909 57777 57787 57798 60257 60287 60288 60289 60290 60291 60292 60293 60294 60295 60296
4115 4 4 64530 64535 64542 64549 64554 64562 64565 64571 64575 64579 64582 64585 64587 66184 66194 66209 66220 66222
4116 0 0 1004 1097 2080 2087 2088 2089 2090 2091 2092 2093 2094 2095 2096 2097 2098 2099 2100 67585
4117 0 0 3071 6214 15147 15148 15149 15150 15151 15152 15153 15154 15155 67586
4118 3 3 63525 63534 63540 63546 63550 65590 65591 65592 65593 65594 65595 65596
4119 3 3 55213 59467 59475 59670 60192 61770 65598 65707 65719 65723 65734 65735
4120 3 3 55171 59478 60193 60218 60238 60245 61924 63530 64441 64471 64475 64481 65592 65597 65598 65599 65600 65601 65602 65603 65604 65605
4121 3 3 55211 60199 61825 61834 63536 63543 63553 63565 65594 65708 65724 65731 65733 65735 65736 65737
4122 3 3 6265 10331 17133 17163 17170 22822 22837 22843 24311 33992 42662 42704 42934 43848 43868 43874 45397 45408 45425 45433 45434 45435 45436 45437
4123 3 3 24314 24772 24789 33994 34804 34818 43834 43835 43836 43837 43838 43839 43840 43841 43842 43843 43844
4124 3 3 14015 15224 15239 15260 15267 16577 20622 22228 22237 22238 22239 22240 22241 22242 22243
4125 0 0 13887 13902 13918 13974 13975 13976 13977 13978 13979 13980 13981 13982 67587
4126 4 4 22626 22633 31760 31824 31884 31892 31910 32058 42766 53223 53241 53253 53255 53256 53257 53258
4127 4 4 22757 23612 23637 23687 31829 31833 31834 31835 31836 31837 31838 31839 31840 31841 31842
4128 4 4 22643 23608 23616 31827 31835 31894 31921 31946 32059 33111 33126 33129 33130 33131 33132 33133 33134 33135
4129 4 4 22750 22758 23684 23695 31831 31837 31849 31898 31902 31903 31904 31905 31906 31907 31908 31909
4130 4 4 36105 36106 36107 36108 36109 36110 36111 36112 36113
4131 4 4 25901 32528 36114 36135 36171 36172 36173 36174 36175 36176 36177 36178 36179 36180 36181 36182 36183 36184 36185
4132 4 4 36106 36115 36147 36171 47422 47429 47440 47663 47664 47665 47666 47667 47668 47669 47670 47671 47672 47673 47674
4133 4 4 25766 25900 36118 36125 36126 36127 36128 36129 36130 36131 36132 36133 36134 36135 36136 36137 36138 36139
4134 3 3 51140 51147 56435 62518 62524 62525 62526 62527 62528 62529 62530 62531 62532 62533 62534 62535 62536
4135 3 3 56555 56562 59892 59903 59914 64211 64232 64843 65172 65192 65193 65194 65195 65196 65197 65198 65199 65200 65201 65202 65203 65204
4136 3 3 56563 62514 64834 64843 64844 64845 64846 64847 64848 64849 64850 64851 64852 64853
4137 3 3 51134 56440 62528 64234 65194 65235 65242 66077 66085 66096 66114 66124 66125 66126
4138 0 0 106 541 1358 1359 1360 1361 67588 67589
4139 0 0 104 543 602 1447 5264 5265 5266 5267 5268 5269 5270 5271 5272 5273 5274 67590
4140 4 4 40939 51573 51595 51599 51607 51619 51632 51646 51647 51648 51649 51650 51651
4141 4 4 51576 51594 51613 51629 52171 52172 52173 52174 52175 52176
4142 3 3 41001 41007 41012 41015 41668 41693 41697 41703 41713 51708 51734 51742 51750 51751 51752
4143 3 3 21288 21298 29343 29382 29411 29471 30077 30086 30087 30088 30089 30090 30091 30092 30093 30094
4144 3 3 40267 40282 40292 40297 40994 41003 41665 41700 41701 41702 41703 41704 41705 41706 41707
4145 3 3 21296 29381 30079 30093 41011 41013 41684 41691 41698 51712 51735 51739 51751 51759 51763
4146 0 0 948 1681 1684 1787 1792 4319 4327 7915 7921 7927 7928 7929 7930 7931 7932 67591 67592
4147 0 0 950 1783 7927 67593 67594
4148 3 3 54395 54414 54684 54944 54961 56982 57000 57010 57018 57026 57027 57028 57029 57030 57031 57032 57033
4149 3 3 23718 37337 37349 37358 44076 47276 47286 47321 47615 53446 54389 56979 56989 57003 57009 57012 57013 57014 57015 57016 57017
4150 3 3 37340 54612 54637 54640 54653 56983 56991 57022 57025 57032 57034 57035 57036 57037 57038 57039 57040 57041
4151 3 3 47266 47307 47334 47489 47505 54394 54411 54680 55015 56978 56999 57001 57007 57008 57009 57010 57011
4152 4 4 33281 44362 44408 45887 45898 45917 56095 56105 56131 57526 57537 57606 57613 57621 61569 62214 62239 62249 62267
4153 4 4 34621 45886 45889 45890 45891 45892 45893 45894 45895
4154 0 0 5353 5362 9169 10978 11019 15517 15817 15828 15830 15831 15832 15833 15834 15835 15836
4155 0 0 15823 15874 17744 25663 25702 25719 25720 25721 25722 25723 25724
4156 4 4 41042 41043 41044 41045 41046 41047 41048 41049 41050 41051 41052 41053 41054 41055 41056
4157 4 4 41060 41091 41115 41123 41359 52125 64260 64290 64294 64296 64297 64298
4158 4 4 40945 40963 40979 40984 40990 41018 41610 41623 41633 41649 41689 51697 51714 51715 51716 51717
4159 4 4 29858 29872 29927 29934 29985 30017 30098 30113 30116 30123 30128 30129 30130 30131 30132 30133 30134
4160 4 4 29854 29871 29928 29938 30134 30171 40975 40982 40985 41017 41035 41039 51699 51714 51718 51719 51720 51721 51722 51723 51724 51725 51726 51727
4161 4 4 21999 29864 29869 29919 29989 30019 30131 30813 40942 40952 40954 40955 40956 40957 40958 40959 40960 40961 40962 40963
4162 3 3 13871 28488 28495 28540 39267 39276 39281 39291 50015 50016 50017 50018 50019 50020 50021
4163 3 3 39264 39273 39286 44397 50053 50062 50075 50076 50077 50078 50079 50080 50081 50082 50083 50084 50085
4164 3 3 20044 20056 27625 27636 27925 27943 28477 28508 28527 28541 28547 38511 39262 39268 39278 39280 39281 39282 39283 39284 39285 39286 39287 39288 39289 39290
4165 3 3 39275 39296 50017 50028 50037 50048 50058 50072 50095 50110 50115 50129 50132 50133 50134
4166 3 3 49876 56527 56539 56593 56621 56645 56647 56664 59031 59040 59045 59046 59047 59048 59049 59050 59051
4167 3 3 56607 56642 58038 59026 59037 60003 60006 60007 60008 60009 60010 60011 60012 60013 60014
4168 0 0 65845 65846 65847 65848 65849 65850 65851 65852 65853 65854 65855 65856 65857
4169 0 0 63805 63855 63876 63885 63893 63937 63950 63952 63953 63954 63955 63956 63957 63958
4170 3 3 15572 22494 31312 36838 36847 42345 42386 42398 42411 47845 47915 48291 48304 48323 48354 48362 48367 48368 48369 48370
4171 3 3 31382 31390 36859 36884 36904 42356 42383 42401 42416 57932 57975 57984 57989 57998 58001 58002
4172 3 3 42388 42414 48290 48297 48301 48321 48362 48363 48364 48365 48366
4173 3 3 21950 30572 30593 31290 31302 31318 31375 31385 36846 36881 42347 42352 42375 42384 42394 42395 42396 42397 42398 42399 42400 42401
4174 3 3 54117 54121 54122 54123 54124 54125 54126 54127 54128 54129 54130 54131 54132 54133 54134
4175 3 3 46792 46808 46831 54116 56741 56763 56768 58145 60974 60986 60993 60996 61001 61002 61003
4176 3 3 46835 54111 54122 56745 56762 56771 56772 56773 56774 56775 56776 56777
4177 3 3 46810 46981 54114 54125 54286 54746 60528 60531 60534 60977 60980 60981 60982 60983 60984 60985 60986 60987 60988 60989
4178 4 4 8639 22077 22078 22079 22080 22081 22082 22083 22084 22085 22086 22087 22088 22089 22090 22091
4179 4 4 30831 30836 30850 30859 30862 32677 32733 43213 43242 43259 43262 43263 43264 43265 43266 43267
4180 0 0 2805 3140 6018 6077 10191 17492 17496 17505 17506 17507 17508 17509 67595
4181 0 0 1349 1350 1351 1352 1353 1354 1355 1356 1357 67596
4182 3 3 27657 27819 27842 38447 38458 38463 38464 38465 38466 38467 38468
4183 3 3 27665 27812 27845 33596 34518 34560 34572 34577 38413 38414 38415 38416 38417 38418 38419 38420
4184 4 4 56588 56589 56590 56591 56592 56593 56594 56595 56596 56597 56598 56599 56600 56601 56602 56603 56604 56605 56606 56607
4185 4 4 56639 59039 59555 59991 60000 60001 60002 60003 60004 60005
4186 0 0 2007 2053 8649 8660 8667 8703 8714 8724 8739 8755 67597 67598
4187 0 0 2016 2055 4819 4831 4842 8642 8658 8664 8696 8710 8725 8726 8727 8728 8729 8730 8731 8732
4188 3 3 9064 9075 9083 9108 11201 15400 15409 15425 15426 15427 15428 15429
4189 3 3 11203 15417 15442 18200 18218 19475 23338 23459 23659 23670 26640 26641 26642 26643 26644
4190 4 4 44141 47400 47411 47481 54570 54590 54990 55007 57132 57714 57722 57723 57724 57725 57726 57727 57728 57729 57730
4191 4 4 54973 54984 54995 55003 55011 55017 57103 57125 57128 57501 57532 57543 57544 57545 57546 57547
4192 4 4 44134 44147 44368 47412 54573 54599 54602 54705 54983 54985 54986 54987 54988 54989 54990 54991 54992 54993 54994 54995
4193 4 4 55009 57110 57121 57130 57135 57546 57717 57728 57731 59405 59409 65747 65761 65767 65768 65779 65780
4194 0 0 54431 54977 57256 57520 57528 57538 61387 61388 61389 61390 61391 61392 61393
4195 0 0 57030 57036 57050 57055 61395 61400 61525 61535 61542 61548 61557 61558 61559
4196 0 0 6269 6278 22876 43762 45453 45472 45487 45490 67599
4197 0 0 33958 33973 43774 45469 45478 45482 45483 45484 45485 45486 67600
4198 0 0 30 31 32 33 34 35 36 37 38 39 40 41 42 67601
4199 0 0 48 54 62 69 621 765 775 777 778 779 780 781 67602
4200 0 0 8573 21258 41848 41857 41858 41859 41860 41861 41862 67603
4201 0 0 4751 4766 4767 4768 4769 4770 4771 4772 67604 67605
4202 0 0 4772 8569 14839 41374 41849 41859 41863 41864 41865 41866 41867 41868 67606
4203 0 0 4768 8570 14844 21257 21258 21259 21260 21261 21262 21263 67607 67608
4204 0 0 29516 29521 29526 29531 38845 38855 38861 38865 38866 67609
4205 0 0 28396 28397 28398 28399 28400 28401 28402 28403 28404 28405 28406 28407 28408 28409 28410 28411 67610
4206 0 0 27279 28407 28448 28462 38847 38867 38870 67611
4207 0 0 28397 28415 28431 29515 29523 29721 29743 29756 29806 38841 38850 38862 38866 38869 38874 38878
4208 3 3 12166 26099 26132 26172 26193 26204 36634 36650 36652 36653 36654 36655 36656 36657 36658
4209 3 3 35751 36563 36576 36589 36631 36646 36666 36670 36676 42577 42588 42593 42594 42595 42596 42597
4210 4 4 39 57 734 740 743 802 807 808 809 810
4211 0 0 723 724 725 726 727 728 729 67612 67613
4212 4 4 27277 34313 37618 37619 37620 37621 37622 37623 37624 37625 37626 37627 37628
4213 4 4 34309 34326 34328 34344 37667 37672 37877 37880 51259 51260 51261 51262 51263 51264 51265 51266 51267
4214 4 4 34305 34319 37626 37673 37868 37870 37871 37872 37873 37874 37875 37876 37877 37878 37879
4215 4 4 34308 34328 34329 34330 34331 34332 34333 34334
4216 0 0 33204 33235 34730 43890 43930 43945 43976 46161 46206 54471 54500 54516 54528 54529 54530 54531
4217 0 0 24825 32369 33169 33170 33171 33172 33173 33174 33175 33176 33177
4218 3 3 11776 18723 18732 18740 25762 31621 31661 31671 31672 31673 31674 31675 31676 31677 31678
4219 3 3 31624 31696 36021 36222 52842 52850 52880 52886 52897 52898 52899 52900 52901 52902 52903 52904 52905 52906 52907
4220 3 3 18719 18734 31619 31662 31671 31682 31692 36020 36085 36104 42061 42096 46104 47534 52837 52854 52855 52878 52883 52886 52887 52888
4221 3 3 18726 18739 25761 31620 31676 36218 36219 36220 36221 36222 36223 36224 36225 36226 36227 36228
4222 0 0 64588 64589 64590 64591 64592 64593 64594 64595 64596 64597 64598 64599 64600 64601 64602 64603 64604
4223 0 0 23405 32993 45371 46834 56756 60553 60589 60599 60600 60601 60602 60603 60604 60605 60606
4224 4 4 33284 44357 44358 44359 44360 44361 44362 44363 44364 44365 44366 44367 44368 44369 44370 44371
4225 4 4 44418 50192 55022 55037 55052 56127 57638 63346 63361 63660 63667 63668 63669 63670 63671 63672
4226 3 3 37654 39321 39329 39330 39331 39332 39333 39334 39335 39336 39337 39338 39339 39340
4227 3 3 24017 37645 38364 38382 39323 43328 50207 50215 58455 59092 59285 59318 59325 59329 59330 59331 59332 59333 59334
4228 3 3 37638 37644 37645 37646 37647 37648 37649 37650 37651 37652 37653 37654 37655 37656 37657 37658 37659
4229 3 3 39328 39340 39350 39367 39368 55728 59263 59278 59309 59314 59315 59316 59317 59318 59319
4230 3 3 4733 5208 6635 8995 9001 9002 9003 9004 9005 9006 9007 9008
4231 3 3 4704 4713 4721 4730 4745 6459 6638 8381 8399 9011 9019 9033 9039 9040 9041 9042 9043 9044 9045 9046
4232 3 3 30520 41139 41148 41149 41150 41151 41152 41153 41154 41155 41156 41157 41158 41159 41160 41161 41162
4233 3 3 21270 21271 21272 21273 21274 21275 21276 21277 21278 21279 21280 21281
4234 0 0 10497 17210 17437 17453 17454 17455 17456 17457 67614
4235 0 0 17214 17441 17469 32462 32473 32482 43026 43032 43041 43044 43089 43092
4236 0 0 10987 10988 10989 10990 10991 10992 10993 10994 10995 10996 67615
4237 0 0 6521 9097 9098 9099 9100 9101 9102 9103 9104 9105 67616
4238 0 0 12508 12515 12529 12538 12547 19052 19074 19340 19352 19353 19354 19355 19356 19357 19358 19359 19360
4239 0 0 12351 12352 12353 12354 12355 12356 12357 12358 12359 12360 12361 12362 12363 12364 12365 12366
4240 3 3 52632 52672 52705 52714 52717 64556 64568 64577 64581 64583 64584 64585
4241 3 3 24133 41501 41520 52644 52709 52711 52720 53924 60347 60362 64526 64539 64550 64559 64564 64567 64572 64573 64574 64575
4242 3 3 6890 6905 6941 11515 11525 11752 11761 11771 13829 18691 18697 18699 18700 18701 18702 18703 18704 18705
4243 3 3 6867 6884 6907 6940 6947 6948 6949 6950 6951 6952 6953 6954
4244 3 3 42913 42953 43812 53470 53487 53494 53495 53496 53497 53498 53499 53500
4245 3 3 42921 42929 42945 53489 54163 54208 60712 60719 60739 60744 60747 60762 60765
4246 0 0 64167 64181 64191 64196 64197 66010 66023 66028 66036 66040 66048 66049 66050 66051
4247 0 0 48429 55311 58012 58020 59679 59686 60025 60032 60043 64200 64207 66012 66022 66034 66053 66054 66055 66056
4248 4 4 63755 63760 64156 65116 65119 65125 65346 65375 65395 65401 65796 65811 65813 65819 65820 65821 65822
4249 4 4 62982 62987 63004 64150 65371 65390 65397 65806 65826 65836 65841 65843 65844
4250 4 4 55752 55783 55789 58065 58214 58242 64127 65469 65490 65494 65496 65498 65499 65500
4251 4 4 48785 49882 51229 52184 55915 58208 58221 58229 58234 62400 62410 63216 64122 65463 65473 65478 65479 65480 65481
4252 0 0 30681 32919 40827 40842 40849 40850 40851 40852 40853 40854 40855 40856 40857 40858 67617
4253 4 4 43527 43528 43529 43530 43531 43532 43533 43534 43535 43536
4254 3 3 41233 41235 50747 50766 50769 50770 50771 50772 50773 50774 50775 50776 50777 50778
4255 3 3 41165 41221 41476 51783 51804 51811 52101 52121 52263 52272 52277 52278 52279 52280 52281
4256 3 3 41475 50750 50776 51789 52062 52090 52103 52122 52277 64014 64030 64046 64054 64055 64056 64057
4257 3 3 21728 41170 41222 41237 41250 50773 51768 51784 51793 51803 51808 51809 51810 51811 51812
4258 2 2 24945 24955 24964 24968 24977 29436 30161 30177 51104 51124 51125 51126 51127 51128 51129 51130 51131 51132 51133 51134 51135 51136 51137 51138 51139 51140 51141
4259 2 2 14709 14777 14778 14779 14780 14781 14782 14783 14784 14785 14786 14787
4260 4 4 4739 6455 6456 6457 6458 6459 6460 6461 6462 6463 6464
4261 4 4 4736 5207 6633 8994 9003 10968 11283 11305 14718 14738 14751 14763 15346 15361 15364 15365 15366 15367 15368
4262 0 0 4722 4741 5211 6454 6461 8364 8370 8379 10954 10957 10967 10968 10969 10970 10971 67618
4263 4 4 6644 8398 9036 9049 14720 14735 14738 14739 14740 14741 14742 14743 14744 14745
4264 3 3 53615 55168 57941 57959 57966 57994 58006 59196 60895 63513 63517 63520 63521 63522 63523 63524 63525
4265 3 3 43128 43135 53592 53627 53632 53650 53651 53652 53653 53654 53655 53656 53657 53658 53659 53660 53661
4266 3 3 53621 53628 53657 55167 60222 60856 60878 60887 60895 60896 60897 60898 60899 60900 60901
4267 3 3 26391 36886 43122 43131 53591 53613 53622 53640 53651 53670 53684 55164 57923 57942 57953 57954 57955 57956 57957 57958 57959 57960 57961 57962 57963
4268 0 0 12396 17786 17803 17817 17819 17820 17821 17822 17823
4269 0 0 6523 11012 17789 17793 17794 17795 17796 17797 17798 17799 17800
4270 4 4 7705 7722 7758 16643 16651 16767 17199 27649 27662 27701 27815 27894 28955 38531 38543 38555 38556 38557 38558 38559 38560
4271 4 4 5889 5897 7700 7729 9905 9927 9932 16641 16656 16662 16681 16712 16720 16753 16760 16761 16762
4272 0 0 4761 8523 14868 14872 14873 14874 14875 14876 67619
4273 0 0 8524 14867 14878 21738 21740 21741 21742 21743 67620 67621
4274 4 4 2804 3142 6031 6652 6657 6685 10192 10691 15903 15911 17491 17501 17506 17510 17517 17527 17534 17547 17551 17552
4275 0 0 3145 10609 10643 17493 17502 17508 17522 17533 17553 17557 17559 67622
4276 4 4 45736 55922 55934 55993 58556 58561 58574 58579 58580 58581 58582 58583 58584
4277 4 4 37631 38148 43321 43981 44001 45737 45853 55925 55932 55938 55939 55940 55941 55942 55943 55944 55945 55946 55947
4278 4 4 411 3064 3125 6302 6310 6313 10178 10521 10539 10540 10541 10542 10543 10544
4279 0 0 409 499 536 1286 2608 2628 2886 2903 2937 3003 3012 3029 3030 3031 3032 3033 3034 3035 3036 3037 67623
4280 0 0 408 530 531 532 533 534 535 536 537 67624
4281 4 4 407 501 2882 3030 3050 3062 3066 3131 6141 6298 8971 10166 10169 10174 10175 10176 10177 10178 10179 10180 10181
4282 4 4 36112 36140 36231 36252 47437 47494 57209 57210 57211 57212 57213 57214 57215 57216 57217 57218 57219 57220 57221 57222
4283 4 4 36105 47438 47669 47688 47697 47711 57499 57553 57563 57574 57585 57586 57587 57588 57589 57590
4284 4 4 57548 57549 57550 57551 57552 57553 57554 57555 57556 57557 57558 57559 57560 57561
4285 4 4 36113 36119 36131 36140 36141 36142 36143 36144 36145 36146 36147 36148
4286 0 0 5647 9616 9625 9639 9644 23315 23347 23362 23370 23372 23373 23374 23375 23376 23377 67625
4287 0 0 5639 5640 5641 5642 5643 5644 5645 5646 67626
4288 0 0 3409 6731 6766 6786 10630 10652 11432 11444 11450 11460 11472 11474 11475 11476
4289 0 0 1450 6785 10614 10639 10649 10655 10657 10658 67627
4290 0 0 10607 10622 10634 10637 10638 10639 10640 10641 67628
4291 0 0 607 1417 1440 1451 6765 6774 6780 6781 6782 6783 6784 6785 6786 6787 6788 6789 67629
4292 0 0 14419 14466 14470 16786 16797 16798 16799 16800 16801 16802 67630 67631
4293 0 0 14472 14890 14892 14893 14894 14895 14896 14897 14898 14899
4294 3 3 35325 35343 35370 36403 36512 36519 36537 44193 46675 46683 46691 47765 47926 47930 47942 47962 47976 47978 47979 47980 47981
4295 3 3 46671 46693 54885 61605 62671 62672 62673 62674 62675 62676 62677 62678 62679
4296 3 3 36405 44201 46689 47743 47984 54887 54919 62677 62688 62693 65287 65306 65309 65313 65314
4297 3 3 12363 26943 35351 35360 35377 35392 35396 36333 36402 46667 46668 46669 46670 46671 46672 46673 46674 46675 46676 46677 46678 46679
4298 0 0 1793 7906 7933 13581 13618 20342 20352 20353 20354 20355 20356 20357 20358 20359 20360
4299 0 0 1796 7903 13631 19641 20366 29819 29836 29837 29844 29848 67632
4300 0 0 947 1791 7908 7930 7933 7934 7935 7936 7937 7938 67633
4301 0 0 7909 20352 20367 28152 29815 29825 29841 29846 29848 37757 37764 37765 37766 37767 37768 67634
4302 3 3 7701 7755 7759 9991 16642 16714 16754 16758 16761 16770 17194 17207 27649 27650 27651 27652 27653 27654 27655
4303 3 3 7751 17189 17195 17205 27661 27840 27841 27842 27843 27844 27845 27846 27847 27848 27849 27850 27851
4304 0 0 7753 9987 13247 16746 17190 17193 17202 17203 17204 17205 17206 17207 17208 17209 67635
4305 3 3 17198 27650 27656 27657 27658 27659 27660 27661 27662 27663 27664 27665 27666 27667 27668 27669 27670 27671
4306 3 3 18673 18848 18894 25555 25582 25600 25617 25799 25807 25808 25809 25810 25811 25812 25813 25814 25815
4307 3 3 18683 18853 25558 25615 25816 25817 25818 25819 25820 25821 25822 25823 25824 25825 25826 25827 25828 25829
4308 3 3 18852 25828 25838 25844 32193 32209 47600 47635 47647 47652 47655 47656 47657
4309 3 3 11900 18666 18673 18674 18675 18676 18677 18678 18679 18680 18681 18682 18683 18684 18685 18686
4310 2 2 16855 16896 17021 17904 17905 17906 17907 17908 17909 17910 17911 17912 17913 17914 17915
4311 2 2 48653 48654 48655 48656 48657 48658 48659 48660 48661 48662 48663 48664 48665 48666 48667 48668 48669 48670 48671
4312 2 2 15488 16900 22355 31187 31205 48643 48666 48692 48704 48710 48714 48720 48721 48722 48723
4313 2 2 17027 17911 17916 37513 48640 48655 48694 48703 48708 48728 58164 58177 58181 58182 58183 58184
4314 0 0 23 24 25 26 27 28 29 67636 67637
4315 0 0 367 394 399 400 401 402 67638 67639
4316 3 3 37627 39329 55724 58080 58425 58721 58743 62041 62050 62916 63832 65105 65139 65144 65155 65158 65159
4317 3 3 55733 55744 58070 59247 59306 60933 62052 62058 62914 62921 65110 65147 65150 65161 65165 65167 65168 65169
4318 4 4 2122 2141 5009 5010 5011 5012 5013 5014 5015 5016 5017 5018
4319 4 4 2143 2179 4602 5058 8805 8818 8821 8822 8823 8824 8825 8826
4320 4 4 5018 5027 5036 5042 5056 8807 8820 8831 8835 8836 8837
4321 4 4 1753 1847 2136 2144 4587 4596 4597 4598 4599 4600 4601 4602 4603 4604 4605 4606
4322 0 0 56810 56817 57759 57772 57784 57790 61342 61911 61941 64870 64877 64881 64882 64883 64884
4323 0 0 44177 46855 48050 54271 54721 54762 54789 54794 54805 56791 56797 56803 56815 56827 56828 56829 56830 56831 56832
4324 0 0 46844 46845 46846 46847 46848 46849 46850 46851 46852 46853 46854
4325 0 0 53811 53836 53850 53858 54802 56790 56804 56812 56813 56814 56815 56816 56817 56818 56819 56820 56821 56822 56823 56824 56825 56826
4326 3 3 6263 16121 16122 16123 16124 16125 16126 16127 16128 16129 16130 16131
4327 3 3 17124 17125 17126 17127 17128 17129 17130 17131 17132 17133
4328 0 0 6250 10293 10300 16129 17126 17135 17141 17146 17147 17148 17149 17150 67640
4329 3 3 6262 10312 16125 17131 17136 17152 17173 17313 17382 17392 22687 22822 22823 22824 22825 22826 22827 22828 22829 22830 22831 22832
4330 3 3 25806 25815 35965 35981 47558 47574 47581 47606 47624 47646 47662 56906 57436 57451 57466 57476 57481 57488 57489 57490 57491 57492
4331 3 3 18856 25802 25808 25841 47602 47609 47628 47644 47655 47661
4332 3 3 18843 18897 25797 25798 25799 25800 25801 25802 25803 25804 25805 25806
4333 3 3 18859 25618 25807 25827 35986 47220 47575 47601 47608 47645 47651 47656 47658 47659 47660 47661 47662
4334 4 4 40581 51232 51246 51409 51417 55755 55763 55780 55785 55788 55789 55790 55791 55792
4335 4 4 34333 34337 45534 50710 55710 55711 55712 55713 55714 55715 55716 55717 55718 55719
4336 4 4 34312 34316 34317 34318 34319 34320 34321 34322 34323 34324 34325 34326 34327
4337 4 4 29491 34336 40586 45519 45520 45521 45522 45523 45524 45525 45526 45527 45528 45529 45530 45531 45532 45533 45534 45535
4338 0 0 5920 5930 5931 5932 5933 5934 5935 5936 5937 67641
4339 0 0 5922 5949 5953 5958 5967 15305 15320 24352 24375 24396 24397 24398 24399 24400 24401 24402
4340 4 4 44363 54572 54986 55004 55018 55046 55049 55055 55068 57726 59151 63665 63673 63674 63675 63676 63677
4341 4 4 55008 57727 59406 63657 65749 65758 65771 65780 65781 65783 65784 65785
4342 0 0 4649 4783 8204 8229 14104 14477 14478 14479 14480 14481 14482 67642
4343 0 0 4780 4785 8232 14123 20670 20671 20672 20673 20674 20675 20676 20677 67643
4344 0 0 4782 8241 8289 8574 14102 14131 14259 14478 20671 20680 20688 20692 20693 20694 20695 67644
4345 0 0 4773 4784 8206 8217 8228 8229 8230 8231 8232 67645 67646
4346 3 3 1089 8350 14590 21369 29860 29881 29892 29896 29904 29905 29906 29907 29908
4347 0 0 1091 8349 14578 14588 21389 21998 22070 29866 29875 29909 29914 29915 29916 29917 29918 29919 29920 29921 29922 29923 67647
4348 3 3 3390 3395 7451 11069 17762 17770 17869 35152 35275 35284 47068 47094 47099 47100 47101 47102 47103 47104 47105 47106 47107 47108
4349 3 3 31104 31113 31118 31122 46995 47011 47022 47034 47038 47045 47072 47084 47112 47115 47116 47117 47118 47119 47120
4350 3 3 6356 9239 17561 22610 24677 24687 24706 24726 32158 32159 32160 32161 32162 32163 32164 32165 32166 32167 32168
4351 3 3 2808 6320 6321 6322 6323 6324 6325 6326 6327 6328 6329 6330 6331
4352 3 3 6324 6340 6353 10206 10659 17560 17561 17562 17563 17564 17565 17566 17567 17568
4353 3 3 6357 6661 9245 15918 15925 15931 17121 17524 24674 24709 32164 32173 32180 32190 32201 32202 32203
4354 0 0 10430 18845 18898 25803 31602 31606 31614 31615 31616 67648
4355 0 0 10432 15710 18832 24555 25780 25794 31593 31594 31595 31596 31597 31598 31599 31600 67649
4356 0 0 1335 1336 1337 1338 1339 1340 67650
4357 0 0 1348 2959 3091 3106 6013 6222 9253 9255 9256 9257 9258 9259 9260 9261 9262 9263
4358 4 4 49249 49260 49268 49275 49281 49298 49531 58382 58407 58417 58420 58421 58422 58423 58424
4359 4 4 27807 38299 38306 38337 49246 49252 49271 49304 58395 58450 58453 58461 58463 58465
4360 0 0 45745 60438 60462 61129 61149 61161 61167 61168 61169 61170 61171 61172 61173 61174
4361 0 0 45748 60414 60430 60442 60511 60521 61133 61141 61155 61156 61157 61158 61159 61160
4362 0 0 21859 29394 30389 30466 30469 30470 30471 30472 30473 30474 67651
4363 0 0 21857 21865 21895 21896 21897 67652 67653
4364 0 0 21867 21896 29386 30039 30464 30473 30475 30476 30477 30478 30479 30480 67654
4365 0 0 21857 21858 21859 21860 21861 21862 67655
4366 4 4 31777 42538 42782 53160 53165 53458 54485 54622 54655 54658 54661 54662 54663 54664 54665 54666 54667 54668
4367 4 4 22617 22618 22619 22620 22621 22622 22623 22624 22625 22626 22627 22628 22629 22630 22631 22632
4368 4 4 22622 31724 31732 31768 42532 42533 42534 42535 42536 42537 42538 42539 42540 42541 42542
4369 4 4 22380 22623 23746 31887 31893 42763 42779 53176 53181 54619 54631 54647 54651 54656 54658 54659 54660
4370 3 3 31447 31457 31458 31459 31460 31461 31462 31463 31464 31465 31466 31467 31468 31469 31470
4371 0 0 15714 15721 15730 22264 25789 31449 31471 31472 31473 31474 31475 31476 31477 31478 31479 31480 31481 31482 67656
4372 3 3 45117 45137 48011 48061 48078 48084 48085 48086 48087 48088 48089 48090 48091 48092 48093 48094
4373 3 3 45102 45113 45122 45134 45152 48108 48126 48138 48204 50605 50613 54032 57814 57832 57850 57855 57859 57860 57861 57862 57863
4374 3 3 45092 45114 45115 45116 45117 45118 45119 45120 45121 45122
4375 3 3 19308 45108 48062 48079 48093 48100 48107 48128 48207 48211 54031 54042 57859 57877 57892 57893 57894 57895 57896 57897
4376 0 0 202 214 224 228 229 230 231 232 233 234 235 67657 67658
4377 0 0 374 390 398 402 1171 1172 1173 1174 1175 1176 1177 67659
4378 0 0 216 231 371 382 393 685 1172 1220 1581 2590 2595 2605 5537 5739 9234 9416 9426 9434 9438 9439 9440
4379 0 0 228 395 1171 1178 1179 67660
4380 3 3 20037 23871 33384 33396 33401 33413 33414 33415 33416 33417 33418 33419 33420 33421 33422 33423
4381 3 3 23889 23900 33356 33404 33432 33437 33439 33440 33441 33442 33443 33444 33445
4382 3 3 20271 20290 20297 27982 28008 28023 28048 34059 34101 34131 38645 38671 38719 39114 39122 39126 39127 39128 39129 39130 39131 39132 39133
4383 3 3 20091 20114 20277 27970 27979 27987 27992 27997 28011 28021 28106 34047 34057 34098 34105 34106 34107 34108 34109 34110 34111 34112 34113
4384 0 0 20271 20272 20273 20274 20275 20276 20277 20278 20279 20280 20281 20282 20283 67661
4385 3 3 28007 28008 28009 28010 28011 28012 28013 28014 28015 28016 28017 28018 28019
4386 4 4 15940 22880 24652 31937 32109 33162 42688 42713 42732 42733 42734 42735 42736 42737 42738 42739 42740 42741 42742 42743 42744 42745
4387 4 4 22719 22727 22734 22742 31797 32042 32068 32090 32117 32148 34845 34888 42729 53344 53374 53380 53381 53383 53398 53399
4388 4 4 32113 32121 42667 42684 42692 42718 42725 42748 42752 42753 42754 42755 42756 42757 42758 42759
4389 4 4 22717 22724 24644 24655 32073 33123 33160 42741 42901 53337 53371 53374 53375 53376
4390 0 0 1786 1790 4321 4325 7907 7914 7929 7934 13581 13582 13583 13584 13585 13586 13587 13588
4391 0 0 1782 1795 7904 13629 13630 13631 13632 67662
4392 0 0 949 1781 1782 1783 1784 1785 1786 1787 1788 1789 67663 67664
4393 0 0 7910 7937 20355 20364 20366 20367 20368 20369 20370 67665
4394 3 3 13032 13634 13645 13655 13667 13668 13679 13680 13681 13682 13683 13684 13685
4395 3 3 11090 12687 12909 13005 13006 13007 13008 13009 13010 13011 13012 13013 13014 13015 13016 13017 13018 13019 13020 13021
4396 3 3 39801 39813 39871 44776 44785 44789 44790 44791 44792 44793 44794
4397 3 3 24028 29118 29129 29190 29199 29232 29233 29234 29235 29236 29237 29238 29239 29240 29241 29242 29243 29244 29245 29246 29247 29248 29249
4398 3 3 48496 48512 48515 55948 55949 55950 55951 55952 55953 55954 55955 55956 55957 55958
4399 3 3 34290 45160 45189 48497 48501 48519 55961 55968 55969 55970 55971 55972 55973
4400 0 0 40339 40347 40354 40359 40372 40373 41579 41647 51044 51056 51057 51058 51059 51060
4401 0 0 22000 30799 30800 30801 30802 30803 30804 30805 30806 67666
4402 3 3 12772 12777 12845 12921 12940 27106 37363 37382 37388 37389 37392 37404 37527 37543 37544 37545 37546 37547 37548 37549 37550 37551 37552 37553
4403 3 3 12781 12798 12806 27184 37461 37532 37561 37573 37574 37575 37576 37577
4404 3 3 27249 34154 40699 40737 45585 45602 45620 45622 45623 45624
4405 3 3 27125 27256 31220 40676 40687 40696 40738 45593 45627 45631 45638 45641 45650 45652 45653 45654 45655 45656 45657
4406 3 3 28778 28834 28845 36261 36263 36283 39164 39181 39182 39183 39184 39185 39186
4407 3 3 11756 11787 13825 13833 13834 13835 13836 13837 13838 13839 13840 13841 13842 13843
4408 3 3 13839 28828 36266 36287 39182 39189 39203 44567 44584 44617 44629 44632 44636
4409 3 3 8102 8111 8119 8130 11765 13834 20476 20524 20540 28470 28780 28814 28819 28832 28836 28837 28838 28839 28840 28841 28842
4410 3 3 10417 24536 24553 24570 24577 24590 24596 24847 42124 42136 42141 42148 42152 42156 42157 42158
4411 3 3 10411 10443 10460 10463 15129 24531 24559 24561 24562 24563 24564 24565 24566 24567 24568
4412 3 3 44167 44168 44169 44170 44171 44172 44173 44174 44175 44176 44177 44178 44179 44180
4413 3 3 54856 54862 54868 54876 54880 54888 54892 61580 61581 61582 61583 61584 61585 61586
4414 3 3 44173 47760 54730 54778 54792 54849 54863 54864 54865 54866 54867 54868
4415 3 3 46679 46686 46694 47766 47979 54768 54795 54813 54817 54835 54845 54874 54877 54881 54889 54890 54891 54892
4416 3 3 40838 40848 40858 41947 43384 43407 43503 43506 43536 43539 43571 43572 43575 43576 43577 43578 43579 43580 43581
4417 3 3 40800 40801 40802 40803 40804 40805 40806 40807 40808 40809 40810 40811
4418 3 3 32562 32570 32689 43125 53637 53645 53650 53668 53676 53684 53685 53686 53687
4419 3 3 53663 55169 57800 60212 60217 60250 60295 60364 63527 64438 64469 64476 65603 66174 66189 66198 66199 66200 66201 66202 66203
4420 3 3 53629 53641 53654 53674 55163 57802 57953 60217 60218 60219 60220 60221 60222 60223 60224 60225 60226 60227 60228
4421 3 3 26337 26346 26354 30720 32557 32687 32694 43126 43164 43172 52610 52619 53669 53685 53690 53788 57957 60203 60213 60363 60364 60365 60366 60367 60368 60369
4422 4 4 55796 55812 55832 55833 55834 55835 55836
4423 4 4 34406 45663 55810 55843 55866 55869 55877 55882 55883 55884 55885 55886 55887
4424 4 4 14585 14591 14597 15045 22073 29873 29900 29906 29910 29921 30360 30370 30376 30385 30386 30387
4425 4 4 4701 4708 9012 9020 9040 14594 15038 22019 22030 22051 22066 29859 29880 29882 29893 29898 29902 29903
4426 4 4 11647 11671 12054 16188 16196 16197 16198 16199 16200 16201 16202 16203 16204 16205 16206 16207 16208 16209 16210 16211
4427 4 4 11658 11666 16170 16217 16232 22518 22529 22533 22536 22537 22538 22539 22540
4428 4 4 25072 26814 31128 35694 35708 47039 47049 47054 47058 47059 47060 47061
4429 4 4 35596 35652 35686 35691 35711 46997 47007 47028 47031 47040 47042 47043 47044 47045 47046 47047 47048
4430 0 0 13718 13722 13723 13724 13725 13726 13727 13728 13729 13730 13731 13732 67667
4431 0 0 1872 3359 3455 4400 4411 4412 4413 4414 4415 4416 4417 4418 4419 4420 4421 4422
4432 0 0 4402 4429 4439 4449 4458 13716 13729 13845 13855 13890 13924 13929 13930 13931 13932 13933 67668
4433 0 0 4411 4452 4459 8015 8037 8040 13720 13723 13849 13859 13935 20473 20482 20498 20508 20517 20531 20532
4434 0 0 9128 16929 24209 24273 31229 31230 31231 31232 31233 31234 31235 31236 31237 67669
4435 0 0 9126 15755 16931 24269 24293 31240 33917 34740 34754 34758 34759 34760 67670
4436 0 0 9127 24269 24270 24271 24272 24273 24274 24275 24276 67671
4437 0 0 9129 16925 24270 31232 31238 31239 31240 31241 31242 31243 31244 31245 31246 31247
4438 0 0 63143 63144 63145 63146 63147 63148 63149 63150 63151 63152
4439 0 0 20169 20375 20381 28221 28222 28223 28224 28225 67672
4440 0 0 20164 20221 20226 20231 20382 28222 38602 39151 39160 58772 58780 63145 63156 63161 63162 67673
4441 0 0 28225 28232 28250 28266 38993 49780 49934 58963 59019 63152 63153 63172 63173 63178 63182 67674
4442 3 3 38420 38430 38436 38446 38452 38457 38459 38464 46434 49399 49411 49414 49416 49417 49418 49419 49420 49421 49422
4443 3 3 27840 38116 38461 38467 44640 44641 44642 44643 44644 44645 44646 44647 44648 44649 44650
4444 3 3 27851 33601 34517 38416 38427 38455 38460 44644 44701 49404 49406 49407 49408 49409 49410 49411 49412
4445 3 3 27694 27715 27816 32400 32407 38465 43903 43914 44645 46427 46433 49141 49421 49430 56227 56237 56251 56258 56283 56285 56286 56287
4446 0 0 5912 8987 10025 15273 15310 15318 15327 17947 17958 17962 17963 17964 17965 67675
4447 0 0 5917 5926 5933 5943 5944 5945 5946 5947 5948 5949 67676
4448 3 3 32017 42618 43001 43003 52948 52964 53217 53233 53269 53282 53288 53302 53304 53305 53306 53307
4449 3 3 23269 23273 23274 23275 23276 23277 23278 23279 23280 23281
4450 3 3 32009 32021 32037 42616 42627 42635 42643 42959 42973 43007 53210 53215 53216 53217 53218 53219 53220 53221 53222
4451 3 3 23265 23273 23303 23330 25329 42622 42641 42647 43734 43738 44187 46814 52941 52942 52943 52944 52945 52946 52947 52948 52949 52950 52951 52952
4452 4 4 50706 55718 55721 55773 63839 64157 65095 65112 65113 65114 65115 65116 65117 65118
4453 4 4 62047 62057 62066 65100 65137 65142 65144 65145 65146 65147 65148
4454 0 0 9139 11023 12216 17723 17901 25012 25023 25642 25643 25644 25645 25646 25647 25648 25649 25650 25651
4455 0 0 5258 5276 5391 9132 9142 9148 9149 9150 9151 9152 9153 9154 9155
4456 0 0 27537 27549 38206 38654 38659 38662 38663 67677
4457 0 0 13486 19884 20266 27498 27515 28035 28051 34087 34093 38208 38647 38656 38660 38664 38665 67678
4458 4 4 19030 19040 19047 19061 19068 19076 19077 19078 19079 19080 19081 19082
4459 4 4 3608 3617 3632 3822 3979 4179 4180 4181 4182 4183 4184 4185 4186 4187 4188 4189 4190
4460 0 0 27522 45860 48901 49614 51354 51361 51455 51458 51459 51460 51461 51462 51463 51464 51465 51466 51467
4461 0 0 49560 49567 49627 51484 58265 58290 58304 58319 58326 58330 58331 58332 58333 58334 58335
4462 0 0 13084 27379 27413 27428 27507 27528 37799 40665 48898 48899 49573 49628 51355 51374 51454 51461 51469 51477 51480 51481 51482 51483 51484 51485 51486
4463 0 0 37888 49611 51470 51475 56045 58284 58302 58317 58318 58319 58320 58321 58322 58323 58324 58325
4464 3 3 10156 10162 10168 10173 10181 10189 10200 10218 10220 10221
4465 3 3 3039 3061 3127 6140 6159 6163 6167 6237 10171 10176 10190 10212 10222 10223 10224 10225 10226 10227 10228
4466 3 3 18104 18117 25363 33019 33022 33067 33079 33080 33081 33082 33083 33084
4467 0 0 9690 11264 18101 18112 18245 23412 23428 23461 33015 33024 33031 33042 33044 33045 33046 67679
4468 3 3 28016 28054 34051 34060 34121 38265 38703 38720 39126 48983 49042 49517 49534 49703 55581 55606 55625 58471 58477 58490 58502 58511 58512 58513
4469 3 3 48962 48970 48976 48984 49540 49637 49671 49723 55630 55644 58472 58488 58494 58510 58514 58515 58516 58517 58518
4470 3 3 22377 22384 22397 22794 23742 35824 42835 53410 53411 53412 53413 53414 53415
4471 3 3 22365 22390 22399 22404 22417 22627 22639 22747 23617 23697 23744 31826 31866 31886 31891 31892 31893 31894 31895 31896 31897 31898 31899 31900 31901
4472 3 3 22376 22625 22646 31885 31891 32060 42760 42761 42762 42763 42764 42765 42766 42767 42768 42769
4473 3 3 22368 22384 22385 22386 22387 22388 22389 22390
4474 0 0 193 203 208 1600 1602 1603 1604 67680
4475 0 0 198 201 209 217 221 236 237 238 239 240 241 242
4476 0 0 199 206 242 246 1598 1602 1608 1609 1610 67681
4477 0 0 194 200 201 202 203 204 205 67682 67683
4478 4 4 3727 3797 3800 3811 3847 3848 3849 3850 3851 3852 3853 3854 3855 3856
4479 4 4 6493 7181 7199 11384 11392 11393 11394 11395 11396 11397 11398
4480 3 3 31283 31291 31303 36837 42341 42380 42397 42404 42406 47831 47841 47849 48353 48370 57185 57669 57670 57671 57672 57673 57674
4481 3 3 31316 31322 36839 42284 42299 47844 47850 47852 47853 47854 47855
4482 3 3 45781 45791 45801 45808 45816 45822 45824 46535 46542 46544 46545 46546 46547 46548 46549 46550
4483 3 3 24485 34189 34212 34346 34347 34348 34349 34350 34351 34352 34353 34354 34355 34356
4484 3 3 18139 23541 23569 24480 24489 34198 34346 34358 35060 45823 48541 48547 48555 56782 58101 58109 58119 58128 58129 58130 58131
4485 3 3 18131 18151 34355 34362 35063 45797 45809 45810 45811 45812 45813 45814 45815 45816
4486 3 3 52176 52183 52192 52197 52220 52247 52351 55259 55267 55287 55316 55318 55319 55320 55321 55322
4487 3 3 41428 49746 51583 51616 51627 51677 51696 52179 52191 52199 52209 52210 52211 52212 52213 52214 52215 52216
4488 3 3 18251 19490 23442 33017 35434 35451 35463 56738 62433 62462 62470 62481 62493 62494 62495 62496
4489 3 3 56714 56723 56727 56735 56739 62419 62438 62439 62440 62441 62442 62443
4490 3 3 33014 33080 46784 56696 56730 56737 62426 62439 62455 62461 62469 62470 62471 62472 62473
4491 3 3 25397 35438 35442 35449 35461 35467 35476 35488 35507 54821 54840 56711 56725 56842 62431 62442 62444 62463 62491 62492 62493
4492 4 4 56059 56068 56073 56076 56087 56089 56102 56109 56110 56111 56112 56113 56114 56115 56116 56117 56118 56119 56120 56121 56122
4493 4 4 46033 47531 53097 53108 53114 53120 56070 56088 62211 62237 62246 62251 62252 62258 62262 62263
4494 4 4 2757 2767 2780 4864 4871 4872 4873 4874 4875 4876 4877
4495 0 0 2763 2769 2777 4805 5819 8134 9876 13420 13461 13864 16611 16625 16626 16627 16628 16629 16630 67684
4496 4 4 40898 44993 51111 51112 51113 51114 51115 51116 51117 51118 51119 51120 51121 51122 51123
4497 4 4 54326 54327 54328 54329 54330 54331 54332 54333 54334 54335
4498 0 0 9665 9699 11047 11048 11049 11050 11051 11052 67685
4499 4 4 9670 18130 18137 23565 24490 24501 34357 45811 45821 48541 48542 48543 48544 48545 48546
4500 0 0 13189 19776 19790 23951 23958 23987 23991 23994 23996 24004 44672 44687 44692 44711 44712 44713
4501 0 0 13188 13250 19797 23998 23999 27854 33599 38034 44657 44674 44677 44678 44679 44680 44681 67686
4502 0 0 6182 6268 6269 6270 6271 6272 6273 6274 67687
4503 0 0 1341 6189 6194 6276 10398 10399 10400 10401 10402 10403 10404 67688
4504 3 3 43276 46873 53823 54842 56847 56857 61244 61261 61266 61267 61268 61269 61270 61271 61272 61273 61274
4505 3 3 32759 32775 32796 32804 43281 43298 43299 43300 43301 43302 43303 43304 43305
4506 4 4 52635 52668 59614 60262 60274 64453 64461 64470 64479 64484 64545 64570 64576 64583 64586 66182 66193 66207 66216 66218 66221 66222 66223
4507 4 4 52627 53671 57962 60169 60204 60209 60210 60211 60212 60213 60214 60215 60216
4508 4 4 57799 60223 60293 64446 64473 66172 66185 66186 66187 66188 66189 66190 66191
4509 4 4 52617 52623 52657 60215 60300 60367 64447 64449 64450 64451 64452 64453 64454 64455 64456 64457 64458
4510 3 3 26243 27002 27012 31358 36356 36367 36406 36526 36531 36536 47923 47944 47961 47963 47964 47965 47966
4511 3 3 26311 36371 36379 36410 36421 36422 36423 36424 36425 36426 36427 36428 36429 36430 36431 36432 36433 36434 36435 36436
4512 3 3 1892 1897 1911 1918 4612 4616 4622 4774 5791 5795 8147 8254 16508 16515 20679 20696 20702 20703 20704 20705
4513 3 3 4619 4779 20672 20682 20710 21179 21201 28707 28716 28727 28734 28743 28744
4514 0 0 1926 4776 8246 20670 20678 20679 20680 20681 20682 20683 20684 20685 67689
4515 0 0 1912 1915 1917 4613 4617 4619 4620 4621 4622 4623 4624 4625 67690
4516 4 4 33008 33063 33072 33081 33093 46782 46783 46784 46785 46786 46787 46788 46789
4517 4 4 46963 46964 46965 46966 46967 46968 46969 46970 46971 46972 46973 46974
4518 4 4 33010 33056 33073 33088 33094 46803 46813 46819 46970 46975 46976 46977 46978 46979 46980 46981 46982 46983
4519 4 4 46789 46963 56704 56729 62425 62456 62464 62465 62466 62467 62468 62469
4520 4 4 3159 6323 6338 10151 10161 10187 10199 10203 10206 10207 10208 10209 10210
4521 4 4 10664 10670 10679 17286 17567 17576 17588 22597 22609 22610 22611 22612 22613 22614 22615 22616
4522 0 0 20359 20368 28138 28148 28272 37752 37757 37758 37759 37760 37761 37762 37763 67691
4523 0 0 28269 28300 37835 38591 39079 39096 39097 39098 39099 39100 39101 39102 39103
4524 3 3 27495 27513 27547 28034 28044 34086 38209 38268 38655 38664 45873 49203 49222 49224 49235 49236 49237 49238 49239 49240 49241
4525 3 3 13105 27500 27509 28042 37809 37815 37827 38634 38637 38638 38639 38640 38641
4526 3 3 13104 27497 27508 27542 27545 38205 38635 38639 38650 38653 38654 38655 38656 38657 38658
4527 3 3 27494 28039 28058 38270 38651 38696 49240 49505 49518 49523 49524 49525 49526 49527 49528 49529
4528 3 3 9547 9556 9569 9575 9579 9587 11344 11345 11346 11347 11348 11349 11350 11351 11352 11353 11354 11355
4529 3 3 5546 16360 16375 17448 17462 17476 17477 17478 17479 17480 17481 17482 17483 17484 17485 17486 17487 17488 17489 17490
4530 3 3 36685 36696 42564 47250 47354 60633 60643 64723 64740 64748 64753 64754 64755 64756
4531 3 3 60688 60694 60698 64686 64693 64701 64717 64730 64731 64732 64733 64734 64735 64736
4532 3 3 60637 60642 60646 64672 64697 64708 64722 64734 64746 64749 64750 64751 64752 64753
4533 3 3 26152 36688 36697 47257 60692 64725 64732 64737 64745 64757 64761 64762
4534 3 3 1979 3913 5341 8609 9200 12189 15580 15603 15637 21943 22452 26243 26244 26245 26246 26247 26248 26249 26250 26251 26252 26253 26254
4535 3 3 15581 15623 15643 15645 15646 15647 15648 15649 15650 15651 15652 15653 15654
4536 3 3 11613 11622 11630 11635 18751 18784 18795 18797 18798 18799 18800 18801
4537 3 3 2483 2498 5447 9231 11608 11614 15674 15675 15676 15677 15678 15679 15680 15681 15682 15683 15684
4538 3 3 11605 15675 15698 18745 18764 18785 18790 18797 18811 22500 22509 22514 22520 22521 22522 22523 22524
4539 0 0 1177 2478 2495 5449 9235 11602 11614 11615 11616 11617 11618 11619 11620 11621 11622 67692
4540 0 0 1352 2838 2852 3151 6081 6125 6135 6144 6145 6146 6147 6148 6149 67693
4541 3 3 1270 1324 1333 2829 2843 2849 2972 2996 3038 3059 6002 6023 6063 6080 6092 6139 6150 6154 6155 6156 6157 6158 6159 6160 6161
4542 3 3 1255 2841 2878 2880 3047 3060 6124 6134 6135 6136 6137 6138 6139 6140 6141 6142 6143
4543 3 3 1355 2811 2845 2846 2847 2848 2849 2850 2851 2852 2853 2854 2855 2856
4544 3 3 19646 27309 27338 27353 27363 28330 28335 28343 28351 29831 29842 37687 37690 37691 37692 37693 37694 37695
4545 3 3 17080 19648 19649 19650 19651 19652 19653 19654 19655 19656 19657 19658 19659
4546 3 3 19622 19631 19637 19647 19669 19678 27313 27356 29830 37688 37692 37699 37703 37709 37710 37711 37712
4547 3 3 17083 19650 19672 19676 27304 27334 27339 27350 27370 28352 34454 37684 37690 37718 38812 38822 40618 45539 45545 45553 45557 45562 45574 45583 45596 45606 45610 45614 45617 45618
4548 0 0 14329 14390 14819 14851 14921 14937 21009 21013 21018 21030 21036 21047 21054 21055 21056 21057 21058 21059 67694
4549 2 2 14861 14931 14945 21092 21662 21692 21719 21720 21721 21722 21723 21724 21725 21726 21727 21728 21729 21730
4550 3 3 19231 19240 23041 23068 23084 32586 32640 32650 32665 32672 37237 37259 43180 43188 43191 43194 43201 44032 53766 53782 53787 53789 53790 53791 53792 53793
4551 3 3 23037 23045 23054 23061 23065 23072 23076 23082 23088 23091 32585 32622 32642 32645 32646 32647
4552 3 3 34142 38617 38627 39158 49465 49485 49487 49488 49489 49490 49491 49492 49493 49494
4553 3 3 28007 34134 39127 55550 55583 55593 55602 55603 55604 55605 55606 55607 55608 55609
4554 3 3 28009 34133 39116 39128 39139 48956 48963 48981 49498 55605 55615 55620 55623 55624 55625 55626 55627 55628 55629 55630 55631 55632
4555 3 3 20100 20134 27954 27960 34127 34141 49448 49456 49466 49488 55551 55558 55566 55571 55591 55592 55593 55594
4556 0 0 46566 46574 56344 56345 56346 56347 56348 56349 56350
4557 0 0 46932 56352 56362 56369 56373 56447 62540 62552 62562 62572 62574 62575 62576 62577
4558 0 0 302 303 304 305 306 307 308 309 310 311 67695
4559 0 0 309 313 354 861 887 898 899 900 901 902 903 904 905 67696
4560 4 4 27272 37636 37649 38010 38143 38159 38346 38361 38373 38374 38375 38376 38377 38378 38379 38380 38381
4561 4 4 23945 24006 27472 37656 38342 38352 38353 38354 38355 38356 38357 38358 38359 38360
4562 4 4 49154 49160 49193 58623 58649 58666 58672 58676 58677
4563 4 4 38141 38176 38370 38392 38398 39420 43325 43980 50203 58622 58643 58647 58662 58669 58671 58674 58675
4564 4 4 58607 58608 58609 58610 58611 58612 58613 58614 58615 58616 58617 58618 58619 58620 58621 58622 58623
4565 4 4 38140 38167 38174 38175 38176 38177 38178 38179 38180 38181 38182 38183 38184 38185 38186
4566 4 4 40879 41555 41993 44064 53702 53717 53737 53848 53851 53904 53938 54363 54368 54371 54381 64580 64825 64827 64828 64829 64830 64831
4567 4 4 41997 42025 52733 52744 54327 54339 54349 54351 54366 54369 54377 59928 59932 59933 59934 59935 59936 59937 59938
4568 4 4 44071 54326 54338 54344 54361 54373 54383 59932 61305 61315 61318 64817 64818 64819 64820 64821 64822 64823 64824 64825 64826
4569 4 4 40887 41557 41995 42007 44062 53937 54333 54337 54342 54360 54362 54365 54366 54367 54368
4570 3 3 4988 5001 5429 8925 9294 9311 9316 9318 9328 15197 16035 16047 16049 16050 16051 16052 16053 16054
4571 3 3 5438 5445 9312 9323 9330 9337 9339 9357 9374 16041 16043 16057 16074 16087 16088
4572 3 3 40497 40506 40526 46598 46612 56444 56455 65188 65244 65250 65257 65268 65270 65275
4573 3 3 29496 37055 40472 40518 46954 46955 56477 62383 62554 64865 65187 65214 65230 65267 65272 65273 65274
4574 3 3 35543 37035 40495 40516 40517 40518 40519 40520 40521 40522 40523 40524 40525 40526
4575 3 3 65172 65173 65174 65175 65176 65177 65178 65179 65180 65181 65182 65183 65184 65185 65186 65187 65188 65189 65190 65191
4576 4 4 47752 47761 47769 47779 53198 54853 54859 54869 54870 54871 54872 54873 54874 54875 54876
4577 4 4 44203 46669 46692 47980 47983 54882 54890 61610 62671 62688 62689 62690
4578 3 3 14359 14434 20947 24093 28631 28656 33740 33741 33742 33743 33744 33745 33746 33747 33748 33749 33750
4579 3 3 20945 29282 33766 33782 36805 36811 36814 36815 36816 36817 36818
4580 4 4 13160 17219 27713 27721 27739 27818 27822 27823 27824 27825 27826 27827 27828
4581 4 4 13166 16530 16531 16532 16533 16534 16535 16536 16537 16538
4582 0 0 9530 16329 16338 22246 22257 22272 22275 22276 22277 22278 22279 22280 22281 22282 22283 22284 22285 22286
4583 0 0 16033 16085 22253 22297 22301 22304 30987 30999 31004 31015 31017
4584 0 0 5102 5405 8930 9528 10452 15709 15717 22249 22256 22271 22280 22291 22292 22293 22294 22295 22296 22297
4585 0 0 22284 30980 30989 30996 31010 31628 31636 31639 31640 31641 31642 31643 31644
4586 3 3 2523 3902 3922 3931 3984 3985 3986 3987 3988 3989 3990 3991 3992 3993 3994 3995 3996 3997 3998 3999 4000
4587 3 3 1615 1978 3898 3909 3910 3911 3912 3913 3914 3915 3916 3917 3918
4588 3 3 1616 3899 3911 3997 4173 7169 12191 26063 26249 36323 36348 36350 36358 36365 36366
4589 3 3 820 2516 3903 3916 3921 3928 3929 3930 3931 3932 3933 3934 3935
4590 0 0 14457 14883 14884 14885 14886 14887 14888 14889 14890 14891 67697
4591 0 0 14452 14462 14468 14470 14471 14472 14473 14474 14475 14476 67698 67699
4592 3 3 21908 26329 30553 31383 36873 36876 36883 41794 41807 52622 57929 57983 57987 57989 57990 57991
4593 3 3 12195 19205 19207 19208 19209 19210 19211 19212 19213 19214 19215 19216 19217 19218 19219
4594 3 3 19218 21942 26331 26343 26350 26986 27016 31387 42396 42408 43120 43133 57935 57961 57976 57991 58002 58007
4595 3 3 19212 19220 21903 21918 21921 21928 21929 21930 21931 21932 21933 21934 21935 21936 21937 21938
4596 4 4 11278 11288 11289 11290 11291 11292 11293 11294 11295 11296
4597 4 4 5210 6451 11280 11302 11312 14748 15342 15364 15374 15375 15376 15377 15378 15379
4598 3 3 59482 59643 59662 60230 60243 60281 61962 61965 61995 62030 62036 62037 62038 62039 62040
4599 3 3 65702 65703 65704 65705 65706 65707 65708 65709 65710 65711
4600 3 3 61997 62011 65604 65612 65617 65630 65654 65677 65687 65700 65710 65718 65728 65738 65740
4601 3 3 59471 59474 59475 59476 59477 59478 59479 59480 59481 59482 59483 59484 59485
4602 0 0 5344 5356 5369 5378 5384 6048 6073 9168 9175 15515 15816 15833 15851 15852 15853 15854 15855
4603 0 0 5354 5364 5373 5376 5383 5387 5388 5389 67700
4604 0 0 2738 5346 5379 5387 6006 6039 6054 6069 6070 6071 6072 6073 6074 6075 6076 67701
4605 0 0 5366 5367 5368 5369 5370 5371 5372 5373 5374 5375 67702
4606 0 0 11157 11168 12270 12301 12328 17967 17979 17987 17993 18005 18014 18037 18038 18039 18040 18041 18042 18043 18044
4607 0 0 1642 2224 6608 11163 11309 12266 12274 12296 18008 18013 18017 18018 18019 18020 18021 18022 18023 67703
4608 0 0 11162 11171 18003 18004 18005 18006 18007 18008 18009 18010 18011
4609 0 0 12238 12255 12263 12264 12265 12266 12267 12268 12269 12270 67704
4610 3 3 41605 41622 41634 41661 41676 41689 41690 41691 41692 41693 41694 41695 41696
4611 3 3 51697 51698 51699 51700 51701 51702 51703 51704 51705 51706 51707 51708 51709 51710 51711 51712 51713
4612 3 3 17675 18282 18310 24922 25432 29651 29658 29662 29663 29664 29665 29666 29667 29668
4613 3 3 25400 25408 25409 25410 25411 25412 25413 25414 25415 25416 25417
4614 3 3 17663 17674 18262 18268 25404 25417 25425 28381 29585 29592 29621 29647 29650 29651 29652 29653 29654
4615 3 3 18277 25429 29657 29664 35509 35555 40549 40555 40563 46883 46884 46885 46886 46887 46888 46889 46890 46891
4616 3 3 33627 33651 33708 34698 37913 45159 45177 45757 45758 45759 45760 45761 45762 45763 45764 45765 45766 45767 45768
4617 3 3 33614 33644 34689 34704 46119 46183 46195 49169 55995 56002 56007 56008 56009 56010 56011 56012
4618 4 4 22153 22895 22921 22930 22933 22940 22941 22942 22943 22944
4619 4 4 13365 13369 15094 15174 15184 15190 22129 22141 22142 22143 22144 22145 22146 22147 22148 22149
4620 4 4 33303 44211 44229 44344 50350 50359 50521 50531 50547 50561 50565 50566 50567 50568 50569 50570
4621 4 4 28623 29017 33298 44215 44221 44231 44232 44233 44234 44235
4622 3 3 39421 50326 50329 63064 65407 65421 65426 65429 65430 65431 65432 65433 65434
4623 3 3 28560 28571 28587 39417 43962 49112 49191 50209 50222 63338 63340 63341 63342 63343 63344 63345
4624 3 3 38390 39410 39412 39413 39414 39415 39416 39417 39418 39419 39420 39421 39422 39423
4625 3 3 27640 28559 28568 39427 50143 50158 50173 50181 59053 59109 63056 63251 63331 63344 63350 63356 63444 63447 63449 65416 65434 65444 65456 65458 65460
4626 4 4 14129 14950 14961 14970 14971 14972 14973 14974 14975 14976 14977 14978 14979
4627 4 4 14987 15005 20639 20719 20728 22479 26461 28710 28732 28739 42271 42290 42298 42301 42302 42303 42304
4628 4 4 8584 8592 14952 14969 14980 14981 14982 14983 14984 14985 14986 14987 14988 14989
4629 4 4 14977 14996 20714 20720 20722 20723 20724 20725 20726 20727 20728 20729 20730
4630 0 0 9062 9069 9084 9114 11193 12400 12551 12566 12567 12568 12569 12570 12571 12572 12573 67705
4631 4 4 11202 15410 15418 15445 15456 18169 18180 18198 18203 18211 18212 18213 18214 18215 18216 18217 18218 18219 18220 18221 18222
4632 4 4 9065 9074 9085 9116 11199 15401 15406 15407 15408 15409 15410 15411 15412 15413
4633 4 4 18167 18172 18181 18185 18195 18199 18204 18211 18223 18224 18225 18226 18227 18228 18229
4634 3 3 6912 9230 9385 9456 9459 11568 11609 15679 16142 18746 18767 18771 18780 22510 22523 22527 31404 31408 31425 31440 31445
4635 3 3 5539 5542 5743 5752 5764 9414 9425 9426 9427 9428 9429 9430
4636 3 3 6826 9420 9432 9441 9449 9452 9460 11566 11567 11568 11569 11570 11571
4637 3 3 5315 5328 5697 5715 5744 5746 5763 6916 6922 9236 9384 9450 9457 16141 18783 31403 31413 31434 31439 31443 31445
4638 4 4 17265 17270 17275 17279 33975 43746 43755 43766 54142 54150 54166 54179 54186
4639 0 0 5977 10065 16954 16955 16956 16957 16958 16959 16960 16961 16962 16963 16964 16965 67706
4640 0 0 10064 16964 17259 17271 17276 17277 17278 17279 67707
4641 4 4 16956 33962 43796 54143 54174 54178 54185 54187 54188 54189
4642 4 4 5049 5066 5068 8828 13367 13374 13376 19928 19951 19961 19968 19977 19978 19979 19980
4643 4 4 2130 2192 5010 5021 5028 5029 5030 5031 5032 5033 5034 5035 5036
4644 4 4 30240 32837 32848 32855 41181 41190 41196 41197 41198 41199 41200 41201 41202
4645 0 0 14904 29715 30735 30736 30737 30738 30739 30740 30741 30742 30743 30744 30745 67708
4646 0 0 21378 21860 21863 29968 29972 29973 29974 29975 29976 29977 29978 29979 67709
4647 3 3 14603 21371 29966 29982 29996 30002 30008 30022 30023 30024 30025 30026 30027 30028
4648 3 3 36781 36807 39741 45148 47987 47988 47989 47990 47991 47992 47993 47994 47995 47996 47997 47998 47999 48000
4649 3 3 55189 55200 55207 55219 55229 55237 55244 59211 60188 60201 61826 61832 61833 61834 61835 61836 61837
4650 3 3 39739 45147 47996 50336 50647 53062 55183 55222 55230 59203 59204 59205 59206 59207 59208 59209 59210 59211 59212
4651 3 3 47992 48002 48400 50260 50276 50343 53071 55184 55193 55201 55202 55203 55204 55205 55206 55207
4652 4 4 43142 53808 53835 53837 53838 53839 53840 53841 53842
4653 4 4 43137 53699 53866 53885 53886 53887 53888 53889 53890 53891 53892 53893 53894
4654 0 0 36822 44248 44336 47800 48016 48027 50514 50527 50533 50534 50535 50536 50537 50538 50539 50540 50541
4655 0 0 44218 44230 44235 44240 44250 44332 44348 44355 50518 50529 50545 50558 50561 50562 50563 50564
4656 0 0 20847 38932 38943 38952 38978 39054 39071 39821 39834 39854 39855 39856 39857 39858 39859 39860 39861 39862 67710
4657 3 3 23110 23131 24167 38916 38924 38925 38926 38927 38928 38929 38930 38931
4658 3 3 38929 38982 39059 39069 39843 39860 39890 39897 39909 39910 39911 39912 39913 39914
4659 0 0 38940 38941 38942 38943 38944 38945 38946 67711
4660 4 4 48447 48450 48461 55332 56516 56543 56573 56620 59597 59658 61815 61988 62003 62022 63770 63813 63817 63820 63821 63822
4661 4 4 61949 61950 61951 61952 61953 61954 61955 61956 61957 61958 61959 61960 61961 61962
4662 4 4 55331 55344 56584 59636 59652 61821 61953 61967 61971 61981 61982 61983 61984 61985 61986 61987 61988 61989 61990 61991 61992 61993 61994
4663 4 4 59638 59671 61960 62002 62005 62016 62025 62031 62038 63761 63762 63763 63764 63765 63766 63767 63768 63769 63770 63771 63772 63773
4664 4 4 11772 15116 18703 18711 18731 18738 18739 18740 18741 18742 18743
4665 4 4 11757 11770 13826 13838 18699 18709 18986 25756 31678 33505 33518 33519 33520 33521 33522 33523 33524 33525 33526 33527 33528 33529 33530
4666 4 4 34317 34340 40579 45528 50708 55715 55720 55746 55758 55766 55767 55768 55769 55770 55771 55772 55773 55774 55775
4667 4 4 40582 45531 51231 55750 55759 55782 55783 55784 55785 55786 55787
4668 0 0 13201 13214 13221 13238 19868 19888 19894 27748 27752 38015 38030 38036 38041 38065 38091 38092
4669 0 0 5900 9964 13175 13198 13207 13233 13512 16725 16748 16755 27672 27673 27674 27675 27676 27677 27678
4670 0 0 13190 13191 13192 13193 13194 13195 13196 13197 13198 13199 13200
4671 0 0 5906 13174 13212 13232 27673 27754 27757 38015 38016 38017 38018 38019 38020 38021 38022 38023 38024
4672 3 3 6831 11328 11573 11636 11637 11638 11639 11640 11641 11642 11643 11644 11645
4673 3 3 16166 16177 18788 18817 18925 19094 19101 19102 19103 19104 19105 19106 19107 19108 19109
4674 0 0 5454 5462 5469 5478 5496 5504 5511 5515 9221 9223 9224 9225 9226 9227 9228 67712
4675 0 0 1625 1941 1950 1951 1952 1953 1954 1955 1956 1957 67713
4676 3 3 1958 3431 5459 5473 5505 5506 5507 5508 5509 5510 5511
4677 0 0 1953 1966 3437 5461 5465 5470 5502 5512 5513 5514 5515 67714
4678 0 0 21103 29299 39531 39547 39548 39549 39550 39551 39552 39553 39554 39555 39556 67715
4679 0 0 14348 29264 39563 39583 39619 39631 39651 39956 50446 50474 50491 50501 50504 50505 50506 67716
4680 4 4 15743 17247 27569 38469 38470 38471 38472 38473 38474 38475 38476 38477
4681 4 4 19861 19866 27570 27872 38489 38500 46244 46275 46282 49425 49438 49441 49442 49443 49444 49445 49446 49447
4682 3 3 8036 13848 20467 20490 20495 20504 20505 20506 20507 20508 20509 20510 20511 20512
4683 3 3 8097 8118 20464 20488 20520 20530 20539 20544 28470 28471 28472 28473 28474 28475 28476
4684 3 3 19621 19654 19662 19674 27293 37686 37694 37703 37704 37705 37706 37707 37708
4685 3 3 7680 10137 13049 13093 13125 17078 19663 19682 19702 19703 19704 19705 19706 19707 19708 19709 19710 19711 19712 19713
4686 3 3 7671 13049 13050 13051 13052 13053 13054 13055 13056 13057 13058
4687 3 3 19659 19666 19680 19708 19720 27296 27391 37683 37705 37713 37714 37715 37716 37717 37718 37719 37720 37721 37722 37723 37724
4688 0 0 22250 22267 22302 30981 30991 30998 30999 31000 31001
4689 0 0 16326 16340 16349 22283 22288 30983 30990 31002 31006 31007 31008 31009 31010 31011 31012
4690 3 3 4835 4848 13329 13412 15057 15076 15085 15093 22168 22169 22170 22171
4691 3 3 4826 4847 8643 8727 8748 13400 13405 13432 13434 13463 15054 15087 22177 22179 22180 22181 22182 22183 22184
4692 0 0 35992 35998 47160 47202 47548 47556 47571 47572 47573 47574 47575 47576 47577
4693 0 0 11598 18908 25602 25850 35983 47547 47561 47566 47567 47568 47569 47570
4694 0 0 13553 14341 14342 14343 14344 14345 14346 14347 14348 67717
4695 0 0 39630 39637 39649 39652 39950 50445 50457 50465 50478 50490 50501 50502 50503
4696 3 3 26652 26660 26661 26662 26663 26664 26665 26666 26667 26668
4697 3 3 25241 25252 25259 25262 25277 25286 25444 25461 25462 25463 25464 25465 25466 25467 25468 25469 25470 25471 25472 25473
4698 3 3 25448 25468 26655 26666 41959 41977 43216 52395 52728 52740 52757 52760 52764 52774 61254 61288 61300 61302
4699 3 3 25222 25236 25274 25461 26653 26663 32720 32724 32736 32752 32757 32769 32772 32779 32780 32781 32782 32783 32784 32785 32786 32787 32788 32789 32790 32791 32792
4700 0 0 39530 39531 39532 39533 39534 39535 39536 39537 39538 39539 39540 39541 39542 39543 39544 39545 39546
4701 0 0 9868 13270 13289 14298 14303 14308 14315 14316 14317 14318 67718
4702 0 0 13253 13269 13288 14294 14312 14318 23916 27763 27778 27796 28991 33588 38771 39545 39603 39605 39610 39614 39615
4703 0 0 14317 29271 39540 39573 39593 39596 39597 39598 67719
4704 4 4 28679 28685 28696 28701 39272 39293 50016 50022 50023 50024 50025 50026 50027 50028 50029 50030
4705 4 4 4481 8137 8173 8183 13862 14024 20822 28487 28490 28491 28492 28493 28494 28495 28496 28497 28498
4706 3 3 8159 8278 13704 14226 19135 20796 28923 28929 28935 33263 33319 33333 33344 39390 44272 44275 44276 44277 44278 44279 44280 44281 44282
4707 0 0 8236 8302 13705 14228 14246 14262 14266 14267 14268 14269 14270 14271 14272 67720
4708 3 3 23818 23825 23828 23829 33267 44253 44263 44268 44269 44270 44271 44272 44273 44274
4709 3 3 8167 8233 8282 13699 14222 14223 14224 14225 14226 14227 14228 14229 14230
4710 3 3 37524 37526 37553 37560 37570 37588 48657 48680 48682 48683 48684 48685 48686
4711 3 3 4209 12849 12871 12890 12892 17025 27108 37502 37503 37504 37505 37506 37507 37508 37509
4712 0 0 1587 1592 1605 1606 1607 67721 67722
4713 0 0 823 824 825 826 827 828 829 830 831 832 67723
4714 0 0 1585 1607 4003 4011 4012 4013 4014 4015 4016 4017 67724
4715 0 0 823 1583 1589 1590 1591 1592 1593 1594 67725 67726
4716 0 0 34168 34169 34220 34401 45665 55803 55813 55834 55851 55858 55861 55867 55868 55869
4717 0 0 45684 51294 51307 51321 51327 51493 51502 55794 55811 55818 55819 55820 55821 55822 55823 55824
4718 0 0 29249 29253 39811 44771 44778 44792 44815 48794 49325 49330 49335 49354 49356 49367 49368 49369 49370 49371 49372 49373 49374
4719 0 0 49321 49328 49344 58087 58738 58755 58762 58763 58764 58765 58766 58767 58768
4720 0 0 48796 49319 49331 49347 55156 58735 58742 58754 60146 60149 63097 63103 63122 63130 63136 63137
4721 0 0 29246 39807 44744 44751 44772 49327 49333 49335 49336 49337 49338 49339 49340 49341 49342 49343 49344 49345 49346
4722 3 3 5631 5635 22857 22869 22883 42868 42869 42870 42871 42872 42873 42874 42875 42876
4723 3 3 15937 15958 22840 22847 22853 22863 22881 42658 42687 42737 42888 42898 42903 42931 42939 42940 42941 42942
4724 3 3 22838 22866 42874 42889 42918 42925 42937 42940 45389 45400 45423 45424 45425 45426 45427 45428
4725 3 3 9254 9259 9264 9275 9278 15996 22850 22851 22852 22853 22854 22855 22856 22857 22858
4726 0 0 27566 27581 27587 34787 37901 37917 37926 37930 38492 49081 49082 49083 49084 49085 49086 49087
4727 0 0 34745 34757 34760 34765 34770 34777 34781 34789 34792 34814 37898 37920 49093 56140 56157 56158 56159 56160 56161
4728 0 0 15737 17256 23969 24800 27561 34752 34762 34767 34771 34772 34773 34774 34775 34776 34777
4729 0 0 34747 34812 37921 49094 49099 54213 56141 56161 56163 56173 56191 56201 56205 61189 61192 61197 61198 61199 61200 61201
4730 3 3 867 890 1195 1208 1214 1494 1530 3665 3671 3679 3690 6470 6480 7007 7027 7038 12602 12612 12615 12618 12619 12620
4731 3 3 1490 1503 3219 3758 6465 7042 7051 7081 7086 7088 7089 7090 7091 7092 7093 7094
4732 3 3 6468 7093 11801 11815 12594 12607 12610 12620 12629 12634 12635 12636 12637 12638 12639
4733 3 3 869 888 1209 1213 1478 1483 1490 1491 1492 1493 1494 1495 1496 1497 1498 1499
4734 3 3 21408 21443 21452 21456 21473 21489 21498 21511 21517 21518 21519 21520
4735 3 3 10881 10887 14767 18389 21407 21430 21454 21457 21462 21499 21508 21585 21590 21591 21592 21593
4736 3 3 41960 42018 42028 52361 52383 52388 52400 52408 52724 52739 52740 52741 52742 52743 52744 52745 52746 52747 52748
4737 3 3 24138 40890 41479 41480 41481 41482 41483 41484 41485 41486 41487
4738 3 3 41956 41957 41958 41959 41960 41961 41962 41963 41964 41965 41966 41967 41968 41969
4739 3 3 41540 42011 42020 42032 52370 52382 52742 52793 52811 52812 52813 52814 52815 52816
4740 0 0 20260 20272 20284 20285 20286 20287 20288 20289 20290 20291 67727
4741 0 0 20275 20294 27964 27974 27978 27979 27980 27981 27982 27983 67728
4742 2 2 41324 41331 41338 41342 41347 50906 50928 51965 52109 52160 60054 60068 60080 60086 60087 60088 60089
4743 2 2 20841 20852 21817 29020 29080 29128 29140 29158 29168 29170 29171 29172 29173 29174 29175 29176 29177 29178
4744 2 2 20855 21815 28133 29172 38937 38948 38959 38963 41328 41341 41343 41344 41345 41346 41347
4745 2 2 20835 29022 29032 29160 29173 30344 30347 40039 41270 41317 41325 52042 52072 52085 52099 52113 52158 60056 60081 60087 60090 60092 60093
4746 3 3 25439 35410 46722 51154 52732 52763 52764 52765 52766 52767 52768 52769 52770 52771
4747 3 3 25247 25388 25483 32806 35405 46870 56846 56853 56856 61246 61260 61268 61281 61282 61283 61284 61285 61286
4748 3 3 25309 25377 25382 25443 25460 25480 25482 35403 35404 35405 35406 35407 35408 35409 35410 35411 35412 35413 35414
4749 3 3 25249 25449 25462 25477 25485 26656 32776 32788 32800 43301 46872 52763 61247 61270 61281 61287 61288 61289 61290 61291
4750 3 3 5785 5798 8146 8245 16255 20637 20652 20658 20683 20686 20696 20697 20698 20699 20700 20701
4751 3 3 5483 20638 20660 20667 28708 28722 28731 28737 28751 28754 28757 28763 42278 42303 42315 42318 42322 42325
4752 3 3 8263 14985 19128 20625 20626 20627 20628 20629 20630 20631 20632 20633 20634 20635 20636 20637 20638 20639 20640
4753 3 3 8148 20657 20668 20697 20703 28713 28725 28746 28750 28752 28754 28755 28756
4754 4 4 44048 55329 61979 61985 62999 64878 64885 65383 66372 66380 66384 66385 66386 66387 66388
4755 4 4 44054 44057 44058 44059 44060 44061
4756 4 4 54202 54209 54223 54225 54226 54227 54228 54229 54230 54231 54232 54233 54234
4757 4 4 42671 42672 42673 42674 42675 42676 42677 42678 42679 42680 42681 42682
4758 3 3 15011 15567 15568 15569 15570 15571 15572 15573 15574 15575 15576 15577
4759 3 3 30605 31288 31297 31305 31310 31320 31321 31322 31323 31324 31325 31326 31327 31328
4760 3 3 15012 15571 22481 22490 31311 36836 36837 36838 36839 36840 36841 36842 36843 36844
4761 3 3 15569 15595 22484 26433 26437 26446 26455 30565 30585 30597 30599 30600 30601 30602 30603 30604 30605 30606 30607 30608 30609
4762 3 3 12439 26573 26588 26626 26794 26870 26903 26910 26938 26960 26963 26964 26965 26966 26967
4763 3 3 12523 19330 26544 26555 26556 26557 26558 26559 26560
4764 3 3 49874 56483 56524 56553 56648 56659 59050 59908 59916 62282 62340 62368 62388 62397 62406 62415
4765 3 3 56480 56550 62276 62293 62294 62295 62296 62297 62298
4766 3 3 44731 44741 44749 44760 44769 50673 59558 59559 59560 59561 59562 59563 59564 59565 59566 59567
4767 3 3 59576 64085 64113 64132 64142 65903 65980 65986 65989 65995 65996 65997 65998
4768 3 3 41463 44729 59558 59572 60113 60116 64110 64111 64112 64113 64114 64115 64116 64117 64118
4769 3 3 59562 59570 62941 63856 63877 63894 63903 63954 64082 64101 64133 64143 65854 65865 65890 65895 65899 65900 65901 65902 65903 65904
4770 0 0 1671 4670 7534 7544 7551 7552 7553 7554 7555 7556 7557 67729 67730
4771 0 0 4192 7532 7537 7538 7539 7540 7541 7542 67731 67732
4772 0 0 13577 20215 20235 20241 20251 20259 20287 20293 27972 27975 28003 34129 34138 39115 39129 39134 39135 39136 39137 39138 39139 39140 39141 39142 67733
4773 3 3 7889 13563 13596 20139 20140 20141 20142 20143 20144 20145
4774 0 0 13558 13567 13579 20139 20187 20212 20220 20234 20235 20236 20237 20238 20239 20240 67734
4775 3 3 13606 20142 20243 20248 20254 20429 27953 28000 34130 34137 34138 34139 34140 34141 34142 34143 34144
4776 0 0 50721 59585 59600 61819 62027 62060 62927 63764 63824 63841 63845 63920 64151 64153 64154 64155 64156 64157 64158 64159 64160
4777 0 0 62970 62981 62990 65372 65396 65797 65819 65823 65824 65825 65826 65827
4778 0 0 59246 60936 62062 62926 63751 63758 63840 64155 65102 65117 65120 65129 65136 65149 65160 65167 65171 65794 65810 65812 65813 65814 65815 65816
4779 0 0 61956 61993 62007 62014 62024 62988 63767 64146 64147 64148 64149 64150 64151 64152
4780 0 0 26435 26444 26452 26464 26475 30607 30610 36924 36934 36940 36967 36968
4781 0 0 15576 26429 26448 30574 30613 30630 30631 30632 30633 30634 30635 30636 30637 30638 30639
4782 0 0 7963 7967 16292 20409 20426 27957 28154 28155 28156 28157 28158 28159 28160 28161 28162 28163 28164
4783 0 0 7939 7970 20128 39037 39052 39625 49452 49461 49473 49474 49475 49476 49477 49478 67735
4784 0 0 7939 7940 7941 7942 7943 7944 7945 7946 67736
4785 0 0 28163 39029 39036 39037 39038 39039 39040 39041 39042 39043 39044 39045 39046 39047 39048
4786 0 0 825 834 848 849 850 851 852 853 67737
4787 4 4 843 1571 3540 4006 4043 4047 4048 4049 4050 4051
4788 0 0 6728 6760 7258 11420 11857 11871 11881 11887 11894 67738
4789 0 0 646 1424 6726 6737 6759 7254 11404 11413 11420 11421 11422 11423 11424 11425 11426
4790 0 0 1411 1426 6725 6736 6757 6758 6759 6760 6761 6762 6763 67739
4791 0 0 641 1428 6727 6738 7251 7252 7253 7254 7255 7256 7257 7258 7259 7260 67740
4792 4 4 6694 6707 10470 10479 10480 10481 10482 10483 10484 10485 10486 10487 10488 10489 10490
4793 4 4 3130 8970 10150 10167 10179 10211 10221 10532 10662 10666 10677 17280 17281 17282 17283 17284 17285 17286 17287 17288 17289 17290 17291
4794 4 4 3135 10482 10522 10525 10526 10527 10528 10529 10530 10531 10532 10533 10534 10535 10536 10537 10538
4795 4 4 17291 17297 17569 17570 17571 17572 17573 17574 17575 17576 17577
4796 3 3 49342 55754 58066 58074 58083 58741 58763 60099 62042 62049 62912 62932 62943 63831 63832 63833 63834 63835
4797 3 3 55771 62043 62054 62063 63837 64158 65101 65115 65134 65146 65149 65150 65151
4798 3 3 34324 37663 37676 40578 55749 55761 55770 55779 58063 58434 58725 58737 58749 58767 60101 62041 62042 62043 62044 62045 62046 62047
4799 3 3 55743 58071 62053 62058 62059 62060 62061 62062 62063 62064 62065 62066
4800 3 3 38301 38307 49279 49288 49299 49311 58391 58421 58439 58451 58453 58454
4801 3 3 38005 38059 38345 38375 45877 48997 49010 49286 49306 49315 49620 58388 58401 58430 58435 58438 58444 58447 58448
4802 3 3 19732 38052 38085 38126 38321 38343 38356 38395 38406 38409 49009 49285 49292 49309 49313 49314 49315 49316
4803 3 3 58379 58380 58381 58382 58383 58384 58385 58386 58387 58388 58389 58390 58391 58392 58393 58394 58395 58396
4804 4 4 20928 21131 21151 21162 24065 29069 29088 29104 29106 29107 29108 29109 29110 29111 29112 29113 29114 29115 29116 29117 29118 29119 29120 29121 29122 29123
4805 4 4 29204 29286 39749 39777 44858 44861 44862 44863 44864 44865 44866 44867 44868
4806 4 4 29107 29135 29192 29196 29197 29198 29199 29200 29201 29202 29203 29204 29205 29206 29207 29208 29209 29210
4807 4 4 20910 21132 21152 29114 30263 33826 39753 39760 39779 45124 50603 50621 50643 50656 50657 50658 50659 50660 50661
4808 0 0 4489 4513 4519 4522 4537 4546 4547 4548 4549 4550 4551 67741
4809 0 0 4486 4507 4528 4552 9796 9805 9808 9809 9810 9811 9812 67742
4810 3 3 24870 27827 27838 34533 34564 35022 38413 38421 38435 38437 38438 38439 38440 38441 38442 38443 38444 38445 38446
4811 3 3 27658 27690 27704 27709 27732 27738 27808 27809 27810 27811 27812 27813 27814 27815 27816 27817 27818 27819 27820 27821
4812 3 3 27666 27813 27823 27830 34528 34546 34558 34559 34560 34561 34562 34563 34564 34565 34566 34567 34568 34569 34570
4813 3 3 13162 16535 17226 27714 27817 27825 32393 33189 38439 38448 38466 43915 46329 46372 46388 46424 46428 46432 46433 46434
4814 0 0 3271 3277 4176 11173 18091 18097 18098 18099 18100 67743
4815 0 0 3256 3257 3258 3259 3260 3261 3262 3263 3264 3265 3266 3267 3268
4816 0 0 3257 3269 9635 18097 18101 18102 18103 18104 18105 18106 18107 18108 18109 18110 18111 67744
4817 0 0 3264 3274 3275 3276 3277 3278 3279 3280 3281 67745
4818 0 0 44133 44149 54552 54569 54570 54571 54572 54573 54574 54575 54576 54577 54578 54579 54580 54581
4819 0 0 44138 54555 54604 54700 61524 61539 61547 61553 61554 61555 61556
4820 0 0 54514 54520 54527 54531 54538 54547 54557 54561 54568 54581 54597 54601 54609 55057 55062 61434 61452 61485 61509 61514 61515 61516 61517 61518
4821 0 0 44135 44141 44142 44143 44144 44145 44146 44147 44148 44149 44150
4822 0 0 21292 21321 29373 29374 29375 29376 29377 29378 29379 29380 29381 29382 67746
4823 0 0 29370 30034 30040 30061 30083 40301 40312 40320 40327 40328 40329 40330 67747
4824 3 3 1931 3241 6367 8419 8427 8464 8475 14699 14771 21538 21555 21567 21584 21616 21622 21623 21624 21625 21626 21627 21628 21629
4825 3 3 21589 21593 21603 21612 21613 21635 24944 30185 30188 30192 30193 30194 30195 30196
4826 3 3 8409 8422 8436 8468 8470 10854 10874 10880 10886 10927 14768 14770 18290 18315 18324 18366 18388 21464 21512 21580 21581 21582 21583 21584 21585 21586 21587 21588 21589
4827 3 3 21554 21569 21619 21627 21631 24982 28393 29430 30184 51100 56386 56393 56404 56405 56406
4828 4 4 22310 23251 23391 23392 23393 23394 23395 23396 23397 23398 23399
4829 4 4 23256 23585 23599 24322 32969 32970 32971 32972 32973 32974 32975 32976 32977 32978 32979 32980 32981 32982
4830 4 4 7802 7815 7833 7843 7844 7845 7846 7847 7848 7849 7850 7851 7852 7853
4831 0 0 7816 7827 7835 7841 7854 7855 7856 7857 67748
4832 0 0 5525 7386 7404 7423 7501 12445 12472 12490 12504 12513 12527 19571 26752 26874 26882 26885 26886 26887
4833 0 0 3621 6981 6982 6983 6984 6985 6986 6987 6988 6989
4834 4 4 32011 32027 42965 42970 42999 43003 43004 43005 43006 43007 43008 43009 43010 43011 43012
4835 4 4 23404 24331 31134 32019 32032 32992 33002 42634 42948 46837 52985 53219 53314 53331 53539 60547 60552 60562 60588 60602 60613 60614 60615 60616
4836 4 4 32018 32029 42644 42943 42962 42974 53221 53312 53328 53477 53505 53509 53525 53537 53539 53540 53541
4837 4 4 23278 32024 32996 33001 42617 42636 43005 43739 46838 52943 53220 53304 60546 60552 60553 60554 60555 60556 60557
4838 4 4 24904 24913 34917 34968 35010 35019 35046 46357 46373 46374 46375 46376 46377 46378 46379 46380 46381
4839 4 4 24869 34543 34979 35025 38433 38440 43080 45941 45959 46364 46383 46385 46411 46413 46414
4840 4 4 53015 53560 53580 53581 53582 53583 53584 53585
4841 4 4 53562 53590 53617 53623 59350 60854 60880 60882 60883 60884 60885 60886 60887 60888
4842 4 4 47493 54687 54969 54978 55014 57258 57519 57524 57540 61388 61396 61403 61405 61406
4843 4 4 44140 44150 44154 47395 47414 54553 54688 54694 54698 54699 54700 54701 54702 54703 54704 54705 54706 54707
4844 4 4 54686 54706 57028 61397 61401 61522 61536 61544 61547 61548 61549
4845 4 4 47391 47397 47409 54971 54974 54975 54976 54977 54978 54979 54980 54981 54982 54983 54984
4846 0 0 6259 16124 17393 19860 22823 24313 24766 24777 24791 27574 34790 34807 43842 43847 43869 43874 43875 43876 43877 43878
4847 0 0 6253 6258 17130 17138 17145 17146 17164 17166 17167 17168 17169 17170 17171 17172 17173 67749
4848 0 0 3162 6370 10696 10724 10725 10726 10727 10728 10729 10730 10731 10732 10733 10734 10735 67750
4849 3 3 14546 17678 17691 17694 18256 18259 18260 18261 18262 18263 18264 18265 18266
4850 0 0 3358 3373 4428 5094 13809 13814 25857 25868 25873 25874 25875
4851 0 0 3352 3375 8885 8914 8918 15102 25866 25876 25880 25881 25882 25883 25884 67751
4852 0 0 9787 16499 28791 28860 28869 28872 28878 39180 39200 39210 39217 39239 39256 67752
4853 0 0 9780 13967 20515 39177 39230 39241 39245 39254 39255 67753
4854 4 4 21270 41128 41140 41157 48416 51212 52127 52134 56689 58010 61088 64171 64182 64183 64184 64185 64186 64187 64188 64189 64190 64191
4855 4 4 64177 64273 64282 65921 65960 65966 65969 65970 65971 65972 65973
4856 0 0 26376 39679 39697 39706 48151 48172 48173 48174 48175 48176 48177 67754
4857 0 0 20872 20898 21147 26375 33751 33758 33759 33760 33761 33762 33763 33764 67755
4858 4 4 61202 61203 61204 61205 61206 61207 61208 61209
4859 4 4 44174 54724 54760 54779 54788 54789 54790 54791 54792 54793
4860 0 0 1349 3155 6144 8939 8947 8950 8951 8952 67756
4861 0 0 3153 6130 8936 8946 8960 8976 10147 17280 31064 42111 42115 42116 42117 42118 42119 42120 42121 42122
4862 0 0 6123 6137 6147 8941 8949 8952 8956 8957 8958 8959 8960 8961 67757
4863 0 0 3154 3398 8937 8948 8951 10239 10271 42110 42120 42128 42132 42133 42134 67758
4864 3 3 1455 2310 2315 2340 2344 2745 3505 3530 4378 5321 5717 8088 8089 8090 8091 8092 8093 8094 8095 8096 8097 8098 8099 8100 8101 8102
4865 3 3 698 710 2337 3525 3527 4337 4343 4344 4345 4346 4347 4348 4349 4350
4866 3 3 2753 3533 4346 4352 8099 8108 8112 8113 8114 8115 8116 8117 8118 8119
4867 3 3 696 704 1459 2311 2333 2334 2335 2336 2337 2338 2339 2340
4868 0 0 13566 13567 13568 13569 13570 13571 13572 67759
4869 0 0 7923 13569 13575 20203 20216 20239 20258 37855 39136 39145 39149 39153 39154 39155
4870 4 4 35075 35087 35106 46521 46573 46583 46741 46763 46780 56345 56351 56352 56353 56354 56355 56356 56357 56358
4871 4 4 35096 35534 46520 46527 46910 46938 56359 56366 56368 56369 56370 56371 56372
4872 2 2 40809 43501 43511 52501 54046 54078 54086 54094 61050 61065 61112 61116 61118
4873 2 2 39789 40056 43375 43376 43377 43378 43379 43380 43381 43382 43383 43384 43385 43386 43387 43388 43389 43390 43391
4874 2 2 40062 40071 43377 43396 43512 43521 48393 50726 52673 54044 54045 54046 54047 54048 54049 54050 54051 54052
4875 2 2 40811 40836 43371 43389 43402 43494 43495 43496 43497 43498 43499 43500 43501 43502 43503 43504 43505
4876 3 3 55153 61638 61680 61694 61706 61734 61739 62906 63576 63591 63599 63602 63606 63607 63608
4877 3 3 28653 39307 39746 44224 50517 50546 50547 50548 50549 50550 50551 50552 50553 50554 50555 50556 50557 50558 50559 50560
4878 3 3 28597 28603 28650 39315 50559 59279 61691 61729 61732 61737 63577 63589 63601 63604 63607
4879 3 3 39743 47997 50337 50557 59204 59224 59383 61695 61707 61735 61738 62858 62869 62880 62890 62894 62901 62903 62904 62905 62906 62907 62908
4880 0 0 55575 55589 55600 55636 55652 55669 55675 55687 55688 61838 61849 61850 61851 61852
4881 0 0 49468 49491 55570 55592 55604 55619 55626 55642 55670 55685 55694 55695 55696 55697
4882 4 4 38906 40719 40751 40771 40786 45672 45700 45704 45708 45709 45710 45711 45712 45713 45714
4883 4 4 45669 45679 51425 51441 55898 55917 62082 62111 62126 62146 62164 62165
4884 4 4 40721 45667 45675 45676 45677 45678 45679 45680 45681 45682 45683 45684 45685 45686 45687 45688 45689 45690
4885 4 4 55905 55912 55920 62343 62356 62390 62407 62417
4886 3 3 1628 1945 1954 1964 1974 4143 4148 4155 6835 6856 7261 11985 12000 12001 12007 12008
4887 3 3 1960 3440 5460 5477 5495 5508 6836 6858 9210 9211 9212 9213 9214 9215 9216 9217 9218 9219 9220 9221 9222
4888 3 3 5509 6838 6860 9216 11654 11688 11980 11992 11993 11994 11995 11996 11997 11998 11999 12000
4889 3 3 1629 1943 1950 1958 1959 1960 1961 1962 1963 1964 1965 1966 1967 1968
4890 0 0 8005 9781 13770 13773 13781 13782 13783 13784 67760
4891 0 0 8004 8009 8010 8011 8012 67761
4892 3 3 27205 27227 28454 28468 38803 38839 38873 40590 40616 40621 40622 40623 40624 40625 40626 40627 40628 40629
4893 3 3 40592 40612 40642 40650 40777 48871 48884 51301 51330 51337 51338 51339 51340 51341 51342 51343 51344 51345 51346
4894 3 3 27208 27224 27258 34148 40591 40621 40640 40648 40693 40694 40695 40696 40697 40698 40699 40700 40701 40702 40703 40704
4895 3 3 40598 40613 40620 40629 40638 40641 40649 40775 40931 48834 48852 48866 48882 51337 51527 51567 51636 51653 51660 51668 51670 51671 51672 51673
4896 3 3 33243 42547 44988 54939 54950 60417 61438 61459 61460 61467 61468 61469 61470 61471 61472
4897 3 3 33249 35336 42544 44983 47747 47757 53190 54714 54848 54863 54872 54923 54936 60419 60470 60476 60477 60478 60479 60480 60481 60482
4898 0 0 30308 41311 51992 52006 52012 52013 52014 52015 52016 52017 52018 52019 52020 52021 52022 67762
4899 3 3 51932 51966 52024 52037 52044 52052 52073 52086 52098 52115 52163 59976 60058 60061 60085 60088 60093 60094 60095
4900 3 3 60047 60048 60049 60050 60051 60052 60053 60054 60055 60056 60057 60058
4901 3 3 51933 51981 51991 52013 52025 52036 52067 52095 52111 52164 52318 59977 60095 64238 64249 64316 64323 64327 64329 64330 64331 64332
4902 0 0 37890 37891 37892 37893 37894 37895 37896 37897
4903 0 0 63020 63032 63034 63035 63036 63037 63038 63039 63040
4904 4 4 2295 3503 3516 3532 4336 4351 4374 4390 7975 8117 13741 13747 13748 13749 13750 13751 13752 13753
4905 4 4 4342 4350 4354 4360 4368 7977 8028 8115 13743 13755 20477 20535 20537 20542 20543 20544 20545
4906 3 3 25301 32597 32703 35371 36360 36513 36518 36519 36520 36521 36522 36523 36524
4907 3 3 36318 36353 36361 36370 36377 36395 36406 36407 36408 36409 36410 36411 36412 36413
4908 3 3 35378 36386 36400 36413 36520 36527 36538 44117 44128 47925 47936 47960 47964 47974 47975 47976 47977
4909 3 3 12192 25983 26244 27000 32596 35376 36322 36331 36355 36356 36357 36358 36359 36360 36361 36362 36363 36364
4910 2 2 9222 9228 15682 15695 15701 18789 18812 22500 22501 22502 22503 22504 22505 22506
4911 2 2 9217 11646 11647 11648 11649 11650 11651 11652 11653 11654 11655 11656 11657 11658 11659 11660 11661 11662
4912 3 3 6946 6954 11754 11769 18689 18704 18712 18735 18741 25758 33521 36218 56945 56950 56957 56960 56964 56966 56967 56968
4913 3 3 36138 36224 36242 36686 36691 47235 47236 47237 47238 47239 47240 47241 47242 47243 47244 47245 47246 47247 47248
4914 3 3 18728 25764 36219 36243 47237 52907 56937 56947 56952 56953 56954 56955 56956 56957 56958 56959
4915 3 3 6944 6952 11322 11333 11750 16184 16521 18985 25753 36139 36249 36681 36692 47236 47254 47447 56941 56963 56966 56969 56972 56973 56974
4916 0 0 5628 9749 22870 33971 43744 43752 43758 43759 43760 43761 43762 43763 43764 43765 67763
4917 0 0 9751 17263 17266 17267 17268 17269 17270 67764
4918 0 0 2760 2768 2775 2776 2777 2778 2779 2780 2781 2782 2783 2784 67765
4919 0 0 1988 1995 1996 1997 1998 1999 2000 2001 2002 2003 2004 2005 2006 67766
4920 0 0 2001 2783 2785 4246 4253 4254 4255 4256 4257 67767
4921 0 0 2000 2758 2778 2789 4218 4228 4490 4491 67768
4922 0 0 11030 11060 11061 11062 11063 11064 11065 11066 11067 11068 67769
4923 0 0 11233 11234 11235 11236 11237 11238 11239 11240 11241 11242 67770
4924 0 0 4790 8617 8618 8619 8620 8621 67771 67772
4925 0 0 4691 4788 8333 8334 8335 8336 8337 67773 67774
4926 0 0 8624 14599 21392 21395 29994 30001 30004 30005 30006 30007 30008 30009 30010 30011 67775
4927 0 0 4786 4787 4788 4789 4790 67776 67777
4928 3 3 4492 4493 4494 4495 4496 4497 4498 4499 4500 4501 4502 4503 4504
4929 3 3 5479 20631 20642 20656 20666 28753 28896 42275 42304 42308 42318 42319 42320 42321
4930 3 3 5491 12061 16265 19149 20632 20641 20792 28891 28896 28897 28898 28899 28900 28901 28902 28903 28904 28905 28906 28907
4931 3 3 4493 4634 4639 5480 5500 5787 8143 15693 20645 20648 20655 20656 20657 20658 20659 20660 20661 20662
4932 0 0 17217 34549 34589 43014 43031 43037 43038 43039 43040 43041 43042 43043 67778
4933 4 4 34532 34548 34557 34570 34576 34583 34591 34601 34607 34614 43022 43049 43057 43068 43079 43083
4934 0 0 2075 2101 2207 2674 4898 4944 4950 4957 4958 4959 4960 4961 4962 4963 4964 67779 67780
4935 0 0 993 1010 1102 1728 2076 2105 2108 2109 2110 2111 2112 2113 2114 2115 2116 2117 2118 2119 67781
4936 0 0 2073 2074 2075 2076 2077 2078 2079 2080 2081 2082 2083 2084 2085 2086 67782
4937 0 0 2104 2114 4892 4898 4899 4900 4901 4902 4903 4904 4905 4906 4907 4908 67783
4938 3 3 8096 8114 13742 13751 13761 13777 20472 20487 20536 20543 20546 20551 28474 28792 28818 28839 28852 28857 28863 28865
4939 0 0 8003 8012 9779 13757 13765 13766 13767 13768 13769 13770 13771 67784
4940 3 3 9785 13768 20463 20483 20501 20512 20516 28473 28790 28840 28858 28862 28865 28866 28867 28868 28869 28870 28871
4941 0 0 13746 13753 13758 13764 13771 13780 13784 13788 13790 13794 13798 13939 20478 20484 20534 20542 20546 67785
4942 0 0 41312 51976 51980 51990 51993 52007 52012 64301 64311 64312 64313 64314 64315 64316 64317 64318 64319 67786
4943 3 3 51917 51918 51919 51920 51921 51922 51923 51924 51925 51926 51927 51928 51929 51930 51931 51932 51933
4944 0 0 6628 11165 11174 11285 11295 11306 11310 18019 18031 18056 18067 18090 18092 18093 18094 18095 18096 67787
4945 0 0 2225 5209 6450 6451 6452 6453 6454 67788
4946 4 4 42438 42449 48005 48070 48092 48116 48118 48326 48333 48401 50263 53028 53042 53054 53063 53070 53071 53072 53073 53074 53075 53076 53077
4947 4 4 48274 48275 48276 48277 48278 48279 48280 48281 48282 48283 48284 48285 48286 48287 48288 48289 48290 48291
4948 4 4 48007 48330 48338 50271 53053 53073 57735 62822 62833 62839 62844
4949 4 4 42423 42441 48121 48280 48298 48322 48324 48333 48334 48335 48336
4950 3 3 44891 53561 53576 53584 53598 54594 59352 60855 60869 60881 60888 60889 60890 60891 60892 60893 60894
4951 3 3 47476 47480 53019 53566 53595 54585 57719 59338 59349 59389 59391 59403 60886 60908 62751 63458 63487 63500 63504 63509
4952 0 0 16565 16566 16567 16568 16569 16570 16571 16572 16573 16574 16575 67789
4953 0 0 14269 23815 23819 23829 23830 23831 23832 23833 23834 23835 23836 23837 23838 67790
4954 0 0 16570 20824 23836 23846 23855 24116 24117 24118 24119 24120 24121 24122 67791
4955 0 0 14245 14267 16565 20806 23816 23831 23839 23840 23841 23842 23843 23844 67792
4956 3 3 4971 4978 4984 4992 5000 5008 8782 8794 8802 9288 9293 9307 15182 15194 15195 15196 15197 15198 15199 15200
4957 3 3 8798 8803 15165 22130 22134 22218 22225 30943 30946 30968 30971 30972 30973 30974 30975
4958 4 4 46730 46754 53972 56699 62653 62662 62666 64944 64978 64987 65001 65011 65020 65023 65024 65025 65026 65027
4959 4 4 61340 62487 64771 64900 64918 64919 64920 64921 64922 64923 64924 64925 64926 64927 64928
4960 4 4 64772 64899 64927 64932 64945 64982 65012 65014 65023 65063 66224 66236 66237 66238 66239 66240 66241 66242
4961 4 4 61259 64921 64955 64970 64981 64990 64996 64997 64998 64999
4962 3 3 50369 59429 63268 63626 63633 63696 63700 63704 63705 63706 63707 63708 63709
4963 3 3 50349 50522 50532 50536 50569 50571 57742 62787 63624 63630 63639 63649 63652 63653 63654 63655 63656
4964 3 3 50356 50363 50373 63636 63645 63653 63704 65528 65544 65566 65568 65574 65575 65576 65577 65578
4965 3 3 50353 50371 50573 55078 57741 57746 57757 59427 62791 63262 63618 63623 63624 63625 63626 63627 63628
4966 3 3 29504 37076 40469 48536 56566 56865 62637 64858 64863 65045 65215 65273 65279 66377 66403 66421 66423 66431 66432 66433 66434 66435 66436
4967 3 3 26523 29478 29493 36998 37049 37050 37051 37052 37053 37054 37055 37056 37057 37058 37059
4968 0 0 5160 5169 5181 5190 5196 5215 5216 5217 5218 5219 5220 5221 67793
4969 0 0 5161 5172 5183 5223 8558 15353 15372 21840 21841 21842 21843 21844 21845 21846
4970 4 4 4604 4936 5060 5070 8816 8822 8852 8871 8881 8899 8906 8908 9380 11736 15249 19934 19972 19981 19993 19998 19999 20000
4971 4 4 5025 5031 5052 5059 5069 8806 8817 8825 8827 8828 8829 8830 8831 8832 8833 8834
4972 4 4 47686 47736 56063 56082 56107 56116 56125 56133 57271 57278 57294 57300 57561 57576 57591 57599 57610 57617
4973 4 4 32255 33500 33512 35945 36209 44551 44601 44605 46105 47539 47689 47733 47740 56136 57268 57272 57282 57297 57298 57299
4974 4 4 16961 16975 16991 24353 24379 24387 24392 24416 33106 33963 34010 43789 43792 43804 43813 43814 43815 43816
4975 4 4 10057 10063 16963 16976 16990 33098 33107 43786 43793 54139 54168 54171 54172 54173 54174 54175 54176
4976 3 3 24354 24381 24423 24438 24749 34001 34013 34029 34034 34035 34036 34037 34038 34039 34040 34041 34042 34043 34044 34045
4977 3 3 16930 24294 24367 24436 24744 24760 42189 42218 42223 42224 42225 42226 42227 42228 42229 42230
4978 4 4 59228 59292 63476 65645 65657 65665 65666 65667 65668 65669
4979 4 4 53948 59222 59243 59253 59265 59271 59297 59376 62907 63569 63579 63583 63584 63585 63586 63587
4980 3 3 56094 56111 57356 57618 62203 62230 62234 62236 62237 62238
4981 3 3 35892 54439 56119 57249 57252 57364 57376 57399 57414 57473 57511 60820 60841 62205 62224 62229 62232 62242 62243 62244 62245
4982 4 4 15543 15553 15790 22421 22428 22438 22748 22753 23652 23666 23683 23693 23694 23695 23696 23697 23698 23699
4983 4 4 9180 15498 15531 15565 15792 15796 15797 15798 15799 15800 15801 15802 15803 15804 15805 15806 15807
4984 4 4 9182 15494 15793 15799 16447 22746 22753 22754 22755 22756 22757 22758 22759
4985 4 4 15529 15541 15546 15554 15555 15556 15557 15558 15559 15560 15561 15562 15563 15564 15565 15566
4986 3 3 26769 26779 26788 26806 26909 26969 35704 35775 36457 36465 36466 36467 36468 36469 36470 36471 36472
4987 3 3 12672 25048 25059 26761 26766 26772 26783 26804 26815 26825 26840 26854 26866 26959 26968 35198 35224 35264 35274 35278 35280 35286 35292 35293 35294 35295
4988 3 3 12680 25111 26775 26778 35282 35293 36466 36473 36474 36475 36476
4989 3 3 26768 26777 26785 26795 26807 26822 26826 26830 26835 26836 26855 26865 26869 26905 26916 26957 26967 26968 26969
4990 4 4 7499 7509 7517 7521 7523 12604 12617 12622 12624 12630 12636 12655 12656 12657 12658 12659 12660 12661 12662 12663 12664
4991 4 4 6477 6482 6486 12600 12609 12610 12611 12612 12613
4992 3 3 13071 19692 37811 37816 37821 37822 37823 37824 37825 37826 37827 37828
4993 3 3 7683 13070 13094 19683 19695 19706 19716 27295 37717 37742 38678 38687 38708 38731 48814 48823 48843 48850 48859 48869 48870
4994 3 3 7684 13065 13066 13067 13068 13069 13070 13071 13072 13073 13074
4995 3 3 19701 38707 38728 38729 38730 38731 38732 38733 38734 38735 38736 38737 38738
4996 0 0 4328 7678 13061 19614 19623 19624 19625 19626 19627 19628 19629 19630 19631 67794
4997 0 0 7664 7675 10098 10131 10142 13055 17077 19618 19632 19651 19667 19675 24520 27140 27300 27315 27329 27331 27332 27333 27334 27335 67795
4998 0 0 5979 7659 7660 7661 7662 7663 7664 7665 7666 67796
4999 0 0 7677 13054 13062 19613 19614 19615 19616 19617 19618 19619 19620 19621 19622
5000 4 4 13083 13100 27414 27422 27506 27521 27522 27523 27524 27525 27526 27527 27528 27529 27530 27531 27532 27533 27534
5001 4 4 49195 49196 49197 49198 49199 49200 49201 49202 49203 49204 49205 49206
5002 4 4 13099 27489 27505 27527 27535 27545 27546 27547 27548 27549 27550 27551 27552 27553 27554
5003 4 4 27476 27531 38194 38216 38234 45864 48904 49201 49218 49226 49227 49230 49231 49232 49233 49234
5004 0 0 20268 27492 28031 28043 28050 34092 38638 38642 38643 38644 38645 38646 38647 38648 38649 38650 38651 38652 67797
5005 4 4 38705 38714 38718 38723 38727 39124 39131 48911 48954 48977 48978 48979 48980 48981 48982 48983 48984
5006 2 2 1226 5535 5737 5738 5739 5740 5741 5742 5743 5744 5745
5007 0 0 23 652 1224 2455 2589 2596 3420 3474 5533 5540 5541 5542 67798
5008 0 0 653 3461 3476 5534 5540 5740 5750 5762 5764 5765 5766 5767 5768 5769 67799
5009 0 0 27 365 385 399 403 1219 1220 1221 1222 1223 1224 1225 1226 67800
5010 4 4 59212 59232 59244 59260 61830 62908 63558 63572 63586 63592 63595 63603 63924 63928 65644 65657 65658 65659 65660 65661 65662 65663 65664
5011 4 4 59296 60926 63469 63491 65632 65639 65647 65668 65671 65674 65675 65676 65677 65678
5012 4 4 53941 59251 59298 60924 63587 65649 65663 65665 65679 65680 65681 65682 65683
5013 4 4 61831 61837 63544 63549 63557 65595 65623 65643 65661 65673 65694 65711 65730 65736 65739
5014 0 0 29201 29290 33727 33738 39748 39764 44839 44852 44856 44863 44869 44870 44871 44872
5015 0 0 39736 39747 44847 50579 50625 50642 50653 59206 61676 61681 61696 61702 61703 61704 61705 61706 61707
5016 0 0 50582 50588 50593 61623 61664 61675 61686 61700 61702 61708 61720 61721
5017 0 0 33725 33748 33752 33786 39758 39766 44840 44844 44850 44851 44852 44853 44854 44855
5018 0 0 12208 21953 30646 30651 30652 30653 30654 67801
5019 0 0 12201 21954 21974 21984 21985 21986 21987 21988 21989 67802
5020 3 3 32829 32830 32831 32832 32833 32834 32835 32836 32837 32838 32839 32840
5021 3 3 32822 32858 32876 32887 32910 43443 48201 48216 48226 48237 48245 48246 48247
5022 3 3 32839 32860 32879 32885 32905 41207 43421 43433 43443 43444 43445 43446 43447 43448 43449 43450 43451
5023 3 3 32817 32825 32828 32840 32849 32857 32868 32874 32882 32886 32887 32888 32889 32890 32891 32892
5024 4 4 39674 39681 39685 39694 39698 39705 39709 39718 39727 57816 57837 57844 57867 57868
5025 4 4 14438 14446 29273 33769 33773 33774 33775 33776 33777 33778 33779
5026 3 3 33305 50347 50348 50349 50350 50351 50352 50353 50354 50355 50356
5027 3 3 21230 21250 24126 28617 33297 44232 44347 44351 44437 44447 44448 44449 44450 44451 44452 44453
5028 3 3 21256 28622 29012 33295 33296 33297 33298 33299 33300 33301 33302 33303 33304 33305
5029 3 3 44427 44434 44441 44446 44453 44457 44465 44470 44474 44478 47788 47808 47814 50352 50357 50364 50365 50366 50367 50368 50369 50370 50371 50372 50373
5030 0 0 3410 6682 6729 10621 10628 10637 10642 10653 11445 11473 11474 17520 17536 17540 17556 17558 67803
5031 0 0 10605 10617 10632 10650 10682 11456 11464 11484 11486 11487 11488 11489 11490 11491 11492 11493
5032 0 0 10601 10624 10646 10680 17499 17518 17539 17550 17553 17554 17555 17556
5033 0 0 6768 6782 10610 10631 10656 11448 11457 11458 11459 11460 11461 11462 11463 11464 11465
5034 0 0 10004 10011 10017 10018 10019 10020 10021 10022 67804 67805
5035 0 0 10008 10013 16830 16836 16837 16838 16839 16840 16841 16842 16843 16844 67806
5036 0 0 10005 10010 10011 10012 10013 10014 10015 10016 67807
5037 0 0 10003 10019 14422 14467 16787 16797 16805 16823 16824 16825 16826 16827 16828 16829 67808
5038 0 0 33959 33968 33979 33987 43771 45457 45470 45484 54148 54154 54181 54188 54190 54191 54193 54194 54195 54196
5039 0 0 6274 6280 10403 17004 22871 43758 43768 45384 45431 45450 45472 45473 45474 45475 45476 45477 45478 45479 67809
5040 0 0 55448 55449 55450 55451 55452 55453 55454 55455 55456 55457 55458
5041 0 0 17272 17276 33956 33969 33970 33971 33972 33973 33974 33975 33976 33977 33978 33979 67810
5042 3 3 23748 33215 33241 48056 53570 53744 53753 53754 53755 53756 53757 53758 53759 53760 53761
5043 3 3 23752 33222 33244 35338 42552 44922 44945 44964 44971 44977 44981 44982 44983 44984 44985 44986 44987 44988
5044 3 3 23749 33214 33215 33216 33217 33218 33219 33220 33221 33222 33223
5045 3 3 23756 33247 44884 44907 44921 44942 44963 44969 44973 44985 53568 53569 53570 53571 53572 53573 53574 53575 53576 53577 53578 53579
5046 0 0 7669 10097 10105 10106 10107 10108 10109 10110 10111 10112 10113 67811
5047 0 0 10104 10119 10135 10140 13127 17069 17070 17071 17072 17073
5048 0 0 972 989 1102 1103 1104 1105 1106 1107 1108 1109 67812 67813
5049 0 0 992 1013 1695 1698 1718 1721 1728 1729 1730 1731 1732
5050 4 4 27386 27388 40611 48856 48862 48873 48880 48881 48882 48883 48884 48885 48886 48887 48888 48889
5051 4 4 40656 40671 48877 48896 51351 51379 51453 51483 51489 51498 58259 58267 58291 58293 58294 58295
5052 4 4 19656 19665 19705 37714 40605 40652 40653 40654 40655 40656 40657 40658 40659 40660 40661 40662 40663
5053 4 4 48861 48874 48887 49765 51340 51352 51490 51497 51508 51514 51658 51670 58259 58260 58261 58262 58263 58264 58265 58266
5054 4 4 23925 24445 27469 27805 38257 38294 38295 38296 38297 38298 38299 38300 38301 38302 38303
5055 4 4 49276 49277 49278 49279 49280 49281 49282 49283 49284 49285 49286
5056 4 4 19735 19744 19748 24451 24470 24475 38248 38294 38308 38318 38410 45869 49284 49287 49301 49305 49314
5057 4 4 17065 23922 23934 23944 24005 27470 27800 38297 38335 38354 49293 49310 58393 58441 58452 58454 58462 58463 58464
5058 0 0 2361 2513 5289 5312 5319 5333 5675 5690 5692 5693 5694 5695 5696 5697 5698 5699 5700
5059 0 0 1234 5677 5683 5703 5705 5706 5707 5708 5709
5060 0 0 29250 39803 39918 39964 44784 44807 44818 48803 49348 49368 55156 55157 55158 55159 55160 55161 55162
5061 0 0 49323 49329 49334 49346 49355 49366 49374 49384 49391 49396 58085 58720 58730 58737 58738 58739 58740 58741 58742 58743 58744 58745
5062 0 0 29230 29258 39660 39941 39963 39980 39981 39982 39983 39984 39985 39986 39987 39988 39989 39990 39991 39992
5063 0 0 39809 44745 44758 44793 48793 48794 48795 48796 48797 48798 48799 48800 48801 48802 48803 48804
5064 3 3 13607 20152 20184 20223 20250 20253 20395 20417 20427 27950 34137 38601 38607 38611 38620 38622 39138 39150 39156 39157 39158 39159 39160 39161 39162 39163
5065 0 0 7895 7897 7949 13600 20147 20176 20380 20392 20397 20398 20399 20400 20401 20402 20403 67814 67815
5066 3 3 7896 7902 7950 13561 13596 13597 13598 13599 13600 13601 13602 13603 13604 13605 13606 13607
5067 3 3 20157 20165 20180 20386 20390 20399 20439 38595 38604 38607 38608 38609 38610
5068 3 3 21886 30401 30412 30413 30414 30415 30416 30417 30418 30419 30420 30421
5069 0 0 21889 29387 30462 30478 30499 59697 59710 59733 59734 59735 59736 67816
5070 3 3 21884 30433 30449 30496 30506 30529 30535 30540 59702 59735 59738 59752 59753 59754 59755
5071 0 0 21881 21890 30394 30399 30420 30461 30462 30463 30464 30465 30466 30467 30468 67817 67818
5072 3 3 35544 37032 40493 40522 40714 40743 40755 40760 40761 40762 40763 40764 40765 40766 40767
5073 3 3 37001 37047 37051 37071 40504 40517 40789 40798 45692 46609 46956 48527 56472 56473 56474 56475 56476 56477 56478
5074 4 4 39438 39449 50214 50243 53950 59085 59086 59087 59088 59089 59090 59091 59092 59093 59094 59095 59096 59097 59098
5075 4 4 50233 50249 54562 55066 59104 59129 59130 59131 59132 59133 59134 59135
5076 4 4 39431 39448 50219 50235 50239 50240 50241 50242 50243 50244 50245 50246 50247 50248 50249
5077 4 4 59098 59106 59136 59144 59145 59146 59147 59148 59149 59150
5078 0 0 1871 3334 3343 3356 3453 4406 4417 4432 4433 4434 4435 4436 4437 4438 67819 67820
5079 0 0 1037 3333 3365 4410 4435 4443 4446 4447 67821 67822
5080 0 0 15705 25780 25781 25782 25783 25784 25785 25786 25787 25788 25789 25790 25791 67823
5081 4 4 31451 31459 31476 31505 31572 31584 31700 36031 42051 42056 42063 42071 42072 42073
5082 0 0 18692 18698 18705 18713 18725 18737 18743 36096 52859 52881 52896 56924 56943 56948 56956 56960 56961 56962 67824
5083 3 3 18714 18727 31622 36221 52834 52868 52873 52884 52906 56934 56935 56936 56937 56938 56939
5084 0 0 14617 21327 21534 29935 29945 29990 30010 30096 30110 30114 30115 30116 30117 30118 30119 67825
5085 3 3 14618 14654 14663 21490 29952 29955 29960 30101 30136 30140 30143 30144 30145 30146 30147
5086 3 3 14650 21438 21478 21481 21513 21521 21535 29434 29941 29945 29946 29947 29948 29949 29950 29951 29952 29953
5087 0 0 30095 30096 30097 30098 30099 30100 30101 30102 30103 30104 30105 30106 30107 30108 30109 67826
5088 3 3 11692 11708 12158 18931 18958 18962 19093 19105 26145 26267 26275 26276 26277 26278 26279 26280 26281 26282 26283
5089 3 3 12137 12151 12157 12168 19015 19092 26129 26266 36558 36566 36604 36639 36649 36655 36659 36665
5090 3 3 19098 19107 26127 26143 26268 26275 36559 36616 36635 36644 36658 36659 36660 36661 36662 36663 36664
5091 3 3 11681 11696 11723 11730 12014 12136 12149 12153 12154 12155 12156 12157 12158 12159
5092 4 4 8501 8510 14789 14798 14926 21019 21040 21048 21649 21650 21673 21678 21680 21681 21682
5093 4 4 14924 14942 21024 21645 21662 21663 21664 21665 21666 21667 21668 21669 21670
5094 4 4 36517 36524 36529 36535 36539 47922 47931 47951 47960 47961 47962
5095 4 4 44118 44125 44199 44909 44947 44965 47920 47929 47934 47935 47936 47937 47938 47939 47940 47941 47942
5096 4 4 40017 50857 50871 50921 51943 52149 52238 52244 52288 52310 52324 52329 52330 52331 52332 52333 52334 52335 52336 52337
5097 4 4 41433 50894 50917 52204 52209 52217 52218 52219 52220 52221 52222 52223 52224 52225 52226 52227 52228 52229 52230
5098 4 4 32151 34914 35937 46436 46449 46457 53406 53438 53465 60776 60794 60812 60825 60826 60827 60828
5099 4 4 32053 32153 42772 42791 42810 42811 42812 42813 42814 42815 42816 42817 42818 42819 42820 42821 42822 42823
5100 4 4 32150 34835 34895 34915 42821 46435 46447 46456 53347 53362 53396 53401 53402 53404 53405 53406
5101 4 4 32157 42771 42788 42808 42819 42829 42837 46450 53413 53417 53434 53466 60772 60786 60795 60804 60812 60813 60814 60815 60816
5102 4 4 34311 34323 37660 37672 37673 37674 37675 37676 37677 37678 37679 37680 37681 37682
5103 4 4 34320 37670 40585 51245 51246 51247 51248 51249 51250 51251
5104 0 0 406 499 500 501 502 503 504 505 506 507 508 509 67827 67828
5105 0 0 1278 1285 1292 2860 2877 2888 2897 2898 2899 2900
5106 3 3 52359 52360 52361 52362 52363 52364 52365 52366 52367 52368 52369 52370 52371 52372 52373 52374 52375 52376 52377 52378
5107 3 3 40383 40410 41510 41523 41543 41545 41546 41547 41548 41549 41550 41551 41552 41553
5108 3 3 41515 41530 41534 41542 41545 42019 52359 52379 52380 52381 52382 52383 52384 52385 52386 52387
5109 3 3 30772 30788 40378 40393 40398 40405 40413 41547 41573 41578 41583 41616 41905 52375 52421 52423 52431 52436 52437 52438 52439
5110 0 0 56861 61243 61255 61256 61257 61258 61259 61260 61261 61262 61263 61264 61265
5111 0 0 62647 62654 62659 62664 62670 64979 64991 65003 65007 65019 65027
5112 4 4 44178 54281 54720 54766 54788 54803 54839 56814 56829 61202 61210 61211 61212 61213 61214 61215 61216 61217
5113 4 4 54732 54740 54750 54757 54769 54780 54846 54866 54878 60532 61236 61582 62498 65064 65073 65074 65075 65076 65077 65078 65079
5114 4 4 44179 44181 54269 54714 54715 54716 54717 54718 54719 54720 54721 54722 54723 54724 54725 54726 54727 54728 54729 54730 54731 54732
5115 4 4 54759 54784 54793 54810 54824 54838 61207 61213 61220 61234 62434 62447 62477 62490 62491 62496 62497 62498 62499 62500 62501
5116 0 0 50746 50747 50748 50749 50750 50751 50752 50753 50754 50755 50756 50757 50758 50759 50760
5117 0 0 41228 41234 41241 41248 41254 41264 41271 50769 50793 50794 51812 52058 52068 52093 52104 52107 52108
5118 4 4 21694 21726 21771 30314 41230 41238 41259 41832 50757 50763 50771 50782 50789 50790 50791 50792 50793
5119 4 4 14331 14850 14944 21057 21076 21089 21725 30212 41219 41239 41244 41249 41250 41251 41252 41253 41254
5120 4 4 14856 21075 21087 21098 30316 40045 41227 41232 41240 41242 41243 41244 41245 41246 41247 41248
5121 4 4 14929 21700 21719 41236 41249 41818 41825 50761 50775 50792 51766 51780 51786 51793 51794 51795 51796 51797 51798
5122 3 3 13836 20497 20528 28827 39188 44566 44627 44631 44632 44633 44634 44635
5123 3 3 36268 36272 36285 36309 44562 44589 44594 44616 44617 44618 44619 44620 44621
5124 3 3 22234 33487 36286 39185 39196 39202 39237 39252 44558 44581 44584 44585 44586 44587 44588 44589 44590 44591 44592 44593
5125 3 3 11786 13840 18987 18998 25757 25889 28830 33527 36205 36267 44565 44608 44618 44623 44624 44629 44630 44631
5126 0 0 1210 1218 1477 1496 3675 3677 3688 3689 3690 3691 3692 3693 67829
5127 0 0 83 306 316 346 347 348 349 350 351 352 353 354 355 356 67830
5128 3 3 44422 44431 50361 50367 63265 63634 63705 65511 65525 65529 65576 65588 66476 66485 66487 66492 66493
5129 3 3 63282 63286 63294 63297 63304 63313 63317 63320 63324 63326 63715 65507 65532 66481 66482 66488 66499 66500
5130 3 3 63281 63301 63312 63694 63712 63717 65537 65550 65559 65580 66480 66491 66496 66497 66498 66500
5131 3 3 20608 20830 33308 44420 63309 63322 63325 65506 65507 65508 65509 65510 65511 65512 65513
5132 0 0 19236 30689 43176 43181 53764 53776 53779 53780 53781 53782 53783
5133 0 0 9407 19229 23043 23071 30698 30709 43174 43179 43190 43193 43194 43195 43196 67831
5134 0 0 1118 7629 7630 7631 7632 7633 7634 7635 67832 67833
5135 0 0 7648 7651 15473 15490 16901 17022 17932 17941 17952 24177 24178 24179 24180 24181 24182 67834
5136 3 3 35466 35499 44021 46711 54308 54771 54807 54815 54820 54821 54822 54823 54824 54825 54826 54827 54828 54829
5137 3 3 26547 26561 26577 26579 26592 26615 26618 26619 26620 26621 26622 26623 26624 26625 26626 26627
5138 3 3 19484 26625 26631 35452 35465 35469 35482 46698 46705 46709 54820 62437 62479 62492 62495 62497 62504 62509 62510 62511
5139 3 3 26535 26543 26611 35500 37242 44022 46713 54777 54819 54823 54844
5140 3 3 55075 55085 55092 59419 59430 63266 63306 63691 63692 63693 63694 63695 63696 63697 63698
5141 3 3 36188 36256 36277 39378 39395 47866 47887 47896 55080 55089 55097 59413 63298 63711 63720 63722 63723 63724 63725 63726
5142 3 3 50672 55180 55208 55228 61743 61760 61763 61771 61772 61773 61774 61775 61776 61777 61778
5143 3 3 55178 55187 55214 55224 59210 61823 61824 61825 61826 61827 61828 61829 61830 61831
5144 3 3 55177 55216 59470 61748 61754 61764 61771 61799 61823 63552 63561 63562 63563 63564 63565 63566 63567
5145 3 3 45116 45143 48090 50610 50624 50639 50648 50662 55179 55186 55192 55209 55220 55221 55222 55223 55224 55225 55226 55227 55228 55229
5146 0 0 37438 37439 37440 37441 37442 37443 37444 37445 37446 37447 37448
5147 0 0 12733 12801 12810 17627 17646 17657 27184 27185 27186 27187 27188 27189 27190 27191 27192 27193
5148 4 4 50230 50231 50232 50233 50234 50235 50236 50237 50238
5149 4 4 59135 59143 59150 59161 59169 59361 63329 63363 63378 63384 63386 63387 63388 63389
5150 4 4 43954 50218 50236 50242 54508 54522 54532 54563 55069 59095 59103 59130 59137 59147 63332 63349 63353 63365 63379 63384 63385
5151 4 4 59089 59099 59139 59148 59162 59321 59337 59345 59358 59359 59360 59361 59362 59363 59364 59365 59366
5152 3 3 25002 25020 25027 35143 35147 35162 35182 35203 35228 35229 35230 35231 35232
5153 3 3 17727 17734 17884 24995 25006 25010 25143 25146 25643 25653 25658 25670 35127 35128 35129 35130 35131
5154 0 0 10991 15381 17765 24992 25000 25001 25002 25003 25004 25005 25006 25007 25008 67835
5155 3 3 12213 25024 25030 25646 25665 25695 35132 35140 35172 35185 35202 35231 35237 35242 35243 35244 35245 35246 35247 35248
5156 3 3 24170 38926 38977 38981 39057 39066 39067 39068 39069 39070 39071 39072
5157 0 0 16808 23100 23104 23108 23109 23110 23111 23112 23113 23114 23115 23116 23117 23118 23119 23120 67836
5158 3 3 24176 39056 39066 49903 49990 50001 50006 58868 58880 58881 58882 58883 58884
5159 3 3 23101 23107 23108 23130 28134 38916 38917 38918 38919 38920 38921 38922 38923
5160 0 0 29255 39990 44787 44808 49353 49371 49390 49392 49393 49394 49395 49396
5161 0 0 40004 49389 58724 58732 63092 63102 63109 63110 63111 63112
5162 0 0 5803 5810 5811 5812 5813 5814 5815 5816 5817 67837
5163 0 0 5804 7985 7986 7987 7988 7989 7990 67838
5164 4 4 44122 54398 54897 54910 54921 54929 54930 54931 54932 54933 54934 54935
5165 4 4 44165 47384 47396 54404 54417 54683 54692 54693 54694 54695 54696 54697
5166 4 4 54691 54697 54707 54713 54946 54954 54962 57026 57064 61477 61520 61534 61535 61536 61537 61538 61539
5167 4 4 44120 44912 47956 47970 54400 54420 54423 54424 54425 54426 54427
5168 0 0 6677 6732 11430 11438 11439 11440 11441 11442 11443 11444 11445 11446 11447 67839
5169 4 4 10619 10636 11452 11458 11468 11475 11477 11478 11479 11480 11481
5170 0 0 595 678 690 691 692 693 694 695 696 697 698 699 67840
5171 0 0 3512 3519 3526 3534 3535 4338 4345 4351 4352 4353 4354
5172 3 3 18858 25616 25818 35606 35632 35646 35670 35755 35989 42573 42600 47168 47181 47198 47218 47219 47220 47221 47222 47223 47224
5173 3 3 11863 11873 11875 11897 11914 18671 25584 25589 25623 35638 35997 47171 47179 47187 47228 47230
5174 3 3 11862 11906 11912 18669 18684 25614 25825 35607 35631 35638 35639 35640 35641 35642 35643 35644 35645 35646
5175 3 3 25621 35990 35993 47164 47180 47185 47193 47194 47195 47196 47197 47198 47199
5176 0 0 6 49 63 64 65 66 67 68 69 67841 67842
5177 0 0 10 43 159 170 173 182 608 609 610 611 612 613 614 615 616 617 618 619 67843
5178 0 0 68 161 168 174 181 182 183 184 185 67844
5179 0 0 5 6 7 8 9 10 11 12 13 14 67845
5180 3 3 1392 2744 3466 6817 6899 6921 8076 8100 8103 8104 8105 8106 8107 8108 8109 8110 8111
5181 3 3 667 697 706 1407 1452 1453 1454 1455 1456 1457 1458 1459 1460 1461 1462 1463
5182 3 3 63407 63408 63409 63410 63411 63412 63413 63414 63415
5183 3 3 39319 50549 59145 59227 59287 59327 59358 59378 63328 63388 63394 63399 63400 63401 63402 63403 63404 63405 63406
5184 3 3 55144 55155 59275 61613 61629 61639 61678 61697 61713 61716 61718 63578 63597 63605 63608
5185 3 3 16776 24101 24110 29186 33735 39457 39472 39478 39502 50436 50592 61627 61659 61662 61688 61710 61714 61722 61725 61726
5186 3 3 16783 29185 29242 33559 39458 39473 49341 49358 49370 50403 50435 55136 61615 61626 61627 61628 61629 61630 61631 61632 61633 61634
5187 3 3 61678 61679 61680 61681 61682 61683 61684 61685 61686 61687 61688 61689 61690 61691 61692
5188 4 4 49815 49816 49817 49818 49819 49820 49821 49822 49823 49824
5189 4 4 21337 28403 28417 28423 29520 29719 29732 29743 29744 29745 29746 29747 29748 29749 29750 29751
5190 4 4 29723 29734 29738 29742 29744 29755 46623 49824 49837 49846 49853 49857 49866
5191 4 4 29751 29759 29801 40920 40921 40922 40923 40924 40925 40926 40927 40928 40929 40930
5192 3 3 44358 47685 47714 55028 56106 56130 57508 57529 57536 57545 57558 57564 57589 57600 57602 57604 57605 57606 57607 57608 57609 57610 57611
5193 3 3 55029 57630 57640 63686 63730 63734 63737 63742 63745 63746
5194 3 3 44361 44380 44409 47683 47717 47728 50091 50190 55023 55027 56100 56123 56124 56125 56126 56127 56128 56129 56130 56131 56132
5195 3 3 47674 47710 55035 57586 57609 57624 63664 63684 63685 63686 63687 63688 63689 63690
5196 0 0 3349 3412 3445 3452 5088 5089 5090 5091 5092 5093 5094 5095 5096 5097 67846
5197 0 0 1391 6797 6812 8057 8074 8083 11516 11529 11534 11539 11540 11541 11542 67847
5198 3 3 44767 55139 55149 61616 61633 61635 61636 61637 61638 61639 61640 61641 61642 61643 61644 61645
5199 3 3 50376 55138 55146 55736 59233 59234 59235 59236 59237 59238 59239 59240 59241 59242 59243 59244
5200 3 3 11066 11236 11243 11263 18129 18146 18415 46736 46745 46756 46757 46758 46759 46760 46761
5201 3 3 11034 11064 11247 18127 18145 18150 18151 18152 18153 18154 18155 18156 18157 18158
5202 4 4 23279 23286 31985 32004 32022 32030 42620 42626 42638 42642 42643 42644 42645 42646
5203 4 4 31975 31981 31987 31992 31998 32000 32008 42624 42629 42958 53210 53211 53212 53213 53214
5204 0 0 13504 19739 19747 24454 24471 24475 24476 24477
5205 0 0 7685 7686 7687 7688 7689 7690 7691 7692 7693
5206 3 3 48735 48750 48758 48772 48775 48776 48777 48778 48779 48780 48781 48782 48783 48784 48785 48786 48787 48788 48789 48790 48791 48792
5207 3 3 28427 29752 38840 40928 40934 48737 48747 48756 49826 49834 49851 49861 51579 51593 51597 51598 51599 51600
5208 3 3 48738 48766 48792 51581 51598 51601 51602 51603 51604 51605 51606 51607
5209 3 3 48734 48742 48743 48744 48745 48746 48747 48748 48749 48750 48751
5210 0 0 53333 53334 53335 53336 53337 53338 53339 53340 53341 53342 53343 53344 53345 53346 53347 53348
5211 0 0 32091 32107 32143 32144 32145 32146 32147 32148 32149
5212 3 3 29671 29677 40287 40435 40866 40873 41667 41705 41709 41719 42037 51177 51193 51198 52787 52800 59848 59862 59866 59870 59877 64222 66073 66101 66103 66107 66109 66110
5213 3 3 40422 40999 41673 41707 41712 51107 51127 51709 51733 51744 51750 51753 51754 51755 51756 51757 51758
5214 3 3 40272 40280 40288 40423 40995 41704 41711 51105 51132 51753 56398 62306 62320 66070 66084 66092 66100 66101 66102
5215 3 3 41660 41661 41662 41663 41664 41665 41666 41667 41668 41669 41670 41671 41672 41673 41674 41675
5216 0 0 9738 10056 10067 16391 23387 24334 24342 33097 33098 33099 33100 33101 67848
5217 3 3 24332 24340 24345 33102 34016 42253 42254 42255 42256 42257 42258 42259 42260 42261 42262 42263 42264 42265
5218 3 3 23386 24333 33100 33105 42263 42909 43788 43800 43806 43807 43808 43809 43810 43811 43812
5219 3 3 9615 9679 9744 10055 16390 16982 16996 22308 23389 23583 23601 24320 24336 24341 24342 24343 24344 24345
5220 0 0 26513 30221 32815 32823 32891 48217 48230 48237 48238 48239 48240 48241 48242 48243 48244 67849
5221 0 0 21709 21716 30223 30225 30226 30227 30228 30229 30230 30231 67850
5222 0 0 30222 30230 32824 48160 48165 48167 48218 48242 48248 48249 48250 48251 48252 48253 48254 48255 48256 67851
5223 0 0 14521 21710 21714 26512 30219 30227 48185 48189 48232 48239 48257 48258 48259 48260 48261 67852
5224 0 0 9996 14430 21148 24035 24037 24043 24044 24045 24046 24047 24048 67853
5225 0 0 14431 24075 24079 24088 39484 39486 39487 39488 39489 39490 39491
5226 0 0 38263 49040 49503 49512 49513 49514 49515 49516 49517 49518 49519 49520 49521 49522
5227 0 0 49580 49581 49582 49583 49584 49585 49586 49587
5228 0 0 16782 33724 33732 39460 39474 39478 39479 39480 39481 39482 39483 39484 39485
5229 0 0 24049 24071 29194 29209 29211 29212 29213 29214 29215 29216 29217 29218
5230 2 2 11837 12352 19042 19063 19346 19361 25986 26915 26924 26940 32613 35375 35397 36315 36327 36333 36334 36335 36336 36337 36338 36339
5231 2 2 19048 19067 19080 19578 25962 26803 26896 26918 26922 26930 26931 26932 26933 26934 26935 26936 26937
5232 0 0 1372 1647 2219 2227 5177 5203 5216 5224 5228 8997 9005 9021 15345 15350 15351 15352 15353 15354 15355 15356 15357 15358
5233 0 0 1378 2233 5166 5184 5186 5187 5188 5189 5190 5191 67854
5234 3 3 26654 26667 32777 32785 32801 43208 43217 43272 43283 43291 43302 46871 61251 61267 61287 61295 61300 61301
5235 3 3 26668 32779 41966 41973 41979 43221 43225 43226 43227 43228 43229 43230 43231 43232
5236 4 4 5112 5124 5428 8926 9322 15707 15716 15726 16032 16044 16053 16076 22251 22263 22292 22298 22299 22300 22301 22302
5237 4 4 9346 16036 16045 16052 16055 16056 16057 16058 16059 16060 16061 16062 16063 16064 16065 16066 16067
5238 4 4 9298 16040 16050 16067 16077 16078 16079 16080 16081 16082 16083 16084 16085 16086
5239 4 4 9345 9365 9370 15724 16037 16042 16065 16068 16069 16070 16071 16072
5240 0 0 64448 64458 64465 64467 64474 64480 64482 64485 66183 66190 66204 66215 66217 66223
5241 0 0 53885 53906 53932 60253 60288 64528 64533 64538 64547 66176 66185 66197 66201 66209 66210 66211
5242 0 0 57804 60225 60259 60292 61922 61980 66177 66187 66195 66212
5243 0 0 60369 64456 64517 64529 64534 64551 64578 66181 66196 66210 66213 66219 66220 66221
5244 4 4 17758 25697 25723 25733 35201 35246 35258 35290 35597 35618 35636 35654 35672 35679 35680 35681 35682 35683 35684 35685 35686
5245 4 4 25709 25728 25737 35576 35579 35580 35581 35582 35583 35584 35585 35586 35587
5246 4 4 25629 25637 25696 25712 25729 25732 35133 35173 35245 35583 35593 35594 35595 35596 35597 35598 35599 35600 35601 35602 35603 35604
5247 4 4 25735 25826 35581 35590 35605 35628 35629 35630 35631 35632 35633 35634 35635 35636 35637
5248 0 0 4692 8328 8333 8338 8351 14604 14605 14606 14607 14608 14609 67855
5249 0 0 21385 21394 21396 29984 30005 30016 30095 30110 30111 30112 30113 67856
5250 3 3 37848 38691 39089 48822 48912 48922 48929 48934 48935 48936 48937 48938 48939 48940
5251 3 3 4324 7911 13584 13589 13619 20357 28136 28137 28138 28139 28140 28141 28142 28143 28144 28145 28146
5252 3 3 4322 7912 7925 13590 13622 28136 37733 37845 37846 37847 37848 37849 37850 37851 37852
5253 3 3 28146 28153 37751 37759 37834 38736 39080 39085 39093 39098 39105 48821 48837 48848 48915 48938 49635 49756 58969 58981 58984 59002 59014 59017
5254 3 3 54215 54224 54234 54243 54249 56172 56194 61190 61192 61193 61194 61195 61196
5255 3 3 64780 64784 66270 66285 66289 66291 66305 66319 66330 66336 66339 66341 66342
5256 3 3 46271 54266 61186 61200 64783 66288 66302 66324 66335 66342 66343 66346
5257 3 3 46185 53518 54233 54238 56152 56174 56192 56199 56208 56336 61193 61197 64794 64815 66276 66290 66295 66301 66304 66306 66307 66308 66309 66310
5258 4 4 3560 3566 3954 3964 3966 3967 3968 3969 3970 3971 3972 3973 3974
5259 4 4 6961 7234 7246 7292 19183 19191 26175 26185 26195 26199 26202 26209
5260 3 3 59473 59485 59668 62040 63762 63776 63787 63794 63905 63921 63931 65688 65696 65702 65712 65713 65714 65715 65716
5261 3 3 55175 59240 59258 61758 61794 61824 63551 63552 63553 63554 63555 63556 63557 63558 63559 63560
5262 3 3 59256 61757 61798 62929 63551 63561 63778 63791 63869 63881 63906 63922 63926 63927 63928 63929 63930 63931
5263 3 3 63560 63567 65642 65660 65678 65692 65701 65705 65715 65722 65726 65727 65728 65729 65730 65731
5264 3 3 41708 51135 51757 52801 52805 60380 60392 60396 66072 66086 66102 66105 66106 66107 66108
5265 3 3 51141 51155 51161 54350 56434 59927 59937 60388 60393 60410 61303 62534 64840 65237 66079 66112 66123 66124 66128 66129 66130 66131
5266 0 0 33 77 762 779 783 792 795 803 909 919 921 922 923 924 925 926 67857
5267 0 0 864 881 903 907 1122 1129 1130 1131 1132 1133 1134 67858
5268 0 0 793 908 921 1128 1130 1135 1136 1137 1138 1139 1140 1141 67859
5269 0 0 873 883 897 905 910 916 920 926 1131 1139 1497 1500 1516 1656 3208 3220 3226 3227 3228 3229 3230
5270 0 0 413 495 2614 2624 2628 2629 2630 2631 2632 2633 2634 67860
5271 0 0 2611 2626 2999 3000 3001 3002 3003 3004 3005 3006 3007 67861
5272 4 4 2857 2858 2859 2860 2861 2862 2863 2864 2865 2866 2867 2868 2869 2870 2871 2872
5273 4 4 433 451 1254 1255 1256 1257 1258 1259 1260 1261 1262 1263 1264 1265 1266 1267 1268 1269 1270
5274 0 0 1276 1281 2652 2862 2879 2897 2906 2907 2908 2909 2910 2911
5275 0 0 448 457 483 492 2653 2658 2664 2667 2672 2872 2926 2928 2933 2935 2939
5276 0 0 5956 5961 5968 16928 24212 31230 42193 42211 42222 42233 42237 42238 42239 42240 42241 42242 67862
5277 0 0 5950 5959 5963 16924 24291 24292 24293 24294 24295 24296 24297 24298 24299 24300 24301 67863
5278 0 0 5919 5951 5955 5956 5957 5958 5959 5960 67864
5279 0 0 5962 9125 16922 16923 16924 16925 16926 16927 16928 16929 16930 16931 16932 67865
5280 3 3 17220 19918 27691 27707 27721 27722 27723 27724 27725 27726 27727 27728 27729 27730 27731 27732
5281 3 3 19914 27623 27630 27631 27632 27633 27634 27635 27636 27637 27638 27639 27640 27641 27642 27643 27644 27645 27646 27647 27648
5282 0 0 12206 19298 20753 21961 30642 30652 30666 36707 36716 36731 36736 36745 36754 36755 36756 36757 36758 36759 36760 36761 36762 36763 67866
5283 0 0 30643 30656 30691 30707 30711 36730 36747 41776 41778 41779 41780 41781 41782 41783 41784 41785 41786 67867
5284 3 3 21960 30641 30662 30665 36762 36767 36865 41775 41783 41787 41788 41789 41790 41791
5285 0 0 21958 30644 30651 36705 36719 36728 36741 36743 36745 36746 36747 36748 36749 67868
5286 4 4 33843 39017 49906 49916 58859 58872 58886 58890 58893 58899 58900 58901
5287 4 4 24174 39064 39068 39889 39910 58856 58873 58883 58889 58898 58902 58903 58904 58905 58906 58907
5288 4 4 58857 58863 58867 58876 58895 58900 58907 58909 58912 58913 58914
5289 0 0 23116 24159 24168 33841 39011 39024 39060 49898 49904 49991 50000 50007 58869 58881 58885 58886 58887 58888 67869
5290 4 4 56478 56545 62365 62385 65176 65211 65219 65229 65230 65231 65232 65233
5291 4 4 56548 62287 62297 62331 62361 62374 62375 62376 62377 62378 62379 62380 62381 62382
5292 3 3 12025 16150 16171 16523 18924 18940 18953 18971 19108 26086 26279 32543 35869 35874 35880 35881 35882 35883 35884
5293 3 3 18937 18945 18951 18961 18965 18972 18975 26235 26276 26288 26303 26323 26324 26325
5294 3 3 23798 36798 36823 44243 44329 47794 48018 48024 48025 48026 48027 48028 48029 48030 48031 48032
5295 3 3 47793 47806 47810 47816 47822 47826 48019 50364 50535 50574 50575 57740 57741 57742 57743 57744
5296 3 3 48023 48032 50523 50534 57743 57745 62755 62782 62783 62784 62785 62786 62787 62788 62789 62790 62791 62792
5297 3 3 23801 23811 36802 44244 44285 44311 44319 44330 44340 47792 47794 47795 47796 47797 47798 47799 47800 47801 47802 47803 47804 47805 47806
5298 0 0 4811 4823 4832 4844 8702 8731 8747 15049 15053 15054 15055 15056 15057 15058 15059 15060 15061 15062
5299 0 0 2004 4817 4828 4837 4845 4846 4847 4848 4849 4850 4851 4852 4853 4854 4855
5300 2 2 16954 24364 24391 24407 24421 24434 24757 33955 33960 33961 33962 33963 33964 33965 33966 33967 33968
5301 2 2 24296 24425 24429 24741 24742 24743 24744 24745 24746 24747 24748 24749 24750 24751 24752
5302 2 2 24301 24317 24365 24403 24435 24441 24741 24753 24754 24755 24756 24757 24758 24759 24760 24761 24762 24763
5303 2 2 24362 24414 24415 24416 24417 24418 24419 24420 24421 24422 24423 24424 24425 24426
5304 0 0 6404 6411 6421 6422 6423 6424 6425 6426 6427 6428 6429 6430 6431 6432 6433 6434 6435 67870
5305 3 3 6412 6439 8472 10876 10883 14766 14775 21458 21463 21471 21488 21495 21500 21504 21507 21508 21509 21510 21511 21512
5306 3 3 44331 47795 48017 48031 48341 53085 53087 62789 62793 62794 62795 62796 62797 62798
5307 3 3 47994 50335 57738 59185 59203 62820 62840 62846 62863 62867 62868 62869 62870 62871 62872 62873 62874 62875
5308 3 3 36797 36825 39745 47988 48025 50540 50544 50556 61733 62819 62857 62868 62877 62889 62901 62902
5309 3 3 62792 62798 62803 62809 62815 62817 62824 62830 62834 62838 62843 62844 62851 62862 62871 62876 62891
5310 4 4 25771 34907 35925 42780 53139 53148 53164 53428 53435 53452 53453 53454 53455 53456 53457 53458 53459 53460 53461 53462 53463
5311 4 4 62200 62201 62202 62203 62204 62205 62206 62207 62208 62209 62210 62211 62212 62213 62214 62215 62216 62217 62218
5312 4 4 25768 34930 35921 35930 53133 53147 62215 62259 62260 62269 62270 62271
5313 4 4 44080 53140 53453 54435 54438 54439 54440 54441 54442 54443 54444 54445 54446 54447 54448 54449 54450 54451 54452
5314 3 3 65028 65029 65030 65031 65032 65033 65034 65035
5315 3 3 66401 66402 66403 66404 66405 66406 66407 66408 66409 66410 66411 66412 66413 66414 66415 66416 66417 66418
5316 3 3 28532 29014 50157 50167 59055 59060 59061 59062 59063 59064 59065 59066 59067
5317 3 3 29010 39313 44225 50170 59112 59117 59123 59124 59125 59126 59127 59128
5318 2 2 34213 34230 34376 37100 43595 43597 43637 43648 43653 43654 43655 43656 43657 43658 43659 43660
5319 2 2 45166 45175 45185 45197 45308 45338 45339 45340 45341 45342 45343 45344 45345 45346
5320 3 3 14990 15008 20716 20726 22478 26442 26449 26453 26454 26455 26456 26457 26458 26459 26460 26461 26462 26463 26464
5321 3 3 14127 14976 14995 20707 20729 20759 20760 20761 20762 20763 20764 20765 20766 20767 20768 20769 20770 20771 20772
5322 3 3 14953 14978 14990 14991 14992 14993 14994 14995 14996 14997
5323 3 3 36919 36920 36921 36922 36923 36924 36925 36926 36927 36928 36929 36930 36931 36932 36933
5324 3 3 53706 53843 57761 57774 57789 57797 60289 61891 61910 61911 61912 61913 61914 61915 61916 61917 61918
5325 3 3 53748 53752 53761 53863 56789 56802 56816 57765 57778 57779 57780 57781 57782 57783 57784
5326 3 3 53759 57764 57782 57795 60864 60919 61899 61907 61916 61926 61939 61942
5327 3 3 43145 53704 53814 53842 53845 53852 56818 57763 57772 57773 57774 57775 57776 57777 57778
5328 0 0 2717 3119 8953 8954 8955 67871 67872
5329 0 0 2699 2703 2709 2710 2711 2712 2713 2714 2715 2716 67873
5330 0 0 2713 2719 3119 3120 3121 3122 67874 67875
5331 0 0 2716 2720 5598 8954 8967 31030 31045 31059 31070 31076 31077 31078 31079 31080 31081 31082 31083 67876
5332 0 0 50748 50768 50774 51765 51779 51782 51783 51784 51785 51786 51787 51788 51789 51790 51791 51792
5333 0 0 21702 41813 41824 50762 50780 50791 51771 51781 51795 51817 51819 51820 51821 51822 51823
5334 3 3 12644 12652 19002 25043 25062 25063 25064 25065 25066 25067 25068 25069 25070 25071 25072 25073 25074 25075 25076
5335 3 3 19011 25969 25974 26207 26798 26934 35748 35762 35770 35776 35782 36418 36455 36575 36642 36669 36676 36677 36678
5336 3 3 25046 25064 25979 26802 35689 35703 35744 35758 35769 35772 35773 35774 35775 35776 35777 35778
5337 3 3 12648 19006 19027 19579 25068 25961 25962 25963 25964 25965 25966 25967 25968 25969 25970 25971 25972 25973
5338 0 0 3403 6656 6683 11443 17494 17513 17528 17531 17532 17533 17534 17535 17536 67877
5339 0 0 10683 17498 17516 17537 17548 17549 17550 17551
5340 4 4 28971 28976 28982 28987 28994 28997 29003 39303 50139 50282 50292 50293 50294 50295 50296 50297 50298 50299
5341 4 4 23913 27759 27760 27761 27762 27763 27764 27765 27766 27767 27768 27769 27770
5342 4 4 48378 48386 48399 48464 50722 59602 59612 59613 59614 59615 59616 59617 59618 59619 59620 59621
5343 4 4 59481 59605 59629 59633 59640 59641 59642 59643 59644 59645 59646 59647
5344 0 0 854 855 856 857 858 859 860 861 862 863 864 865 866 867 868 869 870 871 872 873 67878
5345 4 4 1197 1520 1521 1522 1523 1524 1525 1526 1527 1528 1529 1530 1531 1532
5346 4 4 56809 57760 57791 61343 61347 61890 61914 61943 61976 63006 64871 64874 64881 64888 64893 64894 64895
5347 4 4 33223 44175 47756 48054 53743 53751 53754 53859 56786 56798 56799 56800 56801 56802 56803 56804 56805
5348 4 4 56785 56786 56787 56788 56789 56790 56791 56792 56793
5349 4 4 48046 48058 53753 56799 57762 57781 57792 60472 61350 61897 61917 61938 61941 61942 61943 61944
5350 3 3 18837 31566 31578 31599 31646 35886 35897 35952 35962 35969 35970 35971 35972 35973 35974 35975 35976 35977 35978 35979 35980
5351 3 3 35967 47593 47604 47632 47640 57322 57370 57385 57401 57405 57413 57414 57415 57416 57417 57418
5352 3 3 20567 20578 28675 28689 39294 44538 44552 44555 50026 50047 50071 50094 50112 50116 50123 50129 50130 50131
5353 3 3 33456 33464 34650 34673 44541 44545 47734 50065 50088 50101 50102 50103 50104 50105
5354 4 4 41961 41989 41999 42009 42021 42024 42025 42026 42027 42028 42029
5355 4 4 40888 41483 41554 41555 41556 41557 41558 41559 41560 41561 41562
5356 4 4 5898 5899 5900 5901 5902 5903 5904 5905 5906 5907
5357 4 4 9936 9937 9938 9939 9940 9941 9942 9943 9944
5358 0 0 28270 28281 28289 38585 38586 38587 38588 38589 38590 38591 38592 67879
5359 4 4 37839 39100 39104 49761 49802 49806 58770 58973 58978 58979 58980 58981 58982 58983
5360 4 4 28019 28025 34046 34047 34048 34049 34050 34051 34052 34053 34054 34055
5361 4 4 20279 28020 28026 28049 34056 34090 34097 34098 34099 34100 34101 34102 34103 34104
5362 3 3 57668 59171 59397 62714 62735 62748 62769 62783 62805 62825 62854 62859 63455 63468 63481 63496 63497 63498 63499 63500 63501 63502
5363 3 3 50338 55236 59176 59184 59189 59217 59303 62855 62864 62873 62883 62892 62893 62894 62895 62896 62897 62898 62899 62900
5364 3 3 59231 59299 59365 59369 59381 60905 62853 62861 62875 62882 62898 63452 63465 63474 63478 63479 63480 63481 63482
5365 3 3 50257 50269 50280 53610 57667 57993 58004 59173 59183 59193 59201 62770 62827 62835 62892 63461 63463 63507 63514 63517 63518 63519
5366 4 4 19339 26603 26707 26709 37245 37254 37270 37274 48584 48596 48600 48605 48606 48607 48608
5367 4 4 37284 37293 37296 37301 37310 37316 37321 37323 37327 37329 37332 48590 48601 48613 48614 48618
5368 4 4 19321 26528 26600 26613 35399 37204 37220 37246 37281 37309 44046 48585 48595 48608 48609 48610 48611 48612 48613
5369 0 0 26690 26697 26703 26708 26715 26716 26720 26722 37253 37292 37307 37315 37320 37331 48583 48597 48598 48599 48600 48601 48602 48603 48604 67880
5370 4 4 773 788 1362 3386 3391 3392 3393 3394 3395
5371 4 4 774 3201 3212 3387 6557 7097 31097 31098 31099 31100 31101 31102 31103 31104
5372 0 0 31265 43724 43729 45321 45329 45335 45347 45353 55406 55423 55446 55447
5373 0 0 24283 24505 33700 33908 33949 34696 37951 37954 45240 55396 55412 55414 55415 55416 55417 55418 55419
5374 0 0 33951 45222 45233 45264 45278 45331 45509 55403 55414 55426 55432 55440 55441 55442 55443 55444
5375 0 0 24514 34238 34412 34418 45306 45354 55401 55420 55428 55429 55437
5376 2 2 13079 13098 13099 13100 13101 13102 13103 13104 13105 13106 13107 13108 13109
5377 2 2 7681 10141 13067 13076 13086 13087 13088 13089 13090 13091 13092 13093 13094 13095 13096 13097
5378 0 0 7667 10106 10143 13066 13080 13087 13107 13120 27424 27457 27543 38632 38657 38662 38680 38682 38683 67881
5379 2 2 13078 13089 13106 19686 19691 19704 27373 27429 27503 27532 37799 37800 37801 37802 37803 37804 37805 37806 37807
5380 3 3 11928 11943 12145 12164 12172 19012 19013 19014 19015 19016 19017 19018 19019 19020 19021
5381 3 3 7282 12162 19034 26035 26096 26115 26137 26162 26171 26187 26191 26192 26193 26194 26195 26196 26197
5382 3 3 12163 19013 26034 26194 36344 36567 36579 36605 36609 36637 36647 36657 36665 36666 36667
5383 3 3 7301 12175 26005 26010 26032 26053 26059 26066 26067 26068 26069
5384 4 4 21620 21630 29429 30183 51099 56380 56395 56404 56412 56424
5385 4 4 18288 21581 21610 21618 30182 30188 30189 30190 30191
5386 3 3 21904 21914 21929 21940 26328 30552 30570 30589 30621 30623 30714 31383 31384 31385 31386 31387 31388 31389 31390
5387 3 3 21910 21933 30554 30655 30710 41778 41789 41792 41793 41794 41795 41796
5388 3 3 21903 21904 21905 21906 21907 21908 21909 21910
5389 3 3 30559 30576 30664 36708 36714 36722 36752 36871 36875 36876 36877 36878 36879
5390 2 2 6408 6430 6444 8401 8477 10846 10851 10861 10869 10870 10871 10872 10873 10874 10875
5391 0 0 6396 6442 8404 8410 8411 8412 8413 8414 8415 8416 8417 8418 8419 8420 8421 8422 67882
5392 4 4 27526 27538 27550 38202 38215 49196 49208 49212 49213 49214
5393 4 4 22344 27452 27529 27540 27591 31162 38187 38193 38194 38195 38196 38197 38198 38199 38200
5394 0 0 980 2008 8704 8716 8717 8744 8755 67883 67884
5395 0 0 952 1007 1093 1094 1095 1096 1097 1098 1099 1100 1101 67885
5396 0 0 1095 8654 8668 8695 8717 8718 8719 8720 8721 8722 8723 8724 67886
5397 0 0 975 980 981 982 983 984 985 986 987 988 67887 67888
5398 0 0 832 840 847 853 3541 4009 4050 4054 4056 4070 4076 4097 4101 4116 4117 4122 4123 4124 67889
5399 0 0 836 844 848 1165 1565 1566 1567 1568 1569 1570 1571 1572 1573 1574 1575 67890
5400 4 4 842 1570 3536 3537 3538 3539 3540 3541 3542 3543 3544 3545 3546
5401 0 0 831 833 834 835 836 837 838 839 840 67891
5402 3 3 55929 58568 58575 58580 59440 59454 60972 62959 62961 62966 62976 63754 65340 65357 65368 65377 65393 65394 65395 65396 65397 65398 65399
5403 3 3 58537 58551 58596 61927 61946 62955 62964 62984 62996 63000 63016 63039 63044 65333 65350 65355 65358 65359 65360
5404 0 0 13725 13733 13883 13933 13948 13953 13966 13967 13968 13969 13970 13971 13972 13973 67892
5405 4 4 13942 13956 13961 15227 15245 15259 22227 22228 22229 22230 22231 22232 22233 22234 22235 22236
5406 4 4 4577 13886 13908 13919 13926 13931 13945 13952 13972 13976 13987 15226 15238 15257 15258 15259 15260 15261 15262 15263
5407 4 4 13726 13735 13954 13958 13968 20499 39174 39191 39216 39231 39243 39244 39245
5408 3 3 24987 29403 29452 40208 40229 40248 40254 40255 40256 40257 40258 40259 40260 40261 40262 40263
5409 3 3 29418 29425 30091 40214 40247 40268 40275 40277 40278 40279 40280 40281 40282 40283 40284 40285
5410 4 4 36217 47678 47696 47703 47707 47716 47741 56129 57288 57297 57301 57556 57562 57573 57577 57588 57593 57599 57600
5411 4 4 57217 57284 57289 57343 57551 57572 57579 57580 57581 57582
5412 3 3 32432 32447 32460 34529 34596 34608 34609 34610 34611 34612 34613 34614
5413 3 3 43013 43014 43015 43016 43017 43018 43019 43020 43021 43022 43023 43024 43025 43026 43027 43028
5414 0 0 32437 32442 32449 32453 32461 32470 32478 32485 34587 34593 34609 43016 43030 43037 43045 43046 43047 43048 67893
5415 3 3 34525 34536 34600 34612 43023 43053 43063 43071 43081 43083 43084 43085 43086 43087
5416 0 0 1126 1133 1137 1654 3196 3197 3198 3199 3200 3201 3202 3203 3204 67894
5417 0 0 3382 7435 7453 7488 11069 11070 11071 11072 11073 11074 11075 11076 67895
5418 3 3 23940 24011 27468 27771 27784 27785 27786 27787 27788 27789 27790
5419 3 3 27767 50283 50298 50301 63047 63071 63074 63075 63076 63077 63078 63079 63080
5420 3 3 9983 23931 27464 27766 27774 27785 27791 28999 38317 38775 50285 50299 50304 50305 50306 50307 50308
5421 3 3 23906 23912 24008 27769 27780 27789 33543 33576 63046 63060 63067 63068 63069 63070 63071 63072 63073
5422 3 3 33185 33212 33271 33272 33273 33274 33275 33276 33277 33278 33279 33280 33281 33282 33283 33284
5423 3 3 32360 32368 32380 33202 33207 43887 46288 46301 46325 46354 54489 54496 54497 54498 54499
5424 0 0 7430 7450 7485 7513 11071 12625 12661 17771 26846 26861 35276 35287 47079 47095 47101 47125 47129 47131 47132
5425 0 0 7440 7447 7491 11074 12378 12379 12380 12381 12382 12383 12384 67896
5426 0 0 20846 20860 29037 29046 29071 29097 29131 29137 29138 29139 29140 29141 29142 29143 29144 29145 67897
5427 3 3 20845 29019 29020 29021 29022 29023 29024 29025 29026 29027
5428 0 0 124 178 186 559 635 1413 1430 1432 1433 1434 1435 67898
5429 0 0 539 563 601 1419 1436 1440 1441 1442 1443 67899
5430 3 3 27601 27745 37937 37963 37980 38043 38058 38063 38068 38074 38075 38076 38077 38078 38079 38080 38081 38082
5431 3 3 16943 19765 19784 27606 27610 33631 33672 33676 33683 33684 33685 33686 33687 33688 33689 33690
5432 3 3 19762 19766 19785 19870 27601 27602 27603 27604 27605 27606 27607 27608 27609
5433 3 3 33623 33659 33664 33675 33682 37934 37950 37958 37960 37961 37962 37963 37964 37965 37966
5434 4 4 13074 13085 13097 13109 19690 37803 37808 37815 37816 37817 37818 37819 37820
5435 4 4 27493 28032 28037 28038 28039 28040 28041 28042 28043 28044 28045 28046
5436 4 4 13098 27488 27502 27503 27504 27505 27506 27507 27508 27509 27510
5437 4 4 28040 37810 37819 37825 38637 38697 48977 49525 49546 49552 49557 49574 49576
5438 4 4 51854 51859 51862 51867 51880 52513 52536 59942 59951 59955 59959 59960 59961 59962
5439 4 4 29710 30760 40916 41836 59941 59948 59953 59956 59957 59958
5440 0 0 28132 38918 38930 38942 38949 38958 38961 38962 38963 38964 38965 38966 67900
5441 0 0 20854 29137 29174 38932 38933 38934 38935 38936 38937 38938 38939 67901
5442 0 0 25853 47148 47153 47154 47155 47156 47157 47158 47159 47160 47161
5443 0 0 47136 47137 47138 47139 47140 47141 47142 47143
5444 3 3 43374 43391 43400 43498 43514 43522 45004 52543 52554 53984 53996 54006 54013 54020 54021 54022 54023
5445 3 3 45021 45030 45038 45050 45060 45066 45071 45077 45094 45107 48127 48210 48223 53987 53994 53999 54029 54030 54031 54032 54033
5446 3 3 39785 40060 40063 43364 43375 43394 43559 45003 45004 45005 45006 45007 45008 45009 45010 45011 45012 45013 45014 45015 45016 45017 45018 45019 45020 45021
5447 3 3 53978 53979 53980 53981 53982 53983 53984 53985 53986 53987 53988 53989 53990 53991
5448 3 3 51367 51460 56034 56048 62162 62168 62171 62179 62193 62196 62197 62199
5449 3 3 51397 51404 51415 51422 51435 51439 51447 51504 51512 51522 55847 56047 58255 58271 58296 58338 62079 62125 62134 62145 62147 62151 62152 62153
5450 3 3 51365 51505 55815 55841 55882 58297 62085 62136 62152 62161 62166 62169 62171 62172
5451 3 3 37865 37882 51264 51393 51406 51459 56029 56042 56044 56045 56046 56047 56048 56049 56050 56051 56052
5452 4 4 26533 26537 26614 35501 37208 37230 37243 44012 44021 44022 44023 44024 44025 44026 44027 44028
5453 4 4 12364 19329 26529 26539 26556 26563 26574 26620 26939 26966 35356 35382 35388 35393 35394 35395 35396 35397 35398 35399 35400 35401 35402
5454 4 4 19326 26526 26538 26562 26616 26619 35393 46676 46697 46710 54776 54816 54829 54836 54843 54844 54845
5455 4 4 26531 26536 32630 35384 35402 37202 37203 37204 37205 37206 37207 37208 37209 37210 37211 37212
5456 3 3 44144 44151 44152 44153 44154 44155 44156 44157 44158 44159 44160 44161 44162 44163 44164 44165 44166
5457 3 3 44883 44895 44905 44927 44937 44938 44939 44940 44941 44942 44943
5458 0 0 7349 12257 12315 12318 12319 12320 12321 12322 12323 12324 12325 12326 12327 67902
5459 0 0 12239 12262 12264 12276 12284 12299 12300 12301 12302 12303 12304 12305 12306 12307
5460 0 0 12307 12323 12330 12342 18042 19261 19276 19435 19462 19509 19510 19511 19512 19513 19514 19515 19516
5461 0 0 7340 12237 12257 12258 12259 12260 12261 12262 67903
5462 4 4 3649 3667 6474 7001 7008 7014 7026 7027 7028 7029 7030 7031 7032
5463 0 0 3601 3658 3673 3692 3694 7000 7011 7020 7023 7024 7025 67904
5464 0 0 43666 43667 43668 43669 43670 43671 43672 43673 43674
5465 0 0 33869 33870 33871 33872 33873 33874 33875 33876 33877 33878 33879
5466 0 0 41110 41357 41358 41383 51895 52124 52131 61102 64243 64257 64259 64260 64261 64262 64263
5467 0 0 30198 30547 41106 41355 41364 41370 41380 41864 50799 50811 50817 51840 51875 51878 51888 51910 51911 51912 51913 51914 51915 51916 67905
5468 3 3 19569 19576 26723 26736 26744 26755 26762 26847 26862 26864 26865 26866 26867 26868
5469 3 3 19549 19555 19561 26727 26738 26743 26745 26746 26747 26748 26749 26750
5470 0 0 195 210 219 241 249 1597 1608 2604 3422 4016 4021 4023 4024 4025 4026 4027 4028 4029 4030 4031
5471 0 0 245 1596 1610 3418 4037 6721 6733 6734 6735 67906
5472 0 0 1601 1604 3839 4011 4018 4029 4032 4033 4034 4035 4036 4037 4038 67907
5473 0 0 207 238 243 244 245 246 247 248 249 250 251 252 253 67908
5474 4 4 29851 29870 29887 29931 30169 40987 41022 41027 41034 41035 41036 41037
5475 4 4 41569 41574 41582 41590 41600 41613 52437 52449 52464 52465 52466 52467 52468 52469 52470 52471 52472 52473 52474
5476 4 4 30168 30178 52451 52459 52478 52479 52480 52481
5477 4 4 30773 40969 41024 41029 41040 41563 41564 41565 41566 41567 41568 41569
5478 0 0 13916 13975 13995 14001 14002 14003 14004 14005 14006 14007 67909
5479 0 0 4237 7715 13879 13892 13893 13894 13895 13896 13897 13898 13899 13900 13901 13902 67910
5480 0 0 9244 15889 15924 17118 22773 22819 24682 24693 24708 32163 32198 32201 32211 32223 35823 42796 42805 42842 42845 42848 42849 42850
5481 0 0 2823 6024 6036 6121 10285 10685 15887 15897 15899 15900 15901 15902 15903 15904 15905 15906 15907
5482 0 0 2832 6021 6322 6359 6690 9246 10195 15899 15908 15913 15914 15915 15916 15917 15918 15919 15920 15921
5483 0 0 15888 15893 17091 17102 17116 17122 22768 22769 22770 22771 22772 22773 22774
5484 0 0 14333 14388 20871 20884 20889 20897 20902 20903 20904 20905 67911
5485 3 3 14340 21077 21114 30215 30245 30250 30258 33815 33834 41168 41219 41220 41221 41222 41223 41224 41225 41226 41227 41228
5486 0 0 14336 14393 14412 20865 20879 20888 20905 21078 21113 21114 21115 21116 21117 21118 21119 21120 21121 67912
5487 0 0 14328 14935 20887 20894 20902 21037 21059 21727 30203 30204 30205 30206 30207 30208 30209 30210 30211 30212 30213 30214 30215 30216 30217 67913
5488 0 0 8186 14187 14206 14363 14433 14443 20953 20967 20979 20980 20981 20982 67914
5489 0 0 14445 26380 33773 39668 39675 39676 39677 39678 39679 39680 39681 67915
5490 0 0 14366 14435 14440 14441 14442 14443 14444 14445 14446 14447 67916
5491 0 0 14191 14198 14211 20956 20981 20989 39678 39683 39686 39695 39696 39697 39698 67917
5492 4 4 28430 29730 38837 38911 40781 40929 49816 49827 49831 49832 49833 49834 49835 49836 49837 49838
5493 4 4 38904 40780 45722 48741 48744 48752 48753 48754 48755 48756 48757 48758 48759
5494 0 0 8199 8219 14499 14500 14501 14502 14503 14504 14505 14506 14507 67918
5495 3 3 8214 8225 14154 14177 14203 14497 14513 14519 14525 14526 14527 14528 14529
5496 0 0 21920 21927 21938 30558 30571 30579 30622 30623 30624 30625 30626 30627 30628 30629 67919
5497 0 0 15601 15612 15617 15620 19286 21911 30568 30582 30587 30591 30617 30618 67920
5498 3 3 24917 27161 29634 29665 35510 35527 35546 37467 37491 40538 40547 40554 40559 40560 40561 40562 40563 40564 40565 40566
5499 3 3 10712 10721 10810 17613 17661 17670 29622 29646 40539 40546 40556 40567 40568 40569
5500 3 3 17602 17616 17623 27167 27182 27245 29604 29615 29623 29630 37430 37466 37584 40540 40545 40564 40568 40570 40571
5501 3 3 17668 18304 24916 29599 29648 29653 29659 29662 35514 40537 40550 40553 40554 40555 40556 40557 40558
5502 3 3 7390 7400 7419 7421 12442 12465 12471 12477 12487 12488 12489 12490 12491 12492 12493
5503 3 3 3623 6985 7393 7396 7402 7410 7425 12500 12509 12510 12511 12512 12513 12514 12515
5504 3 3 32701 35365 43149 43199 44034 53796 53820 53864 53873 53876 53877 53878 53879 53880 53881 53882 53883 53884
5505 3 3 44010 44016 44020 44028 44037 44044 44047 54295 54302 54303 54304 54305 54306 54307 54308 54309 54310
5506 3 3 35358 35368 53822 53860 53881 54301 54310 54316 54320 54322 54323 54324 54325
5507 3 3 26373 32653 32667 37258 43156 43212 43256 43296 43308 43314 44004 44019 44029 44030 44031 44032 44033 44034 44035 44036 44037
5508 0 0 15734 15747 16606 17255 23967 24805 27555 27556 27557 27558 27559 27560 27561 27562 27563 27564 27565 27566
5509 0 0 27567 38469 38493 46237 49083 49097 49101 49102 49103 49104 49105 49106
5510 0 0 3168 4657 6363 10724 13670 14541 14542 14543 14544 14545 14546 14547 14548 14549 14550 14551 14552 14553 14554 67921
5511 4 4 14556 14568 17702 21347 28358 28433 28441 29717 29724 29735 29736 29737 29738
5512 0 0 14544 14561 14564 17707 27263 28401 28432 28433 28434 28435 28436 28437 67922
5513 4 4 4661 14547 14557 14566 17689 17695 17709 18252 18265 21343 28358 28359 28360 28361 28362 28363 28364 28365 28366 28367 28368
5514 4 4 42649 46215 53322 53521 55548 60541 60558 60582 61172 61177 61182 64593 64622 64628 64636 64637 64638 64639 64640
5515 4 4 45157 45176 45177 45178 45179 45180 45181 45182 45183 45184 45185
5516 4 4 33977 43742 43743 43744 43745 43746 43747 43748
5517 4 4 24417 24433 33965 33985 43782 43795 43814 45406 53551 54141 54164 54170 54175 54180 54181 54182 54183 54184 54185
5518 0 0 16955 17277 33957 33966 33974 43767 45485 54144 54156 54173 54177 54186 54189 54190 67923
5519 4 4 42912 43756 43778 45394 45412 45420 45427 53490 53494 54136 54149 54157 54158 54159 54160 54161 54162 54163 54164
5520 4 4 22641 33120 33135 33156 33163 42735 42902 53335 53353 53364 53365 53366 53367 53368 53369 53370 53371
5521 4 4 31933 31944 31955 31966 33154 42982 60710 60729 60750 60751 60761 60763 60764
5522 4 4 31934 33168 42678 42712 42734 42977 42986 53352 53365 53392 60713 60730 60752 60764 60766
5523 4 4 23625 31923 31939 31950 33118 33127 33133 33150 33153 33154 33155 33156 33157 33158
5524 4 4 33914 33926 33934 33941 33950 45198 45218 45219 45220 45221 45222 45223 45224 45225
5525 4 4 13142 16933 16948 22341 24281 33937 45209 45242 45263 45279 45286 45287 45288
5526 3 3 41554 41991 43279 53701 53731 53732 53733 53734 53735 53736 53737 53738 53739 53740 53741 53742
5527 3 3 41982 43219 43271 53825 54380 61249 61266 61277 61292 61293 61294 61295 61296
5528 3 3 43275 53736 53809 53826 53849 53913 54379 56825 61269 61292 61345 64818 64827 64868 64882 64903 64913 64926 64933 64934 64935 64936 64937 64938
5529 3 3 41558 41965 41975 41979 41980 41981 41982 41983 41984 41985 41986 41987 41988 41989 41990 41991 41992 41993
5530 0 0 14678 29307 29352 29357 29360 29760 29775 29788 29793 29794 29795 29796 29797 67924
5531 0 0 29313 29318 29346 29548 29768 29796 40143 40144 40145 40146 40147 40148 40149 40150 67925
5532 3 3 20858 20936 24018 24019 24020 24021 24022 24023 24024 24025 24026 24027 24028 24029 24030
5533 3 3 20939 29182 29239 39464 39515 44773 44797 44801 50393 50415 50420 50423 50428 50431 50432 50433
5534 0 0 55162 60145 60154 60159 63096 63104 63119 63124 63126 63127 63128 63129 63130 63131 63132 63133 63134 63135
5535 0 0 29225 33582 38332 39661 39983 40003 44814 49265 49270 49360 49372 49383 49385 49386 49387 49388 49389 49390 49391
5536 0 0 40006 49016 58726 58731 58751 63091 63101 63107 63108 63109
5537 0 0 29250 29251 29252 29253 29254 29255 29256 29257 29258 29259
5538 4 4 48763 48789 51238 51271 51279 51280 51281 51282 51283 51284 51285
5539 4 4 51273 51346 51513 51523 51528 51652 51659 51671 58244 58254 58261 58269 58276 58277 58278 58279
5540 0 0 6966 6973 6976 7191 7209 7237 11544 11551 11560 12082 18656 18658 18659 18660 18661 18662 18663
5541 0 0 11380 11547 11552 11562 12086 25573 26226 35613 35644 35717 35730 35736 35767 35781 47020 47169 47184 47216 47224 47225 47226 47227
5542 4 4 59034 59042 59988 60006 60038 63224 63230 64088 64105 65466 65475 65484 65487 65488 65489 65490 65491
5543 4 4 49872 49884 59035 59041 59048 62402 63217 63220 65464 65474 65481 65482 65483
5544 4 4 47498 57213 57292 57344 57359 57367 57505 57516 57555 57580 57583 57592 57595 57596 57597 57598
5545 4 4 57303 57304 57305 57306 57307 57308 57309 57310 57311 57312 57313 57314 57315 57316 57317 57318 57319 57320 57321 57322
5546 4 4 57222 57227 57231 57237 57242 57250 57259 57311 57333 57346 57365 57367 57368 57369 57370 57371 57372 57373 57374 57375 57376 57377 57378 57379 57380
5547 4 4 57216 57265 57283 57289 57290 57291 57292 57293 57294 57295 57296
5548 3 3 50383 55739 58076 59248 62059 62913 62919 62920 62921 62922 62923 62924 62925 62926 62927 62928 62929 62930 62931
5549 3 3 63830 63835 63844 63853 63860 63879 63896 63897 63898
5550 3 3 50720 55766 58054 59583 59593 62055 62061 62910 62930 63823 63836 63837 63838 63839 63840 63841 63842 63843 63844
5551 3 3 62918 62931 62937 62945 63834 63861 63889 63898 63899 63900 63901 63902 63903 63904
5552 0 0 40878 44062 44063 44064 44065 44066 44067 44068 44069 44070 44071
5553 0 0 41562 42000 54329 54336 54337 54338 54339 54340 54341
5554 4 4 1022 1691 1714 1738 2011 2019 2035 2045 2058 2060 2061 2062 2063 2064 2065
5555 4 4 15052 15062 15067 15072 15077 15084 15089 15095 15192 22125 22147 22170 22172 22173 22174 22175 22176 22177 22178
5556 4 4 4815 4825 4843 8693 8708 8711 8732 15047 15048 15049 15050 15051 15052
5557 4 4 2027 2040 2185 4921 5054 13359 15065 15073 15078 15090 15176 15180 15188 15189 15190 15191 15192 15193
5558 0 0 304 714 915 1200 1475 1485 1487 1488 1489 67926
5559 0 0 355 886 1201 1206 1215 1474 1477 1478 1479 1480 1481 67927
5560 0 0 1677 1684 1685 1686 67928 67929
5561 0 0 1678 4317 7916 7918 7919 7920 7921 7922 7923 7924 7925 7926 67930
5562 0 0 3870 3879 3896 7265 7273 11923 11958 11966 26000 26007 26016 26028 26049 26057 26058 26059 67931
5563 0 0 3865 4134 4170 7166 7268 7274 11918 11941 26004 26013 26017 26027 26051
5564 0 0 4462 4885 5827 8180 13900 13921 13990 14019 14029 14047 14053 14059 14060 14061 67932
5565 4 4 4882 5824 5831 8132 8171 8177 14037 14064 14070 14075 20569 28483 28499 28500 28501 28502 28503
5566 0 0 48038 48049 54270 54716 54852 60425 60450 60471 60476 60485 60495 60502 60503 60504 60505 60506 60507 60508
5567 0 0 54123 54279 54284 60494 60498 60533 60534 60535 60536 60537 60538
5568 0 0 16 2212 2213 2214 2215 67933 67934
5569 0 0 15 284 1084 2213 4700 4705 4706 4707 4708 4709 4710 4711 4712 4713 67935 67936
5570 3 3 43505 43517 43526 52558 54044 54056 56686 61036 61060 61063 61064 61065 61066 61067 61068 61069 61070 61071 61072 61073
5571 3 3 43363 63972 63997 63998 63999 64000 64001 64002
5572 3 3 34306 37866 37875 37880 37881 37882 37883 37884 37885 37886 37887 37888 37889
5573 3 3 27273 37622 37642 37864 37876 48985 48986 48987 48988 48989 48990 48991 48992 48993 48994 48995 48996
5574 3 3 37869 37879 37889 48995 49038 49061 49077 49610 58314 58324 58336 58349 58365 58368 58369 58370 58371 58372 58373 58374
5575 3 3 27269 34307 34329 37624 37862 37881 45856 48985 51260 56028 56029 56030 56031 56032 56033 56034 56035
5576 4 4 53486 53501 54237 60705 60738 60746 60747 60748 60749 60750
5577 4 4 31928 31940 33157 42733 42899 42905 42932 42939 60701 60717 60724 60727 60728 60729 60730 60731 60732 60733 60734
5578 0 0 24130 24131 24132 24133 24134 24135 24136 24137 24138 24139 24140 24141 24142 24143 24144 24145
5579 0 0 41487 41495 41506 41528 41533 41535 41536 41537 41538 41539 41540 41541 41542 41543 41544
5580 3 3 23641 23642 23643 23644 23645 23646 23647 23648 23649 23650 23651 23652 23653
5581 3 3 23640 23691 31830 31841 31845 31854 31905 31916 31967 31976 31977 31978 31979 31980 31981
5582 0 0 4945 4955 5551 5565 9286 9495 9507 9513 9518 9563 9578 9584 9593 11346 16305 16306 16321 17461 32267 32282 32285 32289 32296
5583 0 0 16294 16295 16296 16297 16298 16299 16300 16301
5584 3 3 27401 37734 37847 37854 38667 38676 38684 38685 38686 38687 38688 38689 38690 38691 38692 38693 38694
5585 3 3 27405 39110 39120 48913 48919 48920 48921 48922 48923 48924 48925 48926
5586 0 0 6762 7259 11855 11882 11885 11886 11887 11888 67937
5587 4 4 6756 11853 11868 11874 11875 11876 11877 11878 11879
5588 4 4 31018 31033 31044 31050 31061 31082 31089 31095 42169 42179 52909 52919 52925 52926 52927 52928
5589 4 4 42162 42168 42174 42177 42182 52915 52923 52933 52939 52940
5590 0 0 10496 16300 16314 16317 16324 25542 32283 32452 32466 32471 32475 32476 32477 32478 67938
5591 0 0 10508 17210 17211 17212 17213 17214 17215 17216 17217 67939
5592 0 0 10495 10496 10497 10498 10499 10500 67940
5593 0 0 32465 32487 43013 43029 43030 43031 43032 43033 43034 43035 43036
5594 3 3 33607 33613 33666 33681 34688 37961 38124 38136 44668 44682 44705 44706 44707 44708 44709 44710
5595 3 3 33617 33618 33619 33620 33621 33622 33623 33624 33625 33626 33627 33628 33629 33630 33631 33632 33633
5596 3 3 19771 27608 27610 27611 27612 27613 27614 27615 27616 27617
5597 3 3 33610 33619 33643 33644 33645 33646 33647 33648 33649 33650 33651 33652 33653 33654 33655 33656 33657 33658 33659
5598 0 0 3555 4072 4109 6955 6956 6957 6958 6959 6960 6961 6962 6963 6964 6965 6966 6967
5599 0 0 7307 7315 12071 12078 12100 19169 26097 26110 26111 26112 26113 26114 26115 26116 26117 26118 26119 26120
5600 0 0 19174 19179 19186 19189 19192 26093 26114 26123 26169 26184 26185 26186 26187 26188 26189 26190
5601 0 0 3543 3885 4071 4110 4119 4123 6956 6969 7305 7308 12068 12073 12074 12075 12076 12077 12078 12079
5602 4 4 10729 14542 14565 17687 17693 17702 17703 17704 17705 17706 17707 17708 17709 17710 17711 17712
5603 4 4 17685 17701 17721 18252 18253 18254 18255 18256 18257 18258
5604 0 0 3669 3676 3687 3693 3695 6998 7007 7008 7009 7010 7011 7012 7013
5605 0 0 359 1540 2566 3581 3589 3590 3591 3592 3593 3594 3595 3596 3597 3598 67941
5606 0 0 3579 3593 3604 3619 3627 3644 3653 3657 3658 3659 3660 3661 3662 3663 3664 3665 3666 3667 3668 3669
5607 0 0 363 1205 1541 3582 3589 3672 3680 3688 3694 3695 67942
5608 2 2 10710 10722 13015 13035 17601 17603 17604 17605 17606 17607 17608 17609 17610 17611 17612 17613 17614 17615 17616
5609 2 2 10701 10713 10715 10733 13019 13022 13023 13024 13025 13026 13027 13028 13029 13030 13031 13032 13033
5610 0 0 25355 46753 56701 56716 56732 56850 62459 62648 62658 62660 62661 62662 62663 62664
5611 0 0 62419 62420 62421 62422 62423 62424 62425 62426 62427 62428 62429 62430 62431 62432 62433 62434 62435 62436 62437
5612 0 0 46788 46966 56698 56734 62457 62465 62507 62650 62661 64977 64992 65004 65015 65016 65017 65018 65019 65020 65021 65022
5613 0 0 25321 25360 25389 32798 35443 56706 56707 56708 56709 56710 56711 56712 56713 56714
5614 0 0 6929 8764 8855 8868 8884 8913 8922 8923 8924 67943
5615 0 0 8773 8869 8888 8912 8919 15097 25867 25881 25924 25960 30877 30891 30902 30912 30914
5616 3 3 43418 43441 43451 43475 52559 53986 54012 54017 54025 54027 54028
5617 3 3 43410 43416 43455 43504 43580 52545 52553 53982 54007 54010 54013 54014 54015
5618 3 3 12183 12198 16278 19202 19226 23008 23009 23010 23011 23012 23013 23014 23015 23016 23017 23018 23019 23020
5619 3 3 19198 19216 26340 26352 26971 26988 26991 26992 26993 26994 26995 26996
5620 0 0 5806 5810 7986 7991 7992 7993 7994 7995 7996 67944
5621 0 0 8306 13711 14270 23812 23813 23814 23815 23816 23817 23818
5622 0 0 7990 7996 8001 14271 23770 23775 23817 23819 23820 23821 23822 23823 23824 23825 67945
5623 0 0 7998 8243 8285 8302 8303 8304 8305 8306 8307 8308 8309 8310 67946
5624 0 0 31582 31592 31600 31605 31613 31616 35949 35950 35951 35952 35953 35954 35955 35956 35957 35958 35959 35960
5625 0 0 36006 36011 36023 36028 36032 42048 42066 42068 42069 42070
5626 4 4 32391 32401 32412 32421 32426 33180 33209 43879 43880 43881 43882 43883 43884 43885 43886
5627 4 4 32358 32422 33184 33208 33272 45916 46293 46303 46316 46353 46354 46355 46356
5628 4 4 24817 32354 32367 32371 32372 32373 32374 32375 32376 32377 32378 32379 32380 32381
5629 4 4 17234 27619 27711 27728 28567 32392 32424 33178 33179 33180 33181 33182 33183 33184 33185 33186 33187 33188 33189 33190 33191 33192 33193 33194 33195 33196 33197 33198
5630 3 3 4500 5493 12057 16246 16264 16265 16266 16267 16268 16269 16270
5631 3 3 1242 5729 5774 9390 16197 16249 16260 20651 22963 22974 22975 22976 22977 22978 22979 22980 22981 22982 22983 22984 22985 22986
5632 3 3 16252 16263 16270 20649 22964 22983 22987 22988 22989 22990 22991 22992
5633 3 3 4492 4628 4633 4640 5484 5780 5790 8141 11656 12055 15692 16196 16248 16267 20659 22504 22513 22976 31402 31416 31418 31432 31437 31444
5634 4 4 11024 15826 15876 17745 22766 25649 25661 25683 25703 25719 35209 35259 35681 35790 35799 35807 35813 35814 35815
5635 4 4 9177 15499 15519 15526 15797 15808 15809 15810 15811 15812 15813 15814 15815 15816 15817 15818 15819 15820
5636 4 4 15807 15820 15829 15836 15850 15855 15862 15872 15878 17737 22760 22761 22762 22763 22764 22765 22766 22767
5637 4 4 11027 12217 15521 15814 15824 15832 15875 25028 25664 25699 25721 35178 35199 35200 35201 35202 35203 35204 35205 35206
5638 4 4 14453 14473 14886 14897 14900 20329 20338 21776 21792 21795 21800 30324 30331 41273 41283 41284 41285 41286 41287 41288 41289 41290 41291
5639 4 4 41279 50855 50867 50879 50889 50901 51918 51944 51946 51947 51948 51949 51950 51951 51952
5640 0 0 20319 20331 20337 21803 41272 41273 41274 41275 41276 41277 41278 41279 41280 41281 41282 67947
5641 4 4 41300 41306 41315 51921 51953 51962 51967 51968 51969 51970 51971 51972 51973
5642 2 2 60767 60768 60769 60770 60771 60772 60773 60774 60775 60776 60777 60778 60779 60780 60781 60782 60783 60784 60785
5643 2 2 10232 10249 10259 18835 24548 31564 31648 32176 32179 32187 32207 35898 35970 42865 47597 47626 47636 47637 47638 47639 47640 47641 47642 47643
5644 2 2 32168 32177 32183 32191 32200 32203 32210 32213 32220 32225 42806 42831 42850 47638 47648 60770 60798 60804 60805 60806 60807
5645 2 2 35900 35975 42866 47590 47631 47636 57412 57417 57470 60777 60810 60819 60822 60829 60830 60831
5646 3 3 10676 17306 17323 17585 17590 19848 22547 22571 22574 22604 24719 31815 31818 32086 32102 32131 32135 32137 32138 32139 32140
5647 3 3 10478 10490 15758 15759 15760 15761 15762 15763 15764 15765 15766
5648 3 3 10472 10481 10527 10557 10671 11339 11362 15761 17317 17322 17323 17324 17325 17326 17327 17328 17329 17330 17331 17332 17333 17334
5649 3 3 15766 17580 22545 22602 24844 24857 24907 31806 31819 34856 34892 34923 34956 46445 46460 46467 46472 46473 46474 46475
5650 0 0 962 967 5853 5868 5869 5870 5871 5872 5873 5874 67948
5651 0 0 958 2790 2791 2792 2793 67949 67950
5652 0 0 958 959 960 961 962 963 67951 67952
5653 0 0 2793 5840 5849 5858 7806 7817 7840 7856 7858 7859 7860 7861 7862 7863 67953
5654 0 0 12778 12779 12780 12781 12782 12783 12784 12785 12786 12787 12788 12789
5655 0 0 7617 12720 12741 12751 12753 12754 12755 12756 12757 12758 12759
5656 0 0 30683 30696 43182 43195 52611 52642 64486 64497 64498 64499 64500 64501 64502 67954
5657 0 0 60305 64489 64496 64507 64508 64509 64510 67955
5658 0 0 8637 9481 19248 19267 22084 30825 30835 30840 30841 30842 30843 30844 30845 30846 30847 30848 30849 30850 30851 67956
5659 0 0 32713 32714 32715 32716 32717 32718 32719 32720 32721 67957
5660 0 0 12310 19252 19266 25233 30842 32659 32714 32723 32730 32731 32732 32733 32734 32735 32736 32737 67958
5661 0 0 8630 9480 22078 22092 30794 30849 32718 32726 32739 32742 32747 32748 32749 32750 67959
5662 4 4 15118 18722 31681 36089 36093 42095 42098 52836 52857 52865 52875 52881 52882 52883 52884 52885
5663 4 4 15115 18707 18716 18726 18727 18728 18729 18730 18731 18732 18733 18734 18735 18736 18737
5664 0 0 37260 44005 44033 53793 53795 53883 54297 54307 54313 54314 54315
5665 0 0 35355 35387 37231 44026 54298 54302 54311 54316 54317 54318
5666 4 4 40806 40820 40832 41885 41918 41950 43382 43405 43508 43575 50733 50734 50735 50736 50737 50738 50739 50740 50741 50742 50743 50744 50745
5667 4 4 40804 40831 43403 43502 43513 50989 52496 54079 54083 54084 54085 54086 54087 54088
5668 0 0 10017 14420 16801 16803 16804 16805 16806 16807 16808 16809 67960
5669 0 0 14421 14460 14465 14466 14467 14468 14469 67961 67962
5670 3 3 12414 12431 12552 12558 15431 18173 18233 19553 19556 19568 26725 26734 26739 26740 26741 26742 26743 26744
5671 3 3 12410 12416 12417 12418 12419 12420 12421 12422 12423 12424 12425 12426 12427 12428 12429
5672 3 3 12421 12433 12553 12560 18159 18174 18182 18189 18217 18224 18230 18231 18232 18233 18234 18235 18236 18237 18238
5673 3 3 7369 12404 12405 12406 12407 12408 12409 12410 12411 12412 12413 12414 12415
5674 4 4 58932 58941 58946 58951 58956 58958 58962 58968 59010 59022 59024 63167 63179 63183 63192 63193 63194 63195 63196 63197
5675 4 4 28226 28265 38593 38605 38991 39007 49479 49935 58939 58964 63149 63154 63173 63174 63175 63176 63177
5676 4 4 38600 39162 49480 58781 63143 63157 63161 63165 63176 63189 63202 63207 63208 63211 63212
5677 4 4 38992 39006 49484 49890 49921 49926 49936 49944 49957 55676 55684 58925 58931 58933 58934 58935 58936 58937 58938 58939 58940 58941
5678 3 3 7687 13170 13509 19723 19724 19725 19726 19727 19728 19729 19730 19731 19732 19733 19734 19735
5679 3 3 27751 27755 27758 38016 38040 38041 38042 38043 38044 38045 38046 38047
5680 4 4 45874 49060 49073 49616 49622 58387 58414 58445 58446
5681 4 4 38057 45872 49280 49295 49307 58384 58419 58420 58435 58436 58437
5682 0 0 34191 34207 34348 48469 48486 58093 58099 58111 58125 58128 58132 58133 58134 58135
5683 0 0 58094 58105 58156 58159 61004 61012 61013 61014 61015 61016 61017
5684 0 0 12548 12549 12550 12551 12552 12553 12554 12555 12556 67963
5685 0 0 11195 12424 12563 12566 12576 18159 18160 18161 18162 18163 18164 18165 18166 18167
5686 3 3 27157 31168 34165 51287 51300 51313 51336 51373 51378 51382 51383 51384 51385 51386
5687 3 3 27126 27150 31174 31216 31217 31218 31219 31220 31221 31222 31223 31224 31225 31226 31227 31228
5688 3 3 27122 27136 27146 27147 27148 27149 27150 27151 27152 27153 27154 27155 27156 27157 27158 27159
5689 3 3 51291 51296 51308 51316 51326 55800 55818 55839 55845 55855 55856
5690 0 0 7362 12291 26693 26705 26713 26716 67964
5691 0 0 7350 7357 12295 12308 12320 19260 19281 19333 19334 19335 19336 19337 19338 19339 67965
5692 3 3 20557 20576 28482 28502 28506 28677 28686 28687 28688 28689 28690 28691 28692 28693 28694 28695 28696
5693 3 3 20038 27627 27631 27735 27922 33385 33394 33415 33438 33446 39259 39287 44404 50068 50081 50089 50119 50121 50122
5694 3 3 20012 20039 20051 20562 23888 23895 28481 28505 28686 33403 33414 33427 33433 33434 33435 33436 33437 33438
5695 3 3 28693 39274 39295 50029 50054 50067 50075 50111 50114 50115 50116 50117 50118 50119 50120
5696 4 4 28581 28588 38173 39413 43963 49107 49121 49148 49187 50206 50221 50222 50223 50224 50225 50226 50227 50228 50229
5697 4 4 38185 49151 49161 49176 49188 58612 58639 58641 58646 58649 58650 58651 58652 58653
5698 4 4 27683 27719 28573 43904 43910 49123 49144 49183 49190 50225 56320 58617 58626 58630 58652 58655 58658 58664 58665 58666 58667 58668
5699 4 4 38172 38178 38368 38386 38400 39414 43326 43972 49149 50198 50199 50200 50201 50202 50203 50204 50205 50206 50207 50208 50209 50210 50211
5700 3 3 24482 34211 34347 34363 35051 35059 35060 35061 35062 35063 35064 35065
5701 3 3 23556 24479 34181 34182 34183 34184 34185 34186 34187 34188 34189 34190 34191 34192 34193 34194
5702 0 0 81 346 357 358 359 360 361 362 363 364 67966
5703 0 0 82 347 361 928 1185 1533 2546 2563 2564 2565 2566 2567 2568 67967 67968
5704 3 3 32770 32778 32792 43211 43222 43278 43281 43282 43283 43284 43285 43286 43287
5705 3 3 26370 32764 43306 44006 44013 44017 44018 44019 44020
5706 3 3 19454 25213 26367 32759 32760 32761 32762 32763 32764 32765 32766 32767 32768 32769 32770
5707 3 3 43285 43295 43309 43319 44018 44029 44038 44039 44040 44041 44042 44043 44044
5708 4 4 47675 47676 47677 47678 47679 47680 47681 47682 47683 47684 47685 47686 47687 47688 47689
5709 4 4 36156 36157 36158 36159 36160 36161 36162 36163 36164 36165 36166 36167 36168 36169 36170
5710 3 3 42676 42697 42705 43854 54201 54221 54225 54244 54245 54246 54247 54248 54249
5711 3 3 16121 17310 17383 17388 22828 32118 42665 42693 42701 42719 42754 43843 43849 43857 43864 43865 43866 43867 43868 43869 43870 43871 43872 43873
5712 4 4 32016 42971 42995 42996 42997 42998 42999 43000 43001 43002
5713 4 4 32012 42956 52956 53216 53224 53232 53233 53234 53235 53236 53237 53238 53239
5714 3 3 465 489 1304 1308 2616 2623 3001 3014 3015 3016 3017 3018 3019 3020 3021
5715 3 3 3027 3044 6162 6163 6164 6165 6166
5716 0 0 3586 3596 3625 3642 3643 3644 3645 3646 3647
5717 0 0 3575 3583 3599 3600 3601 3602 3603 3604 3605 3606 3607 3608 3609 3610 3611 3612 67969
5718 3 3 31354 36506 42340 42366 42379 47781 57148 57166 57180 57181 57182 57183 57184 57185 57186
5719 3 3 36907 36909 47473 47783 57169 57661 57712 57720 59398 62717 62726 62731 62746 62747 62748 62749 62750 62751 62752
5720 3 3 31356 31369 36916 42368 47472 47785 47954 57145 57159 57166 57167 57168 57169
5721 3 3 42336 42362 47780 57186 57672 57680 57690 62721 62725 62726 62727 62728 62729 62730
5722 4 4 19673 19679 27301 27319 27335 27336 27337 27338 27339 27340
5723 4 4 7665 27299 27318 27320 27321 27322 27323 27324 27325 27326 27327 27328 27329 27330
5724 3 3 7383 12460 12485 12518 19327 26598 26601 37311 48589 48604 48605 48609 48617 48619 48620
5725 3 3 11118 19280 19337 19392 19405 19409 26599 26712 37222 37248 37269 37272 37273 37274 37275
5726 3 3 7370 11122 12411 19324 19386 19406 19503 26551 26564 26583 26597 26599 26600 26601 26602 26603 26604 26605 26606 26607
5727 3 3 7382 11121 12484 26710 26718 37272 37314 48591 48602 48606 48619 48621
5728 3 3 34172 34369 34383 37009 37093 45658 46507 46512 48645 55805 55853 55862 55867 55870 55871
5729 3 3 31226 31251 31261 32942 34159 34176 34215 34216 34217 34218 34219 34220 34221 34222 34223 34224 34225 34226 34227 34228 34229 34230 34231 34232
5730 0 0 9061 9106 9107 9108 9109 9110 9111 9112 9113 9114 9115 9116 9117 67970
5731 4 4 9059 9068 9069 9070 9071 9072 9073 9074 9075 9076
5732 3 3 3337 3341 3342 3343 3344 3345 3346 3347
5733 0 0 3366 3498 4407 4426 4439 4440 4441 4442 4443 4444 67971
5734 0 0 1038 1882 3306 3325 3339 3346 3362 3363 3364 3365 3366 3367 3368 67972
5735 3 3 3344 3357 3378 3442 3487 3492 4405 4419 4423 4424 4425 4426 4427 4428 4429 4430 4431 4432
5736 4 4 51109 51129 51754 56418 56437 62303 62323 64229 65224 66066 66082 66083 66084 66085 66086 66087 66088
5737 4 4 56442 56469 62300 62527 62547 64233 65178 65202 65222 65238 65240 65241 65242 65243
5738 3 3 29304 39623 39634 39644 39922 39952 39959 50462 50503 55559 55599 61843 61865 61868 61873 61874 61875 61876
5739 3 3 39945 39999 55653 58499 58524 61839 61851 61853 61854 61855 61856 61857 61858 61859 61860 61861 61862
5740 3 3 39939 39955 39970 39998 49708 50460 58501 58521 61842 61860 61869 61871 61872 61873
5741 3 3 39925 39931 49949 55597 55641 55659 55690 58921 60166 61840 61849 61855 61863 61864 61865 61866
5742 4 4 60228 60240 60252 60265 60276 60286 60296 61923 61975 64468 66179 66188 66192 66202 66205 66212 66215 66216
5743 4 4 59484 60200 60236 60249 60272 60282 63531 64442 64463 64472 64475 64476 64477 64478 64479 64480
5744 4 4 36108 47431 47497 47670 54967 57112 57214 57499 57500 57501 57502 57503 57504 57505 57506 57507 57508 57509 57510
5745 4 4 57530 57539 57548 57562 57563 57564 57565 57566 57567 57568 57569 57570
5746 3 3 10041 10042 15331 23538 23550 23573 23577 23590 23600 34021 34184 34204 35298 43586 43601 43612 43616 43619 43620 43621 43622
5747 3 3 23597 24329 32976 34015 34019 42257 43596 43632 43645 43652 43661 43662 43663 43664 43665
5748 3 3 10038 15333 16998 23594 24384 24393 25184 25189 32967 34017 34019 34020 34021 34022 34023 34024 34025
5749 3 3 23539 23568 23593 32973 34201 43590 43600 43622 43633 43644 43645 43646 43647 43648 43649 43650 43651
5750 0 0 4719 4724 4731 4732 4733 4734 4735 4736 4737 4738 4739 4740 4741 4742 4743 4744 4745 67973
5751 0 0 3172 3173 3174 3175 3176 3177 67974
5752 3 3 48762 48778 51223 51236 51237 51238 51239 51240 51241 51242 51243 51244
5753 3 3 34338 37668 37885 40584 45519 51234 51248 51259 51394 51402 51405 51406 51407 51408 51409 51410 51411 51412 51413 51414 51415
5754 3 3 37884 51240 51257 51265 51268 51387 51388 51389 51390 51391 51392 51393 51394 51395 51396 51397
5755 3 3 40588 45520 48776 51221 51222 51223 51224 51225 51226 51227 51228 51229 51230 51231 51232 51233 51234 51235
5756 3 3 352 872 896 929 1190 1529 1534 2561 2564 2576 2582 2583 2584 2585
5757 3 3 351 866 893 1194 1204 1216 1528 1538 3595 3664 3670 3677 3678 3679 3680 3681 3682 3683 3684 3685 3686 3687
5758 0 0 6251 17161 17167 17175 24310 24765 24793 33998 34735 34816 45440 45459 45465 45467 45480 45481 67975
5759 0 0 6254 10294 10320 17125 17140 17141 17142 17143 17144 17145 67976
5760 0 0 6250 6251 6252 6253 6254 6255 6256 67977
5761 0 0 10324 10334 17129 17144 17159 17160 17161 17162 17163 17164 17165
5762 3 3 11978 11979 11980 11981 11982 11983 11984 11985 11986 11987 11988 11989 11990 11991
5763 3 3 11685 11725 11727 11917 11947 12011 12013 12133 12134 12135 12136 12137 12138 12139 12140 12141
5764 3 3 11697 11991 12018 12133 12156 18964 18973 26271 26278 26284 26285 26286 26287 26288 26289 26290 26291
5765 3 3 1617 4127 4146 4154 7262 11683 11916 11948 11956 11988 12002 12008 12009 12010 12011 12012
5766 0 0 12716 12736 12744 12753 12783 12795 12806 12807 12808 12809 12810 12811 12812 12813
5767 0 0 12715 12721 12722 12723 12724 12725 12726 12727 67978
5768 0 0 9993 14427 24034 24037 24038 24039 24040 24041 24042
5769 0 0 14354 24031 33722 33745 33755 33768 33786 33787 33788 33789 33790
5770 0 0 7606 7607 7608 7609 7610 7611 7612 7613 7614 7615 7616 7617 67979
5771 3 3 10787 10790 10842 12748 12761 12786 12805 12817 12818 12819 12820 12821 12822 12823 12824
5772 3 3 24735 31802 31810 32045 32050 34885 34890 42823 42828 42855 42860 46441 46453 46461 46462 46463
5773 3 3 17566 22595 22611 24591 24690 24704 32158 32184 32214 32215 32216 32217 32218 32219 32220
5774 3 3 22608 22616 24684 24727 24736 31808 31821 34884 34893 46442 46461 46464 46465 46466 46467 46468 46469
5775 3 3 24705 24732 32159 32216 42792 42803 42817 42824 42825 42826 42827 42828 42829 42830 42831
5776 3 3 53468 53469 53470 53471 53472 53473 53474 53475 53476 53477 53478 53479 53480 53481 53482 53483
5777 3 3 24326 31132 42258 42950 43832 53002 53010 53325 53326 53327 53328 53329 53330 53331 53332
5778 4 4 36834 39720 42483 45135 48060 48074 48075 48076 48077 48078 48079 48080 48081 48082 48083
5779 4 4 39692 39704 39713 39724 45141 57817 57839 57843 57854 57867 57869 57870 57871
5780 0 0 47993 48013 50272 57734 62821 62832 62836 62839 62840 62841 62842 62843
5781 0 0 47991 48001 50258 50275 50341 55201 55231 57737 59175 59180 59181 59182 59183 59184 59185 59186 59187 59188
5782 0 0 9498 9503 9509 9515 9522 9527 9564 9576 16294 16302 16303 16304 16305 67980
5783 0 0 3122 5590 5596 5599 5600 5601 5602 5603 5604 5605 5606 67981 67982
5784 0 0 5599 5612 9493 9499 9500 9501 9502 9503 67983
5785 4 4 5555 5564 5585 5605 9505 9512 9516 9517 9518 9519 9520 9521 9522
5786 3 3 13137 16596 33633 33689 33692 33911 33920 33931 33942 33943 33944 33945 33946 33947 33948 33949 33950 33951
5787 3 3 13141 16933 16934 16935 16936 16937 16938 16939 16940 16941 16942 16943 16944
5788 0 0 2240 2248 2249 2250 2251 2252 67984
5789 0 0 79 357 1180 1181 1182 1183 1184 1185 1186 1187 67985
5790 0 0 1180 2235 2236 2237 2238 2239 2240 2241 2242 2243 2244 2245 2246 2247
5791 0 0 1184 2248 2254 2259 2260 2261 2262 67986
5792 3 3 22095 40402 40414 41509 41525 41895 41896 41897 41898 41899 41900 41901 41902 41903 41904 41905 41906
5793 3 3 51044 51045 51046 51047 51048 51049 51050 51051 51052 51053 51054 51055
5794 3 3 40384 41524 41891 41896 41909 41934 41952 50996 51054 51077 51085 51089 51091 51093 51094 51095 51096 51097
5795 0 0 40345 40377 40397 40401 40408 41904 41937 51049 51060 51063 51073 51083 67987
5796 4 4 23260 23261 23262 23263 23264 23265 23266 23267 23268 23269 23270 23271 23272
5797 4 4 5645 5661 9620 9638 9649 9758 22664 23285 23313 23322 23349 23356 23357 23368 23369 23370 23371
5798 4 4 5660 9725 16397 22661 22665 23268 23276 23282 23283 23284 23285 23286 23287 23288 23289 23290 23291 23292 23293 23294 23295
5799 4 4 23296 23297 23298 23299 23300 23301 23302 23303 23304 23305 23306 23307 23308 23309 23310 23311 23312 23313 23314 23315
5800 3 3 3538 3831 6968 6977 11973 12067 12076 18872 19165 19166 19167 19168 19169 19170 19171 19172 19173 19174
5801 3 3 26093 26094 26095 26096 26097 26098 26099 26100 26101 26102 26103 26104 26105 26106 26107 26108 26109
5802 0 0 7936 13583 13591 13617 20194 20341 20342 20343 20344 20345 20346 20347 67988
5803 0 0 20360 20365 20370 28137 28147 28148 28149 28150 28151 28152 28153 67989
5804 4 4 51241 51269 51284 51392 51398 51399 51400 51401 51402 51403 51404
5805 4 4 48764 49027 49643 49659 49663 51252 51274 51618 51630 51662 58216 58227 58233 58244 58245 58246 58247 58248 58249
5806 4 4 49034 49662 51254 51270 51387 51519 58247 58250 58253 58278 58307 58342 58343 58345 58346 58347
5807 4 4 48760 48761 48762 48763 48764 48765 48766 48767 48768 48769 48770 48771 48772 48773 48774
5808 4 4 20962 20972 20992 23802 39687 39722 42487 42497 42508 42509 42510 42511 42512 42513 42514
5809 4 4 20997 36775 36790 39693 39699 39710 39711 39712 39713 39714 39715 39716 39717 39718
5810 4 4 20993 36769 36785 39711 39721 39737 42469 42484 42508 44323 45139 47990 48004 48072 48075 48085 48345 50645 53026 53037 53045 53057 53060 53061 53062 53063 53064 53065 53066
5811 4 4 20965 20978 20982 20991 20999 23809 29283 36791 39666 39684 39686 39687 39688 39689 39690 39691 39692 39693 39694
5812 3 3 35414 35420 46718 46727 53962 53965 53966 53967 53968 53969 53970 53971 53972 53973 53974 53975 53976 53977
5813 3 3 61256 64902 64920 64949 64951 64960 64965 64976 64980 64996 65008 65013 65014
5814 3 3 53961 53974 61322 62607 64904 64939 64940 64941 64942 64943 64944 64945 64946 64947 64948 64949
5815 3 3 35413 53966 61248 61262 61278 61286 61299 61314 62668 64957 64964 64973 64997 65000 65006 65008 65009
5816 3 3 26515 37005 37014 37019 37020 37021 37022 37023 37024 37025 37026 37027 37028 37029 37030 37031
5817 3 3 24486 34192 34195 34349 34378 35056 35062 37082 37097 37101 45770 46504 46508 48469 48470 48471 48472 48473
5818 3 3 34177 34370 37017 37025 37085 37089 37090 37091 37092 37093 37094 37095 37096 37097 37098
5819 3 3 34352 35548 37023 37037 37063 37084 45769 45770 45771 45772 45773 45774 45775 45776 45777 45778 45779 45780 45781
5820 4 4 19902 27857 27863 33594 34516 38417 38425 38453 38454 38455 38456 38457
5821 4 4 27861 38479 38498 44699 44716 49397 49398 49399 49400 49401 49402 49403 49404 49405
5822 3 3 25166 40684 46483 46494 46500 46510 46516 48628 48648 58172 58180 58196 58199 58201 58202 58203
5823 3 3 24934 27164 29632 35304 35319 37446 37471 37487 37492 37493 37494 37495 37496 37497
5824 4 4 5089 6801 8056 8073 8081 11538 11539 13799 13800 13801 13802 13803 13804 13805 13806 13807 13808 13809 13810
5825 0 0 6802 6808 11509 11521 11528 11533 11542 11742 13827 25859 25885 36040 36052 36063 36078 36084 67990
5826 0 0 5096 6804 6807 11532 11541 13803 25854 25873 25878 25885 25886 25887 67991
5827 4 4 8072 8082 11513 11530 11537 11540 11745 11758 11775 13805 13822 13823 13824 13825 13826 13827 13828 13829 13830 13831 13832
5828 0 0 13148 16589 23968 23977 23983 27562 34766 34773 34778 34779 34780 34781
5829 0 0 13151 15735 15756 17254 24798 33919 34756 34759 34761 34762 34763 34764 34765 67992
5830 4 4 17055 17060 17061 17062 17063 17064 17065 17066 17067 17068
5831 4 4 23921 23922 23923 23924 23925 23926 23927 23928 23929 23930 23931 23932
5832 0 0 20867 20874 20892 20899 20911 20919 21125 21137 21142 21143 21144 21145 21146 21147 21148 21149 21150 21151 21152 21153 21154 21155 21156 67993
5833 0 0 20880 21120 21138 21158 29042 29048 29050 29060 29077 29081 29093 29142 29148 29162 29163 29164 29165
5834 0 0 20921 21155 21160 29065 29084 29087 29088 29089 29090 29091 29092
5835 0 0 14332 20868 20874 20875 20876 20877 20878 20879 20880 20881 20882 20883 20884 20885 20886 20887
5836 0 0 14423 16785 16798 16807 16823 20315 23106 23113 24146 24157 24158 24159 24160 24161 67994
5837 3 3 16822 20321 20330 21829 23125 24149 28257 33838 39015 49910 50909 50912 52239 58853 58860 58874 58892 58899 58908 58909
5838 3 3 24156 24161 24165 33842 38997 39011 39012 39013 39014 39015 39016 39017 39018
5839 3 3 16794 16812 16813 16814 16815 16816 16817 16818 16819 16820 16821 16822
5840 4 4 28521 28942 28969 28974 50136 50148 50178 50290 50292 50312 50318 63084 65412 65423 65439 65448 65450 65451 65452
5841 4 4 39304 50140 50163 50180 50185 50295 50302 59111 63048 63055 63075 65410 65436 65438 65441 65442 65443 65444
5842 0 0 205 211 226 230 236 252 2591 2594 2595 2596 2597 2598 2599 2600 2601 67995
5843 4 4 212 213 214 215 216 217 218 219 220
5844 0 0 303 315 715 892 899 911 912 913 914 915 916 67996 67997
5845 0 0 1481 1486 1489 1499 1507 1518 3691 7006 7013 7023 7039 7055 67998
5846 0 0 717 870 889 898 913 917 1211 1484 1487 1492 1500 1501 1502 1503 1504 1505 1506 1507
5847 0 0 305 353 713 895 1198 1199 1200 1201 1202 67999
5848 4 4 40010 49012 49013 49014 49015 49016 49017 49018 49019 49020
5849 4 4 38331 39979 40007 49256 49264 49269 49270 49271 49272 49273 49274 49275
5850 4 4 16241 18992 25898 28807 32499 32502 32505 32506 32507 32508 32509 32510
5851 4 4 11779 16226 16238 18994 22971 28768 28794 28795 28796 28797 28798 28799 28800 28801 28802 28803 28804
5852 3 3 48731 49860 51578 51590 51600 51604 51612 52173 52188 52193 52194 52195 52196 52197
5853 3 3 48780 51610 51625 52190 52215 58207 58219 58226 58227 58228 58229 58230 58231
5854 3 3 48740 48769 48779 51582 51601 51608 51609 51610 51611 51612 51613 51614
5855 3 3 49883 52185 52193 55260 55297 55321 58222 62411 63214 63215 63216 63217 63218 63219
5856 4 4 4244 4472 13338 13357 14034 14056 14081 14082 14083 14084 14085 14086 14087 14088 14089 14090
5857 4 4 5014 5030 5062 8815 8829 13346 13378 19925 19947 19968 19969 19970 19971 19972 19973 19974
5858 4 4 13351 13363 13369 13370 13371 13372 13373 13374 13375
5859 4 4 7721 13348 14089 14092 15232 19922 19936 19949 19953 19954 19955
5860 4 4 9605 9704 18142 22315 23563 23589 34199 43651 48543 48552 48555 48556 48557 48558 48559 48560 48561
5861 0 0 9603 9665 9666 9667 9668 9669 9670 9671 9672 9673 9674 68000
5862 0 0 21286 29309 29339 29362 29413 29793 40144 40156 40159 40160 40161 40162 40163 68001
5863 0 0 14676 14677 14678 14679 14680 14681 14682 14683 68002
5864 4 4 27626 33289 33399 34624 39261 44388 44392 44395 44396 44397 44398 44399 44400 44401
5865 4 4 34629 34657 44372 44373 44374 44375 44376 44377 44378 44379 44380 44381
5866 3 3 12677 15398 15412 15419 15428 15443 15457 15551 17788 17810 18214 19465 19466 19467 19468 19469 19470 19471 19472 19473 19474 19475 19476 19477
5867 3 3 9058 9070 9110 12397 15404 15406 15421 15438 15453 17785 17804 17809 17814 17815 17816 17817 17818
5868 0 0 9252 9256 9266 9272 9278 9279 9280 68003
5869 0 0 9268 15995 22855 22885 23627 42869 42884 42887 42893 42894 42895 42896 42897 42898 42899 42900
5870 0 0 5630 5634 9250 9265 9279 22851 22865 22873 22883 22884 22885 22886 68004
5871 0 0 9270 9277 9280 15976 15992 15993 15994 15995 15996 15997 15998 15999 68005
5872 0 0 20725 21199 21221 26465 26492 28741 28747 28764 36932 36978 36988 36993 36995 36996 68006
5873 0 0 19289 26478 26483 26484 26485 26486 26487 26488 26489 26490 26491 68007
5874 3 3 20722 26458 26472 26488 36926 36935 36958 36968 36975 36976 36977 36978 36979
5875 0 0 19285 21218 26466 26477 26490 26492 26493 26494 26495 68008
5876 3 3 5148 5976 15285 16958 16988 24350 24374 24380 24386 24387 24388 24389 24390 24391
5877 0 0 5140 5155 5973 8979 16959 16992 17012 17013 17014 68009
5878 0 0 5940 5972 16957 17013 24356 24388 24408 24412 24413 33952 33953 33954 33955 33956 33957 33958 33959 68010
5879 0 0 5138 5144 5145 5146 5147 5148 5149 5150 5151 5152 5153 68011
5880 2 2 32508 32514 32532 35872 36178 36186 36187 36188 36189 36190 36191 36192 36193 36194 36195 36196
5881 2 2 11785 16154 16243 16527 18983 18997 25754 25888 25889 25890 25891 25892 25893 25894 25895 25896 25897 25898 25899 25900 25901
5882 2 2 16152 25892 32527 32546 35870 35872 35873 35874 35875 35876 35877 35878 35879
5883 2 2 19000 25899 28805 32498 32506 32511 32512 32513 32514 32515 32516 32517
5884 3 3 44143 44161 44894 44933 44943 47390 47402 47410 47470 47478 47479 47480 47481 47482 47483 47484 47485 47486 47487 47488
5885 3 3 57713 57721 57730 57733 59394 59396 59397 59398 59399 59400 59401 59402 59403 59404 59405 59406 59407
5886 0 0 1997 2755 2788 4217 4218 4219 4220 4221 4222 4223 4224 4225 4226 68012
5887 0 0 4468 4482 4881 5822 5826 5827 5828 5829 5830 5831 5832 68013
5888 3 3 11665 12027 16151 16173 16219 16224 16244 18929 18939 18952 22534 22538 26089 32521 32526 32538 32543 32544 32545 32546 32547 32548 32549
5889 3 3 11320 11331 11336 11640 16144 16161 16164 16176 16177 16178 16179 16180 16181 16182 16183 16184 16185
5890 3 3 16150 16151 16152 16153 16154 16155 16156 16157 16158 16159 16160 16161 16162 16163
5891 3 3 11645 11662 11668 16168 16182 16230 18763 18793 18928 19104 19113 22517 22520 22531 22533 22534 22535
5892 0 0 41349 64300 64312 66137 66149 66154 66156 66157 66158 66159 66160 68014
5893 4 4 64281 64288 64292 64295 64298 66138 66147 66153 66161 66162 66163 66164
5894 4 4 48445 48455 55332 55333 55334 55335 55336 55337 55338 55339 55340 55341 55342 55343 55344
5895 4 4 48451 56517 56530 56536 56537 56538 56539 56540 56541 56542 56543 56544
5896 0 0 7783 7795 7803 7845 7871 13322 13484 13533 13537 16731 28068 28075 28084 28100 38742 38749 38754 38761 38768 38773 38774
5897 0 0 13478 13485 13539 28064 28078 28089 38743 38747 38760 50471 50488 58793 58812 58813 58820 58825 58826
5898 4 4 17231 33178 33271 33285 44369 44383 44410 45896 45907 45912 45914 45915 45916 45917 45918 45919 45920 45921 45922 45923 45924
5899 4 4 34616 34652 45882 45890 45903 45908 46001 46312 46345 47511 47530 53115 56054 56069 56093 56104 56109 56135 62213 62248 62263 62265 62268
5900 4 4 33282 34617 45901 45911 45918 46307 46313 46339 46349 53128 56098 61568 62212 62226 62241 62250 62264 62265 62266 62267
5901 4 4 33291 34620 34655 44384 45883 45894 45897 45905 45906 45907 45908 45909
5902 3 3 17008 24306 45399 45442 45451 45474 55450 55460 55466 55469 55470
5903 3 3 24315 24755 33982 33990 33991 33992 33993 33994 33995 33996 33997 33998 33999 34000
5904 3 3 10322 10332 17159 17169 24303 24309 33993 45396 45433 45438 45439 45440 45441 45442 45443 45444 45445 45446
5905 3 3 45387 45413 45416 54146 54152 54157 54184 54206 55456 55473 55479 55480 55484 55485 55487 55488
5906 0 0 6502 6749 7252 11386 11854 11865 11879 11880 11881 11882 11883 11884 68015
5907 4 4 7257 11382 11861 11872 11876 11909 11910 11911 11912 11913 11914
5908 3 3 9238 11603 15678 18779 22508 22522 22525 31392 31407 31408 31409 31410 31411 31412 31413
5909 3 3 1240 2514 22975 31396 31417 31422 31426 31428 31429 31430 31431 31432
5910 3 3 9392 16186 16201 16233 22526 22978 31395 31410 31414 31423 31424 31425 31426 31427
5911 3 3 15684 15688 15696 15702 22503 22507 31394 31405 31411 31415 31418 31419 31420 31421 31422
5912 3 3 15593 19288 30561 30577 30578 30579 30580 30581 30582 30583 30584 30585
5913 3 3 8604 8610 9203 15013 15023 15596 15607 15614 15635 15656 15667 15668 15669 15670 15671 15672 15673
5914 3 3 15594 15608 15630 15658 15663 15673 21949 30563 30584 30586 30591 30592 30593 30594 30595 30596 30597 30598
5915 0 0 8602 15591 15615 15667 19283 19284 19285 19286 19287 19288 19289 19290 19291 19292 68016
5916 3 3 46851 46859 48033 48034 48035 48036 48037 48038 48039 48040 48041 48042 48043 48044 48045 48046
5917 3 3 37891 58528 58529 58530 58531 58532 58533 58534 58535 58536 58537
5918 3 3 815 2516 2517 2518 2519 2520 2521 2522 2523 2524
5919 3 3 3905 3912 3985 5336 9186 12179 12187 12188 12189 12190 12191 12192 12193 12194 12195 12196 12197 12198 12199
5920 0 0 12699 12700 12701 12702 12703 12704 68017 68018
5921 0 0 7585 7591 7595 7605 12705 12709 12710 12711 12712 68019 68020
5922 2 2 2824 2971 6001 6027 6089 6108 6111 6118 6154 6231 6239 6242 6243 6244 6245 6246 6247 6248 6249
5923 2 2 2815 2833 2845 3144 6020 6079 6155 6320 6337 6688 10160 10185 10191 10192 10193 10194 10195 10196 10197 10198 10199
5924 2 2 2834 6157 6174 6236 6244 10183 10196 10205 10219 10228 10665 15776 24670 24689 24701 24702 24703
5925 2 2 2825 2850 3139 6017 6018 6019 6020 6021 6022 6023 6024 6025 6026 6027 6028 6029 6030 6031 6032 6033 6034 6035
5926 3 3 54055 54069 56682 61035 61053 61054 61055 61056 61057 61058 61059 61060 61061 61062
5927 3 3 50753 51790 51836 52094 61044 61069 61077 61090 61101 61106 61121 64006 64016 64052 64055 64252 65913 65928 65935 65940 65941 65942 65943 65944 65945
5928 3 3 56683 61053 61075 61081 64172 65924 65927 65934 65940 65965 65970 65974 65975
5929 3 3 61035 61036 61037 61038 61039 61040 61041 61042 61043 61044 61045 61046 61047 61048 61049 61050 61051 61052
5930 0 0 33869 43673 43697 43707 43714 43718 43719 43720 43721 43722 43723 43724 43725
5931 0 0 16937 24285 31273 33910 33944 37955 45223 45237 45280 55402 55418 55430 55438 55439 55440
5932 0 0 31155 31280 33873 33884 43720 43726 45204 45239 45245 45264 45265 45266 45267 45268 45269 45270 45271
5933 0 0 45315 45324 45332 45337 45346 45350 45355 45361 45369 45500 45507 55398 55413 55422 55423 55424 55425 55426 55427 55428
5934 3 3 2084 2103 4901 4962 4965 4977 4979 4980 4981 4982 4983 4984
5935 3 3 2094 4911 4975 8780 8783 8788 8789 8790 8791 8792 8793 8794 8795 8796 8797 8798
5936 3 3 2085 2095 3073 4910 4997 6212 8776 8777 8778 8779 8780 8781
5937 3 3 2081 2106 2111 4912 4966 4972 4973 4974 4975 4976 4977 4978
5938 0 0 31253 32949 33899 43641 43669 43680 43685 43698 43699 43700 43701 43702 43703 43704
5939 0 0 33892 42203 43592 43627 43639 43679 43692 43712 45316 45325 45356 45491 45492 45493 45494 45495 45496
5940 0 0 32951 32959 32968 33890 43585 43603 43608 43618 43623 43631 43643 43666 43675 43676 43677 43678 43679 43680 43681 43682 43683 43684
5941 0 0 31264 43691 43706 43719 43728 45312 45322 45328 45333 45334 45335 45336 45337
5942 0 0 40127 41307 51927 51956 51974 51987 51989 51990 68021
5943 0 0 30333 41290 41292 41293 41294 41295 41296 41297 41298 41299 41300
5944 0 0 20335 21802 40126 41274 41289 50880 51919 51940 51948 51953 51954 51955 51956 51957 51958 68022
5945 0 0 14870 14875 14880 21787 30307 30327 41296 41307 41308 41309 41310 41311 41312 41313 41314 41315 68023
5946 2 2 5874 7847 7878 9860 9950 9965 9985 13303 13325 23930 24447 24461 27463 27795 28998 38300 38757 38767 38775 38776 38777
5947 2 2 5905 9937 9956 9959 9976 16722 16734 24446 24457 24462 24463 24464 24465 24466
5948 4 4 65513 65522 65526 65530 65534 65535 65587 66474 66482 66483 66484 66485 66486
5949 4 4 63275 63681 63718 63739 63741 65538 65548 65549 65550 65551 65552 65553
5950 4 4 50043 50052 59074 59080 63246 63278 63316 65515 65533 65579 65585 66479 66483 66489 66494 66498 66499
5951 4 4 63270 63305 63691 63708 65539 65558 65562 65578 66478 66490 66492 66495 66497
5952 3 3 522 1294 2987 2991 3017 3023 3077 3078 3079 3080 3081 3082 3083 3084 3085
5953 3 3 93 467 481 525 1295 1307 1308 1309 1310 1311 1312 1313 1314 1315 1316 1317 1318
5954 0 0 63799 63875 63884 63947 63952 65846 65858 65863 65864 65865 65866 65867 65868
5955 0 0 50682 50687 50695 50705 59561 63892 63934 63956 65857 65891 65894 65898 65901 65910
5956 0 0 4763 8518 14463 14862 14863 14864 14865 14866 14867 14868 14869 14870 14871 68024
5957 0 0 4607 4608 4609 4610 68025 68026
5958 0 0 4607 4764 8519 14450 14457 14458 14459 14460 14461 14462 14463 14464 68027 68028
5959 0 0 4610 4760 8517 14877 21738 21739 68029 68030
5960 0 0 719 753 1544 1593 3700 3716 3728 3729 3730 3731 68031 68032
5961 0 0 719 720 721 722 68033 68034
5962 3 3 25776 34904 34913 34939 35924 35939 46455 53437 53461 53464 60783 60792 60825 60844
5963 3 3 32055 32155 34837 34896 34910 42762 42786 42815 53162 53343 53361 53379 53387 53393 53394 53395 53396 53397
5964 3 3 25778 31744 34842 34863 34895 34896 34897 34898 34899 34900 34901 34902 34903 34904 34905 34906
5965 3 3 32054 32154 34912 42764 42773 42784 42814 53393 53405 53418 53433 53459 53464 53465 53466 53467
5966 3 3 21106 39799 39827 39851 39865 39873 39916 39967 44782 44790 44798 44805 44809 44817 44818 44819 44820 44821 44822
5967 0 0 21107 29296 29297 29298 29299 29300 29301 29302 29303 29304 29305 29306 68035
5968 3 3 29109 29136 29232 39802 39805 39806 39807 39808 39809 39810 39811 39812 39813 39814 39815 39816 39817 39818
5969 3 3 39886 44724 44734 44742 44743 44744 44745 44746 44747 44748 44749
5970 3 3 28013 34050 39640 49043 49712 55555 55577 55578 55579 55580 55581 55582 55583 55584 55585
5971 3 3 39648 49705 50454 50502 55553 55564 58522 58843 61841 61867 61868 61869 61870
5972 4 4 35072 35095 35522 35535 46518 46519 46520 46521 46522 46523 46524 46525
5973 4 4 45778 46529 46537 46544 46556 46560 46561 46562 46563 46564 46565 46566 46567
5974 2 2 6871 6900 6926 6945 6948 8105 8127 11323 11332 11748 11749 11750 11751 11752 11753 11754 11755
5975 2 2 6920 6928 8121 11313 11314 11315 11316 11317 11318 11319 11320
5976 4 4 20973 20995 23803 29277 36770 36780 36788 36800 39688 42509 44323 44324 44325 44326 44327 44328 44329 44330 44331
5977 4 4 29281 33765 33776 36794 36809 36815 39665 39690 39699 39700 39701 39702 39703 39704 39705
5978 4 4 20944 20975 29279 36774 36783 36793 36804 36809 36810 36811 36812 36813
5979 4 4 20960 20987 20994 36792 36831 39691 39700 39712 39719 39720 39721 39722 39723 39724 39725 39726 39727
5980 4 4 546 569 597 5272 6515 6791 11077 11078 11079 11080 11081 11082
5981 4 4 606 1414 1431 1437 1441 1446 6772 6773 6774 6775 6776 6777 6778 6779
5982 4 4 599 5269 6776 6787 6792 11079 17840 17879 17886 17887 17888 17889 17890 17891 17892 17893
5983 4 4 120 134 189 544 559 560 561 562 563 564 565 566 567 568 569 570
5984 3 3 5783 5792 5801 8250 14254 16253 16254 16255 16256 16257 16258 16259 16260 16261 16262 16263
5985 0 0 1801 1887 1919 5794 8253 16481 16497 16503 16504 16505 16506 16507 16508 16509 68036
5986 0 0 40082 40086 41730 41734 41856 41876 41880 50809 50815 50826 50830 50834 50841 50842 50843 50844 50845 50846
5987 0 0 30405 30411 30416 30422 30443 30453 30454 30455 30456 30457 30458 30459 30460 68037
5988 3 3 55215 59469 59474 61769 61829 63563 63793 65691 65704 65716 65720 65723 65724 65725 65726
5989 3 3 55376 55380 59461 59503 59624 59637 59667 61767 61779 62032 63768 63775 63784 63785 63786 63787 63788 63789 63790
5990 3 3 55181 59468 61740 61754 61755 61756 61757 61758 61759 61760 61761
5991 3 3 55356 55378 59466 59476 59502 59610 59623 59646 59648 59661 59662 59663 59664 59665 59666 59667 59668 59669 59670 59671
5992 0 0 27634 28578 28586 39428 50142 50182 65413 65440 65442 65446 65452 65453 65454 65455 65456
5993 0 0 28559 28560 28561 28562 28563 28564 28565
5994 0 0 8768 8911 8922 25883 30875 30887 30890 30902 30903 30904 68038
5995 0 0 6930 8769 15718 30871 30886 30920 31455 31467 31481 31490 31494 31495 31496 31497 31498 31499 31500 68039
5996 2 2 59495 59533 63782 63788 63796 63797 63798 63799 63800 63801 63802 63803 63804 63805 63806 63807 63808 63809
5997 2 2 40072 55369 55382 59506 61781 63780 63784 63933 63946 63987 64033 64040 64042 64044 64045
5998 3 3 33793 40385 40447 40456 41496 41516 41537 41907 41908 41909 41910 41911 41912 41913 41914 41915 41916 41917 41918 41919 41920
5999 3 3 33796 40443 40461 46628 46650 48375 48383 50730 54050 54089 54096 54097 54098 54099 54100 54101 54102
6000 3 3 35832 35845 36436 36450 36583 36594 36622 42332 44090 44098 44107 47259 47260 47261 47262 47263 47264 47265 47266
6001 3 3 35827 35847 35858 36151 36628 42565 47328 47342 47343 47351 47435 47443 47452 57065 57073 57080 57081 57082 57083 57084
6002 3 3 35835 36624 47265 47296 47308 47324 47325 47326 47327 47328 47329 47330 47331 47332 47333 47334 47335 47336
6003 3 3 26317 35828 35840 35841 35842 35843 35844 35845 35846 35847 35848 35849
6004 3 3 24924 25158 25159 25160 25161 25162 25163 25164 25165 25166
6005 3 3 17614 24929 27162 27244 29616 29625 29626 29627 29628 29629 29630 29631 29632 29633 29634 29635 29636
6006 4 4 47552 47583 52894 56915 57423 57429 57430 57431 57432 57433 57434 57435 57436 57437 57438
6007 4 4 57464 57474 57480 57483 57487 57492 57498 60669 60675 60677 64671 64681 64702 64705 64712 64714 64715
6008 4 4 57428 57438 57442 57446 57450 57453 57455 57457 57477 57484 57485 57486 57487
6009 4 4 47550 47576 57495 60665 60674 64666 64679 64687 64696 64702 64703
6010 0 0 376 386 1174 2494 2500 2511 5313 5330 5334 5693 5735 9229 11615 15681 18782 31400 31412 31421 31435 31442 31443 68040
6011 0 0 323 381 2485 2486 2487 2488 2489 2490 2491 2492 2493 68041
6012 3 3 2493 2499 2503 2515 5694 5734 15683 15687 15689 31401 31420 31431 31436 31438 31442
6013 0 0 318 341 375 376 377 378 379 380 381 68042
6014 2 2 40830 50743 50988 54085 54091 54101 59803 59818 59826 59828 59829
6015 2 2 33799 40392 40441 41639 41651 41884 41912 41954 50740 50997 51001 51076 51090 51097 52792 54096 59805 59817 59827 59830 59836 59837 59838 59839 59840 59841
6016 0 0 21006 21023 21039 21064 21067 21085 21667 21677 21731 21732 21733 21734 21735 21736 21737 68043
6017 0 0 14800 21041 21641 21652 21682 21744 21750 21751 21752 21753 21754 68044
6018 0 0 7783 7784 7785 7786 7787 7788 7789 7790 68045
6019 0 0 960 5852 5868 7787 7798 7799 7800 7801 7802 7803 7804 7805 7806 7807 7808 68046
6020 0 0 7785 7800 7809 13531 13532 13533 13534 13535 68047 68048
6021 0 0 5855 7789 7807 7810 7823 7828 7855 7858 7869 7877 7885 68049
6022 0 0 4313 13227 13241 13486 13487 13488 13489 13490 13491 13492 13493 13494 13495 68050
6023 0 0 4311 7707 13219 13226 13245 19752 19795 19869 19886 19893 19894 19895 19896 68051
6024 0 0 4314 7706 13193 13215 13222 13226 13227 13228 13229 13230 13231 68052
6025 0 0 4312 7685 13216 13223 13229 13491 13502 13513 19730 19758 19877 19880 19881 19882 19883 19884 19885 19886 19887 19888 19889 19890 19891 19892 68053
6026 0 0 13659 13678 13690 27278 27279 27280 27281 27282 27283 27284 27285 27286 27287 27288 27289 27290 27291 27292 68054
6027 3 3 27217 27226 28464 34150 37719 38801 38829 40597 40599 40614 40615 40616 40617 40618 40619 40620
6028 3 3 27286 28328 37701 37720 38801 38802 38803 38804 38805 38806 38807 38808 38809 38810 38811 38812 38813 38814 38815
6029 3 3 27209 27229 27290 28411 28451 28459 28464 28465 28466 28467 28468 28469
6030 3 3 39439 43998 58565 58585 58605 59445 59457 60447 60948 60958 60970 61408 61414 61430 62955 62956 62957 62958 62959 62960
6031 3 3 43990 55923 55935 55939 55994 56015 58557 58563 58571 58572 58573 58574 58575 58576 58577 58578
6032 0 0 14362 14367 14436 14440 20950 29275 33743 33756 33765 33766 33767 33768 33769 33770 33771 33772 68055
6033 0 0 5814 8185 8186 8187 8188 8189 8190 8191 8192 8193 68056
6034 0 0 8192 13873 14351 14432 20940 20941 20942 20943 20944 20945 20946 20947 20948 20949 20950 20951 20952 68057
6035 0 0 8185 14363 14364 14365 14366 14367 68058
6036 0 0 22003 29915 30768 30778 30787 30804 30807 30808 30809 30810 30811 30812 30813 30814 68059
6037 4 4 30766 30789 40358 40367 40374 40390 40415 40970 41566 41570 41575 41576 41577 41578 41579 41580 41581 41582
6038 0 0 3857 3858 3859 3860 3861 3862 3863 3864 3865 68060
6039 0 0 821 1623 3900 3910 3925 3934 3938 3991 4138 4142 4149 4164 4169 4171 4172 4173
6040 0 0 21876 30404 30408 30418 30427 30453 30513 40078 40083 40084 40085 40086
6041 0 0 41848 41849 41850 41851 41852 41853 41854 41855 41856
6042 0 0 30424 30440 30455 30534 40075 41371 41871 50800 50810 50811 50812 50813 50814 50815 50816 68061
6043 0 0 21894 21901 21990 21991 21992 21993 21994 21995 68062 68063
6044 4 4 27218 27220 27235 27257 34151 37431 40693 40741 45570 45584 45600 45605 45619 45620 45621
6045 4 4 45543 45549 45554 45558 45565 45572 45573 45575 45577 45578 45594 45595 45596 45597 45598 45599
6046 3 3 18398 18450 18462 18483 18489 18504 18508 18530 18531 18537 18543 18546 18551 18576 18577 18578 18579 18580 18581 18582 18583
6047 3 3 11275 14714 18440 18453 18554 18557 18558 18559 18560 18561 18562 18563
6048 4 4 55924 58566 58573 58579 59443 59446 59453 59454 59455 59456 59457 59458 59459 59460
6049 4 4 39446 39454 43331 44002 55938 58577 59085 59449 60915 60930 60939 60942 60947 60948 60949 60950 60951 60952 60953
6050 4 4 35334 44170 46681 47764 53749 53855 54797 54806 54811 56792 56801 56826 56832
6051 4 4 23754 33219 35329 35347 44978 53743 53744 53745 53746 53747 53748
6052 0 0 11097 11103 11107 11109 11110 11111 11112 11113 11114 68064
6053 0 0 7338 7339 7340 7341 7342 7343 7344 7345 7346 7347 7348 7349 7350 68065
6054 3 3 39065 39072 39829 39893 39909 49892 49901 49979 49987 49994 50005 50009 55595 55689 58875 58880 58887 58894 58905 58910 58911
6055 0 0 23115 24172 38972 38975 39020 39055 39820 49983 49992 49997 49998 49999 50000 50001 68066
6056 0 0 49982 49983 49984 49985 49986 49987 49988 49989 68067
6057 0 0 24171 38944 38974 38984 39054 39055 39056 39057 39058 39059 39060 39061 39062 39063 39064 39065 68068
6058 0 0 14229 14237 14239 14240 14241 14242 14243 14244 14245 14246 14247 68069
6059 4 4 8162 8281 14222 14236 20802 20818 23842 23854 28928 28929 28930 28931 28932 28933 28934
6060 0 0 50345 55232 59180 59189 59190 59191 59192 59193 59194 59195
6061 0 0 48411 55195 55205 57940 59199 61832 63523 63528 63535 63536 63537 63538 63539 63540
6062 3 3 15125 15135 16371 16382 17478 22276 23161 23185 23193 23195 23196 23206 23207 23208 23209 23210 23211 23212 23213 23214
6063 3 3 6694 6695 6696 6697 6698 6699 6700 6701 6702 6703 6704 6705 6706
6064 3 3 5553 6715 16356 16369 16373 16374 16375 16376 16377 16378 16379 16380 16381 16382 16383
6065 3 3 6704 16358 16364 22109 23148 23158 23168 23182 23186 23187 23188 23189 23190 23191 23192 23193 23194
6066 0 0 8984 10036 15279 15281 15325 15334 17956 23581 24395 25169 25178 25181 25182 25183 25184 25185 25186 68070
6067 3 3 16860 16872 17018 17908 17926 17936 24235 25171 25192 25194 25195 25196 25197 25198 25199 25200 25201 25202
6068 0 0 2728 16858 17923 17945 17957 25172 25179 25182 25199 25203 25204 25205 68071
6069 3 3 10028 10047 15336 16867 23578 25170 25185 25187 25188 25189 25190 25191 25192 25193
6070 3 3 62288 62292 62298 62318 62360 62374 65182 65206 65226 65233 65248 65252 65255 65256 65257 65258
6071 3 3 40491 40507 40757 46594 46609 46610 46611 46612 46613 46614 46615 46616 46617 46618
6072 3 3 13133 16585 33694 33703 33930 33946 34697 37911 45759 55410 55417 55433 55442 55545 56153 56165 56202 56210 56212 56213
6073 3 3 13134 16592 33697 34686 34703 34708 34709 34710 34711 34712 34713 34714 34715
6074 3 3 13132 13146 13158 16594 16940 19779 23985 33632 33688 33691 33692 33693 33694 33695 33696 33697 33698
6075 3 3 13136 34699 34710 34783 37904 37906 37907 37908 37909 37910 37911 37912 37913 37914 37915 37916
6076 4 4 21113 21122 21140 29052 29057 29095 30248 30254 30256 30257 30258 30259 30260 30261 30262
6077 4 4 14335 20881 20896 20908 21119 29162 30208 30241 30242 30243 30244 30245 30246
6078 0 0 4746 8505 8512 8514 14790 14797 14798 14799 14800 14801 14802 14803 14804 14805 14806 68072
6079 0 0 4748 8511 8512 8513 68073 68074
6080 0 0 1938 4749 4757 8513 8516 14788 14802 14807 14808 14809 14810 14811 68075
6081 0 0 4747 14797 14808 21752 21760 21763 68076 68077
6082 0 0 10931 18280 18282 18283 18284 18285 18286 18287 18288 18289 18290 18291 18292 18293
6083 0 0 18272 18298 21611 25430 35556 46886 46912 46916 46917 46918 46919 46920 46921
6084 3 3 32332 45977 45994 46022 46039 46048 46049 46050 46051
6085 3 3 24896 34830 35040 45931 45955 45965 45972 45987 45999 46019 46030 46066 46346 46394 46410 47518 47529 47530 47531 47532 47533
6086 4 4 31018 31019 31020 31021 31022 31023 31024 31025 31026 31027 31028 31029 31030
6087 4 4 8962 17282 31063 31072 31074 31079 42112 42116 42143 52910 52918 52928 52929 52930 52931 52932
6088 0 0 2776 4251 4255 4262 4796 4800 4801 4802 4803 4804 4805 4806 68078
6089 0 0 1987 2002 4248 4257 4261 4791 4854 4856 4857 4858 4859 4860 4861 4862 68079
6090 0 0 4259 4794 4856 8646 8650 8656 8657 8658 8659 8660 68080
6091 0 0 2005 2765 2784 2786 4247 4254 4853 4861 4863 4864 4865 4866 4867 4868 4869 4870
6092 3 3 13340 13411 15178 16116 20031 20564 20577 22929 22936 22957 23881 23882 23883 23884 23885 23886 23887 23888 23889
6093 3 3 22887 22888 22889 22890 22891 22892 22893 22894 22895 22896 22897 22898 22899 22900 22901 22902 22903
6094 3 3 15179 22143 22902 22935 22943 22960 23885 23896 33355 33364 33371 33373 33374
6095 3 3 16120 20574 22892 22914 22924 22925 22926 22927 22928 22929 22930 22931
6096 0 0 1761 1762 1763 1764 1765 1766 68081 68082
6097 0 0 4267 4279 4297 7765 8671 8674 8684 8685 8686 8687 8688 8689 68083
6098 0 0 1029 1244 1765 1768 4265 4275 4281 4290 7766 8669 8685 68084
6099 0 0 1772 4283 4299 4803 8675 8684 13387 13428 13436 13439 13440 13441 13442 13443 13444 68085
6100 3 3 55708 60877 60955 60965 61888 61905 61928 62020 62963 62967 62974 62975 62976 62977 62978 62979 62980 62981 62982 62983 62984 62985
6101 3 3 33237 48034 58533 58549 58592 60452 60469 60870 61428 61498 61513 61900 61901 61931 61937 61945 61946 61947 61948
6102 3 3 58586 59459 60876 60959 60969 61933 61945 62956 62961 62962 62963 62964 62965
6103 3 3 60862 60918 61889 61901 61902 61903 61904 61905 61906 61907 61908 61909 61910
6104 3 3 13161 16537 17218 17219 17220 17221 17222 17223 17224 17225 17226 17227 17228 17229 17230 17231 17232 17233 17234 17235 17236
6105 3 3 24881 34829 46317 46332 46350 46369 46408 46412 46414 46420 46422 46423
6106 3 3 13163 16530 24871 27824 27832 38442 38450 45945 46330 46370 46387 46413 46421 46422 46424 46425
6107 3 3 16536 17233 24879 33190 33286 34619 34653 45905 45910 45914 45966 46000 46296 46308 46310 46311 46312 46313 46314 46315 46316 46317 46318
6108 4 4 42471 42479 42489 42495 42504 42507 42514 42519 53021 53033 53034 53035 53036 53037 53038 53039 53040
6109 4 4 47914 48003 48285 48332 48340 53025 53044 53051 53052 53053 53054 53055 53056 53057 53058 53059
6110 0 0 33506 33516 36166 36206 42106 44577 44597 44609 47684 47694 47724 47732 47740 47741 47742
6111 0 0 36169 36311 42101 44572 44596 44613 47725 47737 57625 63273 63283 63284 63285 63286
6112 4 4 32682 43154 43233 43248 43260 53772 53800 53805 53871 53889 53898 53916 53927 53930 64524 64525 64526 64527 64528 64529 64530
6113 4 4 43215 43224 43232 43239 43247 43254 43261 43267 43268 43284 43288 43289 43290 43291 43292 43293 43294 43295 43296 43297
6114 4 4 41990 43253 43269 43292 43316 53738 53827 53867 53890 53895 53896 53897 53898 53899 53900
6115 4 4 30841 32652 32675 32732 43158 43206 43241 43249 43255 43256 43257 43258 43259 43260 43261
6116 0 0 40919 43492 51530 51531 51532 51533 51534 51535 68086
6117 0 0 29697 29708 29709 29710 29711 29712 29713 29714 29715 29716 68087
6118 4 4 43338 43360 43361 43362 43363 43364 43365 43366 43367 43368 43369 43370 43371 43372 43373 43374
6119 4 4 43398 43518 45007 45079 54021 61073 63971 63990 63991 63992 63993 63994 63995 63996 63997
6120 0 0 9155 9171 10972 10973 10974 10975 10976 10977 10978 10979
6121 0 0 11028 12219 15873 25645 25661 25662 25663 25664 25665 25666 25667
6122 0 0 581 3317 3318 3331 8873 8878 8886 8903 8905 8906 8907 68088
6123 0 0 571 572 573 574 575 576 577 68089 68090
6124 3 3 41218 41821 41837 43347 43348 43349 43350 43351 43352 43353 43354 43355 43356 43357 43358 43359
6125 3 3 14841 30728 30754 30761 41841 51865 51898 51907 52533 52540 59944 59950 59958 59960 59963 59965
6126 3 3 43354 51537 51846 51866 52514 52523 52534 52536 52537 52538 52539 52540 52541 52542
6127 3 3 30727 30734 30745 30752 30756 30763 41193 41211 41816 41830 41834 41835 41836 41837 41838 41839 41840 41841 41842
6128 3 3 17718 27204 27242 29568 29574 29607 29726 29739 40720 40742 40759 40768 40770 40784 40785 40786
6129 3 3 29594 29605 29613 29626 29637 29638 29639 29640 29641 29642 29643 29644 29645
6130 3 3 17610 17719 27212 27234 27246 29564 29583 29589 29603 29604 29605 29606 29607 29608 29609 29610
6131 3 3 29579 29596 29638 40490 40512 40531 40713 40748 40750 40751 40752 40753 40754 40755 40756 40757 40758 40759
6132 4 4 56678 59518 59526 59537 59538 59539 59540 59541 59542 59543 59544 59545 59546 59547 59548
6133 4 4 59513 59534 59556 59990 59991 59992 59993 59994 59995 59996 59997 59998 59999
6134 0 0 404 405 406 407 408 409 410 411 412 68091
6135 0 0 6306 6311 6319 10542 10556 10566 10576 10578 10579 10580 10581 10582 10583 10584
6136 0 0 405 530 2698 3067 6308 6312 6313 6314 6315 6316 6317 6318 6319 68092
6137 0 0 3035 3057 3069 3123 6296 6297 6298 6299 6300 6301 6302 6303 6304 6305 6306
6138 3 3 56513 56523 56545 56546 56547 56548 56549 56550 56551 56552 56553 56554 56555 56556 56557
6139 3 3 29505 40467 56512 56559 56566 56567 56568 56569 56570 56571 56572
6140 0 0 23948 23949 23950 23951 23952 23953 23954 23955 23956 23957
6141 0 0 15745 16599 16600 16601 16602 16603 16604 16605 16606 16607 16608 16609 16610 68093
6142 0 0 16604 19897 23957 23959 23995 23999 24000 24001 24002 24003 24004 68094
6143 0 0 15733 15750 15753 16603 23950 23961 23966 23967 23968 23969 23970 23971 23972 23973 23974 23975 68095
6144 4 4 58788 58789 58790 58791 58792 58793 58794 58795 58796 58797 58798 58799 58800 58801
6145 4 4 38255 38278 38286 49673 49674 49675 49676 49677 49678 49679 49680 49681 49682
6146 4 4 49054 49071 49245 49296 49535 58381 58402 58412 58414 58415 58416 58417 58418 58419
6147 4 4 49057 49064 49080 49510 49536 49590 49595 49609 58316 58322 58363 58373 58375 58376 58377 58378
6148 4 4 38264 38279 49041 49052 49066 49244 49251 49302 49511 49515 49530 49531 49532 49533 49534 49535 49536 49537 49538 49539
6149 4 4 48996 49006 49011 49056 49074 58369 58378 58379 58397 58398 58399 58400 58401 58402 58403
6150 3 3 5434 5442 8856 9309 9327 9334 9341 9353 9354 9355 9356 9357 9358
6151 3 3 2198 5047 5063 5067 5068 5069 5070 5071 5072 5073 5074 5075 5076 5077 5078 5079 5080
6152 0 0 4897 4908 4991 5053 5078 5082 5433 5439 5440 5441 5442 5443 5444 5445 68096
6153 3 3 5435 8857 9344 9353 9369 9371 9372 9373 9374 9375
6154 4 4 39361 55730 55737 58070 58071 58072 58073 58074 58075 58076 58077 58078
6155 4 4 39357 50374 50375 50376 50377 50378 50379 50380 50381 50382 50383
6156 0 0 24600 34498 34512 34970 35001 35005 35027 35028 35029 35030 35031
6157 0 0 24603 34502 34505 34549 34550 34551 34552 34553 34554 34555 34556 34557
6158 3 3 35612 35678 35693 35701 35741 35753 35754 35755 35756 35757 35758 35759 35760
6159 3 3 35617 35677 35747 42568 42569 42570 42571 42572 42573 42574 42575
6160 3 3 45008 45046 45069 45077 45078 45079 45080 45081 45082 45083 45084 45085 45086 45087
6161 3 3 45025 45035 45067 45088 45089 45090 45091 45092 45093 45094 45095 45096 45097 45098 45099 45100 45101 45102
6162 4 4 31446 31457 31479 31518 31568 31569 31570 31571 31572 31573 31574 31575 31576 31577 31578 31579 31580 31581 31582
6163 4 4 25786 31503 31507 31583 36009 36027 36029 36030 36031 36032
6164 0 0 60304 60306 60323 60326 60338 60352 64493 64495 64506 64509 64515 64518 64520 64521 68097
6165 0 0 52638 60325 60340 60356 64490 64497 64511 68098
6166 3 3 55255 55292 58024 58034 58041 58048 58052 59029 60022 60023 60024 60025 60026 60027
6167 3 3 55277 55290 59032 60013 60030 60035 60036 60037 60038 60039
6168 3 3 28010 34049 34110 39638 49706 50453 55582 58797 58821 58829 58838 58839 58840 58841 58842 58843
6169 3 3 34123 38253 38261 38273 38274 38275 38276 38277 38278 38279 38280 38281 38282
6170 3 3 34104 34113 34119 34126 58796 58808 58831 58832 58835 58836 58837 58838
6171 3 3 38281 38289 39957 39971 49045 49258 49679 49698 49701 49702 49703 49704 49705 49706 49707 49708 49709 49710 49711 49712 49713 49714
6172 0 0 11593 18900 18905 18917 25586 25592 25597 25598 25599 25600 25601 25602 25603 25604 25605 25606 25607 25608 25609 68099
6173 3 3 18672 18679 18857 25583 25614 25615 25616 25617 25618 25619 25620 25621 25622 25623 25624
6174 3 3 25604 25619 25813 35981 35982 35983 35984 35985 35986 35987 35988 35989 35990 35991 35992
6175 0 0 6752 11891 11896 18668 18682 18893 18906 18918 25582 25583 25584 25585 25586 25587 25588 68100
6176 4 4 19727 27517 27746 37999 38045 38048 38075 38087 38207 38220 38226 38228 38229 38230 38231 38232 38233
6177 4 4 27496 27546 38211 49199 49212 49216 49221 49223 49224 49225 49226
6178 0 0 19759 19875 19885 27511 27536 27548 38189 38197 38201 38202 38203 38204 38205 38206 38207 38208 38209 38210 38211 38212 68101
6179 4 4 27483 37998 38228 38244 45875 48998 49202 49228 49232 49236 49242 49586 49596 49602 49612 49617 49619 49620 49621 49622 49623
6180 0 0 17215 17435 17443 17470 32480 34993 35037 43027 43035 43043 43074 43088 43090 43092
6181 0 0 9597 16322 32257 32272 32286 32330 32436 32451 32468 32475 32481 32483 32484 32485 32486 32487
6182 0 0 10498 17211 17453 17473 32463 32474 32476 32486 34584 43015 43033 43040 43044 43045 68102
6183 0 0 17444 17481 23142 23225 24885 32329 32348 32469 32479 32484 34994 43024 43029 43061 43073 43088 43089
6184 0 0 4302 4303 4304 4305 4306 4307 4308 4309 4310 68103
6185 0 0 5875 5876 5877 5878 5879 5880 5881 5882 5883 5884 5885 5886 5887 5888 5889
6186 4 4 24122 24129 33309 44421 44428 44429 44430 44431 44432 44433 44434
6187 4 4 21249 21250 21251 21252 21253 21254 21255 21256
6188 3 3 12670 15450 18213 19472 25132 26760 26765 26769 26770 26771 26772 26773 26774 26775 26776 26777
6189 3 3 12673 25058 25102 25112 25124 25130 26758 26856 35196 35219 35267 35273 35277 35279 35280 35281 35282 35283
6190 3 3 18329 18343 18355 18364 18375 18376 18377 18378 18379 18380
6191 3 3 18155 18353 18367 18409 18523 18533 18590 18597 21596 35066 35072 35073 35074 35075 35076 35077 35078 35079 35080 35081 35082
6192 3 3 16195 16211 16221 16229 16235 16245 22541 22968 28801 28821 28850 32501 32507 32518 32519 32520 32521 32522 32523 32524
6193 3 3 8093 8125 9387 16132 16133 16134 16135 16136 16137 16138 16139 16140
6194 3 3 16140 16149 16163 16175 16185 16193 16204 16212 16213 16214 16215 16216 16217 16218 16219 16220 16221
6195 3 3 5326 5688 5728 8095 9382 16137 16190 16227 22984 28782 28804 28817 28822 28847 28848 28849 28850
6196 4 4 14158 14167 14171 14202 20958 20983 21705 36827 36828 36829 36830 36831 36832 36833 36834 36835
6197 4 4 14136 14212 14213 14214 14215 14216 14217 14218 14219 14220 14221
6198 4 4 14169 14213 20784 20959 20984 36832 39725 42470 42474 42480 42481 42482 42483 42484 42485 42486 42487 42488 42489
6199 4 4 8226 14144 14155 14166 14171 14172 14173 14174 14175 14176 14177 14178 14179 14180 14181 14182
6200 0 0 49055 49064 49065 49066 49067 49068 49069 49070 49071 49072 49073
6201 0 0 27486 48905 49078 49230 49584 49597 49603 49605 49606 49607 49608 49609 49610 49611 49612 49613 49614
6202 0 0 49206 49225 49239 49504 49519 49526 49563 49583 49592 49599 49600 49601 49602 49603 49604
6203 0 0 27487 37867 48994 49005 49063 49074 49075 49076 49077 49078 49079 49080
6204 3 3 36282 36295 39170 39207 39212 39219 39220 39221 39222
6205 3 3 16569 23851 28914 33317 33327 33341 33347 33471 33475 33476 33477 33478 33479 33480 33481 33482 33483 33484
6206 0 0 9408 16272 21922 21931 30692 30702 30703 30704 30705 30706 30707 30708 30709 68104
6207 0 0 30694 41784 52612 60298 64450 64488 64501 64503 64504 64505 64506 64507 68105
6208 2 2 21935 26334 30695 30703 30712 30719 41780 41793 43171 43178 52609 52610 52611 52612 52613 52614 52615 52616 52617 52618
6209 0 0 30693 30704 30716 36727 36746 41781 43193 64487 64500 64503 68106
6210 0 0 18396 18403 18425 18461 18581 18589 25305 25306 25307 25308 25309 25310 25311 25312 25313 25314 25315
6211 0 0 18395 18406 18412 18457 18464 18499 18507 18522 18528 18531 18532 18533 18534 18535
6212 0 0 13525 13534 13540 20303 20304 28072 28085 28096 28098 28099 28100 28101 28102 28103 68107 68108
6213 3 3 13541 28074 28081 28094 38739 38740 38741 38742 38743 38744 38745
6214 3 3 38171 38177 43959 43970 50205 50213 50223 54521 54567 63335 63340 63351 63353 63354 63355
6215 3 3 38142 38174 38397 43322 43936 43968 43980 43981 43982 43983 43984 43985 43986 43987 43988
6216 3 3 38166 38182 43932 43956 43967 43988 49153 49155 49156 49157 49158 49159 49160 49161 49162 49163 49164 49165
6217 3 3 38181 39435 43329 43969 43987 43993 50208 50212 50213 50214 50215 50216 50217 50218 50219 50220
6218 4 4 52059 52083 52110 52137 52151 52309 52319 59967 59968 59969 59970 59971 59972 59973 59974 59975 59976 59977 59978 59979
6219 4 4 59540 64065 64074 65922 65957 66008 66025 66033 66038 66039 66040 66041
6220 4 4 52140 52153 52306 59972 64058 64059 64060 64061 64062 64063 64064 64065 64066 64067 64068 64069 64070
6221 4 4 65911 65912 65913 65914 65915 65916 65917 65918 65919 65920 65921 65922 65923 65924 65925 65926
6222 3 3 53940 55698 59094 59300 59322 59374 60909 60913 60921 60922 60923 60924 60925 60926 60927 60928 60929 60930 60931 60932
6223 3 3 55707 60967 62968 62975 62992 65373 65399 65628 65804 65825 65829 65835 65840 65844
6224 3 3 60932 60940 60946 60953 60962 60973 62972 63759 65170 65793 65807 65808 65809 65810 65811
6225 3 3 55699 60849 60866 60910 60921 60954 60966 61934 62013 62974 62995 63492 65615 65618 65627 65628 65629 65630 65631 65632 65633 65634 65635 65636
6226 0 0 6209 7745 15139 17186 22113 22121 27919 32439 32454 34580 34585 34595 34602 34603 34604 34605 34606 34607 68109
6227 0 0 15154 16540 22114 22119 32434 32441 32443 32444 32445 32446 32447 32448 32449 68110
6228 0 0 15138 22112 22113 22114 22115 22116 68111
6229 3 3 32443 32455 34523 34547 34567 34581 34588 34592 34593 34594 34595 34596 34597 34598 34599 34600 34601
6230 4 4 20356 28145 29839 37737 37754 37760 37766 37770 37793 48809 48838 48845 48847 48848
6231 4 4 37740 37755 37843 38688 38734 39090 48805 48816 48817 48818 48819 48820 48821 48822 48823 48824 48825 48826
6232 4 4 7688 13169 13236 13508 13514 19728 19891 27750 27753 27756 27757 27758
6233 4 4 13191 13202 13211 13212 13213 13214 13215 13216 13217 13218
6234 0 0 7614 12703 12724 12740 12919 12925 12926 12927 12928 12929 12930 12931 12932 68112
6235 0 0 10773 12826 12944 12954 12955 12956 12957 12958 12959 12960 12961 68113
6236 0 0 7535 7579 7593 7603 7625 12699 12706 12711 12938 12946 12954 12963 12966 12967 12968 12969 12970 12971 68114 68115
6237 0 0 7613 10768 10772 10792 12747 12785 12815 12823 12828 12928 12950 12957 12964 12983 12990 12991 12992 12993 68116
6238 3 3 12212 19293 19294 19295 19296 19297 19298 19299 19300 19301 19302 19303
6239 3 3 21977 26401 26405 26426 30670 32925 32935 43544 43551 45058 45063 52567 52576 52591 52593 52594 52595 52596
6240 3 3 19303 19311 19318 21965 26423 26502 32932 45059 45062 48129 48212 48221 48234 48269 52593 53991 54000 54030 54040 54041 54042 54043
6241 3 3 12207 19300 21955 21964 21975 21985 26407 26425 30649 30653 30665 30666 30667 30668 30669 30670
6242 3 3 60979 60989 60995 61000 61003 61033 61363 61373 64769 65060 66227 66237 66247 66253 66254 66255 66256 66257 66258
6243 3 3 56697 64943 64983 65021 65024 66226 66238 66243 66248 66249 66250 66251 66252
6244 3 3 8161 8237 8270 8272 8273 8274 8275 8276 8277 8278 8279 8280 8281 8282 8283
6245 3 3 8251 8260 14232 14240 14248 14249 14250 14251 14252 14253 14254 14255 14256 14257 14258
6246 3 3 2031 2043 2068 2164 2183 2184 2185 2186 2187 2188 2189 2190 2191 2192 2193 2194
6247 3 3 2160 2167 2173 2180 2182 2196 4895 5045 8808 8826 8833 8838 8839 8840 8841
6248 3 3 2194 2195 4896 4919 5023 5033 5043 5044 5045 5046 5047 5048 5049 5050 5051 5052 5053 5054 5055 5056
6249 0 0 1024 1739 2066 2128 2165 2172 2186 5037 8812 8836 8841 8842 8844 8847 68117
6250 2 2 50036 50057 50109 50134 59058 59070 59072 59073 59074 59075 59076 59077 59078 59079
6251 2 2 39265 44379 44393 44398 44413 50082 50090 50113 50188 50189 50190 50191 50192 50193 50194 50195 50196 50197
6252 2 2 50061 50066 50085 50093 50106 50107 50108 50109 50110 50111 50112 50113
6253 2 2 50197 57636 59073 59083 63243 63244 63245 63246 63247 63248 63249
6254 0 0 4673 4678 11089 12681 12682 12683 12684 12685 12686 12687 12688 68118
6255 0 0 4679 11086 12910 13012 13047 13636 13647 13657 13662 13669 13684 13694 13695 13696 13697 13698 68119
6256 0 0 32821 48163 48164 48165 48166 68120
6257 0 0 32820 32872 32889 32901 48131 48168 48178 48202 48216 48217 48218 48219 48220
6258 0 0 30210 32902 48134 48145 48152 48163 48169 48175 48178 48179 48180 68121
6259 0 0 30220 32816 32818 32819 32820 32821 32822 32823 32824 32825 68122 68123
6260 0 0 13181 13182 13183 13184 13185 13186 13187 13188 13189 68124
6261 0 0 13150 15752 23952 23964 23972 23976 23977 23978 23979 23980 23981 68125
6262 0 0 13182 23956 23962 23979 23993 23995 23996 23997 23998 68126
6263 0 0 13112 13143 13156 13184 19755 19773 19778 19788 19800 23954 23976 23986 23989 23990 23991 23992 68127
6264 3 3 16139 16148 16189 16216 16222 16223 16224 16225 16226 16227 16228 16229
6265 3 3 11778 16160 16240 18984 18991 18992 18993 18994 18995 18996 18997 18998 18999 19000
6266 3 3 11498 11505 25559 25678 25819 25830 25831 25832 25833 25834 25835
6267 0 0 3405 6672 6730 6767 11427 11428 11429 11430 11431 11432 11433 11434 11435 11436 11437 68128
6268 3 3 11448 11449 11450 11451 11452 11453 11454 11455 11456
6269 0 0 11429 11442 11503 18667 18674 18849 18899 25554 25811 25822 25832 25836 25837 25838 25839 68129
6270 0 0 22803 22810 24637 32040 32051 32057 32072 33142 42800 42813 42834 42853 42857 42859
6271 0 0 9243 24678 24694 24704 24705 24706 24707 24708 24709 24710 24711 24712 24713 24714 24715
6272 0 0 24666 24672 24679 24683 24692 24700 24703 24715 24721 24722 24723 24724 24725 24726 24727 24728 24729 24730 24731
6273 0 0 42788 42789 42790 42791 42792 42793 42794 42795 42796 42797 42798 42799 42800 42801
6274 0 0 21265 29688 29693 29694 29695 29696 68130
6275 0 0 29691 30679 40808 40812 40824 40825 40826 40827 40828 68131
6276 0 0 856 876 1123 1129 1196 1658 2573 2579 2586 3197 7433 7461 7462 7463 7464 7465 7466 68132
6277 0 0 2532 2540 2557 2572 5522 5527 7436 7457 7469 7470 7471 7472 7473 7474 7475
6278 0 0 7428 7429 7430 7431 7432 7433 7434 7435 7436 7437 7438 7439 7440 7441 7442 7443 7444 7445 68133
6279 0 0 1193 1525 2555 2571 2575 2576 2577 2578 2579 2580 2581 68134
6280 4 4 37344 37352 37359 54391 54639 56975 56988 56989 56990 56991 56992 56993 56994
6281 4 4 44079 53423 54387 54449 54620 54641 54652 56986 57015 57024 57038 57042 57055 57056 57057 57058
6282 3 3 28125 28235 28258 38987 49715 49781 49913 49918 49940 49942 49943 49944 49945 49946 49947 49948
6283 3 3 28109 28110 28111 28112 28113 28114 28115 28116 28117
6284 0 0 979 988 996 1002 1014 1019 1107 1692 1704 1708 1717 1718 1719 1720 68135
6285 3 3 1009 1099 1699 1716 1731 2023 2097 4915 4923 8733 8756 8757 8758 8759 8760 8761 8762
6286 0 0 953 973 990 998 1003 1004 1005 1006 1007 1008 1009 1010 1011 1012 1013 1014 68136
6287 3 3 1687 1688 1689 1690 1691 1692 1693 1694 1695 1696 1697
6288 0 0 29507 29508 29509 29510 29511 29512 29513 29514 29515 29516 68137
6289 0 0 29514 29525 29531 29532 29533 29534 29535 68138
6290 4 4 7626 12937 12968 12974 12977 12985 13004 13627 19585 19595 19603 19606 27042 27044 27045 27046 27047 27048 27049
6291 4 4 27059 27064 27070 27094 27109 34475 37366 37372 37391 37398 37400 37401 37402 37403 37404 37405 37406
6292 4 4 19588 19611 27053 27060 27061 27062 27063 27064
6293 4 4 12837 12997 27035 27040 27046 27176 37362 37376 37380 37384 37385 37386 37387 37388
6294 4 4 56715 56733 62427 62452 62458 62646 62648 62649 62650 62651 62652 62653 62654
6295 4 4 53833 54801 56822 61211 61242 61257 61272 61276 61294 61339 62489 62644 64905 64922 64937 64950 64951 64952 64953 64954 64955
6296 4 4 64968 64969 64970 64971 64972 64973 64974 64975 64976 64977 64978 64979
6297 4 4 46877 46882 53832 54800 54837 56821 56840 56844 56860 61210 61265 61271 62422 62450 62454 62488 62501 62642 62643 62644 62645 62646 62647
6298 3 3 24824 31776 33173 34720 46108 46109 46110 46111 46112 46113 46114 46115 46116 46117 46118 46119 46120 46121 46122 46123 46124
6299 3 3 46125 46126 46127 46128 46129 46130 46131 46132 46133 46134 46135 46136 46137
6300 4 4 39141 39157 49482 49490 49497 58944 58949 58953 63185 63193 63199 63202 63203 63204
6301 4 4 58776 58975 58979 58993 63148 63166 63171 63187 63197 63201 63206 63208 63209 63210
6302 4 4 65462 65463 65464 65465 65466 65467 65468 65469 65470 65471 65472
6303 4 4 52196 52221 52352 55245 55262 55280 55285 55317 55318 63214 63221 63226 63227 63228 63229
6304 4 4 52222 55320 58210 58224 63215 63227 63238 64089 64121 64433 65470 65477 65479 65488 65495 65498 65501 65502 65503
6305 4 4 49886 55263 55278 55296 59033 60037 63218 63220 63221 63222 63223 63224 63225
6306 4 4 29469 40198 41145 41148 51017 51018 51019 51020 51021 51022 51023 51024
6307 4 4 30522 41153 41745 50984 51026 51036 52494 54065 59747 59758 59789 59816 59834 59851 59867 59871 59872
6308 0 0 24243 24260 24267 33845 33853 33855 33856 33857 68139
6309 0 0 15472 15473 15474 15475 15476 15477 15478 15479 15480 15481 15482 15483 68140
6310 3 3 38476 44721 46242 49402 49410 49424 49445 56255 56324 56328 56331 56332
6311 3 3 16607 23973 27555 34713 34785 37903 37906 37925 38475 38495 44717 49084 49088 49101 55131 56204 56289 56322 56327 56340 56341 56342 56343
6312 0 0 10255 10422 10433 10466 15711 18834 24557 25781 25792 25793 25794 25795 25796 68141
6313 0 0 10410 10420 10434 10438 10446 10455 10456 10457 10458 68142
6314 0 0 24432 33981 33991 34819 43840 43845 45403 45405 45406 45407 45408 45409 45410 45411 45412 45413 45414
6315 0 0 33989 34000 45438 45458 45480 54195 55452 55461 55471 55476 55477 55478 55479
6316 4 4 995 1108 1690 1703 1720 1722 1730 1745 2022 2042 2109 2163 2188 4893 4914 4918 4919 4920 4921 4922 4923 4924 4925
6317 4 4 1712 2020 2065 4814 8691 8706 8713 8719 8735 8756 15047 15063 15068 15069 15070 15071 15072
6318 4 4 2025 2039 4922 8757 15064 15068 15078 15079 15080 15081 15082 15083 15084
6319 0 0 981 1023 1689 1701 1705 1706 1707 1708 1709 1710 1711 1712 1713 1714 1715 1716 68143
6320 0 0 12839 12854 12869 12888 12894 12933 27073 27086 27095 27106 27107 27108 27109 27110 27111 27112 27113 27114 27115 27116
6321 0 0 7536 7542 7550 7557 7558 7569 7584 7618 7619 7620 7621 7622 7623 7624 7625 7626 7627 7628
6322 0 0 7525 7560 7565 7566 7567 7568 7569 7570 7571 7572 7573 7574
6323 0 0 12935 19590 27054 27061 27096 27110 27118 37369 37373 37390 37391 37392 37393
6324 0 0 20107 27966 27984 27991 27992 27993 27994 27995 27996 68144
6325 0 0 20285 20292 27962 27973 27974 27975 27976 27977 68145
6326 0 0 1884 3495 4576 4590 7716 13880 13899 13903 13904 13905 13906 13907 13908 13909 13910 13911 68146
6327 0 0 1836 1851 1876 1877 1878 1879 1880 1881 1882 1883 1884 68147
6328 0 0 1876 4592 7720 13881 13893 13911 13912 68148
6329 0 0 1841 1879 3326 3367 3490 4444 4570 13889 13904 13913 13924 13925 13926 13927 68149
6330 0 0 15731 15744 15745 15746 15747 15748 15749 15750 68150
6331 0 0 15736 17247 17248 17249 17250 17251 17252 17253 17254 17255 17256 17257 17258 68151
6332 4 4 31172 31227 34164 34170 34215 34399 51286 51312 51384 55801 55814 55824 55835 55844 55855 55857 55858 55859 55860
6333 4 4 40702 45633 45651 45652 51299 51311 51315 51324 51331 51333 51334 51335 51336
6334 4 4 27155 31167 40659 40669 45647 51289 51314 51335 51347 51372 51377 51378 51379 51380 51381
6335 4 4 40685 40692 40704 40717 40729 40732 45656 46517 48651 51297 51309 51317 51322 51323 51324 51325 51326 51327
6336 2 2 20269 20278 20291 28028 28038 28047 28048 28049 28050 28051 28052 28053 28054 28055 28056 28057 28058 28059 28060
6337 2 2 13489 13501 19741 19882 20265 27514 28033 34078 34081 34082 34083 34084 34085 34086 34087 34088 34089
6338 0 0 13487 19887 20265 20266 20267 20268 20269 20270 68152
6339 2 2 28036 28037 28056 34083 34120 38252 38260 38261 38262 38263 38264 38265 38266 38267 38268 38269 38270 38271 38272
6340 3 3 7690 13500 19733 19736 19737 19738 19739 19740 19741 19742 19743 19744
6341 3 3 5904 13173 13497 13516 16729 16730 24448 24464 24467 24468 24469
6342 3 3 5903 7692 13167 13168 13169 13170 13171 13172 13173 13174 13175 13176 13177 13178 13179 13180
6343 3 3 24442 24443 24444 24445 24446 24447 24448 24449 24450 24451 24452 24453 24454 24455 24456
6344 0 0 2290 2299 2305 2319 2373 2407 2419 2438 2446 2459 2465 2466 2467 2468 2469 2470 2471 2472 2473 2474 2475 68153
6345 3 3 1809 2293 2303 2323 3510 4369 4370 4371 4372 4373 4374 4375
6346 0 0 6361 9239 9240 9241 9242 9243 9244 9245 9246 9247 9248
6347 0 0 17245 22780 22808 24631 24639 24658 24696 32039 32048 32075 42797 42833 42844 42846 42851 42852 42853 42854
6348 0 0 6248 17109 17239 22776 22788 24658 24659 24660 24661 24662 24663 24664 24665 24666
6349 0 0 24707 32161 42790 42802 42803 42804 42805 42806 42807 42808 42809 42810
6350 4 4 55245 55246 55247 55248 55249 55250 55251 55252 55253 55254 55255 55256 55257 55258 55259
6351 4 4 50920 52229 52298 52335 52350 52351 52352 52353 52354 52355 52356 52357 52358
6352 0 0 25860 25872 25875 25879 25884 25887 30911 30926 30927 33507 36033 36047 36048 36049 36050 36051 36052 36053 36054 68154
6353 0 0 30907 30921 36037 36060 36069 36073 36074 36075 36076
6354 0 0 5233 5245 6588 6600 6604 11092 11093 11094 11095 11096 11097 11098
6355 0 0 1183 2239 2253 2551 3246 3254 5232 5242 5247 5248 5249 5250 68155 68156
6356 0 0 3243 3249 3250 3251 3252 3253 3254 3255 68157 68158
6357 0 0 5240 5246 5250 6577 6587 6597 7372 11093 11106 11109 11126 12450 12482 12483 12484 12485 12486 68159
6358 3 3 1524 1660 2559 5518 7443 7460 7464 7470 7480 7482 7508 7516 7522 7523
6359 3 3 7428 7456 7496 7507 7512 12657 19548 19574 26732 26750 26751 26817 26843 26845 26846 26847 26848 26849 26850 26851
6360 4 4 12649 12654 12664 12669 25075 25964 26808 26809 26810 26811 26812 26813 26814 26815 26816 26817 26818 26819 26820 26821 26822
6361 4 4 25042 25062 25970 25980 26780 26796 26797 26798 26799 26800 26801 26802 26803 26804 26805 26806 26807
6362 4 4 7655 15476 16894 17020 17910 17924 17928 17929 17930 17931 17932 17933 17934 17935 17936 17937
6363 0 0 24213 24227 24232 24240 24247 24259 24264 24268 33844 33851 33852 33853 33854 68160
6364 4 4 11741 15111 36035 36054 36061 36062 36063 36064 36065 36066 36067
6365 4 4 30881 30908 30928 31689 31712 33495 36036 36047 36059 36068 36069 36070 36071 36072
6366 0 0 13660 13666 13685 13693 20443 20453 20459 27281 27372 28350 45537 45550 45551 45552 45553 45554
6367 0 0 13020 13634 13635 13636 13637 13638 13639 13640 13641 13642 68161
6368 2 2 5106 10451 15124 15706 22255 22279 22293 23214 23238 23246 31482 31515 31520 31521 31522 31523 31524
6369 2 2 10436 10437 10438 10439 10440 10441 10442 10443
6370 0 0 3116 5101 5120 10407 10436 10444 10445 10446 10447 10448 10449 10450 10451 10452 10453 10454 68162
6371 2 2 10423 10442 10461 10467 15120 15131 15713 24538 24558 24561 25785 25792 31472 31507 31508 31509 31510 31511 31512 31513 31514 31515 31516 31517 31518 31519
6372 0 0 38903 38904 38905 38906 38907 38908 38909 38910 38911 38912 38913 38914 38915
6373 0 0 46624 49817 49830 49835 49844 49852 49856 49859 62279 62342 62393 62412 62418
6374 0 0 2725 16859 16871 17922 25175 25200 25203 25207 68163
6375 0 0 2727 9683 10040 15282 16869 23579 25174 25181 25193 25196 25205 25207 68164
6376 0 0 6583 6592 7378 11143 11144 11145 11146 11147 11148 11149 11150 11151 11152 68165
6377 2 2 6596 7375 11125 12407 12422 19370 19385 19386 19387 19388 19389 19390 19391 19392 19393 19394 19395 19396 19397
6378 0 0 549 3193 5273 6512 6513 6514 6515 6516 6517 6518 68166
6379 0 0 5271 9145 9161 11080 17731 17877 17878 17879 17880 17881 17882 17883 17884 17885
6380 4 4 8261 8583 14951 14966 14973 14984 19127 20628 20712 20718 28705 28721 28726 28729 28730 28731 28732 28733
6381 4 4 14220 14948 14963 14970 14993 15000 20769 20779 21193 42473 42490 42501 42505 44303 47906 53027 53036 53048 53050 53059 53067 53068 53069
6382 4 4 14959 14988 14992 15000 15001 15002 15003 15004 15005 15006 15007 15008 15009 15010 15011 15012
6383 4 4 8582 14126 14949 14961 14962 14963 14964 14965 14966 14967 14968 14969
6384 0 0 1710 2013 2018 2064 4813 8690 8705 8706 8707 8708
6385 0 0 2026 2046 2054 2062 4809 4822 4834 4839 15060 15066 15073 15074 15075 15076 15077
6386 3 3 33647 38128 38140 38141 38142 38143 38144 38145 38146 38147 38148 38149 38150 38151 38152
6387 3 3 33620 33656 33669 37941 37966 37970 37983 37984 37985 37986 37987 37988 37989 37990 37991 37992 37993 37994
6388 4 4 21970 26400 26405 26406 26407 26408 26409 26410 26411 26412 26413 26414 26415 26416 26417 26418 26419
6389 4 4 26398 32934 43556 43566 45012 45023 45032 45055 45061 45062 45063 45064 45065 45066
6390 4 4 17684 17699 17705 17716 18255 27231 29563 29564 29565 29566 29567 29568 29569
6391 4 4 17690 17711 17717 27206 27240 28360 28440 28460 29575 29725 29736 29739 29740 29741 29742
6392 0 0 13882 13951 13970 13977 13983 13984 13985 13986 13987 13988 68167
6393 0 0 16581 20613 20621 22242 33307 33325 39228 39232 39251 63287 63315 63319 63321 63322 63323 63324
6394 0 0 13884 13914 13978 13986 13994 14005 14011 16574 16580 20599 20606 20607 20608 20609 20610 20611 20612 20613 20614 20615 68168
6395 0 0 13957 13965 13973 13985 15261 16579 22231 22239 39176 39193 39229 39234 39244 39251 39252 39253
6396 4 4 14704 14782 21404 21426 21433 21436 21445 21446 21447 21448 21449 21450 21451 21452 21453 21454
6397 4 4 8378 8437 8438 8439 8440 8441 8442 8443 8444 8445 8446 8447 8448
6398 4 4 8448 11267 14706 14780 18437 18517 18539 21411 21434 21448 21591 21602 21634 24936 24937 24938 24939 24940 24941 24942 24943 24944 24945
6399 4 4 6455 8377 8390 8440 9028 14574 14703 14722 14760 14781 18444 21353 21365 21398 21415 21419 21420 21421 21422 21423 21424 21425 21426 21427 21428
6400 0 0 7999 8307 13712 23767 23783 23784 23785 23786 23787 68169
6401 4 4 44290 44297 44301 44313 44317 44320 44322 47803 47815 47817 47818 47819 47820 47821 47822
6402 4 4 23774 23782 23787 23824 23827 44251 44252 44253 44254 44255 44256 44257 44258 44259
6403 0 0 8301 8310 8585 13702 13708 14184 14197 14207 20773 23785 23807 42499 42506 44296 44300 44307 44314 44315 44316 44317 68170
6404 0 0 358 1182 1634 2244 2255 2261 3570 3584 3591 7391 7399 7408 7414 7415 7416 7417 7418 7419 7420 68171
6405 0 0 1638 3573 3606 7145 7146 7147 7148 7149 7150 7151 7152 68172
6406 0 0 3577 3588 3598 3612 3616 3646 4179 7152 7395 7408 7409 7410 7411 7412 7413
6407 0 0 1633 1634 1635 1636 1637 1638 1639 1640 68173
6408 4 4 41189 41198 41217 41812 41838 41844 41846 43349 43436 43480 43489 51775 51806 51815 51823 51827 51828 51829
6409 4 4 32830 32851 32862 32881 32899 33810 41180 43336 43424 43435 43445 43462 43463 43464 43465 43466 43467 43468
6410 4 4 41177 41186 43335 43468 51767 51777 51782 51799 51800 51801 51802 51803 51804 51805 51806 51807
6411 4 4 30740 32838 32852 32908 41184 41192 41196 41203 41209 43419 43432 43433 43434 43435 43436 43437 43438 43439 43440 43441 43442
6412 3 3 36111 36120 36133 36143 36149 36150 36151 36152 36153 36154 36155
6413 3 3 36116 36130 36172 36199 47416 47417 47418 47419 47420 47421 47422 47423 47424 47425
6414 0 0 40847 40856 41764 43534 43541 43546 43569 43572 43573 43574
6415 0 0 52562 52563 52564 52565 52566 52567 52568 52569
6416 0 0 26404 26416 32936 41762 43530 43545 43550 43551 43552 43553 43554 43555 43556 43557
6417 0 0 30678 40841 41766 52569 52573 52585 52589 52597 52600 52601 52602 52603 68174
6418 3 3 10079 13118 13140 16936 16945 16946 16947 16948 16949 16950 16951 16952 16953
6419 3 3 13147 13159 16588 16939 19772 19777 23953 23975 23981 23982 23983 23984 23985 23986 23987 23988
6420 0 0 10076 13113 13144 13155 16593 16934 16949 23988 23990 33693 33907 33922 33935 33936 33937 33938 33939 33940 33941 68175
6421 3 3 13115 13145 16941 16951 19756 19767 19777 19778 19779 19780 19781 19782 19783 19784 19785 19786 19787
6422 2 2 51863 51864 51865 51866 51867 51868 51869 51870 51871 51872 51873 51874 51875
6423 2 2 51837 51844 51884 51914 52511 52517 52518 52519 52520 52521 52522 52523 52524 52525
6424 0 0 8196 8202 8209 8216 8217 8218 68176 68177
6425 0 0 4647 8203 8212 14105 14113 14477 14483 14491 14492 14493 68178
6426 3 3 57806 57807 57808 57809 57810 57811 57812 57813 57814 57815 57816 57817 57818 57819 57820 57821
6427 3 3 45151 48080 48088 48103 48205 57834 57851 57860 57872 57883 57895 57907 57912 57913
6428 0 0 7455 12378 12393 17772 17779 26857 35166 35194 35223 35236 35268 35272 35277 35278
6429 0 0 7489 11073 12389 15382 17760 17761 17762 17763 17764 17765 17766 17767 17768 68179
6430 0 0 15383 17766 17777 24993 25004 35142 35146 35147 35148 35149 35150
6431 0 0 7487 12381 12385 12386 12387 12388 12389 12390 12391 12392 12393 12394 12395 68180
6432 0 0 14418 14883 14896 16792 16799 16806 16810 16817 20326 21818 21825 23092 23093 23094 23095 23096 23097 23098 23099 23100 23101 68181
6433 4 4 20859 21819 21827 23127 28128 38920 38928 38934 38947 38966 38980 39895 39914 41344 41402 50861 50902 50913 50929 50932 50933
6434 4 4 16819 21830 23099 23102 23109 23121 23127 23128 23129 23130 23131 23132
6435 4 4 21812 21813 21814 21815 21816 21817 21818 21819 21820 21821 21822 21823
6436 3 3 13409 20005 20022 20030 20036 20041 23858 23865 23881 23890 23891 23892 23893 23894 23895 23896 23897 23898 23899 23900
6437 3 3 33361 33367 33372 33374 33383 33428 44479 44493 44494 44495 44496 44497 44498 44499
6438 3 3 14698 14702 14774 21306 21318 21537 21551 21556 21562 21563 21564 21565 21566 21567 21568 21569 21570 21571
6439 3 3 14785 21447 21557 21633 24940 24952 24986 24990 29402 29428 30186 30192 40421 40998 51098 51099 51100 51101 51102 51103 51104 51105 51106 51107 51108 51109 51110
6440 3 3 21552 21558 21568 21626 24978 24979 24980 24981 24982 24983 24984 24985 24986 24987 24988
6441 3 3 14784 21302 21312 21442 21445 21519 21523 21527 21532 21539 21553 21570 21625 21632 24950 29404 29420 29428 29429 29430 29431 29432 29433 29434 29435 29436 29437 29438
6442 4 4 16773 17043 20582 24099 24107 24108 24109 24110 24111 24112 24113 24114 24115
6443 4 4 16784 17047 33558 39456 39467 39468 39469 39470 39471 39472 39473 39474 39475 39476 39477
6444 0 0 6347 10231 10241 10258 10272 10275 17085 17086 17087 17088 17089
6445 0 0 6350 6675 10230 10240 10244 10245 10246 10247 10248 10249 10250 10251 10252 68182
6446 4 4 12924 12932 12943 12975 12981 27038 27044 37361 37378 37379 37380 37381 37382 37383
6447 4 4 27177 37367 37375 37384 37394 37401 37425 37539 37544 37565 37582 37590 37598 37599 37600
6448 4 4 19591 19599 19605 19610 27048 27051 27053 27054 27055 27056 27057 27058 27059
6449 4 4 12779 12790 12836 17596 17619 27179 37370 37387 37541 37548 37577 37586 37596 37600
6450 3 3 32372 46287 46302 46319 46320 46321 46322 46323 46324 46325 46326 46327 46328
6451 3 3 24891 34932 35909 35933 46027 46341 46347 46393 46409 47529 53117 62217 62254 62257 62262 62266 62268 62270 62273 62274
6452 3 3 34834 34940 46291 46304 46327 46343 46351 46362 46380 46396 46402 46405 46406 46407 46408 46409
6453 3 3 25769 34933 46342 53127 53134 53146 53153 54492 61579 62218 62221 62261 62269 62272 62274
6454 4 4 2799 6333 6345 6354 6663 10238 10265 10276 17085 17563 24545 24589 24593 32165 32172 32178 32184 32185 32186 32187 32188 32189 32190 32191
6455 4 4 10254 10266 10415 10424 10428 10465 18833 24530 24550 24551 24552 24553 24554 24555 24556 24557 24558 24559 24560
6456 4 4 24527 24528 24529 24530 24531 24532 24533 24534 24535 24536 24537 24538 24539 24540 24541 24542
6457 4 4 6342 6679 10234 10242 10251 10257 10273 10275 10276 10277 10278
6458 3 3 24130 40381 40416 41500 41507 41516 41517 41518 41519 41520 41521 41522 41523 41524 41525 41526 41527 41528 41529 41530
6459 3 3 22083 22094 30854 30864 40404 40411 41511 41548 41897 52371 52380 52404 52416 52417 52418 52419 52420 52421 52422
6460 0 0 15479 15491 16898 16908 17907 22362 24241 24249 24266 33846 33854 33857 33858 33859 33860 68183
6461 0 0 10088 16846 16914 24189 24210 24217 31211 31229 33866 42242 42244 45213 45247 45254 45275 45284 45291 45297 68184
6462 0 0 15478 16847 16915 22359 24187 24265 33848 33856 33858 33861 33864 33865 33866 33867 68185
6463 0 0 10093 16848 22322 24206 24214 24215 24216 24217 24218 24219 24220 24221 24222 24223 24224 24225 24226 24227
6464 0 0 571 585 1749 1752 2140 2143 2144 2145 2146 2147 2148 2149 2150 2151 68186 68187
6465 0 0 1750 2156 2171 2174 2181 8809 8819 8821 8840 8842 8843 68188
6466 0 0 5278 5393 9158 10980 11002 11003 11004 68189
6467 0 0 9133 9147 9163 17722 17723 17724 17725 17726 17727
6468 0 0 5257 5258 5259 5260 5261 5262 5263 68190
6469 0 0 6517 9136 9150 9160 10990 11002 17726 17732 17881 25005 25009 25010 25011 25012 25013 25014 25015 68191
6470 0 0 36236 47300 47318 47331 47339 47496 47504 57211 57223 57224 57225 57226 57227
6471 0 0 36239 36253 47348 47367 57209 57230 57234 57315 57334 57342 57369 57389
6472 2 2 10924 10935 10940 10945 10950 17634 17643 17654 17658 17672 18303 18316 18333 18349 24915 27168 37475 37489 37498 40542 40553 40559 40572 40575 40576
6473 2 2 18308 18336 24918 29666 35090 35508 35509 35510 35511 35512 35513 35514 35515 35516 35517 35518
6474 2 2 17757 23710 23713 23724 25823 35616 35633 35660 35661 35662 35663 35664 35665 35666 35667 35668 35669 35670 35671 35672 35673 35674 35675 35676 35677 35678
6475 2 2 23704 23714 23729 36481 36483 36484 36485 36486 36487 36488 36489 36490
6476 2 2 23703 23704 23705 23706 23707 23708 23709 23710
6477 2 2 17753 23711 35666 35700 35750 35757 35772 36451 36460 36477 36483 37333 42568 42585 42598 47267 47268 47269 47270 47271 47272 47273 47274 47275 47276 47277
6478 0 0 16845 24203 24204 24205 24206 24207 24208 24209 24210 24211 24212 24213 68192
6479 0 0 33844 33845 33846 33847 33848 33849 33850 68193
6480 4 4 34314 34318 34342 37621 37674 37874 48987 55716 55772 58410 58426 58723 58752 62045 65099 65133 65135 65139 65140 65141 65142 65143
6481 4 4 34330 34335 45529 45740 51261 51405 55710 56033 56036 56037 56038 56039 56040 56041 56042 56043
6482 4 4 27266 34310 34331 37619 37633 45738 45855 48986 56032 56036 62190 65107 65127 65143 65153 65157 65164
6483 4 4 34316 34335 34336 34337 34338 34339 34340 34341 34342 34343 34344 34345
6484 3 3 38029 38102 38132 44654 44659 44660 44661 44662 44663 44664 44665 44666 44667 44668 44669
6485 3 3 27667 27689 27703 27718 27820 27847 38110 38115 38463 44640 49125 49133 49141 49142 49143 49144 49145 49146
6486 3 3 38117 44643 44651 44660 44696 49127 49132 49133 49134 49135 49136 49137 49138 49139 49140
6487 3 3 27670 27684 27698 28962 38104 38114 39403 49110 49119 49124 49143 58614 58633 58654 58655 58656 58657
6488 4 4 51123 54353 59886 59893 65193 65234 65261 66081 66113 66118 66121 66125 66127 66129 66132 66133 66134
6489 4 4 29685 40871 46638 56488 59878 59897 59909 64213 64220 64221 64222 64223
6490 4 4 56489 59899 59910 59918 64209 64210 64211 64212 64213 64214 64215 64216 64217 64218 64219
6491 4 4 40868 40877 40897 42041 46655 46659 51116 54374 59873 59874 59875 59876 59877 59878 59879
6492 0 0 1253 5866 9846 9888 9891 9892 9893 9894 68194
6493 0 0 1032 1246 9897 9902 9921 9922 9923 9924 68195
6494 3 3 24418 24428 24750 34820 42915 43781 43835 43846 45405 46234 53474 53491 53495 53531 53543 53550 54162 54169 54180 54203 54204 54205 54206 54207 54208 54209
6495 3 3 34011 42254 43791 43803 43806 43821 43824 43825 43826 43827 43828 43829 43830 43831 43832 43833
6496 3 3 33101 33109 42911 43783 43799 43805 43810 53496 53528 54138 54160 54165 54169 54170 54171
6497 3 3 24419 24427 24746 34005 34822 43818 43828 43839 46222 46233 53479 53532 53534 53542 53543 53544 53545 53546 53547 53548 53549
6498 0 0 1111 4212 6566 12722 12771 12843 37537 37552 37555 37579 37592 37595 68196
6499 0 0 12704 12708 12712 12765 12917 12918 12919 12920 12921 12922 12923 12924 68197
6500 0 0 48487 58090 58104 58153 58160 61007 61013 61019 61370 62595 62629 62639 65033 65039 65042 65048 65049 65050 65051 65052 65053 65054
6501 0 0 48553 58110 58130 58135 58142 60976 60990 60997 61002 61021 61025 61029 61030 61031 61032 61033 61034
6502 0 0 48473 48488 58092 58098 58114 58126 58134 58144 58151 58153 58154 58155 58156 58157 58158
6503 0 0 61011 61017 61022 61028 61034 61372 62590 62603 62630 64939 65049 65059 66230 66236 66245 66254 66264
6504 0 0 14583 14595 29917 30353 30367 30368 30369 30370 30371 68198
6505 0 0 21832 21833 21834 21835 21836 21837 21838 21839 68199
6506 0 0 21839 21846 21853 21856 22040 22056 22076 25265 30356 30364 30373 30377 30378 30379 30380 30381
6507 0 0 22001 29914 30358 30363 30368 30384 30811 30821 30822 68200
6508 3 3 53567 53579 53585 53593 53600 53604 53609 53626 53655 53681 53692 60853 60865 60878 60879 60880 60881
6509 3 3 44896 44897 44898 44899 44900 44901 44902 44903 44904 44905 44906 44907 44908 44909 44910
6510 3 3 44888 44902 44929 44934 44941 47463 47479 53016 53568 53581 53594 53595 53596 53597 53598 53599 53600
6511 3 3 44956 44979 53602 53608 53636 53656 53679 53681 53682 53683
6512 0 0 21264 21265 21266 21267 21268 21269 68201
6513 0 0 21268 29391 29689 29694 29705 40814 40825 40910 41750 41751 41752 41753 41754 41755 41756 41757 41758 41759 68202
6514 4 4 54610 54634 54920 54930 54943 56987 57019 57027 57039 57059 57060 57061 57062 57063 57064
6515 4 4 37342 44089 44123 47262 54393 54913 54933 54945 54960 56976 56990 56995 56996 56997 56998 56999 57000
6516 4 4 39788 40068 55352 55367 55375 55383 59490 59502 59503 59504 59505 59506 59507 59508 59509 59510 59511
6517 4 4 39793 40055 40056 40057 40058 40059 40060 40061 40062
6518 3 3 48770 49754 51585 51611 51617 51622 51623 51624 51625 51626 51627 51628 51629 51630 51631
6519 3 3 48765 48886 49644 49750 49766 51275 51526 51605 51620 51634 51649 51654 51656 51657 51658 51659 51660 51661 51662
6520 0 0 1990 1995 2126 4220 4227 4228 4229 4230 4231 4232 68203
6521 0 0 4224 4236 4240 4460 4469 4470 4471 4472 68204
6522 3 3 26242 26254 26261 26265 26292 26304 26310 27001 31351 31357 35853 36368 36431 42326 42364 47949 47965 47982 57077 57096 57100 57101 57102
6523 3 3 26274 26283 26291 26302 26309 26322 26325 35855 36550 36571 36601 36610 36611 36612 36613 36614
6524 3 3 26297 26310 26311 26312 26313 26314 26315 26316 26317 26318 26319 26320 26321 26322
6525 3 3 11986 12017 18950 18960 18966 18974 26232 26260 26264 26284 26293 26303 26304 26305 26306 26307 26308 26309
6526 3 3 9218 11655 11689 11713 11993 12021 12022 12023 12024 12025 12026 12027 12028 12029 12030 12031
6527 3 3 11648 11663 11664 11665 11666 11667 11668 11669 11670 11671 11672 11673
6528 3 3 23557 32958 35299 35312 43584 43605 43609 43613 43614 43615 43616 43617 43618
6529 3 3 58163 58164 58165 58166 58167 58168 58169 58170 58171 58172 58173 58174
6530 3 3 16852 17026 17904 17919 25195 32957 35313 37515 43610 43615 43625 43677 48637 58165 58178 58184 58185 58186 58187 58188
6531 3 3 34186 34386 35053 35306 43606 43617 46492 46496 58173 58190 58193 58197 58202 58204
6532 4 4 48412 57924 57944 57963 57964 57965 57966 57967 57968 57969
6533 4 4 48404 53666 55165 55196 57921 57936 57948 57955 59200 60173 60186 60195 60207 60221 63521 63526 63527 63528 63529 63530 63531 63532 63533 63534
6534 0 0 7338 11100 11132 12245 12256 12285 17973 17981 17989 17997 18001 18002 68205 68206
6535 0 0 5239 5243 6603 11092 11102 11105 11106 11107 11108 68207 68208
6536 0 0 11101 11105 12285 68209 68210
6537 0 0 11098 11104 11108 11114 11128 11134 17974 17982 17996 18002 68211
6538 3 3 60178 60184 60190 60202 60208 60209 63532 64439 64462 64466 64477 64481 64482
6539 3 3 57922 57938 57946 57947 57948 57949 57950 57951 57952
6540 4 4 14848 14916 30722 30728 30729 30730 30731 30732 30733 30734
6541 4 4 14911 14915 14932 14947 21053 21723 30234 30735 30751 41183 41188 41200 41214 41819 41827 41839 41843 41845 41846 41847
6542 4 4 14925 14946 21699 21720 30723 30732 41815 41823 41824 41825 41826 41827 41828 41829 41830 41831 41832 41833
6543 0 0 8539 8565 14846 14909 14913 14918 21046 29713 30724 30733 30738 30746 30747 30748 30749 30750 30751 30752 68212
6544 0 0 1898 4480 4515 4525 4541 4546 4554 4558 4563 4564 4565 4566 4567 4568 4569 68213
6545 0 0 1901 4511 4517 8314 9821 9832 9833 9834 9835 68214
6546 0 0 4485 4505 4506 4507 4508 4509 4510 4511 4512 4513 4514 68215
6547 0 0 1898 1899 1900 1901 1902 1903 1904 1905 1906 68216
6548 0 0 1142 1143 1144 1145 1146 1147 68217 68218
6549 0 0 26 368 388 1149 2268 2269 2270 2271 2272 2273 2274 2275 2276 68219 68220
6550 0 0 3406 6764 6765 6766 6767 6768 6769 6770 6771 68221
6551 0 0 3407 6668 6729 6730 6731 6732 68222
6552 0 0 8629 9477 9478 9479 9480 9481 9482 9483 9484 9485 68223
6553 0 0 8631 9486 19232 30683 30684 30685 30686 30687 30688 30689 30690 68224
6554 0 0 9485 9489 19235 19251 23083 30686 30824 30844 32649 53768 53775 53783 53792 53801 53802 53803 68225
6555 0 0 8629 8630 8631 8632 8633 8634 8635 8636 8637 8638 8639 68226
6556 2 2 46630 48396 48463 54104 56590 56614 56622 56623 56624 56625 56626 56627 56628
6557 2 2 54058 54081 56602 56655 56684 59486 59493 59516 59525 59526 59527 59528 59529 59530 59531 59532 59533 59534 59535 59536
6558 3 3 38327 39662 39940 39953 39978 39982 40008 49254 49272 49386 49697 49709 50447 50463 50476 50482 50498 50507 50508
6559 3 3 39582 39655 39657 39946 39960 44835 50451 50473 50505 50511 50512
6560 3 3 9060 9072 9112 12402 12570 15415 15430 15431 15432 15433 15434 15435 15436 15437 15438 15439
6561 0 0 12384 12395 12403 12676 15452 17797 17802 17807 17819 17825 19546 19552 19559 25116 25123 25131 26731 26748 26756 26757 26758 26759 26760 26761 68227
6562 0 0 9113 12396 12397 12398 12399 12400 12401 12402 12403 68228
6563 3 3 12679 15420 15434 15448 15449 15450 15451 15452 15453 15454 15455 15456 15457 15458
6564 3 3 11287 11291 18033 18094 18484 18492 25248 25378 25381 25450 25459 25466 25475 25479 25482 25483 25484 25485 25486
6565 3 3 11279 11308 14719 14750 15365 15378 18548 18555 18561 18564 21577 25441 25451 25452 25453 25454 25455
6566 3 3 18424 18465 18482 18493 18549 18580 25306 25375 25384 25447 25454 25457 25478 25479 25480 25481
6567 3 3 11286 14747 15376 18026 18030 25237 25257 25261 25445 25453 25458 25465 25474 25475 25476 25477
6568 0 0 1252 5848 5860 9845 9880 9885 9886 9887 9888 9889 9890 68229
6569 0 0 961 964 965 966 967 968 969 68230
6570 4 4 42265 43824 53008 53325 53482 53522 53533 53549 53552 53553 53554 53555 53556 53557 53558
6571 4 4 42255 43665 52977 52991 52995 52996 52997 52998 52999 53000 53001
6572 3 3 37154 44182 52947 52966 53188 53303 53306 54725 54734 54851 60422 60479 60489 60503 60510 60518 60519 60520 60521 60522
6573 3 3 22624 31778 31878 37161 42532 52954 52968 53167 53185 53200 53201 53202 53203 53204 53205 53206 53207 53208 53209
6574 4 4 40018 41389 41459 50859 50873 52147 52332 59571 60107 60115 60116 60117 60118 60119 60120 60121 60122
6575 4 4 50851 50925 52217 52237 52241 52242 52243 52244 52245 52246
6576 0 0 8506 21002 21015 21029 21030 21031 21032 21033 21034 68231
6577 0 0 14855 14920 14940 21001 21016 21017 21018 21019 21020 21021 21022 21023 21024 21025 21026 21027 21028 21029
6578 0 0 14334 14389 14853 20903 21005 21014 21031 21035 21036 21037 68232
6579 0 0 8504 14803 21007 21021 21033 21038 21039 21040 21041 21042 21043 68233
6580 4 4 42680 42700 42935 43837 43850 43855 43867 45434 54198 54218 54226 54248 60703 60718 60736 60741 60742 60743
6581 4 4 22830 42660 42668 42674 42691 42692 42693 42694 42695 42696 42697 42698 42699
6582 0 0 301 934 944 1110 1111 1112 1113 1114 1115 68234
6583 0 0 295 932 1116 4211 6565 7632 7636 7640 7641 7642 7643 7644 7645 7646 7647 7648 7649
6584 0 0 0 256 299 930 946 1113 1117 7634 7636 7637 7638 7639 68235 68236
6585 0 0 300 1115 1120 4213 6564 6565 6566 6567 6568 6569 6570 6571 68237
6586 0 0 34351 35055 35547 37029 37036 37087 45769 45788 45794 46481 46486 46493 46502 46503 46504
6587 0 0 34187 34389 35054 35307 45806 46480 46487 46490 46495 46496 46497 46498 46499 46500 46501
6588 4 4 33087 46969 46978 54747 60985 60998 61239 62508 65016 66235 66252 66255 66263 66266 66268 66269
6589 4 4 33062 33063 33064 33065 33066 33067 33068 33069 33070
6590 0 0 7345 11130 12240 12249 12261 12304 12332 17972 17980 17988 17991 18001 68238
6591 0 0 12236 12246 12250 12251 12252 12253 12254 12255 12256 68239 68240
6592 0 0 14826 14831 32810 32826 32827 32828 68241
6593 0 0 14377 14382 14812 14813 14814 68242 68243
6594 3 3 59969 65889 65915 65939 65944 65947 65950 65951 65952 65953
6595 3 3 63982 64036 64050 65848 65861 65875 65876 65877 65878 65879 65880
6596 3 3 41466 52060 52076 52106 52143 59968 64049 64056 64061 65850 65873 65879 65883 65884 65885 65886 65887 65888 65889
6597 3 3 56681 59519 59528 59543 61046 61055 61068 61076 63983 64005 64035 64051 65874 65878 65912 65933 65934 65935 65936 65937 65938 65939
6598 0 0 33878 33886 33894 42197 42206 45267 45273 45283 45318 45326 45491 45506 45507 45508 45509 45510 45511 45512 45513
6599 0 0 31270 31281 43723 43730 45271 45327 45336 45347 45348 45349 45350
6600 3 3 25339 25342 33059 43733 46790 46791 46792 46793 46794 46795 46796 46797 46798 46799
6601 3 3 23264 23302 23325 23326 23327 23328 23329 23330 23331
6602 3 3 23263 23274 25333 33000 42625 42637 43731 43738 43739 43740 43741
6603 3 3 23366 23489 23499 23509 23516 23519 23529 25328 25343 33030 33038 33047 33054 33092 46794 46800 46801 46802 46803 46804 46805 46806
6604 0 0 20441 28170 28179 28180 28181 28182 28183 28184 28185
6605 0 0 10010 13608 13609 13610 13611 13612 13613 13614 13615 13616 68244
6606 0 0 34726 43934 43979 46121 46127 46139 46156 49162 49172 56016 56269 56306 58680 58691 58697 58705 58706
6607 0 0 24815 24830 32366 32375 32384 32420 33175 33199 34718 43884 43893 43895 43896 43897 43898
6608 0 0 24837 33171 34719 46116 46160 49173 56240 56267 56268 56269 56270 56271 56272 56273 56274 56275 56276
6609 0 0 34722 34728 43891 43895 43929 43961 43977 49156 54501 54529 58681 58693 58702 58705 58707 58708 58709
6610 3 3 94 444 449 463 477 478 479 480 481 482 483 484 485 486 487 488 489
6611 3 3 423 460 476 496 2613 2621 2622 2623 2624 2625 2626 2627
6612 0 0 41478 52264 52280 63979 64002 64008 64015 64026 64029 64046 64047 64048 64049 64050 64051 64052 64053
6613 0 0 45073 45084 45103 45130 50704 52273 61813 63959 63960 63961 63962 63963 63964
6614 0 0 63971 63972 63973 63974 63975 63976 63977 63978 63979 63980 63981 63982 63983 63984 63985 63986 63987 63988 63989
6615 0 0 33832 41164 41469 45105 45128 50691 52262 52269 52270 52271 52272 52273 52274 52275 52276
6616 4 4 19196 23017 26992 27009 32558 32563 32564 32565 32566 32567 32568 32569 32570
6617 4 4 16277 19195 19224 23009 26335 26344 30718 32556 32686 32694 32695 32696 32697 32698 32699
6618 3 3 14817 14828 14837 14907 21051 30232 30233 30234 30235 30236 30237 30238 30239 30240
6619 3 3 32832 32854 32863 32875 32880 32881 32882 32883 32884 32885
6620 3 3 30233 32829 32850 32869 32880 32896 41178 41179 41180 41181 41182 41183 41184 41185 41186
6621 0 0 14825 14906 30239 30741 32811 32826 32834 32841 32842 32843 32844 32845 32846 32847 32848 32849 68245
6622 4 4 45002 53714 55323 59659 60232 60269 60278 61949 61963 61964 61965 61966 61967 61968 61969 61970
6623 4 4 48466 59604 59613 59625 59631 59632 59633 59634 59635 59636 59637 59638 59639
6624 4 4 20197 20205 20211 20217 20224 20229 20233 20240 20246 20252 20256 20349 39137 39148 39149 39150 39151 39152
6625 4 4 20149 20150 20151 20152 20153 20154 20155 20156 20157 20158 20159 20160
6626 4 4 46990 54290 54718 54749 54782 60526 60529 61206 61219 61226 61229 61230 61231 61232 61233 61234 61235 61236
6627 4 4 46967 60983 61238 62432 62464 62482 62486 64770 64923 64952 64985 64993 65022 66229 66242 66249 66253 66262 66263
6628 4 4 54282 54287 60987 61217 61223 61229 61237 61337 61360 62484 64767 64768 64769 64770 64771 64772
6629 4 4 33016 46964 46982 46985 54742 61208 61231 61240 62429 62448 62466 62473 62474 62475 62476 62477 62478 62479 62480 62481 62482 62483
6630 3 3 22039 22075 25266 25285 30380 41030 41568 41572 41588 41594 52448 52457 52462 52463 52464
6631 3 3 15347 15355 21843 22025 22038 22046 22047 22048 22049 22050 22051 22052 22053 22054 22055 22056
6632 3 3 22022 22031 22042 22054 22058 22074 24973 25281 29888 30165 30173 41032 52447 52457 52458 52459 52460 52461
6633 3 3 8562 9471 15357 15370 21838 21840 21851 22037 22047 25239 25258 25260 25263 25264 25265 25266 25267 25268 25269 25270 25271 25272 25273 25274 25275 25276 25277
6634 0 0 1035 4271 4286 4287 4288 4289 4290 4291 68246
6635 0 0 1028 1244 1245 1246 1247 1248 1249 1250 1251 1252 1253 68247
6636 0 0 49165 49178 49186 49194 58664 58676 58678 58689 58690 58691 58692 58693 58694 58695 58696
6637 0 0 32390 32403 32413 32414 32415 32416 32417 32418 32419 32420 32421
6638 0 0 32413 43899 43900 43901 43902 43903 43904 43905 43906 43907 43908
6639 0 0 43886 43894 43898 43919 43960 49155 49179 54505 58682 58694 58703 58708 58710 58711 58712 58713
6640 4 4 22167 22171 22178 22184 22190 22195 22203 22208 22213 22216 22220 22223 22226 23863 23867 33365 33368 44482 44496 44503 44507 44508 44509 44510
6641 4 4 16547 16556 16564 22117 22133 24618 30958 30964 32435 32448 32458 44488 44516 44519 44523 44525 44527 44528 44529
6642 4 4 15145 15158 16552 22118 22166 22201 22212 22222 27918 32457 34598 34602 38571 44486 44499 44507 44514 44521 44522 44523 44524
6643 4 4 22131 22139 22161 22174 22187 22219 22224 30945 30972 33362 44483 44500 44506 44508 44511 44512 44513
6644 3 3 26090 32541 32548 35864 36496 43093 43102 43103 43104 43105 43106 43107
6645 3 3 26074 26082 26230 35865 36492 36502 57152 57180 57187 57198 57199 57200 57201
6646 3 3 26088 32544 35860 35861 35862 35863 35864 35865 35866 35867 35868 35869 35870 35871
6647 3 3 19152 19163 22442 26073 26079 36491 36505 42377 43106 47827 47828 47829 47830 47831 47832 47833
6648 3 3 3751 3774 3789 7064 7075 7076 7077 7078 7079 7080 7081 7082
6649 3 3 3745 3755 3763 3768 3771 3778 3782 3783 3791 3803 3805 3806 3807
6650 3 3 3210 3222 3756 3786 3796 3805 7076 7090 7095 7096 7097 7098 7099 7100 7101
6651 3 3 1552 3715 3726 3748 3764 3772 3773 3774 3775 3776 3777 3778
6652 4 4 7426 12487 12510 12517 19354 37197 37279 37285 37286 37287 37288 37289 37290 37291 37292 37293
6653 4 4 12355 19342 19363 25985 32610 32625 32635 37171 37175 37176 37177 37178 37179
6654 4 4 12353 12532 19045 19072 19340 19341 19342 19343 19344 19345 19346 19347 19348 19349 19350 19351
6655 4 4 26677 26681 32634 37172 37178 37189 37290 37299 37303 37318 37322 37324 37325 37326 37327
6656 4 4 19516 19524 19530 25208 25224 25225 25226 25227 25228
6657 4 4 12321 19255 19256 19257 19258 19259 19260 19261 19262 19263 19264 19265
6658 3 3 2301 2315 2316 2317 2318 2319 2320 2321 2322 2323 2324
6659 3 3 592 665 675 2307 2325 2326 2327 2328 2329 2330 2331 2332 2333
6660 3 3 2294 2304 2317 2332 2334 2462 3503 3504 3505 3506 3507 3508 3509 3510 3511 3512
6661 3 3 2306 2329 2346 5285 5301 5320 5323 5679 5689 5700 5715 5716 5717 5718 5719
6662 0 0 818 1622 1627 1944 1956 1969 1970 1971 1972 1973 1974 1975 1976 1977 68248
6663 0 0 819 1983 2518 3914 3929 3936 5335 5336 5337 5338 5339 5340 5341 5342 5343
6664 0 0 817 1621 1972 1981 2522 3906 3909 3930 3936 3937 3938 3939 3940
6665 0 0 1939 1977 1984 5340 8601 8605 8606 8607 8608 8609 8610 68249
6666 3 3 18686 25560 25820 35589 35630 35645 35649 35671 35788 35794 35802 35805 35808 35809 35810 35811
6667 3 3 25681 25689 25694 25704 25708 25718 25724 25730 25738 35205 35584 35602 35684 35787 35797 35801 35803 35806 35807
6668 3 3 11500 11507 25546 25557 25568 25677 25685 25706 25717 25817 25834 35789 35795 35804 35806 35811 35812 35813
6669 3 3 16465 17746 17756 23725 25731 35257 35603 35634 35662 35680 35785 35796 35798 35799 35800 35801 35802
6670 4 4 42892 42900 42906 42936 42941 45423 60700 60715 60722 60723 60724 60725 60726
6671 4 4 42876 42882 42886 42894 42919 42923 42924 42925 42926 42927 42928 42929 42930
6672 0 0 50194 55031 57633 57641 63279 63667 63678 63736 63737 63738 63739 63740
6673 0 0 36156 47712 47720 55032 57622 57623 57624 57625 57626 57627 57628 57629 57630 57631
6674 4 4 18495 18496 18497 18498 18499 18500 18501 18502 18503 18504 18505
6675 0 0 18431 18468 18469 18470 18471 18472 18473 68250
6676 0 0 2209 4903 4958 4987 5085 5134 5441 9306 9314 9319 9327 9328 9329 9330 9331 68251
6677 0 0 2205 4905 4960 4981 4989 5001 5002 5003 5004 5005 5006 5007 5008
6678 0 0 29311 29314 29315 29316 29317 29318 68252
6679 0 0 29541 29553 29560 29773 40117 40141 41083 41096 48415 48431 48433 55307 58015 58022 58035 58047 58048 58049 58050
6680 0 0 29312 29316 29536 29549 29763 29768 29769 29770 29771 29772 29773 29774 29775 29776 29777 29778 29779 29780 68253
6681 0 0 29315 29328 29545 29551 29557 40135 40149 40172 40181 41053 41080 41085 41093 41094 41095 41096 41097 68254
6682 0 0 19028 19054 19082 19085 19577 19578 19579 19580 19581 19582 19583 19584
6683 0 0 12531 19049 19087 19347 26892 26898 26925 26937 26946 26950 26951 26952
6684 2 2 43340 43470 45039 45040 45041 45042 45043 45044 45045 45046 45047 45048 45049 45050
6685 2 2 32864 33822 45111 48136 48140 48199 48200 48201 48202 48203 48204 48205 48206 48207 48208
6686 2 2 33816 33825 33837 41171 43341 45041 45072 45078 45095 45103 45104 45105 45106 45107 45108 45109 45110 45111 45112 45113
6687 2 2 32859 32911 33814 33821 43444 43463 43474 45040 48200 48209 48227 48246 48262 48263 48264 48265
6688 4 4 12036 15632 19140 22446 22455 22459 22460 22461 22462 22463 22464 22465 22466
6689 4 4 19142 28901 31331 31342 42272 42293 42305 42306 42307 42308 42309 42310 42311
6690 4 4 12043 12047 12058 19139 19140 19141 19142 19143 19144 19145 19146 19147 19148 19149 19150 19151 19152 19153
6691 4 4 8597 12041 15015 15031 15634 15670 22473 31298 31301 31327 31330 31334 31335 31336 31337 31338
6692 0 0 290 1083 1084 1085 1086 1087 1088 1089 1090 1091 1092 68255
6693 0 0 285 4707 14578 14579 14580 14581 14582 14583 14584 14585 68256
6694 4 4 39791 40057 43378 48387 48388 48389 48390 48391 48392 48393 48394 48395 48396 48397 48398 48399
6695 4 4 39784 40059 40063 40064 40065 40066 40067 40068 40069 40070 40071 40072 40073
6696 0 0 5835 7876 9802 9810 9813 9814 9815 9816 9817 9818 9819 9820 68257
6697 3 3 4529 9790 9791 9792 9793 9794 9795 9796 9797 9798 9799
6698 4 4 4781 8231 14103 14124 14480 14487 20673 20692 20706 20759 21164 21177 21178 21179 21180 21181 21182
6699 4 4 8213 14153 14182 14485 14496 14501 14510 14527 20732 21170 21185 21187 21194 21206 21207 21208
6700 4 4 14107 14118 14132 14146 14488 20733 20768 21165 21180 21183 21184 21185 21186
6701 0 0 8197 8207 8211 8218 8230 14479 14486 14492 14495 14502 14511 21172 21177 21188 21205 21208 21209 68258
6702 4 4 25412 29601 29642 29660 35545 40523 40551 40566 40747 40767 46885 46892 46893 46894 46895 46896 46897 46898
6703 4 4 40490 40491 40492 40493 40494 40495 40496 40497 40498 40499 40500 40501 40502 40503 40504
6704 3 3 1611 1612 1613 1614 1615 1616 1617 1618 1619 1620 1621 1622 1623 1624
6705 3 3 1973 4128 4139 4140 4141 4142 4143 4144 4145 4146
6706 0 0 21711 30228 48159 48251 48271 57846 57887 57904 57910 57915 57918 68259
6707 4 4 48208 48215 48220 48229 48236 48244 48247 48256 48261 48265 48266 48270 48273 54043 57828 57879 57894 57900 57901 57902 57903
6708 4 4 57876 57877 57878 57879 57880 57881 57882 57883 57884 57885 57886 57887
6709 0 0 21712 30218 30219 30220 30221 30222 30223 30224 68260 68261
6710 4 4 37072 45780 46526 46539 46558 46560 46571 46929 46947 46962 56348 56365 56368 56374 62563 62568 62569 62570 62571 62572 62573
6711 4 4 35518 35529 35538 35554 35558 40548 40560 46536 46887 46893 46914 46918 46922 46932 46933 46934 46935 46936 46937 46938 46939 46940 46941 46942
6712 4 4 35528 35536 46523 46526 46527 46528 46529 46530 46531
6713 4 4 46925 46942 46951 56375 56450 62555 62561 62562 62563 62564 62565 62566 62567
6714 4 4 3585 3607 3627 3628 3629 3630 3631 3632 3633 3634 3635 3636 3637 3638 3639 3640 3641
6715 4 4 3656 3662 3683 6473 7010 7031 7519 11814 12606 12618 12621 12629 12630 12631 12632 12633
6716 4 4 64804 66283 66292 66308 66312 66313 66316 66326 66330 66331 66332
6717 4 4 64790 64792 64808 64814 66309 66322 66325 66333 66347 66348
6718 0 0 9645 23373 23410 23478 23490 23496 23504 23507 23508 23509 23510 68262
6719 0 0 23417 23424 23463 23474 23482 23484 23485 23495 23502 33011 33023 33029 33030 33031 33032 33033 33034 68263
6720 3 3 21683 21684 21685 21686 21687 21688 21689 21690 21691
6721 3 3 21697 40049 41260 41823 50749 50765 50778 50779 50780 50781 50782 50783 50784 50785 50786 50787 50788
6722 0 0 1340 1347 6188 6198 9249 9260 10340 10398 15938 15948 22833 22846 22850 22859 22860 22861 22862 22863 22864 22865 22866 22867 68264
6723 3 3 3085 3094 3102 3107 6219 9257 10306 10337 10344 10345 10346 10347 10348 10349 10350 10351 10352 10353 10354 10355 10356
6724 3 3 6193 6199 10308 10327 10341 10344 22684 22833 22834 22835 22836 22837 22838 22839 22840 22841 22842
6725 3 3 9263 10355 15934 15946 15947 15948 15949 15950 15951 15952
6726 4 4 32995 45370 46832 48571 56742 56754 56755 56756 56757 56758 56759 56760 56761 56762 56763 56764 56765 56766
6727 4 4 48482 54115 54121 56743 56776 58112 58127 58136 58137 58138 58139 58140 58141 58142 58143 58144 58145
6728 4 4 20737 20746 20758 20772 21176 21189 21212 21217 36732 36923 36954 36959 36962 36963 36964 36965 36966
6729 0 0 20756 21219 26476 26477 26478 26479 26480 26481 26482 68265
6730 0 0 84 85 86 87 88 89 90 91 92 68266 68267
6731 3 3 439 450 1265 2649 2655 2669 2869 2896 2910 2919 2922 2929 2932 2933
6732 0 0 91 1229 1277 1279 1280 1281 1282 1283 1284 1285 68268 68269
6733 0 0 90 114 432 433 434 435 436 437 438 439 68270 68271
6734 0 0 640 647 1421 1423 6772 7253 11406 11408 11409 11410 11411 11412 11413 11414 11415 11416 11417 11418 11419
6735 0 0 179 633 642 1427 1432 6724 6736 6737 6738 68272
6736 0 0 5639 5647 5648 5649 5650 5651 68273
6737 0 0 5656 9090 9642 9643 9644 9645 9646 9647 9648 9649 9650 9651 9652 9653 9654 68274
6738 4 4 34366 45795 45812 46547 46552 46563 46575 46765 46771 46772 46773 46774 46775 46776 46777 46778 46779 46780 46781
6739 4 4 37061 37074 45773 45800 46545 46555 46562 46572 46960 56867 58089 58102 61006 62568 62598 62616 62628 62633 62635 62636 62637 62638 62639 62640 62641
6740 4 4 34350 34359 45774 45796 46549 46554 46778 48470 58091 58098 58099 58100 58101 58102 58103 58104 58105 58106
6741 4 4 46559 46567 46568 46569 46570 46571 46572 46573 46574 46575 46576 46577 46578
6742 4 4 32257 32258 32259 32260 32261 32262 32263 32264 32265 32266 32267 32268 32269 32270 32271
6743 4 4 5545 17476 23162 23165 23179 23183 23198 23207 23215 23221 23222 23223 23224 23225 23226 23227 23228 23229 23230 23231
6744 4 4 11978 11994 12005 12026 12045 12050 12052 18946 18955 18966 18967 18968 18969 18970 18971 18972
6745 4 4 11693 11709 12021 18933 18941 18947 18962 18963 18964 18965
6746 3 3 48425 50950 52295 52313 52321 52342 55313 58013 58026 59677 59678 59679 59680 59681 59682 59683 59684
6747 0 0 40120 40130 40139 51923 51936 51957 51986 51989 52323 52343 64314 66140 66150 66160 66167 66168 68275
6748 0 0 40123 40134 40142 48430 51938 52292 52326 52340 52341 52342 52343 52344 52345 52346 68276
6749 3 3 50945 51983 52311 52322 64280 64287 64315 64329 66057 66064 66136 66148 66150 66151 66152 66153 66154 66155
6750 0 0 3537 3826 3827 3828 3829 3830 3831 3832 3833 3834 3835 3836 3837 3838
6751 0 0 3843 4036 4086 6720 6721 6722 6723 68277
6752 0 0 3838 3846 6494 6510 6720 7194 18860 18877 18881 18882 18883 18884 18885 18886 18887 18888 18889 68278
6753 0 0 3703 3835 3841 4012 4034 4060 4078 4083 4084 4085 4086 4087 4088 4089 4090 68279
6754 0 0 573 1747 1748 1749 1750 1751 68280 68281
6755 0 0 1015 1737 1740 2158 2166 2168 2169 2170 2171 2172 2173 68282 68283
6756 3 3 52297 52354 55274 55283 55315 58021 59981 60023 60028 60029 60030 60031 60032 60033 60034
6757 3 3 52139 52152 52305 52333 59573 59984 59998 60118 63241 64069 64081 64094 64097 64098 64099 64100 64101 64102 64103
6758 3 3 50922 52218 52243 52294 52331 52357 55281 59982 60033 60108 60117 63226 63232 63235 63236 63237 63238 63239 63240 63241 63242
6759 3 3 59989 59999 60005 60014 60021 60027 60034 60039 60042 60046 63233 64092 64102 65487 66011 66019 66031 66043 66052 66053
6760 3 3 17773 26852 35158 35174 35197 35226 35247 35261 35271 35284 35285 35286 35287 35288 35289 35290 35291
6761 3 3 47048 47053 47057 47061 47064 47071 47083 47090 47112 47113 47114
6762 3 3 24713 24730 24732 24733 24734 24735 24736 24737 24738 24739 24740
6763 3 3 17246 22711 22723 22732 22741 24630 24638 24647 24656 24662 24722 31798 32041 32047 32068 32069 32070 32071 32072 32073 32074 32075 32076
6764 3 3 6229 6245 15775 17240 22713 22738 24648 24654 24660 24671 24691 24702 24716 24723 24738 31793 31796 31797 31798 31799 31800 31801 31802 31803 31804
6765 3 3 32046 32052 32067 32076 33143 42801 42811 42839 42852 42856 42859 42860 42861 42862
6766 4 4 31549 31561 31649 35885 35895 35896 35897 35898 35899 35900 35901 35902 35903 35904 35905
6767 4 4 31580 31651 35888 35978 42524 53091 53104 53113 56120 57318 57362 57379 57384 57396 57398 57399 57400 57401 57402 57403 57404
6768 4 4 40455 41492 41497 41541 41910 42012 42030 42031 42032 42033 42034 42035
6769 4 4 40883 41481 41493 41560 41964 41994 42003 42004 42005 42006 42007 42008 42009 42010
6770 4 4 42010 42015 42023 42029 42035 42042 52743 52784 52796 52814 54356 54378 59936 60371 60379 60385 60386 60387 60388 60389 60390 60391 60392
6771 4 4 24132 40451 41491 41496 41497 41498 41499 41500 41501 41502 41503 41504 41505 41506
6772 3 3 4198 4205 7528 7573 7575 7576 7577 7578 7579 7580 7581 7582 7583 7584 7585
6773 0 0 4194 4201 7540 7586 7592 7602 68284 68285 68286
6774 0 0 4202 7580 7586 7587 7588 7589 7590 7591 68287 68288 68289
6775 3 3 4191 7524 7525 7526 7527 7528 7529 7530 7531 7532 7533 7534 7535 7536
6776 3 3 29116 29197 29233 29287 39776 39814 44753 44762 50673 50674 50675 50676 50677 50678 50679 50680 50681 50682
6777 3 3 29244 39806 44754 44761 49343 61617 61632 61643 61646 61647 61648 61649 61650
6778 0 0 24297 24743 24759 24769 24779 24785 24794 24801 34735 34736 34737 34738 34739 34740 34741 34742 34743 34744 34745 68290
6779 3 3 24752 24763 24770 24782 24795 34797 34799 34800 34801 34802
6780 0 0 14449 20336 21790 21800 21801 21802 21803 21804 68291
6781 0 0 14456 14464 14863 21779 21788 21791 21795 21796 21797 21798 21799 68292
6782 0 0 28293 28310 37780 37791 38791 38795 38833 68293
6783 0 0 37747 37781 37787 37840 38793 38798 38814 38817 38827 40630 40631 40632 40633 40634 40635 40636 40637 40638
6784 0 0 28292 28313 37746 37758 37764 37774 37777 37778 37779 37780 37781 37782 37783 37784 37785 68294
6785 0 0 28317 29533 38785 38786 38787 38788 38789 38790 38791 38792 38793 38794 68295
6786 3 3 25734 35585 35598 35609 35635 35648 35652 35653 35654 35655 35656 35657
6787 3 3 6763 7256 11390 11403 11417 11424 11859 11870 11885 11894 11899 11900 11901 11902 11903 11904 11905 11906 11907 11908 11909
6788 3 3 11418 11425 11903 18651 18677 25549 25553 25564 25711 25725 35575 35579 35588 35589 35590 35591 35592
6789 3 3 11391 11398 11407 11419 11426 11904 11910 35573 35614 35641 35651 35658 35720 46994 47003 47015 47017 47018 47019 47020 47021
6790 4 4 480 1264 1316 1319 1320 1321 1322 1323 1324 1325 1326 1327
6791 4 4 1268 1332 2884 3036 3040 3048 3059 3060 3061 3062 3063
6792 0 0 4716 4727 4743 8365 8369 8370 8371 8372 8373 8374 8375 68296
6793 0 0 8362 8384 10894 10953 10957 10958 10959 10960 10961 10962 10963 10964 10965 10966 68297
6794 3 3 4238 7714 13896 13906 13923 14036 14046 14057 14091 14096 14097 14098 14099
6795 3 3 13991 14002 14017 14022 14031 14049 14059 14065 14067 14068 14069 14070 14071 14072 14073
6796 0 0 4226 4232 4239 4243 4461 4469 4884 13336 13895 14028 14048 14052 14053 14054 14055 14056 14057 14058 68298
6797 3 3 13901 13917 13974 14003 14014 14042 14045 14068 14077 14099 15235 15257 15264 15265 15266 15267 15268 15269 15270
6798 0 0 44132 44133 44134 44135 44136 44137 44138 44139 44140
6799 0 0 54513 54541 54556 54560 54577 54600 54608 54994 55061 61514 61529 61551 61555 61560 61563 61566
6800 0 0 7894 7898 7947 20146 20147 20148 68299 68300 68301
6801 0 0 7891 7900 13558 13559 13560 13561 13562 13563 13564 13565 68302
6802 4 4 47303 47313 47357 47366 47377 56881 56885 56886 56887 56888 56889 56890 56891 56892 56893
6803 4 4 36153 36234 47297 47317 47324 47337 47338 47339 47340 47341 47342
6804 4 4 47294 47304 47315 47363 47509 56890 56899 57012 57054 57223 57228 57232 57238 57239 57240 57241 57242
6805 4 4 35825 36556 36625 42561 47299 47319 47335 47344 47351 47352 47353 47354 47355 47356 47357 47358 47359 47360 47361 47362
6806 3 3 33625 33638 33650 33704 33715 34262 34279 45163 45169 45725 45760 45833 55407 55975 55985 55988 55991 56001 56002 56003 56004 56005 56006
6807 3 3 33618 33636 33657 33709 33717 37948 37973 37991 38155 45828 45836 45839 45840 45841 45842 45843 45844
6808 3 3 5281 5282 5283 5284 5285 5286 5287 5288 5289 5290 5291 5292
6809 3 3 2281 2352 2366 2373 2374 2375 2376 2377 2378 2379 2380 2381 2382
6810 3 3 1804 2324 2363 2379 2389 2401 2405 2434 2473 4372 4383 4387 4395 5287 5305 5309 5324 5678 5686 5695 5704 5709 5710 5711 5712 5713 5714
6811 3 3 2274 2277 2278 2279 2280 2281 2282 2283 2284
6812 0 0 21880 21899 29397 30388 30389 30390 30391 30392 30393 30394 30395 30396 30397 68303
6813 0 0 21878 21891 21892 21893 21894 68304 68305
6814 0 0 21874 21887 21891 30395 30398 30399 30400 30401 30402 30403 30404 30405 68306
6815 0 0 21877 21893 21898 21899 21900 21901 21902 68307
6816 4 4 6696 6707 6708 6709 6710 6711 6712 6713 6714 6715 6716 6717 6718 6719
6817 4 4 2690 3108 5116 9554 9573 9582 11351 15132 16366 16378 17459 18631 23218 23236 23248 24585 31034 31084 31085 31086 31087 31088 31089 31090 31091
6818 3 3 25772 31717 31737 31743 31770 34838 34898 34908 42776 53143 53158 53162 53163 53164 53165 53166
6819 3 3 24831 31748 31767 32365 34869 46108 53149 53154 53159 54476 54477 54478 54479 54480 54481 54482 54483 54484 54485 54486
6820 0 0 47162 47163 47164 47165 47166 47167 47168 47169 47170 47171 47172 47173 47174 47175 47176 47177 47178
6821 0 0 25745 25751 35721 35722 35723 35724 35725 35726 35727 35728
6822 4 4 54437 54452 57049 57254 61389 61394 61533 61540 61559 61571 61575 61578
6823 4 4 54429 54444 57257 57513 57525 57541 57612 57619 61387 61567 61576 62204 62219 62227 62239 62240 62241
6824 3 3 24839 31720 31750 31764 31765 31766 31767 31768 31769 31770 31771 31772 31773 31774 31775 31776 31777
6825 3 3 22628 31718 31731 31732 31733 31734 31735 31736 31737 31738 31739
6826 3 3 5122 5404 5569 5582 9534 9580 23203 23220 23240 23243 23244 23245
6827 3 3 2691 5556 5576 5578 5592 9521 9550 9568 9570 9571 9572 9573 9574 9575
6828 0 0 3082 6178 6223 6234 10348 10382 15769 15954 22671 22672 22673 22674 22675 22676 22677 22678 22679 22680 22681
6829 0 0 15778 22695 22697 22712 22729 22735 22736 22737 22738 22739 22740 22741 22742
6830 0 0 4636 4641 5481 5498 8145 20655 20663 20664 20665 20666 20667 20668 20669 68308
6831 0 0 21197 26473 28715 28735 28749 28756 28761 28762 28763 28764 28765 68309
6832 0 0 40061 40064 43376 43392 43393 43394 43395 43396 43397 43398 43399 43400
6833 0 0 40067 43520 54061 56685 59487 59500 59508 59521 59527 59548 61071 63945 63984 63992 64007 64032 64033 64034 64035 64036 64037
6834 0 0 18274 18322 18332 21606 35069 35081 35085 35092 35102 35516 35530 35557 46888 46909 46910 46911 46912 46913 46914 46915
6835 0 0 6366 8421 8434 10925 17671 18267 18289 18294 18311 21586 21615 21622 25405 25427 25433 28386 29652 29656 29663 30180 30190 46603 46604 46605 46606 46607 46608
6836 0 0 18276 18284 18296 18309 18325 18331 25431 29667 35091 35508 35531 35555 35556 35557 35558
6837 0 0 18275 18299 21607 35103 46913 46917 56411 56420 56425 56426 56427 56428
6838 4 4 20059 20071 20076 20081 20086 20090 27883 27905 27931 27938 27940 27941 27942 27943 27944 27945
6839 4 4 9912 16614 16683 16694 16695 16696 16697 16698 16699 16700 16701 16702
6840 4 4 9911 16622 16636 16666 16682 16698 20060 20072 20084 20089 27880 27911 27933 27934 27935 27936 27937 27938 27939
6841 4 4 9879 13868 16613 16629 16701 20033 20049 20074 20083 27944 28485 28512 28524 28542 28545 28546 28547
6842 2 2 20004 20021 22202 23857 23891 27907 27915 33369 33375 33426 34599 34606 38526 38578 38584 44489 44493 44509 44521 44530 44531 44532
6843 2 2 7728 7739 7744 7750 7781 13453 15140 16652 20016 22199 23861 27902 27913 34603 38520 38536 38549 38564 38566 38570 38571 38572 38573
6844 3 3 20943 20971 23792 23810 36779 36796 36797 36798 36799 36800 36801 36802 36803 36804 36805 36806 36807 36808
6845 3 3 20996 29276 36769 36770 36771 36772 36773 36774 36775 36776 36777 36778
6846 4 4 37748 37842 38733 40633 48806 48817 48827 48828 48829 48830 48831 48832 48833 48834 48835 48836
6847 4 4 37731 37744 37796 48808 48824 48839 48841 48842 48843 48844 48845 48846
6848 0 0 1368 1369 1370 1371 1372 1373 1374 1375 1376 1377 1378 68310
6849 0 0 2216 2217 2218 2219 2220 2221 2222 2223 2224 2225 2226 68311 68312
6850 4 4 26544 26545 26546 26547 26548 26549 26550 26551 26552 26553 26554
6851 4 4 12520 19319 19320 19321 19322 19323 19324 19325 19326 19327 19328 19329 19330 19331 19332
6852 2 2 51146 59926 61306 61310 61320 62516 62526 64820 64832 64833 64834 64835 64836 64837 64838 64839 64840 64841 64842
6853 2 2 45001 51118 54328 54346 54359 59881 59890 59934 64822 64845 65204 65262 66131 66133 66349 66360 66362 66363 66364 66365 66366
6854 0 0 4786 8618 8622 14598 14599 14600 14601 14602 14603 68313
6855 0 0 8617 21377 21864 29970 29972 29980 29981 29982 29983 68314 68315
6856 3 3 3425 3478 9419 9436 9446 11566 11575 11577 11578 11579 11580 11581 11582 11583
6857 3 3 3472 6746 6823 6824 6825 6826 6827 6828 6829 6830 6831 6832
6858 4 4 11604 15674 15697 22501 22507 22508 22509 22510 22511 22512
6859 4 4 16199 22505 22516 22530 22539 22543 22986 31393 31406 31409 31414 31415 31416 31417
6860 0 0 10507 10508 10509 10510 10511 10512 10513 10514 10515 10516 10517 68316
6861 0 0 10501 10502 10503 10504 10505 10506 68317
6862 3 3 22319 23257 23385 23398 23407 24325 31130 31131 31132 31133 31134 31135 31136 31137 31138
6863 3 3 23402 32036 32988 32989 32990 32991 32992 32993 32994 32995 32996 32997
6864 4 4 41427 49741 51580 51615 51631 51637 51648 51656 51674 51675 51676 51677 51678 51679 51680
6865 4 4 40938 51566 51635 51647 51655 51663 51664 51665 51666 51667 51668 51669
6866 3 3 31801 31812 32043 32066 32069 34852 34886 34889 42818 42861 46440 46448 46463 46465 53345 53363 53378 53385 53397 53398 53400 53401
6867 3 3 34906 34916 34928 34942 34954 35922 35932 35935 46438 46452 46455 46456 46457 46458 46459 46460
6868 3 3 34843 34853 34862 34881 34887 34891 34894 34901 34922 46439 46458 46468 46475 53346 53355 53384 53399 53400 53402 53403
6869 3 3 32152 42820 42830 46437 46447 46448 46449 46450 46451 46452 46453 46454
6870 0 0 14983 15006 19133 20627 20788 28729 28890 28897 36840 42267 42287 42292 42295 42297 42301 42309 42319 47847 47853 47868 47869 47870 47871 47872
6871 0 0 15004 15574 20717 22478 22479 22480 22481 22482 22483 22484 22485 22486 22487
6872 3 3 37651 38144 38160 38184 38348 38362 38377 38396 38397 38398 38399 38400 38401 38402
6873 3 3 27474 37644 38319 38347 38353 38369 38382 38383 38384 38385 38386 38387 38388 38389 38390 38391 38392 38393 38394 38395
6874 0 0 26253 26385 26974 26983 27003 27014 27022 27028 31353 31357 31358 31359 31360 31361 31362 31363 31364 31365 31366 31367 31368 31369
6875 0 0 26392 26980 26985 27015 27024 27030 36887 43119 43129 43130 43131 43132 43133 43134 43135
6876 0 0 11383 11867 11911 25590 25741 35643 35716 35727 35729 47018 47170 47182 47191 47217 47225 47228 47229
6877 0 0 18879 18888 25744 25750 35721 35731 47142 47144 47166 47188 47200 47208 47209 47210 47211 47212
6878 0 0 25588 25596 25609 25613 25620 25743 25749 35995 47163 47183 47185 47186 47187 47188 47189 47190 47191 47192
6879 0 0 7195 11379 11561 11869 18654 18868 18883 25740 25746 35722 35729 35730 35731 35732 35733 35734 35735
6880 4 4 51549 51559 51563 51570 51572 51644 51664 51689 51693 51694
6881 4 4 37832 38788 40632 41438 48830 51544 51562 51568 51639 51665 51673 51678 51681 51683 51684 51685
6882 0 0 688 1162 1580 11589 11620 11623 11624 11625 11626 11627 11628 11629 11630 68318
6883 0 0 397 686 1175 1179 1579 9232 9433 9439 9458 11567 11580 11585 11610 11616 15680 18748 18774 18779 18780 18781 18782 18783 18784 18785 68319
6884 3 3 34037 46227 55515 55520 55529 56151 56177 56181 56184 56200 56211
6885 3 3 45496 45505 45513 45518 55436 55444 55494 55501 55508 55518 55521 55539 55547 56154 56187 56198 56213 56214 56215
6886 0 0 14857 21004 21010 21025 21070 21084 21090 21099 21665 21732 21748 21773 30277 30278 30279 30280 30281 30282 30283
6887 0 0 14338 14385 14386 14387 14388 14389 14390 14391 14392 14393 14394 68320
6888 0 0 14416 21060 21066 21067 21068 21069 21070 21071 21072 68321
6889 0 0 14394 14858 21000 21010 21011 21012 21013 21014 21015 21016 68322
6890 3 3 27801 38328 49674 49689 49696 49711 50441 50455 50477 50479 50480 50481 50482 50483 50484
6891 3 3 38254 38274 38283 38284 38285 38286 38287 38288 38289 38290 38291 38292 38293
6892 0 0 8324 8480 8484 8485 8486 8487 8488 8489 8490 8491 68323 68324
6893 0 0 8357 14628 14631 14632 14633 14634 14635 14636 14637 14638
6894 4 4 35448 35489 43298 46875 46881 54828 54841 56713 56841 56845 62420 62440 62444 62445 62446 62447 62448 62449 62450
6895 4 4 25244 25323 25358 25386 32797 32803 56708 56721 56837 56848 56850 56851 56852 56853 56854 56855
6896 4 4 56706 56718 56838 56852 62421 62441 62446 62451 62452 62453 62454
6897 4 4 32762 32793 32808 35445 43303 46868 46878 46879 46880 46881 46882
6898 0 0 4653 8149 8292 14163 14188 14192 14193 14194 14195 14196 14197 14198 68325
6899 0 0 8191 14183 14205 14206 14207 14208 14209 14210 14211 68326
6900 0 0 20924 24022 24062 24082 29103 29106 29127 29205 29237 38969 39462 39490 39492 39505 39506 39507 39508
6901 0 0 10001 14355 14426 16778 24032 24040 24059 24072 24089 24094 33721 33788 39470 39479 39486 39494 39497 39498 39499 39500 39501 39502 39503 39504
6902 0 0 39466 39477 39485 39491 39496 39504 39508 39510 39511 39517 50392 50404 50410 50428 50429 50430
6903 0 0 20926 21149 24047 24052 24062 24063 24064 24065 24066 24067 24068 24069 24070 24071
6904 4 4 15558 15845 16471 22367 22387 22392 22409 22412 22413 22414 22415 22416 22417 22418 22419
6905 4 4 16475 22378 22388 22394 22402 22793 23709 23731 23734 23735 23736 23737 23738 23739 23740 23741 23742 23743 23744 23745 23746
6906 4 4 24634 24641 33114 33137 33141 33144 33145 33146
6907 4 4 6103 15963 16438 17242 22779 22786 22801 22805 22806 22807 22808 22809 22810 22811 22812 22813 22814 22815
6908 3 3 20421 20432 38597 38609 38611 38612 38613 38614 38615 38616 38617 38618
6909 3 3 27956 27961 34140 38623 39047 49458 49465 49466 49467 49468 49469 49470 49471 49472
6910 0 0 8244 8258 8271 8283 8284 8309 8578 14224 14231 14244 14256 14259 14260 14261 14262 14263 14264 14265 68327
6911 0 0 8157 8158 8159 8160 8161 8162 8163 8164 8165 8166 8167
6912 3 3 21691 40050 50755 50786 51890 51999 52027 52091 64236 64237 64238 64239 64240 64241 64242
6913 3 3 41351 41365 64247 64262 64267 64272 64293 64296 64299 64309 66139 66145 66156 66162 66165 66166
6914 3 3 59979 64236 64256 64278 64308 64318 64325 64330 65959 65968 66065 66135 66145 66146 66147 66148 66149
6915 0 0 21690 41354 41368 41379 41382 51892 51913 52000 52008 64239 64243 64244 64245 64246 64247 64248 68328
6916 4 4 4307 5887 5891 7694 7695 7696 7697 7698 7699 7700 7701 7702 7703 7704 7705
6917 0 0 4306 7751 7752 7753 7754 7755 7756 7757 68329
6918 4 4 34984 35013 46251 46258 46417 49436 54253 54256 54257 54258 54259 54260
6919 4 4 66315 66316 66317 66318 66319 66320 66321 66322 66323 66324
6920 4 4 46284 49441 54262 64776 64782 66320 66338 66341 66343 66344
6921 4 4 24834 31747 34870 54251 54482 56221 56234 56247 56262 56265 56273 64779 64785 64796 64798 64799 64800 64801 64802 64803 64804 64805
6922 0 0 858 878 1189 1523 2554 2570 2578 2587 5524 7442 7459 7462 7479 7480 68330
6923 0 0 2533 2537 2545 2553 2562 2568 2574 2581 2585 2588 5520 5527 5528 5529 5530 5531 68331
6924 0 0 2535 2543 2560 2569 2570 2571 2572 2573 2574 68332
6925 4 4 1532 1542 2556 2563 2575 2584 3686 5516 5517 5518 5519 5520 5521 5522 5523 5524 5525 5526
6926 0 0 5547 5613 9546 9561 10499 11348 16316 17432 17455 17463 17472 17482 18643 25498 25507 25516 25528 25539 25541 25542 25543 25544 68333
6927 0 0 17439 17441 17442 17443 17444 17445 17446 17447 17448 17449 17450 17451 17452
6928 0 0 16772 17032 17049 20579 24098 24111 39468 39499 39568 39591 39609 50390 50397 50406 50411 50425 50426 68334
6929 0 0 14349 16780 20583 24095 24112 28625 28641 39498 50414 50426 50427 68335
6930 0 0 20167 20179 20373 20380 20381 20382 20383 20384 20385 20386 20387 68336
6931 0 0 20374 20440 28223 28226 28227 28228 28229 28230 28231 28232 68337
6932 3 3 14164 14172 14523 14526 20743 20751 20781 21215 36827 36981 42458 42486 42515 48186 48192 48195 48196 48197 48198
6933 3 3 36969 36985 42418 42430 42459 42464 42465 42466 42467 42468 42469 42470 42471
6934 3 3 17436 17445 18606 22576 22588 23135 24884 24912 32343 34962 34990 34991 34992 34993 34994 34995 34996 34997
6935 3 3 22107 24860 24887 24899 24906 32338 34832 34918 34977 35020 35038 35039 35040 35041 35042 35043 35044 35045 35046 35047
6936 4 4 44879 44884 44885 44886 44887 44888 44889 44890 44891 44892 44893 44894 44895
6937 4 4 44157 44873 54548 54593 54703 54709 54958 61432 61453 61481 61501 61508 61510 61512 61518 61519
6938 0 0 18459 18467 18473 18477 18486 18490 18494 18498 18521 18528 18529 18530 68338
6939 3 3 18068 18073 18086 18399 18404 18418 18419 18420 18421 18422 18423 18424 18425 18426 18427
6940 3 3 18394 18410 18534 18578 18584 18589 18590 18591 18592 18593 18594 18595 18596
6941 0 0 11293 11298 18063 18078 18080 18095 18427 18458 18460 18474 18475 18476 18477 68339
6942 0 0 46006 46089 47513 47520 47524 47525 47526 47527 47528
6943 0 0 42526 42531 46013 46044 53094 53102 53103 53104 53105 53106 53107 53108
6944 4 4 39554 39577 39621 39653 39934 39946 39947 39948 39949 39950 39951 39952 39953 39954 39955 39956 39957 39958
6945 4 4 50437 50438 50439 50440 50441 50442 50443 50444 50445 50446 50447 50448 50449 50450 50451
6946 0 0 2480 2489 2497 5446 5466 9223 15677 15685 15686 15687 15688 68340
6947 0 0 2479 3433 5451 5455 5463 6850 11601 11619 11623 11631 11632 11633 11634 11635 68341
6948 3 3 3439 5448 5456 9220 9225 11606 11618 11631 15676 15686 15691 15697 15698 15699 15700 15701 15702
6949 0 0 2478 2479 2480 2481 2482 2483 2484 68342
6950 0 0 7363 12288 26672 26686 26691 26692 26693 26694 26695 26696 26697 68343
6951 0 0 7359 9478 12290 12308 12309 12310 12311 12312 12313 12314 12315 12316 12317 68344
6952 4 4 7358 12309 19242 19271 19335 19526 26684 26692 26704 32670 37217 37236 37251 37252 37253 37254 37255 37256
6953 0 0 7361 12288 12289 12290 12291 12292 12293 12294 12295 68345
6954 0 0 48804 49322 58740 58754 58755 58756 58757 58758 58759 58760 58761
6955 0 0 48795 49320 49326 49330 49331 49332 49333 49334
6956 2 2 34865 34920 34937 46292 46323 46334 46395 46398 46405 46430 53156 56217 56236 56248 56252 56262 56263 56264
6957 2 2 46357 46358 46359 46360 46361 46362 46363 46364 46365 46366 46367 46368 46369 46370 46371 46372
6958 3 3 49503 49504 49505 49506 49507 49508 49509 49510 49511
6959 3 3 49550 49556 49565 49575 49576 49579 49670 58309 58335 58353 58354 58355
6960 3 3 27501 27510 28045 37813 49238 49528 49548 49557 49558 49559 49560 49561 49562 49563 49564 49565
6961 3 3 49037 49509 49516 49539 49543 49668 58312 58347 58351 58355 58357 58360 58361 58362 58363 58364 58365 58366
6962 4 4 10214 10370 10483 10531 10669 10671 10672 10673 10674 10675 10676 10677 10678 10679
6963 4 4 10486 15759 17293 17571 17578 17579 17580 17581 17582 17583 17584 17585 17586 17587
6964 4 4 51764 51765 51766 51767 51768 51769 51770 51771 51772 51773 51774 51775 51776
6965 4 4 41811 41812 41813 41814 41815 41816 41817 41818 41819 41820 41821 41822
6966 3 3 24877 32346 34541 34826 34980 35044 43067 43077 45927 45944 45953 45954 45955 45956 45957 45958 45959 45960 45961
6967 3 3 13164 16534 17227 24874 27826 27829 27830 27831 27832 27833 27834 27835 27836 27837 27838 27839
6968 3 3 24614 27837 33382 34526 34533 34534 34535 34536 34537 34538 34539 34540 34541 34542 34543 34544 34545 34546 34547 34548
6969 3 3 13165 16533 17228 23872 24876 27833 33422 34658 34825 45928 45943 45956 45962 45963 45964 45965 45966 45967 45968 45969
6970 3 3 28775 28882 28912 28924 32493 33340 33346 33465 33466 33467 33468 33469 33470 33471 33472 33473 33474
6971 3 3 14241 14250 16489 16520 20798 20803 20808 20809 20810 20811 20812 20813 20814 20815 20816 20817 20818 20819 20820
6972 0 0 7330 7332 19532 23055 23064 23073 23074 23075 23076 68346
6973 0 0 7364 12293 12313 19245 19538 23066 23077 23086 23089 23090 23091 68347
6974 4 4 9320 9336 9340 9358 9364 15715 15723 16031 16042 16043 16044 16045 16046 16047 16048
6975 4 4 22262 22285 30979 30988 30993 30994 30995 30996 30997 30998
6976 4 4 5430 8932 9297 16034 16049 16082 22254 22296 22298 22303 22304
6977 4 4 15729 16071 22265 22300 30895 30995 31014 31452 31470 31474 31483 31484 31485 31486 31487
6978 4 4 31581 31588 31694 35954 36004 36010 36022 36029 42049 42058 42061 42062 42063 42064 42065 42066 42067
6979 0 0 25787 31596 31609 35959 36000 36024 42043 42044 42045 42046 42047 68348
6980 4 4 25791 25796 31509 31570 31586 31593 31603 31612 31645 35949 35971 36002 36007 36024 36025 36026 36027 36028
6981 0 0 42047 42054 42060 42067 42070 42073 52829 52843 52844 52845 52846 52847 52848 68349
6982 3 3 19687 19697 19715 27377 27385 38730 48812 48825 48833 48851 48859 48860 48861 48862 48863 48864 48865
6983 3 3 37807 37814 37820 37828 49551 49558 49566 49567 49568 49569 49570 49571 49572 49573 49574 49575
6984 3 3 19700 37823 38704 38711 38728 48916 48961 48979 49545 49551 49552 49553 49554 49555 49556
6985 3 3 27380 27387 27394 37802 48857 48863 48878 48888 48894 48897 49569 49577 49769 51481 58260 58277 58288 58289 58290 58291 58292
6986 3 3 27479 38218 38225 38235 38240 45866 49200 49210 49215 49219 49227 49228 49229
6987 3 3 22348 24288 24510 27588 27589 27590 27591 27592 27593 27594 27595 27596 27597 27598 27599 27600
6988 3 3 19764 19873 22337 24289 27456 27461 27539 27593 37979 38187 38188 38189 38190 38191 38192
6989 3 3 27477 27597 37972 38237 38246 45845 45859 45860 45861 45862 45863 45864 45865 45866 45867 45868
6990 0 0 13689 20451 20452 20453 20454 20455 68350
6991 0 0 28318 28319 28320 28321 28322 28323 28324 28325 68351
6992 3 3 22832 22842 22845 22849 22864 42663 42689 42703 42736 42931 42932 42933 42934 42935 42936 42937 42938
6993 3 3 10313 10351 15955 22676 22682 22683 22684 22685 22686 22687 22688 22689 22690
6994 3 3 26540 35352 35385 35401 37209 37233 44023 46672 54304 54318 54325 54770 54808 54812 54815 54816 54817 54818 54819
6995 3 3 32572 32591 32599 32616 32702 35330 35350 35359 35360 35361 35362 35363 35364 35365 35366 35367 35368
6996 3 3 35333 35349 35362 46673 46680 53857 54323 54767 54798 54809 54811 54812 54813 54814
6997 3 3 12360 26541 32574 32601 32617 32628 32637 35354 35363 35380 35384 35385 35386 35387 35388 35389 35390 35391 35392
6998 4 4 25315 35412 35418 35427 46719 46725 46726 46727 46728 46729 46730 46731 46732 46733 46734
6999 4 4 35425 46739 46769 46773 53952 53953 53954 53955 53956 53957 53958
7000 0 0 121 136 567 3188 3192 3231 3232 3233 3234 3235 3236 3237 3238
7001 0 0 17859 17865 17870 17876 25137 25142 25639 25668 47073 47104 47109 47121 47122 47123
7002 0 0 548 566 3181 3194 3232 6516 11077 17729 17837 17849 17858 17861 17875 17883 25134 25135 25136 25137 25138 68352
7003 0 0 6540 6546 6553 6562 17827 17854 17863 31097 31119 31120 31121 31122
7004 0 0 11011 12228 15509 17794 25082 25087 25120 25127 35188 35216 35239 35240 35249 35251 35254 35255
7005 0 0 25084 25097 25114 35189 35212 35221 35253 35256
7006 3 3 49721 49945 49964 50939 52233 58847 58848 58849 58850 58851 58852 58853 58854 58855 58856 58857
7007 3 3 49899 49909 49917 49922 49933 49941 49948 49971 49981 58861 58864 58879 58896 58901 58912 58924 58925 58926
7008 3 3 22382 22400 23734 31861 31889 31895 53175 53179 53180 53181 53182 53183 53184
7009 3 3 22436 23698 26647 31865 31877 31900 31907 37121 37130 37145 37149 37162 37163 37164 37165 37166 37167
7010 3 3 22631 31868 31872 31873 31874 31875 31876 31877 31878 31879 31880 31881 31882
7011 3 3 22396 22400 22401 22402 22403 22404 22405 22406 22407 22408 22409 22410 22411
7012 4 4 2750 3464 6821 6869 6880 6885 6898 6899 6900 6901 6902 6903 6904 6905 6906 6907
7013 4 4 1380 1392 1393 1394 1395 1396 1397 1398 1399
7014 3 3 7726 16644 16653 38533 38557 38562 38563 38564 38565
7015 3 3 27910 27920 38507 38521 38529 38545 38546 38547 38548 38549 38550 38551
7016 4 4 30202 30546 41106 41107 41108 41109 41110 41111 41112 41113 41114 41115 41116 41117 41118
7017 4 4 21272 29457 30542 41055 41067 41098 41119 41128 41129 41130 41131 41132 41133 41134 41135
7018 4 4 36399 44200 46690 47928 47941 47975 47978 47983 47984 47985 47986
7019 4 4 35337 42556 44194 44952 44982 47743 47744 47745 47746 47747 47748 47749 47750 47751 47752
7020 4 4 32077 32078 32079 32080 32081 32082 32083 32084 32085 32086 32087 32088 32089
7021 4 4 15785 22701 22730 22736 31788 31789 31790 31791 31792 31793 31794 31795
7022 3 3 12678 15455 17812 17815 19469 19558 25104 25122 25130 25131 25132 25133
7023 3 3 17784 17793 17811 17816 17822 17824 19468 25091 25106 25116 25117 25118 25119 25120 25121
7024 0 0 42698 42714 42738 42747 42758 53350 60714 60731 60754 60759 60766
7025 0 0 42664 42670 42686 42694 42706 42744 42755 42933 60707 60716 60725 60727 60742 60758
7026 4 4 29439 62311 62321 64216 64224 64231 65225 66067 66082 66089 66090 66091
7027 4 4 40217 40260 40266 40283 40286 40287 40288 40289 40290 40291 40292 40293 40294 40295 40296
7028 0 0 6100 10283 15865 15965 17092 17101 17108 17238 22765 22772 22777 22786 22787 22788 22789 22790 22791
7029 0 0 9247 10286 15895 15905 15919 17095 17099 17105 17111 17112 17113 17114 17115
7030 0 0 8449 14684 14685 14686 14687 14688 14689 14690 14691 14692 14693 14694 14695 14696 14697 14698 68353
7031 0 0 21308 21312 21313 21314 21315 21316 21317 21318 21319 21320
7032 0 0 4258 4798 4800 8656 8679 8682 8683 68354
7033 0 0 13380 13381 13382 13383 13384 13385 13386 13387 13388 13389 13390 13391 13392 13393 13394 13395 13396 13397 13398
7034 0 0 4797 4860 8645 8652 8659 8665 8678 8683 8730 8740 13386 13402 13427 13430 13433 13434 13435 13436 13437 13438 68355
7035 0 0 2766 2779 4245 4253 4263 4795 4804 4866 4876 13393 13421 13425 13431 13461 13462
7036 0 0 6739 6865 6877 6886 6892 6893 6894 6895 6896 6897 68356
7037 0 0 6723 6733 6743 11599 18861 18885 18923 19120 25610 25747 56911 56919 56928 56931 56932 56933 68357
7038 0 0 6896 18687 18693 18921 52860 56916 56924 56925 56926 56927 56928 56929 56930 68358
7039 0 0 243 3417 3471 6734 6739 6740 6741 6742 6743 6744 6745 6746 68359
7040 0 0 46854 46867 48051 56785 56794 56795 56796 56797 56798
7041 0 0 46866 54276 56811 56813 56828 56833 61215 61222 61337 61338 61339 61340 61341 61342 61343 61344 61345 61346
7042 0 0 105 1359 2817 5265 6042 6057 6058 6059 6060 6061 6062 68360 68361
7043 0 0 2818 10604 10641 10644 10651 10658 10684 11486 15906 17496 17497 17498 17499 17500 17501 17502 17503 17504 68362
7044 0 0 2816 3138 6017 6046 6057 6066 6078 6120 10193 15904 17500 17505 17510 17511 68363 68364
7045 0 0 110 1360 1449 2822 5267 6060 6086 10612 10647 10648 10649 10650 10651 68365
7046 0 0 5916 5943 5965 10023 15307 15322 22324 24399 42196 42217 42234 42241 42243 68366
7047 0 0 5909 8992 10024 17940 17947 17948 17949 17950 17951 17952 17953 17954 17955 68367
7048 0 0 5914 5944 5966 8988 10023 10024 10025 10026 10027 68368
7049 4 4 5913 8990 15302 15314 15319 17948 17963 22320 22321 22322 22323 22324 22325 22326 22327 22328 22329 22330
7050 0 0 7331 9399 23025 23033 23046 32576 32590 32605 32606 32607 32608
7051 0 0 9411 16271 23021 23030 23050 30699 30708 30717 32697 43160 43167 43168 43169 43170 43171 43172 43173 43174 43175 43176 43177
7052 0 0 23020 23023 23049 32563 32571 32589 32604 32607 32619 32639 32691 32695 32706 35366 35391 43163 43187 43197 43198 43199 43200 43201 43202 43203 43204
7053 0 0 7317 9197 9394 9403 9404 9405 9406 9407 9408 9409 9410 9411 9412 9413 68369
7054 0 0 34615 34616 34617 34618 34619 34620 34621
7055 0 0 45891 45902 56092 56097 56103 56114 57615 62207 62231 62236 62240 62248 62249 62250 62251
7056 0 0 10449 15121 15134 16330 16379 22277 23201 23210 23217 23232 23233 23234 23235 23236 23237 23238
7057 0 0 9532 16327 16334 16335 16336 16337 16338 16339 16340 16341 16342 16343 16344
7058 0 0 88 503 1269 1274 1279 1290 2864 2873 2895 2898 2911 2912 2913 68370 68371
7059 0 0 500 1254 1289 2858 2875 2880 2881 2882 2883 2884 2885 2886 2887 2888 2889
7060 0 0 6378 6385 6395 8412 8423 10740 10747 10758 10763 10783 10802 10815 10816 10817 10818 10819 10820 10821 10822
7061 0 0 3161 6374 6381 10762 10801 10824 68372
7062 0 0 6375 10756 10764 10777 10796 10799 10800 10801 10802 10803 10804 10805 10806 10807 68373
7063 0 0 1052 3170 6377 6379 6380 6381 6382 6383 6384 6385 68374
7064 0 0 14399 20839 29026 29037 29038 29039 29040 29041 29042 29043 68375
7065 0 0 20864 29045 29061 29072 29086 29100 29145 29146 29147 29148 68376
7066 0 0 4690 4789 8337 8338 8339 8340 8341 8342 68377
7067 0 0 8334 8623 14606 14610 21382 21390 21395 21396 68378
7068 3 3 12372 12377 12413 12447 12452 12469 19542 19563 19572 26724 26734 26735 26736 26737 26738
7069 3 3 12441 12449 12455 12474 12526 19566 19570 26569 26596 26753 26848 26867 26871 26876 26886 26904 26948 26956 26958 26965
7070 0 0 987 1021 1715 2007 2008 2009 2010 2011 2012 2013 2014 2015 2016 2017 68379
7071 4 4 8690 8691 8692 8693 8694 8695 8696 8697 8698 8699 8700 8701 8702 8703 8704
7072 0 0 31617 31697 35973 36017 36225 47536 52887 52897 56085 57312 57327 57349 57352 57381 57382 57383 57384 57385 57386
7073 0 0 57260 57261 57262 57263 57264 57265 57266 57267 57268 57269 57270 57271
7074 0 0 31702 46082 46093 46106 47538 56061 56077 56078 56079 56080 56081 56082 56083 56084 56085 56086 56087
7075 0 0 36227 36246 47239 57210 57304 57328 57329 57330 57331 57332 57333 57334
7076 4 4 23823 23830 33268 44258 44264 44268 44279 44443 44459 44466 44472 44475 44476 44477 44478
7077 4 4 5809 5817 7985 7992 20595 23771 23775 23776 23777 23778 23779 23780 23781 23782
7078 0 0 7989 20591 21231 21253 23776 23820 23833 24124 33257 44260 44354 44435 44447 44468 44471 44472 44473 44474 68380
7079 4 4 23773 23781 23789 44251 44266 44283 44284 44285 44286 44287 44288 44289 44290
7080 3 3 45155 45190 45363 48477 48490 48501 48502 48503 48504 48505 48506 48507 48508 48509 48510 48511 48512 48513 48514
7081 3 3 26518 37015 37027 37066 37086 37090 45191 48492 48525 48535 55879 55888 55889 55890 55891 55892 55893 55894
7082 3 3 34214 34232 34258 34291 34372 37091 37103 43660 45165 45174 45186 45187 45188 45189 45190 45191 45192 45193 45194 45195 45196 45197
7083 3 3 48493 48513 48532 48539 55893 56868 56870 56871 56872 56873 56874
7084 4 4 15535 15536 15537 15538 15539 15540 15541 15542 15543
7085 4 4 15550 19474 22429 22437 23339 23655 23669 23699 25101 26642 26645 26646 26647 26648 26649 26650 26651
7086 0 0 21289 21297 29308 29329 29336 29337 29338 29339 29340 29341 29342 29343 29344 29345 29346 68381
7087 0 0 40150 40158 40163 40171 40176 40183 40199 40210 40231 40239 40242 40264
7088 3 3 44364 44414 45921 55019 55038 55049 55050 55051 55052 55053
7089 3 3 54534 55041 55058 55064 59134 59156 63348 63354 63359 63363 63364 63365 63366 63367 63368 63369 63370
7090 3 3 27622 28570 33186 33273 33292 43955 44385 44402 44415 45919 49185 49192 54506 54533 55040 55053 55059 63342 63346 63347 63348 63349 63350 63351 63352
7091 3 3 54575 55020 55039 55050 55056 55063 59152 63366 63377 63397 63661 63670 63675 65753 65774 65777 65783 65788 65791 65792
7092 3 3 41854 41861 41878 50807 50843 51839 51870 51876 51877 51878 51879 51880 51881 51882 51883
7093 3 3 30511 30518 40081 41728 41732 41733 41734 41735 41736 41737 41738 41739
7094 3 3 50799 50800 50801 50802 50803 50804 50805 50806 50807 50808 50809
7095 3 3 41731 41739 41749 41759 50845 50979 51850 51858 51868 51881 51905 52500 52507 52508 52509 52510 52511 52512 52513 52514 52515 52516
7096 0 0 43332 55930 55946 59438 59450 60934 60941 60952 63747 63756 65111 65124 65163 65166 65169 65170 65171
7097 0 0 59442 59451 59453 60950 60968 62971 63752 63757 65394 65798 65809 65821 65824 65828 65829
7098 4 4 46844 46865 48044 48047 48048 48049 48050 48051 48052 48053 48054 48055 48056 48057 48058
7099 4 4 46848 46864 54280 56834 61225 61329 61338 61349 61367 64768 64890 64893 64901 64912 64919 64929 64930 64931 64932
7100 4 4 46857 48036 48048 54268 54269 54270 54271 54272 54273 54274 54275 54276 54277 54278 54279 54280 54281 54282 54283
7101 4 4 46846 46863 48053 56807 56835 57793 61330 61344 61347 61348 61349 61350 61351
7102 0 0 21122 21123 21124 21125 21126 21127 21128 21129 21130 21131 21132
7103 0 0 20918 21136 21144 21163 29064 29081 29082 29083 29084 29085 29086
7104 0 0 49950 55643 55654 55660 58922 60165 61852 61856 61864 61879 64343 64360 64367 64370 64373 64374
7105 0 0 49726 49752 49953 55662 55678 59006 64344 64354 64357 64368 64375 64376
7106 0 0 33020 33028 33034 33043 33046 33050 33061 33069 33076 33084 33091 33092 33093 33094 33095 33096
7107 0 0 33068 33074 33085 33086 33087 33088 33089 33090
7108 3 3 7326 7337 19534 23060 26673 32579 32593 32606 32615 32620 32623 32624 32625 32626 32627 32628
7109 3 3 19541 26669 26689 32629 37211 37232 37240 37277 37300 37302 37303 37304 37305 37306 37307 37308 37309 37310
7110 3 3 12361 19344 32614 32627 32631 35372 35389 35395 37177 37202 37224 37282 37294 37298 37304 37322 37323
7111 3 3 7367 19246 19531 19532 19533 19534 19535 19536 19537 19538 19539 19540 19541
7112 0 0 40089 40096 40122 40124 40125 40126 40127 40128 40129 40130 40131 40132 40133 40134 68382
7113 0 0 40090 40101 40103 40104 40105 40106 40107 40108 40109
7114 3 3 24873 34827 34981 35039 43066 45942 45954 46018 46069 46363 46377 46382 46391 46406 46410 46411 46412
7115 3 3 24880 34828 45964 46002 46068 46311 46338 46345 46346 46347 46348 46349 46350 46351 46352
7116 0 0 8483 8491 14647 14652 21472 21483 21491 21506 21513 21514 21515 21516 68383
7117 0 0 6417 6428 6436 8484 14622 14639 21469 21484 21492 21496 21500 21501 68384 68385
7118 4 4 28286 28295 28312 37749 37762 37778 37829 37830 37831 37832 37833 37834 37835 37836 37837 37838 37839 37840 37841 37842 37843 37844
7119 4 4 37756 37763 37768 37776 37785 37792 37798 40636 48810 48831 48840 48844 48847 48849
7120 0 0 10512 17401 17419 19803 19818 19819 19820 19821 19822 19823 68386
7121 0 0 17399 17407 17412 17413 17414 17415 17416 68387
7122 3 3 9686 10059 15289 16970 16982 16983 16984 16985 16986
7123 3 3 9676 10037 15337 16994 23545 23570 23580 23586 23594 23595 23596 23597 23598 23599 23600 23601
7124 3 3 7240 7248 11555 12081 12089 25572 26180 26201 26211 26213 26223 26224 26225 26226 26227
7125 3 3 12092 12586 12647 19001 25070 25576 25977 26200 31124 35620 35687 35718 35742 35759 35761 35762 35763 35764 35765 35766 35767 35768
7126 3 3 33229 39436 43927 43949 43965 43971 44000 50216 50245 54504 54523 54537 54562 54563 54564 54565 54566 54567 54568
7127 3 3 33196 33274 44365 45920 54507 54535 54559 54574 54607 54985 55042 55051 55054 55055 55056 55057 55058 55059 55060 55061
7128 3 3 33198 33206 33213 33232 33283 43882 43889 43925 43943 43952 49180 54500 54501 54502 54503 54504 54505 54506 54507 54508 54509 54510 54511 54512 54513 54514
7129 3 3 50237 50246 54524 54536 54566 54580 54584 55045 55054 55062 55063 55064 55065 55066 55067 55068 55069 55070 55071
7130 3 3 33493 33508 33517 33530 36204 44560 44580 44592 44600 44603 44604 44605 44606 44607 44608 44609 44610 44611
7131 3 3 13807 13816 13831 13842 15244 25863 33489 33497 33519 36079 36082 44568 44626 44630 44634 44637
7132 4 4 58936 58965 59020 63151 63160 63169 63175 63178 63179 63180 63181
7133 0 0 28245 28259 38988 49782 49914 49919 49934 49935 49936 49937 49938 49939 49940 49941 68388
7134 3 3 21978 26427 26500 32924 32931 32932 32933 32934 32935 32936 32937 32938 32939
7135 3 3 32916 32920 40850 43409 43414 43452 43532 43537 43581 53981 54003 54005 54008 54009 54010 54011 54012
7136 3 3 32938 43531 43555 43560 45014 45024 45061 53979 53992 53999 54000 54001 54002 54003 54004
7137 0 0 16288 21979 26420 26497 30673 32915 32918 32919 32920 32921 32922 32923 32924 32925 32926 32927 32928 32929 32930 68389
7138 0 0 14253 16258 16482 16488 16507 16513 16517 16519 20810 22965 22980 22992 22993 22994 22995 22996
7139 0 0 9786 13786 13791 13797 16479 16491 16496 16497 16498 16499 16500 16501 16502 68390
7140 0 0 14242 16478 16487 16488 16489 16490 16491 16492 16493 16494 16495 68391
7141 0 0 5722 5776 5796 16259 16480 16502 16503 16516 20553 22967 22981 22993 22997 22998 22999 23000 23001 23002
7142 3 3 29423 29432 40279 40424 40996 41002 41003 41004 41005 41006 41007
7143 3 3 29437 40425 40997 51098 51130 51706 51724 51736 51742 51743 51744 51745 51746 51747
7144 0 0 44652 44697 49137 55103 55109 55114 55115 55116 55117
7145 0 0 34691 34706 34714 37909 55106 55121 55124 55130 56288 56289 56290 56291 56292 56293 56294 56295
7146 0 0 23396 45373 48576 56753 56754 56781 58122 58147 60594 60603 60623 60625 60626 60627
7147 0 0 45376 46833 53313 60548 60555 60559 60590 60600 60615 61139 64596 64639 64643 64645 64646 64647 64648 64649 64650 64651
7148 0 0 60591 60598 60606 60612 60616 60619 60621 60624 60627 64594 64631 64635 64641 64642 64643
7149 0 0 32997 33004 43736 43740 45379 46793 46828 46830 46831 46832 46833 46834 46835 46836 46837 46838 46839 46840 46841 46842 46843
7150 0 0 10081 13469 13470 13471 13472 13473 13474 13475 13476 13477 13478 68392
7151 0 0 7788 7791 7792 7793 7794 7795 7796 7797 68393
7152 4 4 44053 44059 44997 53697 53713 53726 55323 55324 55325 55326 55327 55328 55329 55330 55331
7153 4 4 44056 44061 53721 53729 61973 62998 64828 64867 64874 64875 64876 64877 64878 64879 64880
7154 0 0 24803 27560 27578 27582 34753 34774 37919 37924 37928 37929 37930 37931
7155 0 0 13139 16591 23971 27564 34709 34775 34779 34782 34783 34784 34785 34786 34787 34788 34789
7156 0 0 954 1000 1003 1096 2680 68394
7157 0 0 957 983 997 1011 1093 1702 1713 8697 8715 8718 8733 8734 8735 8736 8737 8738
7158 3 3 11037 11058 11212 16406 16417 16431 16885 18125 18152 24492 24494 24499 34360 45807 45810 45817 45818 45819 45820 45821 45822
7159 0 0 10899 10900 10901 10902 10903 10904 10905 10906 68395
7160 3 3 10911 11055 11205 11206 11207 11208 11209 11210 11211 11212 11213 11214 11215 11216 11217
7161 0 0 10902 11029 11030 11031 11032 11033 11034 11035 11036 11037 11038 68396
7162 0 0 27521 45865 48899 48900 48901 48902 48903 48904 48905 48906 48907
7163 0 0 51457 51467 51473 51479 51486 56049 58274 58280 58281 58282 58283 58284 58285 58286 58287
7164 4 4 6967 6974 6980 7238 11554 12080 18658 18871 19170 19178 25577 26177 26190 26210 26212 26213 26214 26215
7165 4 4 25581 26182 26216 36672 42576 42603 42604 42605 42606 42607 42608
7166 4 4 20558 28690 33407 33434 33445 33450 33455 33461 44540 50074 50104 50118 50124 50128 50131 50135
7167 4 4 33391 33400 33411 33416 33447 33463 34628 34649 34674 39260 44377 44390 44395 50063 50077 50086 50087 50088 50089
7168 0 0 10606 10616 10628 10629 10630 10631 10632 10633 10634 10635 10636
7169 0 0 10694 11455 11467 11480 11482 11491 11497 11504 15879 15926 17541 17543 22818 25673 25686 25830 32175 32196 32205 32212 32221 32222 32223 32224 32225
7170 0 0 2820 6648 6686 10602 10627 10680 10681 10682 10683 10684 10685 10686 10687 10688 10689 10690 10691 10692 10693 10694
7171 0 0 6771 11436 11451 11465 11471 11476 11481 11494 11495 11496 11497 11498 11499 11500
7172 3 3 18205 18216 19476 26590 26641 26774 26787 37127 37132 37146 54754 61590 61596 61597 61598 61599 61600 61601 61602 61603 61604
7173 3 3 54773 54832 54867 54879 54889 61584 61591 61611 65065 65073 65080 65081
7174 3 3 54739 54756 54847 54857 61580 61587 61597 62708 65072 65074 65086 65093 65094
7175 3 3 26591 26624 26792 26947 26964 35394 46668 46696 46704 54834 54843 54886 54891 61585 61592 61600 61605 61606 61607 61608 61609 61610 61611 61612
7176 4 4 11508 11519 11739 11740 11741 11742 11743 11744 11745 11746 11747
7177 4 4 6815 6822 6891 6904 6943 8084 11511 11523 11524 11525 11526 11527 11528 11529 11530 11531
7178 3 3 16333 16344 16352 23199 23208 23227 23234 23241 31007 32271 32280 32291 32304 32305 32306
7179 3 3 5007 5419 5424 8928 9284 9293 9294 9295 9296 9297 9298 9299 9300 9301 9302 9303
7180 3 3 9292 9303 9596 16077 16093 16101 16111 16350 17179 30940 32258 32272 32273 32274 32275 32276 32277 32278 32279 32280 32281 32282
7181 3 3 8934 9301 16334 16345 22248 22274 22278 22287 22288 22289 22290 22291
7182 0 0 63 129 160 163 164 165 166 167 168 169 170 171 68397
7183 4 4 619 626 631 758 768 3207 3393 3794 6537 6552 6555 6556 6557 6558 6559 6560 6561 6562 6563
7184 4 4 32252 34659 34669 44375 44411 44548 45884 45889 46099 47515 47729 50098 50105 56053 56096 56100 56101 56102 56103 56104 56105 56106 56107 56108
7185 4 4 33294 34660 44376 44382 44406 45885 45896 45897 45898 45899
7186 3 3 19138 20789 39392 44276 44294 44305 44321 47819 47824 47859 47881 47909 55076 55095 57683 57696 57698 57699 57700 57701 57702 57703 57704
7187 3 3 44310 47798 47910 48020 48343 48357 53086 53089 57750 62739 62754 62761 62780 62786 62796 62799 62800 62801 62802 62803
7188 3 3 44308 44462 47801 47809 47813 47818 47825 48022 50365 55079 57698 57740 57745 57746 57747 57748 57749 57750 57751
7189 3 3 36844 47843 47852 47871 47882 47907 48352 48369 57670 57694 57703 62720 62727 62732 62740 62758 62760 62761 62762 62763 62764
7190 3 3 26503 26508 26514 32909 32921 32931 45049 48214 48221 48222 48223 48224 48225 48226 48227 48228 48229
7191 3 3 32907 32923 43423 43440 43446 45047 48262 53989 54009 54016 54024 54027 54038 54039
7192 0 0 21832 21852 25273 30781 30786 30798 30815 30816 30817 30818 68398
7193 0 0 30775 30792 30796 40357 40376 40395 40396 40397 40398 40399 68399
7194 0 0 30767 30774 30783 30784 30785 30786 30787 30788 30789 30790 30791 30792 30793
7195 0 0 30776 30793 30794 30795 30796 30797 30798 68400
7196 4 4 11054 11216 16414 16416 16417 16418 16419 16420 16421
7197 0 0 10903 10909 11031 11039 11040 11041 11042 11043 11044 11045 11046 68401
7198 0 0 9656 9669 11039 11049 16404 16405 16406 16407 16408 16409 16410 16411 16412 16413 16414 16415 68402
7199 0 0 10901 10907 10908 10909 10910 10911 10912 10913 10914 10915 68403
7200 0 0 24061 29202 29215 29289 33730 39750 39759 44854 44856 44857 44858 44859 44860
7201 0 0 29121 29292 39752 39761 39775 39776 39777 39778 39779 39780 39781
7202 0 0 50281 50282 50283 50284 50285 50286 50287 50288 50289 50290 50291
7203 0 0 50327 50334 63085 65405 65420 65421 65422 65423 65424 65425
7204 3 3 9079 11197 15440 18201 23337 23425 23438 23449 23450 23451 23452 23453 23454 23455 23456 23457 23458 23459 23460
7205 3 3 23420 23435 23521 33013 33032 33049 33060 33078 33095 46974 46975 46984 46985 46986 46987 46988 46989 46990
7206 3 3 23418 23439 23460 23481 23488 23503 23518 33012 33029 33047 33048 33049 33050
7207 3 3 18209 19487 23426 23440 23447 23456 23470 46707 46986 54748 54753 61232 61596 62478 62503 62510 65071 65075 65088 65090 65092 65094
7208 0 0 33972 43742 43751 43759 43766 43767 43768 43769 43770 43771 43772 43773 43774 43775
7209 0 0 10330 10399 17006 22836 22860 22874 24302 42875 42891 45385 45390 45396 45397 45398 45399 45400 45401 45402 45403 45404
7210 0 0 45401 45449 45476 55449 55462 55465 55466 55467 55468
7211 0 0 5632 9747 22868 42873 42917 43747 43753 43763 43777 45386 45389 45390 45391 45392 45393 45394 45395
7212 3 3 22407 31864 37109 37143 37148 37157 37167 47770 47771 47772 47773 47774 47775 47776 47777 47778 47779
7213 3 3 26644 26651 37110 37122 37123 37124 37125 37126 37127 37128 37129 37130
7214 4 4 12674 15528 15538 15545 15556 15789 19465 22435 23685 25078 25089 25094 25099 25100 25101 25102 25103 25104 25105 25106 25107 25108
7215 4 4 15510 15809 17741 25033 25052 25083 25095 35180 35206 35208 35212 35213 35214 35215 35216 35217
7216 4 4 15524 15525 15526 15527 15528 15529 15530 15531 15532 15533 15534
7217 4 4 25085 25092 25098 25108 25115 25121 25126 25129 25133 35195 35218 35250 35254 35256 35269 35279
7218 0 0 3696 3697 3698 3699 3700 3701 3702 3703 3704 3705 3706 68404
7219 3 3 1560 3734 4104 4113 7058 7213 7220 7224 7227 7228 7229 7230
7220 3 3 3704 3719 3733 3850 6508 7066 7177 7206 7212 7216 7220 7221 7222
7221 0 0 1543 1555 1557 3697 3707 3717 3729 3735 4064 4088 4093 4095 4103 4104 4105 4106 4107 68405 68406
7222 0 0 21393 21996 21997 21998 21999 22000 22001 22002 22003 22004 22005 22006 22007 68407
7223 0 0 29971 29979 29983 29999 30003 30011 30014 30021 30024 40349 40943 40953 40960 40964 40965 40966 40967 40968 68408
7224 4 4 59577 60109 60121 63236 64079 64111 64135 64425 64435 65501 65978 65987 65989 65990 65991
7225 4 4 58068 63847 64087 64107 64119 65472 65489 65493 65500 65503 65504 65982 65992 65997 65999 66001 66002
7226 4 4 55753 55777 58056 58238 60104 64128 64138 64424 64431 64437 65983 65985 65993 65998 66002 66003
7227 4 4 59986 59993 60004 60012 63231 63239 64078 64087 64088 64089 64090 64091 64092 64093 64094 64095 64096
7228 4 4 28497 28694 28700 39269 39277 39291 39292 39293 39294 39295 39296 39297 39298
7229 4 4 8140 13866 20042 20053 27929 28477 28478 28479 28480 28481 28482 28483 28484 28485 28486 28487 28488 28489
7230 3 3 31795 31804 31813 31817 31822 32089 32100 32140 32142 34848 34855 34882 34883 34884 34885 34886 34887
7231 3 3 6169 10217 10225 10372 10668 10675 15770 15781 17318 17591 22605 22614 22698 22739 24688 24701 24716 24717 24718 24719 24720 24721
7232 3 3 10371 10674 15780 17320 17331 19850 22706 24717 31794 31816 32088 32101 32133 32137 32141 32142
7233 3 3 22601 22615 24685 24720 24725 24737 31796 31805 31806 31807 31808 31809 31810 31811 31812 31813
7234 2 2 9842 9857 9858 9859 9860 9861 9862 9863 9864 9865
7235 2 2 5870 7881 9844 9883 9885 9893 9916 9938 9945 9946 9947 9948 9949 9950 9951 9952 9953 9954 9955 9956 9957 9958
7236 4 4 30910 30918 31664 31679 31691 31714 36045 36072 36073 36090 36098 36099 36100 36101
7237 0 0 30915 36050 36057 36095 42081 42082 42083 68409
7238 0 0 30878 30883 30903 30906 30915 30916 30917 30918 30919 30920 30921 30922 30923 30924 30925 30926 68410
7239 0 0 15109 18720 36041 36055 36064 36076 36086 36094 36098 42079 42081 42084 42091 42098 42099 42100 68411
7240 0 0 4657 4658 4659 4660 4661 4662 4663 4664 4665 4666 68412
7241 0 0 4666 14550 14560 14563 21331 21345 28362 28370 28405 28412 28435 28444 28445 28446 28447 68413
7242 0 0 3266 3273 3281 4175 6625 11136 11159 11167 11172 11173 11174 11175 11176 11177 11178 11179 11180 11181 68414
7243 0 0 6631 11160 11169 18003 18021 18034 18055 18056 18057 18058
7244 3 3 24608 32433 34537 34639 34641 43065 43085 44536 45926 45939 45946 45947 45948 45949 45950 45951 45952 45953
7245 3 3 24609 24618 24619 24620 24621 24622 24623 24624 24625 24626
7246 0 0 2265 2741 5381 6051 6071 9173 15818 15851 15856 15857 15858 15859 15860 15861 15862 68415
7247 0 0 2742 9095 9715 15395 15501 15984 16013 16027 16439 16444 16450 16451 16452 16453 16454 16455 16456 68416
7248 0 0 2739 6005 6072 9271 15857 15964 16001 16010 16016 16023 16029 16435 16436 16437 16438 16439 16440 16441 16442 68417
7249 0 0 2267 2737 9099 9178 10984 12222 15392 15493 15494 15495 15496 15497 15498 15499 15500 15501 15502 15503 15504 15505 68418
7250 4 4 31665 31674 31703 31709 33504 33523 35947 36102 44611 46081 46091 46100 46103 46104 46105 46106 46107
7251 4 4 30880 30932 31655 31669 31690 31708 31712 31713 31714 31715 31716
7252 3 3 16909 22363 27443 31153 31182 31192 31195 31196 31197 31198 31199 31200 31201
7253 3 3 16906 31184 31188 31204 31249 32950 34162 43698 45293 48641 48669 48688 48693 48705 48713 48721 48728 48729
7254 4 4 31150 31267 31278 34161 34410 34414 45311 45334 45349 45351 45352 45353 45354 45355
7255 4 4 31159 31193 31199 31206 31214 31248 31249 31250 31251 31252 31253 31254 31255 31256 31257
7256 4 4 826 852 1584 4001 4002 4003 4004 4005 4006 4007 4008 4009 4010
7257 4 4 841 3539 3836 4015 4028 4032 4045 4049 4058 4074 4075 4076 4077 4078 4079 4080 4081 4082
7258 0 0 310 314 350 865 884 885 886 887 888 889 890 891 892 893 894 895 896 897
7259 0 0 716 1202 1212 1476 1480 1482 1483 1484 1485 1486 68419
7260 4 4 1864 3450 8034 8048 8050 8051 8052 8053 8054
7261 4 4 3348 3442 3443 3444 3445 3446 3447 3448
7262 0 0 3355 3443 3456 4413 4427 4437 8032 8040 8041 8042 8043 8044 8045
7263 0 0 1861 3353 3411 3412 3413 3414 68420
7264 0 0 3335 3341 3348 3349 3350 3351 3352 3353 3354 3355 3356 3357 3358 3359 3360 3361 68421
7265 0 0 1388 1860 3414 3449 4363 5093 6799 8047 8050 8058 8062 8063 8064 8065 8066 8067 68422
7266 3 3 31260 34166 34217 34239 34255 34375 34407 34415 43636 43653 43690 45170 45192 45305 45306 45307 45308 45309 45310 45311 45312 45313 45314 45315
7267 3 3 24516 33622 33642 33699 33700 33701 33702 33703 33704 33705 33706 33707 33708 33709 33710
7268 3 3 24290 24504 27588 31139 31271 33699 34243 34396 34423 37957 55399 55415 55421 55429 55430 55431
7269 3 3 33710 33718 34240 34246 34269 45164 45167 45168 45169 45170 45171 45172 45173 45174 45175
7270 3 3 44649 49129 49132 49145 49406 49432 55111 56259 56286 56309 56311 56312 56313 56314 56315
7271 3 3 34693 34712 44661 44683 44690 44707 49136 49170 55107 55112 55117 55118 55122 55123 55124 55125 55126 55127 55128
7272 3 3 44650 44698 44718 49403 49409 49431 55101 55110 55115 55120 55129 56257 56288 56313 56322 56323 56324 56325 56326
7273 3 3 49131 49140 49146 55123 56299 56311 56316 56338 58607 58624 58625 58626 58627
7274 3 3 9630 9742 16387 16399 22305 22306 22307 22308 22309 22310 22311 22312 22313 22314 22315 22316 22317 22318 22319
7275 3 3 23399 23408 23531 32989 33037 46798 46805 46823 46827 46839 48563 48569 48570 48571 48572 48573 48574 48575 48576 48577 48578
7276 3 3 31783 46132 46146 46153 46168 46202 46209 54453 54454 54455 54456 54457 54458 54459 54460 54461
7277 3 3 23757 23758 23759 23760 23761 23762 23763 23764 23765 23766
7278 3 3 31771 46129 46144 46155 46162 46163 46164 46165 46166 46167 46168 46169
7279 3 3 23763 31782 45750 46201 54455 58598 60424 60427 60454 61181 61417 61422 61423 61424 61425 61426
7280 3 3 18319 18326 18337 18363 18379 18390 21582 21594 21609 35070 35077 35083 35084 35085 35086 35087 35088 35089
7281 3 3 18287 18297 21608 30179 30189 30193 35098 46606 46916 56388 56407 56420 56421 56422 56423
7282 3 3 18281 18293 18302 18312 18317 18320 18321 18322 18323 18324 18325 18326
7283 3 3 21597 21605 24938 24962 30194 35078 35084 35098 35099 35100 35101 35102 35103 35104 35105 35106 35107 35108 35109
7284 3 3 44049 44058 44065 44999 51111 53708 53725 54345 55328 64821 64829 64869 64876 64935 66362 66367 66374 66379 66380 66381 66382 66383
7285 3 3 61325 64823 64835 64909 64938 64962 64967 66352 66355 66356 66357 66358 66359 66360 66361
7286 3 3 28511 28531 28943 39285 50137 50144 50174 50178 50179 50180 50181 50182 50183 50184
7287 3 3 28515 28530 28543 28551 28552 28553 28554 28555
7288 0 0 8481 8489 14613 14646 14650 14651 14652 14653 14654 14655 14656 14657 68423
7289 0 0 8326 14614 21536 30100 30118 30137 30138 30139 30140 30141 30142 68424
7290 3 3 5615 5616 5617 5618 5619 5620 5621 5622 5623 5624 5625
7291 3 3 22658 22663 22670 23292 31932 31961 31970 31991 31994 31999 32001 32002 32003 32004 32005 32006 32007 32008
7292 3 3 9727 9733 9736 16392 16400 22654 22660 23290 23384 32006 32031 42877 42878 42879 42880 42881 42882
7293 3 3 5620 5659 5666 9757 9767 22652 22662 22664 22665 22666 22667 22668 22669 22670
7294 0 0 17258 24780 24797 24798 24799 24800 24801 24802 24803 24804 24805 24806 24807 24808 68425
7295 0 0 27571 27584 34749 34813 37918 37929 49082 49095 49097 49098 49099 49100
7296 4 4 14013 14071 14078 15237 15265 20566 20573 22913 25957 28501 28672 28691 28698 33510 44539 44543 44554 44555 44556
7297 4 4 14027 14028 14029 14030 14031 14032 14033 14034 14035 14036 14037 14038 14039 14040 14041 14042 14043 14044
7298 0 0 164 552 553 554 555 556 557 558 68426
7299 0 0 1367 3183 3385 3392 6538 6551 6558 17852 17866 31098 31119 47078 47105 47118 47122 47127 47130
7300 0 0 553 1365 3178 3179 3180 3181 3182 3183 3184 3185 3186 68427
7301 0 0 558 772 787 791 1136 1363 3200 3211 3382 3383 3384 3385 3386 3387 3388 3389 3390 68428
7302 0 0 424 431 441 1231 1272 1283 2647 2660 2668 2671 2672 2673 68429
7303 0 0 418 426 466 473 494 495 496 497 498 68430
7304 0 0 414 425 426 427 428 429 430 431 68431 68432
7305 0 0 416 459 474 491 494 2612 2625 2630 2662 2871 2902 2915 2924 2931 2934 2936 2937 2938 2939
7306 3 3 3996 7139 7156 7324 11840 12356 19043 19064 19073 19343 19361 19362 19363 19364 19365 19366 19367
7307 0 0 7105 7119 7127 7128 7143 7150 11829 11848 12345 12541 19075 37168 37182 37188 37191 37192 37193 37194 68433
7308 0 0 1853 1854 1855 1856 1857 1858 1859 68434
7309 0 0 1875 4414 7984 8013 8014 8015 8016 8017 8018 8019 8020 68435
7310 0 0 1855 1862 1869 1870 1871 1872 1873 1874 1875 68436 68437
7311 0 0 1856 4367 7973 7983 8017 8021 8022 8023 8024 8025 68438 68439
7312 3 3 18053 19259 19383 19402 19431 19437 19451 19452 19453 19454 19455 19456 19457 19458 19459 19460 19461 19462 19463 19464
7313 3 3 11137 11153 11182 18010 18037 18045 19380 19411 19420 19433 19438 19444 19445 19446
7314 3 3 11183 18046 19381 19421 19439 19446 19459 25392 25393 25394 25395 25396 25397
7315 3 3 12306 12329 17976 17992 18039 18050 19262 19277 19377 19404 19412 19431 19432 19433 19434 19435 19436
7316 4 4 2798 2807 3402 6328 6332 6346 6352 6653 6656 6657 6658 6659 6660 6661 6662 6663 6664 6665 6666
7317 4 4 6654 6669 10688 17515 17525 17538 17543 17544 17545 17546 17547 17548
7318 0 0 4304 5884 5896 6200 6201 6202 6203 6204 6205 6206 6207 6208 6209 68440
7319 3 3 4308 5877 5894 7695 7725 7735 7740 7741 7742 7743 7744
7320 3 3 4696 4718 4744 8373 8380 8391 9034 9043 14570 14571 14572 14573 14574 14575 14576 14577
7321 0 0 8361 8368 8375 8389 10958 14623 14626 14633 14658 14674 21352 21357 21397 21412 21413 21414 21415 21416 21417 21418 68441
7322 0 0 10074 13114 16946 24191 24272 33918 33935 45212 45231 45255 45289 45294 45295 45296 68442
7323 4 4 33940 45203 45220 45229 45257 45261 45262 45263
7324 0 0 1554 1557 1558 1559 1560 1561 1562 1563 1564 68443
7325 3 3 4058 4059 4060 4061 4062 4063 4064 4065 4066 4067 4068 4069 4070 4071 4072 4073
7326 3 3 7703 7727 7743 7749 7760 15141 17185 17196 34605 38537 38556 38565 38570 38574
7327 3 3 5882 7694 7723 7731 7740 16645 16651 16652 16653 16654 16655 16656 16657
7328 3 3 51292 51293 51294 51295 51296 51297 51298 51299 51300 51301 51302 51303 51304
7329 3 3 45685 45721 51344 51450 51494 51501 51502 51503 51504 51505 51506 51507 51508 51509 51510
7330 4 4 27685 27720 28574 49109 49120 49130 50226 58615 58634 58656 58658 58659 58660
7331 4 4 38100 38106 38391 39406 39415 49115 50202 50224 50330 58618 58632 58654 58663 58669 58670
7332 0 0 21276 29321 29467 30197 30431 30439 30531 30539 30540 30541 30542 30543 30544 30545 30546 30547 30548 30549 30550 68444
7333 0 0 29322 29459 30199 30548 41117 41121 41132 41362 41366 68445
7334 4 4 39790 48395 48465 56623 59489 59497 59507 59603 59612 59622 59623 59624 59625 59626 59627 59628 59629 59630
7335 4 4 39786 40055 43387 43564 45020 48391 50723 52633 52664 55354 55361 55385 55389 59505 59609 59615 59647 59649 59661 60198 60273 60283 64459 64478 64483 64484 64485
7336 3 3 655 660 661 662 663 664 665 666 667 668 669
7337 0 0 586 587 588 589 590 591 592 593 594 595 596 68446
7338 0 0 410 535 3011 3029 3053 3054 3055 3056 3057 3058 68447
7339 0 0 3008 6281 6282 6283 6284 6285 6286 6287 6288 6289 68448
7340 0 0 532 2615 2633 3002 3008 3009 3010 3011 3012 3013 68449
7341 0 0 537 3056 6285 6303 6307 6317 10396 10559 10562 10563 10564 10565 10566 10567 68450
7342 3 3 49735 49755 49962 55610 55647 55663 55681 58518 58929 58940 58948 58955 58961 58990 59004 59005 59006 59007 59008 59009 59010 59011 59012
7343 3 3 55633 55634 55635 55636 55637 55638 55639 55640 55641 55642 55643
7344 3 3 55610 55611 55612 55613 55614 55615 55616 55617 55618
7345 3 3 49725 49751 49925 49952 55638 55667 55676 55677 55678 55679 55680 55681
7346 4 4 62724 62730 62737 62745 62752 62759 62764 62771 62777 62779 62781 62788 62802 62804 62805 62806 62807 62808 62809
7347 4 4 47916 48288 48313 48352 48353 48354 48355 48356 48357 48358 48359 48360 48361
7348 4 4 594 674 690 1468 2312 2328 2335 2343 2460 3507 3515 3520 3535
7349 0 0 1813 1818 2285 2296 2474 3517 4334 4389 7974 7981 13748 13756 13789 13790 68451
7350 4 4 1473 2298 3513 3524 4334 4335 4336 4337 4338 4339 4340 4341 4342
7351 0 0 593 1471 1816 1821 1829 2289 2291 2308 2326 2417 2430 2440 2444 2453 2458 2459 2460 2461 2462 2463 2464 68452
7352 0 0 1635 2249 2262 7355 7414 12480 12495 26698 26699 26700 26701 26702 26703 68453
7353 0 0 2238 2257 2260 7416 12443 12457 12463 12464 12465 12466 12467 12468
7354 3 3 40893 40905 44066 44989 44990 44991 44992 44993 44994 44995 44996 44997 44998 44999 45000 45001 45002
7355 3 3 40863 40896 46634 46645 46652 46659 46660 46661 46662 46663 46664 46665 46666
7356 3 3 44994 46665 48458 51119 53722 55327 55341 56507 56519 56538 56583 56619 59608 59617 59631 59650 59651 59652 59653 59654 59655 59656 59657 59658 59659 59660
7357 3 3 40439 40454 40860 40886 40895 40896 40897 40898 40899 40900 40901 40902 40903 40904 40905 40906
7358 0 0 1676 7547 7561 12690 12867 24200 27069 27083 27090 27100 27101 27102 68454
7359 0 0 4197 4204 7524 7563 7565 7582 7597 12776 12846 12856 12858 12859 12860 12861 68455
7360 0 0 4193 4200 7526 7538 7546 7558 7559 7560 7561 7562 7563 7564 68456
7361 0 0 12850 12857 12861 12865 12868 12878 12882 12893 24202 27074 27085 27100 27105 27111 27117 68457
7362 4 4 16403 22312 23261 23287 23358 23400 23528 25341 32035 32988 32999 43732 46796 46802 46826 46827 46828 46829
7363 4 4 23271 23275 23294 32033 33003 42615 42632 42634 42635 42636 42637 42638 42639 42640 42641
7364 4 4 16384 16395 22313 23280 23288 23359 23379 23401 24330 31136 32007 32020 32028 32029 32030 32031 32032 32033 32034 32035 32036 32037
7365 4 4 23260 25332 25345 32998 43731 43732 43733 43734 43735 43736 43737
7366 3 3 11733 15105 15201 15202 15203 15204 15205 15206 15207 15208 15209 15210 15211 15212 15213 15214 15215
7367 3 3 25902 25903 25904 25905 25906 25907 25908 25909 25910
7368 3 3 58060 59591 59599 61816 62023 63771 63808 63810 63821 63825 63843 63845 63846 63847 63848 63849 63850 63851 63852 63853
7369 3 3 63854 63855 63856 63857 63858 63859 63860 63861 63862 63863 63864 63865 63866 63867 63868 63869
7370 3 3 58057 60097 62056 62909 62942 63831 63838 63848 63859 63870 63896 63902 63912 64108 64136 64139 65505 65866 65899 65908 65984 65996 66000 66001 66003
7371 3 3 63773 63783 63790 63795 63809 63816 63819 63822 63827 63850 63862 63872 63880 63905 63906 63907 63908 63909
7372 0 0 18103 18118 25351 25354 25368 33082 46749 46752 46782 56694 56695 56696 56697 56698 56699 56700 56701 56702 56703 56704 56705
7373 0 0 25327 25357 56707 56715 56716 56717 56718 56719 56720 56721 56722 56723
7374 3 3 24809 32411 35021 38428 38432 38437 38451 46366 46389 46400 46426 46432 49419 49434 56216 56231 56235 56250 56251 56252 56253 56254
7375 3 3 49405 49412 49415 49422 49429 49433 49440 49447 56226 56242 56255 56256 56257 56258 56259 56260 56261
7376 3 3 5813 8188 13876 14209 20941 20954 20966 20980 23793 23802 23803 23804 23805 23806 23807 23808 23809 23810 23811
7377 3 3 14439 14447 20949 20974 29273 29274 29275 29276 29277 29278 29279 29280 29281 29282 29283 29284
7378 3 3 45667 45668 45669 45670 45671 45672 45673 45674
7379 3 3 48774 48777 51222 51237 51282 51400 51419 51427 51436 51437 51438 51439
7380 3 3 40779 45718 48787 51280 51329 51341 51401 51436 51442 51496 51509 51511 51512 51513 51514 51515 51516 51517 51518
7381 3 3 48783 51221 51434 51438 51444 55901 55913 55914 55915 55916 55917 55918 55919 55920
7382 3 3 13572 13580 20257 27395 37856 39107 39117 39135 39143 39144 39145 39146 39147
7383 3 3 37852 37860 48921 48927 48928 48929 48930 48931 48932 48933
7384 3 3 38745 38753 38758 38763 38772 38774 38777 38784 49673 49687 49699 50479 50495 58789 58803 58810 58811 58812
7385 3 3 13473 13481 28061 28062 28063 28064 28065 28066 28067 28068 28069
7386 0 0 24814 24829 32357 32374 32382 32383 32384 32385 32386 32387 32388 32389 32390 32391
7387 0 0 49177 56275 56280 56298 58679 58690 58697 58698 58699 58700 58701 58702 58703 58704
7388 0 0 24813 24823 24824 24825 24826 24827 24828 24829 24830 24831 24832 24833 24834 24835 24836 24837 24838 24839 24840 24841 24842 24843
7389 0 0 32405 32419 33181 43880 43913 43919 43920 43921 43922 43923 43924
7390 3 3 3007 3013 3021 3028 3037 3046 3051 3052 3058 3063 3070 3136 6162 6296 10175 10226 10364 10376 10385 10388 10389 10390 10391
7391 3 3 3099 6286 6293 10298 10310 10357 10374 10386 10393 10493 10573 17153 17298 17299 17300 17301 17302 17303 17304
7392 3 3 6287 6300 10362 10391 10394 10397 10554 10562 10571 17300 17316 17330 17335 17336 17337
7393 3 3 3016 3025 3080 3101 6164 6172 6235 10307 10349 10363 10377 10381 10382 10383 10384 10385 10386 10387
7394 4 4 62522 62532 62549 62557 64851 64855 64864 65190 65213 65271 65274 65276 65278 65279 65280 65281 65282
7395 4 4 51145 62517 62525 64837 64847 65184 65200 65217 65236 65241 65260 65261 65262 65263 65264
7396 0 0 27200 29727 38836 38905 40589 40622 40639 40694 40716 40735 40769 40770 40771 40772 40773 40774 40775 40776 40777 40778 40779 40780 40781 40782 40783
7397 0 0 27230 34147 40594 40603 40643 40646 40647 40648 40649 40650 40651
7398 3 3 17312 17356 17377 19811 19838 19843 19847 22565 22582 32129 46250 46257 46267 46274 46279 46280
7399 3 3 19816 22563 22586 22591 24909 34965 34982 34997 34999 35009 35010 35011 35012 35013 35014 35015 35016
7400 3 3 19803 19804 19805 19806 19807 19808 19809 19810 19811 19812 19813 19814 19815 19816 19817
7401 3 3 22559 22585 24910 32127 34857 34872 34925 35011 46247 46260 46367 46374 46404 46415 46416 46417 46418
7402 4 4 9397 9403 12181 16274 23022 23029 23030 23031 23032 23033 23034 23035 23036 23037
7403 4 4 43166 43177 43185 43189 43192 43196 43204 53765 53781 53784 53785 53786 53787 53788
7404 4 4 16280 23019 23027 23051 30721 32692 32696 43159 43160 43161 43162 43163 43164 43165 43166
7405 0 0 9404 23034 23038 23039 23040 23041 23042 23043 23044 23045 68458
7406 2 2 11329 11641 16167 16178 16524 18926 19106 19114 26148 26281 35880 36661 36679 36680 36681 36682 36683 36684 36685 36686 36687 36688 36689 36690
7407 2 2 11325 19123 36693 47235 47249 47250 47251 47252 47253 47254 47255 47256 47257 47258
7408 0 0 1060 1061 1062 1063 1064 1065 1066 1067 1068 68459
7409 0 0 1071 1078 8498 8530 8546 8549 8550 68460 68461
7410 0 0 73 281 1068 1069 1072 1076 1077 1078 1079 1080 1081 1082 68462 68463
7411 0 0 1061 1075 8496 8537 8547 8563 8564 8565 8566 8567 8568 68464
7412 0 0 40823 41893 41928 41944 41953 43406 50733 52669 52678 52684 52695 52698 52699 52700 52701 52702 68465
7413 0 0 41900 41929 41940 52652 52676 52682 52689 52690 52691 52692 52693 52694
7414 4 4 6989 6997 7388 7403 7495 7505 7510 26754 26849 26873 26874 26875 26876 26877
7415 4 4 3638 3655 3813 7498 7518 12631 12639 12640 12650 12656 12665 12666 12667 12668 12669
7416 4 4 3825 6990 7497 12642 12653 12655 12665 19008 25966 26812 26832 26838 26850 26875 26878 26879 26880
7417 4 4 1520 3592 3642 3663 3674 3684 5523 6981 6994 7392 7397 7493 7502 7520 12603 12616 12619 12621 12622
7418 0 0 2685 3113 5587 42125 42159 42160 42161 42162 68466
7419 0 0 2684 3110 5099 5114 5115 5116 5117 5118 5119 5120 5121 5122 68467
7420 3 3 32515 35862 36193 36258 36499 43094 43102 43108 47836 47863 47890 47893 47894 47895 47896 47897 47898 47899 47900 47901 47902
7421 3 3 47865 55083 55094 57683 57684 57685 57686 57687 57688 57689
7422 3 3 47899 55082 55098 57676 57688 57705 59413 59414 59415 59416 59417 59418 59419 59420 59421 59422 59423
7423 3 3 47833 47840 47846 47851 47855 47867 47872 47876 47884 47892 47902 47904 47917 47918 57669 57685 57692 57694 57695 57696 57697
7424 0 0 29535 38785 38843 38853 38854 38855 38856 68468
7425 0 0 27288 28406 28452 38810 38820 38830 38838 38849 38859 38868 38870 38871 38872 38873 38874 38875 38876 38877 68469
7426 3 3 9025 14783 21362 21421 22020 24947 24965 24974 29852 29889 29926 30158 30163 30169 30170 30171 30172 30173 30174 30175 30176 30177 30178
7427 3 3 21579 22011 22041 22059 24969 25280 30167 41597 52446 52460 52463 52470 52478 52482 52735 52751 52761 52773 52806 60378 60399 60406 60408 60412
7428 3 3 8397 9031 9052 14734 18573 21422 21573 22010 22021 22057 24949 24966 24969 24970 24971 24972 24973 24974 24975 24976 24977
7429 3 3 52446 52447 52448 52449 52450 52451 52452 52453 52454 52455 52456
7430 3 3 40015 40026 50872 52078 52114 52138 52146 52147 52148 52149 52150 52151 52152 52153 52154
7431 3 3 52087 52141 59568 59974 64060 64083 64097 64131 65853 65872 65885 65895 65896 65897 65898
7432 0 0 4668 7623 12901 19586 19592 19601 19606 19607 19608 19609 19610 19611 19612
7433 0 0 7628 12922 12934 12966 12973 12982 19587 27045 27056 27116 37365 37377 37381 37389 37390
7434 4 4 31659 31673 31706 31716 33494 33522 36046 36071 36083 36092 36101 36102 36103 36104
7435 4 4 30917 31496 31663 31679 31680 31681 31682 31683 31684 31685 31686 31687
7436 0 0 2706 10590 11366 11369 25495 25502 25514 25522 25529 25533 25535 25536 25537 25538
7437 0 0 2693 2694 2695 2696 2697 2698 2699 2700 2701 68470
7438 0 0 5655 9087 9088 9089 9090 9091 9092 9093 9094 9095 9096 68471
7439 3 3 9711 9755 15391 15504 16451 16461 23320 23341 23350 23635 23648 23661 23677 23678 23679 23680 23681 23682
7440 0 0 5619 5654 5667 9091 9641 9648 9712 9754 9755 9756 9757 9758 9759 9760 9761 9762 9763 9764 68472
7441 0 0 9096 9117 9713 15390 15391 15392 15393 15394 15395 15396 15397 15398 15399 15400 15401 15402 15403 15404 15405 68473
7442 0 0 2214 3172 4698 4711 4729 4732 5195 5218 5226 8998 9004 9010 9017 9018 9019 9020 9021 9022 9023 68474 68475
7443 0 0 2221 2227 2228 2229 2230 2231 2232 2233 2234 68476 68477
7444 0 0 41901 41915 41936 41948 50744 51094 52650 52677 52686 52691 52695 52696 52697 68478
7445 0 0 40817 41753 41883 41884 41885 41886 41887 41888 41889 41890 41891 41892 41893 41894
7446 4 4 20909 33827 45096 45123 50596 50608 50613 50614 50615 50616 50617 50618 50619 50620 50621 50622
7447 4 4 39734 39767 50580 50597 50612 50623 50624 50625 50626 50627 50628 50629 50630 50631 50632
7448 4 4 3186 3191 3195 3234 6539 6541 6549 17852 17853 17854 17855 17856 17857 17858 17859
7449 4 4 127 177 612 637 643 3235 6545 6550 6560 11402 11409 17827 17828 17829 17830 17831 17832 17833 17834 17835 17836
7450 4 4 3238 6543 17832 17844 17847 17860 17871 17872 17873 17874 17875 17876
7451 4 4 125 165 176 611 628 636 3185 3187 3233 6536 6542 6549 6550 6551 6552 6553 6554
7452 0 0 7327 7334 7366 12289 19536 23057 23075 23078 26669 26670 26671 26672 26673 26674 26675 26676 26677 68479
7453 0 0 7128 7129 7130 7131 7132 7133 7134 7135 7136 68480
7454 0 0 12350 26676 26680 26685 26694 37173 37185 37302 37319 37324 37328 37330 37331 37332 68481
7455 0 0 7135 7137 7325 7332 7333 7334 7335 7336 7337 68482
7456 4 4 19199 23010 25298 26991 26998 27008 32567 32603 32710 36362 36514 36518 36528 36530 36531 36532 36533 36534 36535
7457 4 4 26389 26979 27023 27026 27027 27028 27029 27030 27031
7458 4 4 26978 27010 27019 27025 27027 31368 32559 32569 36534 43123 43130 44898 44957 44967 47943 53587 53601 53639 53652 53677 53682 53687 53692
7459 4 4 12185 12188 19203 19210 19222 21944 26245 26972 26990 26993 26997 26998 26999 27000 27001 27002 27003 27004 27005 27006
7460 0 0 9053 14740 14746 14747 14748 14749 14750 14751 14752 14753 14754 14755 14756
7461 0 0 6637 8396 9013 9024 9025 9026 9027 9028 9029 9030 9031 9032 9033 9034 9035 9036 9037 9038
7462 0 0 8393 9055 14725 14732 14744 14761 18569 18571 18572 18573 18574 18575
7463 0 0 9000 9008 9016 9023 9038 9046 9057 15343 15350 15359 22015 22025 22026 22027 22028 22029 22030 22031 22032 22033
7464 4 4 14667 14675 21354 21357 21358 21359 21360
7465 4 4 1087 4694 8347 14572 14665 14670 21366 29895 29897 29904 30108 30122 30145 30154 30156
7466 3 3 37611 41416 49641 49656 49669 49722 49723 49724 49725 49726 49727 49728 49729 49730 49731 49732 49733 49734 49735
7467 3 3 37844 38732 41443 48816 48827 48854 48860 48880 49639 49647 49749 49759 49765 49766 49767 49768 49769 49770 49771 49772 49773
7468 3 3 38738 48826 48914 48959 48975 49542 49554 49631 49632 49633 49634 49635 49636 49637 49638 49639 49640 49641 49642
7469 3 3 37610 41444 49650 49660 49729 49736 49737 49738 49739 49740 49741 49742 49743 49744 49745 49746 49747 49748 49749 49750 49751 49752 49753 49754 49755
7470 3 3 5071 5431 8851 9351 9372 9376 9377 9378 9379 9380 9381
7471 3 3 19930 19966 19974 19980 19992 22151 22890 22905 22916 22917 22918 22919 22920 22921 22922 22923
7472 3 3 5051 5077 5437 9304 9350 9373 9381 15181 15189 15198 16059 16075 16088 16091 19979 19990 22146 22152 22896 22922 22940 22945 22946 22947 22948 22949
7473 3 3 8900 9378 15250 18978 19935 19973 19994 20000 22916 25907 25911 25928 25940 25954 25955
7474 0 0 2529 2541 5528 7472 7477 12371 12373 12374 12375 12376 12377 68483
7475 0 0 2527 2534 2535 2536 2537 68484
7476 0 0 4483 4508 4520 4522 4523 4524 4525 4526
7477 0 0 4488 4506 4527 4528 4529 4530 4531 4532 4533 4534 4535 4536 4537 4538
7478 3 3 23707 23720 23733 23739 37345 37353 37354 37355 37356 37357 37358 37359
7479 3 3 23721 36486 37333 37334 37335 37336 37337 37338 37339 37340 37341 37342 37343 37344
7480 0 0 5928 5941 24357 24397 24403 24404 24405 24406 24407 24408 24409 68485
7481 0 0 5921 5934 5950 5951 5952 5953 5954 68486
7482 0 0 10832 10843 10848 10866 10869 10916 10917 10918 10919 10920 10921 10922 10923 10924 68487
7483 0 0 6386 6387 6388 6389 6390 6391 6392 6393 6394 68488
7484 3 3 55142 55152 59233 59276 59311 61637 63571 63581 63585 63594 63595 63596 63597 63598 63599
7485 3 3 39305 50555 59214 59283 59380 61736 62903 63399 63570 63580 63583 63588 63589 63590 63591 63592 63593
7486 3 3 51360 51370 51376 51381 51386 51448 51449 51450 51451 51452 51453 51454 51455 51456 51457
7487 3 3 51492 51500 51510 51518 51524 51529 58257 58263 58267 58268 58269 58270 58271 58272 58273 58274 58275
7488 3 3 33791 40445 40459 40862 40895 41914 46651 46663 48372 48379 48380 48381 48382 48383 48384 48385 48386
7489 3 3 33795 43379 48376 48392 48460 50722 50723 50724 50725 50726 50727 50728 50729 50730 50731 50732
7490 4 4 26320 35829 35840 36429 36546 36590 36594 36595 36596 36597 36598 36599 36600 36601 36602 36603
7491 4 4 26300 26316 35848 35850 35851 35852 35853 35854 35855 35856 35857 35858 35859
7492 0 0 21959 21972 21986 26408 30640 30654 30667 36749 36761 41768 41769 41770 41771 41772 41773 41774 41775 41776 41777 68489
7493 4 4 21983 21989 26417 30669 52562 52570 52571 52572 52573 52574 52575 52576 52577
7494 2 2 10930 17673 18283 18303 18304 18305 18306 18307 18308 18309 18310 18311 18312
7495 2 2 6387 6398 8406 8416 8435 10749 10818 10828 10844 10868 10870 10917 10934 10936 10937 10938 10939 10940
7496 2 2 6384 8415 8432 10814 10822 10926 10938 17662 17667 17668 17669 17670 17671 17672 17673 17674 17675 17676
7497 2 2 10850 10867 10873 10921 10932 10937 17652 18291 18307 18313 18314 18315 18316 18317 18318 18319
7498 4 4 32362 32373 33278 46299 46320 53124 53141 53150 53152 54478 54487 54488 54489 54490 54491 54492 54493 54494 54495
7499 4 4 33279 46306 46336 53126 61572 62216 62225 62264 62271 62272 62273
7500 3 3 21731 21745 21751 21755 30281 30284 30285 30286 30287 30288 30289 30290 30291 30292
7501 3 3 21640 21668 21695 21747 21761 21767 21768 21769 21770 21771 21772 21773 21774
7502 3 3 46720 51150 52738 52768 53971 59921 59922 59923 59924 59925 59926 59927 59928 59929 59930 59931
7503 3 3 61316 61319 64824 64906 64948 64956 64957 64958 64959 64960 64961 64962 64963
7504 3 3 53970 59923 61321 62513 62585 62606 62612 62626 64838 64947 64959 66359 66397 66398 66399 66400
7505 3 3 35411 46723 52736 52769 53967 59930 61253 61280 61291 61298 61308 61309 61310 61311 61312 61313 61314 61315 61316
7506 4 4 40382 41527 41654 41899 51053 51070 51075 51088 51090 51091 51092
7507 4 4 40379 40394 40399 40406 40407 40408 40409 40410 40411 40412 40413 40414 40415 40416 40417
7508 0 0 7946 7953 20105 20128 20129 20130 20131 20132 20133 20134 20135 68490
7509 0 0 7951 7959 13597 20394 20402 20404 20405 20406 20407 20408 20409 20410 20411 20412 68491
7510 0 0 7888 7945 7947 7948 7949 7950 7951 7952 7953 68492
7511 0 0 7944 7966 20131 20410 20423 27958 28155 38616 38625 39002 39043 49451 49455 49456 49457 49458 49459 49460
7512 0 0 681 1159 1160 1161 1162 1163 1164 1165 1166 1167 1168 1169 1170 68493
7513 3 3 4024 4041 11577 11590 11974 12130 18759 18772 18802 18823 18824 18825 18826
7514 3 3 36488 37336 37348 44086 54646 56992 56996 57005 57021 57035 57644 57655 65290 65301 65303 65318 65320 65321 65322
7515 3 3 44197 47745 53197 54869 54883 60477 62672 62689 62701 62711 65289 65310 65314 65315 65319
7516 3 3 42549 44202 47744 53196 54633 54648 54916 54931 54937 57023 57040 57059 60478 61482 65288 65305 65308 65313 65315 65316 65317 65318
7517 3 3 57651 57657 62683 62703 65283 65296 65297 65298 65299 65300 65301 65302
7518 0 0 13252 13268 13281 13286 29268 38764 38780 39546 39601 39614 39616 39617 39618
7519 0 0 13276 13469 29260 29261 29262 29263 29264 29265 29266 68494
7520 0 0 13256 13274 13276 13277 13278 13279 13280 13281 68495
7521 0 0 29266 29272 38782 39533 39564 39587 39595 39597 39600 39618 39650 50450 50486 50492 50496 50504 50509 68496
7522 0 0 1779 13544 20095 20108 20115 20124 20136 20283 27967 27977 27978 27986 27993 27997 27998 27999 68497
7523 0 0 7887 20097 20111 20127 20135 20137 27946 27985 27991 28001 28004 28006 68498 68499
7524 0 0 1775 13545 20109 20138 27971 27994 27999 28004 28005 68500 68501
7525 3 3 20091 20092 20093 20094 20095 20096 20097 20098 20099 20100 20101 20102 20103 20104 20105 20106
7526 4 4 54284 54285 54286 54287 54288 54289 54290 54291 54292 54293 54294
7527 4 4 25337 33057 44183 46812 52942 54726 54738 54745 54751 60493 60504 60522 60523 60529 60530 60531 60532
7528 3 3 50948 51931 51984 52112 52284 52301 52311 52312 52313 52314 52315 52316 52317 52318 52319
7529 3 3 40012 40124 50862 50866 50884 51917 51934 51935 51936 51937 51938 51939 51940 51941 51942 51943 51944 51945
7530 4 4 43780 43781 43782 43783 43784 43785 43786 43787 43788 43789 43790 43791
7531 4 4 10061 16971 16980 16985 17001 23596 24321 24341 24363 24378 33103 34009 34010 34011 34012 34013 34014 34015 34016 34017 34018
7532 4 4 24355 24385 24422 34004 34009 34041 43790 43801 43816 43817 43818 43819 43820 43821 43822 43823
7533 4 4 10060 16969 16973 24335 24343 33097 33102 33103 33104 33105 33106 33107 33108 33109
7534 4 4 8400 8443 9035 14708 14724 14736 14777 18574 21424 24946 24959 24965 24966 24967 24968
7535 4 4 10971 11307 14710 14711 14712 14713 14714 14715 14716 14717 14718 14719 14720 14721
7536 4 4 6463 8376 8438 11274 14710 14727 14758 18428 18437 18438 18439 18440 18441 18442 18443 18444 18445 18446 18447
7537 4 4 6641 8394 9029 9050 14726 14731 14732 14733 14734 14735 14736 14737
7538 4 4 4250 4260 4791 4792 4793 4794 4795 4796 4797 4798 4799
7539 4 4 4855 4862 4870 4877 8640 13334 13380 13399 13400 13401 13402 13403 13404
7540 3 3 47290 47612 47659 56883 56892 56897 56905 57391 57462 57467 57482 57488 57497 64670 64695 64703 64710 64713 64714
7541 3 3 56882 56886 56901 60630 60638 64667 64699 64704 64705 64706 64707 64708 64709
7542 2 2 18346 18360 18371 18384 18502 18506 18526 18535 18579 18584 18585 18586 18587 18588
7543 2 2 10893 10961 11271 18365 18432 18438 18472 18503 18510 18524 18538 18539 18540 18541 18542 18543 18544
7544 4 4 54384 61255 61275 61293 61307 61313 61317 64817 64908 64936 64950 64963 64964 64965 64966 64967
7545 4 4 61242 61243 61244 61245 61246 61247 61248 61249 61250 61251 61252 61253 61254
7546 0 0 9655 9656 9657 9658 9659 9660 9661 9662 9663 9664 68502
7547 0 0 10045 16891 23534 23546 23547 23548 23549 23550 23551 23552 23553 23554 23555 23556 23557
7548 2 2 11189 18049 19440 19453 25320 25396 32763 32794 32807 35441 35442 35443 35444 35445 35446 35447 35448
7549 2 2 6627 11178 18035 18052 18055 18061 18093 25242 25243 25244 25245 25246 25247 25248 25249 25250 25251 25252
7550 2 2 25245 25390 32774 32787 32795 32800 32801 32802 32803 32804 32805 32806 32807 32808 32809
7551 2 2 11154 11184 18007 18040 18045 18046 18047 18048 18049 18050 18051 18052 18053 18054
7552 3 3 24512 33639 33705 33711 33712 33713 33714 33715 33716 33717 33718
7553 3 3 34413 34424 45829 45847 45867 51357 51362 51463 62158 62167 62180 62181 62195 62198 62199
7554 3 3 24517 27598 33713 34409 34420 37947 37956 37971 45827 45839 45845 45846 45847 45848 45849 45850
7555 3 3 34235 34252 34261 34273 45830 45835 56024 62117 62163 62177 62182 62189 62192 62195 62196
7556 3 3 24104 28590 28634 28636 28644 28649 28650 28651 28652 28653 28654 28655 28656 28657 28658
7557 3 3 20585 24105 24108 28592 28598 28599 28600 28601 28602 28603
7558 4 4 34274 34300 45729 55974 56022 56023 56024 56025 56026 56027
7559 4 4 55881 55887 55894 55897 62067 62087 62088 62089 62090 62091 62092
7560 4 4 34242 34251 34260 34278 45826 51364 56025 62081 62105 62114 62131 62158 62159 62160 62161 62162 62163
7561 4 4 34282 34298 48499 48516 48523 55878 55889 55954 55978 62068 62092 62093 62094 62095 62096 62097 62098 62099 62100 62101
7562 3 3 11687 11699 11982 12004 12016 18949 18963 18969 18973 18974 18975
7563 3 3 3429 6849 9211 11650 11675 11690 11703 11704 11705 11706 11707 11708 11709 11710 11711 11712 11713 11714 11715 11716
7564 3 3 14273 21229 21247 21249 24125 28609 28615 28616 28617 28618 28619 28620 28621 28622 28623 28624
7565 3 3 14540 20586 21238 21243 28593 28612 28637 28643 28644 28645 28646 28647 28648
7566 3 3 8315 9830 14282 14325 14538 21226 21234 21240 21243 21244 21245 21246 21247 21248
7567 3 3 28614 28624 28635 28642 28648 28658 28666 28669 29009 39308 44210 44219 44220 44221 44222 44223 44224 44225 44226 44227 44228 44229 44230
7568 3 3 16815 20328 21820 21824 23094 28129 30323 41280 41285 41334 41339 50887 50903 50910 50912 50913 50914 50915 50916
7569 3 3 16795 16813 16827 16834 16841 20315 20316 20317 20318 20319 20320 20321 20322 20323 20324
7570 4 4 31860 31917 53229 53259 53270 53271 53272 53273 53274
7571 4 4 31876 37152 44189 52946 52955 52971 53205 53234 53251 53268 53283 53286 53295 53297 53299 53301 53302 53303
7572 4 4 53214 53222 53231 53239 53245 53249 53254 53258 53266 53277 53285 53289 53296 53297
7573 4 4 23662 23668 26648 31875 37116 37123 37147 37150 37163 44188 47776 52945 53267 53279 53292 53294 53298 53299 53300
7574 3 3 19302 19304 19305 19306 19307 19308 19309 19310 19311
7575 3 3 48059 48060 48061 48062 48063 48064 48065 48066 48067 48068 48069 48070 48071 48072 48073
7576 0 0 64086 64096 64103 64109 65904 65909 65981 65991 65994 65995 65999 66000
7577 0 0 64118 64130 64137 64145 64423 64436 65977 65985 65986 65987 65988
7578 3 3 53940 53941 53942 53943 53944 53945 53946 53947 53948 53949 53950 53951
7579 3 3 59270 59277 59289 59305 59313 59319 59328 59334 59384 60944 63333 63405 63568 63579 63580 63581 63582
7580 0 0 30201 41056 41061 41089 41109 41125 41353 41358 41359 41360 41361 41362 41363 41364 41365 68503
7581 0 0 41046 41057 41069 41070 41071 41072 41073 41074 68504
7582 0 0 41927 60308 60321 60324 60325 60326 60327 60328 60329 60330 60331 60332 68505
7583 4 4 52643 52656 52722 60311 60335 60343 60345 60346 60347 60348 60349 60350 60351 60352
7584 0 0 17768 17776 17782 24996 25147 35144 35149 35151 35152 35153 35154 35155 35156 35157 35158 35159
7585 0 0 5253 9120 11013 12380 12387 15385 17778 17795 17806 25117 25125 26756 26858 35168 35191 35220 35233 35252 35255 35267 35268 35269 68506
7586 0 0 11015 15386 35161 35167 35183 35232 35233 35234 35235 35236 35237 35238 35239
7587 0 0 7452 7490 11075 12382 12391 17760 17769 17770 17771 17772 17773 17774 17775 17776
7588 0 0 1798 2374 2404 2418 2439 2448 2466 4370 4382 4388 4395 4396 4397 4398 68507
7589 0 0 140 1047 1803 1888 2365 2378 2387 2393 2400 2401 2402 2403 68508
7590 3 3 37640 37657 55945 65103 65122 65128 65152 65153 65154
7591 3 3 27266 27267 27268 27269 27270 27271 27272 27273 27274 27275 27276 27277
7592 3 3 15575 15592 19291 26430 26439 26451 26485 30567 30578 30601 30610 30611 30612 30613 30614 30615 30616
7593 3 3 36700 36701 36702 36703 36704 36705 36706 36707 36708 36709 36710 36711
7594 3 3 30561 30562 30563 30564 30565 30566 30567 30568 30569 30570 30571 30572 30573 30574 30575 30576
7595 0 0 20752 26479 26483 30616 30633 36703 36729 36732 36733 36734 36735 36736 36737 36738 36739 36740 36741 36742 68509
7596 3 3 29399 30392 30507 30515 41725 41733 41743 41750 50973 50979 50980 50981 50982 50983 50984 50985 50986
7597 3 3 29395 30483 50957 50964 50971 50992 51007 51008 51009 51010 51011 51012 51013 51014 51015 51016
7598 3 3 30504 30526 41744 50963 50975 50985 59701 59730 59746 59747 59748 59749 59750 59751 59752
7599 0 0 29389 29390 29391 29392 29393 29394 29395 29396 29397 29398 29399 29400 68510
7600 0 0 1991 2050 2127 2133 4227 4235 4241 4470 7713 13335 13343 13348 13349 13350 13351 13352 13353 13354 13355 13356 13357 13358 68511
7601 0 0 1760 2069 2121 2138 2146 2177 4600 5012 5020 5041 8811 8813 8835 8843 8845 8846 8847 68512
7602 0 0 1018 1992 2034 2049 2070 2120 2121 2122 2123 2124 2125 2126 2127 2128 2129 2130 2131 68513
7603 0 0 2139 4586 5015 7712 13345 13356 19926 19946 19958 19969 19975 19976
7604 4 4 32683 41969 41981 43230 43237 43251 43270 43294 52391 53899 53916 53917 53918 53919 53920
7605 4 4 30858 32676 43229 43238 43240 43241 43242 43243 43244 43245 43246 43247
7606 0 0 8219 8220 8221 8222 8223 8224 8225 8226 8227 68514
7607 0 0 12209 14522 20745 20748 21713 36735 36760 36952 36982 42453 42516 48184 48189 48190 48191 48192 48193 48194 68515
7608 4 4 9092 9640 9650 9710 9754 23309 23319 23333 23344 23345 23346 23347 23348 23349 23350 23351
7609 4 4 23298 23324 23336 23354 23371 23643 23654 23667 23668 23669 23670 23671 23672 23673 23674 23675 23676
7610 4 4 21097 21770 30297 30313 40046 41229 41242 41255 41256 41257 41258 41259 41260 41261 41262 41263 41264
7611 4 4 30261 41224 41247 41268 50759 50796 52029 52043 52053 52068 52069 52070 52071 52072 52073 52074 52075
7612 3 3 29675 29686 40433 51039 51185 51191 51199 51208 52794 56675 59810 59836 59847 59859 59861 59862 59863
7613 3 3 40442 46627 46648 51195 51204 54075 54097 54108 56631 56653 56673 56692 59806 59820 59825 59838 59842 59843 59844 59845
7614 2 2 43380 43561 43578 48390 50731 50742 52628 52660 52664 52665 52666 52667 52668 52669 52670 52671 52672 52673 52674
7615 2 2 24145 33798 40458 41504 41916 48371 48379 50724 50737 52630 52647 52710 54092 59620 64483 64555 64566 64574 64584 64586 64587
7616 2 2 22381 23737 42765 42781 53416 53424 53436 53460 54390 54618 54642 54652 54653 54654 54655 54656 54657
7617 2 2 53415 53421 53432 53439 53444 53451 53463 53467 60767 60786 60787 60788 60789 60790 60791 60792 60793 60794
7618 2 2 42769 42775 42787 53394 53420 53431 53433 53434 53435 53436 53437 53438 53439
7619 2 2 37351 37356 44077 53425 53440 53445 54385 54386 54387 54388 54389 54390 54391 54392
7620 3 3 17304 17315 17321 17334 17337 17345 17357 17372 17379 18618 19817 19841 19845 19846 19847 19848 19849 19850
7621 0 0 10570 17343 17347 17358 17359 17360 17361 17362 17363 17364 17365 17366 17367 68516
7622 0 0 6225 6233 6241 6249 10347 15774 15943 15949 15956 22677 22716 22720 24645 24650 24651 24652 24653 24654 24655 24656 24657
7623 0 0 22679 22693 22700 22715 22722 22728 22729 22730 22731 22732 22733 22734
7624 0 0 14413 21061 21069 21079 21118 29055 29058 30257 30340 30349 40041 41225 41243 41251 41265 41266 41267 41268 41269 41270 41271
7625 0 0 14392 14397 14411 20861 20862 20863 20864 20865 20866 68517
7626 0 0 14400 14414 20863 21117 29039 29044 29053 29057 29058 29059 29060 29061 29062 29063 68518
7627 0 0 14391 14410 20862 21066 21080 21082 21102 68519
7628 0 0 66066 66067 66068 66069 66070 66071 66072 66073 66074 66075 66076 66077 66078 66079 66080 66081
7629 0 0 40899 51113 54355 54376 59676 59874 59880 59881 59882 59883 59884 59885 59886 59887
7630 0 0 59887 59894 59900 59905 59913 59920 64214 65192 65205 66080 66097 66116 66122 66126 66132
7631 0 0 42033 42039 52785 52797 54354 54375 59876 59880 60384 60391 66078 66106 66110 66111 66119 66120 66127 66128
7632 3 3 26627 26633 46695 46696 46697 46698 46699 46700 46701
7633 3 3 18210 18222 18229 18238 19482 23469 26584 26589 26629 26789 46706 54752 61594 61601 61608 62502 62509 65070 65083 65087 65091 65092 65093
7634 3 3 11643 11651 11672 11707 18749 18766 18773 18786 18787 18788 18789 18790 18791 18792 18793 18794
7635 3 3 6848 11705 11952 12111 12116 12129 18757 18778 18808 18818 18820 18823 18830 18930 19095 19103 19110 19111 19112
7636 0 0 6271 6279 10401 17003 17004 17005 17006 17007 17008 17009 17010 17011
7637 0 0 33984 45410 45417 54147 54153 54182 54192 54193 55455 55477 55481 55483 55485 55486
7638 0 0 45446 45455 45462 45466 45468 45471 45479 45481 45486 45489 45490 54194 55448 55459 55460 55461 55462 55463 55464 68520
7639 0 0 45388 45395 45404 45414 45422 45428 45432 45437 54158 55458 55474 55487 55489 55490
7640 4 4 10350 15935 15950 15953 15954 15955 15956 15957 15958 15959 15960
7641 4 4 9261 9276 15939 15946 15997 16022 22856 22862 22878 22879 22880 22881 22882
7642 4 4 38293 38309 38336 39973 49046 49248 49250 49251 49252 49253 49254 49255 49256 49257 49258 49259 49260
7643 4 4 38259 38272 38282 38287 38304 45879 49048 49069 49243 49277 49289 49294 49295 49296 49297 49298 49299 49300 49301 49302 49303 49304
7644 4 4 27072 27088 27180 34435 34474 34487 37396 37400 37417 37426 37542 37567 37583 37599 37601 37602 37603 37604 37605 37606 37607 37608
7645 4 4 27115 37368 37393 37405 37521 37535 37545 37558 37566 37587 37588 37589 37590 37591
7646 2 2 11401 11416 11908 17830 31110 35577 46993 47004 47011 47012 47013 47014 47015 47016
7647 2 2 6548 6554 6563 17835 17874 25636 25714 31102 31121 35571 35594 47010 47033 47074 47088 47098 47110 47116 47123 47124
7648 0 0 13639 13649 13665 13682 13691 20446 20448 20449 20450 68521
7649 0 0 13686 20454 27285 28318 28326 28327 28328 28329 28330 28331 28332 28333 68522
7650 0 0 20447 20450 20456 27310 27321 27371 28325 28344 28349 28353 28356 28357 45536 45552 45561 45574 45575 68523
7651 0 0 13642 13656 13664 13686 13687 13688 13689 13690 13691 13692 13693 68524
7652 4 4 15043 22044 22049 22065 22066 22067 22068 22069 22070 22071 22072 22073 22074 22075 22076
7653 0 0 30352 30353 30354 30355 30356 30357 30358 30359 30360 68525
7654 0 0 5146 5156 5971 10066 16960 16977 16987 16988 16989 16990 16991 16992 16993 68526
7655 0 0 5145 9684 10054 15284 16966 16967 16968 16969 16970 16971 16972 68527
7656 0 0 6419 6429 10896 10962 14621 14640 21400 21417 21432 21459 21465 21468 21479 21494 21495 21496 21497 21498 21499 68528
7657 0 0 8358 8363 8371 10965 14620 14626 14627 14628 14629 14630 68529
7658 0 0 12578 18187 18248 19423 19450 19478 19494 19499 19500 19501 68530
7659 0 0 11146 12418 12581 18190 19395 19416 19447 19495 19502 19503 19504 19505 19506 19507 19508
7660 3 3 25487 25488 25489 25490 25491 25492 25493 25494 25495 25496 25497 25498
7661 3 3 10561 10567 10577 10584 10592 10595 10600 11356 17329 17336 17338 17339 17340 17341 17342 17343 17344 17345
7662 0 0 10506 10575 10593 10599 17339 17358 17410 17420 18613 18638 18639 18640 18641 68531
7663 3 3 10526 10558 10582 10587 11356 11357 11358 11359 11360 11361 11362 11363 11364 11365 11366 11367
7664 4 4 5100 5121 5406 9529 10453 15122 16331 16337 22281 22294 23204 23233 23239 23244 23246 23247
7665 4 4 5397 5421 8929 9531 16339 16351 22245 22261 22269 22270 22271 22272 22273 22274
7666 4 4 16549 22138 22160 22161 22162 22163 22164 22165 22166 22167
7667 4 4 15168 15171 16094 16102 16110 16542 16553 16557 16558 16559 16560 16561 16562 16563 16564
7668 0 0 2090 3075 8790 15147 15167 15170 16098 16107 16543 16548 16549 16550 16551 16552 16553 16554 16555 16556 68532
7669 4 4 22140 30941 30945 30946 30947 30948 30949 30950 30951
7670 4 4 49968 52207 58851 58919 60139 60163 64336 64355 64357 64358 64359 64360 64361 64362 64363
7671 4 4 41414 58480 58492 58505 58525 60125 60156 63114 63125 63134 64333 64345 64346 64347 64348 64349 64350 64351
7672 4 4 49728 55646 55661 58495 58507 58517 59011 61858 64340 64348 64352 64364 64368 64369 64370 64371
7673 4 4 60132 60141 60147 60157 60162 60168 63129 64337 64347 64361 64366 64372 64377 64391 64392 64393 64394 64395 64396
7674 0 0 16669 20064 27889 27893 27934 38515 38523 38530 38541 38548 38552 38553 38554 38555
7675 0 0 38508 38516 38519 38527 38539 38544 38546 38569 38580 38581
7676 3 3 26296 35854 36627 42558 57069 57072 57073 57074 57075 57076 57077 57078 57079
7677 3 3 16157 16525 18959 26234 26277 26299 26307 26324 35877 35882 36612 36619 36687 42560 47449 47455 47458 47459 47460 47461 47462
7678 3 3 24509 34233 34234 34235 34236 34237 34238 34239 34240 34241 34242 34243 34244 34245
7679 3 3 22350 24287 27589 31141 31170 34156 34218 34396 34397 34398 34399 34400 34401 34402 34403 34404 34405 34406 34407 34408 34409 34410 34411 34412 34413
7680 3 3 29672 40190 41669 41678 41715 51037 51187 59797 59813 59840 59855 59861 59864 59870
7681 3 3 29669 29676 41717 51169 51172 51183 51192 51198 51199 51200
7682 0 0 64873 64880 64884 64892 64895 64907 64910 64933 64961 64966 66355 66368 66382 66389 66390 66391 66392
7683 0 0 61336 64914 64929 65055 66395 66410 66426 66441 66455 66457 66458
7684 0 0 23649 23656 23688 23693 26645 31848 31855 31906 31918 37165 53264 53274 53280 53291 53292 53293
7685 0 0 23310 23644 23673 31846 31856 31979 31986 31989 42613 42630 42640 42648 52941 53212 53227 53260 53270 53275 53276 53277 53278
7686 4 4 854 874 875 876 877 878 879 880 881 882 883
7687 4 4 1138 1653 3198 3209 3224 3228 6475 6478 6483 6484 6485 6486
7688 3 3 3635 3654 7017 11803 11813 11822 11824 12585 12632 12637 12643 12650 12651 12652 12653 12654
7689 3 3 3637 3814 11820 12093 12641 12666 19001 19002 19003 19004 19005 19006 19007 19008 19009 19010 19011
7690 0 0 2638 3095 6291 10289 10297 10298 10299 10300 10301 10302 10303 10304 68533
7691 0 0 6281 6290 10395 10491 10492 10493 10494 68534
7692 0 0 42683 42727 42742 42746 42747 42748 42749 42750 42751
7693 0 0 32080 32105 32106 32124 32146 34844 34845 34846 34847 34848 34849 34850 34851 34852 34853
7694 0 0 15944 15953 22680 22682 22721 22733 24650 32081 32093 32106 32107 32108 32109 32110 32111 32112 32113 32114 32115 32116 32117
7695 0 0 32120 32145 34846 42717 42726 42753 43856 43866 53334 53349 53355 53356 53357 53358 53359 53360 53361 53362 53363 53364
7696 0 0 20347 20351 20361 28150 28168 28268 39073 39074 39075 39076 39077 39078 39079 39080 39081 68535
7697 3 3 39142 39147 39152 39155 39163 48936 48947 48952 48964 49495 58773 58782 58786 58971 59001 63164 63186 63200 63203 63205 63206 63207
7698 3 3 7922 13594 13623 20195 20202 28166 37845 37859 39074 39082 39092 39146 39154 48930 48934 48945 48949 48950 48951 48952 48953
7699 0 0 28267 38590 39077 39102 49807 58769 58770 58771 58772 58773 58774 58775 58776 58777 58778 58779 68536
7700 0 0 39048 39053 49474 49976 49985 49996 49998 50002 50008 50009 50010 50011 50012 50013 68537
7701 0 0 16291 28160 28219 39008 39023 39027 39029 39030 39031 39032 39033 39034 39035 68538
7702 4 4 1385 6796 6811 6819 6901 8063 8069 8078 8081 8082 8083 8084 8085 8086 8087
7703 4 4 3447 3451 5088 6800 8044 8046 8053 8055 8056 8057 8058 8059 8060 8061
7704 0 0 12227 15393 15502 15512 15535 15547 15787 19470 23663 23686 25077 25086 25087 25088 25089 25090 25091 25092
7705 0 0 6530 9105 9109 9124 11007 15397 17783 17784 17785 17786 17787 17788 17789 17790 17791 17792 68539
7706 3 3 12438 19567 19575 26570 26586 26730 26739 26767 26790 26864 26869 26870 26871 26872
7707 3 3 12409 12420 12434 12564 18235 19396 19502 19562 26548 26560 26575 26578 26579 26580 26581 26582 26583 26584 26585
7708 3 3 12440 18219 18237 26549 26576 26582 26586 26587 26588 26589 26590 26591 26592 26593 26594 26595
7709 3 3 7374 12405 12428 12436 12459 12559 19562 19563 19564 19565 19566 19567 19568 19569
7710 3 3 25765 33528 36124 36132 36146 36212 36233 36244 44607 47537 47704 57219 57264 57273 57280 57281 57282 57283 57284 57285 57286 57287 57288
7711 3 3 36228 36245 47238 47535 52904 57309 57324 57329 57336 57348 57352 57353 57354 57355
7712 3 3 56078 57263 57276 57296 57306 57326 57337 57338 57339 57340 57341
7713 3 3 25760 33525 36127 36213 36223 36230 36240 36241 36242 36243 36244 36245 36246 36247 36248 36249 36250 36251 36252 36253
7714 0 0 17562 22600 24537 24544 24587 24591 24592 24593 24594 24595 24596 24597
7715 0 0 10261 17087 18846 24529 24547 24560 24565 24586 25793 31513 31555 31561 31562 31563 31564 31565 31566 31567
7716 0 0 52840 52861 52876 52895 57424 57431 57439 57440 57441 57442
7717 0 0 31701 36016 42062 42069 52831 52847 52849 52850 52851 52852 52853 52854
7718 4 4 3640 3652 3666 3816 6996 7492 7518 7519 7520 7521
7719 4 4 3620 3823 6987 6991 7406 12499 12514 26873 26879 26881 26882 26883 26884
7720 4 4 1521 1539 3681 5517 6982 6995 7387 7405 7494 7500 7501 7502 7503 7504 7505 7506 7507 7508 7509
7721 4 4 3578 3602 3615 3631 3668 3813 3814 3815 3816 3817 3818 3819 3820 3821 3822 3823 3824 3825
7722 4 4 13350 13362 13372 14082 15173 16113 19952 19963 22148 22154 22157 22158 22159
7723 4 4 1989 2029 2047 2123 4230 4821 4838 4850 13331 13354 13360 14084 15074 15086 15090 15091 15092 15093 15094 15095
7724 0 0 5251 9122 10992 11006 11014 12388 15380 15381 15382 15383 15384 15385 15386 15387 15388 15389 68540
7725 0 0 35145 35150 35159 35164 35169 35177 35192 35230 35234 35242 35270
7726 0 0 38636 38641 38652 38658 38661 38663 38665 38675 38681 38683 38694 38695 38700 38709 38715 38716 38717 38718 68541
7727 4 4 27400 38642 38672 38721 38726 39112 39118 39120 39121 39122 39123 39124 39125
7728 3 3 44191 47758 53186 54722 54736 54846 54847 54848 54849 54850 54851 54852 54853 54854 54855 54856
7729 3 3 37107 37124 47778 54735 54755 54858 61588 61598 62696 62699 62708 62709 62710 62711 62712
7730 3 3 25335 37111 37125 37153 44184 47774 53187 53300 54723 54733 54734 54735 54736 54737 54738 54739 54740
7731 3 3 47777 54855 54860 54871 54884 61583 61589 61602 61609 62673 62695 62699 62700 62701 62702
7732 0 0 10105 13123 24184 27426 27432 27448 31143 45215 45251 45256 45294 45299 45300 45301 45302 68542
7733 2 2 16911 22352 24188 27447 31152 31178 31197 31207 31210 31211 31212 31213 31214 31215
7734 3 3 48286 48331 48337 48338 48339 48340 48341 48342 48343 48344 48345 48346 48347
7735 3 3 20780 23806 42502 42513 44302 44316 44318 44326 47796 47820 47913 53031 53040 53068 53080 53083 53084 53085 53086
7736 4 4 54461 54467 54473 54674 61440 61461 61473 61474 61475 61476
7737 4 4 33226 39433 43992 50244 54512 54517 54526 54564 55071 58601 61410 61416 61429 61449 61487 61503 61509 61510 61511
7738 4 4 33224 43935 43950 46157 46207 54460 54466 54468 54510 54515 54516 54517 54518 54519 54520
7739 4 4 61413 61421 61426 61435 61447 61463 61473 61488 61492 61496 61500 61501 61502 61503 61504
7740 4 4 39794 39831 39850 39874 39887 39901 39908 39923 39927 44732 44796 44819 55161 60135 60144 60158 60159 60160 60161 60162
7741 4 4 39058 39822 39838 39847 39855 39866 39888 39889 39890 39891 39892 39893 39894
7742 3 3 34805 34810 34823 43841 43876 54210 54211 54212 54213 54214 54215
7743 3 3 24774 24781 24788 24796 24807 27577 34742 34790 34791 34792 34793 34794 34795 34796 34797 34798
7744 3 3 26315 35844 36389 36424 36444 36586 36595 42331 44091 44095 44096 44097 44098 44099
7745 3 3 44105 44113 44908 44919 44954 47924 47937 47945 47966 47967 47968 47969 47970 47971 47972 47973
7746 4 4 49900 49915 49978 55693 58871 58884 58888 58893 58894 58895 58896 58897 58898
7747 4 4 38994 39001 39010 39018 39026 39028 39035 49889 49890 49891 49892 49893 49894 49895 49896 49897 49898 49899
7748 4 4 35974 36018 52899 57314 57355 57374 57381 57393 57406 57418 57427 57449 57456 57457 57458 57459 57460 57461 57462 57463 57464
7749 4 4 52829 52830 52831 52832 52833 52834 52835 52836 52837 52838 52839 52840 52841 52842
7750 4 4 31577 31695 35953 35976 36003 36012 36013 36014 36015 36016 36017 36018 36019 36020 36021 36022 36023
7751 4 4 52862 52872 52889 52902 56938 57419 57420 57421 57422 57423 57424 57425 57426 57427 57428
7752 0 0 30923 42076 42083 42084 42085 42086 42087 42088 68543
7753 0 0 31705 42050 42059 42065 42071 42075 42090 42097 52832 52843 52853 52855 52856 52857 52858 68544
7754 0 0 30924 31495 42055 42077 42088 42089 42090 68545
7755 0 0 31687 36088 36097 42074 42086 42094 42100 52839 52856 52867 52885 52888 52896 68546
7756 3 3 32941 34175 34182 34226 34368 34383 34384 34385 34386 34387 34388 34389 34390 34391 34392 34393 34394 34395
7757 3 3 34193 34196 34374 37083 37096 37099 37100 37101 37102 37103 37104 37105 37106
7758 3 3 59096 59304 59323 59346 59364 59367 59368 59369 59370 59371 59372 59373 59374 59375
7759 3 3 47484 54587 57715 57723 59153 59165 59335 59388 59391 59392 59393 59394 59395
7760 3 3 50230 50248 54582 55067 59090 59100 59129 59138 59158 59167 59336 59342 59343 59344 59345 59346 59347 59348
7761 3 3 59366 59375 59385 59390 59395 59396 60906 62750 63456 63478 63489 63494 63497 63503 63504 63505
7762 4 4 19717 27378 27381 27382 27383 27384 27385 27386 27387
7763 4 4 13072 13090 19680 19681 19682 19683 19684 19685 19686 19687 19688 19689
7764 4 4 49087 49096 49100 49106 56149 56162 56196 56203 56204 56205 56206 56207 56208
7765 4 4 34751 34772 34784 37898 37899 37900 37901 37902 37903 37904 37905
7766 0 0 1094 8694 8720 8729 8736 8742 8745 8760 15050 15055 15069 22182 22185 22193 22204 22205 22206 22207 22208 68547
7767 0 0 8751 13450 13455 13464 22192 22196 22209 22210 22211 22212 22213 68548
7768 3 3 9672 11051 16413 23533 23552 23560 23566 24487 24488 24489 24490 24491 24492 24493
7769 3 3 11209 11221 11231 16418 16426 16433 16876 16883 16884 16885 16886 16887 16888 16889 16890 16891 16892 16893
7770 0 0 9655 10051 11043 16409 16420 16422 16423 16424 16425 16426 16427 16428 16429 68549
7771 3 3 16419 16887 23543 23551 24483 24488 24495 34210 34365 35049 35059 35297 45798 45803 45809 45820 45823 45824
7772 3 3 6012 6050 6074 6098 6106 6116 6226 15853 15861 15864 15961 15962 15963 15964 15965 15966 15967 15968 15969 15970 15971
7773 3 3 5984 6025 6043 6052 6096 6109 6119 6242 10279 10280 10281 10282 10283 10284 10285 10286 10287
7774 3 3 6104 6110 6117 6122 6228 6246 10282 15970 17237 17238 17239 17240 17241 17242 17243 17244 17245 17246
7775 3 3 5345 5985 6009 6041 6048 6049 6050 6051 6052 6053 6054 6055 6056
7776 0 0 8290 8587 14128 14137 14148 14218 14954 14964 14971 14998 20773 20774 20775 20776 20777 20778 20779 20780
7777 0 0 8164 8239 8266 8273 8288 8574 8575 8576 8577 8578 8579 8580 8581 8582 8583 8584
7778 0 0 7609 12718 12725 12737 12738 12739 12740 12741 12742 12743 12744 68550
7779 0 0 12780 12790 12791 12792 12793 12794 12795 12796 12797 12798 12799 12800 12801 12802 12803 12804 12805
7780 0 0 7612 12713 12726 12739 12750 12754 12782 12799 12807 12814 12929 12990 37536 37549 37573 37578 37592 37593 37594
7781 0 0 10839 10949 12743 12746 12755 12760 12761 12762 12763 12764
7782 3 3 36393 36462 36469 36479 36487 37334 47268 57643 57644 57645 57646 57647 57648 57649 57650 57651
7783 3 3 26594 26791 26908 26944 26963 35398 36468 46667 61593 61599 61606 62676 62686 62692 62695 62696 62697 62698
7784 3 3 26773 26786 36465 36475 37112 37129 37131 57650 61603 62682 62697 62705 62709 65295 65299 65312 65324 65328 65330
7785 3 3 26906 26927 26942 36334 36381 36401 36419 36456 36471 46674 46688 57645 57654 62675 62680 62691 62692 62693 62694
7786 4 4 22887 22910 22927 25948 32226 32237 32243 32246 33357 33412 33439 33451 33457 33458 33459 33460 33461 33462 33463 33464
7787 4 4 25934 25952 32231 32234 32244 32245 32248 32249 32250 32251 32252 32253 32254 32255 32256
7788 0 0 30166 41674 41714 51138 51704 51730 51756 52454 52471 52483 52489 52781 52799 52804 52805 52806 52807 52808 52809 52810
7789 0 0 60370 60371 60372 60373 60374 60375 60376 60377 60378
7790 0 0 8647 8661 8726 8743 8754 13396 13437 13446 13458 13463 13464 13465 13466 68551
7791 0 0 8648 8649 8650 8651 8652 8653 8654 8655 68552 68553
7792 0 0 11718 11729 11920 11930 11934 11935 11936 11937 11938 11939 11940
7793 0 0 11674 11675 11676 11677 11678 11679 11680 11681 11682 11683 11684 11685 11686 11687
7794 4 4 44092 44119 44124 47938 47971 54397 54424 54894 54906 54910 54911 54912 54913 54914 54915
7795 4 4 35345 44196 44906 44925 44944 44945 44946 44947 44948 44949 44950 44951 44952 44953 44954
7796 3 3 21291 21300 21311 21320 21329 29417 29421 30092 40285 41004 41008 41013 41014 41015
7797 3 3 21326 29374 29937 29993 40991 41010 51710 51719 51740 51743 51752 51759 51760 51761
7798 0 0 48009 48289 48311 48329 50261 50270 50271 50272 50273 50274 50275 50276 50277 50278 50279 50280
7799 0 0 57739 59170 59187 62782 62804 62826 62837 62842 62845 62859 62860 62861 62862 62863 62864 62865 62866
7800 4 4 16796 16802 16809 16811 16812 20322 23093 23102 23103 23104 23105 23106 23107
7801 4 4 21828 23123 23128 24169 38927 38983 39070 39898 39913 41399 41461 50849 50914 50930 50932 52235 58848 58877 58891 58906 58908 58913 58915 58916 58917
7802 4 4 23119 23124 24166 33840 39012 39067 58870 58882 58885 58889 58890 58891 58892
7803 4 4 16816 20325 21823 21824 21825 21826 21827 21828 21829 21830 21831
7804 0 0 2598 2606 3423 3470 3471 3472 3473 3474 3475 3476 3477 3478 3479 3480 68554
7805 3 3 9414 9415 9416 9417 9418 9419 9420 9421 9422 9423 9424
7806 0 0 22767 22774 22785 22791 22798 22804 22815 22820 35818 42799 42832 42841 42848 42854 42857 42858
7807 0 0 24698 24710 42795 42804 42843 42845 42846 42847
7808 0 0 3706 3722 3801 3809 3849 6499 6504 7174 7186 7197 7211 7215 7216 7217 7218 7219 68555
7809 0 0 3855 6489 7176 7187 7199 7200 7201 7202 7203 7204 7205 7206 7207
7810 4 4 62326 62327 62328 62329 62330 62331 62332 62333 62334 62335 62336 62337 62338 62339 62340 62341 62342 62343 62344
7811 4 4 38913 45697 45710 55903 55906 55907 55908 55909 55910 55911 55912
7812 2 2 22966 22990 23005 28797 28879 28884 28894 28903 32488 32503 32522 32551 43096 43112 43113 43114 43115
7813 2 2 5731 22962 22985 22999 28773 28798 28820 28821 28822 28823 28824 28825
7814 2 2 20814 22970 22995 23001 23003 28766 28795 28823 28853 28854 28864 28875 28876 28877 28878 28879 28880 28881 28882 28883
7815 2 2 9393 16194 16210 16251 22961 22977 22991 28825 28848 31423 31441 32518 32550 32551 32552
7816 0 0 10014 13615 16839 28247 28254 28261 38985 38986 38987 38988 38989 38990 38991 38992 38993 38994 68556
7817 3 3 16836 24152 28251 38998 39016 49891 49908 49910 49911 49912 49913 49914 49915 49916 49917
7818 0 0 5107 5123 5124 5125 5126 5127 5128 5129 68557
7819 0 0 2202 2203 2204 2205 2206 2207 2208 2209 2210 68558
7820 4 4 9081 9651 23314 23340 23345 23372 23431 23452 23473 23475 23476 23477 23478 23479 23480 23481 23482
7821 4 4 23485 23486 23487 23488 23489 23490 23491 23492 23493 23494
7822 3 3 41172 43345 43348 43368 43465 43471 43485 51776 51787 51802 51826 51828 51831 52279 61051 61107 61119 61120 61121 61122
7823 3 3 43357 43367 43420 43449 43461 43478 43487 52544 52551 52552 52553 52554 52555 52556 52557 52558 52559 52560 52561
7824 2 2 29500 48530 48538 56864 56870 62948 65044 65343 65364 65386 66415 66433 66443 66459 66462 66470
7825 2 2 29478 29479 29480 29481 29482 29483 29484 29485 29486 29487 29488 29489 29490 29491 29492
7826 2 2 26522 29479 29498 37000 37049 37069 48523 48524 48525 48526 48527 48528 48529 48530 48531 48532 48533
7827 2 2 29489 40464 50713 56577 62141 62950 65341 65367 65378 65387 65403 66412 66429 66445 66453 66460 66461 66462 66463 66464
7828 4 4 30557 30575 30626 30663 30713 31389 36701 36712 36720 36721 36722 36723 36724
7829 4 4 30645 30659 36711 36715 36725 36756 36764 36765 36766 36767 36768
7830 4 4 30631 36709 36718 36739 36751 36757 36764 36850 36861 36862 36863 36864 36865 36866 36867 36868 36869 36870 36871 36872 36873 36874
7831 0 0 21924 30625 30647 30660 30705 30715 36702 36713 36721 36725 36726 36727 36728 36729 36730 36731 68559
7832 3 3 54586 59140 59157 59164 59335 59336 59337 59338 59339 59340 59341
7833 3 3 57725 59155 59166 59392 59402 63367 63396 63610 63674 65751 65759 65785 65787 65788 65789 65790
7834 3 3 54569 54588 55065 57724 59131 59142 59151 59152 59153 59154 59155 59156 59157 59158 59159 59160 59161
7835 3 3 59163 59226 59340 59360 59382 59387 59393 59401 62715 62749 62852 62881 63386 63393 63403 63480 63499 63503 63609 63610 63611 63612 63613 63614 63615 63616 63617
7836 0 0 10596 18640 25491 25511 25518 25519 25520 68560
7837 0 0 10503 17431 17449 18615 18638 18642 18643 18644 18645 18646 18647 68561
7838 0 0 2730 6531 9598 9622 9623 68562
7839 0 0 6535 9606 9666 9692 9697 9698 9699 9700 9701 9702 9703 9704 9705 68563
7840 0 0 2732 6533 9598 9599 9600 9601 9602 9603 9604 9605 9606 9607 9608 68564
7841 0 0 6532 9688 9689 9690 9691 9692 9693 9694 9695 9696 68565
7842 4 4 56869 56874 58095 62641 62953 65029 65040 65041 65042 65043 65044 65045 65046
7843 4 4 26525 29501 37065 37079 48494 48531 48534 48535 48536 48537 48538 48539 48540
7844 0 0 8175 8184 13998 14025 14287 20601 20609 20821 20822 20823 20824 20825 20826 20827 20828 20829 20830 20831 20832 68566
7845 3 3 13980 13997 14001 14008 14009 14010 14011 14012 14013 14014 14015 14016 14017 14018
7846 0 0 8182 13892 13915 13989 13990 13991 13992 13993 13994 13995 13996 13997 13998 13999 14000 68567
7847 3 3 20605 20615 20620 20624 20831 22241 28684 50023 50031 50042 50050 59076 63314 63323 65506 65518 65531 65532 65533 65534
7848 3 3 31784 42553 52970 53193 53204 60413 60414 60415 60416 60417 60418 60419 60420 60421 60422 60423 60424 60425 60426
7849 3 3 31786 60435 60453 60517 61412 61419 61424 61444 61464 61491 61492 61493 61494
7850 0 0 20836 21810 21814 23097 28131 29144 29167 29176 30321 38941 38950 38955 38956 38957 38958 38959 38960 68568
7851 0 0 16804 23092 23112 24175 38921 38924 38965 38967 38972 38973 68569
7852 0 0 1154 1824 1828 2288 2420 2427 2443 2458 2470 2476 2477 68570
7853 0 0 1472 1810 1811 1812 1813 1814 1815 1816 1817 68571 68572
7854 4 4 4190 12506 12535 12546 19050 19083 19091 19341 19353 26890 26902 26949 26952 26954 26961 26962
7855 4 4 3817 19007 19022 19023 19024 19025 19026 19027 19028 19029 19030
7856 4 4 3819 12505 19009 19026 19086 19581 25968 26834 26839 26878 26881 26888 26889 26890 26891 26892 26893
7857 4 4 19041 19042 19043 19044 19045 19046 19047 19048 19049 19050 19051 19052 19053 19054 19055 19056
7858 3 3 19483 23422 23441 23444 33018 46984 62435 62471 62474 62494 62502 62503 62504 62505
7859 0 0 11200 12582 18194 18208 18244 19480 23427 23446 23450 23461 23462 23463 23464 23465 23466 68573
7860 3 3 23418 23419 23420 23421 23422 23423 23424 23425 23426 23427 23428 23429 23430 23431 23432 23433
7861 3 3 18192 18250 19478 19479 19480 19481 19482 19483 19484 19485 19486 19487 19488 19489 19490 19491
7862 4 4 20857 29024 29030 29075 29099 29117 29126 29149 29150 29151 29152 29153 29154 29155 29156 29157 29158 29159 29160 29161
7863 4 4 29034 30270 40024 40037 41468 52054 52071 52076 52077 52078 52079 52080 52081 52082 52083 52084 52085 52086 52087
7864 0 0 5136 5151 5154 5155 5156 5157 68574
7865 0 0 5139 5152 8979 8980 8981 8982 8983 8984 8985 8986 68575
7866 0 0 7647 7657 12877 12886 15466 15477 15487 16920 22356 24179 24192 24194 24196 33867 48670 48711 48715 48720 48724 48727 48730 68576
7867 3 3 7653 15475 15486 16894 16895 16896 16897 16898 16899 16900 16901 16902 16903 16904 16905 16906 16907
7868 0 0 5838 5844 5851 5859 5867 7839 7860 7872 7882 9797 9800 9819 9836 9837 9838 9839 9840 9841 9842 9843 9844 9845 9846 9847 9848 68577
7869 0 0 5833 5841 7814 7826 7836 7837 7838 7839 7840 7841 7842 7843 68578
7870 0 0 2792 5834 5839 5840 5841 5842 5843 5844 68579
7871 0 0 5837 7837 7848 7873 9813 9843 13263 13295 13314 13316 13317 68580
7872 3 3 32980 34200 42250 43644 43656 45365 52976 52984 52992 60565 60566 60567 60568 60569 60570 60571
7873 3 3 31138 52978 52981 53004 53009 53320 53329 53541 53558 55538 60561 60573 60579 60585 60586 60587 60588 60589 60590 60591
7874 3 3 23255 24324 31131 32978 42256 43662 52975 52982 52993 52998 53002 53003 53004 53005
7875 3 3 60560 60570 60575 60583 60586 60610 60618 64599 64629 64634 64640 64642 64651 64652
7876 0 0 72 280 1065 1070 1081 1933 1934 1935 1936 1937 1938 68581 68582
7877 0 0 71 279 280 281 282 283 68583 68584
7878 0 0 70 283 1079 1936 4754 8508 8511 8514 8515 8516 68585 68586
7879 0 0 74 279 1060 1069 1070 68587 68588 68589
7880 0 0 8456 8463 8469 8478 14692 14773 21505 21540 21542 68590
7881 0 0 1932 3240 8428 8451 8465 8476 14686 14699 14700 14701 14702 68591
7882 4 4 15621 15622 15623 15624 15625 15626 15627 15628 15629 15630 15631 15632 15633 15634 15635
7883 4 4 5337 12187 15585 15604 15646 15664 19209 21916 21939 21940 21941 21942 21943 21944 21945 21946 21947 21948 21949 21950 21951 21952
7884 4 4 15629 15652 15660 21948 30595 30608 31292 31307 31317 31388 36845 36880 42349 42374 42394 42402 42405 42406
7885 4 4 5338 8607 9202 12194 15583 15597 15602 15603 15604 15605 15606 15607 15608 15609 15610 15611 15612
7886 0 0 16600 19897 19898 19899 19900 19901 19902 19903 19904 68592
7887 0 0 27869 27878 34507 34515 38424 38454 38478 38486 38497 38498 38499 38500 38501
7888 0 0 14395 14404 14405 14406 14407 14408 68593
7889 0 0 14402 14407 14415 20844 21062 29025 29040 29062 30341 30347 30348 30349 30350 30351
7890 0 0 14396 14404 20833 20834 20835 20836 20837 20838 20839 20840 20841 20842 20843 20844 20845 20846 68594
7891 0 0 14403 14408 14417 21060 21061 21062 21063 21064 21065 68595
7892 3 3 25995 26015 26018 26028 26029
7893 3 3 7107 7113 7125 11834 11847 19057 25997 26025 26037 26041 26042 26043 26044 26045 26046
7894 3 3 7167 11932 11942 25994 26012 26020 26022 26023 26024 26025 26026 26027
7895 0 0 3891 3943 7278 7298 25999 26014 26021 26029 26040 26046 26047 26052 26053 26054 26055 26056 26057 68596
7896 0 0 1379 1380 1381 1382 1383 1384 1385 1386 1387 1388 1389 1390 1391 68597
7897 0 0 1400 3463 6809 6818 6864 6878 6882 6883 6884 6885 6886 6887 6888 6889 6890 6891 68598
7898 0 0 1383 1398 1401 6798 6806 6807 6808 6809 6810 6811 6812 6813 6814 6815 68599
7899 0 0 649 666 676 708 1379 1395 1403 1404 1452 2749 3459 3463 3464 3465 3466 3467 3468 3469 68600
7900 3 3 35663 47587 47622 47634 47643 47653 47657 56908 57472 60771 60799 60801 60807 60808 60809 60810 60811
7901 3 3 47591 47603 47604 47605 47606 47607 47608 47609 47610 47611 47612 47613
7902 4 4 20001 20002 20003 20004 20005 20006 20007 20008 20009 20010 20011 20012 20013 20014
7903 4 4 16624 16630 16637 16639 20032 20048 20073 20080 20082 20083 20084 20085 20086
7904 4 4 7737 7772 7778 16632 16655 16679 20007 20017 20079 20085 20088 23862 27904 27914 27935 27942 38524 38534 38551 38552 38561 38563 38566
7905 4 4 13870 20003 20024 20027 20043 20048 20049 20050 20051 20052 20053 20054 20055 20056 20057 20058 20059
7906 0 0 8297 8580 14100 14119 14122 14123 14124 14125 14126 14127 14128 14129 14130 14131 14132 14133 14134
7907 0 0 4643 4655 8151 8296 14106 14109 14110 14111 14112 14113 14114 14115 14116
7908 0 0 4644 4654 8150 8166 8240 8284 8285 8286 8287 8288 8289 8290 8291 8292 8293 8294 8295 8296 8297 8298 8299 8300 8301 68601
7909 0 0 14108 14116 14121 14134 14162 14481 14483 14484 14485 14486 14487 14488 14489 14490
7910 3 3 8858 8862 9349 9366 9375 9376 18976 18977 18978 18979 18980 18981 18982
7911 3 3 6932 8765 8866 9325 9333 9342 9355 9359 9360 9361 9362 9363 9364 9365
7912 3 3 9339 9340 9341 9342 9343 9344 9345 9346 9347 9348 9349 9350 9351 9352
7913 3 3 6936 8763 8854 8862 8863 8864 8865 8866 8867 8868 8869 8870
7914 3 3 44081 53427 53440 53441 53442 53443 53444
7915 3 3 23716 35664 44073 47594 47617 53448 57244 57468 60769 60790 60796 60800 60801 60802 60803
7916 4 4 27026 31366 36889 36895 36913 43127 43129 47466 47955 53014 53565 53583 53586 53587 53588 53589 53590 53591 53592 53593
7917 4 4 26396 36892 36898 53610 53611 53612 53613 53614 53615 53616 53617 53618 53619 53620 53621
7918 3 3 27663 27687 27697 27698 27699 27700 27701 27702 27703 27704 27705
7919 3 3 17218 27688 27706 27707 27708 27709 27710 27711 27712 27713 27714 27715 27716 27717 27718 27719 27720
7920 3 3 38889 38896 38902 40099 41418 41419 41420 41421 41422 41423 41424 41425 41426 41427 41428 41429 41430
7921 3 3 29809 40937 51557 51565 51571 51574 51596 51642 51646 51663 51690 51692 51693
7922 3 3 28287 28315 37838 38790 38799 38833 38886 40634 41421 41441 41452 51544 51545 51546 51547 51548 51549
7923 3 3 29799 41423 51554 51577 51587 51641 51651 51676 51686 51692 52172 52177 52178 52179 52180 52181 52182 52183
7924 4 4 14799 21638 21650 21651 21652 21653 21654 21655 21656 21657
7925 4 4 1934 4753 8495 8502 8515 14788 14789 14790 14791 14792 14793 14794 14795 14796
7926 0 0 21 30 56 75 737 738 739 740 741 68602 68603 68604
7927 0 0 22 76 901 906 912 917 918 919 920 68605 68606
7928 0 0 20 31 75 76 77 78 68607
7929 0 0 19 34 78 737 805 914 918 925 1488 1502 1512 1513 1514 1515 1516 1517 1518 68608
7930 0 0 39933 39934 39935 39936 39937 39938 39939 39940 39941 39942 39943 39944 39945
7931 0 0 38292 39972 39995 40001 49013 49049 49257 49261 49274 49702 58474 58479 58497 58512 58519 58520 58521 58522 58523 58524 58525 58526 58527
7932 3 3 24276 31236 31246 33925 33933 33939 45199 45219 45226 45227 45228 45229 45230 45231 45232
7933 3 3 16583 16922 24291 31241 33921 33927 34736 34758 34764 34769 45515 55497 56150 56159 56166 56175 56186 56209 56210
7934 0 0 13152 15757 16590 24271 31239 33912 33915 33916 33917 33918 33919 33920 33921 33922 33923 33924 33925 33926 68609
7935 3 3 31243 33929 42208 45277 45511 45514 45515 45516 45517 45518
7936 3 3 12904 13005 27367 34433 34455 34486 37399 45546 45555 45556 45557 45558
7937 3 3 24524 25154 27119 27135 27154 27439 34429 34443 34460 34461 34462 34463 34464 34465 34466 34467 34468 34469 34470 34471
7938 3 3 17082 24521 27141 27333 27343 34431 34448 34450 34453 34468 34492 45544 45545 45546 45547 45548 45549
7939 3 3 13006 25153 34434 34459 34470 34476 34477 34478 34479 34480 34481 34482 34483 34484 34485 34486 34487
7940 3 3 48627 48635 48644 48652 48696 58163 58175 58176 58177 58178 58179 58180
7941 3 3 25151 27121 27149 27251 31216 34466 34489 34493 37408 37416 37428 40678 40686 40687 40688 40689 40690 40691 40692
7942 3 3 27123 27147 27440 31183 31217 34461 37407 37408 37409 37410 37411 37412 37413
7943 3 3 25165 31222 37435 40674 40691 48622 48628 48629 48630 48631 48632 48633 48634 48635
7944 0 0 10073 13117 13124 19761 22339 27417 27427 27435 27455 27458 27459 27460 27461 27462 68610
7945 0 0 13101 13129 19763 19874 27416 27421 27453 27524 27535 27536 27537 27538 27539 27540 27541 27542 27543 27544 68611
7946 0 0 10072 16945 22340 24280 27459 45214 45250 45287 45290 45295 45298 45299 68612
7947 0 0 10071 13110 13111 13112 13113 13114 13115 13116 13117 13118 13119 68613
7948 3 3 24135 30856 30866 32679 41513 41522 43236 43243 43264 52393 52402 52420 52649 53918 53921 53922 53923 53924 53925 53926 53927 53928
7949 3 3 26660 30853 30865 32782 41978 43225 43244 43266 43290 52366 52389 52396 52403 52412 52414 52415 52416
7950 3 3 24137 30857 41485 41531 41535 41962 41971 41984 42005 42016 43226 43235 43240 52360 52384 52388 52389 52390 52391 52392 52393 52394
7951 3 3 22091 22100 30838 30855 30861 30862 30863 30864 30865 30866 30867 30868
7952 4 4 55709 59458 60964 62962 62966 62967 62968 62969 62970 62971 62972 62973
7953 4 4 39440 39453 55700 58587 59087 59448 59456 60859 60867 60911 60914 60922 60945 60947 60954 60955 60956 60957 60958 60959 60960 60961 60962
7954 3 3 37987 38008 38086 38121 38163 38350 38363 38374 38393 38403 38404 38405 38406 38407
7955 3 3 27275 27481 37861 37945 37967 37994 37995 38011 38241 45840 45846 45857 45863 48988 49000 49008 56028 58400 58429 62174 62183 62186 62187 62188
7956 3 3 27485 37943 37993 37995 37996 37997 37998 37999 38000 38001 38002 38003 38004 38005
7957 3 3 27268 37630 37990 38012 38145 38154 38161 38379 38399 38405 43327 45739 45841 45851 45852 45853 45854 45855 45856 45857 45858
7958 0 0 55166 60219 60241 60846 60901 61925 63520 63529 65590 65601 65606 65607 65608 65609 65610 65611
7959 0 0 53619 57992 60883 60896 62899 63460 63462 63477 63484 63506 63510 63511 63512 63513 63514 63515 63516
7960 4 4 11367 11377 18604 18626 18636 25496 25501 25512 25526 25534 25538
7961 4 4 11343 11355 17451 17467 17489 18616 18622 18634 18646 23136 25488 25500 25504 25505 25506 25507 25508 25509
7962 0 0 15144 15156 16548 22120 22165 22197 22205 22209 22214 22221 22222 22223 68614
7963 0 0 6203 7747 15138 15139 15140 15141 15142 15143 15144 15145 15146 68615
7964 0 0 24041 24045 24053 24070 24072 24073 24074 24075 24076 24077 24078
7965 0 0 9997 14349 14350 14351 14352 14353 14354 14355 14356 14357 14358 14359 14360 14361 14362 68616
7966 0 0 9995 14357 14424 14425 14426 14427 14428 14429 14430 14431 68617
7967 0 0 9998 14358 20873 21145 24033 24038 24043 24068 24084 33726 33746 33751 33752 33753 33754 33755 33756 33757 68618
7968 4 4 38192 38200 38212 38219 38222 38227 38233 38239 38247 49195 49207 49208 49209 49210 49211
7969 4 4 19749 19786 19871 22347 24282 27594 27603 37938 37952 37974 37976 37977 37978 37979 37980 37981 37982
7970 3 3 4294 5863 7768 7779 8686 9850 9918 13394 13440 13456 13468 16617 16631 16632 16633 16634 16635 16636 16637
7971 3 3 1027 1248 1769 4264 4265 4266 4267 4268 4269 4270 4271 4272 4273
7972 4 4 12876 12883 24197 27066 27078 27079 27080 27081 27082 27083 27084 27085 27086 27087 27088
7973 4 4 19612 27063 27068 27093 27094 27095 27096 27097 27098 27099
7974 4 4 37420 37569 37587 37604 48656 48672 48673 48674 48675 48676 48677 48678 48679 48680 48681
7975 4 4 12870 27077 27080 27113 37403 37502 37518 37519 37520 37521 37522 37523 37524 37525
7976 3 3 3871 3880 3888 3897 7299 7312 11964 12070 12077 12097 26009 26055 26058 26067 26109 26113 26139 26156 26160 26163 26166 26167 26168
7977 3 3 1167 1567 11965 12101 12108 12117 12124 18760 18821 18825 18827 18828 18829 18830
7978 3 3 12104 12115 12123 12132 18829 26102 26116 26135 26138 26139 26140 26141 26142
7979 0 0 1166 1566 3868 3873 3886 3893 4158 7266 11957 11961 11962 11963 11964 11965 11966 11967 11968 68619
7980 0 0 14721 14730 14737 14745 14756 14762 14765 15366 18446 18559 18564 18565 18566 18567 18568 18569 18570
7981 0 0 4720 4742 6457 8366 8369 8376 8377 8378 8379 8380 8381 8382 8383 8384 8385 8386 8387 8388 8389
7982 0 0 6464 8383 10951 10966 10970 11299 14713 14757 14764 18435 18442 18448 18449 18450 18451 18452 18453 18454
7983 0 0 6458 6639 8382 8390 8391 8392 8393 8394 8395 8396 8397 8398 8399 8400
7984 3 3 47519 47523 47528 47533 53101 53119 53122 56057 56065 56069 56070 56071 56072 56073
7985 3 3 30894 31630 32235 32256 34666 34677 35944 46016 46078 46083 46092 46096 46097 46098 46099 46100 46101 46102
7986 3 3 34664 34675 34682 45996 46015 46041 46102 47511 47512 47513 47514 47515 47516 47517 47518 47519
7987 3 3 46075 46095 56056 56060 56061 56062 56063 56064 56065 56066 56067 56068
7988 0 0 2821 5347 5360 5389 5988 6034 6036 6037 6038 6039 6040 6041 6042 6043 6044 6045 6046 6047 68620
7989 3 3 5349 5365 5986 6049 6099 9170 10281 15830 15852 15860 15863 15864 15865 15866 15867 15868 15869 15870 15871 15872
7990 4 4 22330 22335 24222 24255 32963 33903 34032 42187 42202 42212 42213 42214 42215
7991 4 4 15276 15309 15324 17950 17960 17964 22328 22332 24234 25168 25176 25177 25178 25179 25180
7992 4 4 15298 15300 15301 15302 15303 15304 15305 15306 15307 15308
7993 4 4 22327 22334 24239 24256 25167 25180 25186 25187 25197 25206 32956 32960 32961 32962 32963 32964 32965 32966 32967 32968
7994 3 3 24809 24810 24811 24812 24813 24814 24815 24816 24817 24818 24819 24820 24821 24822
7995 3 3 24832 31749 32363 34871 46290 46321 53155 54479 54490 54543 56224 56238 56246 56247 56248 56249
7996 0 0 52651 52685 52693 52718 60312 60318 60332 60333 60345 60353 60354
7997 0 0 30672 41921 41922 41923 41924 41925 41926 41927 41928 41929 41930 68621
7998 4 4 31530 31536 31545 31637 31643 42523 42527 46014 46043 46044 46045 46046 46047
7999 4 4 24533 24563 24584 24851 24864 31510 31529 31535 31542 31547 31548 31549 31550 31551 31552 31553 31554 31555 31556 31557 31558 31559 31560
8000 4 4 15126 15137 16362 23186 23212 24539 24562 24581 31511 31523 31525 31526 31527 31528 31529 31530 31531 31532 31533 31534
8001 4 4 31544 31547 31650 35890 35895 42525 46036 46043 46053 53095 53106 53109 53110 53111 53112 53113
8002 3 3 59436 63747 63748 63749 63750 63751 63752 63753 63754 63755
8003 3 3 55921 55922 55923 55924 55925 55926 55927 55928 55929 55930 55931
8004 0 0 2686 3114 31084 42126 42160 42163 42164 42165 42166 42167 42168 68622
8005 4 4 2688 3109 5117 9581 10412 10444 15127 16368 16381 23205 23213 23219 23237 23245 23247 23248 23249 23250
8006 0 0 19250 19269 19519 19528 25225 25229 26366 30847 32648 32649 32650 32651 32652 32653 32654 32655 32656 32657 32658 32659 32660
8007 0 0 19463 19513 19523 25208 25209 25210 25211 25212 25213 25214 25215 25216
8008 4 4 19685 19714 27384 27389 37716 40608 48811 48829 48846 48850 48851 48852 48853 48854 48855 48856 48857 48858
8009 4 4 19713 19722 27375 27381 27393 37806 40657 40664 48879 48890 48893 48895 48896 48897 48898
8010 4 4 13096 19688 19712 19718 27373 27374 27375 27376 27377 27378 27379 27380
8011 4 4 27228 27390 34149 37715 38811 38825 40596 40599 40600 40601 40602 40603 40604 40605 40606 40607 40608 40609 40610 40611 40612 40613
8012 4 4 38165 38180 49147 49148 49149 49150 49151 49152 49153 49154
8013 4 4 38169 43928 43952 43953 43954 43955 43956 43957 43958 43959 43960 43961 43962 43963 43964 43965 43966
8014 0 0 4683 13694 27196 27347 27366 28340 28346 28347 68623 68624
8015 0 0 1665 1667 4675 4681 10121 12689 12690 12691 12692 12693 12694 12695 12696 12697 12698 68625
8016 0 0 262 1664 1672 4674 4677 4678 4679 4680 4681 4682 4683 4684 4685 4686 68626 68627
8017 0 0 7663 10125 12692 12912 24519 27195 27302 27328 27331 27341 27342 27343 27344 27345 27346 27347 27348 27349 27350 68628
8018 0 0 50628 50638 50650 55154 55220 59205 61635 61668 61674 61679 61693 61694 61695 61696 61697 61698 61699 61700 61701
8019 0 0 61613 61614 61615 61616 61617 61618 61619 61620 61621 61622 61623 61624 61625
8020 3 3 13551 13557 14344 20101 20117 20126 28012 28095 34108 39635 39638 39639 39640 39641 39642 39643 39644 39645 39646 39647 39648 39649
8021 3 3 49713 50452 50483 58792 58802 58817 58821 58822 58823 58824 58825
8022 3 3 13550 20118 28079 28093 28099 28105 34109 39643 50472 58794 58816 58819 58824 58826 58827 58828 58829 58830 58831
8023 3 3 39647 39951 49707 50437 50452 50453 50454 50455 50456 50457 50458 50459 50460 50461 50462 50463 50464
8024 3 3 24838 46120 54483 56241 56272 56308 56335 64788 64795 64799 66278 66294 66300 66307 66311 66313 66314
8025 3 3 46109 46133 46141 46162 46176 46178 46179 46180 46181 46182 46183 46184 46185 46186 46187 46188 46189
8026 3 3 18838 18902 25804 31597 31604 31611 31614 35956 35963 35972 47578 47633 57411 57430 57443 57451 57452 57453
8027 3 3 35957 35961 35979 47603 47625 57409 57416 57459 57465 57475 57481 57482 57483
8028 2 2 10052 16425 16856 16865 16875 16890 23547 23575 24496 25202 35301 35312 35313 35314 35315 35316 35317 35318 35319 35320 35321
8029 0 0 11223 12729 16863 16870 16878 17629 17638 17642 37443 37454 37476 37477 37478 37479 37480 68629
8030 0 0 10080 13475 28061 28090 29265 38783 50442 50466 50485 50486 50487 50488 50489
8031 0 0 10083 13552 13553 13554 13555 13556 13557 68630
8032 0 0 7792 10085 13472 13480 13536 13547 13552 20125 28077 28089 28090 28091 28092 28093 28094 28095 28096 28097 68631
8033 0 0 10082 13476 13555 14347 29262 38778 39632 50443 50468 50485 50490 50491 50492 50493 50494 68632
8034 3 3 42334 44103 47388 54412 54996 57066 57091 57098 57108 57119 57137 57140 57147 57160 57171 57175 57176 57177 57178 57179
8035 3 3 35866 36189 36200 43109 47423 47897 57117 57157 57194 57207 57677 57710 59408 59418 59424 59425 59426
8036 3 3 47419 47427 47444 47663 54968 54999 57092 57105 57112 57113 57114 57115 57116 57117 57118 57119 57120 57121 57122 57123 57124 57125 57126
8037 3 3 57143 57144 57145 57146 57147 57148 57149 57150 57151 57152 57153 57154 57155 57156 57157 57158
8038 4 4 29543 40169 40174 40178 40204 40230 40234 40235 40236 40237 40238 40239
8039 4 4 14682 21548 29336 29364 29414 29789 30089 40159 40212 40222 40228 40246 40250 40258 40269 40275 40276
8040 4 4 29353 29365 29777 29783 29794 40145 40161 40164 40201 40219 40220 40221 40222 40223 40224
8041 4 4 21290 29337 29412 29476 30086 40151 40189 40206 40232 40237 40240 40241 40242 40243 40244 40245 40246 40247
8042 3 3 28284 28294 28306 37829 38885 38892 41418 41442 41447 41448 41449 41450 41451 41452 41453 41454
8043 3 3 37831 41437 48828 48855 48883 49742 49760 49768 51638 51657 51669 51672 51674 51681 51682
8044 3 3 28296 37830 39101 41439 41451 48819 49638 49747 49756 49757 49758 49759 49760 49761 49762 49763 49764
8045 3 3 41420 41440 41453 49743 51547 51645 51675 51682 51684 51687 51695 51696
8046 0 0 11251 18072 18087 18121 18407 18423 25347 25348 25349 25350 25351 25352 25353
8047 0 0 11252 18065 18071 18079 18080 18081 18082 18083 68633
8048 0 0 11237 11245 11258 18076 18081 18391 18400 18401 18402 18403 18404 18405 18406 18407 68634
8049 0 0 11181 18066 18070 18083 18084 18085 18086 18087 18088 18089 18090 18091 68635
8050 4 4 20951 28628 28655 33741 33780 36806 36816 36824 39729 39742 44845 50542 50552 61690 61704 61723 61727 61731 61732 61733 61734 61735
8051 4 4 33728 33739 33747 33787 39480 39503 39757 44837 44838 44839 44840 44841 44842 44843
8052 4 4 14360 24096 28657 33736 33742 33789 39481 39501 44838 44846 50581 50584 50589 61665 61687 61705 61711 61721 61722 61723 61724
8053 4 4 33749 33770 33778 33784 36812 36817 39670 39702 39728 39729 39730 39731 39732 39733 39734 39735 39736
8054 0 0 27306 27330 27351 27360 27361 27362 27363 27364 68636
8055 0 0 27311 27337 28322 28333 28334 28342 28351 28352 28353 28354
8056 4 4 24816 24828 32361 32362 32363 32364 32365 32366 32367 32368 32369 32370
8057 4 4 32379 32383 33174 33197 33200 33210 34721 34731 43879 43887 43888 43889 43890 43891 43892 43893 43894
8058 0 0 6888 6939 6950 11522 11526 18688 18693 18694 18695 18696 18697 18698 68637
8059 0 0 6866 6882 6892 6942 6951 18690 56926 56942 56961 56963 56964 56965
8060 4 4 46551 46775 58103 61004 61005 61006 61007 61008 61009 61010 61011
8061 4 4 46557 46568 46771 53957 62588 62600 62609 62615 62616 62617 62618
8062 4 4 16700 20057 20066 20075 27646 27886 27930 27941 28478 28509 28522 28523 28524 28525 28526 28527 28528 28529 28530 28531
8063 4 4 4534 9794 16621 16694 28550 28552 28557 28947 28964 28972 28973 28974 28975 28976
8064 4 4 9907 16618 16658 16672 16680 16692 16696 16763 20061 27936 28519 28522 28558 28940 28941 28942 28943 28944 28945 28946 28947 28948
8065 4 4 4538 4545 4551 4555 4562 9878 13869 16620 28514 28526 28539 28546 28548 28549 28550 28551
8066 0 0 62679 62687 62690 62694 62698 62702 62707 62712 65286 65302 65307 65309 65310 65311 65312
8067 0 0 36472 36476 36482 36490 37133 37335 47267 57647 57656 62681 62704 65293 65298 65322 65323 65328 65329
8068 0 0 50951 51219 58008 59683 59687 64165 64179 64188 64195 64197 64198 64199 64200 64201 64202 64203 64204 64205
8069 0 0 66004 66005 66006 66007 66008 66009 66010 66011 66012 66013 66014 66015 66016 66017 66018
8070 4 4 22653 23624 31833 31920 31921 31922 31923 31924 31925 31926 31927 31928 31929 31930 31931 31932 31933
8071 4 4 31958 31971 32005 32010 42628 42645 42944 42955 42956 42957 42958 42959 42960 42961 42962 42963 42964 42965 42966 42967
8072 4 4 31938 31948 31962 42960 42976 42977 42978 42979 42980 42981 42982 42983 42984
8073 4 4 31929 31953 31956 31967 31968 31969 31970 31971 31972 31973 31974 31975
8074 3 3 6369 21617 21624 24981 25406 25428 28388 28392 30181 35118 40429 40534 46593 46601 46603 46905 56381 56388 56389 56390 56391 56392 56393 56394 56395 56396
8075 3 3 56452 56458 56462 56465 56471 62299 62546 62582 65179 65228 65243 65244 65245 65246 65247
8076 3 3 25403 25423 25436 28387 40502 40513 40528 40535 46599 46605 46889 46901 46907 56390 56429 56446 56453 56454 56455 56456 56457 56458
8077 3 3 56387 56396 56403 56406 56414 56419 56423 56424 56428 56433 56443 56460 56464 56466 56467 56468 56469 56470 56471
8078 0 0 17031 17048 39521 39571 39589 50384 50397 50398 50399 50400 50401 50402 68638
8079 3 3 44777 44788 44794 44800 44806 44816 44822 44830 44834 44836 50395 50408 50418 50422 50432 50434
8080 0 0 29184 39522 44803 44825 44831 50389 50416 50421 50422 50423 50424 68639
8081 3 3 17040 17045 33560 39467 39518 44828 49362 50385 50398 50403 50404 50405 50406 50407 50408 50409
8082 2 2 47277 47283 47288 47314 47376 56885 56894 56895 56896 56897 56898 56899 56900 56901 56902 56903
8083 2 2 23715 35674 47275 47292 47592 47613 47614 47615 47616 47617 47618 47619 47620 47621 47622 47623
8084 4 4 11194 15446 18166 18170 18200 18201 18202 18203 18204 18205 18206 18207 18208 18209 18210
8085 4 4 9067 9068 9077 9078 9079 9080 9081 9082 9083 9084 9085 9086
8086 3 3 33224 33225 33226 33227 33228 33229 33230 33231 33232 33233 33234 33235 33236
8087 3 3 43925 43926 43927 43928 43929 43930 43931 43932 43933 43934 43935 43936 43937 43938 43939 43940 43941 43942
8088 3 3 18301 25434 46607 46884 46906 46919 46939 56389 56421 56426 56429 56430 56431 56432 56433
8089 3 3 46895 46903 46933 46952 56376 56444 56445 56446 56447 56448 56449 56450 56451 56452
8090 4 4 24484 34188 34353 34377 34394 35048 35049 35050 35051 35052 35053 35054 35055 35056 35057 35058
8091 4 4 24932 27163 29628 35309 37490 37496 45784 45805 46479 46485 46489 46490 46491 46492 46493 46494
8092 4 4 16886 24921 35048 35061 35296 35320 37484 37497 45790 45793 45802 45803 45804 45805 45806 45807 45808
8093 4 4 34174 34379 34385 35057 37010 37021 37046 37081 45775 46482 46488 46495 46502 46505 46506 46507 46508 46509 46510
8094 0 0 7356 12349 12488 12497 26695 26698 37186 37195 37286 37313 37317 37318 37319 37320 37321 68640
8095 3 3 7133 7144 7322 7336 19364 26674 26678 32612 32624 32636 37168 37169 37170 37171 37172 37173 37174
8096 3 3 37174 37179 37184 37190 37194 37199 37201 37289 37297 37317 37325 37328 37329
8097 0 0 7129 7145 7352 12344 12345 12346 12347 12348 12349 12350 68641
8098 0 0 1256 1322 1331 2610 2863 2883 2893 2904 2914 2936 3005 3032 3042 3047 3048 3049 3050 3051
8099 0 0 453 461 478 493 1266 2867 2890 2918 2922 2923 2924 2925 2926 2927
8100 4 4 44100 44152 47392 47469 47948 54406 54418 54712 57136 57140 57141 57142
8101 4 4 57123 57153 57173 57192 57709 57732 59400 59408 59409 59410 59411 59412
8102 4 4 47387 55000 57090 57103 57104 57105 57106 57107 57108 57109 57110 57111
8103 4 4 47477 47488 47786 57143 57164 57168 57172 57183 57678 57707 57708 57709 57710 57711 57712 57713
8104 4 4 37212 37223 37234 37241 37250 37256 37268 37271 37275 37306 48582 48593 48594 48595 48596 48597
8105 4 4 7368 12316 19247 19540 23080 23090 26671 26682 26683 26684 26685 26686 26687 26688 26689 26690
8106 0 0 9866 9867 9868 9869 9870 9871 9872 9873 68642
8107 0 0 14289 14290 14291 14292 14293 14294 14295 14296 14297 14298 14299 68643
8108 3 3 3076 4994 6215 8776 9290 9588 15148 15160 15169 16092 16098 16099 16100 16101 16102 16103 16104 16105
8109 0 0 9590 15150 16109 16323 16541 32259 32273 32428 32446 32450 32451 32452 32453 68644
8110 0 0 8503 8533 8549 8551 8553 8554 8555 8556 68645 68646
8111 0 0 1066 1073 1076 1933 4752 8492 8493 8494 8495 8496 8497 8498 8499 8500 8501
8112 0 0 282 1080 1937 8493 8502 8503 8504 8505 8506 8507 8508 8509 8510 68647
8113 0 0 8527 8528 8529 8530 8531 8532 8533 8534 68648 68649
8114 3 3 23766 42651 45743 46216 60432 60543 61159 61162 61173 61175 61176 61177 61178 61179
8115 3 3 23759 42655 45754 46130 46164 46170 46171 46172 46173 46174 46175 46176 46177
8116 0 0 6497 6748 18884 18913 25595 25611 25739 25746 25747 25748 25749 25750 25751 68650
8117 0 0 11592 11593 11594 11595 11596 11597 11598 11599 11600 68651
8118 3 3 16927 31244 42185 42205 42207 42228 42232 42237 45512 45517 55493 55497 55498 55499 55500 55501 55502
8119 3 3 24225 31233 33885 42195 42200 42209 42212 42238 42246 45207 45260 45270 45272 45281 45282 45283
8120 3 3 42183 42184 42185 42186 42187 42188 42189 42190 42191 42192 42193 42194 42195 42196
8121 3 3 31237 31247 33883 33932 42210 45205 45226 45238 45252 45265 45272 45273 45274 45275 45276 45277 45278
8122 0 0 2761 2781 4222 4464 4475 4547 4556 4557 4558 4559 4560 4561 4562 68652
8123 0 0 4467 4476 5823 5828 8136 8168 8169 8170 8171 8172 8173 8174 8175 68653
8124 4 4 11545 11556 12080 12081 12082 12083 12084 12085 12086 12087
8125 4 4 25579 26218 35619 35746 35754 35766 35779 42580 42601 42605 47174 47199 47221 47226 47231 47232 47233
8126 0 0 1016 1735 2036 2037 2059 2060 2066 2067 2068 2069 2070 2071 2072 68654
8127 4 4 2191 5011 5019 5020 5021 5022 5023 5024 5025 5026 5027
8128 4 4 62521 62587 62613 62625 62627 62638 64833 64850 64854 64861 65051 65277 65278 66397 66401 66419 66420 66421 66422
8129 4 4 46589 51142 56351 56361 62519 62533 62537 62538 62539 62540 62541 62542 62543 62544 62545
8130 4 4 62523 62536 62545 62553 62560 62567 62573 62577 62580 62583 62597 62624 62632 64854 64855 64856 64857 64858 64859 64860
8131 4 4 35431 46580 46717 46725 51143 53960 53968 59922 61323 62512 62542 62593 62605 62611 62620 62622 62626 62627
8132 3 3 27412 27433 27454 27460 27525 27541 31144 31164 31169 34158 34411 38193 40670 45302 45303 45304 51356 51371 51372 51373 51374 51375 51376
8133 3 3 10075 19757 22336 22337 22338 22339 22340 22341 22342 22343 22344 22345 22346 22347 22348 22349 22350 22351
8134 0 0 13122 22342 27425 27431 27458 31147 31165 45217 45243 45288 45296 45298 45301 45304 68655
8135 3 3 22349 27523 27592 31149 31163 31171 34157 34403 38196 38238 45848 45861 48906 49234 51354 51355 51356 51357 51358 51359 51360
8136 0 0 3863 3988 7104 7111 7112 7113 7114 7115 7116 7117 7118 7119 68656
8137 0 0 4186 7106 7120 7121 7122 7123 7124 7125 7126 7127 68657
8138 3 3 30770 30812 40947 40957 40969 40970 40971 40972 40973 40974 40975 40976 40977 40978 40979
8139 3 3 22069 29877 29886 29920 30383 30387 40962 41023 41026 41027 41028 41029 41030 41031 41032 41033
8140 3 3 28426 29731 29745 29752 29753 29754 29755 29756 29757 29758 29759
8141 3 3 27201 28400 28419 28438 28455 28461 28469 29728 29803 38834 38835 38836 38837 38838 38839 38840 38841 38842
8142 0 0 6403 6413 6431 6436 6437 6438 6439 6440 6441 6442 6443 6444 6445 68658 68659
8143 0 0 6401 8418 8430 8453 8460 8474 21542 68660
8144 0 0 13609 20377 20434 28186 28195 28208 28231 28246 28247 28248 28249 28250 68661
8145 0 0 7958 16290 20431 28154 28177 28183 28192 28201 28205 28213 28216 28217 28218 28219 28220 68662
8146 0 0 7962 13610 20384 20401 20408 20415 20438 28175 28184 28194 28206 28207 28208 28209 28210 28211 28212 68663
8147 0 0 13613 28187 28200 28218 28248 28263 38989 38996 39003 39022 39027 39028
8148 0 0 1776 20106 20112 20121 20122 20136 20137 20138 68664
8149 0 0 1774 13543 13544 13545 13546 13547 13548 13549 13550 13551 68665 68666
8150 3 3 19132 20787 28885 28893 28905 28918 32495 39375 39384 39391 47856 47869 47875 47877 47878 47879 47880 47881 47882 47883 47884
8151 3 3 8280 14227 14235 14257 20799 20801 20816 28909 28920 28931 28935 28936 28937 28938 28939
8152 3 3 28921 32497 33470 33482 36300 39246 39375 39376 39377 39378 39379 39380 39381 39382 39383
8153 3 3 8277 14234 14251 19131 20629 20787 20788 20789 20790 20791 20792 20793 20794 20795 20796 20797 20798 20799 20800
8154 4 4 40 764 801 924 1501 1513 3221 3229 3739 3752 3756 3757 3758 3759 3760 3761 3762 3763
8155 0 0 7 61 614 730 744 750 756 798 807 3742 3766 3770 3779 3780 3781 3782 68667
8156 4 4 608 759 799 3205 3223 3741 3757 3781 3787 3791 3792 3793 3794 3795 3796 3797 3798
8157 0 0 38 725 735 738 804 808 1514 1519 3740 3753 3760 3767 3769 3770 3771 68668
8158 3 3 28476 28787 28833 28837 28844 28861 28870 39168 39184 39198 39209 39210 39211 39212 39213
8159 3 3 13740 20462 20491 20525 28471 28867 39169 39187 39199 39214 39215 39216 39217 39218
8160 3 3 16155 16528 25752 25896 35876 36129 36150 36183 36210 36680 47245 47347 47417 47441 47447 47448 47449 47450 47451 47452 47453
8161 3 3 25890 32535 35867 35873 36179 36190 36197 36198 36199 36200 36201 36202 36203
8162 0 0 721 754 1509 1545 3698 3711 3716 3717 68669
8163 0 0 749 1508 1546 1550 1551 1552 1553 1554 1555 1556 68670
8164 0 0 1549 1550 3696 3707 3708 3709 3710 3711 3712 3713 3714 3715 68671
8165 0 0 720 748 752 1508 1509 1510 1511 68672 68673
8166 3 3 12311 19241 19266 19267 19268 19269 19270 19271 19272 19273 19274
8167 3 3 19253 26361 26368 32655 32661 32662 32663 32664 32665 32666 32667 32668
8168 2 2 61520 61521 61522 61523 61524 61525 61526 61527 61528 61529 61530 61531 61532 61533
8169 2 2 61436 61437 61438 61439 61440 61441 61442 61443 61444 61445 61446 61447 61448 61449 61450 61451 61452 61453 61454
8170 2 2 54475 54486 54495 54499 54518 54530 54545 54623 54662 54677 61439 61456 61466 61471 61476 61484 61489 61516 61526 61545 61552 61560 61561 61562
8171 2 2 54549 54596 54603 54699 54711 54955 61433 61454 61479 61502 61507 61511 61517 61519 61527 61537 61550 61553 61563
8172 4 4 22235 22240 36290 36297 39204 39235 39253 44578 44586 44612 44639 63272 63285 63287 63288 63289 63290 63291 63292 63293 63294
8173 4 4 36164 36208 36275 36303 42104 44559 44576 44591 44594 44595 44596 44597 44598 44599 44600 44601 44602
8174 4 4 22236 22243 33485 33509 42107 44550 44557 44571 44572 44573 44574 44575 44576 44577 44578 44579 44580 44581 44582 44583
8175 4 4 36276 36308 44588 44599 44614 44620 63283 63292 63295 63296 63297
8176 0 0 101 2840 2945 2962 2980 2981 2982 2983 2984 68674
8177 0 0 1306 1318 1327 1334 2943 2960 2967 2968 2969 2970 2971 2972 2973 2974 2975 2976 2977 2978 2979
8178 0 0 95 482 1311 1323 2948 2978 2984 2993 2994 2995 68675
8179 0 0 2942 2958 2961 2962 2963 2964 2965 2966 68676
8180 3 3 42114 42122 42131 42134 42137 42142 42146 42150 42155 42158 42166 42181 52911 52924 52927 52932 52933 52934 52935 52936
8181 3 3 3117 6710 10416 15128 23250 24564 24571 24576 31087 31093 42127 42153 42157 42164 42171 42175 42176 42177
8182 0 0 18258 18266 18271 25401 25414 25418 25419 25420 25421 25422 25423 25424 25425 25426 25427 25428
8183 0 0 25399 25411 25435 29600 29655 40530 46604 46883 46892 46902 46905 46906 46907 46908
8184 3 3 65331 65332 65333 65334 65335 65336 65337 65338 65339 65340 65341 65342 65343 65344 65345 65346
8185 3 3 37890 48045 58534 58543 58595 60448 60459 61382 63012 63016 63017 63018 63019 63020 63021 63022 63023 63024 63025
8186 3 3 58558 58562 58570 58578 58584 58597 58606 60444 61420 62957 63009 63022 65332 65347 65353 65354 65355 65356 65357
8187 3 3 37895 58532 58540 61328 61355 61362 61385 63019 63037 63041 64889 65058 65362 65381 66417 66466 66472 66473
8188 4 4 55044 63255 63374 63671 63679 65542 65551 65557 65564 65571 65582 65746 65760 65764 65773 65776 65777 65778
8189 4 4 66474 66475 66476 66477 66478 66479 66480 66481
8190 4 4 63249 63261 63274 63680 65545 65553 65570 65579 65580 65581 65582 65583
8191 4 4 63635 63697 63702 63706 65541 65555 65561 65562 65563 65564 65565 65566
8192 0 0 17230 23869 23870 23871 23872 23873 23874 23875 23876 23877 23878 23879 23880
8193 0 0 33387 33406 33417 33433 33446 33447 33448 33449 33450
8194 0 0 27287 28327 29821 29845 37698 37775 37783 37789 38796 38809 38818 38828 38851 38871 38879 68677
8195 3 3 37728 37750 37772 37790 37795 38802 38816 38826 40600 40617 40628 40635 48813 48836 48841 48849 48853 48866 48867 48868
8196 0 0 27292 28326 28336 29818 29820 29832 29843 37691 37696 37697 37698 37699 37700 37701 37702 68678
8197 0 0 37745 37771 37782 37786 37787 37788 37789 37790 37791 37792 68679
8198 0 0 1994 2006 2017 2051 4807 4816 4817 4818 4819 4820 4821 4822 4823 4824 4825
8199 0 0 4830 4840 4845 13332 15059 15075 15085 15086 15087 15088 15089
8200 0 0 586 650 670 1405 3458 3459 3460 3461 3462 68680
8201 3 3 654 668 1453 2341 2748 3468 5747 5760 5768 5770 6874 6879 6903 6915 6921 6922 6923 6924 6925 6926 6927 6928
8202 0 0 3462 3469 5756 5771 6863 6876 6877 6878 6879 6880 6881 68681
8203 0 0 587 648 649 650 651 652 653 654 655 656 657 658 659 68682
8204 3 3 18247 19427 19479 19497 19499 26635 35432 35433 35434 35435 35436 35437 35438 35439 35440
8205 3 3 3263 3270 11172 11186 18059 18099 18109 19430 25243 25316 25317 25318 25319 25320 25321 25322 25323 25324 25325 25326 25327
8206 3 3 3262 18105 18242 23443 25324 25359 33005 33027 33079 35436 46783 56694 56709 56722 56724 56731 56736 56737 56738 56739
8207 3 3 3260 3280 3286 9634 11139 11185 18240 19376 19420 19421 19422 19423 19424 19425 19426 19427 19428 19429 19430
8208 0 0 10418 10426 10435 10440 10457 10459 10463 10464 10465 10466 10467
8209 0 0 3118 10406 10441 10448 10462 15123 15127 15128 15129 15130 15131 15132 15133 15134 15135 15136 15137
8210 4 4 22498 36857 36944 36974 42421 42428 42494 48281 48319 48348 53024 53039 53043 53047 53049 53050 53051
8211 4 4 36852 36863 36877 36882 42425 42433 42445 42447 42448 42449 42450 42451 42452
8212 4 4 36858 42385 42443 42451 48276 48295 48300 48316 48317 48318 48319 48320 48321 48322 48323
8213 4 4 22499 30639 36851 36862 36949 36973 42417 42428 42429 42430 42431 42432 42433 42434 42435
8214 3 3 55955 61333 61356 61361 61383 62947 63021 63026 63036 64623 65031 65037 65046 65047 65057 65352 65366 65384 66418 66425 66444 66458 66463 66465 66470 66471 66473
8215 3 3 48484 54113 54133 58115 58136 58157 60978 60981 61014 61018 61030 61366 61369 61370 61371 61372 61373 61374 61375 61376
8216 3 3 48485 48507 55956 55966 56873 58096 58158 61012 61369 62946 63027 64613 64624 64630 65030 65038 65041 65047 65048
8217 3 3 61335 61358 61364 61374 64767 64897 64917 64928 64930 64941 65035 65036 65050 65055 65056 65057 65058 65059 65060 65061 65062 65063
8218 4 4 44417 47722 50193 55024 55030 56124 57627 57632 57638 57639 57640 57641 57642
8219 4 4 44571 47727 47739 50044 50099 50191 57629 57634 59081 63247 63271 63272 63273 63274 63275 63276 63277 63278 63279 63280 63281 63282
8220 3 3 61885 61904 61952 61977 61994 62001 62019 62979 62986 62987 62988 62989 62990 62991 62992 62993 62994 62995 62996 62997
8221 3 3 62000 62015 62039 63765 64147 65631 65656 65685 65690 65695 65696 65697 65698 65699 65700 65701
8222 3 3 55706 62012 62980 62991 64146 65627 65695 65740 65802 65827 65830 65834 65837 65840 65841 65842
8223 3 3 60239 60284 61954 61970 61995 61996 61997 61998 61999 62000 62001 62002
8224 0 0 7791 7830 7864 7884 13279 13285 13319 13327 68683
8225 0 0 7844 7868 13265 13283 13305 13321 13322 13323 13324 13325 13326
8226 0 0 7813 7825 7830 7831 7832 7833 7834 7835 7836 68684
8227 0 0 13257 13278 13282 13283 13284 13285 13286 13287 68685
8228 4 4 21559 21571 24985 24989 24990 24991
8229 4 4 29409 29419 29427 29438 40253 40263 40270 40278 40418 40419 40420 40421 40422 40423 40424 40425 40426
8230 3 3 24015 33536 33553 33567 38334 39345 49359 49375 49376 49377 49378 49379 49380 49381 49382 49383 49384
8231 3 3 39325 39342 39360 39366 39368 39369 39370 39371 39372 39373 39374
8232 0 0 1588 1594 1606 3728 4002 4013 4061 4081 4087 4091 4092 4093 4094 68686
8233 0 0 829 1590 4005 4052 4053 4054 4055 68687
8234 0 0 13057 17076 19619 19649 19660 19671 19674 19675 19676 19677 19678 19679
8235 0 0 7666 19627 19635 19668 27298 27312 27313 27314 27315 27316 27317 27318 27319
8236 0 0 30675 32927 40844 40853 41761 43529 43538 43542 43543 43544 43545 43546 43547 43548 43549
8237 0 0 41767 41770 52565 52574 52581 52582 52583 52584 52585 52586 52587
8238 0 0 26411 40845 41763 43547 43553 43563 43574 52584 52590 52602 52605 52657 52658 52659 52660 52661 52662 52663
8239 0 0 21981 30680 32926 32937 40840 41765 43542 52568 52571 52588 52594 52597 52598 52599 68688
8240 0 0 45006 45080 50701 55358 55372 61809 61811 63942 63959 63977 63995 64013 64018 64019 64020 64021 64022
8241 0 0 52268 52276 52281 63965 63980 64011 64017 64024 64028 64029 64030 64031
8242 0 0 63939 63943 63951 63958 63964 63970 63981 64021 64023 64031 64038 64044 64047 65845 65858 65859 65860 65861 65862
8243 0 0 41176 43343 43361 45015 45042 45081 45106 52270 53998 54034 63960 63966 63974 63996 64001 64009 64010 64011 64012 64013
8244 4 4 19477 22432 25099 26643 26649 37118 37126 37135 37140 37144 37145 37146 37147
8245 4 4 15542 15552 15564 22424 22427 22428 22429 22430 22431
8246 0 0 143 153 266 278 340 1043 1044 1045 1046 1047 68689 68690
8247 0 0 151 269 277 330 1889 1895 1909 1924 4611 4614 4615 4616 4617 4618 68691
8248 0 0 142 156 265 272 1044 1800 1885 1886 1887 1888 1889 1890 1891 1892 68692
8249 0 0 267 271 275 276 277 278 68693 68694
8250 3 3 34036 42227 45514 46228 55491 55499 55511 55514 56146 56176 56179 56183 56184 56185 56186 56187 56188
8251 3 3 34798 34802 34809 34815 34824 43838 46229 46235 53547 54211 54219 54242 55526 56143 56160 56169 56170 56171 56172 56173 56174
8252 3 3 34008 34039 43817 46222 46223 46224 46225 46226 46227 46228 46229 46230
8253 3 3 56140 56141 56142 56143 56144 56145 56146 56147 56148 56149 56150 56151 56152 56153 56154 56155 56156
8254 3 3 3216 6471 7088 7098 11800 12593 12596 12608 12609 12623 12634 12658 31108 31114 31115 31116 31117 31118
8255 3 3 874 1125 1134 1141 1653 1654 1655 1656 1657 1658 1659 1660 1661 1662
8256 3 3 3204 3215 3225 3230 6485 7099 7483 12627 31103 31107 31115 47027 47037 47080 47108 47119 47128 47131 47133 47134
8257 3 3 860 875 1192 1522 1659 6476 6479 7463 7479 7503 7515 7522 12601 12613 12614 12615 12616 12617
8258 4 4 3123 3124 3125 3126 3127 3128 3129 3130 3131 3132 3133 3134 3135 3136 3137
8259 4 4 10524 10538 10544 10552 10555 10578 10585 10586 10587 10588 10589 10590 10591 10592
8260 0 0 7790 7797 7808 7811 7818 7832 7851 7864 7865 7866 7867 7868 7869 7870 7871 68695
8261 0 0 7812 7824 7825 7826 7827 7828 7829 68696
8262 0 0 10101 10121 10122 10123 10124 10125 10126 10127 10128 10129 10130 10131 10132 68697
8263 3 3 24526 27143 27342 34425 34443 34444 34445 34446 34447 34448
8264 4 4 44913 44949 54421 54425 54896 54909 54915 54925 54926 54927 54928
8265 4 4 35837 44102 44114 47260 47329 47382 47952 47967 54396 54403 54404 54405 54406 54407 54408 54409 54410 54411 54412 54413 54414 54415
8266 4 4 44166 44876 44916 44930 47383 47394 47957 54403 54416 54692 54698 54708 54709 54710 54711 54712 54713
8267 4 4 44094 44099 44110 44121 44131 47259 47973 54393 54394 54395 54396 54397 54398 54399 54400 54401 54402
8268 3 3 12791 17597 27169 27181 27185 37462 37465 37534 37562 37572 37575 37580 37581 37582 37583 37584 37585 37586
8269 3 3 12734 17628 27189 37440 37449 37450 37451 37452 37453 37454 37455 37456 37457 37458
8270 3 3 27186 37439 37449 37459 37482 37530 37557 37561 37562 37563 37564
8271 3 3 27166 27191 37442 37464 37465 37466 37467 37468 37469 37470 37471 37472 37473 37474 37475
8272 4 4 31248 31263 32940 32941 32942 32943 32944 32945 32946 32947 32948 32949 32950 32951
8273 4 4 43638 43687 43693 43705 43722 45316 45317 45318 45319 45320 45321 45322 45323 45324
8274 4 4 31156 31256 31258 31279 33870 43674 43702 43708 43709 43718 43726 43727 43728 43729 43730
8275 4 4 32945 34227 34381 34393 43589 43598 43635 43636 43637 43638 43639 43640 43641 43642 43643
8276 0 0 2797 2812 3147 3396 3397 3398 3399 3400 3401 3402 3403 68698
8277 3 3 2796 2809 2848 3156 6325 6332 6333 6334 6335 6336 6337 6338 6339 6340 6341
8278 4 4 15164 16096 16103 16558 22136 30934 30960 30967 30968 30969 30970
8279 4 4 2089 3074 8777 8784 8791 15149 15161 15169 15170 15171
8280 0 0 4626 4631 4632 4633 4634 4635 4636 68699
8281 0 0 4637 5494 5497 5498 5499 5500 5501 5502 5503 5504 68700
8282 0 0 517 1293 1317 2947 2969 2982 2985 2990 2991 2992 2993 68701
8283 0 0 93 94 95 96 97 98 99 100 101 102 103 68702
8284 2 2 45756 45768 46196 46211 55948 55962 55970 55984 55999 56005 56011 56014 56020 58554 58569 58572 58604 60445 60466 62958 63009 63010 63011 63012 63013 63014 63015
8285 2 2 45726 55951 55964 55976 55989 55998 56001 58553 58559 58560 58561 58562
8286 4 4 15561 15848 16469 22391 22403 22415 22423 22439 23727 23736 36480 36485 37113 37134 37138 37347 37353 47775 54644 65294 65321 65325 65327 65329 65330
8287 4 4 22411 22419 22426 22431 22440 22751 23696 31863 31897 31902 37119 37139 37144 37148 37149
8288 2 2 10746 10786 10813 10817 10918 10933 10939 10942 17669 40543 40557 40567 40573 40576 40577
8289 2 2 6392 10736 10754 10760 10775 10798 10807 10831 10833 10834 10835 10836 10837 10838 10839 10840 10841 10842 10843
8290 4 4 26515 26516 26517 26518 26519 26520 26521 26522 26523 26524 26525
8291 4 4 37008 37018 37031 37048 37059 37064 37078 40724 40760 40787 40792 40793 40794 40795 40796 40797 40798 40799
8292 4 4 15016 15024 15030 15031 15032 15033 15034 15035 15036 15037
8293 4 4 20727 22483 26457 26471 28738 28760 28762 36977 36995 36997 42277 42291 42302 42312 42324 42325
8294 4 4 42266 42267 42268 42269 42270 42271 42272 42273 42274 42275 42276 42277 42278 42279
8295 0 0 5489 5497 8595 15020 15027 15034 15671 19283 20665 26438 26454 26465 26466 26467 26468 26469 26470 26471 26472 26473 26474 26475 68703
8296 3 3 37612 49640 49643 49644 49645 49646 49647 49648 49649 49650 49651 49652 49653
8297 3 3 37616 41410 49030 49654 49666 49724 58470 58482 58484 58489 58493 58503 58504 58505 58506 58507 58508 58509 58510
8298 3 3 49031 49544 49632 49651 49657 49662 49663 49664 49665 49666 49667 49668 49669 49670 49671 49672
8299 3 3 37609 37610 37611 37612 37613 37614 37615 37616 37617
8300 0 0 33629 33665 33670 33671 33672 33673 33674 33675
8301 0 0 27614 33662 33680 34690 34702 38072 38123 38137 44664 44670 44682 44683 44684 44685 44686
8302 0 0 6004 9251 9255 9271 9272 9273 9274 9275 9276 9277 68704
8303 0 0 15971 15977 15999 16000 16001 16002 16003 16004 16005 16006 16007
8304 0 0 19707 27382 27392 37713 40609 40652 48876 48881 48891 48893 48894
8305 0 0 40606 40662 45636 48872 48885 48892 48895 51304 51339 51348 51350 51351 51352 51353
8306 0 0 27120 34438 34467 34484 34488 34489 34490 34491 34492
8307 0 0 25150 25151 25152 25153 25154 25155 25156 25157
8308 0 0 5255 6519 6520 6521 6522 6523 6524 6525 6526 6527 6528 6529 6530
8309 0 0 5251 5252 5253 5254 5255 5256 68705
8310 0 0 20376 20385 20398 20420 20433 20434 20435 20436 20437 20438 20439 20440 20441 68706
8311 4 4 38599 38606 38610 38618 38621 38629 39004 39156 49479 49480 49481 49482 49483 49484 49485 49486
8312 4 4 20158 20166 20222 20230 20372 20383 28224 28230 38596 38600 38601 38602 38603 38604 38605 38606
8313 4 4 7964 20416 20425 20435 28156 28181 28191 28212 28215 28220 28262 38594 38613 38619 38626 38990 38995 39002 39003 39004 39005 39006 39007 39008 39009 39010
8314 0 0 19295 19314 26424 26498 26507 26510 48183 48224 48230 48231 48232 48233 48234 48235 48236
8315 0 0 12205 16281 16282 16283 16284 16285 16286 16287 16288 68707
8316 0 0 17062 23905 23941 24005 24006 24007 24008 24009 24010 24011 24012 24013 24014 24015 24016 24017
8317 0 0 23932 23939 23946 27467 27781 27788 27791 27792
8318 4 4 43347 43428 43442 43479 43484 43485 43486 43487 43488 43489
8319 4 4 30739 41187 41204 41209 41210 41211 41212 41213 41214 41215 41216 41217 41218
8320 4 4 32312 32335 34538 35018 35042 43062 43072 43087 45935 45950 45957 45975 45981 45989 45990
8321 4 4 23228 32265 32295 32301 32308 32317 32318 32319 32320 32321 32322 32323 32324 32325
8322 4 4 23174 24888 32314 32318 32332 32333 32334 32335 32336 32337 32338 32339 32340 32341 32342 32343 32344 32345 32346 32347
8323 4 4 32262 32277 32302 32309 32321 32429 34642 43059 43086 45936 45946 45979 45982 45989 45991 45992
8324 3 3 50375 53943 55732 55742 59241 59245 59246 59247 59248 59249 59250 59251 59252 59253 59254 59255 59256 59257 59258 59259 59260
8325 3 3 55701 60928 60961 60963 62969 65800 65808 65818 65828 65831 65834 65835
8326 3 3 53944 59250 59264 59307 59315 60931 60933 60934 60935 60936 60937 60938 60939 60940
8327 3 3 55704 59252 62928 63919 63927 65629 65653 65664 65682 65684 65689 65697 65714 65729 65799 65816 65817 65830 65831 65832 65833
8328 3 3 35094 35517 35519 35530 35531 35532 35533 35534 35535 35536 35537 35538
8329 3 3 35513 35521 35549 40562 45777 45783 46522 46530 46532 46533 46534 46535 46536 46537 46538 46539 46540
8330 0 0 45698 51225 51429 55900 55909 55913 62164 62333 62345 62350 62372 62390 62391 62392
8331 0 0 38909 45711 45723 48745 48754 48775 51443 55904 55910 55916 62341 62354 62404 62409 62414 62416 62417
8332 4 4 48483 48509 54132 58137 58148 61375 61379 63031 64589 64607 64613 64614 64615 64616 64617 64618
8333 4 4 45372 46836 56749 56765 56774 60601 61140 64598 64610 64633 64644 64650 64653
8334 4 4 45374 48480 48503 56752 56764 58146 60580 60595 60607 60625 64592 64606 64616 64627 64632 64633 64634 64635
8335 4 4 54129 61134 61151 61167 61377 64601 64608 64617 64619 64648 64655 64657 64658
8336 0 0 2814 6032 6329 6646 6659 6685 6686 6687 6688 6689 6690 6691 6692 6693
8337 0 0 6650 10689 15883 15923 15930 17523 17544 32170 32202 32208 32211 32212 32213
8338 3 3 22557 22566 22581 22582 22583 22584 22585 22586 22587
8339 3 3 10475 11342 15762 17327 18607 19849 22548 22556 22564 22574 22575 22576 22577 22578 22579 22580
8340 3 3 17308 17333 17380 18614 19814 19830 19842 19846 22555 22564 22565 22566 22567 22568 22569 22570 22571 22572 22573
8341 3 3 10473 15763 22546 22558 22575 22587 22594 23133 24867 24905 24906 24907 24908 24909 24910 24911 24912 24913
8342 3 3 13205 13225 13246 16747 17203 19799 19893 27675 27681 33600 38023 38025 38032 38033 38034 38035 38036 38037 38038 38039
8343 3 3 5902 7693 13171 13194 13208 13217 13228 13234 13242 13490 13507 13512 13513 13514 13515 13516 13517 13518 13519 13520 13521
8344 0 0 7709 13192 13206 13218 13219 13220 13221 13222 13223 13224 13225 68708
8345 3 3 13204 13237 27677 38018 38025 38026 38027 38028 38029 38030 38031
8346 0 0 5618 5671 9089 9281 9717 9730 9761 9766 15980 15986 16008 16018 16019 16020 68709
8347 3 3 9773 15972 15988 16007 16012 16015 16026 16441 16448 16455 16457 16458 16459 16460 16461 16462 16463 16464
8348 0 0 15972 15973 15974 15975 15976 15977 15978 15979 15980 15981 15982 68710
8349 3 3 9718 9762 9774 15983 16019 16028 16450 16459 23634 23653 23680 23700 23701 23702
8350 0 0 270 276 1908 4611 4612 4613 68711 68712
8351 0 0 274 1890 1907 1916 1917 1918 1919 1920 1921 1922 1923 1924 1925 1926 68713 68714
8352 4 4 20715 20721 20730 20771 21202 28706 28728 28733 28734 28735 28736 28737 28738 28739 28740 28741 28742
8353 4 4 20634 20690 20700 28703 28719 28720 28721 28722 28723 28724 28725
8354 4 4 49507 49562 49581 49591 49598 49599 49608 49629 58315 58323 58358 58366 58367 58375
8355 4 4 49572 49626 51456 51476 51480 58264 58270 58285 58289 58293 58298 58303 58318 58326 58327 58328 58329
8356 4 4 27490 27504 27530 27552 37805 37812 48900 49205 49217 49223 49231 49241 49561 49571 49587 49600 49607 49619 49624 49625 49626 49627 49628 49629 49630
8357 4 4 58302 58303 58304 58305 58306 58307 58308 58309 58310 58311 58312 58313 58314 58315 58316
8358 4 4 52901 57420 57458 57484 60662 60668 60673 60677 60678 60679
8359 4 4 36226 47246 52905 56875 56954 57320 57354 57390 57392 57461 60652 60656 60667 60680 64673 64680 64707 64711 64713 64715 64716
8360 0 0 422 507 1228 1271 1272 1273 1274 1275 1276 1277 1278 68715
8361 0 0 415 1287 2629 2861 2887 2900 2901 2902 2903 2904 2905 2906 68716
8362 3 3 30318 30335 40043 41256 52019 52031 52046 52048 52157 52166 60048 60062 60069 60070 60071 60072 60073
8363 0 0 14879 21742 30286 30303 30305 30306 30307 30308 30309 30310 30311 30312 68717
8364 4 4 20819 28915 28933 28936 33321 33335 33339 33340 33341 33342 33343
8365 4 4 20800 28925 33332 39385 39388 39389 39390 39391 39392 39393
8366 3 3 7160 11843 12354 19362 25982 25983 25984 25985 25986 25987 25988 25989 25990 25991
8367 3 3 36313 36314 36315 36316 36317 36318 36319 36320 36321 36322 36323 36324 36325
8368 0 0 5982 7662 7674 13059 13060 13061 13062 13063 13064 68718
8369 0 0 5978 7659 27194 27316 27324 27332 27341 27354 27359 27361 28339 28340 28341 68719 68720
8370 0 0 5978 5979 5980 5981 5982 5983 68721 68722
8371 0 0 13064 19626 19634 19642 27303 27312 27323 27340 27351 27352 27353 27354 27355 27356 27357
8372 4 4 34544 34569 34972 35006 35023 38414 38422 38431 38432 38433 38434 38435 38436
8373 4 4 34973 35016 35024 38438 46359 46375 46384 46385 46386 46387 46388 46389 46390
8374 3 3 29011 39310 44213 44226 59121 59125 63259 63408 63423 63426 63427 63428 63429 63430 63431 63432 63433
8375 3 3 55048 63254 63357 63368 63371 63372 63373 63374 63375 63376 63377 63378 63379 63380 63381 63382 63383
8376 3 3 59066 59108 59120 63250 63358 63369 63376 63413 63421 63429 63443 63446 63447 63448
8377 3 3 59229 63373 63392 63402 63409 63417 63433 63437 63611 63641 63642 63643 63644
8378 0 0 36860 36874 36879 36885 41803 41809 42391 42439 42452 48120 48292 48316 48350 48409 50265 57927 57969 57970 57980 57981 57982 57983 57984
8379 0 0 42420 42429 42455 42465 48067 48122 48284 48325 48335 48351 53022 53034 53041 53042 53043 53044 53045 53046
8380 0 0 42442 48274 48292 48293 48294 48295 48296 48297 48298 48299
8381 0 0 36869 41805 41808 42426 42435 42446 42450 42456 48066 48110 48117 48118 48119 48120 48121 48122 48123
8382 0 0 41350 52003 52005 52020 64244 64299 64300 64301 64302 64303 64304 64305 68723
8383 4 4 52002 52010 52033 64241 64307 64320 64323 64324 64325 64326
8384 0 0 22486 26462 30600 42268 42281 42288 42289 42290 42291 42292
8385 0 0 6841 12039 12049 12063 15033 19148 28899 31329 31335 31339 31340 31341 31342 31343
8386 0 0 19143 22441 28902 31286 31323 31332 42286 42294 42300 42306 42381 47829 47839 47842 47847 47848 47849 47850 47851
8387 0 0 15017 15025 15030 26441 31336 31341 31344 42274 42283 42296 42305 42313 42316 42317
8388 3 3 41917 41949 50738 52631 52648 52670 52680 52696 52699 52704 52710 52711 52712 52713 52714
8389 3 3 52653 52681 52688 52694 52701 52706 52715 52716 52717 52718 52719 52720 52721 52722
8390 3 3 36390 36449 36584 44084 44085 44086 44087 44088 44089 44090 44091 44092 44093 44094
8391 3 3 36385 36398 44126 44204 46687 47940 47974 47985 54905 54912 54918 54941 57649 57653 62678 62685 62691 65285 65296 65304 65306 65307 65308
8392 3 3 41387 41457 50847 50848 50849 50850 50851 50852 50853 50854 50855 50856 50857 50858 50859 50860 50861 50862 50863
8393 3 3 40012 40013 40014 40015 40016 40017 40018 40019 40020 40021 40022
8394 3 3 20747 21967 36758 36765 36867 36950 36971 36986 42427 42431 42453 42454 42455 42456 42457 42458 42459 42460 42461 42462 42463
8395 3 3 15573 20766 22491 26431 26447 26463 30636 36855 36920 36937 36940 36941 36942 36943 36944 36945 36946 36947 36948
8396 3 3 20765 22495 36941 36970 36984 42419 42434 42463 42464 42472 42491 53023 53033 53046 53047 53048
8397 3 3 20749 26432 30632 36710 36734 36753 36759 36868 36921 36936 36948 36949 36950 36951 36952 36953 36954 36955 36956
8398 0 0 16571 20611 20829 23852 24117 33313 33323 33325 33326 33327 33328 33329 33330 33331 68724
8399 3 3 20832 33311 44419 44420 44421 44422 44423 44424 44425 44426 44427
8400 3 3 17748 17759 25039 25054 25722 35190 35199 35210 35227 35248 35257 35258 35259 35260 35261 35262 35263 35264 35265 35266
8401 3 3 15532 15563 15841 17736 17755 25036 25053 25093 25103 25109 25110 25111 25112 25113 25114 25115
8402 3 3 25038 25060 25096 25113 35181 35211 35214 35218 35219 35220 35221 35222 35223 35224 35225 35226 35227
8403 3 3 15838 16466 17747 17749 17750 17751 17752 17753 17754 17755 17756 17757 17758 17759
8404 4 4 12031 12046 12051 12065 18944 18954 18967 19139 19154 22454 22464 26071 26084 26085 26086 26087 26088 26089 26090 26091 26092
8405 4 4 19151 19162 22445 26070 26078 26079 26080 26081 26082 26083
8406 3 3 6179 10367 10378 15767 15779 15780 15781 15782 15783 15784 15785 15786
8407 3 3 1297 2973 3022 3043 3077 6000 6112 6160 6165 6176 6217 6232 6234 6235 6236 6237 6238 6239 6240 6241
8408 3 3 6166 6175 6240 10222 10360 10368 10376 10377 10378 10379 10380
8409 3 3 6115 6173 6224 6230 6238 6243 15767 15768 15769 15770 15771 15772 15773 15774 15775 15776 15777 15778
8410 3 3 60848 63473 63486 63493 63515 65609 65619 65624 65633 65637 65638 65639 65640
8411 3 3 50339 55233 59190 59209 59218 59294 61827 61836 62879 62893 62904 63470 63542 63547 65622 65646 65659 65669 65670 65671 65672 65673
8412 3 3 59230 59295 59373 60904 62895 63451 63466 63469 63470 63471 63472 63473 63474 63475 63476 63477
8413 3 3 65596 65605 65611 65616 65620 65626 65636 65640 65641 65655 65676 65693 65709 65717 65727 65732 65737 65738 65739
8414 2 2 40370 41603 41625 41635 41640 41648 41653 41657 41682 51000 51001 51002 51003 51004 51005 51006
8415 2 2 40380 40381 40382 40383 40384 40385 40386 40387 40388 40389 40390 40391 40392 40393 40394
8416 2 2 40386 41552 41608 41619 41636 41637 41638 41639 41640 41641 41642 41643 41644
8417 2 2 40369 40375 40389 40407 41581 41655 51000 51047 51056 51068 51069 51070 51071 51072 51073 51074
8418 0 0 259 1674 4672 4677 7552 13633 68725 68726
8419 0 0 260 1663 1664 1665 1666 68727
8420 3 3 8227 14173 14516 21707 21717 30226 36828 48161 48191 48196 48257 57886 57888 57908 57911 57914 57917 57918
8421 3 3 19297 19310 21963 36754 42462 42517 48096 48111 48187 48193 48195 48268 54041 57878 57890 57893 57898 57899 57900
8422 3 3 36835 42454 42467 42482 42518 48059 48081 48084 48095 48109 48123 48197 53035 53041 53064 53077 57885 57889 57896 57898 57912 57916 57917
8423 3 3 14520 21718 48182 48190 48235 48238 48258 48267 57881 57891 57899 57903 57908 57909
8424 3 3 44995 46662 51120 56586 56616 59651 59674 59882 59888 59889 59890 59891 59892 59893 59894
8425 3 3 56515 56521 56535 56544 56557 56565 56572 56587 56608 59902 59906 59914 59915 59916 59917 59918 59919 59920
8426 4 4 29295 39780 44861 50636 50660 50663 50679 50688 50696 55223 61624 61651 61667 61668 61669 61670 61671 61672 61673
8427 4 4 39733 39770 44842 44848 44850 50576 50577 50578 50579 50580 50581 50582
8428 4 4 61614 61630 61645 61660 61666 61682 61701 61703 61708 61709 61710 61711 61712 61713
8429 4 4 39754 39765 39774 39781 44851 44859 44867 44871 50577 50586 50598 50622 50627 50633 50634 50635 50636 50637 50638 50639 50640 50641 50642 50643 50644
8430 4 4 54401 54423 54900 54911 54927 54934 54942 54943 54944 54945 54946 54947 54948
8431 4 4 33252 42545 44923 44950 44986 53577 54901 54908 54928 54938 54949 54950 54951 54952 54953
8432 4 4 42551 44127 44205 47749 54895 54907 54914 54916 54917 54918 54919 54920 54921 54922 54923 54924
8433 4 4 44877 44914 44936 44938 54419 54696 54704 54708 54902 54926 54952 54954 54955 54956 54957 54958 54959
8434 4 4 2524 3932 3984 7316 9189 9195 9396 9409 12177 12178 12179 12180 12181 12182 12183 12184 12185 12186
8435 4 4 7329 9400 23031 23047 23058 32578 32605 32618 32619 32620 32621 32622
8436 4 4 9402 12180 16275 23012 23021 23022 23023 23024 23025 23026 23027 23028
8437 0 0 3920 3935 3995 7142 7316 7317 7318 7319 7320 7321 7322 7323 7324 7325 7326 7327 7328 7329 7330 7331 68728
8438 0 0 8242 8262 8272 8579 14261 14967 20635 20675 20684 20687 20694 20709 28704 28717 28723 28726 28727 28728
8439 0 0 1921 5800 8245 8246 8247 8248 8249 8250 8251 8252 8253 8254 8255 8256 8257 8258 68729
8440 0 0 8252 8259 8260 8261 8262 8263 8264 8265 8266 8267 8268 8269 8270 8271
8441 0 0 20677 20685 20691 20695 20701 20705 28702 28716 28717 28718 28719
8442 0 0 7196 7208 11378 11549 11550 11560 11561 11562 11563 11564 11565
8443 0 0 18657 18663 18878 25580 26222 35724 35733 35737 42603 47175 47213 47227 47231 47234
8444 0 0 54118 54130 56773 58139 61152 64604 64611 64658 64659
8445 0 0 43737 43741 46791 46816 46841 52951 54110 56772 60554 61001 61130 61136 61137 61138 61139 61140 61141 61142 61143
8446 4 4 60654 60659 60666 60672 60676 60679 60681 64660 64674 64675 64676 64677 64678 64679 64680 64681
8447 4 4 11600 25601 25851 47147 47155 47206 47546 47555 47562 47563 47564 47565 47566
8448 4 4 47549 47557 47577 47580 57432 57478 57486 57490 57493 57494 57495 57496 57497 57498
8449 4 4 47143 47152 47161 56912 56918 60648 60658 60660 60685 64661 64674 64682 64683 64684 64685 64686
8450 0 0 41369 41851 41862 41868 41873 50804 50810 50832 50846 51843 51874 51876 51889 51902 51909 51910 68730
8451 0 0 30417 30422 30423 30424 30425 30426 30427 30428 30429 30430
8452 0 0 41737 41747 50802 50816 50823 50827 50828 50831 50839 50844 51838 51839 51840 51841 51842 51843 51844
8453 0 0 21992 30409 30454 40076 41372 41850 41860 41867 41869 41870 41871 41872 41873 68731
8454 2 2 2639 2646 3097 10292 10299 10305 10306 10307 10308 10309 10310 10311 10312 10313 10314 10315 10316
8455 0 0 514 526 1346 2636 2645 6186 6194 6195 6196 6197 6198 6199 68732
8456 0 0 468 487 498 510 518 1296 1312 2620 2621 2631 2640 2643 2644 2645 2646 68733
8457 2 2 529 1344 3083 3093 3100 3103 6191 6197 6218 10291 10309 10329 10337 10338 10339 10340 10341 10342
8458 3 3 21346 28359 28375 29576 29735 29740 35113 40514 40756 40785 46590 46613 46619 46620 46621 46622 46623 46624 46625
8459 3 3 21342 21351 28376 29720 29750 29766 29791 40920 49820 49839 49840 49841 49842 49843 49844 49845 49846 49847 49848 49849
8460 3 3 19369 19393 19415 19422 19449 19493 19500 19505 26607 26634 26635 26636 26637 26638 26639
8461 3 3 19375 19408 19441 19460 25394 35458 35475 35480 35487 35492 35495 35496 35497 35498
8462 3 3 19491 19498 19501 19508 26632 26638 35432 35450 35460 35461 35462 35463 35464 35465
8463 3 3 19368 19369 19370 19371 19372 19373 19374 19375 19376 19377 19378 19379 19380 19381 19382 19383 19384
8464 0 0 13621 20343 20358 20362 28140 28147 28165 39073 39082 39083 39084 39085 39086 39087
8465 0 0 7917 7926 7932 13587 13589 13590 13591 13592 13593 13594 13595
8466 0 0 13254 13267 13268 13269 13270 13271 13272 13273 13274 13275 68734
8467 0 0 9828 9832 9867 13290 13315 14297 14306 14307 14308 14309 14310 14311 14312 14313 14314 68735
8468 3 3 3494 4440 4574 13903 13925 13932 13946 15212 15219 15222 15223 15224 15225 15226 15227 15228 15229 15230
8469 3 3 3489 3502 8897 8916 11734 15096 15097 15098 15099 15100 15101 15102 15103 15104 15105 15106 15107 15108
8470 3 3 3500 4573 8893 11735 15104 15211 15218 15223 15249 15250 15251 15252 15253 15254 15255 15256
8471 3 3 3499 4424 4441 13800 13817 13850 13857 13930 13941 13963 15100 15209 15217 15222 15241 15242 15243 15244 15245 15246 15247 15248
8472 0 0 40115 40136 41050 41071 41079 41082 41083 41084 41085 41086 41087 41088 68736
8473 0 0 41048 41074 41075 41076 41077 68737
8474 4 4 36509 36532 44899 44920 44946 44958 44965 44966 44967 44968 44969 44970 44971 44972
8475 4 4 44961 44975 53574 53603 53605 53606 53607 53608 53609
8476 3 3 27406 38693 38713 38717 38724 39109 39123 39132 48908 48920 48942 48954 48955 48956 48957 48958 48959 48960 48961 48962
8477 3 3 48918 48926 48933 48940 48944 48948 48953 48969 48971 49634 58970 58999 59000 59001 59002 59003
8478 3 3 38690 38706 38735 39088 48820 48870 48908 48909 48910 48911 48912 48913 48914 48915 48916 48917 48918
8479 3 3 39113 39119 39125 39133 39134 39143 48919 48931 48946 48958 48963 48964 48965 48966 48967 48968 48969 48970
8480 3 3 50987 52495 54080 54084 54090 54099 54107 56654 59802 59819 59822 59823 59824 59825 59826 59827
8481 3 3 51024 51030 51043 54064 59788 59815 59852 59858 59868 59871
8482 3 3 41154 51035 51205 52499 54064 54065 54066 54067 54068 54069 54070 54071 54072 54073 54074 54075 54076 54077 54078 54079 54080 54081 54082
8483 3 3 59801 59802 59803 59804 59805 59806 59807 59808 59809 59810 59811 59812 59813 59814 59815 59816
8484 4 4 6177 15768 15782 22672 22694 22697 22698 22699 22700 22701 22702 22703 22704
8485 4 4 6170 10353 10361 10369 10379 10381 15783 17301 22674 22705 22706 22707 22708 22709 22710
8486 4 4 27267 33634 34271 45728 45837 45843 45851 55992 56004 56026 56031 56037 62156 62175 62184 62187 62189 62190 62191
8487 4 4 34248 34260 34261 34262 34263 34264 34265 34266 34267 34268 34269 34270
8488 4 4 24508 33635 33712 34234 34253 34268 34272 45172 45831 45833 45834 45835 45836 45837 45838
8489 4 4 34280 34287 34293 34294 34295 34296 34297 34298 34299 34300 34301 34302 34303
8490 4 4 1618 4131 4153 7168 11724 11728 11915 11929 11939 11941 11942 11943 11944 11945 11946 11947 11948 11949 11950 11951
8491 4 4 11926 11937 11967 12103 12114 12143 12169 12171 19018 26008 26066 26104 26120 26131 26138 26155 26156
8492 4 4 11726 11927 11935 11945 12107 12138 12142 12143 12144 12145 12146 12147 12148 12149 12150 12151 12152
8493 4 4 11924 11933 11940 11951 11960 11968 12113 12174 25992 26006 26007 26008 26009 26010 26011 26012 26013 26014 26015
8494 3 3 28779 32491 33466 36254 36269 36284 36298 39250 39377 39394 39395 39396 39397 39398 39399 39400
8495 3 3 28785 28843 33469 36280 36301 39167 39186 39194 39202 39203 39204 39205 39206 39207 39208 39209
8496 3 3 2203 5003 5127 5132 5411 5416 5423 5424 5425 5426 5427 5428 5429 5430
8497 0 0 5098 5119 5396 5397 5398 5399 5400 5401 5402 5403 5404 5405 5406 5407 5408 68738
8498 0 0 2206 4952 4959 5006 5401 5409 5410 5411 5412 5413 5414 68739
8499 3 3 5109 5123 5403 5415 5426 8925 8926 8927 8928 8929 8930 8931 8932 8933 8934
8500 0 0 524 1303 2946 2952 2963 2970 2985 2986 2987 2988 2989 68740
8501 3 3 2941 2954 2966 2967 3090 5994 5995 5996 5997 5998 5999 6000 6001 6002 6003
8502 0 0 520 1336 2951 2989 3079 3086 3087 3088 3089 3090 3091 3092 3093 3094 68741
8503 0 0 519 1337 1341 1342 1343 1344 1345 1346 1347 1348 68742
8504 3 3 8039 8045 8049 8054 8061 8067 8075 8080 8087 11759 13818 13847 13860 20480 20511 20519 20531 20541
8505 3 3 8110 11767 13806 13815 13823 13837 13853 20470 20494 20505 20518 20522 20523 20524 20525 20526 20527 20528 20529 20530
8506 0 0 9540 9552 10545 11352 11375 18623 18629 25523 31019 31031 31032 31033 31034 31035 31036 31037
8507 0 0 2694 2704 2711 11368 25521 25531 25535 31025 31041 31048 31052 31057 31058
8508 3 3 24616 24623 33351 33378 33431 38576 44491 44498 44518 44524 44528 44532 44533 44534
8509 3 3 17235 23870 24612 27836 33377 33423 33425 34542 38577 38583 44530 44535 45934 45940 45952 45963 45986 45988
8510 0 0 14243 16492 16567 20804 20808 23840 23845 23849 23850 23851 23852 23853 23854 23855 23856 68743
8511 3 3 33269 33320 33336 39389 44271 44275 44442 44458 44459 44460 44461 44462 44463 44464 44465
8512 3 3 23838 23844 23848 23856 24116 33266 33310 33322 33329 44269 44424 44432 44442 44443 44444 44445 44446
8513 3 3 20807 20820 23850 28913 28932 28938 33316 33334 33339 33344 33345 33346 33347 33348
8514 3 3 45666 55806 55831 55864 55872 55886 55896 62070 62088 62106 62107 62108
8515 3 3 37012 37028 37033 40712 40744 40761 40796 46505 46511 48646 55799 55827 55836 55838 55850 55851 55852 55853 55854
8516 3 3 45683 55795 55808 55822 55825 55826 55827 55828 55829 55830 55831 55832
8517 3 3 26516 37003 37011 37026 37089 40792 45196 45660 55852 55863 55871 55873 55888 55895 55896 55897
8518 3 3 25051 25061 25076 26799 26813 26823 35225 35260 35285 35292 35695 35712 47050 47055 47058 47062 47063 47064
8519 3 3 17754 25040 25063 26781 26800 35262 35622 35667 35683 35697 35699 35700 35701 35702 35703 35704 35705 35706
8520 3 3 6706 6719 10468 10479 10528 10551 10591 11337 11338 11339 11340 11341 11342 11343
8521 3 3 11357 17341 18601 18602 18603 18604 18605
8522 3 3 4478 4559 8139 9877 13862 13863 13864 13865 13866 13867 13868 13869 13870 13871
8523 0 0 2754 2770 4223 4463 4473 4490 4556 4871 4883 5818 5819 5820 5821 5822 5823 5824 5825 68744
8524 3 3 24021 29188 29208 29213 29240 33731 39455 39456 39457 39458 39459 39460 39461 39462 39463 39464 39465 39466
8525 3 3 29187 29207 29245 44765 61619 61628 61649 61654 61657 61658 61659 61660
8526 0 0 1784 4316 4325 4326 4327 4328 4329 4330 4331 4332 4333 68745
8527 0 0 4318 7911 7912 7913 7914 7915 7916 7917
8528 3 3 18874 19173 26095 26126 26153 26170 26188 26197 26215 26219 26229 36641 36652 36671 36672 36673 36674 36675
8529 3 3 26147 36633 36648 36663 42583 42594 42607 42611 60691 60697 64726 64735 64759 64762 64763 64764
8530 0 0 8223 14503 14515 20740 20747 20748 20749 20750 20751 20752 20753 20754 20755 20756 20757 20758 68746
8531 0 0 14179 14505 14509 14525 20731 20742 21174 21195 21206 21211 21215 21216 21217
8532 0 0 1048 4687 4688 4689 4690 4691 4692 68747 68748
8533 0 0 8332 8344 14605 21383 30102 30111 30125 30139 30148 30149 68749
8534 0 0 172 173 174 175 176 177 178 179 180 68750
8535 0 0 119 120 121 122 123 124 125 126 127 128 129 130
8536 0 0 48968 48974 49500 55613 55628 55649 58515 58947 58952 58953 58954 58955 58956
8537 0 0 49494 49502 55603 55617 55621 55629 55672 55694 58927 58942 58950 58957 58958
8538 0 0 421 430 442 490 2660 2661 2662 2663 2664 2665
8539 0 0 98 419 427 445 462 472 473 474 475 476 477 68751 68752
8540 0 0 31755 34876 54480 64785 64786 64787 64788 64789 64790 64791
8541 0 0 34879 54250 54251 54252 54253 54254 54255
8542 3 3 4505 4530 4544 9795 9808 9826 9870 13309 14309 14322 28967 28973 28977 28978 28979 28980 28981 28982
8543 3 3 13255 13275 13291 13300 13311 14310 23918 27760 27779 28970 28984 28988 28989 28990 28991 28992 28993 28994
8544 3 3 16972 16981 16986 16993 17002 24349 24376 24377 24378 24379 24380 24381 24382 24383 24384 24385
8545 0 0 5137 5144 8982 9685 10031 15278 15281 15282 15283 15284 15285 15286 15287 15288 15289 15290 15291 15292 68753
8546 2 2 16385 16401 22311 23378 23379 23380 23381 23382 23383 23384 23385 23386 23387 23388 23389 23390
8547 0 0 5665 9612 9681 9721 9731 9734 9735 9736 9737 9738 9739 9740 9741 9742 9743 9744 9745 68754
8548 0 0 4941 4948 5399 5412 5557 5563 5564 5565 5566 5567 5568 5569 5570 5571 5572 5573 5574 5575 5576 68755
8549 0 0 2683 5562 5581 5583 5584 5585 5586 5587 5588 5589 5590 5591 5592 68756
8550 0 0 4949 5559 5570 5591 5593 5603 9496 9500 9506 9510 9511 9512 9513 9514 9515 68757 68758
8551 0 0 2681 5118 5402 5561 5568 5577 5578 5579 5580 5581 5582 68759
8552 4 4 42409 48275 48296 48300 48301 48302 48303 48304 48305 48306 48307 48308 48309 48310 48311 48312 48313 48314 48315
8553 4 4 26386 31377 36888 36894 36895 36896 36897 36898 36899 36900 36901 36902 36903 36904 36905 36906 36907 36908
8554 4 4 36902 42342 42355 42393 42410 47784 48303 48355 48368 50251 57659 57673 62723 62725 62731 62732 62733 62734 62735 62736 62737
8555 4 4 26394 31380 36903 42390 42412 48308 48366 50253 50268 57658 57931 57977 57995 57998 57999 58000
8556 0 0 3158 6131 8958 8977 10147 10148 10149 10150 10151 10152 10153 10154 10155 10156
8557 0 0 6133 6143 6149 6153 6161 8972 10157 10163 10169 10170 10171 10172 10173
8558 4 4 36497 43104 47827 47834 47835 47836 47837 47838 47839 47840
8559 4 4 32500 32504 32510 32517 32524 32536 32542 32549 32552 32554 36195 43093 43094 43095 43096 43097 43098 43099 43100 43101
8560 0 0 1036 1037 1038 1039 1040 1041 1042 68760 68761
8561 0 0 3290 3303 3336 3342 3351 3369 3372 3373 3374 3375 3376 3377 3378 3379 3380 3381 68762
8562 0 0 1040 3292 3300 3301 3302 3303 3304 3305 3306 3307 68763
8563 0 0 1039 3333 3334 3335 3336 3337 3338 3339 3340 68764
8564 3 3 1238 4499 5723 5773 5774 5775 5776 5777 5778 5779 5780 5781 5782 5783
8565 3 3 1233 2512 5332 5674 5691 5696 5702 5706 5732 5733 31397 31427 31428 31433 31434 31435 31436
8566 3 3 1235 1805 2388 2509 5680 5684 5707 5711 5720 5721 5722 5723 5724 5725 5726 5727 5728 5729 5730 5731 5732
8567 3 3 326 1241 2485 2504 4629 5781 5788 8142 15690 22974 31398 31419 31429 31437 31438
8568 0 0 12684 12832 12953 12959 12984 12999 13000 13001 13002 13003 13004
8569 0 0 7531 7601 7627 12682 12955 12969 12988 13626 13627 13628 68765
8570 4 4 55082 55083 55084 55085 55086 55087 55088 55089 55090 55091
8571 4 4 39380 47856 47857 47858 47859 47860 47861 47862 47863 47864 47865 47866 47867
8572 4 4 54610 54611 54612 54613 54614 54615 54616 54617 54618 54619 54620 54621 54622 54623 54624 54625 54626 54627
8573 4 4 22619 31867 31873 31888 37159 42533 53167 53168 53169 53170 53171 53172 53173 53174 53175 53176 53177 53178
8574 4 4 22620 42539 42777 53172 53207 54626 54665 54670 54678 54679
8575 4 4 42554 53169 53183 53192 54611 54628 54629 54630 54631 54632 54633 54634 54635 54636 54637
8576 2 2 21968 26409 36864 41774 41790 41797 41798 41799 41800 41801 41802 41803 41804 41805 41806
8577 2 2 21909 21934 26330 26333 41779 41792 52614 52619 52620 52621 52622 52623 52624 52625 52626 52627
8578 2 2 26419 41773 41798 52607 52616 52625 57950 57974 57986 60175 60179 60180 60181 60182 60183 60184
8579 2 2 30560 30661 36717 36766 36872 36878 41782 41788 41795 41804 41807 41808 41809 41810
8580 3 3 14249 16256 19129 20625 20650 20793 20812 22969 22988 22994 23003 23004 23005 23006 23007
8581 3 3 28883 28889 28895 28907 28911 28917 32494 33472 43098 43113 43116 47873 47878 47889 47903 47918
8582 4 4 48314 48361 62738 62765 62800 62808 62813 62816 62817
8583 4 4 48278 48315 48327 48339 50267 50270 62811 62823 62829 62831 62832 62833 62834
8584 4 4 53643 53664 53689 57769 57775 57788 57796 57797 57798 57799 57800 57801 57802 57803 57804 57805
8585 4 4 53629 53630 53631 53632 53633 53634 53635 53636 53637 53638 53639 53640
8586 0 0 6288 10494 10560 10563 10568 10569 10570 10571 10572 10573 10574 10575 10576 10577 68766
8587 0 0 6312 10565 10580 10594 10596 10597 10598 10599 10600 68767
8588 3 3 24339 42261 43785 43807 43831 53330 53475 53499 53510 53528 53529 53530 53531 53532
8589 3 3 22657 23380 24328 31135 31964 32002 32028 42633 42646 42880 42910 42928 42943 42944 42945 42946 42947 42948 42949 42950 42951 42952 42953 42954
8590 0 0 123 132 186 187 188 189 190 68768
8591 0 0 130 137 545 550 568 3180 3189 3192 3193 3194 3195 68769 68770
8592 3 3 54128 61128 61145 61149 61150 61151 61152 61153 61154
8593 3 3 60426 60437 60443 60458 60467 60475 60482 60486 60502 60509 60510 60511 60512 60513 60514 60515 60516 60517
8594 3 3 61135 61143 61148 61154 61160 61163 61166 61174 61179 61184 64600 64625 64637 64646 64654 64655 64656
8595 3 3 60483 60484 60485 60486 60487 60488 60489 60490 60491 60492 60493 60494
8596 3 3 23760 33233 43942 43946 43991 45752 46131 46151 46200 54458 54463 56013 58564 58571 58598 58599 58600 58601 58602 58603 58604 58605 58606
8597 3 3 39441 58590 60455 61407 61408 61409 61410 61411 61412 61413
8598 3 3 2218 2231 4725 4734 5201 5206 5227 8994 8995 8996 8997 8998 8999 9000
8599 3 3 15349 15358 15363 15368 15373 15379 18024 18029 22026 22046 25238 25256 25260 25261 25262
8600 3 3 64842 64853 64860 64866 65280 66353 66358 66399 66404 66422 66431 66437 66438 66439 66440
8601 3 3 40470 45000 51112 55326 56560 56567 56582 59650 59888 59901 59917 64844 65201 65216 65281 66350 66363 66370 66374 66375 66376 66377 66378
8602 4 4 25138 25144 25149 25638 25652 25668 25669 25670 25671 25672
8603 4 4 24998 35130 35135 35139 35156 35170 35289 35601 47069 47089 47092 47096 47106
8604 3 3 48410 50252 50266 57663 57934 57964 57971 57981 57996 57999 58003 58004 58005 58006
8605 3 3 48073 48091 48115 48119 48408 53070 55188 55190 55191 55192 55193 55194 55195 55196 55197 55198 55199 55200
8606 3 3 48407 50259 55197 55202 57937 57965 58005 59186 59196 59197 59198 59199 59200 59201 59202
8607 3 3 41800 42437 42448 48114 48117 48406 53074 55190 57925 57943 57952 57967 57970 57971 57972 57973 57974
8608 3 3 31275 33913 33943 45200 45218 45230 45233 45234 45235 45236 45237 45238 45239 45240 45241
8609 3 3 22351 24286 31139 31140 31141 31142 31143 31144 31145 31146 31147 31148 31149 31150 31151 31152 31153 31154 31155 31156 31157 31158 31159 31160 31161
8610 3 3 22345 24277 31151 31213 31277 45201 45225 45235 45242 45243 45244 45245 45246 45247 45248 45249 45250 45251
8611 3 3 31140 31272 34397 45351 55404 55424 55431 55437 55438 55445 55446
8612 3 3 53091 53092 53093 53094 53095 53096 53097 53098 53099 53100 53101
8613 3 3 31462 31486 31489 31625 34681 35943 42528 46007 46074 46083 46084 46085 46086 46087 46088 46089
8614 3 3 31632 31638 31644 34678 42530 45997 46005 46006 46007 46008 46009 46010 46011 46012 46013 46014 46015 46016 46017
8615 3 3 31460 31574 31699 35977 36019 42522 46073 46088 46090 53092 53103 56067 56074 56083 56090 56121 57317 57351 57363 57383 57396 57397
8616 3 3 25422 28384 29573 40500 40511 40527 40533 40534 40535
8617 3 3 28368 28377 28390 28395 29358 29580 35110 40515 46590 46591 46592 46593 46594 46595 46596
8618 0 0 14370 14379 14383 14812 14821 14823 14824 14825 14826 14827 14828 14829 14830 68771
8619 0 0 8500 8527 8535 8536 8537 8538 8539 8540 8541 8542 8543 8544 68772
8620 0 0 14368 14827 14836 14904 14905 14906 14907 14908 14909 14910 14911 68773
8621 0 0 8528 8541 8556 14371 14375 14381 14382 14383 14384 68774 68775
8622 4 4 22317 23251 23252 23253 23254 23255 23256 23257 23258 23259
8623 4 4 60571 60576 60584 60585 60611 60617 60618 60619
8624 4 4 23259 32970 43661 52974 52975 52976 52977 52978 52979 52980
8625 4 4 23397 23403 31133 32984 32990 42248 45377 46840 48575 52983 56755 56783 60592 60599 60613 60620 60622 60623 60624
8626 3 3 34018 34025 34033 34045 42253 43626 43663 43823 43830 45357 45494 45498 52988 52996 53006 53316 55495 55503 55504 55505 55506 55507 55508 55509
8627 3 3 34006 34040 43819 43833 46226 53542 53553 55516 55520 55521 55522 55523 55524
8628 0 0 2246 2550 3243 3244 3245 3246 3247 3248 68776
8629 0 0 3251 5235 5244 6574 6589 6593 6602 6603 6604 6605 6606 68777
8630 0 0 2243 2547 3247 5231 5248 6572 6577 6578 6579 6580 6581 6582 6583 6584 6585 6586 68778
8631 0 0 3249 5237 5241 6575 6590 6602 68779
8632 0 0 61586 61595 61604 61612 65067 65078 65081 65085 65086 65087 65088
8633 0 0 46678 46700 46702 46712 54772 54814 54818 54827 54830 54831 54832 54833 54834 54835 54836
8634 3 3 29306 39919 39933 39954 39965 55160 61848 61859 61872 61875 61880 61881 61882 61883 61884
8635 3 3 39991 39994 40000 49012 58478 58519 63093 63108 63111 63113 63114 63115 63116 63117 63118 63119
8636 3 3 38291 39938 39958 39970 39971 39972 39973 39974 39975 39976 39977 39978 39979
8637 3 3 29251 39920 39966 39987 49349 49394 55159 61883 63099 63123 63131 63137 63139 63140 63141
8638 0 0 34179 34223 34244 34254 34288 34373 34422 37092 37104 45186 45307 45659 48491 55872 55873 55874 55875 55876 55877 55878 55879 55880 55881
8639 0 0 45682 51433 51506 55809 55820 55829 55842 55884 62075 62107 62112 62128 62132 62133 62134 62135 62136 62137
8640 0 0 34245 34259 34398 34416 45662 45825 51363 55817 55846 55857 55875 55883 62083 62089 62103 62130 62137 62159 62166 62167
8641 0 0 26520 37006 40793 45677 45696 48524 55830 55865 55874 55890 55895 62071 62091 62093 62108 62109 62110 62111 62112 62113
8642 0 0 28122 28233 28275 28290 28308 38588 49777 49778 49779 49780 49781 49782 49783 49784 49785 49786 49787 68780
8643 0 0 28117 28120 28283 28305 38881 38891 41449 49796 49800 49811 49812 49813 49814
8644 4 4 52065 52097 59970 64054 64251 65883 65917 65942 65946 65953 65958
8645 4 4 61078 61084 61099 64169 64253 64265 64276 65919 65929 65941 65961 65965 65966 65967 65968
8646 0 0 1910 1914 1922 4624 4775 68781 68782
8647 0 0 1913 1923 4621 4773 4774 4775 4776 4777 4778 4779 4780 68783 68784
8648 0 0 28027 28055 34054 34061 34100 34114 34120 34121 34122 34123 34124 34125 34126
8649 0 0 34048 34058 34102 34112 34115 58799 58830 58833 58836 58840 58844
8650 0 0 9663 9678 10034 10044 15283 16868 16995 23542 23562 23571 23574 23577 23578 23579 23580 23581 23582 68785
8651 3 3 10029 15331 15332 15333 15334 15335 15336 15337 15338 15339 15340
8652 3 3 15271 15297 15300 15309 15310 15311 15312 15313 15314 15315 15316
8653 3 3 24346 24347 24348 24349 24350 24351 24352 24353 24354 24355 24356 24357 24358 24359 24360 24361 24362 24363 24364 24365 24366 24367 24368
8654 3 3 5143 5153 5157 5975 8985 15277 15290 15328 17014 24359 24369 24389 24411 24413
8655 3 3 15293 15304 24347 24371 24383 24402 34027 34034 42192 42219 42225 42231 42235 42236
8656 3 3 45925 45926 45927 45928 45929 45930 45931 45932 45933 45934 45935 45936 45937 45938
8657 3 3 33420 34632 34651 34672 34679 45968 45970 45983 45993 45996 45997 45998 45999 46000 46001 46002 46003 46004
8658 0 0 32311 32339 45930 45951 45961 45976 45980 45981 45982
8659 0 0 31641 32299 32319 32347 34634 34643 34676 45933 45948 45974 45985 45992 45995 45998 46011 46023 46039 46040 46041 46042
8660 3 3 25632 25641 25651 25657 25660 25667 25672 25692 25698 35128 35132 35133 35134 35135 35136 35137
8661 3 3 11410 17831 17841 17846 17873 18649 25567 25626 25633 25693 25700 25705 25709 25710 25711 25712 25713 25714 25715 25716 25717 25718
8662 3 3 25627 25647 25666 25674 25687 25691 25695 25696 25697 25698 25699 25700 25701 25702 25703 25704
8663 3 3 17836 17845 17851 17872 25135 25625 25633 25634 25635 25636 25637 25638 25639 25640 25641
8664 3 3 34986 46239 46255 46261 46273 46281 49435 49443 54257 54261 56219 56230 56250 56260 64773 64774 64775 64776 64777 64778 64779 64780
8665 3 3 16122 17314 17375 17389 19856 19863 32119 43861 43864 46249 46263 46264 46265 46266 46267 46268 46269 46270 46271 46272
8666 3 3 17391 19857 19865 27573 46243 46263 46276 46279 46281 46282 46283 46284 46285
8667 3 3 34873 46252 46268 46416 53408 54252 54259 54264 56222 64807 64811 66323 66329 66337 66345 66348
8668 0 0 3268 3279 3287 4177 6623 11135 11136 11137 11138 11139 11140 11141 11142 68786
8669 3 3 6632 11161 11180 11187 18004 18051 18057 18059 18060 18061 18062
8670 3 3 3267 6630 11135 11155 11175 11182 11183 11184 11185 11186 11187 11188 11189 11190
8671 0 0 4174 6624 11140 11158 11163 11164 11165 11166 11167 11168 11169 11170 11171 68787
8672 4 4 41044 41065 41134 48414 52128 64175 64182 64271 64285 64289 64290 64291 64292
8673 4 4 51896 52133 61086 61100 64170 64185 64254 64259 64264 64265 64266 64267 64268
8674 0 0 11083 12915 13009 13640 13643 13696 20442 20448 20458 27197 27307 27327 27345 27365 27366 27367 27368 27369 27370 27371 27372 68788
8675 0 0 27199 27320 27349 27364 28323 28341 28345 28347 28355 28356 68789
8676 3 3 20877 20906 21130 21156 30209 30242 30249 30252 30266 33812 33826 33827 33828 33829 33830 33831 33832 33833 33834 33835 33836 33837
8677 3 3 20900 20914 21146 26378 33759 39755 48149 48173 50659 57813 57831 57840 57857 57858
8678 3 3 37671 51249 55756 55776 55788 58064 58212 58236 58238 58239 58240 58241 58242 58243
8679 3 3 48791 51623 52189 52213 52248 55322 58205 58219 58220 58221 58222 58223 58224 58225
8680 3 3 48771 48781 51224 51236 51250 51253 51418 51608 51622 55791 58211 58225 58226 58232 58233 58234 58235 58236 58237
8681 3 3 55757 58059 58206 58223 58231 58240 64119 64120 64121 64122 64123 64124 64125 64126 64127 64128 64129 64130
8682 0 0 1652 6614 6616 6617 6618 6619 6620 6621 6622 68790
8683 0 0 1370 1643 2216 5191 5202 12250 12267 12272 12286 12296 12297 12298 68791 68792
8684 3 3 41615 41638 52468 52492 52778 52809 52819 52824 52826 52827 52828
8685 3 3 41604 41626 41641 41663 41677 41692 51005 52788 52802 52817 59783 59798 59811 59835 59839 59856 59863 59864 59865 59866
8686 3 3 41643 41670 41710 42038 52782 52789 52796 52797 52798 52799 52800 52801 52802 52803
8687 3 3 40364 40391 40978 41551 41565 41576 41606 41613 41614 41615 41616 41617 41618 41619 41620 41621 41622 41623 41624 41625 41626
8688 3 3 34727 34734 43937 43974 46117 46128 46149 46150 46151 46152 46153 46154 46155 46156 46157 46158 46159 46160 46161
8689 3 3 24827 31774 32364 33170 33201 34733 46115 46205 54469 54476 54493 54497 54509 54528 54539 54540 54541 54542 54543 54544 54545 54546 54547
8690 3 3 24840 33172 34716 34717 34718 34719 34720 34721 34722 34723 34724 34725 34726 34727
8691 3 3 46159 46208 54453 54465 54468 54469 54470 54471 54472 54473 54474 54475
8692 4 4 14043 14087 16114 19938 19964 20572 22155 22158 22900 22909 22928 22932 22942 22950 22956 22957 22958
8693 4 4 19920 19921 19922 19923 19924 19925 19926 19927 19928 19929 19930 19931 19932 19933 19934 19935
8694 4 4 2190 5050 13364 13371 13377 15188 19962 19977 19991 22141 22150 22151 22152 22153 22154 22155 22156
8695 4 4 14039 14088 14095 14096 15231 19920 19936 19937 19938 19939 19940 19941 19942 19943 19944 19945
8696 0 0 7994 7997 7998 7999 8000 8001 68793
8697 0 0 5808 5816 7993 8190 13710 14205 23768 23779 23784 23799 23805 42500 44256 44283 44298 44315 44318 44319 44320 68794
8698 2 2 9992 13517 16710 16724 16740 16744 16756 16759 17208 27654 27674 27679 27680 27681 27682
8699 2 2 9884 9890 9894 9899 9906 9920 9924 9931 9935 9945 16663 16703 16715 16716 16717 16718 16719 16720 16721
8700 0 0 9989 16706 16739 16740 16741 16742 16743 68795
8701 2 2 9943 9947 9986 16709 16717 16727 16751 16752 16753 16754 16755 16756 16757
8702 2 2 9696 9705 9709 11261 23414 33035 46757 46822 48549 48560 48565 48567 48570 48579 60991 61026 61029 66228 66246 66258 66259 66260 66261
8703 2 2 33053 46795 46801 46807 46818 46977 48574 56767 60980 60994 60996 60997 60998 60999 61000
8704 2 2 48546 48554 48561 48566 48568 48578 48581 56746 56757 56770 56784 58107 58124 58131 58140 60975 60990 60991 60992 60993 60994 60995
8705 2 2 33026 33039 33045 33055 33070 33077 33089 33096 46804 46818 46819 46820 46821 46822 46823 46824 46825
8706 3 3 36262 36271 36279 36291 36302 36312 39396 44587 44621 63290 63295 63298 63299 63300 63301 63302 63303 63304
8707 3 3 25895 32530 36163 36175 36215 36264 36273 36304 44563 44595 44610 44619 44622 44623
8708 3 3 36165 36177 36274 36303 36304 36305 36306 36307 36308 36309 36310 36311 36312
8709 3 3 11788 18999 25888 28777 28809 28829 28846 32512 32534 36260 36263 36264 36265 36266 36267 36268 36269 36270 36271
8710 3 3 3559 3564 3966 7057 7070 7228 7233 7242 7243 7244 7245 7246 7247 7248 7249 7250
8711 3 3 3633 3957 3961 3971 3978 7019 7071 7284 11808 11817 11818 11819 11820 11821 11822 11823
8712 3 3 3972 7244 7283 7291 11795 11807 11817 12088 12591 12646 19005 19035 26174 26192 26198 26200 26201 26202 26203 26204 26205 26206 26207 26208
8713 0 0 3558 3565 3956 3960 3970 3981 7022 7045 7062 7069 7070 7071 7072 7073 7074 68796
8714 3 3 16061 16079 17176 24615 30954 30965 32276 32300 32324 32427 34637 34641 34642 34643 34644 34645 34646 34647
8715 3 3 9295 9310 15199 16051 16056 16073 16083 16087 16090 16562 17178 22945 30933 30934 30935 30936 30937 30938 30939 30940 30941 30942 30943 30944
8716 0 0 2734 6534 9600 9623 9631 9693 9697 9706 9707 9708 9709 68797
8717 0 0 2731 9601 9609 9610 9611 9612 9613 9614 9615 68798
8718 0 0 5993 10280 15871 15892 17090 17099 17100 17101 17102 17103 17104
8719 0 0 6645 6691 15886 15910 15917 15922 15923 15924 15925 15926 15927 15928
8720 0 0 2831 6360 9240 15913 17113 17120 17123 24665 24668 24673 24674 24675 24676 24677 24678 24679
8721 0 0 5991 6037 6649 10686 11493 15869 15879 15880 15881 15882 15883 15884 15885 15886 15887 15888 15889 15890 15891
8722 3 3 29152 39884 39905 41393 41396 41406 41456 44724 44725 44726 44727 44728 44729 44730 44731
8723 3 3 29029 29150 40021 40029 40035 41329 41346 41391 41400 41408 41462 50853 50864 50904 50915 50927 50928 50929 50930 50931
8724 3 3 40019 40032 41388 41405 41464 44730 50858 50874 52144 52146 59565 59568 59569 59570 59571 59572 59573 59574 59575 59576 59577
8725 3 3 20856 29151 29171 39881 39896 39903 41330 41345 41396 41397 41398 41399 41400 41401 41402 41403 41404
8726 3 3 58729 58736 58745 58753 58761 58768 60105 60153 63090 63101 63102 63103 63104 63105 63106
8727 3 3 37662 37679 37872 49033 52252 52253 52254 52255 52256 52257 52258 52259 52260 52261
8728 3 3 37871 49019 49032 52259 58352 58371 58413 58475 58485 58504 58527 58750 60123 60152 63095 63105 63107 63113 63125 63126
8729 3 3 37664 37677 52257 55751 55781 58058 58728 58739 58748 58757 58764 60096 60097 60098 60099 60100 60101 60102 60103 60104 60105 60106
8730 4 4 37617 41410 41411 41412 41413 41414 41415 41416 41417
8731 4 4 37613 49023 49646 49658 49753 51621 51628 52198 52212 58215 58228 58246 60130 64126 64384 64405 64412 64413 64417 64418 64419
8732 0 0 4656 8152 14160 14181 14196 14199 14200 14201 14202 14203 14204 68799
8733 0 0 4643 4644 4645 4646 4647 4648 4649 4650 4651 68800
8734 0 0 8155 14110 14141 14150 14152 14153 14154 14155 14156 14157 14158 14159 14160 14161 14162 14163
8735 0 0 4645 4652 4653 4654 4655 4656 68801
8736 4 4 36170 36305 47671 47679 47690 47702 47708 47709 47710 47711 47712 47713 47714 47715 47716
8737 4 4 36121 36137 36162 36181 36214 47667 47677 47692 47700 47704 47705 47706 47707
8738 0 0 25713 35570 35582 35593 35615 35656 35659 35685 35698 35710 46992 47003 47004 47005 47006 47007 47008 47009 47010
8739 0 0 11902 18676 25552 35574 35586 35588 35608 35629 35639 35647 35648 35649 35650 35651
8740 4 4 15628 15666 22476 30596 30603 31293 31301 31302 31303 31304 31305 31306 31307 31308 31309
8741 4 4 22448 22458 22466 22471 22477 31282 31283 31284 31285 31286 31287 31288 31289
8742 0 0 51535 51541 51543 51847 51860 51861 51862 68802
8743 0 0 29697 29698 29699 29700 29701 29702 29703 68803
8744 3 3 28425 29753 29807 38835 40625 40931 40932 40933 40934 40935 40936 40937 40938 40939
8745 3 3 29513 29527 29534 29808 38786 38844 38854 38857 38858 38859 38860 38861 38862 38863 38864
8746 3 3 38807 38831 38852 38857 38876 40627 40631 40935 48835 48867 51551 51560 51564 51565 51566 51567 51568 51569 51570
8747 3 3 28429 29512 29524 29748 29757 29798 29799 29800 29801 29802 29803 29804 29805 29806 29807 29808 29809
8748 0 0 258 294 936 940 4210 7638 7645 12844 12860 12863 12874 12887 12891 12892 12893 12894 12895 12896
8749 0 0 2 931 944 945 946 68804 68805
8750 0 0 1 254 933 940 941 942 943 68806 68807
8751 0 0 294 295 296 297 298 299 300 301
8752 0 0 9999 14425 20890 20927 21143 24044 24054 24066 24077 24079 24080 24081 24082 24083 24084 24085 24086 24087 68808
8753 0 0 24058 29191 29200 29216 33720 33729 33730 33731 33732 33733 33734 33735 33736 33737 33738 33739
8754 0 0 20930 24050 24063 24087 29108 29193 29198 29212 29238 29291 39461 39493 39505 39509 39511
8755 0 0 24036 24042 24048 24057 24067 24078 33719 33720 33721 33722 33723 33724 33725 33726 33727 33728
8756 4 4 29540 29554 29555 29556 29557 29558 29559 29560 29561 29562
8757 0 0 29317 29326 29538 29550 29769 40148 40155 40168 40172 40173 40174 40175 40176 68809
8758 4 4 34155 40701 45587 45604 45621 45622 45628 45629 45630 45631 45632 45633
8759 4 4 27213 27220 27221 27222 27223 27224 27225 27226 27227 27228 27229 27230
8760 4 4 11746 11774 13828 15117 18708 18730 18742 31677 33496 33518 36039 36067 36070 36077 36080 36081 36082 36083
8761 0 0 11518 11740 15113 18696 18710 18724 18920 36043 36053 36058 36062 36084 36093 36094 36095 36096 36097 68810
8762 4 4 15110 18721 18733 31660 31672 31683 36042 36065 36075 36080 36085 36086 36087 36088 36089 36090 36091 36092
8763 4 4 11512 11520 11524 11744 11773 13830 15112 18695 18700 18706 18707 18708 18709 18710 18711 18712 18713
8764 4 4 28948 28954 28963 50150 50311 50316 65418 65447 65450 65454 65461
8765 4 4 16674 16685 16686 16687 16688 16689 16690 16691 16692 16693
8766 0 0 48310 50277 59172 62744 62767 62807 62812 62816 62825 62826 62827 62828 62829 62830
8767 0 0 42415 48306 50250 50251 50252 50253 50254 50255 50256 50257
8768 3 3 29327 29544 29556 40153 40170 40173 40177 40178 40179 40180 40181 40182 40183
8769 3 3 21277 41043 41068 41081 41084 41097 41101 41133 48413 48414 48415 48416 48417 48418 48419 48420 48421
8770 3 3 29539 29559 29774 40479 48420 48436 51186 58014 58030 58033 58034 58035 58036 58037
8771 3 3 21279 29335 29462 40180 40197 41054 41094 41098 41099 41100 41101 41102 41103 41104 41105
8772 0 0 502 2721 8942 8953 8962 8963 8964 8965 8966 8967 8968 68811 68812
8773 0 0 2695 2708 3133 6316 10519 10540 10589 11364 25532 25537 31024 31042 31052 31053 31054 31055 31056
8774 0 0 404 508 3065 3132 6314 8945 8964 8974 8978 10177 10541 31029 31053 31067 31071 31074 31075 68813 68814
8775 0 0 2696 2714 2723 8966 31023 31043 31045 31046 31047 31048 31049 31050 31051 68815
8776 0 0 30046 30063 30081 40303 40309 40310 40311 40312 40313 40314 40315
8777 0 0 29324 30539 40188 40305 40317 40322 40323 40324 40325 40326 68816
8778 0 0 29325 29341 29379 29470 40186 40314 40316 40317 40318 40319 40320 40321 68817
8779 0 0 29384 30036 30479 40307 40325 59691 59708 59709 59710 59711 59712 59713 59714 68818
8780 3 3 10511 17429 19819 19828 22589 24601 27875 34511 34974 34992 34998 35029 35032 35033 35034 35035 35036 35037
8781 3 3 19810 22593 27877 34961 34982 34983 34984 34985 34986 34987 34988 34989 34990
8782 4 4 8632 9484 9487 22086 30684 30823 30824 30825 30826 30827 30828 30829 30830 30831 30832
8783 4 4 53762 53763 53764 53765 53766 53767 53768 53769 53770 53771 53772
8784 3 3 9915 9928 9946 9968 16640 16660 16671 16686 16713 16718 16752 16762 16763 16764 16765 16766 16767 16768 16769 16770 16771
8785 3 3 4300 5880 7730 7777 9914 9930 9933 16631 16647 16654 16661 16678 16679 16680 16681 16682 16683 16684
8786 0 0 17007 22872 43761 43769 45383 45391 45419 45429 45430 45431 45432
8787 0 0 43748 43757 43765 43775 43779 45392 45415 54135 54149 54150 54151 54152 54153 54154 54155 54156
8788 0 0 8321 8355 8487 14645 30109 30142 30152 30159 30160 68819 68820
8789 0 0 8322 8479 8480 8481 8482 8483 68821
8790 0 0 21882 30402 30419 30426 30432 30439 30440 30441 30442 30443 30444 68822
8791 0 0 30414 30436 30445 30446 30447 30448 30449 30450 30451 30452
8792 0 0 30425 30437 30442 30448 30457 30527 30531 30532 30533 30534 30535 30536 30537 30538 68823
8793 0 0 21882 21883 21884 21885 21886 21887 21888 21889 21890 68824
8794 4 4 48442 55339 59581 59590 59595 59596 59597 59598 59599 59600 59601
8795 4 4 48444 48449 48450 48451 48452 48453 48454 48455 48456
8796 4 4 17236 23877 33287 33388 33418 34627 34648 34649 34650 34651 34652 34653 34654 34655 34656 34657 34658 34659 34660 34661 34662 34663 34664
8797 4 4 17229 19913 23873 27621 27630 27723 27733 28575 33187 33288 33392 34622 38582 39258 44386 44399 44402 44403 44404 44405
8798 4 4 20047 23876 27639 27737 27923 33386 33392 33393 33394 33395 33396 33397 33398 33399 33400
8799 4 4 33192 33293 34625 34654 44372 44382 44383 44384 44385 44386 44387 44388 44389
8800 3 3 34299 45731 51413 51432 56023 56041 56051 62080 62116 62148 62153 62154 62155 62156 62157
8801 3 3 29485 34296 45532 45735 50709 55713 62076 62095 62119 62121 62138 62139 62140 62141 62142 62143 62144
8802 0 0 11612 11621 11628 11634 18754 18799 18809 18813 18814
8803 0 0 687 1161 11582 11588 11624 18752 18770 18796 18801 18802 18803 18804 18805
8804 0 0 29064 29065 29066 29067 29068 29069 29070 29071 29072 29073 29074 29075 29076 29077 29078 29079 29080
8805 0 0 20918 20919 20920 20921 20922 20923 20924 20925 20926 20927 20928 20929 20930 20931 68825
8806 3 3 15584 15645 15665 21941 26984 27005 31365 31376 31386 42350 42353 42371 42395 42403 42405 42407 42408
8807 3 3 15588 15648 26251 26255 26388 27004 31352 31360 31370 36891 36914 42339 42358 42363 42364 42365 42366 42367 42368 42369 42370
8808 3 3 1840 3314 3485 3497 4578 4599 4929 4934 8892 8893 8894 8895 8896 8897 8898 8899 8900 8901 8902
8809 0 0 1042 1757 1832 1843 1883 3297 3305 3312 3324 3325 3326 3327 3328 68826
8810 3 3 1759 1837 1849 3315 4571 4583 4594 4605 4930 4933 4934 4935 4936 4937
8811 3 3 1833 1878 3324 3364 3484 3490 3491 3492 3493 3494 3495 3496 3497 3498 3499 3500 3501 3502
8812 3 3 30450 30502 30519 30520 30521 30522 30523 30524 30525 30526 30527 30528 30529 30530
8813 0 0 30441 30532 30549 41107 50801 50814 50817 50818 50819 50820 50821 50822 50823 68827
8814 4 4 28115 28127 28242 49717 49783 49794 49797 49812 49939 49943 49961 50938 55677 58926 58935 58959 58960 58961 58962
8815 0 0 28123 28234 28280 28303 28304 28305 28306 28307 28308 28309 68828
8816 4 4 28276 28302 38585 49784 49788 49789 49790 49791 49792 49793 49794 49795
8817 4 4 28112 28119 28240 38880 38890 38891 38892 38893 38894 38895 38896
8818 3 3 20557 20558 20559 20560 20561 20562 20563 20564 20565 20566 20567
8819 3 3 20571 22888 22904 22905 22906 22907 22908 22909 22910 22911 22912 22913 22914 22915
8820 3 3 20561 22899 22915 22925 22938 23884 33358 33408 33436 33443 33451 33452 33453 33454 33455 33456
8821 3 3 14041 14076 16118 20565 20568 20569 20570 20571 20572 20573 20574 20575 20576 20577 20578
8822 3 3 36157 36176 36192 36278 36307 47699 47708 47721 57623 63303 63684 63716 63722 63727 63733 63734 63735
8823 3 3 36173 36194 36202 47421 47664 47900 57118 59411 59421 59424 63688 63723 63728 65560 65743 65757 65765 65766 65767
8824 3 3 10775 10776 10777 10778 10779 10780 10781 10782 10783 10784 10785 10786 10787 10788 10789
8825 3 3 3167 10699 10705 10706 10707 10708 10709 10710 10711 10712 10713 10714
8826 3 3 10717 10781 10811 12833 13022 13037 13043 17600 17603 17620 40544 40569 40571 40574 40577
8827 0 0 3171 6373 6379 10698 10706 10785 10799 10808 10819 10823 10824 10825 10826 68829
8828 0 0 3866 3867 3868 3869 3870 3871 68830
8829 0 0 3878 3889 3890 3891 3892 3893 3894 3895 3896 3897 68831
8830 0 0 15738 15748 17248 19853 19905 24776 27558 27867 27870 38473 38484 38486 38487 38488 38489 38490 38491 68832
8831 0 0 16602 19899 19907 24001 27852 27853 27854 27855 27856 27857 27858 27859 27860 27861 68833
8832 0 0 15742 15744 16601 19898 19905 19906 19907 19908 68834
8833 4 4 38477 38485 38491 38496 38501 44715 46245 49398 49416 49423 49424 49425 49426 49427 49428 49429
8834 4 4 40205 40238 40245 40486 41718 51162 51167 51168 51169 51170 51171
8835 4 4 29537 29776 29787 29795 40143 40165 40175 40224 40226 40235 40475 40476 40477 40478 40479 40480 40481
8836 0 0 144 154 319 329 331 332 333 334 335 336 337 338 339 340 341 68835
8837 0 0 150 264 268 269 270 271 272 273 274 68836 68837
8838 0 0 138 139 140 141 142 143 144 145 146 147 148 68838
8839 0 0 149 263 268 327 328 329 330 68839
8840 4 4 15577 22496 30566 30594 30609 30612 30635 31315 36845 36846 36847 36848 36849 36850 36851 36852 36853 36854 36855 36856 36857 36858 36859 36860
8841 4 4 14958 14994 15001 20763 22488 26450 26456 36947 36992 42475 42490 42491 42492 42493 42494 42495
8842 4 4 22493 36843 36856 42493 47905 48282 48320 48344 48349 48359 48365 48367 53030 53049 53056 53069 53081 53082
8843 4 4 15009 15567 22480 22489 26428 26445 26446 26447 26448 26449 26450 26451 26452
8844 0 0 991 1005 1103 1729 2088 2117 2211 2677 2679 68840 68841
8845 0 0 2078 2093 2102 2115 2674 2675 2676 68842 68843
8846 0 0 6445 8452 8461 14688 14772 21303 21477 21503 21507 21528 21537 21538 21539 21540 21541 68844
8847 3 3 8425 8454 8462 8464 8465 8466 8467 8468 8469
8848 4 4 22014 22024 22033 22035 22043 22052 22057 22058 22059 22060 22061 22062 22063 22064
8849 4 4 9054 14731 14741 14753 18565 18572 21572 21573 21574 21575 21576 21577 21578 21579
8850 3 3 18422 25305 25348 25373 25376 25383 25478 35404 35415 35416 35417 35418 35419 35420
8851 3 3 18111 18119 18123 25325 25354 25355 25356 25357 25358 25359 25360 25361 25362 25363 25364 25365 25366 25367
8852 3 3 11250 18115 18120 25350 25364 25368 25369 25370 25371
8853 3 3 25362 25387 35407 35416 46731 46751 53965 56854 61284 61297 62657 62660 62665 62666 62667 62668 62669 62670
8854 4 4 14562 14569 21340 21350 28396 28416 28422 28436 28442 28447 29717 29718 29719 29720 29721 29722 29723
8855 4 4 4665 14551 14558 21335 21344 28363 28369 28370 28371 28372 28373 28374 28375 28376 28377
8856 4 4 28057 38271 38699 48982 49514 49523 49537 49541 49631 49667 58356 58364 58468 58483 58486 58488 58489 58490 58491
8857 4 4 55577 55645 58469 58481 58487 58492 58493 58494 58495 58496 58497 58498 58499 58500 58501 58502
8858 3 3 15041 22071 29849 29867 29868 29869 29870 29871 29872 29873 29874 29875 29876 29877 29878 29879 29880 29881
8859 3 3 21370 29853 29890 29891 29899 29908 29913 29924 29925 29926 29927 29928 29929 29930 29931 29932
8860 3 3 47787 57675 57711 59399 59410 59422 59425 62713 62714 62715 62716 62717 62718 62719 62720 62721 62722 62723 62724
8861 3 3 47860 55074 55090 55096 57684 57701 57749 57752 57753 57754 57755 57756 57757 57758
8862 3 3 57744 57751 57758 59433 62713 62756 62776 62785 62801 62806 63501 63614 63618 63619 63620 63621 63622
8863 3 3 57674 57682 57689 57693 57697 57704 57706 57752 59417 62719 62729 62763 62772 62778 62779
8864 4 4 29451 29782 35116 40203 40220 40233 40252 40257 40476 40482 40483 40484 40485 40486 40487 40488 40489
8865 4 4 29449 29785 35119 35122 35123 35124 35125 35126
8866 0 0 9799 9807 9812 9820 9831 9835 9839 13262 13271 13292 13299 13307 13308 13309 13310 13311 13312 13313 13314 13315 68845
8867 0 0 5836 7819 7842 7853 7862 7872 7873 7874 7875 7876 68846
8868 4 4 11835 11845 11851 19039 19041 19057 19058 19059 19060 19061 19062 19063 19064 19065 19066 19067
8869 4 4 3987 7117 7138 7153 7154 7155 7156 7157 7158 7159 7160 7161 7162 7163
8870 3 3 35428 46569 46581 46764 56344 56354 62538 62579 62591 62610 62618 62619 62620 62621
8871 3 3 53958 53964 53973 61010 61027 62584 62600 62601 62602 62603 62604 62605 62606 62607 62608
8872 3 3 62584 62585 62586 62587 62588 62589 62590 62591 62592 62593 62594 62595 62596 62597 62598 62599
8873 3 3 25312 35421 35422 35423 35424 35425 35426 35427 35428 35429 35430 35431
8874 3 3 12112 12116 12117 12118 12119 12120 12121 12122 12123
8875 3 3 19100 19109 19112 19118 19126 26103 26124 26143 26144 26145 26146 26147 26148 26149 26150 26151 26152 26153 26154
8876 4 4 322 334 380 1237 2357 2384 2487 2502 2504 2505 2506 2507 2508 2509 2510 2511 2512 2513 2514 2515
8877 4 4 5676 5699 5701 5702 5703 5704
8878 0 0 42731 42745 42751 42759 53336 53354 53357 53367 53372 53373
8879 0 0 42682 42691 42709 42711 42712 42713 42714 42715 42716 42717 42718 42719 42720 42721 42722 42723
8880 0 0 21339 28374 29350 29355 29519 29749 29760 29761 29762 29763 29764 29765 29766 29767 68847
8881 0 0 21332 21333 21349 28371 28398 28412 28413 28414 28415 28416 28417 28418 68848
8882 4 4 22752 22759 23614 23692 31828 31836 31899 31903 31910 31911 31912 31913
8883 4 4 42619 53213 53218 53226 53238 53262 53273 53278 53281 53285 53286 53287 53288
8884 4 4 22636 31825 31834 31858 31915 31920 31945 31957 31969 31977 31997 33131 42955 53211 53215 53223 53224 53225 53226 53227 53228 53229 53230 53231
8885 4 4 31871 31882 31890 31901 31909 31913 31919 37164 53250 53256 53265 53284 53290 53293 53294 53295 53296
8886 0 0 18341 18357 18367 18368 18369 18370 18371 18372 18373 18374 18375
8887 0 0 6449 10853 10864 10890 10897 10920 18314 18330 18340 18348 18358 18359 18360 18361 18362 18363 18364 18365 18366 68849
8888 0 0 5164 5173 5219 5222 21844 21854 21855 21856 68850
8889 0 0 6610 8561 9467 9471 9472 9473 9474 9475 9476 68851
8890 0 0 1374 1645 5163 5174 5179 5188 5192 6612 6616 8557 9466 9476 12287 12298 15354 15369 15370 15371 15372 15373 68852
8891 0 0 5175 8559 9473 21833 21841 21847 21848 21849 21850 21851 21852 21853 68853
8892 3 3 1375 1648 6609 15356 15369 18020 18027 25220 25235 25236 25237 25238 25239 25240 25241
8893 0 0 2222 5199 5205 6453 11164 11284 11296 11311 15341 15374 18009 18017 18025 18029 18030 18031 18032 18033 18034 18035 18036 68854
8894 0 0 2263 5367 5380 9173 9174 9175 9176 9177 9178 9179 9180 9181 9182 9183 9184 68855
8895 0 0 2266 2736 2737 2738 2739 2740 2741 2742 68856
8896 0 0 6747 11856 11878 11880 11888 11889 11890 11891 11892 11893 68857
8897 0 0 6495 6750 7190 11388 11866 11884 18882 18919 25591 25739 25740 25741 25742 25743 25744 25745 68858
8898 0 0 1390 1467 1857 1865 4341 4348 4355 4361 4362 4363 4364 4365 4366 4367 4368 68859
8899 0 0 8020 8025 8030 8035 13744 13754 13765 13940 20474 20486 20510 20532 20533 20534 20535 20536 68860
8900 0 0 1858 1866 4364 8018 8022 8026 8033 8052 8064 20479 20507 20533 20538 20545 68861
8901 0 0 1464 1814 1819 3514 3523 4335 4349 4356 4365 7972 7973 7974 7975 7976 7977 7978 68862 68863
8902 3 3 34325 37665 40587 51245 52258 55747 55762 55775 55776 55777 55778 55779 55780 55781 55782
8903 3 3 45535 55748 55765 55768 55786 58054 58055 58056 58057 58058 58059 58060 58061 58062 58063 58064 58065 58066 58067 58068 58069
8904 4 4 22552 22554 22573 22579 24911 32083 32104 32125 32138 34849 34854 34855 34856 34857 34858 34859 34860 34861 34862
8905 4 4 22551 22603 31807 31814 31818 31819 31820 31821 31822
8906 3 3 11217 11225 11232 16881 16883 17633 24914 27165 35300 35318 37445 37453 37474 37480 37483 37484 37485 37486 37487 37488 37489 37490 37491
8907 0 0 11210 11224 11229 16880 17625 17637 17640 17641 17642 17643 17644 68864
8908 0 0 1626 1952 1970 4132 4140 4155 4156 4157 4158 4159 4160 4161 68865
8909 0 0 4126 6853 7264 11679 11698 11716 11719 11919 11938 11952 11953 11954 11955 11956 11957 11958 11959 11960
8910 0 0 7961 20405 20414 20424 28176 28182 28193 28209 28213 28214 28215
8911 0 0 13608 28174 28198 28203 28204 28205 28206 68866 68867
8912 0 0 8938 8968 31068 31076 42109 42110 42111 42112 42113 42114 68868
8913 0 0 52908 52909 52910 52911 52912 52913 52914 52915 52916
8914 2 2 15530 15557 15800 15837 15838 15839 15840 15841 15842 15843 15844 15845 15846 15847 15848 15849 15850
8915 2 2 16476 17749 22395 23706 23723 23724 23725 23726 23727 23728 23729 23730 23731 23732 23733
8916 0 0 27407 27408 27409 27410 27411 27412 27413 27414 27415 27416 27417
8917 0 0 10107 10133 10138 13081 13088 13120 13121 13122 13123 13124 13125 13126 13127 13128 13129 13130 68869
8918 3 3 50970 50978 50986 51014 51023 51025 52504 59706 59746 59759 59764 59772 59784 59785 59786 59787 59788 59789 59790
8919 3 3 50999 51006 51016 51082 52505 59804 59821 59822 59829 59830 59831 59832 59833 59834 59835
8920 4 4 12592 25045 25073 31123 35621 35687 35688 35689 35690 35691 35692 35693 35694 35695 35696 35697 35698
8921 4 4 25049 35266 35624 35653 35682 35705 35709 47008 47043 47051 47054 47055 47056 47057
8922 3 3 38903 40773 45671 45687 45703 45709 45715 45716 45717 45718 45719 45720 45721 45722 45723 45724
8923 3 3 40705 40706 40707 40708 40709 40710 40711 40712 40713 40714 40715 40716 40717 40718 40719 40720 40721 40722 40723 40724
8924 3 3 40710 40734 40782 45688 45705 45720 51293 51305 51306 51307 51308 51309 51310 51311
8925 3 3 40718 40752 40762 40791 40795 45680 45691 45692 45693 45694 45695 45696 45697 45698 45699 45700 45701
8926 4 4 26382 31370 31371 31372 31373 31374 31375 31376 31377 31378 31379 31380 31381 31382
8927 4 4 42336 42337 42338 42339 42340 42341 42342 42343 42344 42345 42346 42347 42348 42349 42350 42351
8928 4 4 1147 1151 1158 2273 2280 2347 2381 2398 2409 2421 2422 2423 2424 2425 2426
8929 4 4 331 2350 2356 2357 2358 2359 2360 2361 2362 2363 2364 2365 2366 2367
8930 0 0 336 377 2269 2279 2351 2358 2370 2397 2506 5291 5297 5306 5311 5314 5331 5334 68870
8931 0 0 2355 2367 2372 2382 2391 2395 2399 2403 2408 2415 2423 2436 2441 2448 68871
8932 3 3 29678 40215 40293 41721 51168 51172 51173 51174 51175 51176 51177 51178 51179 51180 51181
8933 3 3 29679 40440 40865 40869 40870 40871 40872 40873 40874 40875 40876 40877
8934 3 3 29441 29684 40286 40874 46644 51176 56487 56497 56660 64218 64221 64226 66071 66089 66093 66095 66100 66103 66104
8935 3 3 29683 40436 40867 40870 46632 46649 51180 51191 51192 51193 51194 51195 51196 51197
8936 0 0 39039 49462 49477 49932 49972 50013 55562 55568 55573 55586 55587 55588 55589 55590
8937 0 0 7957 7968 16289 16290 16291 16292 16293 68872
8938 0 0 7942 7955 7965 7966 7967 7968 7969 7970 7971 68873
8939 0 0 16293 39031 39046 39051 49475 49929 49989 50008 50014 68874
8940 3 3 2107 2119 4899 4965 4966 4967 4968 4969 4970 4971
8941 3 3 4917 4925 8761 8796 8800 15080 15183 15191 22123 22124 22125 22126 22127 22128 22129 22130 22131
8942 3 3 1006 1098 1732 2082 2096 2108 2676 2678 2679 4909 4910 4911 4912 4913 4914 4915 4916 4917
8943 3 3 2044 2113 2193 4891 4904 4918 4969 4973 4990 5044 5075 5439 8799 9308 15079 15180 15181 15182 15183 15184 15185 15186 15187
8944 0 0 3288 3289 3290 3291 3292 3293 3294 3295 3296 3297 3298 3299 68875
8945 4 4 4932 4937 8880 8890 8901 8909 8920 11733 11734 11735 11736 11737 11738
8946 0 0 3294 3376 4928 8859 8875 8877 8883 8884 8885 8886 8887 8888 8889 8890 8891 68876
8947 4 4 1831 3288 3304 3311 3328 3363 3370 3379 3481 3482 3483 3484 3485 3486 3487 3488 3489
8948 0 0 13635 13652 13662 13663 13664 13665 13666 13667 68877
8949 0 0 13654 13675 13676 13677 13678 13679 68878
8950 0 0 28279 28299 28309 38586 39097 41450 49758 49788 49798 49800 49801 49802 49803 49804 49805
8951 0 0 28282 28291 28304 28310 28311 28312 28313 28314 28315 28316 28317 68879
8952 0 0 28271 28277 28289 28290 28291 28292 28293 28294 28295 28296 28297 28298 28299 28300 28301 28302 68880
8953 0 0 28118 28238 28285 28303 28314 38880 38881 38882 38883 38884 38885 38886 38887 38888 38889 68881
8954 4 4 30172 40972 41016 41017 41018 41019 41020 41021 41022 41023 41024 41025
8955 4 4 30162 30175 51128 51703 51722 51747 51749 51758 52452 52474 52481 52482 52483 52484 52485 52486
8956 2 2 27444 31189 31200 34463 37411 37419 48658 48678 48687 48688 48689 48690 48691 48692
8957 2 2 10114 10128 15461 15469 22357 24525 27142 27438 34430 34444 34462 37415 37607 48671 48681 48709 48722 48725 48730
8958 0 0 1410 1411 1412 1413 1414 1415 1416 1417 1418 1419 1420 1421 68882
8959 0 0 570 6794 11078 17837 17838 17839 17840 17841 17842 17843 17844 17845
8960 0 0 109 542 564 597 598 599 600 601 602 603 604 605 606 607 68883
8961 0 0 128 561 638 1416 1429 1434 1439 1445 3231 6773 6790 11408 17833 17838 17846 17847 17848 17849 17850 17851
8962 2 2 34959 35916 35926 35931 35935 35936 35937 35938 35939 35940 35941
8963 2 2 24852 31559 35901 42864 60784 60817 60829 60832 60838 60845
8964 2 2 24854 24856 32219 34955 35936 42825 46444 46451 46459 46469 46470 46473 46477 60779 60815 60828 60834 60837
8965 2 2 31543 31548 34943 35893 35896 35911 35914 35927 35940 46032 46055 53110 60781 60824 60831 60836 60838 60839 60840
8966 4 4 50670 55172 55208 55209 55210 55211 55212 55213 55214 55215 55216 55217 55218 55219
8967 4 4 45076 45087 45098 50664 55240 55345 55357 55371 55390 61749 61765 61772 61785 61800 61807 61808 61809
8968 4 4 55174 55217 55239 55351 55364 55379 55391 59462 59665 60191 61742 61755 61762 61763 61764 61765 61766 61767 61768 61769 61770
8969 4 4 45088 45120 50595 50609 50616 50623 50635 50662 50663 50664 50665 50666 50667 50668 50669 50670 50671 50672
8970 4 4 25467 26658 32790 52398 52410 52442 52729 52752 52756 52758 52759 52760
8971 4 4 41584 41598 52369 52386 52409 52424 52432 52439 52465 52749 52812 52822 60376 60398 60402 60404 60407 60408 60409
8972 4 4 52723 52724 52725 52726 52727 52728 52729 52730 52731 52732 52733 52734 52735 52736 52737 52738
8973 4 4 41596 52365 52401 52405 52406 52407 52408 52409 52410 52411 52412 52413
8974 0 0 10123 15460 15465 15466 15467 15468 15469 15470 15471 68884
8975 0 0 10099 10113 10114 10115 10116 10117 10118 10119 10120 68885
8976 3 3 13395 13419 16626 16634 16638 20019 20026 20034 20050 20078 20082 20087 20088 20089 20090
8977 3 3 4851 4863 4874 4878 13333 13381 13399 13405 13406 13407 13408 13409 13410 13411 13412 13413 13414 13415
8978 3 3 7773 7782 8752 13383 13403 13413 13417 13438 13451 13457 13460 13465 16635 20015 20035 20087 22179 22191 22198 22211 23857 23858 23859 23860 23861 23862 23863 23864
8979 3 3 2773 4873 4879 5821 8135 13408 13422 13865 16625 20008 20023 20026 20027 20028 20029 20030 20031 20032 20033
8980 3 3 44259 44267 44274 44282 44284 44458 44475 47804 47807 47811 47812 47813 47814 47815 47816
8981 3 3 23794 44242 44262 44341 44436 44452 44473 47788 47789 47790 47791 47792 47793
8982 0 0 8655 8666 8681 13392 13433 13448 13458 13459 13460 68886
8983 0 0 8673 8688 13390 13439 13445 13452 68887
8984 0 0 2803 3146 3401 6336 10270 10414 10427 17565 24552 24573 24588 24594 32188 42121 42123 42133 42135 42136 42137 68888
8985 0 0 2800 3396 6343 6665 6674 10236 10237 10238 10239 10240 10241 10242 10243 68889
8986 4 4 22104 24892 31550 34944 35910 46020 46026 46027 46028 46029 46030 46031 46032 46033 46034 46035 46036 46037 46038
8987 4 4 22103 24862 24898 31557 34927 34948 34952 34953 34954 34955 34956 34957 34958 34959 34960
8988 0 0 384 1176 1219 2450 5316 5329 5738 5757 9229 9230 9231 9232 9233 9234 9235 9236 9237 9238 68890
8989 0 0 28 365 366 367 368 369 370 371 372 373 374 68891
8990 3 3 29443 46643 56479 56480 56481 56482 56483 56484 56485 56486 56487 56488 56489 56490 56491 56492
8991 3 3 62307 62314 62319 62325 64209 64227 64230 65175 65197 65209 65220 65221 65222 65223 65224 65225 65226 65227 65228
8992 3 3 56491 56549 59912 59915 62295 62375 62399 64215 65173 65195 65205 65206 65207 65208 65209 65210 65211
8993 3 3 29439 29440 29441 29442 29443 29444 29445 29446
8994 4 4 50702 55366 55370 61782 61808 61812 63938 63941 63985 64019 64027 64038 64039 64040 64041
8995 4 4 55349 55373 55377 55378 55379 55380 55381 55382 55383 55384 55385 55386 55387
8996 4 4 55350 55368 55384 61744 61766 61779 61780 61781 61782 61783 61784 61785 61786 61787 61788
8997 4 4 39782 40069 43393 45005 55348 55363 55374 55387 59504 63986 63993 64020 64037 64041 64042 64043
8998 0 0 318 319 320 321 322 323 324 325 326 68892
8999 0 0 147 157 328 339 344 1885 1893 1894 1895 1896 1897 68893
9000 0 0 976 1015 1016 1017 1018 1019 1020 1021 1022 1023 1024 1025 1026 68894
9001 0 0 1697 1726 1734 1741 2038 2067 2161 2162 2163 2164 2165 2166 2167
9002 3 3 1563 3547 3548 3549 3550 3551 3552 3553 3554 3555 3556 3557 3558 3559 3560
9003 3 3 3949 3958 3965 3974 3983 7048 7277 7278 7279 7280 7281 7282 7283 7284 7285 7286 7287 7288
9004 3 3 3569 3948 3951 3959 3960 3961 3962 3963 3964 3965
9005 3 3 3874 3887 3894 3946 3952 3973 7280 7293 7297 7298 7299 7300 7301 7302 7303 7304 7305 7306 7307
9006 0 0 3648 7002 7015 7029 7033 7034 7035 7036 7037
9007 0 0 1506 3750 3759 3773 3785 7053 7063 7080 7083 7091 7095 7102
9008 0 0 7068 7074 7082 7087 7094 7101 7102 11789 11797 11798 11799 11800 11801 11802 11803 11804 11805
9009 0 0 1491 1505 1515 3746 3761 3769 7005 7025 7032 7036 7043 7047 7051 7052 7053 7054 7055 7056 68895
9010 3 3 41163 41477 52262 52263 52264 52265 52266 52267 52268
9011 3 3 30246 30251 30255 30262 30268 30276 33835 41167 41223 41472 45132 50685 50694 52057 52074 52081 52100 52101 52102 52103 52104 52105 52106
9012 3 3 35604 46991 47009 47014 47035 47044 47065 47083 47084 47085 47086 47087 47088 47089
9013 3 3 31111 31114 35713 46996 47012 47019 47022 47023 47024 47025 47026 47027 47028
9014 0 0 1630 1951 1963 3432 4157 5464 5475 5505 5512 6846 6847 6848 6849 6850 6851 6852 6853 6854 6855 68896
9015 0 0 3435 5452 5455 5456 5457 5458 5459 5460 5461 5462
9016 0 0 1920 8249 16261 16483 16495 16500 16505 16510 16511 68897
9017 0 0 8256 8259 14239 14248 14264 16257 16486 16487 16512 16518 16519 16520 68898
9018 4 4 27130 45590 45611 45615 45625 45640 45641 45642 45643 45644
9019 4 4 27222 28465 34152 38805 40615 45542 45568 45576 45580 45595 45603 45604 45605 45606 45607
9020 4 4 25150 27124 27250 34439 34481 34490 34495 37427 40686 45548 45556 45563 45567 45586 45594 45601 45608 45619 45624 45625 45626 45627
9021 4 4 19655 34145 37721 40601 40614 40646 40653 45588 45607 45617 45628 45634 45635 45636 45637
9022 3 3 41282 41291 41299 41332 50899 51920 51952 51958 51959 51960 51961 51962 51963 51964 51965 51966
9023 3 3 14885 20833 21775 21808 30320 30343 38956 41283 41304 41316 41317 41318 41319 41320 41321 41322 41323 41324
9024 3 3 21822 41278 41323 41335 41340 41343 50854 50868 50888 50899 50900 50901 50902 50903 50904 50905 50906 50907
9025 3 3 21783 21797 30329 41288 41294 41301 41302 41303 41304 41305 41306
9026 0 0 4384 8008 9777 13760 13772 13773 13774 13775 13776 13777 13778 13779 13780
9027 0 0 2468 4391 4397 7979 13747 13785 13789 13791 13792 13793 13794 68899
9028 0 0 40913 41758 43412 43453 51534 51538 51542 51845 51846 51847 51848 51849 51850 51851 51852 51853 51854 68900
9029 0 0 29699 29712 30743 30746 30757 40917 41205 41210 41842 43431 43434 43458 43483 43490 43491 43492 43493 68901
9030 3 3 29711 30762 40918 41212 41834 43356 43491 51531 51540 51848 51860 52541 52549 59939 59947 59948 59949 59950 59951
9031 0 0 29702 32914 32918 40849 40908 41206 43415 43422 43438 43452 43453 43454 43455 43456 43457 43458 43459 43460 43461 68902
9032 0 0 2710 2722 3120 5586 5594 5601 5609 9537 9548 11374 25524 25530 31026 31036 31039 31047 31058 31059 31060 31061 68903
9033 3 3 5563 9508 9520 9526 9539 9551 9565 9572 9576 9577 9578 9579
9034 0 0 2712 5602 5607 5608 5609 5610 5611 5612 5613 5614 68904
9035 3 3 5558 5584 9516 9538 9548 9549 9550 9551 9552 9553 9554 9555 9556
9036 0 0 0 1 2 3 4 68905 68906
9037 0 0 255 937 941 7596 7637 7644 12847 12859 12862 12863 12864 12865 68907
9038 0 0 5158 5159 5160 5161 5162 5163 5164 5165 5166 5167
9039 0 0 5168 8560 21834 21845 21847 21854 30354 30366 30372 30373 68908
9040 4 4 9533 16332 16342 22270 23202 23235 23239 23240 23241 23242
9041 4 4 5554 9574 9586 11354 16376 17458 17479 23197 23206 23215 23216 23217 23218 23219 23220
9042 4 4 19213 19221 21930 23018 26326 26333 26334 26335 26336 26337 26338 26339
9043 4 4 19197 19217 26341 26348 26349 26350 26351 26352 26353 26354 26355
9044 4 4 23143 23152 23169 23173 24858 24882 24883 24884 24885 24886 24887 24888 24889 24890
9045 4 4 23153 23154 23155 23156 23157 23158 23159 23160 23161 23162 23163
9046 3 3 35871 35879 35884 36201 47424 47456 47461 57085 57114 57158 57193 57201 57202 57205 57207 57208
9047 3 3 57071 57079 57084 57089 57095 57099 57102 57115 57156 57178 57189 57195 57203 57206
9048 0 0 20870 20886 20894 20895 20896 20897 20898 20899 20900 20901 68909
9049 0 0 20869 20885 20888 20889 20890 20891 20892 20893 68910
9050 3 3 9793 9836 9853 9859 9917 9971 13304 13307 13328 16616 16697 28945 28964 28965 28966 28967 28968 28969 28970 28971
9051 3 3 9865 9982 13301 23929 27765 27772 27794 28989 28996 28998 28999 29000 29001 29002 29003
9052 4 4 33228 39431 39432 39433 39434 39435 39436 39437 39438 39439 39440 39441 39442 39443 39444 39445 39446
9053 4 4 39450 50234 50239 54583 59086 59102 59344 59355 59371 60860 60873 60891 60902 60912 60913 60914 60915 60916
9054 3 3 4685 11084 12697 12902 12904 12905 12906 12907 12908 12909 12910 12911 12912 12913 12914 12915 12916
9055 0 0 4671 7529 7543 7553 7604 7619 12685 12987 13003 13628 13633 19594 19600 19601 19602 19603 19604 19605 68911
9056 3 3 1670 4669 4682 7555 12689 12897 12898 12899 12900 12901 12902 12903
9057 3 3 11091 12683 12908 13002 13017 13698 19593 19602 27032 27041 27047 27050 27051 27052
9058 2 2 19879 19892 19896 27516 27602 27747 37981 38040 38061 38079 38091 38191 38203 38220 38221 38222
9059 0 0 10077 13111 16952 19749 19750 19751 19752 19753 19754 19755 19756 19757 19758 19759 19760 19761 19762 19763 19764 68912
9060 4 4 50289 50325 50333 63061 63072 63076 63081 63087 65406 65422 65426 65427 65428
9061 4 4 63052 63058 63066 63068 63330 63441 65417 65431 65443 65457 65459 65460
9062 4 4 18652 25563 25710 25725 25726 25727 25728 25729 25730
9063 4 4 25547 25561 25569 35637 35786 35793 35800 35803 35804 35805
9064 3 3 40119 40129 48422 48423 48424 48425 48426 48427 48428 48429 48430 48431 48432
9065 0 0 29552 29771 40114 40133 40135 40136 40137 40138 40139 40140 40141 40142 68913
9066 3 3 21112 29305 39825 39845 39848 39915 39916 39917 39918 39919 39920 39921 39922 39923 39924 39925 39926
9067 3 3 39842 39849 39888 39911 39928 49955 55598 55692 58855 58902 58910 58923 60136 60161 60163 60164 60165 60166 60167 60168
9068 3 3 39926 39932 60167 61845 61854 61863 61874 61878 61879 61880
9069 3 3 39824 39832 39846 39847 39848 39849 39850 39851 39852 39853 39854
9070 3 3 15108 15204 25871 25917 25926 25933 30879 30899 30913 30914 30927 30928 30929 30930 30931 30932
9071 3 3 30900 31461 31492 31494 31653 31670 31685 31688 31698 31710 31715 35942 42093 46076 46084 46090 46091 46092 46093 46094 46095
9072 3 3 15203 25925 25930 25946 30897 30930 31485 31488 31629 31656 31711 32233 32251 33503 33514 35942 35943 35944 35945 35946 35947 35948
9073 3 3 30873 30889 30909 30916 31498 31654 31666 31686 31688 31689 31690 31691
9074 3 3 50550 59213 59214 59215 59216 59217 59218 59219 59220 59221 59222 59223 59224 59225 59226 59227 59228 59229 59230 59231 59232
9075 3 3 62845 62846 62847 62848 62849 62850 62851 62852 62853 62854 62855 62856 62857 62858
9076 0 0 6958 7310 12073 19176 19180 19187 19188 19189
9077 0 0 3546 4066 4080 4108 4122 6963 6968 6969 6970 6971 6972 6973 6974
9078 0 0 1058 1927 1928 1929 1930 1931 1932 68914
9079 0 0 1056 1929 3160 3239 4659 6365 14548 14696 14701 21543 21566 21623 24978 28379 28391 28392 28393 28394 28395 68915
9080 0 0 21325 29984 29985 29986 29987 29988 29989 29990 29991 29992 29993 29994 29995 29996 29997 29998 29999 68916
9081 3 3 29861 29929 29933 29934 29935 29936 29937 29938 29939 29940 29941 29942 29943 29944
9082 3 3 43143 53703 53719 53741 53812 53839 53846 53851 53852 53853 53854
9083 3 3 53700 53723 53728 53735 53844 56824 57773 61912 61974 63007 64830 64867 64868 64869 64870 64871 64872 64873
9084 4 4 30337 30350 40044 41269 52041 52167 60057 60060 60070 60091 60092 60094
9085 4 4 21811 30345 41316 52155 52156 52157 52158 52159 52160 52161 52162
9086 0 0 5617 5664 9281 9282 9283 68917
9087 0 0 5621 5652 5669 9719 9720 9721 9722 9723 9724 9725 9726 9727
9088 0 0 5622 9269 9282 9723 9729 9765 15975 15990 15992 16018 16389 22656 22659 23621 42878 42883 42884 42885 42886 68918
9089 0 0 5616 5653 5664 5665 5666 5667 5668 5669 5670 5671 68919
9090 0 0 2531 2539 7434 7458 7467 7468 7469 68920
9091 0 0 5526 5531 7439 7475 7478 7500 7511 12376 12446 19543 19573 26729 26737 26746 26751 26752 26753 26754 26755
9092 0 0 7438 7448 7468 7476 12374 12383 12385 19542 19543 19544 19545 19546 19547 19548 19549 68921
9093 0 0 2530 2536 2538 2539 2540 2541 2542 2543 2544 2545 68922
9094 0 0 1873 4404 4416 4436 4445 4456 8014 13928 68923
9095 0 0 4454 4457 13716 13717 13718 13719 13720 13721 68924
9096 0 0 4399 4400 4401 4402 4403 4404 4405 4406 4407 4408 4409 4410 68925
9097 0 0 4422 4453 4455 8013 13719 13722 13766 13928 13934 13935 13936 13937 13938 13939 13940 68926
9098 3 3 61074 65911 65927 65928 65929 65930 65931 65932 65933
9099 3 3 41138 41160 51041 51206 51217 54067 56598 56634 56656 56674 56676 56691 59498 59535 59537 59549 59842 60015 61062 61085 64183 64192 64193 64194 64195 64196
9100 3 3 56679 59524 59538 59550 60017 64075 64178 64190 64193 64198 65925 65931 65955 65973 65975 65976 66005 66021 66025 66026 66027 66028 66029 66030
9101 3 3 41146 41158 52135 54073 61038 61059 61079 61081 61082 61083 61084 61085 61086 61087 61088 61089 61090 61091 61092
9102 3 3 60684 64663 64676 64684 64692 64698 64709 64720 64731 64743 64746 64747
9103 3 3 25599 35991 35994 47141 47146 47154 47165 47186 47193 47200 47201 47202 47203 47204 47205 47206 47207
9104 3 3 35988 42574 47158 47197 47207 47219 47279 47571 47660 56894 56904 57489 57494 60635 60639 64665 64688 64690 64694 64695 64696 64697 64698 64699 64700 64701
9105 3 3 18880 18889 47136 47173 47204 47209 56921 60682 60683 60684 60685 60686 60687 60688
9106 3 3 40468 44050 55325 56571 56576 59660 61983 66375 66379 66387 66408 66436 66440 66448 66449 66450 66451 66452 66453
9107 3 3 56580 61991 63005 65342 65363 65380 65388 65404 66386 66416 66430 66461 66467 66469 66471 66472
9108 0 0 1968 5474 5488 6843 8593 9215 9227 12044 12060 15019 15022 15035 28898 31337 31340 42279 42307 42317 42321 42323
9109 0 0 15021 15029 15037 15590 15672 19290 26436 26437 26438 26439 26440 26441 26442 26443 26444
9110 0 0 1940 1955 1967 5472 5513 6842 8593 8594 8595 8596 8597 8598 8599 8600 8601 8602 8603 8604 68927
9111 0 0 5487 15026 15036 26469 28758 42276 42310 42314 42316 42320 42322 42323 42324
9112 4 4 33603 33609 33610 33611 33612 33613 33614 33615 33616
9113 4 4 33606 34687 44662 44706 49174 55128 56303 58609 58627 58629 58636 58637 58638 58639
9114 4 4 26659 52364 52399 52407 52441 52727 52748 52753 52756 52757
9115 4 4 26664 41957 41970 41971 41972 41973 41974 41975 41976 41977 41978
9116 3 3 16559 22135 30947 30963 30969 30973 44490 44512 44515 44526 44529
9117 3 3 16097 16105 16112 16539 16560 17181 24606 24624 30942 30956 30961 32261 32275 32427 32428 32429 32430 32431 32432 32433 32434 32435 32436 32437
9118 3 3 15153 16100 16106 16539 16540 16541 16542 16543 16544 16545 16546 16547
9119 3 3 17183 24610 24625 30938 30952 30953 30954 30955 30956 30957 30958 30959
9120 0 0 22371 22644 22812 23605 23615 24636 31896 32053 32054 32055 32056 32057 32058 32059 32060 32061 32062 32063 32064 32065 32066 32067
9121 0 0 22375 23743 42768 42770 42822 42836 53410 53416 53417 53418 53419 53420 53421
9122 4 4 50513 50514 50515 50516 50517 50518 50519 50520 50521 50522 50523 50524 50525
9123 4 4 23795 33260 44241 44261 44338 44346 44352 44435 44436 44437 44438 44439 44440 44441
9124 4 4 33304 44343 44439 47791 50351 50360 50370 50524 50530 50541 50563 50570 50571 50572 50573 50574
9125 4 4 23796 33256 36819 44238 44241 44242 44243 44244 44245 44246 44247 44248 44249 44250
9126 3 3 15187 15193 15200 16089 22128 22142 22175 22901 22948 22959 30936 30948 30974 30976 33354 33363 33373 34635 44480 44494 44500 44501 44502 44503
9127 3 3 24617 24626 30957 33349 34630 34644 44485 44497 44504 44517 44518 44519 44520
9128 3 3 30944 30951 30959 30966 30970 30975 30977 44487 44501 44505 44513 44520 44525 44526
9129 3 3 22898 22939 23883 23897 33349 33350 33351 33352 33353 33354 33355 33356 33357 33358 33359 33360 33361
9130 0 0 17348 17367 17387 17405 17409 17414 17424 17425 17426 17427 68928
9131 0 0 10505 10513 17363 17400 17406 17411 17416 17417 17418 17419 17420 17421 68929
9132 0 0 10574 17365 17408 17409 17410 17411 17412 68930
9133 0 0 10514 17346 17362 17403 17404 17413 17421 17427 18609 19804 19818 19824 19825 19826 19827 19828 19829 19830
9134 3 3 43567 45010 45022 45023 45024 45025 45026 45027 45028 45029 45030
9135 3 3 45009 45034 45057 45068 45083 45093 48124 55242 55355 55362 55388 55389 55390 55391 55392 55393 55394
9136 3 3 14008 14073 15268 20619 28670 28671 28672 28673 28674 28675 28676 28677 28678 28679
9137 3 3 5830 8181 13993 14019 14020 14021 14022 14023 14024 14025 14026
9138 3 3 5825 5832 8131 8170 8179 14021 14063 14069 28484 28493 28500 28674 28681 28692 28697 28698 28699 28700 28701
9139 3 3 13981 13999 14009 20600 20612 20616 20617 20618 20619 20620
9140 3 3 25291 25304 32709 35322 35323 35324 35325 35326 35327 35328 35329 35330 35331 35332 35333 35334 35335
9141 3 3 25287 25297 27007 32568 32711 36516 36530 44955 44970 44976 47933 53607 53634 53647 53661 53675 53676 53677 53678 53679 53680
9142 3 3 23753 25290 33221 35331 35346 36515 44962 44973 44974 44975 44976 44977 44978 44979 44980
9143 3 3 19200 23011 25292 25299 32566 32592 32602 32690 32700 32701 32702 32703 32704 32705 32706 32707 32708 32709 32710 32711 32712
9144 3 3 24984 29453 35115 35124 40249 40256 40427 40428 40429 40430 40431 40432
9145 3 3 29440 56484 56496 62313 62316 64217 64224 64225 64226 64227 64228
9146 3 3 29445 29454 35117 35125 40488 56490 56494 62281 62290 62312 62315 62316 62317 62318 62319
9147 3 3 40255 40274 40289 40418 40428 41000 56385 56397 62302 62308 62320 62321 62322 62323 62324 62325
9148 3 3 25953 32229 32241 32242 32245 32246 32247
9149 3 3 18982 19995 22918 22953 25905 25922 25938 25939 25940 25941 25942 25943 25944
9150 3 3 9348 16062 16068 18981 19996 22891 22919 22946 25923 25936 25939 30892 32227 32233 32234 32235 32236 32237 32238 32239 32240 32241
9151 3 3 22907 22955 25906 25916 25932 25944 25945 25946 25947 25948 25949 25950 25951 25952 25953
9152 3 3 14577 14661 21355 21358 21364 21427 29924 29957 29959 30105 30121 30144 30151 30156 30157 30158
9153 3 3 4695 9027 9042 14575 14671 21367 22017 29855 29884 29891 29892 29893 29894 29895
9154 4 4 52491 52777 52778 52779 52780 52781 52782 52783
9155 4 4 42022 52368 52385 52723 52741 52754 52811 52821 60374 60385 60400 60403 60404 60405
9156 4 4 24976 30164 51137 51159 52486 52746 52804 60372 60381 60387 60393 60394 60395 60396 60397 60398 60399 60400
9157 4 4 41544 41553 41614 41637 52387 52430 52438 52469 52790 52813 52818 52821 52822 52823 52824 52825
9158 4 4 24024 29248 39797 39818 39836 39857 39869 39870 39871 39872 39873 39874 39875 39876 39877
9159 4 4 39796 39810 39907 44733 44747 44759 44786 44791 44821 48800 49367 55157 60138 60142 60143 60144 60145 60146 60147
9160 0 0 19645 28337 29817 29822 29835 29842 29843 29844 29845 29846 29847 68931
9161 4 4 28144 29812 29829 29840 37727 37738 37767 37769 37793 37794 37795 37796 37797 37798
9162 0 0 4333 13632 19630 19639 29814 29827 29828 29829 29830 29831 29832 29833 29834 29835 29836 68932
9163 0 0 29810 29826 37726 37765 37769 37770 37771 37772 37773 37774 37775 37776 68933
9164 3 3 10735 14545 17680 17686 17693 17694 17695 17696 17697 17698 17699 17700 17701
9165 3 3 25408 25424 29566 29578 29586 29588 29589 29590 29591 29592 29593 29594 29595 29596 29597 29598 29599 29600 29601 29602
9166 3 3 10704 10714 10723 10725 13034 17612 17664 17681 17696 18260 27233 27260 29563 29582 29588 29603 29620 29621 29622 29623 29624
9167 3 3 17692 17720 18253 25415 25419 28361 28389 29567 29570 29571 29572 29573 29574 29575 29576 29577 29578 29579 29580 29581
9168 3 3 20853 38933 38979 39839 39861 39885 39894 39895 39896 39897 39898 39899 39900 39901
9169 3 3 39798 39877 39879 39902 44728 44732 44733 44734 44735 44736 44737 44738 44739 44740 44741
9170 3 3 39841 39899 39904 39912 41398 41460 44740 50848 58854 58903 58915 58920 60133 60134 60135 60136 60137 60138 60139 60140 60141
9171 3 3 20849 24026 29111 29124 29154 29247 39816 39837 39859 39868 39869 39878 39879 39880 39881 39882 39883 39884 39885 39886 39887
9172 4 4 4188 11827 11844 19046 19065 19068 19069 19070 19071 19072 19073 19074 19075
9173 0 0 3611 3618 4180 7122 7130 7149 7409 12346 12503 12539 12540 12541 12542 12543 12544 12545 12546 12547 68934
9174 0 0 8613 14598 21371 21372 21373 21374 21375 21376 21377 21378 21379 21380 68935 68936
9175 0 0 8611 21869 21895 29369 29383 29384 29385 29386 29387 29388 68937
9176 0 0 8612 21376 29367 29368 29369 29370 29371 29372 68938
9177 0 0 8616 21373 21861 21863 21864 21865 21866 21867 21868 21869 21870 21871 21872 21873 68939 68940
9178 4 4 26384 26981 27021 27029 31362 31378 36906 42357 42372 42399 42407 43121 43132 57926 57958 57975 57976 57977 57978 57979
9179 4 4 26387 27031 31363 31372 36886 36887 36888 36889 36890 36891 36892 36893
9180 0 0 17251 17394 17424 19833 19837 19851 19852 19853 19854 19855 19856 19857 19858 19859 19860 19861 68941
9181 3 3 17355 17376 17396 19809 19840 19862 27873 34987 46253 46259 46266 46273 46274 46275 46276 46277 46278
9182 3 3 48421 48432 48438 51202 51211 56688 58008 58009 58010 58011 58012 58013 58014 58015 58016 58017 58018
9183 3 3 51166 51171 51181 51190 51197 51200 51210 51220 56499 56601 56629 56661 56668 56669 56670 56671 56672 56673 56674 56675
9184 3 3 58018 58027 58032 58037 58046 58050 58053 60009 60019 60024 60040 60043 60044 60045 60046
9185 3 3 21281 29561 41100 41136 41152 48417 48434 51040 51189 51201 51202 51203 51204 51205 51206 51207 51208 51209 51210
9186 0 0 19214 21946 26342 26349 26970 26981 26982 26983 26984 26985 26986 26987 26988 26989 26990
9187 0 0 26353 26390 27017 32561 43119 43120 43121 43122 43123 43124 43125 43126 43127 43128
9188 4 4 2846 3149 6127 6152 6335 10148 10157 10158 10159 10160 10161 10162
9189 4 4 10182 10183 10184 10185 10186 10187 10188 10189 10190
9190 0 0 55185 55206 55234 59192 59198 59208 61833 63535 63541 63542 63543 63544 63545 63546
9191 0 0 47995 50335 50336 50337 50338 50339 50340 50341 50342 50343 50344 50345 50346
9192 0 0 21164 21165 21166 21167 21168 21169 21170 21171 21172 21173 21174 21175 21176 68942
9193 3 3 26482 26491 26495 36737 36922 36939 36956 36957 36958 36959 36960 36961
9194 3 3 20711 20723 20761 21166 21181 21184 21190 21196 28742 36928 36946 36964 36979 36983 36988 36989 36990
9195 0 0 20738 20754 21175 21200 21210 21218 21219 21220 21221 21222 21223 68943
9196 0 0 5221 5225 5229 9007 9009 9022 9039 15044 15351 21842 21855 22028 22055 22065 29903 30355 30372 30374 30375 30376 30377 68944
9197 0 0 286 2215 4706 9018 14580 14586 14592 14593 14594 14595 14596 14597 68945
9198 4 4 50961 50962 50963 50964 50965 50966 50967 50968 50969 50970
9199 4 4 21868 29385 30037 30052 30059 30065 30476 30486 30493 50956 59692 59709 59715 59716 59717 59718 59719
9200 4 4 59691 59692 59693 59694 59695 59696 59697 59698 59699 59700 59701 59702 59703 59704 59705 59706 59707
9201 4 4 30068 30488 40352 40362 50952 50953 50954 50955 50956 50957 50958 50959 50960
9202 3 3 22036 22053 22061 25253 25268 25278 25279 25280 25281 25282 25283 25284 25285 25286
9203 3 3 41586 41592 52372 52406 52423 52424 52425 52426 52427 52428 52429
9204 3 3 22062 25255 25275 25278 25472 32791 41593 52413 52444 52445 52731 52750 52758 52761 52762
9205 3 3 21836 25267 25284 30783 30817 30820 41571 41583 41584 41585 41586 41587 41588 41589 41590
9206 3 3 37894 46858 48037 54274 58542 60457 60461 60484 60501 60505 60515 61131 61170 61332 61352 61380 61382 61383 61384 61385 61386
9207 3 3 54126 54277 54288 60536 60988 61224 61327 61353 61360 61361 61362 61363 61364 61365 61366 61367 61368
9208 3 3 24988 24991 29401 40262 40420 40427 51101 56378 56379 56380 56381 56382 56383 56384 56385 56386 56387
9209 3 3 51110 56399 56417 56436 56467 62299 62300 62301 62302 62303 62304 62305 62306 62307
9210 3 3 60545 60551 60557 60564 61137 61156 61165 61178 61183 64603 64638 64649 64656
9211 3 3 31727 31735 31762 31772 32015 42536 42997 43010 52953 52954 52955 52956 52957 52958 52959 52960 52961 52962 52963 52964 52965
9212 3 3 32026 42998 43004 52962 53305 53309 60540 60546 60547 60548 60549 60550 60551
9213 3 3 23764 31729 31764 31779 42537 42650 46166 46171 46197 52961 52972 53201 53520 54673 60418 60431 60542 61158 61164 61175 61180 61181 61182 61183 61184
9214 4 4 14143 14165 14175 14212 20736 20781 20782 20783 20784 20785 20786
9215 4 4 8299 14111 14117 14130 14138 14145 14146 14147 14148 14149 14150 14151
9216 4 4 8154 8300 14112 14139 14149 14159 14170 14190 14193 14214 20777 20783 20964 20985 42476 42481 42496 42505 42506 42507
9217 4 4 14115 14120 14140 14145 14152 14180 14215 14489 20731 20732 20733 20734 20735 20736 20737
9218 3 3 19794 19798 27615 38037 38066 38071 38081 38134 44655 44663 44670 44671 44672 44673 44674 44675 44676
9219 3 3 19765 19766 19767 19768 19769 19770 19771 19772 19773 19774 19775 19776
9220 3 3 33110 33111 33112 33113 33114 33115 33116 33117 33118 33119 33120 33121 33122 33123
9221 3 3 9771 15973 15989 15993 16004 16458 22651 23620 23621 23622 23623 23624 23625 23626 23627 23628 23629 23630
9222 3 3 15941 15952 15994 16003 16024 22854 22878 23623 24629 24646 24653 31941 33122 33149 33152 33155 33161 33164 42732 42893 42901 42902 42903 42904 42905 42906
9223 3 3 23609 23619 23630 23636 31838 31925 31996 33110 33124 33125 33126 33127 33128
9224 0 0 3275 3282 4174 4175 4176 4177 4178 68946
9225 0 0 3283 9637 11145 18239 19382 19417 19424 19442 19447 19448 19449 19450 68947
9226 0 0 3258 3272 3276 3284 9634 9635 9636 9637 68948
9227 0 0 3285 4178 11138 11143 18000 19379 19414 19419 19425 19442 19443 19444 68949
9228 0 0 5627 5634 5635 5636 5637 5638 68950
9229 0 0 5629 6277 10400 17005 22852 22859 22868 22869 22870 22871 22872 22873 22874 22875 22876 22877 68951
9230 3 3 30519 41156 41746 50837 50980 51900 52130 52493 52507 52521 52528 54077 59757 59854 59872 61048 61058 61091 61093 61098 61111 61114 61117 61118
9231 3 3 43351 51791 51830 51886 52520 52529 52538 52547 52560 59966 61041 61072 61095 61097 61104 61105 61106 61107 61108 61109
9232 3 3 41161 41385 50819 50840 51899 51912 52132 52524 52526 61040 61080 61089 61096 61097 61098 61099 61100 61101 61102 61103
9233 3 3 52506 52516 52525 52531 52535 52542 52550 52561 61042 61066 61094 61104 61110 61111
9234 0 0 5263 5274 5280 6087 6512 9130 9140 9141 9142 9143 9144 9145 9146 9147 68952
9235 0 0 5368 5390 9154 9157 9164 9179 10976 10980 10981 10982 10983 10984 10985 10986 68953
9236 0 0 5260 5357 5372 5385 5392 6085 9137 9140 9153 9164 9165 9166 9167 9168 9169 9170 9171 9172
9237 0 0 5259 5275 5276 5277 5278 5279 5280 68954
9238 0 0 10849 10850 10851 10852 10853 10854 10855 10856 10857 10858 10859
9239 0 0 6446 6447 6448 6449 68955
9240 0 0 6424 6446 10847 10849 10860 10861 10862 10863 10864 10865 10866 10867 10868 68956
9241 0 0 6420 6433 6447 10859 10885 10889 10891 10892 10893 10894 10895 10896 10897 10898 68957
9242 4 4 64801 66273 66284 66291 66292 66293 66294 66295 66296 66297 66298
9243 4 4 46240 49086 49090 49102 56203 56342 61199 64775 64781 66272 66280 66286 66287 66288 66289 66290
