0 5925 11850 1.301201254756850223e-01 0.000000000000000000e+00 1.100281501755152880e-02 0 0 0 0 0 0
1 5926 11851 1.208165666896823948e-01 2.023404296266319291e-02 1.666886066536001770e-02 0 0 0 0 0 0
2 5927 11852 1.147133300119772964e-01 2.370278765858232009e-02 2.582080549357119656e-02 0 0 0 0 0 0
3 5928 11853 1.113614641930773252e-01 1.820662224580206143e-02 3.494951122334313126e-02 0 0 0 0 0 0
4 5929 11854 1.150378517828295061e-01 0.000000000000000000e+00 3.837049316044627983e-02 0 0 0 0 0 0
5 5930 11855 1.499999999999999944e-01 2.173733623649441032e-02 3.149171244061887281e-02 0 0 0 0 0 0
6 5931 11856 1.416247063800726291e-01 2.831802462086320527e-02 3.075559383100126554e-02 0 0 0 0 0 0
7 5932 11857 1.219584951937194572e-01 2.839315813354158224e-02 2.131265043216960461e-02 0 0 0 0 0 0
8 5933 11858 1.499999999999999944e-01 0.000000000000000000e+00 2.058645391850317391e-02 0 0 0 0 0 0
9 5934 11859 1.491420148073172303e-01 0.000000000000000000e+00 3.594872415288482420e-02 0 0 0 0 0 0
10 5935 11860 1.499999999999999944e-01 1.725468256550318066e-03 3.553884494446955117e-02 0 0 0 0 0 0
11 5936 11861 1.499999999999999944e-01 0.000000000000000000e+00 3.542155144170719416e-02 0 0 0 0 0 0
12 5937 11862 1.210525013496553670e-01 2.840920142759596409e-02 2.231121074903271925e-02 0 0 0 0 0 0
13 5938 11863 1.286198842008805798e-01 2.843041901740432989e-02 3.165634834290726590e-02 0 0 0 0 0 0
14 5939 11864 1.400284174344176291e-01 0.000000000000000000e+00 5.834175424941488025e-02 0 0 0 0 0 0
15 5940 11865 1.394276669944490010e-01 1.422733954680731848e-03 5.984172048911143293e-02 0 0 0 0 0 0
16 5941 11866 1.356104450787328775e-01 2.480605293400872050e-03 7.227984642919535463e-02 0 0 0 0 0 0
17 5942 11867 1.359790192197119219e-01 0.000000000000000000e+00 7.194512656092919012e-02 0 0 0 0 0 0
18 5943 11868 1.303538415619539814e-01 4.266647017559550316e-03 7.705362038954419179e-02 0 0 0 0 0 0
19 5944 11869 1.295306042663995072e-01 0.000000000000000000e+00 7.780124169142886570e-02 0 0 0 0 0 0
20 5945 11870 1.223293752416057534e-01 7.454930617343725856e-03 6.701399291815440806e-02 0 0 0 0 0 0
21 5946 11871 1.158228349798770540e-01 0.000000000000000000e+00 6.275861360370728337e-02 0 0 0 0 0 0
22 5947 11872 1.177059102709148708e-01 3.693887080246045351e-03 6.339567268336265826e-02 0 0 0 0 0 0
23 5948 11873 1.281762517621060360e-01 0.000000000000000000e+00 5.900364670290484531e-02 0 0 0 0 0 0
24 5949 11874 1.499999999999999944e-01 4.233443655302970669e-03 6.167941261950619924e-02 0 0 0 0 0 0
25 5950 11875 1.428029534047656757e-01 1.108092889030452138e-02 6.798560456642954719e-02 0 0 0 0 0 0
26 5951 11876 1.398338902495095681e-01 1.839663719211034540e-03 5.947486084062438699e-02 0 0 0 0 0 0
27 5952 11877 1.404335791870905681e-01 0.000000000000000000e+00 5.778062242564618867e-02 0 0 0 0 0 0
28 5953 11878 1.499999999999999944e-01 0.000000000000000000e+00 5.778062242564618867e-02 0 0 0 0 0 0
29 5954 11879 1.403971548736728525e-01 1.037539380421531252e-02 7.334512778506400987e-02 0 0 0 0 0 0
30 5955 11880 1.470309297608311250e-01 0.000000000000000000e+00 7.194512656092919012e-02 0 0 0 0 0 0
31 5956 11881 1.499999999999999944e-01 0.000000000000000000e+00 6.627623478522556844e-02 0 0 0 0 0 0
32 5957 11882 1.282193360752164127e-02 1.608162846691315109e-02 6.266675095924175917e-03 0 0 0 0 0 0
33 5958 11883 2.987758493677946520e-02 2.366376636971781813e-02 1.518224425568314622e-03 0 0 0 0 0 0
34 5959 11884 2.777562211368820103e-02 7.967522588806149123e-03 1.416800796275084241e-02 0 0 0 0 0 0
35 5960 11885 8.932877008044440639e-03 1.779621417406770587e-02 0.000000000000000000e+00 0 0 0 0 0 0
36 5961 11886 3.010339323995514862e-02 2.444603874897780665e-02 0.000000000000000000e+00 0 0 0 0 0 0
37 5962 11887 2.964881043401952979e-02 5.527087158628070721e-03 0.000000000000000000e+00 0 0 0 0 0 0
38 5963 11888 1.378444471877678622e-02 1.353911408522580351e-01 4.852727312860207615e-02 0 0 0 0 0 0
39 5964 11889 2.777346334320143773e-02 1.490346906079203781e-01 5.582101177829439792e-02 0 0 0 0 0 0
40 5965 11890 2.775292872709778438e-02 1.499999999999999944e-01 5.598372574980145511e-02 0 0 0 0 0 0
41 5966 11891 8.827491789855878429e-03 1.499999999999999944e-01 4.936482797646518650e-02 0 0 0 0 0 0
42 5967 11892 2.565085675265309229e-02 1.499999999999999944e-01 3.348209819057152564e-02 0 0 0 0 0 0
43 5968 11893 2.827323928269689229e-02 1.499999999999999944e-01 5.273902098445119868e-02 0 0 0 0 0 0
44 5969 11894 2.545238820588315368e-02 1.499999999999999944e-01 2.435779394974821321e-02 0 0 0 0 0 0
45 5970 11895 2.633223882922866577e-02 1.479456396841249688e-01 2.504521824632621740e-02 0 0 0 0 0 0
46 5971 11896 1.318403567592104850e-02 1.340540711928725481e-01 4.772352087357732003e-02 0 0 0 0 0 0
47 5972 11897 1.109126888820058388e-02 1.358722593540411250e-01 4.835571630706779478e-02 0 0 0 0 0 0
48 5973 11898 0.000000000000000000e+00 1.496562500957598352e-01 4.864109313620436359e-02 0 0 0 0 0 0
49 5974 11899 0.000000000000000000e+00 1.499999999999999944e-01 4.838707734065515048e-02 0 0 0 0 0 0
50 5975 11900 1.349599359955208980e-02 1.348709267612927809e-01 4.846084897941760339e-02 0 0 0 0 0 0
51 5976 11901 0.000000000000000000e+00 1.499999999999999944e-01 4.866998204781777804e-02 0 0 0 0 0 0
52 5977 11902 2.773517596181868800e-02 1.499999999999999944e-01 2.412288152390841198e-02 0 0 0 0 0 0
53 5978 11903 1.361126875947250292e-01 1.533655231020006685e-02 2.000000000000000111e-01 0 0 0 0 0 0
54 5979 11904 1.395906862320031305e-01 1.981178916454146011e-02 1.899737131525226497e-01 0 0 0 0 0 0
55 5980 11905 1.499999999999999944e-01 1.799169791844877977e-02 1.984448436036125862e-01 0 0 0 0 0 0
56 5981 11906 1.499999999999999944e-01 1.737680887924860848e-02 2.000000000000000111e-01 0 0 0 0 0 0
57 5982 11907 1.438546489088034508e-01 5.919278923765161626e-02 2.000000000000000111e-01 0 0 0 0 0 0
58 5983 11908 1.444842645273538839e-01 5.679889486079247457e-02 1.948281110815933137e-01 0 0 0 0 0 0
59 5984 11909 1.326360826766326273e-01 4.028855520856603617e-02 1.847578504831259016e-01 0 0 0 0 0 0
60 5985 11910 1.305778286133204846e-01 3.972609231428626819e-02 1.870309647011029752e-01 0 0 0 0 0 0
61 5986 11911 1.227656973608295676e-01 4.007974037729809813e-02 2.000000000000000111e-01 0 0 0 0 0 0
62 5987 11912 1.499999999999999944e-01 5.701398764009580483e-02 1.993440122590461883e-01 0 0 0 0 0 0
63 5988 11913 1.499999999999999944e-01 5.729293385576510189e-02 2.000000000000000111e-01 0 0 0 0 0 0
64 5989 11914 1.368224571536637013e-01 2.722397592174416459e-02 1.878805617046974130e-01 0 0 0 0 0 0
65 5990 11915 2.949270401738520592e-02 0.000000000000000000e+00 1.781867500838498278e-02 0 0 0 0 0 0
66 5991 11916 2.327025920211390694e-02 3.810148286142092840e-03 1.914784841253110159e-02 0 0 0 0 0 0
67 5992 11917 2.204731942594334235e-02 4.504537234010161373e-03 1.882953879610467160e-02 0 0 0 0 0 0
68 5993 11918 4.880930834924617628e-03 1.372267668826919647e-02 8.730665404770588875e-03 0 0 0 0 0 0
69 5994 11919 1.285711579043611382e-03 1.503175329110573166e-02 0.000000000000000000e+00 0 0 0 0 0 0
70 5995 11920 2.666622969270908070e-02 0.000000000000000000e+00 0.000000000000000000e+00 0 0 0 0 0 0
71 5996 11921 2.812772804984011582e-02 5.670079034747910023e-03 1.745994756331185199e-02 0 0 0 0 0 0
72 5997 11922 2.965998516759595430e-02 0.000000000000000000e+00 1.776916340776022937e-02 0 0 0 0 0 0
73 5998 11923 3.116800658453600451e-02 0.000000000000000000e+00 0.000000000000000000e+00 0 0 0 0 0 0
74 5999 11924 7.668102272681226114e-03 1.476172084658557496e-02 9.613225822702702386e-03 0 0 0 0 0 0
75 6000 11925 8.042434543866881433e-03 1.520749159117774571e-02 8.854222720798009955e-03 0 0 0 0 0 0
76 6001 11926 2.310148194438725253e-02 5.579037317056697969e-03 1.895985444596092265e-02 0 0 0 0 0 0
77 6002 11927 6.896092020344080954e-03 1.774320799571886889e-02 0.000000000000000000e+00 0 0 0 0 0 0
78 6003 11928 2.290003514816042751e-02 4.690129391425344740e-03 1.913905294126248130e-02 0 0 0 0 0 0
79 6004 11929 1.303805606909244456e-02 0.000000000000000000e+00 1.698686992716524208e-02 0 0 0 0 0 0
80 6005 11930 1.203563829088020835e-02 3.162003988113046716e-03 1.659058088033351155e-02 0 0 0 0 0 0
81 6006 11931 0.000000000000000000e+00 1.049868056662313191e-02 9.035343579144209519e-03 0 0 0 0 0 0
82 6007 11932 0.000000000000000000e+00 0.000000000000000000e+00 8.076543685617677479e-03 0 0 0 0 0 0
83 6008 11933 0.000000000000000000e+00 1.263787973605015255e-02 7.872929516886022563e-03 0 0 0 0 0 0
84 6009 11934 0.000000000000000000e+00 1.468718927517310979e-02 0.000000000000000000e+00 0 0 0 0 0 0
85 6010 11935 2.476285742717217533e-02 5.267110525353224659e-05 1.968828174227783140e-02 0 0 0 0 0 0
86 6011 11936 2.477762606623066730e-02 0.000000000000000000e+00 1.969443800022063415e-02 0 0 0 0 0 0
87 6012 11937 2.479082217716469666e-02 0.000000000000000000e+00 1.969305011895347221e-02 0 0 0 0 0 0
88 6013 11938 4.333967134298370022e-02 0.000000000000000000e+00 2.146169561054732042e-02 0 0 0 0 0 0
89 6014 11939 4.141403110921963726e-02 8.115031421692321667e-03 2.109130500783187867e-02 0 0 0 0 0 0
90 6015 11940 4.306263207126929948e-02 2.675238906054756491e-02 3.675681681912069867e-03 0 0 0 0 0 0
91 6016 11941 4.448604685198679493e-02 2.645215740451216033e-02 0.000000000000000000e+00 0 0 0 0 0 0
92 6017 11942 5.120545432970311645e-02 0.000000000000000000e+00 0.000000000000000000e+00 0 0 0 0 0 0
93 6018 11943 3.428190712654263783e-02 1.621433067194954364e-02 1.931524832512745635e-02 0 0 0 0 0 0
94 6019 11944 3.081048042990836011e-02 2.495375081965164887e-02 2.138161699087850944e-03 0 0 0 0 0 0
95 6020 11945 3.333285280296006264e-02 2.587592817077922006e-02 6.632192183620110731e-03 0 0 0 0 0 0
96 6021 11946 3.496701065651350998e-02 2.494958966849009432e-02 1.121725341796705328e-02 0 0 0 0 0 0
97 6022 11947 3.019588007038245467e-02 2.459124336541737565e-02 0.000000000000000000e+00 0 0 0 0 0 0
98 6023 11948 3.934404295528961398e-02 2.664323160331129314e-02 6.514909742778472561e-03 0 0 0 0 0 0
99 6024 11949 6.763610828000657382e-02 0.000000000000000000e+00 1.640541408404850091e-02 0 0 0 0 0 0
100 6025 11950 6.938898944499979904e-02 8.639247361635226177e-03 1.768936591582846024e-02 0 0 0 0 0 0
101 6026 11951 7.080083755581988159e-02 1.105846798982576887e-02 1.261246005264399402e-02 0 0 0 0 0 0
102 6027 11952 7.241210634514769207e-02 8.754744047368017562e-03 0.000000000000000000e+00 0 0 0 0 0 0
103 6028 11953 7.041536757093179444e-02 0.000000000000000000e+00 0.000000000000000000e+00 0 0 0 0 0 0
104 6029 11954 6.536737485628965616e-02 1.830329086959835497e-02 2.613867459690955367e-02 0 0 0 0 0 0
105 6030 11955 6.182215361100655560e-02 1.365752179515193100e-02 2.849920105222393182e-02 0 0 0 0 0 0
106 6031 11956 5.753064357761186048e-02 0.000000000000000000e+00 2.825180919321901990e-02 0 0 0 0 0 0
107 6032 11957 5.003176633245298710e-02 5.722431635764939004e-03 2.890677570191845999e-02 0 0 0 0 0 0
108 6033 11958 6.813990909438263910e-02 3.424211292849014404e-02 1.210580649234400431e-02 0 0 0 0 0 0
109 6034 11959 4.356559218951693013e-02 2.718236406004535810e-02 3.567702129878018349e-03 0 0 0 0 0 0
110 6035 11960 5.084668025171492495e-02 0.000000000000000000e+00 2.864816721838604058e-02 0 0 0 0 0 0
111 6036 11961 6.985584596575065974e-02 3.480879556096532629e-02 6.797410614782165537e-03 0 0 0 0 0 0
112 6037 11962 6.999782126921212655e-02 3.477182010420921954e-02 6.388653300826749142e-03 0 0 0 0 0 0
113 6038 11963 7.183987168229537257e-02 1.651597157903284332e-02 7.540796144339939958e-03 0 0 0 0 0 0
114 6039 11964 7.072402990812090562e-02 3.443996850689053091e-02 0.000000000000000000e+00 0 0 0 0 0 0
115 6040 11965 7.280322454314437641e-02 1.513861041789542686e-02 0.000000000000000000e+00 0 0 0 0 0 0
116 6041 11966 4.606682336500942526e-02 2.795631946501505455e-02 0.000000000000000000e+00 0 0 0 0 0 0
117 6042 11967 6.917537779168811407e-02 3.469523114746640713e-02 0.000000000000000000e+00 0 0 0 0 0 0
118 6043 11968 1.219492058238037281e-02 0.000000000000000000e+00 1.120219125477001920e-01 0 0 0 0 0 0
119 6044 11969 0.000000000000000000e+00 5.969282203635089060e-03 1.147600600136899768e-01 0 0 0 0 0 0
120 6045 11970 0.000000000000000000e+00 0.000000000000000000e+00 1.147600600136899768e-01 0 0 0 0 0 0
121 6046 11971 1.796417235698755804e-02 0.000000000000000000e+00 1.204110651323710979e-01 0 0 0 0 0 0
122 6047 11972 0.000000000000000000e+00 6.734940075026039225e-03 1.173857945174206496e-01 0 0 0 0 0 0
123 6048 11973 0.000000000000000000e+00 0.000000000000000000e+00 1.195499747217827896e-01 0 0 0 0 0 0
124 6049 11974 1.924271819287815335e-02 1.300673241769318145e-01 0.000000000000000000e+00 0 0 0 0 0 0
125 6050 11975 2.387041577319795951e-02 1.273725590660191309e-01 3.720272143924552560e-03 0 0 0 0 0 0
126 6051 11976 1.898556190522673187e-02 1.196652589401932948e-01 1.436062586041779096e-02 0 0 0 0 0 0
127 6052 11977 1.122182298801611489e-03 1.300673241769318145e-01 0.000000000000000000e+00 0 0 0 0 0 0
128 6053 11978 2.527430191335687179e-02 1.328123222630787637e-01 1.282750441925167330e-02 0 0 0 0 0 0
129 6054 11979 3.492737709648792953e-03 1.491686561210983364e-01 0.000000000000000000e+00 0 0 0 0 0 0
130 6055 11980 1.746138278402334376e-02 1.250720691064227397e-01 1.889782142518941013e-02 0 0 0 0 0 0
131 6056 11981 2.215579987204586640e-02 1.272480788650873496e-01 1.719127917446864814e-02 0 0 0 0 0 0
132 6057 11982 0.000000000000000000e+00 1.491686561210983086e-01 0.000000000000000000e+00 0 0 0 0 0 0
133 6058 11983 0.000000000000000000e+00 1.381842682013591506e-01 8.614539529843569243e-03 0 0 0 0 0 0
134 6059 11984 1.945146143521518656e-02 1.214705215211542289e-01 1.738299007870853369e-02 0 0 0 0 0 0
135 6060 11985 0.000000000000000000e+00 1.314282894564825499e-01 0.000000000000000000e+00 0 0 0 0 0 0
136 6061 11986 2.388274272445946311e-02 1.273654019377184476e-01 3.685619477951360135e-03 0 0 0 0 0 0
137 6062 11987 2.617248239250165309e-02 1.337246258986683478e-01 1.329489081536165337e-02 0 0 0 0 0 0
138 6063 11988 3.214252363089758341e-02 1.499999999999999944e-01 1.600532143946633082e-02 0 0 0 0 0 0
139 6064 11989 3.222285713865283285e-02 1.499999999999999944e-01 0.000000000000000000e+00 0 0 0 0 0 0
140 6065 11990 2.389850742414770940e-02 1.273579653342861717e-01 0.000000000000000000e+00 0 0 0 0 0 0
141 6066 11991 3.550360106117310052e-03 1.499999999999999944e-01 0.000000000000000000e+00 0 0 0 0 0 0
142 6067 11992 0.000000000000000000e+00 1.242382345243160657e-01 1.791511537503100715e-01 0 0 0 0 0 0
143 6068 11993 4.281601045326714934e-03 1.212907477583206883e-01 1.792362017138657559e-01 0 0 0 0 0 0
144 6069 11994 1.586777056821236237e-02 1.214050552310212278e-01 1.841537779637285321e-01 0 0 0 0 0 0
145 6070 11995 2.604385833265782449e-02 1.245337617830777760e-01 1.902274337773661173e-01 0 0 0 0 0 0
146 6071 11996 2.555139095039949196e-02 1.417567061639543879e-01 2.000000000000000111e-01 0 0 0 0 0 0
147 6072 11997 1.414500852517283115e-02 1.499999999999999944e-01 2.000000000000000111e-01 0 0 0 0 0 0
148 6073 11998 0.000000000000000000e+00 1.499999999999999944e-01 1.940772179739019554e-01 0 0 0 0 0 0
149 6074 11999 1.715353157945678211e-03 1.173131136013043918e-01 1.821412411078921489e-01 0 0 0 0 0 0
150 6075 12000 0.000000000000000000e+00 1.168595021101334758e-01 1.829482735188098785e-01 0 0 0 0 0 0
151 6076 12001 2.630813182264747987e-02 1.270302370555171367e-01 2.000000000000000111e-01 0 0 0 0 0 0
152 6077 12002 2.631867322090956571e-02 1.249065816747901986e-01 1.975457534830069029e-01 0 0 0 0 0 0
153 6078 12003 0.000000000000000000e+00 1.172596546146988522e-01 1.928773362775259015e-01 0 0 0 0 0 0
154 6079 12004 0.000000000000000000e+00 1.234270735698098642e-01 2.000000000000000111e-01 0 0 0 0 0 0
155 6080 12005 6.183931984382233515e-02 1.294981535976439668e-01 2.000000000000000111e-01 0 0 0 0 0 0
156 6081 12006 6.458299149877508305e-02 1.227488755162593481e-01 1.941843686145427184e-01 0 0 0 0 0 0
157 6082 12007 6.510737101976250829e-02 1.139275890526713630e-01 1.946903332367616868e-01 0 0 0 0 0 0
158 6083 12008 6.253261230261633608e-02 1.209501407779854931e-01 2.000000000000000111e-01 0 0 0 0 0 0
159 6084 12009 4.836896398745534759e-02 1.253821432940788738e-01 1.939499426520732706e-01 0 0 0 0 0 0
160 6085 12010 5.902472937459928015e-02 1.115892504084422254e-01 1.877190117776696143e-01 0 0 0 0 0 0
161 6086 12011 4.684911896501417483e-02 1.323556697970967588e-01 2.000000000000000111e-01 0 0 0 0 0 0
162 6087 12012 6.158709005588745150e-02 1.318961676011411177e-01 1.908592302826697396e-01 0 0 0 0 0 0
163 6088 12013 6.179309991749652037e-02 1.318387906344610228e-01 1.910939000223473849e-01 0 0 0 0 0 0
164 6089 12014 6.126330424417562870e-02 1.312170927696693079e-01 2.000000000000000111e-01 0 0 0 0 0 0
165 6090 12015 4.943191682926791064e-02 1.338061311799607633e-01 1.952526102305205680e-01 0 0 0 0 0 0
166 6091 12016 4.714873752268559232e-02 1.338476186756356878e-01 2.000000000000000111e-01 0 0 0 0 0 0
167 6092 12017 5.728152628519098122e-03 1.287981930614739978e-01 2.970729990016360289e-02 0 0 0 0 0 0
168 6093 12018 2.420607414214311082e-02 1.424407196860542346e-01 2.661562862840335941e-02 0 0 0 0 0 0
169 6094 12019 0.000000000000000000e+00 1.499999999999999944e-01 2.281588985070018283e-02 0 0 0 0 0 0
170 6095 12020 0.000000000000000000e+00 1.325647991845543272e-01 2.819764385358746600e-02 0 0 0 0 0 0
171 6096 12021 2.687332606651207656e-02 1.429250344410390727e-01 2.510902006443341272e-02 0 0 0 0 0 0
172 6097 12022 3.041855735223893825e-02 1.499999999999999944e-01 2.264232742965182829e-02 0 0 0 0 0 0
173 6098 12023 2.386008184583434527e-02 1.292389524019105784e-01 1.742921910005822486e-02 0 0 0 0 0 0
174 6099 12024 2.687036579471566849e-02 1.342635611682192476e-01 1.408248341820261124e-02 0 0 0 0 0 0
175 6100 12025 3.236996412132504830e-02 1.499999999999999944e-01 1.632263263617329124e-02 0 0 0 0 0 0
176 6101 12026 4.112723799682976161e-02 1.327133704944061798e-01 1.095257916069532385e-02 0 0 0 0 0 0
177 6102 12027 4.442453366212005539e-02 1.277703717294560171e-01 1.252942463714919359e-02 0 0 0 0 0 0
178 6103 12028 4.571789500841675485e-02 1.389226553724435820e-01 1.136063249964097688e-02 0 0 0 0 0 0
179 6104 12029 3.745274226181996569e-02 1.209906703504827902e-01 0.000000000000000000e+00 0 0 0 0 0 0
180 6105 12030 4.485949991666720454e-02 1.255659508072203834e-01 1.190902455941626574e-02 0 0 0 0 0 0
181 6106 12031 3.562659122494647723e-02 1.253647597877616815e-01 0.000000000000000000e+00 0 0 0 0 0 0
182 6107 12032 5.204787557078006249e-02 1.221105444881920854e-01 2.914927016068605530e-03 0 0 0 0 0 0
183 6108 12033 5.334746955897582549e-02 1.493270821921088842e-01 2.351689806306171259e-03 0 0 0 0 0 0
184 6109 12034 5.286357244695510244e-02 1.215435454684220817e-01 0.000000000000000000e+00 0 0 0 0 0 0
185 6110 12035 5.259606904615205664e-02 1.213359872304226317e-01 8.988273490270138255e-04 0 0 0 0 0 0
186 6111 12036 5.215102075209761268e-02 1.209906703504827902e-01 0.000000000000000000e+00 0 0 0 0 0 0
187 6112 12037 5.383438963509140640e-02 1.499999999999999944e-01 7.584377024401815857e-04 0 0 0 0 0 0
188 6113 12038 5.382948810881982293e-02 1.499999999999999944e-01 0.000000000000000000e+00 0 0 0 0 0 0
189 6114 12039 5.405279192258279769e-02 1.499999999999999944e-01 0.000000000000000000e+00 0 0 0 0 0 0
190 6115 12040 1.877878024565900889e-02 1.176297789973470564e-01 1.430985949268574926e-02 0 0 0 0 0 0
191 6116 12041 2.501528292806292839e-02 1.249961764106496676e-01 0.000000000000000000e+00 0 0 0 0 0 0
192 6117 12042 2.345438843425733805e-02 1.109382108150014368e-01 0.000000000000000000e+00 0 0 0 0 0 0
193 6118 12043 1.839663401825077939e-04 1.165312662881895223e-01 0.000000000000000000e+00 0 0 0 0 0 0
194 6119 12044 4.915511532370737957e-02 1.499999999999999944e-01 1.302288032812308656e-02 0 0 0 0 0 0
195 6120 12045 5.355447797302542723e-02 1.499999999999999944e-01 2.456973292616059738e-03 0 0 0 0 0 0
196 6121 12046 1.173318313532714652e-01 5.165322975058822715e-03 6.308288081352043941e-02 0 0 0 0 0 0
197 6122 12047 1.401072879933021320e-01 0.000000000000000000e+00 5.252285843766969775e-02 0 0 0 0 0 0
198 6123 12048 1.358065188988488992e-01 1.098005833667089863e-02 5.100861687198657290e-02 0 0 0 0 0 0
199 6124 12049 1.337256605262464038e-01 1.165020289376013721e-02 5.190391401280508576e-02 0 0 0 0 0 0
200 6125 12050 1.233507597898457764e-01 9.322637515558441362e-03 5.835563392666995308e-02 0 0 0 0 0 0
201 6126 12051 1.440057006202596634e-01 0.000000000000000000e+00 3.995233898171503956e-02 0 0 0 0 0 0
202 6127 12052 1.418232054187720248e-01 3.440643559578381635e-03 4.216978225299831268e-02 0 0 0 0 0 0
203 6128 12053 1.114566890040894487e-01 0.000000000000000000e+00 4.235950143843573296e-02 0 0 0 0 0 0
204 6129 12054 1.114375667726374142e-01 2.105091314240716850e-04 4.238950664600603380e-02 0 0 0 0 0 0
205 6130 12055 1.112504664388833109e-01 3.442659021043288897e-03 4.434037388499304649e-02 0 0 0 0 0 0
206 6131 12056 1.111663045141301764e-01 7.417165964415296624e-03 4.878090160353864418e-02 0 0 0 0 0 0
207 6132 12057 1.124461283011731483e-01 3.239772218216902585e-03 6.078324067096512601e-02 0 0 0 0 0 0
208 6133 12058 1.128059409649533607e-01 0.000000000000000000e+00 6.123818329737153177e-02 0 0 0 0 0 0
209 6134 12059 1.116378278509236183e-01 0.000000000000000000e+00 4.224910167595748167e-02 0 0 0 0 0 0
210 6135 12060 1.159701732373724092e-01 4.930368614602450607e-03 6.241648566109172375e-02 0 0 0 0 0 0
211 6136 12061 1.230932489398943591e-01 1.157634438995180579e-02 5.257560017499397081e-02 0 0 0 0 0 0
212 6137 12062 1.154512733267387403e-01 9.471724040744000997e-03 5.076936866477848448e-02 0 0 0 0 0 0
213 6138 12063 1.216391198717705624e-01 7.673320235667308552e-03 6.646499904509135803e-02 0 0 0 0 0 0
214 6139 12064 1.222730736703916410e-01 7.676392316764527567e-03 6.696691548902244939e-02 0 0 0 0 0 0
215 6140 12065 1.354442084282228842e-01 1.204182756313449884e-02 5.172544948649787644e-02 0 0 0 0 0 0
216 6141 12066 1.245895961603039614e-01 9.651279435207731419e-03 6.501607821047868108e-02 0 0 0 0 0 0
217 6142 12067 1.357899480670809733e-01 1.216403131440632959e-02 5.805104449350863977e-02 0 0 0 0 0 0
218 6143 12068 1.222713130623294953e-01 8.050025635006518437e-03 6.683685024211548364e-02 0 0 0 0 0 0
219 6144 12069 1.104614007975245199e-01 2.349532989662805535e-02 2.747930389089826148e-02 0 0 0 0 0 0
220 6145 12070 1.100632887026204987e-01 1.718849810107761500e-02 3.685624362553869410e-02 0 0 0 0 0 0
221 6146 12071 1.085897617495279743e-01 2.019629052243378589e-02 3.291406889295306337e-02 0 0 0 0 0 0
222 6147 12072 1.086465091594336352e-01 2.070951226200043113e-02 3.214325986744102914e-02 0 0 0 0 0 0
223 6148 12073 1.078795490210880947e-01 9.491369444585564044e-03 4.256666132979962380e-02 0 0 0 0 0 0
224 6149 12074 1.191093927830458449e-01 1.050834396074938268e-02 0.000000000000000000e+00 0 0 0 0 0 0
225 6150 12075 1.252449284246693884e-01 0.000000000000000000e+00 0.000000000000000000e+00 0 0 0 0 0 0
226 6151 12076 1.041625139926475319e-01 0.000000000000000000e+00 3.928138337022142601e-02 0 0 0 0 0 0
227 6152 12077 1.068857805603288386e-01 9.216246621323176055e-03 4.209753289308211521e-02 0 0 0 0 0 0
228 6153 12078 9.540157522695316694e-02 0.000000000000000000e+00 2.792516737738785434e-02 0 0 0 0 0 0
229 6154 12079 9.624949776260666168e-02 7.661944618421226948e-03 2.877068160325236754e-02 0 0 0 0 0 0
230 6155 12080 9.909338172609963302e-02 1.418011824458457505e-02 2.343281388184229388e-02 0 0 0 0 0 0
231 6156 12081 1.035378335379925352e-01 1.178063006850408635e-02 9.726944465422339078e-03 0 0 0 0 0 0
232 6157 12082 1.062458062394213282e-01 7.089718695680089118e-03 0.000000000000000000e+00 0 0 0 0 0 0
233 6158 12083 1.051870544219955378e-01 0.000000000000000000e+00 0.000000000000000000e+00 0 0 0 0 0 0
234 6159 12084 9.734084054649957962e-02 7.455159111183773391e-03 3.141749403019857695e-02 0 0 0 0 0 0
235 6160 12085 9.658899966692557904e-02 0.000000000000000000e+00 3.077017629845732113e-02 0 0 0 0 0 0
236 6161 12086 1.014459471174736227e-01 1.795343799113437513e-02 2.182363828434606343e-02 0 0 0 0 0 0
237 6162 12087 1.066456164612457069e-01 2.174411181800463971e-02 2.615410857059671801e-02 0 0 0 0 0 0
238 6163 12088 1.031718393358493358e-01 1.077826838526286385e-02 3.788235706564347521e-02 0 0 0 0 0 0
239 6164 12089 8.809736597113680678e-02 1.242024237556470581e-02 2.569501501674140848e-02 0 0 0 0 0 0
240 6165 12090 1.027749590033295440e-01 9.926558705820088396e-03 0.000000000000000000e+00 0 0 0 0 0 0
241 6166 12091 9.095728835302532844e-02 1.401317216316623655e-02 2.421675605766416411e-02 0 0 0 0 0 0
242 6167 12092 9.610562619935031359e-02 2.007305247894693515e-02 2.151086463676026711e-02 0 0 0 0 0 0
243 6168 12093 9.957558615978949479e-02 2.014425326186703585e-02 2.117652137929423514e-02 0 0 0 0 0 0
244 6169 12094 9.791473274889168910e-02 1.610775629304115816e-02 0.000000000000000000e+00 0 0 0 0 0 0
245 6170 12095 1.222095123512154519e-01 3.586304844792304741e-02 0.000000000000000000e+00 0 0 0 0 0 0
246 6171 12096 1.226791902266449047e-01 3.626778084170521194e-02 1.352111392356587088e-02 0 0 0 0 0 0
247 6172 12097 1.128469043928302384e-01 4.374137579021960404e-02 1.788231748605178043e-02 0 0 0 0 0 0
248 6173 12098 1.091377469730070160e-01 4.547730539306818476e-02 0.000000000000000000e+00 0 0 0 0 0 0
249 6174 12099 1.107019194583493266e-01 4.351884743655617255e-02 2.047756814820145960e-02 0 0 0 0 0 0
250 6175 12100 1.060982425243199162e-01 4.352858654919516956e-02 2.090701495639572458e-02 0 0 0 0 0 0
251 6176 12101 8.958404348145312945e-02 4.443795617301081469e-02 1.322373512052029201e-02 0 0 0 0 0 0
252 6177 12102 8.716741446114065206e-02 4.571807765411517455e-02 0.000000000000000000e+00 0 0 0 0 0 0
253 6178 12103 9.772323260936684186e-02 2.529800180143609509e-02 2.130011037876699750e-02 0 0 0 0 0 0
254 6179 12104 1.103312074653349656e-01 4.057931581787367625e-02 2.349975325819337810e-02 0 0 0 0 0 0
255 6180 12105 1.097313533464813889e-01 4.201179764801690059e-02 2.289950793976577859e-02 0 0 0 0 0 0
256 6181 12106 8.504873733904533273e-02 4.652041083151465389e-02 0.000000000000000000e+00 0 0 0 0 0 0
257 6182 12107 8.306888945344248487e-02 4.688949421056456263e-02 1.379334958323010993e-02 0 0 0 0 0 0
258 6183 12108 8.301379675157355420e-02 4.684871441221376276e-02 1.383178821293356772e-02 0 0 0 0 0 0
259 6184 12109 9.595383746529642655e-02 2.607564016060883588e-02 2.139367127283214876e-02 0 0 0 0 0 0
260 6185 12110 9.606268946235120565e-02 2.520640674723933009e-02 2.146071792360330563e-02 0 0 0 0 0 0
261 6186 12111 9.762898347687419542e-02 2.533263458848512839e-02 2.130880500875352232e-02 0 0 0 0 0 0
262 6187 12112 0.000000000000000000e+00 1.034780000372267222e-01 1.821538899649661203e-01 0 0 0 0 0 0
263 6188 12113 8.069114182268037746e-04 1.039347911398739027e-01 1.819157914816458832e-01 0 0 0 0 0 0
264 6189 12114 2.007346102682232292e-02 1.019521721606658771e-01 1.775971804813591959e-01 0 0 0 0 0 0
265 6190 12115 1.297970360590082126e-02 9.363602260725954751e-02 1.801462608298209089e-01 0 0 0 0 0 0
266 6191 12116 4.212712331836009592e-03 9.253268632970829133e-02 1.823239978935122796e-01 0 0 0 0 0 0
267 6192 12117 0.000000000000000000e+00 9.670333365584991847e-02 1.828720942058898735e-01 0 0 0 0 0 0
268 6193 12118 2.477854849563280309e-02 1.030714242620683896e-01 1.742049854554723054e-01 0 0 0 0 0 0
269 6194 12119 2.508985939100239967e-02 9.668763887039404092e-02 1.714813968529504407e-01 0 0 0 0 0 0
270 6195 12120 1.766955050118830181e-02 1.096560524176908025e-01 1.672656018554652957e-01 0 0 0 0 0 0
271 6196 12121 1.240489501292919503e-02 1.107647912375950144e-01 1.676191089676229429e-01 0 0 0 0 0 0
272 6197 12122 0.000000000000000000e+00 9.254026068758897106e-02 1.813790868790363109e-01 0 0 0 0 0 0
273 6198 12123 1.768838861854408334e-02 9.883511681033339824e-02 1.619181320720999850e-01 0 0 0 0 0 0
274 6199 12124 6.489506603275739180e-03 9.835299337147992982e-02 1.612661546121997858e-01 0 0 0 0 0 0
275 6200 12125 0.000000000000000000e+00 9.629576277588811073e-02 1.674719646245131088e-01 0 0 0 0 0 0
276 6201 12126 8.740453093145236774e-03 1.087442204017281533e-01 1.664850910124889283e-01 0 0 0 0 0 0
277 6202 12127 0.000000000000000000e+00 1.036978904831342696e-01 1.731101718388153576e-01 0 0 0 0 0 0
278 6203 12128 0.000000000000000000e+00 1.096114930515968561e-01 1.585250357594177317e-01 0 0 0 0 0 0
279 6204 12129 5.723599366426194296e-03 1.052085494571315810e-01 1.532082275616022393e-01 0 0 0 0 0 0
280 6205 12130 5.724396520675236952e-03 1.013523818561075651e-01 1.555435784162992052e-01 0 0 0 0 0 0
281 6206 12131 3.099203344581712583e-03 9.617207480312822687e-02 1.623445512985359496e-01 0 0 0 0 0 0
282 6207 12132 0.000000000000000000e+00 9.595270633358800316e-02 1.668009334363803886e-01 0 0 0 0 0 0
283 6208 12133 0.000000000000000000e+00 1.128996509754085359e-01 1.610296285550339712e-01 0 0 0 0 0 0
284 6209 12134 6.556314252041869732e-03 1.139835894919920822e-01 1.596065784574423885e-01 0 0 0 0 0 0
285 6210 12135 8.105494925208291471e-03 1.133246265883057907e-01 1.604716987664389083e-01 0 0 0 0 0 0
286 6211 12136 7.098423811795782912e-03 1.106951351480732620e-01 1.569158269463319100e-01 0 0 0 0 0 0
287 6212 12137 6.233021869704178514e-03 9.768330440662478797e-02 1.603605315392627184e-01 0 0 0 0 0 0
288 6213 12138 5.727508598055552208e-03 1.039083935421930838e-01 1.516382143468808508e-01 0 0 0 0 0 0
289 6214 12139 0.000000000000000000e+00 1.030178526162385255e-01 1.505628348435964214e-01 0 0 0 0 0 0
290 6215 12140 0.000000000000000000e+00 9.406121797698085985e-02 1.642524345109938610e-01 0 0 0 0 0 0
291 6216 12141 0.000000000000000000e+00 1.325047365307855662e-01 1.706586147728884895e-01 0 0 0 0 0 0
292 6217 12142 1.467846199096214076e-02 1.273212522107193823e-01 1.658943348576013277e-01 0 0 0 0 0 0
293 6218 12143 1.315645949752615625e-02 1.265960741720946192e-01 1.624157200443840654e-01 0 0 0 0 0 0
294 6219 12144 1.838191797871488150e-03 1.274873082789125533e-01 1.563182074363051455e-01 0 0 0 0 0 0
295 6220 12145 0.000000000000000000e+00 1.279956724423311487e-01 1.564719539489776434e-01 0 0 0 0 0 0
296 6221 12146 0.000000000000000000e+00 1.038229228844721325e-01 1.823544500402146384e-01 0 0 0 0 0 0
297 6222 12147 7.461309210427167181e-04 1.040202312685417213e-01 1.820034133844215252e-01 0 0 0 0 0 0
298 6223 12148 1.475825782113914311e-02 1.148950047819802395e-01 1.650056036734032505e-01 0 0 0 0 0 0
299 6224 12149 1.482229276037967322e-02 1.269424536435486695e-01 1.661846265703899317e-01 0 0 0 0 0 0
300 6225 12150 1.407543970190047386e-02 1.155880235929831884e-01 1.635324996131361786e-01 0 0 0 0 0 0
301 6226 12151 0.000000000000000000e+00 1.088042593452257234e-01 3.167088292177016456e-02 0 0 0 0 0 0
302 6227 12152 4.853774997867812621e-03 1.099729316443191635e-01 3.177010404916440905e-02 0 0 0 0 0 0
303 6228 12153 6.140416962930814182e-03 1.104064048416879690e-01 3.128648889253488052e-02 0 0 0 0 0 0
304 6229 12154 1.906544279872801270e-02 1.167423546357613251e-01 1.825899874889613111e-02 0 0 0 0 0 0
305 6230 12155 0.000000000000000000e+00 1.164860594685193512e-01 0.000000000000000000e+00 0 0 0 0 0 0
306 6231 12156 0.000000000000000000e+00 1.238680390309029739e-01 3.561161393523376573e-02 0 0 0 0 0 0
307 6232 12157 1.169674428616858066e-04 1.238413223798535828e-01 3.559964831847568095e-02 0 0 0 0 0 0
308 6233 12158 5.076578354741076785e-03 1.115688179634670152e-01 3.217811349059390702e-02 0 0 0 0 0 0
309 6234 12159 0.000000000000000000e+00 1.042470071495675832e-01 1.928773362775258737e-01 0 0 0 0 0 0
310 6235 12160 2.498872346601610506e-02 1.115075154611189501e-01 1.973098464421748632e-01 0 0 0 0 0 0
311 6236 12161 2.941782063342724546e-02 1.184092789142507096e-01 1.980954815404009639e-01 0 0 0 0 0 0
312 6237 12162 6.899122028372946941e-03 1.016192472593766827e-01 2.000000000000000111e-01 0 0 0 0 0 0
313 6238 12163 0.000000000000000000e+00 1.036874644610089186e-01 1.935898714445766222e-01 0 0 0 0 0 0
314 6239 12164 0.000000000000000000e+00 1.035769972776490327e-01 2.000000000000000111e-01 0 0 0 0 0 0
315 6240 12165 2.984592295083448796e-02 1.190763812190324678e-01 2.000000000000000111e-01 0 0 0 0 0 0
316 6241 12166 2.311662584046970947e-02 1.085902674341935881e-01 2.000000000000000111e-01 0 0 0 0 0 0
317 6242 12167 2.673250839119651126e-02 1.224829093509698652e-01 1.856987921237753802e-01 0 0 0 0 0 0
318 6243 12168 3.131274717065825330e-02 1.128594953886866564e-01 1.863501224997089478e-01 0 0 0 0 0 0
319 6244 12169 3.131160323777690963e-02 1.128577411425841365e-01 1.863499598273528624e-01 0 0 0 0 0 0
320 6245 12170 3.937167577813659863e-03 6.151783121076520415e-03 9.632366038159213828e-02 0 0 0 0 0 0
321 6246 12171 1.421037346915079123e-02 1.267190505285541689e-02 1.020941302967132563e-01 0 0 0 0 0 0
322 6247 12172 1.941066390353422128e-02 9.410574092059718898e-03 9.221376839094516664e-02 0 0 0 0 0 0
323 6248 12173 1.943663980010444312e-02 9.238489784717461920e-03 9.186047891022412759e-02 0 0 0 0 0 0
324 6249 12174 1.229988628961047915e-02 4.181393149086449937e-04 7.948078626645972700e-02 0 0 0 0 0 0
325 6250 12175 1.135755985515427176e-02 2.842408046697286856e-05 7.935795519521106345e-02 0 0 0 0 0 0
326 6251 12176 1.120138128321177852e-02 0.000000000000000000e+00 7.940815385022405304e-02 0 0 0 0 0 0
327 6252 12177 0.000000000000000000e+00 0.000000000000000000e+00 8.698560758132160842e-02 0 0 0 0 0 0
328 6253 12178 0.000000000000000000e+00 5.721298219753898767e-04 8.810176954171260177e-02 0 0 0 0 0 0
329 6254 12179 1.221100840543790263e-02 0.000000000000000000e+00 7.946667447619645830e-02 0 0 0 0 0 0
330 6255 12180 1.133453839323216895e-02 0.000000000000000000e+00 7.935482914246649866e-02 0 0 0 0 0 0
331 6256 12181 1.952472183281236257e-02 9.054933394357983154e-03 9.214611564809356559e-02 0 0 0 0 0 0
332 6257 12182 1.966545285165272050e-02 0.000000000000000000e+00 9.658293591051696214e-02 0 0 0 0 0 0
333 6258 12183 1.680524742118723672e-02 0.000000000000000000e+00 1.029582859330220451e-01 0 0 0 0 0 0
334 6259 12184 1.420138584159165093e-02 7.220296348530670649e-03 1.049742516634397521e-01 0 0 0 0 0 0
335 6260 12185 4.113419695996164450e-03 0.000000000000000000e+00 9.974105969621346879e-02 0 0 0 0 0 0
336 6261 12186 3.921165306439558518e-03 0.000000000000000000e+00 9.956842634736232101e-02 0 0 0 0 0 0
337 6262 12187 0.000000000000000000e+00 0.000000000000000000e+00 8.840777609401935522e-02 0 0 0 0 0 0
338 6263 12188 1.712814589099981993e-02 0.000000000000000000e+00 1.101401326949317944e-01 0 0 0 0 0 0
339 6264 12189 1.421136930158550978e-02 7.583073157015585500e-03 1.082074550860028794e-01 0 0 0 0 0 0
340 6265 12190 1.260366920212523285e-02 0.000000000000000000e+00 1.095947476456612391e-01 0 0 0 0 0 0
341 6266 12191 7.096752632168244410e-03 2.910365719369738084e-03 1.083241210400327503e-01 0 0 0 0 0 0
342 6267 12192 3.954584727819838823e-03 6.483891782623656726e-04 1.065759092575345041e-01 0 0 0 0 0 0
343 6268 12193 3.726515875193235280e-03 0.000000000000000000e+00 1.063227124285064801e-01 0 0 0 0 0 0
344 6269 12194 3.926729285316335992e-03 0.000000000000000000e+00 1.008570717403442507e-01 0 0 0 0 0 0
345 6270 12195 0.000000000000000000e+00 6.011548276974952761e-03 1.142667141597085018e-01 0 0 0 0 0 0
346 6271 12196 3.984638149052841666e-03 4.411282811091490723e-03 1.092846943928432596e-01 0 0 0 0 0 0
347 6272 12197 0.000000000000000000e+00 0.000000000000000000e+00 1.098931928862577068e-01 0 0 0 0 0 0
348 6273 12198 0.000000000000000000e+00 2.611323578058917863e-02 1.290009029129016160e-01 0 0 0 0 0 0
349 6274 12199 7.896490138419966828e-04 2.316593954855197812e-02 1.299057630727200596e-01 0 0 0 0 0 0
350 6275 12200 0.000000000000000000e+00 2.325558645189956461e-02 1.297404831063618813e-01 0 0 0 0 0 0
351 6276 12201 2.436943074933563963e-02 7.532619886717242114e-03 1.215145432211267446e-01 0 0 0 0 0 0
352 6277 12202 2.839525661185266642e-02 1.754102221997221392e-02 1.138791931640606991e-01 0 0 0 0 0 0
353 6278 12203 2.793158600765320229e-02 3.076457435742130722e-02 1.077247448859585399e-01 0 0 0 0 0 0
354 6279 12204 1.182915134148475322e-02 3.666929891403758468e-02 1.157894029232164751e-01 0 0 0 0 0 0
355 6280 12205 0.000000000000000000e+00 3.505340708291646706e-02 1.246267642589066887e-01 0 0 0 0 0 0
356 6281 12206 0.000000000000000000e+00 3.420843826046827962e-02 1.084435780016973216e-01 0 0 0 0 0 0
357 6282 12207 2.431942997942894424e-02 7.516178144342518068e-03 1.214813273049633879e-01 0 0 0 0 0 0
358 6283 12208 0.000000000000000000e+00 1.124418550388633573e-02 1.173857945174206496e-01 0 0 0 0 0 0
359 6284 12209 0.000000000000000000e+00 2.007312379466352770e-02 1.052173670097985986e-01 0 0 0 0 0 0
360 6285 12210 4.021642720576599876e-03 1.586169963663331198e-02 1.049171777601960176e-01 0 0 0 0 0 0
361 6286 12211 4.022894370688092150e-03 1.080685932833830819e-02 1.109185898080302102e-01 0 0 0 0 0 0
362 6287 12212 0.000000000000000000e+00 1.128774069428350665e-02 1.156507727733525337e-01 0 0 0 0 0 0
363 6288 12213 1.421805600698187490e-02 9.343858369723510512e-03 1.086579988219158605e-01 0 0 0 0 0 0
364 6289 12214 0.000000000000000000e+00 2.984523470827084302e-02 1.041602591885495005e-01 0 0 0 0 0 0
365 6290 12215 3.471633982397792032e-03 3.122125806058358155e-02 1.033590022323528368e-01 0 0 0 0 0 0
366 6291 12216 0.000000000000000000e+00 3.226894125889087639e-02 1.046578391502786670e-01 0 0 0 0 0 0
367 6292 12217 1.421733441631788282e-02 1.393256528977242920e-02 1.032098459300149762e-01 0 0 0 0 0 0
368 6293 12218 1.993644933399212407e-02 2.051908280515226529e-02 1.014225823827730327e-01 0 0 0 0 0 0
369 6294 12219 2.141398201078504107e-02 2.771261573706539430e-02 1.003667505595740028e-01 0 0 0 0 0 0
370 6295 12220 2.525285676489066183e-02 0.000000000000000000e+00 1.216385217790058593e-01 0 0 0 0 0 0
371 6296 12221 2.501917029304231294e-02 4.318603596968307971e-03 1.215991676243949049e-01 0 0 0 0 0 0
372 6297 12222 2.491483377355224391e-02 7.082321085202348578e-03 1.218131164098995023e-01 0 0 0 0 0 0
373 6298 12223 2.493848670177513036e-02 7.044487923786688088e-03 1.219277358368893865e-01 0 0 0 0 0 0
374 6299 12224 2.525831761481682133e-02 0.000000000000000000e+00 1.216674047280070364e-01 0 0 0 0 0 0
375 6300 12225 2.016448439861626835e-02 9.027564953170277157e-03 1.301922920580989296e-01 0 0 0 0 0 0
376 6301 12226 1.912948486047944333e-02 0.000000000000000000e+00 1.323854403625213949e-01 0 0 0 0 0 0
377 6302 12227 5.941661293815513577e-03 1.860918858841172779e-02 1.344097808598674060e-01 0 0 0 0 0 0
378 6303 12228 0.000000000000000000e+00 1.382233157522870862e-02 1.378765089662074839e-01 0 0 0 0 0 0
379 6304 12229 0.000000000000000000e+00 0.000000000000000000e+00 1.405575077375761373e-01 0 0 0 0 0 0
380 6305 12230 2.536680628170558116e-02 0.000000000000000000e+00 1.209727935707336222e-01 0 0 0 0 0 0
381 6306 12231 3.036358612662970816e-02 0.000000000000000000e+00 1.041949981909719297e-01 0 0 0 0 0 0
382 6307 12232 2.946813522411290825e-02 1.624227895406114841e-02 1.147712817847899441e-01 0 0 0 0 0 0
383 6308 12233 3.303785334979401217e-02 0.000000000000000000e+00 1.088363428335703958e-01 0 0 0 0 0 0
384 6309 12234 0.000000000000000000e+00 9.914613959757630213e-03 1.490419241784886883e-01 0 0 0 0 0 0
385 6310 12235 1.184373624229750725e-02 1.705605347556534215e-02 1.489901113851400949e-01 0 0 0 0 0 0
386 6311 12236 1.620537935907255186e-02 2.364733667401244105e-02 1.603295059925298471e-01 0 0 0 0 0 0
387 6312 12237 1.534961475381187157e-02 2.362283462170753842e-02 1.617425446616228557e-01 0 0 0 0 0 0
388 6313 12238 1.622695551523188184e-03 1.506593573561668294e-02 1.609998765686386779e-01 0 0 0 0 0 0
389 6314 12239 0.000000000000000000e+00 1.235212974306995788e-02 1.560310987691225781e-01 0 0 0 0 0 0
390 6315 12240 8.639237970382176654e-03 0.000000000000000000e+00 1.508926872791124529e-01 0 0 0 0 0 0
391 6316 12241 1.698580595793744777e-02 9.479740951445977948e-03 1.503008641814023161e-01 0 0 0 0 0 0
392 6317 12242 0.000000000000000000e+00 5.881069748703294728e-03 1.495456046774022163e-01 0 0 0 0 0 0
393 6318 12243 5.040759759734904019e-03 0.000000000000000000e+00 1.506374826163047742e-01 0 0 0 0 0 0
394 6319 12244 2.153750503039809569e-02 0.000000000000000000e+00 1.735005733078881507e-01 0 0 0 0 0 0
395 6320 12245 2.092480379763548767e-02 1.694894788419768232e-03 1.743500966869416524e-01 0 0 0 0 0 0
396 6321 12246 7.931696568859723448e-03 1.426496861086642629e-02 1.689408635005948955e-01 0 0 0 0 0 0
397 6322 12247 2.720864568400507139e-02 7.372727623716462952e-03 1.630852778982645745e-01 0 0 0 0 0 0
398 6323 12248 2.119737549086113046e-02 6.763390489141668342e-03 1.541155871076718697e-01 0 0 0 0 0 0
399 6324 12249 1.524245553754795778e-02 0.000000000000000000e+00 1.545378276236109294e-01 0 0 0 0 0 0
400 6325 12250 1.489238400304658885e-02 2.007524965580374104e-02 1.669555467212474331e-01 0 0 0 0 0 0
401 6326 12251 2.436901701033533305e-02 0.000000000000000000e+00 1.695539113206533943e-01 0 0 0 0 0 0
402 6327 12252 2.711047279440103458e-02 6.091275229568426063e-03 1.648601191571588687e-01 0 0 0 0 0 0
403 6328 12253 2.267069938726715139e-02 5.314557917846149913e-03 1.730104064136691600e-01 0 0 0 0 0 0
404 6329 12254 2.405630235856963742e-02 4.733588284241895157e-03 1.715053081437905025e-01 0 0 0 0 0 0
405 6330 12255 2.355666891156819528e-02 0.000000000000000000e+00 1.714155945193584496e-01 0 0 0 0 0 0
406 6331 12256 1.915135307327957975e-02 1.893738903022650424e-02 1.401256739733908185e-01 0 0 0 0 0 0
407 6332 12257 2.422131972137047881e-02 1.016499620406924494e-02 1.425225554764391334e-01 0 0 0 0 0 0
408 6333 12258 2.440951851269135969e-02 9.714470464877795336e-03 1.418685100189897852e-01 0 0 0 0 0 0
409 6334 12259 2.230958383212689952e-02 1.226733750415454245e-02 1.344470500888286790e-01 0 0 0 0 0 0
410 6335 12260 2.069392597685620547e-02 0.000000000000000000e+00 1.368325293776647411e-01 0 0 0 0 0 0
411 6336 12261 1.533189540532671133e-02 2.176646948890507277e-02 1.415255008649354829e-01 0 0 0 0 0 0
412 6337 12262 0.000000000000000000e+00 0.000000000000000000e+00 1.475931358969840568e-01 0 0 0 0 0 0
413 6338 12263 0.000000000000000000e+00 3.543390306385371929e-03 1.849285836862276933e-01 0 0 0 0 0 0
414 6339 12264 9.597565196259712434e-04 4.034827617678425279e-03 1.841210494155760824e-01 0 0 0 0 0 0
415 6340 12265 5.434252764577504266e-03 1.391827594726606498e-02 1.708442372938162035e-01 0 0 0 0 0 0
416 6341 12266 0.000000000000000000e+00 1.349619299861953142e-02 1.724592576119029497e-01 0 0 0 0 0 0
417 6342 12267 2.020158920005048209e-02 0.000000000000000000e+00 1.765998194709121061e-01 0 0 0 0 0 0
418 6343 12268 8.493045483295474235e-03 0.000000000000000000e+00 1.837918136817262016e-01 0 0 0 0 0 0
419 6344 12269 0.000000000000000000e+00 1.503268387192599649e-02 1.607766509216952133e-01 0 0 0 0 0 0
420 6345 12270 0.000000000000000000e+00 0.000000000000000000e+00 1.876265720491972211e-01 0 0 0 0 0 0
421 6346 12271 2.625693336540383185e-02 8.892286445969290257e-03 1.442586876732388779e-01 0 0 0 0 0 0
422 6347 12272 2.812734820638181782e-02 7.419708804483151655e-03 1.466657405783610701e-01 0 0 0 0 0 0
423 6348 12273 2.528945655272133580e-02 0.000000000000000000e+00 1.428193641815477533e-01 0 0 0 0 0 0
424 6349 12274 5.241017523127364935e-02 0.000000000000000000e+00 1.367642732182281495e-01 0 0 0 0 0 0
425 6350 12275 5.159887090072882987e-02 1.946298457427442230e-03 1.364342333975077370e-01 0 0 0 0 0 0
426 6351 12276 3.051185434537316554e-02 1.148071490180481956e-02 1.253025478915342772e-01 0 0 0 0 0 0
427 6352 12277 3.572886527678009044e-02 0.000000000000000000e+00 1.492661929006869614e-01 0 0 0 0 0 0
428 6353 12278 3.382169826700440196e-02 6.904662517337505946e-03 1.500369248926552435e-01 0 0 0 0 0 0
429 6354 12279 3.013401743400792240e-02 7.618709958795985733e-03 1.479611119366779359e-01 0 0 0 0 0 0
430 6355 12280 2.942392249198823653e-02 1.363527915693918749e-02 1.304702961072285450e-01 0 0 0 0 0 0
431 6356 12281 5.208007557074985361e-02 1.839937292705252870e-03 1.370723388375854335e-01 0 0 0 0 0 0
432 6357 12282 4.278567016037632120e-02 9.246102302146695651e-03 1.432301068036217206e-01 0 0 0 0 0 0
433 6358 12283 5.251862113427118589e-02 0.000000000000000000e+00 1.369181959201249410e-01 0 0 0 0 0 0
434 6359 12284 3.323939287150174532e-02 7.930350081802052184e-03 1.513846832876581117e-01 0 0 0 0 0 0
435 6360 12285 3.326596754903741321e-02 8.057196644586515216e-03 1.514566968461923124e-01 0 0 0 0 0 0
436 6361 12286 3.315014468154080934e-02 1.773961714244686252e-02 1.546636067121083258e-01 0 0 0 0 0 0
437 6362 12287 3.267420453328118840e-02 1.861415191437702787e-02 1.544561549218035623e-01 0 0 0 0 0 0
438 6363 12288 1.959618911768804678e-02 2.291012606336839327e-02 1.419672945474771686e-01 0 0 0 0 0 0
439 6364 12289 4.370643404552390643e-02 1.364110328796263802e-02 1.457252446599600626e-01 0 0 0 0 0 0
440 6365 12290 4.362077837744709335e-02 2.080164260347516086e-02 1.480968834646650412e-01 0 0 0 0 0 0
441 6366 12291 3.070154521646710488e-02 2.504545865053285636e-02 1.357596523203684347e-01 0 0 0 0 0 0
442 6367 12292 3.374013427158267103e-02 1.859437102343521400e-02 1.545136601060724535e-01 0 0 0 0 0 0
443 6368 12293 1.726365601365410438e-02 2.455808782633536053e-02 1.427850049916491448e-01 0 0 0 0 0 0
444 6369 12294 1.903646805888216040e-02 2.755790120558103753e-02 1.568490843892302589e-01 0 0 0 0 0 0
445 6370 12295 2.945610902448755897e-02 7.588554998938451882e-03 1.618167461818770803e-01 0 0 0 0 0 0
446 6371 12296 3.316698284836149674e-02 7.924081810383726623e-03 1.516897942665751675e-01 0 0 0 0 0 0
447 6372 12297 2.945928988039903107e-02 7.473577091340819802e-03 1.619707824228950599e-01 0 0 0 0 0 0
448 6373 12298 3.212402651093389239e-02 3.786578864125757140e-03 1.602436792702891799e-01 0 0 0 0 0 0
449 6374 12299 3.302810260265038461e-02 0.000000000000000000e+00 1.604060141648744608e-01 0 0 0 0 0 0
450 6375 12300 1.285327204680610791e-01 1.499999999999999944e-01 1.780162181212347483e-01 0 0 0 0 0 0
451 6376 12301 1.301376867986605013e-01 1.432369404587675032e-01 1.791013819786322625e-01 0 0 0 0 0 0
452 6377 12302 1.499999999999999944e-01 1.432369404587675032e-01 1.910988378178072600e-01 0 0 0 0 0 0
453 6378 12303 1.499999999999999944e-01 1.499999999999999944e-01 1.909831236151171285e-01 0 0 0 0 0 0
454 6379 12304 1.276958325635671188e-01 1.499999999999999944e-01 1.696763953995199525e-01 0 0 0 0 0 0
455 6380 12305 1.499999999999999944e-01 1.499999999999999944e-01 1.831488072548582424e-01 0 0 0 0 0 0
456 6381 12306 1.311881070262826687e-01 7.989016008613087499e-03 7.857310154959676329e-02 0 0 0 0 0 0
457 6382 12307 1.328418525620435886e-01 1.167457568987786617e-02 7.948572627060807028e-02 0 0 0 0 0 0
458 6383 12308 1.327115260845088962e-01 1.418950604050753760e-02 7.845459528390766324e-02 0 0 0 0 0 0
459 6384 12309 1.267925203256033417e-01 1.398194412138143231e-02 7.074883812192532540e-02 0 0 0 0 0 0
460 6385 12310 1.396048144271301861e-01 1.548812701828796573e-02 7.681799404014266752e-02 0 0 0 0 0 0
461 6386 12311 1.371879650449011612e-01 1.502169338381351138e-02 7.828090809582149978e-02 0 0 0 0 0 0
462 6387 12312 1.332210471244443251e-01 1.229507712997753542e-02 7.956732511358320659e-02 0 0 0 0 0 0
463 6388 12313 1.424523876151596868e-01 2.181604079730326690e-02 7.222923109633992700e-02 0 0 0 0 0 0
464 6389 12314 1.412334112640462047e-01 2.221954159218390151e-02 7.059796397770022602e-02 0 0 0 0 0 0
465 6390 12315 1.420484244176747068e-01 2.202688416474473179e-02 7.323437412354831533e-02 0 0 0 0 0 0
466 6391 12316 1.327564937092249320e-01 1.423982266930529442e-02 7.847282650469279697e-02 0 0 0 0 0 0
467 6392 12317 1.341453490116953084e-01 2.064113011831372399e-02 7.502695373932621870e-02 0 0 0 0 0 0
468 6393 12318 1.270862467266901108e-01 1.431508728584313800e-02 7.086422058714703098e-02 0 0 0 0 0 0
469 6394 12319 1.394747598252930043e-01 2.308725960186142415e-02 7.396799482347478361e-02 0 0 0 0 0 0
470 6395 12320 1.398986946288470201e-01 2.292423365430346430e-02 7.408042930306900364e-02 0 0 0 0 0 0
471 6396 12321 1.494040075497525821e-01 1.573101104927634997e-02 1.730222802774995516e-01 0 0 0 0 0 0
472 6397 12322 1.499999999999999944e-01 1.803415538648209596e-02 1.709228657309441735e-01 0 0 0 0 0 0
473 6398 12323 1.499999999999999944e-01 1.558516503636559435e-02 1.730682603738414871e-01 0 0 0 0 0 0
474 6399 12324 1.380748219884884997e-01 1.936026404343627397e-02 1.811838818767774750e-01 0 0 0 0 0 0
475 6400 12325 1.379561322911042609e-01 1.951570642147492859e-02 1.825075726018228761e-01 0 0 0 0 0 0
476 6401 12326 1.390182746979550243e-01 1.983736211136197594e-02 1.887221374405439189e-01 0 0 0 0 0 0
477 6402 12327 1.313119408924907916e-01 4.231951851951748500e-02 1.774167110953208393e-01 0 0 0 0 0 0
478 6403 12328 1.315364826730011927e-01 4.111106740680588872e-02 1.800471580900263879e-01 0 0 0 0 0 0
479 6404 12329 1.382732598891985853e-01 5.607350368473078966e-02 1.768334083108853427e-01 0 0 0 0 0 0
480 6405 12330 1.358566014499013042e-01 5.289498970388544635e-02 1.744761876833849645e-01 0 0 0 0 0 0
481 6406 12331 1.328207489561531174e-01 4.623187993767208931e-02 1.757968743378741372e-01 0 0 0 0 0 0
482 6407 12332 1.499999999999999944e-01 5.594747118744997777e-02 1.708492398118613975e-01 0 0 0 0 0 0
483 6408 12333 1.499999999999999944e-01 4.817183413638864015e-02 1.621370836162776274e-01 0 0 0 0 0 0
484 6409 12334 1.386911983938743376e-01 4.925708810631462820e-02 1.689877631538084790e-01 0 0 0 0 0 0
485 6410 12335 1.354708497984712656e-01 4.125446898852720007e-02 1.699853463426440059e-01 0 0 0 0 0 0
486 6411 12336 1.353210816039750186e-01 4.000919667567241766e-02 1.699316070052297178e-01 0 0 0 0 0 0
487 6412 12337 1.499999999999999944e-01 3.364324506631809208e-02 1.604708263891439501e-01 0 0 0 0 0 0
488 6413 12338 1.328568794163909883e-01 3.789891604321501961e-02 1.736484897825332219e-01 0 0 0 0 0 0
489 6414 12339 1.378446354848567312e-01 1.381643497172108936e-01 1.867814498844982962e-01 0 0 0 0 0 0
490 6415 12340 1.499999999999999944e-01 1.375207886697155379e-01 1.945074298234709120e-01 0 0 0 0 0 0
491 6416 12341 1.499999999999999944e-01 1.362646449018803663e-01 2.000000000000000111e-01 0 0 0 0 0 0
492 6417 12342 1.465242413910611829e-01 1.359434261899190588e-01 2.000000000000000111e-01 0 0 0 0 0 0
493 6418 12343 1.270045245420197977e-01 1.499999999999999944e-01 1.910956605352867321e-01 0 0 0 0 0 0
494 6419 12344 1.303406078942596080e-01 1.420714069887170083e-01 1.799189705856588106e-01 0 0 0 0 0 0
495 6420 12345 1.312227526291977475e-01 1.499999999999999944e-01 2.000000000000000111e-01 0 0 0 0 0 0
496 6421 12346 1.275765932670299696e-01 9.854287574386590143e-02 2.000000000000000111e-01 0 0 0 0 0 0
497 6422 12347 1.309129132583711774e-01 9.521827658252986215e-02 1.886050840784330440e-01 0 0 0 0 0 0
498 6423 12348 1.499999999999999944e-01 9.588356150787977206e-02 1.903958468703262075e-01 0 0 0 0 0 0
499 6424 12349 1.499999999999999944e-01 9.870616164125693703e-02 2.000000000000000111e-01 0 0 0 0 0 0
500 6425 12350 1.292609966204734395e-01 6.576221876330252958e-02 2.000000000000000111e-01 0 0 0 0 0 0
501 6426 12351 1.327301810471123722e-01 6.604106530780336215e-02 1.908709562051686126e-01 0 0 0 0 0 0
502 6427 12352 1.264667184048009485e-01 7.716076920455720856e-02 1.825379639575291646e-01 0 0 0 0 0 0
503 6428 12353 1.251061918453073851e-01 7.862009288469509749e-02 1.827690576535674905e-01 0 0 0 0 0 0
504 6429 12354 1.160563748401992334e-01 8.097626424185017102e-02 2.000000000000000111e-01 0 0 0 0 0 0
505 6430 12355 1.436245414481549243e-01 5.940104378983759870e-02 2.000000000000000111e-01 0 0 0 0 0 0
506 6431 12356 1.499999999999999944e-01 6.816286375450257562e-02 2.000000000000000111e-01 0 0 0 0 0 0
507 6432 12357 1.499999999999999944e-01 9.425758088736181650e-02 1.889775241811241235e-01 0 0 0 0 0 0
508 6433 12358 1.274746023651724403e-01 8.526104894977197535e-02 1.797014712883611420e-01 0 0 0 0 0 0
509 6434 12359 1.259863228567344728e-01 7.943136644628018272e-02 1.812999835645274227e-01 0 0 0 0 0 0
510 6435 12360 1.270097574967690990e-01 8.658302848948185027e-02 1.808251386128172100e-01 0 0 0 0 0 0
511 6436 12361 1.167440124229449372e-01 8.738728137101955951e-02 2.000000000000000111e-01 0 0 0 0 0 0
512 6437 12362 1.080885227166537704e-01 5.147554964236997037e-03 8.990970612460051636e-02 0 0 0 0 0 0
513 6438 12363 1.150933494963471554e-01 1.864127854535761394e-02 9.363517908076261775e-02 0 0 0 0 0 0
514 6439 12364 1.210222458302798731e-01 8.665670436603316318e-03 1.074779606508847601e-01 0 0 0 0 0 0
515 6440 12365 1.208702619066102379e-01 4.526387524271481035e-03 1.093187974494060494e-01 0 0 0 0 0 0
516 6441 12366 1.180961311193671204e-01 0.000000000000000000e+00 1.074349557895953461e-01 0 0 0 0 0 0
517 6442 12367 1.074305887412676519e-01 0.000000000000000000e+00 9.149826117714084106e-02 0 0 0 0 0 0
518 6443 12368 1.286759935518453912e-01 5.934979735205398246e-03 8.476998898243101599e-02 0 0 0 0 0 0
519 6444 12369 1.287740824046310906e-01 2.115394620306077124e-06 8.639619941673300219e-02 0 0 0 0 0 0
520 6445 12370 1.287717588485808584e-01 0.000000000000000000e+00 8.639734298133278090e-02 0 0 0 0 0 0
521 6446 12371 1.279667300443423639e-01 1.219188779102473898e-02 8.754806187186764399e-02 0 0 0 0 0 0
522 6447 12372 1.233074748454828090e-01 6.775500036853639337e-03 1.081684086415482526e-01 0 0 0 0 0 0
523 6448 12373 1.261790440567142346e-01 6.996110112515193172e-03 1.028678934332599992e-01 0 0 0 0 0 0
524 6449 12374 1.499999999999999944e-01 7.879328313998719066e-03 8.200571976665620155e-02 0 0 0 0 0 0
525 6450 12375 1.499999999999999944e-01 0.000000000000000000e+00 7.528147832661442884e-02 0 0 0 0 0 0
526 6451 12376 1.313574447673072909e-01 8.136542960585035206e-03 8.118362380574464798e-02 0 0 0 0 0 0
527 6452 12377 1.299355426245141776e-01 0.000000000000000000e+00 8.537948316717253183e-02 0 0 0 0 0 0
528 6453 12378 1.312822422257981514e-01 7.543103404871609984e-03 8.202308948000260058e-02 0 0 0 0 0 0
529 6454 12379 1.319072101064248936e-01 0.000000000000000000e+00 8.639121740940880478e-02 0 0 0 0 0 0
530 6455 12380 1.408285879201035817e-01 1.583114815432631840e-03 9.011964213442572036e-02 0 0 0 0 0 0
531 6456 12381 1.424652040135452880e-01 0.000000000000000000e+00 9.080361719249271935e-02 0 0 0 0 0 0
532 6457 12382 1.364381633124852611e-01 1.183638773006963525e-02 8.236511464398391102e-02 0 0 0 0 0 0
533 6458 12383 1.330668257635977680e-01 1.127053092633029975e-02 8.093878294736864265e-02 0 0 0 0 0 0
534 6459 12384 1.499999999999999944e-01 1.936923133252731665e-03 8.910071146976561440e-02 0 0 0 0 0 0
535 6460 12385 1.409030493054556632e-01 5.805132247746772056e-03 8.789242561921022101e-02 0 0 0 0 0 0
536 6461 12386 1.499999999999999944e-01 0.000000000000000000e+00 9.011938325779558778e-02 0 0 0 0 0 0
537 6462 12387 1.431008616158318258e-01 2.785703721102507704e-02 8.199118766747463816e-02 0 0 0 0 0 0
538 6463 12388 1.499999999999999944e-01 3.110220222754592201e-02 8.183812722450577171e-02 0 0 0 0 0 0
539 6464 12389 1.499999999999999944e-01 2.024085427292118475e-02 9.879959149245377825e-02 0 0 0 0 0 0
540 6465 12390 1.411166545884428025e-01 1.873634074954293530e-02 9.482090976800180981e-02 0 0 0 0 0 0
541 6466 12391 1.396880633715030517e-01 1.599959102090134713e-02 9.285912792424438900e-02 0 0 0 0 0 0
542 6467 12392 1.499999999999999944e-01 2.289713274024705522e-02 7.334366680893085466e-02 0 0 0 0 0 0
543 6468 12393 1.499999999999999944e-01 2.855133587986703747e-02 7.771478899015993314e-02 0 0 0 0 0 0
544 6469 12394 1.475636473002140681e-01 2.945968814193655055e-02 7.858966117099380755e-02 0 0 0 0 0 0
545 6470 12395 1.417219986882717608e-01 2.639894265740278662e-02 7.663743413070946142e-02 0 0 0 0 0 0
546 6471 12396 1.499999999999999944e-01 3.085034482055904956e-02 8.016294343988872306e-02 0 0 0 0 0 0
547 6472 12397 6.030549950640276546e-02 1.051450762298346275e-02 2.000000000000000111e-01 0 0 0 0 0 0
548 6473 12398 5.799422707132566995e-02 9.694165165193531844e-03 1.923130293825424664e-01 0 0 0 0 0 0
549 6474 12399 5.727181132917730927e-02 8.005836855959531234e-03 1.908824221254183662e-01 0 0 0 0 0 0
550 6475 12400 5.713625113505761688e-02 7.403472356040862942e-03 1.908078156404257320e-01 0 0 0 0 0 0
551 6476 12401 5.730561820029744097e-02 0.000000000000000000e+00 1.964376986074840292e-01 0 0 0 0 0 0
552 6477 12402 5.830435615922439224e-02 0.000000000000000000e+00 2.000000000000000111e-01 0 0 0 0 0 0
553 6478 12403 4.197985493483039759e-02 0.000000000000000000e+00 1.908608749595209209e-01 0 0 0 0 0 0
554 6479 12404 4.774269965173952995e-02 4.180098496667904867e-03 1.876406775957991657e-01 0 0 0 0 0 0
555 6480 12405 4.862987224089466293e-02 3.672958398234444592e-03 1.872109517532426770e-01 0 0 0 0 0 0
556 6481 12406 4.898370042190580004e-02 0.000000000000000000e+00 1.872386820305406707e-01 0 0 0 0 0 0
557 6482 12407 5.353441198890778602e-02 0.000000000000000000e+00 1.890993770732440904e-01 0 0 0 0 0 0
558 6483 12408 4.824924395003495070e-02 1.876592825116669278e-02 2.000000000000000111e-01 0 0 0 0 0 0
559 6484 12409 3.288093623180231295e-02 1.876592825116668931e-02 2.000000000000000111e-01 0 0 0 0 0 0
560 6485 12410 3.273647306235417248e-02 1.814963859119238590e-02 1.994777861300864041e-01 0 0 0 0 0 0
561 6486 12411 3.047865328433969206e-02 1.118782574011380204e-02 2.000000000000000111e-01 0 0 0 0 0 0
562 6487 12412 2.812272370056891763e-02 0.000000000000000000e+00 2.000000000000000111e-01 0 0 0 0 0 0
563 6488 12413 0.000000000000000000e+00 1.872538418008022620e-02 4.161694737559268331e-02 0 0 0 0 0 0
564 6489 12414 8.705983132358176974e-03 2.388482898357944390e-02 4.194671023158434014e-02 0 0 0 0 0 0
565 6490 12415 6.030602779532845750e-03 1.165545504489958958e-02 5.015800680902703090e-02 0 0 0 0 0 0
566 6491 12416 0.000000000000000000e+00 6.703163459289084025e-03 5.100605440761254994e-02 0 0 0 0 0 0
567 6492 12417 0.000000000000000000e+00 3.115063111391275924e-03 3.686505813151608885e-02 0 0 0 0 0 0
568 6493 12418 6.370664634986341994e-03 5.683790504249470500e-03 3.673902666209555995e-02 0 0 0 0 0 0
569 6494 12419 1.168428777552081230e-02 7.278314381218101495e-03 3.787249171737275960e-02 0 0 0 0 0 0
570 6495 12420 1.354439264117511532e-02 5.242274647768390035e-03 4.413280679213790747e-02 0 0 0 0 0 0
571 6496 12421 3.283234317285957816e-03 0.000000000000000000e+00 4.683302331656376966e-02 0 0 0 0 0 0
572 6497 12422 0.000000000000000000e+00 0.000000000000000000e+00 4.390580188514755372e-02 0 0 0 0 0 0
573 6498 12423 1.394821160864497152e-02 2.236226439379009751e-02 4.073609003953212321e-02 0 0 0 0 0 0
574 6499 12424 1.156305133739486332e-02 9.044676989100121009e-03 3.702206623712887834e-02 0 0 0 0 0 0
575 6500 12425 1.486174861092741731e-02 1.223629623302825015e-02 4.628199551099614756e-02 0 0 0 0 0 0
576 6501 12426 0.000000000000000000e+00 0.000000000000000000e+00 4.835930856951384943e-02 0 0 0 0 0 0
577 6502 12427 1.773243572579435989e-02 0.000000000000000000e+00 4.531884631700632687e-02 0 0 0 0 0 0
578 6503 12428 1.722430144987393413e-02 0.000000000000000000e+00 3.269871217628754489e-02 0 0 0 0 0 0
579 6504 12429 0.000000000000000000e+00 2.661342612262561965e-03 3.473882195823248947e-02 0 0 0 0 0 0
580 6505 12430 1.673773395050082201e-04 2.704427718476455980e-03 3.462115081624300705e-02 0 0 0 0 0 0
581 6506 12431 2.536243505230617416e-03 0.000000000000000000e+00 3.269871217628754489e-02 0 0 0 0 0 0
582 6507 12432 0.000000000000000000e+00 0.000000000000000000e+00 3.453240256315335405e-02 0 0 0 0 0 0
583 6508 12433 2.893582351310756105e-03 9.194415156688505106e-03 2.665090138140473533e-02 0 0 0 0 0 0
584 6509 12434 0.000000000000000000e+00 1.099292133208115523e-02 2.602519576448144439e-02 0 0 0 0 0 0
585 6510 12435 0.000000000000000000e+00 7.478860679313378487e-03 6.111482072099868462e-02 0 0 0 0 0 0
586 6511 12436 2.992858909240514193e-03 9.983991341401939057e-03 6.131185114964281951e-02 0 0 0 0 0 0
587 6512 12437 7.083212057990273362e-03 9.588772637149790140e-03 6.394918506153328408e-02 0 0 0 0 0 0
588 6513 12438 2.449127130078868411e-03 0.000000000000000000e+00 6.718464437665945532e-02 0 0 0 0 0 0
589 6514 12439 0.000000000000000000e+00 0.000000000000000000e+00 6.575225642991436303e-02 0 0 0 0 0 0
590 6515 12440 1.717680177604706190e-02 1.111911054082360961e-02 5.373708728734665624e-02 0 0 0 0 0 0
591 6516 12441 2.132000463847360736e-02 8.735071586094416557e-03 4.905269420339285896e-02 0 0 0 0 0 0
592 6517 12442 2.155255083321967052e-02 0.000000000000000000e+00 4.738332661733573453e-02 0 0 0 0 0 0
593 6518 12443 1.849808038774475652e-02 1.195060437712316265e-02 4.818844581768176594e-02 0 0 0 0 0 0
594 6519 12444 1.296487256990654612e-02 1.266453041083863591e-02 3.243805193477965892e-02 0 0 0 0 0 0
595 6520 12445 2.222668973499325115e-02 5.631728502338391278e-03 2.070936845434543858e-02 0 0 0 0 0 0
596 6521 12446 4.493557774670798449e-02 1.244620900332370633e-01 1.404960927011766371e-02 0 0 0 0 0 0
597 6522 12447 4.453958757816934427e-02 1.235671515807520160e-01 1.460727746446695459e-02 0 0 0 0 0 0
598 6523 12448 3.884075149538637056e-02 1.170582657040061536e-01 1.943584234245984352e-02 0 0 0 0 0 0
599 6524 12449 3.525010498752718935e-02 1.148602832861358863e-01 2.152311302145429664e-02 0 0 0 0 0 0
600 6525 12450 2.908033680791014333e-02 1.169852815720968803e-01 2.214784029440548113e-02 0 0 0 0 0 0
601 6526 12451 4.344971256983267555e-02 1.193252126457583773e-01 1.478876930042595864e-02 0 0 0 0 0 0
602 6527 12452 3.272736815098704899e-02 1.075419307728250201e-01 2.493986417583505654e-03 0 0 0 0 0 0
603 6528 12453 2.888486701919850547e-02 1.077631003872149967e-01 1.386189834451290528e-02 0 0 0 0 0 0
604 6529 12454 1.979331094407601674e-02 1.154237568239298295e-01 1.883214532130231267e-02 0 0 0 0 0 0
605 6530 12455 2.444547601647334770e-02 1.079258176997907742e-01 1.308980483655440737e-02 0 0 0 0 0 0
606 6531 12456 4.412204281912062570e-02 1.211816741052255675e-01 1.448858654075558215e-02 0 0 0 0 0 0
607 6532 12457 4.502170089329329133e-02 1.241106094012429384e-01 1.366064153179370397e-02 0 0 0 0 0 0
608 6533 12458 3.160491450123012469e-02 1.075677300393753644e-01 0.000000000000000000e+00 0 0 0 0 0 0
609 6534 12459 2.526005506353417099e-02 1.078076533688192562e-01 0.000000000000000000e+00 0 0 0 0 0 0
610 6535 12460 5.307887241565800718e-02 1.174308660751823830e-01 7.562376715823992089e-03 0 0 0 0 0 0
611 6536 12461 5.302833228144276934e-02 1.202333387292640610e-01 3.683233479065207809e-03 0 0 0 0 0 0
612 6537 12462 5.888374676558930793e-02 1.166797784584847064e-01 7.863944381986643153e-03 0 0 0 0 0 0
613 6538 12463 6.843982527100334057e-02 1.204740447232679895e-01 1.417607929755226696e-02 0 0 0 0 0 0
614 6539 12464 5.984738558983399709e-02 1.499999999999999944e-01 6.746704441046671476e-03 0 0 0 0 0 0
615 6540 12465 5.570637959447135440e-02 1.360858212795929834e-01 2.518987704886133799e-02 0 0 0 0 0 0
616 6541 12466 5.955943401860473024e-02 1.297544997793235733e-01 2.311495623349952427e-02 0 0 0 0 0 0
617 6542 12467 5.337414079890449858e-02 1.499999999999999944e-01 1.855636156398672576e-02 0 0 0 0 0 0
618 6543 12468 4.625488774531222314e-02 1.254985559981763865e-01 1.551368011488605224e-02 0 0 0 0 0 0
619 6544 12469 5.860020944786459990e-02 1.194522805253340619e-01 0.000000000000000000e+00 0 0 0 0 0 0
620 6545 12470 6.979961934135479884e-02 1.121844430739586534e-01 9.384218441909907699e-03 0 0 0 0 0 0
621 6546 12471 7.380183427521637418e-02 1.144090823234030080e-01 1.243739663668195702e-02 0 0 0 0 0 0
622 6547 12472 6.433676158395684741e-02 1.499999999999999944e-01 2.672022937655331443e-03 0 0 0 0 0 0
623 6548 12473 6.098624962686168688e-02 1.499999999999999944e-01 0.000000000000000000e+00 0 0 0 0 0 0
624 6549 12474 4.410237394445228054e-02 1.191310377175987673e-01 1.458616542412407950e-02 0 0 0 0 0 0
625 6550 12475 5.177230330459471619e-02 1.135380212297303903e-01 8.750361433348344958e-03 0 0 0 0 0 0
626 6551 12476 4.525062805004002875e-02 1.051517019069973802e-01 0.000000000000000000e+00 0 0 0 0 0 0
627 6552 12477 3.586832987830974179e-02 1.055707286396321831e-01 4.372162828155570346e-04 0 0 0 0 0 0
628 6553 12478 3.696513659126073742e-02 1.051517019069973802e-01 0.000000000000000000e+00 0 0 0 0 0 0
629 6554 12479 3.600632740530265719e-02 1.054112271703872838e-01 0.000000000000000000e+00 0 0 0 0 0 0
630 6555 12480 5.543374382139778372e-02 1.032855583824076884e-01 2.209646881421124809e-02 0 0 0 0 0 0
631 6556 12481 5.780185334281952997e-02 1.058309716606251477e-01 1.120526346566334472e-02 0 0 0 0 0 0
632 6557 12482 4.821600028633206414e-02 1.026706877271371249e-01 1.684582198995867534e-03 0 0 0 0 0 0
633 6558 12483 5.274304093999495485e-02 1.016433136558856781e-01 2.509126135182013217e-02 0 0 0 0 0 0
634 6559 12484 4.745606421916370721e-02 9.950588998724654854e-02 2.280004283250096353e-02 0 0 0 0 0 0
635 6560 12485 3.674443317658006997e-02 1.146456634389026452e-01 2.277082388562771259e-02 0 0 0 0 0 0
636 6561 12486 3.695188028381059253e-02 1.143900038442726697e-01 2.287788068572677372e-02 0 0 0 0 0 0
637 6562 12487 3.219130053767590982e-02 1.046596791462073434e-01 1.585277418894777413e-02 0 0 0 0 0 0
638 6563 12488 4.126923037884400181e-02 9.977139528395669033e-02 2.078845750337516424e-02 0 0 0 0 0 0
639 6564 12489 3.818483687646622576e-02 1.012656476803610595e-01 2.011520356668059992e-02 0 0 0 0 0 0
640 6565 12490 4.618604141164910082e-02 1.029111524552341200e-01 0.000000000000000000e+00 0 0 0 0 0 0
641 6566 12491 4.201739774832795316e-02 1.028871816011208140e-01 0.000000000000000000e+00 0 0 0 0 0 0
642 6567 12492 9.365771749579603067e-02 1.444932686899517982e-01 3.073955756461015792e-02 0 0 0 0 0 0
643 6568 12493 9.726072353046891217e-02 1.402356812131261565e-01 3.559717285139015613e-02 0 0 0 0 0 0
644 6569 12494 9.829808969501323268e-02 1.446038480364394418e-01 2.397587651772202857e-02 0 0 0 0 0 0
645 6570 12495 9.368631032760141308e-02 1.457399534147967302e-01 2.779784083971762604e-02 0 0 0 0 0 0
646 6571 12496 8.614842234121590503e-02 1.315224566764422731e-01 1.370457954746052281e-02 0 0 0 0 0 0
647 6572 12497 9.889863711296817406e-02 1.307563679310591864e-01 6.143122534477928921e-03 0 0 0 0 0 0
648 6573 12498 1.010039907115247160e-01 1.317855892448012989e-01 6.356972068602057858e-03 0 0 0 0 0 0
649 6574 12499 1.016265961480907892e-01 1.403969647708788460e-01 1.693169810813942300e-02 0 0 0 0 0 0
650 6575 12500 8.972999048784158216e-02 1.434081748106500187e-01 2.689274676354230786e-02 0 0 0 0 0 0
651 6576 12501 8.311130388481093034e-02 1.365804347284091391e-01 2.167506009450991672e-02 0 0 0 0 0 0
652 6577 12502 8.364832419643092321e-02 1.313352782119564799e-01 2.356540612672775731e-02 0 0 0 0 0 0
653 6578 12503 1.024078705984209081e-01 1.303034485944754295e-01 1.007301765582847841e-02 0 0 0 0 0 0
654 6579 12504 1.051938151601320426e-01 1.296825556277699243e-01 1.968210672919119830e-02 0 0 0 0 0 0
655 6580 12505 1.013516147256829925e-01 1.293295525096137821e-01 3.645902261742031691e-02 0 0 0 0 0 0
656 6581 12506 8.596256800055838976e-02 1.310401623740201082e-01 2.606836251746435726e-02 0 0 0 0 0 0
657 6582 12507 9.885856482180013782e-02 1.342573459414681813e-01 3.878609350435213016e-02 0 0 0 0 0 0
658 6583 12508 1.340517166439881558e-01 5.061893201151462796e-02 6.102033660452642339e-02 0 0 0 0 0 0
659 6584 12509 1.377950338342672221e-01 5.189974715300061520e-02 5.859039480342964623e-02 0 0 0 0 0 0
660 6585 12510 1.499999999999999944e-01 5.179199994674884427e-02 5.662542398641719210e-02 0 0 0 0 0 0
661 6586 12511 1.499999999999999944e-01 3.478068737323967985e-02 8.028420999469271235e-02 0 0 0 0 0 0
662 6587 12512 1.340517166439881558e-01 4.377128649410816363e-02 7.054382159469300972e-02 0 0 0 0 0 0
663 6588 12513 1.362805860437701910e-01 5.089770477701590495e-02 5.867653956562088324e-02 0 0 0 0 0 0
664 6589 12514 1.499999999999999944e-01 4.452639679623157654e-02 5.549718843428057963e-02 0 0 0 0 0 0
665 6590 12515 1.193809491830518515e-01 2.313201589405274039e-02 4.801136948866091547e-02 0 0 0 0 0 0
666 6591 12516 1.280026361356512155e-01 2.864229699446404695e-02 4.913000152100140128e-02 0 0 0 0 0 0
667 6592 12517 1.084329135791404913e-01 1.109557665198695336e-02 4.557143332558182686e-02 0 0 0 0 0 0
668 6593 12518 1.105648368763621492e-01 1.716646389448907295e-02 4.459653607491038951e-02 0 0 0 0 0 0
669 6594 12519 1.330965343528434930e-01 3.167425846177075038e-02 4.825655160466192639e-02 0 0 0 0 0 0
670 6595 12520 1.390110211611954860e-01 2.823538765683172858e-02 4.852355093642470724e-02 0 0 0 0 0 0
671 6596 12521 1.419317223607579337e-01 2.569517655195442674e-02 4.881041198296047490e-02 0 0 0 0 0 0
672 6597 12522 1.105546829834438555e-01 1.673811569543551953e-02 4.170095393393077193e-02 0 0 0 0 0 0
673 6598 12523 1.322792978784562423e-01 2.960766270654696317e-02 3.755557473168209814e-02 0 0 0 0 0 0
674 6599 12524 1.340781551038322250e-01 3.134588152775024533e-02 4.182676243159268170e-02 0 0 0 0 0 0
675 6600 12525 1.081198325183222314e-01 9.866472873007953517e-03 4.326355278380338704e-02 0 0 0 0 0 0
676 6601 12526 1.499999999999999944e-01 1.988474960076248854e-02 3.826353990882877532e-02 0 0 0 0 0 0
677 6602 12527 1.499999999999999944e-01 2.226675177835388611e-02 3.778181184392075814e-02 0 0 0 0 0 0
678 6603 12528 1.374524866184722860e-01 2.956295333500646993e-02 3.719726355800329065e-02 0 0 0 0 0 0
679 6604 12529 1.499999999999999944e-01 2.222214231659933731e-02 3.897341107378466535e-02 0 0 0 0 0 0
680 6605 12530 1.433219413892741489e-01 2.578110149491386408e-02 4.732326918849626141e-02 0 0 0 0 0 0
681 6606 12531 1.499999999999999944e-01 2.161344356561940155e-02 6.825683787104873390e-02 0 0 0 0 0 0
682 6607 12532 1.499999999999999944e-01 2.510488510282602934e-02 4.685482361635156384e-02 0 0 0 0 0 0
683 6608 12533 1.420564540167544576e-01 2.835338792510424741e-02 3.092466671976993806e-02 0 0 0 0 0 0
684 6609 12534 1.499999999999999944e-01 2.261118895990920849e-02 3.179759890386141957e-02 0 0 0 0 0 0
685 6610 12535 1.487400401908188230e-01 2.430893820413215778e-02 3.193460770201686505e-02 0 0 0 0 0 0
686 6611 12536 1.499999999999999944e-01 2.352977257169887315e-02 3.219892198759012614e-02 0 0 0 0 0 0
687 6612 12537 1.320446512824458296e-01 2.851391615890707526e-02 7.313420826403137232e-02 0 0 0 0 0 0
688 6613 12538 1.322230538525329402e-01 2.960792554008934846e-02 7.211200809760474895e-02 0 0 0 0 0 0
689 6614 12539 1.305761019127696376e-01 3.457541815482926412e-02 5.302690897255956520e-02 0 0 0 0 0 0
690 6615 12540 1.332336904025843427e-01 2.717771365909070480e-02 7.399638880817201170e-02 0 0 0 0 0 0
691 6616 12541 1.352027780421129477e-01 2.674874394443687436e-02 7.383732342047670538e-02 0 0 0 0 0 0
692 6617 12542 1.319671537932258776e-01 3.374164296756793774e-02 5.115048939384447824e-02 0 0 0 0 0 0
693 6618 12543 1.273818631926998957e-01 3.638347130415672814e-02 0.000000000000000000e+00 0 0 0 0 0 0
694 6619 12544 1.280634653808516155e-01 3.804965486725955109e-02 5.226239413376504613e-03 0 0 0 0 0 0
695 6620 12545 1.302506167028725237e-01 3.896697249309900857e-02 1.291330320423836331e-02 0 0 0 0 0 0
696 6621 12546 1.308879608223603996e-01 3.897888391437345085e-02 1.462958887473801185e-02 0 0 0 0 0 0
697 6622 12547 1.431882428969502297e-01 3.029012644497641391e-02 2.946292664124085595e-02 0 0 0 0 0 0
698 6623 12548 1.499999999999999944e-01 7.105701229310751668e-03 0.000000000000000000e+00 0 0 0 0 0 0
699 6624 12549 1.237792299041859528e-01 3.642485356176027728e-02 0.000000000000000000e+00 0 0 0 0 0 0
700 6625 12550 1.302257259863419392e-01 3.898251596612226089e-02 1.431047124781815658e-02 0 0 0 0 0 0
701 6626 12551 9.032843831957262926e-02 0.000000000000000000e+00 6.425317017515350115e-02 0 0 0 0 0 0
702 6627 12552 8.986207559599131145e-02 2.156149041851683143e-03 6.291522088846142335e-02 0 0 0 0 0 0
703 6628 12553 8.952725127393944271e-02 3.026781464820192842e-03 6.195464247984340533e-02 0 0 0 0 0 0
704 6629 12554 8.741192204724697323e-02 0.000000000000000000e+00 5.588596870540808725e-02 0 0 0 0 0 0
705 6630 12555 9.959592811115539068e-02 1.233830644319391934e-02 4.837529604842497055e-02 0 0 0 0 0 0
706 6631 12556 1.013603698221414162e-01 1.480418451977748816e-02 5.294706468279967992e-02 0 0 0 0 0 0
707 6632 12557 1.018597479342878420e-01 1.477080575236472924e-02 5.285828980062189097e-02 0 0 0 0 0 0
708 6633 12558 1.046426244132050293e-01 1.387935315116642712e-02 5.102973462882019057e-02 0 0 0 0 0 0
709 6634 12559 1.007163617930833810e-01 0.000000000000000000e+00 7.287892940533244324e-02 0 0 0 0 0 0
710 6635 12560 1.030697431014370447e-01 7.162200352587981891e-03 6.884126154277461773e-02 0 0 0 0 0 0
711 6636 12561 1.063205917224013114e-01 8.256857527499297106e-03 6.544032592361759271e-02 0 0 0 0 0 0
712 6637 12562 1.069246965327994847e-01 8.197856904995096117e-03 6.487324339680863861e-02 0 0 0 0 0 0
713 6638 12563 9.103012076797084573e-02 0.000000000000000000e+00 6.555048609050431740e-02 0 0 0 0 0 0
714 6639 12564 8.809533181575526783e-02 0.000000000000000000e+00 4.969713535311175157e-02 0 0 0 0 0 0
715 6640 12565 1.066993807756340673e-01 8.414323935754142170e-03 6.497967391578197971e-02 0 0 0 0 0 0
716 6641 12566 1.042677223882602783e-01 1.328876690372272733e-02 5.527292347654549909e-02 0 0 0 0 0 0
717 6642 12567 9.753476843975472654e-02 1.161757085549563681e-02 6.103428577390788284e-02 0 0 0 0 0 0
718 6643 12568 1.869866154426971794e-02 1.174288395719080488e-02 7.792887693028800744e-02 0 0 0 0 0 0
719 6644 12569 1.863696670999836699e-02 1.144141552482392729e-02 7.792268499409911453e-02 0 0 0 0 0 0
720 6645 12570 0.000000000000000000e+00 0.000000000000000000e+00 8.319125780924950531e-02 0 0 0 0 0 0
721 6646 12571 0.000000000000000000e+00 6.066812594270492610e-03 8.373518430723084216e-02 0 0 0 0 0 0
722 6647 12572 1.796748960086478816e-02 2.898940942497458401e-02 9.316090834847789992e-02 0 0 0 0 0 0
723 6648 12573 2.239258825697769753e-02 1.828036597343415948e-02 8.143419665362869320e-02 0 0 0 0 0 0
724 6649 12574 2.264159158268702621e-02 2.801736830800061542e-02 9.313021311532622415e-02 0 0 0 0 0 0
725 6650 12575 2.268937831362921598e-02 2.782148979268689662e-02 9.261560464650704649e-02 0 0 0 0 0 0
726 6651 12576 2.275530916282030719e-02 1.859744482091115966e-02 8.186684825898840612e-02 0 0 0 0 0 0
727 6652 12577 2.202152785653328088e-02 1.459324042102410311e-02 8.190718217965402281e-02 0 0 0 0 0 0
728 6653 12578 1.865007097712770984e-02 1.008971485759738856e-02 7.830946489382428766e-02 0 0 0 0 0 0
729 6654 12579 2.206653146994925693e-02 2.815530358030186170e-02 9.289722733412975053e-02 0 0 0 0 0 0
730 6655 12580 1.399067596093155931e-02 2.252123782207570910e-02 4.067655486255434411e-02 0 0 0 0 0 0
731 6656 12581 1.177054602530338070e-02 2.576228522965186285e-02 4.043560493116844096e-02 0 0 0 0 0 0
732 6657 12582 8.928307978266091308e-03 2.562190639239546319e-02 4.137236694173321988e-02 0 0 0 0 0 0
733 6658 12583 1.434017247386254988e-02 2.141149379520470089e-02 3.629725375092029971e-02 0 0 0 0 0 0
734 6659 12584 8.299700509530411052e-03 3.040512789730092855e-02 3.693455591321443549e-02 0 0 0 0 0 0
735 6660 12585 5.253585632934460771e-03 3.114328793231484899e-02 3.584735958300622194e-02 0 0 0 0 0 0
736 6661 12586 0.000000000000000000e+00 3.119523810928214250e-02 3.351930309061459251e-02 0 0 0 0 0 0
737 6662 12587 8.317315580581354298e-03 3.045926833607427719e-02 3.752482770588531913e-02 0 0 0 0 0 0
738 6663 12588 4.299443927455042468e-03 3.159757523822039060e-02 3.773712697549508333e-02 0 0 0 0 0 0
739 6664 12589 3.686151603495337829e-03 3.167721150593089119e-02 3.784782021006664887e-02 0 0 0 0 0 0
740 6665 12590 0.000000000000000000e+00 3.183729348385264113e-02 3.685705410023873418e-02 0 0 0 0 0 0
741 6666 12591 2.231421857434944672e-02 1.810229823547447256e-02 2.363138045780547106e-02 0 0 0 0 0 0
742 6667 12592 1.861211571764611813e-02 1.850330975272005199e-02 3.107948159868652652e-02 0 0 0 0 0 0
743 6668 12593 0.000000000000000000e+00 2.911495637896355237e-02 2.329662380331409821e-02 0 0 0 0 0 0
744 6669 12594 1.477294343848373562e-02 2.721308816789910073e-02 2.103900757075564953e-02 0 0 0 0 0 0
745 6670 12595 1.658702452890406867e-02 2.767283501917999419e-02 2.279494556346894213e-02 0 0 0 0 0 0
746 6671 12596 7.330963098369698040e-03 3.156347226141808376e-02 3.212467051658698947e-02 0 0 0 0 0 0
747 6672 12597 1.026308496873243499e-02 3.117115689114198507e-02 3.163307772953721786e-02 0 0 0 0 0 0
748 6673 12598 0.000000000000000000e+00 3.150129385798233761e-02 3.029486870060615206e-02 0 0 0 0 0 0
749 6674 12599 3.288552007413879374e-02 0.000000000000000000e+00 4.869747505793346753e-02 0 0 0 0 0 0
750 6675 12600 3.087789918367006212e-02 4.302963654048776003e-03 4.930030216630918588e-02 0 0 0 0 0 0
751 6676 12601 2.139975545011726238e-02 2.026323868884453983e-02 4.425674387472542520e-02 0 0 0 0 0 0
752 6677 12602 1.972930026441836737e-02 2.094896564346714063e-02 4.425034351136840349e-02 0 0 0 0 0 0
753 6678 12603 3.161862004521670023e-03 1.889454602697733174e-02 6.201267304118129181e-02 0 0 0 0 0 0
754 6679 12604 4.800165663230494296e-03 2.335047063708580242e-02 5.652988474568991506e-02 0 0 0 0 0 0
755 6680 12605 0.000000000000000000e+00 1.966581456280907386e-02 6.207333389712561822e-02 0 0 0 0 0 0
756 6681 12606 0.000000000000000000e+00 3.417290998285795606e-02 3.985846457703973861e-02 0 0 0 0 0 0
757 6682 12607 0.000000000000000000e+00 3.001206434352629224e-02 5.045754170628776597e-02 0 0 0 0 0 0
758 6683 12608 0.000000000000000000e+00 5.780184022803976085e-02 1.633496869505986215e-02 0 0 0 0 0 0
759 6684 12609 1.431855814186467311e-02 5.594989874001941865e-02 2.598892282938098167e-02 0 0 0 0 0 0
760 6685 12610 9.604000306267318487e-03 3.589256054982471744e-02 2.912696344668610354e-02 0 0 0 0 0 0
761 6686 12611 0.000000000000000000e+00 4.285460532088495450e-02 2.090345978254845583e-02 0 0 0 0 0 0
762 6687 12612 1.099627536612275171e-02 6.075167151161448703e-02 3.346411077243206106e-02 0 0 0 0 0 0
763 6688 12613 2.938873295881609844e-03 6.412217888949446609e-02 3.320546336033074197e-02 0 0 0 0 0 0
764 6689 12614 0.000000000000000000e+00 6.492366147503612905e-02 3.216032704059438446e-02 0 0 0 0 0 0
765 6690 12615 0.000000000000000000e+00 4.447792555648952956e-02 4.673169440218986198e-02 0 0 0 0 0 0
766 6691 12616 1.386607140497860078e-03 4.473435531526991082e-02 4.677254933154055550e-02 0 0 0 0 0 0
767 6692 12617 7.575121076462547863e-03 5.728734368033649993e-02 3.882420287054080821e-02 0 0 0 0 0 0
768 6693 12618 0.000000000000000000e+00 7.729521084645525619e-02 2.144519582377531208e-02 0 0 0 0 0 0
769 6694 12619 1.933383801399883931e-02 7.057485727373957740e-02 1.531614975832705679e-02 0 0 0 0 0 0
770 6695 12620 1.285810649322593861e-02 6.888090285232614796e-02 1.111899764068855802e-02 0 0 0 0 0 0
771 6696 12621 0.000000000000000000e+00 6.970953969314537535e-02 9.426938613492715988e-03 0 0 0 0 0 0
772 6697 12622 0.000000000000000000e+00 9.083793309541629557e-02 1.928185082611940174e-02 0 0 0 0 0 0
773 6698 12623 1.767569381269329040e-02 9.513862798574136692e-02 1.200999772961789877e-02 0 0 0 0 0 0
774 6699 12624 1.731184026779478830e-02 9.295345248632987112e-02 0.000000000000000000e+00 0 0 0 0 0 0
775 6700 12625 0.000000000000000000e+00 8.751324166477723876e-02 0.000000000000000000e+00 0 0 0 0 0 0
776 6701 12626 1.613650006101855286e-02 7.141561350918593232e-02 2.183525901661781225e-03 0 0 0 0 0 0
777 6702 12627 1.452360209262944582e-02 7.209745328177488699e-02 0.000000000000000000e+00 0 0 0 0 0 0
778 6703 12628 0.000000000000000000e+00 7.247312891331637863e-02 0.000000000000000000e+00 0 0 0 0 0 0
779 6704 12629 2.230009373123295960e-02 7.184052993928302655e-02 1.400892827059455926e-02 0 0 0 0 0 0
780 6705 12630 2.358381498272435484e-02 7.326473895082398491e-02 7.663151368525841778e-03 0 0 0 0 0 0
781 6706 12631 1.989029728069326847e-02 7.771755085651628481e-02 0.000000000000000000e+00 0 0 0 0 0 0
782 6707 12632 2.412105169639711458e-02 7.419265119630918948e-02 7.326712751553983091e-03 0 0 0 0 0 0
783 6708 12633 2.758884399069233898e-02 8.095880125251658788e-02 1.058209975512424024e-02 0 0 0 0 0 0
784 6709 12634 2.772922909332310032e-02 8.305429773188093001e-02 1.019506177257705967e-02 0 0 0 0 0 0
785 6710 12635 2.679299337155691130e-02 8.379336431232976834e-02 8.585381258340098881e-03 0 0 0 0 0 0
786 6711 12636 2.143758546381154678e-02 8.583628972536404278e-02 0.000000000000000000e+00 0 0 0 0 0 0
787 6712 12637 1.873667355035438589e-02 9.129666737512717734e-02 0.000000000000000000e+00 0 0 0 0 0 0
788 6713 12638 1.684618700647232126e-02 2.971523962715238651e-02 1.705045899408222723e-02 0 0 0 0 0 0
789 6714 12639 2.985430773299864796e-02 2.835788403974410024e-02 6.252824869423636960e-03 0 0 0 0 0 0
790 6715 12640 2.863204991124419091e-02 2.933904154950811582e-02 8.125293719213815685e-03 0 0 0 0 0 0
791 6716 12641 1.721683472471978102e-02 2.994120814052213600e-02 1.700877097092035398e-02 0 0 0 0 0 0
792 6717 12642 3.346880171062701498e-02 1.901960730491117357e-02 2.055579319631452989e-02 0 0 0 0 0 0
793 6718 12643 2.000907666893399217e-02 3.011466240768446989e-02 2.133170073742634426e-02 0 0 0 0 0 0
794 6719 12644 3.306550278448796426e-02 2.664351774577482235e-02 1.721069835491704711e-02 0 0 0 0 0 0
795 6720 12645 2.869391626986960223e-02 2.976878433653023723e-02 1.684651808388666280e-02 0 0 0 0 0 0
796 6721 12646 3.270409799429463416e-02 2.572396873194370340e-02 1.913872986261681147e-02 0 0 0 0 0 0
797 6722 12647 2.560220618891508038e-02 2.996562553412130195e-02 1.993603809731454499e-02 0 0 0 0 0 0
798 6723 12648 2.854850388372834682e-02 2.988568995697733419e-02 6.019299513601744124e-03 0 0 0 0 0 0
799 6724 12649 2.391971852549806474e-02 3.253296830823840247e-02 0.000000000000000000e+00 0 0 0 0 0 0
800 6725 12650 1.473286091701216279e-02 3.480323669623011651e-02 0.000000000000000000e+00 0 0 0 0 0 0
801 6726 12651 1.689293366892615986e-02 3.016286008485509831e-02 1.644180033300848137e-02 0 0 0 0 0 0
802 6727 12652 8.872728846702889957e-03 4.451947643298601737e-02 0.000000000000000000e+00 0 0 0 0 0 0
803 6728 12653 0.000000000000000000e+00 4.668434703190356416e-02 0.000000000000000000e+00 0 0 0 0 0 0
804 6729 12654 3.201412383014405616e-02 4.038680628253529803e-02 3.669625725684734496e-02 0 0 0 0 0 0
805 6730 12655 4.043718922131398635e-02 3.778237071580547307e-02 3.872674392527472587e-02 0 0 0 0 0 0
806 6731 12656 4.414864919754931533e-02 3.205865606117454247e-02 3.400833600427276282e-02 0 0 0 0 0 0
807 6732 12657 2.363800362767148541e-02 3.217671080249781546e-02 2.142971128309879847e-02 0 0 0 0 0 0
808 6733 12658 4.468765575357196151e-02 3.672689959766040069e-02 2.014696104242552285e-02 0 0 0 0 0 0
809 6734 12659 4.268511443269398103e-02 4.172688915497321793e-02 1.811253796326107654e-02 0 0 0 0 0 0
810 6735 12660 3.926057194240208104e-02 4.800880615206703367e-02 2.006867440405817396e-02 0 0 0 0 0 0
811 6736 12661 3.731954783390348945e-02 5.035353140001398720e-02 2.409045287562137233e-02 0 0 0 0 0 0
812 6737 12662 4.080016434674686721e-02 3.420495086886636560e-02 1.632958159761669498e-02 0 0 0 0 0 0
813 6738 12663 4.056941613903817384e-02 3.636324425562852125e-02 1.607808053435407988e-02 0 0 0 0 0 0
814 6739 12664 3.183377157615276815e-02 3.771436317840839297e-02 1.592063769189458119e-02 0 0 0 0 0 0
815 6740 12665 2.814029087039324195e-02 3.494709558019481327e-02 1.624310114730412313e-02 0 0 0 0 0 0
816 6741 12666 3.562275343004677602e-02 4.980214511415336637e-02 2.496860013901624001e-02 0 0 0 0 0 0
817 6742 12667 2.519173501244955510e-02 3.534349280607101268e-02 1.914263940118920634e-02 0 0 0 0 0 0
818 6743 12668 2.955232244695401786e-02 3.967279519907981888e-02 1.398670677890401746e-02 0 0 0 0 0 0
819 6744 12669 3.872249273209028841e-02 5.361976918530222264e-02 1.894922549325891992e-02 0 0 0 0 0 0
820 6745 12670 3.016485594797407160e-02 5.228104188499778371e-02 1.281393427851775998e-02 0 0 0 0 0 0
821 6746 12671 2.898237828410273401e-02 4.799749040157560293e-02 1.249417228494794849e-02 0 0 0 0 0 0
822 6747 12672 2.809287565028464884e-02 3.536628026176011352e-02 1.598278855914271601e-02 0 0 0 0 0 0
823 6748 12673 2.394023349739988343e-02 4.211410459417472274e-02 1.734794115080959265e-02 0 0 0 0 0 0
824 6749 12674 2.646452881124749731e-02 5.125842018388897248e-02 1.803055336969262845e-02 0 0 0 0 0 0
825 6750 12675 2.420338897270185238e-02 3.827041381612143744e-02 1.803707642012556539e-02 0 0 0 0 0 0
826 6751 12676 3.760145198788029941e-02 5.322364445656613957e-02 2.206032608044873958e-02 0 0 0 0 0 0
827 6752 12677 3.420606212094554066e-02 5.246947906023029934e-02 2.358074935274423467e-02 0 0 0 0 0 0
828 6753 12678 2.232830892079640597e-02 0.000000000000000000e+00 7.593816503219047442e-02 0 0 0 0 0 0
829 6754 12679 1.891541546284587066e-02 1.257210216709921981e-02 7.717410288123550954e-02 0 0 0 0 0 0
830 6755 12680 3.511099734603699563e-02 3.001904609141735868e-03 5.626309503741952489e-02 0 0 0 0 0 0
831 6756 12681 3.693196416547946809e-02 0.000000000000000000e+00 5.449043961817513770e-02 0 0 0 0 0 0
832 6757 12682 1.381274749404480875e-02 1.412604722465791648e-02 6.863211443664601896e-02 0 0 0 0 0 0
833 6758 12683 3.692211165997039829e-02 0.000000000000000000e+00 5.063000733093717121e-02 0 0 0 0 0 0
834 6759 12684 3.553977149522225681e-02 2.273862235384776099e-03 5.079467962756881866e-02 0 0 0 0 0 0
835 6760 12685 3.981896561552973612e-02 0.000000000000000000e+00 4.896128212348942882e-02 0 0 0 0 0 0
836 6761 12686 4.088384404944749029e-02 2.222657149309328201e-02 4.217388468741280899e-02 0 0 0 0 0 0
837 6762 12687 4.465892800719346856e-02 2.189591225077914399e-02 3.529195144883970348e-02 0 0 0 0 0 0
838 6763 12688 3.296272936468709613e-02 2.184782245421385688e-02 4.684202911861936464e-02 0 0 0 0 0 0
839 6764 12689 4.678110928771181398e-02 3.087899747701917594e-02 3.758529106595989017e-02 0 0 0 0 0 0
840 6765 12690 4.565553347078631086e-02 3.360867474046992653e-02 4.140543863513436451e-02 0 0 0 0 0 0
841 6766 12691 4.167480676541240880e-02 3.735610542346400748e-02 4.071692290017238369e-02 0 0 0 0 0 0
842 6767 12692 4.371094770305349042e-02 3.046782296489661604e-02 4.272510145912163798e-02 0 0 0 0 0 0
843 6768 12693 1.950350922542305743e-02 2.495537218771613081e-02 4.582021630342291568e-02 0 0 0 0 0 0
844 6769 12694 2.156592672217771609e-02 2.700776353708491187e-02 4.699161567315428972e-02 0 0 0 0 0 0
845 6770 12695 2.054076556449158791e-02 3.091547474329162798e-02 4.583410779787869954e-02 0 0 0 0 0 0
846 6771 12696 1.719988142084825228e-02 3.610378317573961077e-02 4.294283755065030073e-02 0 0 0 0 0 0
847 6772 12697 2.722830133388643228e-02 4.176550126310145383e-02 3.946627284565334265e-02 0 0 0 0 0 0
848 6773 12698 2.892671890909808557e-02 4.122516539855343443e-02 4.046487907441866788e-02 0 0 0 0 0 0
849 6774 12699 2.609983513607768910e-02 4.117037289705340053e-02 4.042378267307440709e-02 0 0 0 0 0 0
850 6775 12700 1.800869172558120651e-02 3.542540604891567663e-02 2.734659290844740701e-02 0 0 0 0 0 0
851 6776 12701 2.726141797613060302e-02 4.176309869181754619e-02 3.917007860953201220e-02 0 0 0 0 0 0
852 6777 12702 3.221720568863351009e-02 4.021192568458951955e-02 4.109554477494559155e-02 0 0 0 0 0 0
853 6778 12703 2.104362308339684587e-02 3.264844870820474143e-02 2.226425229209496107e-02 0 0 0 0 0 0
854 6779 12704 3.289824013486902787e-02 2.223685948925006872e-02 4.698729402994748783e-02 0 0 0 0 0 0
855 6780 12705 0.000000000000000000e+00 3.734210412235844379e-02 7.176758233861377234e-02 0 0 0 0 0 0
856 6781 12706 1.327642250147257307e-02 2.692285081680606193e-02 6.837622402773699259e-02 0 0 0 0 0 0
857 6782 12707 1.651447885780949268e-02 2.389357584500042403e-02 6.904857860343478759e-02 0 0 0 0 0 0
858 6783 12708 2.090755848127826000e-02 1.724732017904321429e-02 7.775342605314927713e-02 0 0 0 0 0 0
859 6784 12709 2.085042458024371007e-02 1.710682955203994896e-02 7.833740569007847931e-02 0 0 0 0 0 0
860 6785 12710 0.000000000000000000e+00 3.347011229675364574e-02 8.366348360584806299e-02 0 0 0 0 0 0
861 6786 12711 1.972813541584217401e-02 1.481633334050885473e-02 7.759187305590513339e-02 0 0 0 0 0 0
862 6787 12712 1.890572095993693982e-02 1.364295732103319378e-02 7.720995139619160619e-02 0 0 0 0 0 0
863 6788 12713 0.000000000000000000e+00 1.925414665753135204e-02 7.903633501814419371e-02 0 0 0 0 0 0
864 6789 12714 1.387800500040601258e-02 1.798808879834453908e-02 6.893066250832015351e-02 0 0 0 0 0 0
865 6790 12715 1.432767342905164575e-02 2.169816698944860081e-02 6.755587211868042952e-02 0 0 0 0 0 0
866 6791 12716 0.000000000000000000e+00 2.312613848313614662e-02 6.714043375090991694e-02 0 0 0 0 0 0
867 6792 12717 9.485111620695521953e-03 2.031097172518358390e-02 6.622412632454197090e-02 0 0 0 0 0 0
868 6793 12718 1.233544398568139390e-02 2.182393921797748729e-02 6.671658146794834376e-02 0 0 0 0 0 0
869 6794 12719 1.901691837906947791e-02 1.312380157763920301e-02 7.737243278525955670e-02 0 0 0 0 0 0
870 6795 12720 2.220823589924236845e-05 3.841901717756264489e-02 9.093022496703349888e-02 0 0 0 0 0 0
871 6796 12721 0.000000000000000000e+00 3.841846925381236372e-02 9.095468908466756985e-02 0 0 0 0 0 0
872 6797 12722 0.000000000000000000e+00 3.841989822082494260e-02 9.091166617765615576e-02 0 0 0 0 0 0
873 6798 12723 3.099897383561529482e-02 2.507383990270095273e-02 7.214951431671898230e-02 0 0 0 0 0 0
874 6799 12724 2.163024680701645247e-02 2.866764677084729374e-02 6.782535505554805610e-02 0 0 0 0 0 0
875 6800 12725 2.767846388084898440e-02 2.657328143360768863e-02 7.340437668285600126e-02 0 0 0 0 0 0
876 6801 12726 2.931150343834239627e-02 2.595560336705966115e-02 7.426616522621973249e-02 0 0 0 0 0 0
877 6802 12727 2.866035640360559827e-02 2.572223053800165235e-02 7.477402927950028977e-02 0 0 0 0 0 0
878 6803 12728 9.693410086285906765e-03 4.278495340560934529e-02 6.464149845450030407e-02 0 0 0 0 0 0
879 6804 12729 3.884703992107587257e-03 4.723730813495542746e-02 5.702890150913071665e-02 0 0 0 0 0 0
880 6805 12730 0.000000000000000000e+00 4.545145300212524025e-02 5.158878536272216986e-02 0 0 0 0 0 0
881 6806 12731 4.130776924369290379e-03 5.006908464453429380e-02 6.502248356363311832e-02 0 0 0 0 0 0
882 6807 12732 1.349700272239573451e-03 5.063239555876252601e-02 6.630985523689338079e-02 0 0 0 0 0 0
883 6808 12733 0.000000000000000000e+00 4.963442996782481409e-02 6.738763819803829380e-02 0 0 0 0 0 0
884 6809 12734 0.000000000000000000e+00 5.067537685579412421e-02 6.628639551644847916e-02 0 0 0 0 0 0
885 6810 12735 1.760725270149141042e-02 3.646983292397499438e-02 6.602452639819850200e-02 0 0 0 0 0 0
886 6811 12736 2.098119043372885170e-02 3.115534892486551341e-02 6.724102144423090011e-02 0 0 0 0 0 0
887 6812 12737 1.713377043742435324e-02 3.621195427425312474e-02 4.301085335671892690e-02 0 0 0 0 0 0
888 6813 12738 5.454052111657409913e-03 4.573005613697016941e-02 4.810722966195336847e-02 0 0 0 0 0 0
889 6814 12739 8.948155460282979090e-02 1.358187768884435397e-02 3.644955011362834008e-02 0 0 0 0 0 0
890 6815 12740 9.211366598802690764e-02 1.548524924489755317e-02 3.989051555348598760e-02 0 0 0 0 0 0
891 6816 12741 8.155311559273421829e-02 1.734326971578212945e-02 2.895747522751402486e-02 0 0 0 0 0 0
892 6817 12742 1.038936230513106823e-01 2.240194805779900655e-02 3.369663382890072251e-02 0 0 0 0 0 0
893 6818 12743 1.083398964551057497e-01 2.079204099252211085e-02 3.279312681337294422e-02 0 0 0 0 0 0
894 6819 12744 8.995486654845080698e-02 2.023950431576728229e-02 3.897913252312425886e-02 0 0 0 0 0 0
895 6820 12745 8.057861234013267981e-02 2.226075694849458109e-02 2.938459373641276115e-02 0 0 0 0 0 0
896 6821 12746 6.538482561709088592e-02 1.860794247845595772e-02 2.643845488171528771e-02 0 0 0 0 0 0
897 6822 12747 7.266742184401982219e-02 0.000000000000000000e+00 4.346890717674874172e-02 0 0 0 0 0 0
898 6823 12748 7.889065854253989041e-02 1.094508821495674723e-02 4.170160149668156874e-02 0 0 0 0 0 0
899 6824 12749 6.403390213638875117e-02 1.768579167481749287e-02 2.827522776464566623e-02 0 0 0 0 0 0
900 6825 12750 6.225686384460805967e-02 1.468336471353390640e-02 2.871388741299182173e-02 0 0 0 0 0 0
901 6826 12751 6.234553462708079113e-02 0.000000000000000000e+00 3.665484641848362063e-02 0 0 0 0 0 0
902 6827 12752 1.377102091615230450e-01 4.785880083393023038e-02 1.144684041016033604e-01 0 0 0 0 0 0
903 6828 12753 1.499999999999999944e-01 4.324511466727267578e-02 1.103386320085944089e-01 0 0 0 0 0 0
904 6829 12754 1.499999999999999944e-01 3.617874620958552029e-02 1.147142031118118244e-01 0 0 0 0 0 0
905 6830 12755 1.363907498763257398e-01 5.345377065782493109e-02 1.168420371712127342e-01 0 0 0 0 0 0
906 6831 12756 1.499999999999999944e-01 5.621715114396107216e-02 1.152486495654370530e-01 0 0 0 0 0 0
907 6832 12757 1.499999999999999944e-01 5.391223995538614588e-02 1.303550512523700688e-01 0 0 0 0 0 0
908 6833 12758 1.404704323683332035e-01 5.252746472189254862e-02 1.278646456970743417e-01 0 0 0 0 0 0
909 6834 12759 1.346593150841806641e-01 5.079545767911181758e-02 1.161716356093869945e-01 0 0 0 0 0 0
910 6835 12760 1.398534394579132589e-01 5.025617067048755021e-02 1.293646516392095436e-01 0 0 0 0 0 0
911 6836 12761 1.499999999999999944e-01 4.885710140772908661e-02 1.342043799183879060e-01 0 0 0 0 0 0
912 6837 12762 1.376991340693619059e-01 4.813253678171418304e-02 1.269756007149931976e-01 0 0 0 0 0 0
913 6838 12763 1.499999999999999944e-01 3.644195653629814929e-02 1.272216212299226989e-01 0 0 0 0 0 0
914 6839 12764 1.844177638017764284e-02 1.295830938038317059e-01 1.665441867701393519e-01 0 0 0 0 0 0
915 6840 12765 2.489823311287663737e-02 1.499999999999999944e-01 1.762769951112420630e-01 0 0 0 0 0 0
916 6841 12766 0.000000000000000000e+00 1.499999999999999944e-01 1.797762145610022622e-01 0 0 0 0 0 0
917 6842 12767 2.982938854932235678e-02 1.478248953029044632e-01 1.796671075722544308e-01 0 0 0 0 0 0
918 6843 12768 2.971142676357119844e-02 1.499999999999999944e-01 1.800691300024594987e-01 0 0 0 0 0 0
919 6844 12769 2.975670994936318453e-02 1.499999999999999944e-01 1.809572940123106710e-01 0 0 0 0 0 0
920 6845 12770 2.619141256443346250e-02 1.499999999999999944e-01 2.000000000000000111e-01 0 0 0 0 0 0
921 6846 12771 2.917667172537311351e-02 1.264474402419971943e-01 1.742882688659388724e-01 0 0 0 0 0 0
922 6847 12772 2.701128839776247709e-02 1.266598875854779704e-01 1.726305883558109378e-01 0 0 0 0 0 0
923 6848 12773 5.936047508490258778e-02 4.479383146402297206e-02 2.000000000000000111e-01 0 0 0 0 0 0
924 6849 12774 5.909465686027289694e-02 4.711330586177070456e-02 1.967890679033222068e-01 0 0 0 0 0 0
925 6850 12775 5.283055247182009279e-02 4.600976750466958393e-02 1.985787438919739134e-01 0 0 0 0 0 0
926 6851 12776 5.158734934263306537e-02 4.502326526216391539e-02 2.000000000000000111e-01 0 0 0 0 0 0
927 6852 12777 6.779590327845963493e-02 3.038413465192746007e-02 2.000000000000000111e-01 0 0 0 0 0 0
928 6853 12778 6.430684229552099951e-02 3.050044920959084360e-02 1.922781691145729888e-01 0 0 0 0 0 0
929 6854 12779 5.389975188182699606e-02 3.272373942722182905e-02 1.875441631194638414e-01 0 0 0 0 0 0
930 6855 12780 4.461623729386090392e-02 3.581182833393532078e-02 1.940957553345578068e-01 0 0 0 0 0 0
931 6856 12781 4.632027788456135470e-02 3.597373510582838052e-02 2.000000000000000111e-01 0 0 0 0 0 0
932 6857 12782 4.836941850546031679e-02 4.233371935505193112e-02 2.000000000000000111e-01 0 0 0 0 0 0
933 6858 12783 4.444533512796942920e-02 3.869039602041736414e-02 1.901699381375535347e-01 0 0 0 0 0 0
934 6859 12784 4.441815592929582168e-02 3.849938124924252858e-02 1.902927655897743153e-01 0 0 0 0 0 0
935 6860 12785 4.765233440494451994e-02 4.119808738765350087e-02 1.855001265572039926e-01 0 0 0 0 0 0
936 6861 12786 5.424896863362534821e-02 4.680925732004776602e-02 1.881417824747406708e-01 0 0 0 0 0 0
937 6862 12787 5.240959404788061993e-02 3.960754772350678909e-02 1.811771630828568347e-01 0 0 0 0 0 0
938 6863 12788 5.228507463519833920e-02 3.746453181131770976e-02 1.823616610391575188e-01 0 0 0 0 0 0
939 6864 12789 5.280476769692182826e-02 3.674839898884305067e-02 1.828119245428111439e-01 0 0 0 0 0 0
940 6865 12790 7.199952319011043711e-02 4.084683979991921704e-02 1.823851598982304811e-01 0 0 0 0 0 0
941 6866 12791 7.474481160192616991e-02 3.402506889193468442e-02 1.905985931363383956e-01 0 0 0 0 0 0
942 6867 12792 6.456598140755090420e-02 4.827422028772005574e-02 1.916294494158413964e-01 0 0 0 0 0 0
943 6868 12793 6.595382918691244933e-02 4.890695144424925256e-02 1.841466814927725237e-01 0 0 0 0 0 0
944 6869 12794 6.916888195175296961e-02 4.601938861829899668e-02 1.792224793294887319e-01 0 0 0 0 0 0
945 6870 12795 7.369861922339594751e-02 3.222888974117158606e-02 2.000000000000000111e-01 0 0 0 0 0 0
946 6871 12796 6.737388130826024724e-02 4.130746170683026464e-02 2.000000000000000111e-01 0 0 0 0 0 0
947 6872 12797 3.192944432071926492e-02 1.114279863474918059e-01 1.849347954663511651e-01 0 0 0 0 0 0
948 6873 12798 3.201113207610394723e-02 1.106165188296732993e-01 1.841660339553970183e-01 0 0 0 0 0 0
949 6874 12799 3.184794393987534777e-02 1.103860383952524199e-01 1.839715388439765453e-01 0 0 0 0 0 0
950 6875 12800 9.017279066989356343e-03 8.842298215385997751e-02 1.826916056176922931e-01 0 0 0 0 0 0
951 6876 12801 1.959019678976358161e-02 9.013086847655088496e-02 2.000000000000000111e-01 0 0 0 0 0 0
952 6877 12802 2.100485049497100368e-02 9.153191696405968414e-02 2.000000000000000111e-01 0 0 0 0 0 0
953 6878 12803 3.185090400780206388e-02 1.099908470387426229e-01 1.847578672163755764e-01 0 0 0 0 0 0
954 6879 12804 3.197378358439596086e-02 1.103645466658338403e-01 1.842601411178327042e-01 0 0 0 0 0 0
955 6880 12805 1.766897999118152360e-02 1.115930910882232119e-01 1.662374855386520578e-01 0 0 0 0 0 0
956 6881 12806 2.997916438737133552e-02 1.106805182423282879e-01 1.726879258075569856e-01 0 0 0 0 0 0
957 6882 12807 3.051901367805681664e-02 1.077944427707334674e-01 1.744809889189329610e-01 0 0 0 0 0 0
958 6883 12808 2.853899203874960683e-02 1.052466996175135810e-01 1.748732536602242704e-01 0 0 0 0 0 0
959 6884 12809 3.103266939558660051e-02 1.226753986741979385e-01 1.743873984939945387e-01 0 0 0 0 0 0
960 6885 12810 3.336705792289767353e-02 1.121841017633471993e-01 1.819378487100554997e-01 0 0 0 0 0 0
961 6886 12811 2.965522577596026860e-02 1.257573258764073110e-01 1.739488374753152544e-01 0 0 0 0 0 0
962 6887 12812 3.292107593845591124e-02 1.117559676945835689e-01 1.836383880569604499e-01 0 0 0 0 0 0
963 6888 12813 3.208462632758522087e-02 1.121594674566082639e-01 1.852688868338754347e-01 0 0 0 0 0 0
964 6889 12814 4.224092987940913924e-02 0.000000000000000000e+00 1.069727266671037236e-01 0 0 0 0 0 0
965 6890 12815 4.377454927202861779e-02 1.282863482959627210e-02 1.050821251238157894e-01 0 0 0 0 0 0
966 6891 12816 4.538548561625078276e-02 1.645755556021410645e-02 1.010620705583496759e-01 0 0 0 0 0 0
967 6892 12817 4.639472162883214595e-02 1.535797240077123489e-02 9.784671798136952703e-02 0 0 0 0 0 0
968 6893 12818 4.621362826913289618e-02 0.000000000000000000e+00 9.521017057572692122e-02 0 0 0 0 0 0
969 6894 12819 3.361574115468662222e-02 0.000000000000000000e+00 1.084764756965295313e-01 0 0 0 0 0 0
970 6895 12820 3.167826966225805591e-02 0.000000000000000000e+00 1.037816416348992521e-01 0 0 0 0 0 0
971 6896 12821 3.345032660693646187e-02 1.018152892227350975e-02 8.584459261010457531e-02 0 0 0 0 0 0
972 6897 12822 3.639955469650042741e-02 0.000000000000000000e+00 8.306550414423530260e-02 0 0 0 0 0 0
973 6898 12823 4.417792016641244879e-02 2.085816080595211119e-02 8.852734126104622181e-02 0 0 0 0 0 0
974 6899 12824 4.472617074177497737e-02 2.091378559919985364e-02 8.973439377410478979e-02 0 0 0 0 0 0
975 6900 12825 4.583803130856696495e-02 1.815169076834487888e-02 9.176290452630270211e-02 0 0 0 0 0 0
976 6901 12826 4.302108593528259500e-02 0.000000000000000000e+00 8.295459772324148551e-02 0 0 0 0 0 0
977 6902 12827 4.562399584999977248e-02 0.000000000000000000e+00 8.864675143301398164e-02 0 0 0 0 0 0
978 6903 12828 4.524497681189044995e-02 1.343603559469026473e-02 1.661976553569686488e-01 0 0 0 0 0 0
979 6904 12829 4.941644687194170216e-02 1.329429268824045170e-02 1.664216033470624911e-01 0 0 0 0 0 0
980 6905 12830 4.765140525484181516e-02 2.333375350030843232e-02 1.505596662187692891e-01 0 0 0 0 0 0
981 6906 12831 4.548654689390631278e-02 2.352813317051336700e-02 1.502525542965729155e-01 0 0 0 0 0 0
982 6907 12832 3.560926874121941171e-02 2.035765971614256556e-02 1.552617725744809829e-01 0 0 0 0 0 0
983 6908 12833 3.584198908900897151e-02 1.903395902309999027e-02 1.573531654851919315e-01 0 0 0 0 0 0
984 6909 12834 5.183994853358642185e-02 2.041260407781045685e-02 1.471460543838121193e-01 0 0 0 0 0 0
985 6910 12835 4.559729633285780626e-02 2.233506309195972678e-02 1.484051535369885766e-01 0 0 0 0 0 0
986 6911 12836 5.220599146257309114e-02 2.007997076311358181e-02 1.469996535680736516e-01 0 0 0 0 0 0
987 6912 12837 5.255841752415461171e-02 1.913990654041058601e-02 1.466541554907440648e-01 0 0 0 0 0 0
988 6913 12838 5.307170676233079198e-02 1.636170911648680490e-02 1.456859538230873830e-01 0 0 0 0 0 0
989 6914 12839 5.523166099415757757e-02 1.404084277226823677e-02 1.522505330464116458e-01 0 0 0 0 0 0
990 6915 12840 5.473258896633814707e-02 8.725495587199731326e-03 1.637805486620111106e-01 0 0 0 0 0 0
991 6916 12841 5.381172843531094319e-02 9.302354751772325472e-03 1.646594137936747970e-01 0 0 0 0 0 0
992 6917 12842 3.005647917441492400e-02 7.983751507706670844e-03 1.622786862748271108e-01 0 0 0 0 0 0
993 6918 12843 5.198679708262873844e-02 7.919705288579275901e-03 1.638102161983981675e-01 0 0 0 0 0 0
994 6919 12844 5.386164983025135827e-02 1.604204435884706501e-02 1.469070159095521300e-01 0 0 0 0 0 0
995 6920 12845 5.878956944084594294e-02 0.000000000000000000e+00 1.393305973136986786e-01 0 0 0 0 0 0
996 6921 12846 5.846800837453448169e-02 2.485234973261581798e-03 1.396429723092216524e-01 0 0 0 0 0 0
997 6922 12847 5.578458714015204628e-02 6.705748334793414436e-03 1.393512368046903316e-01 0 0 0 0 0 0
998 6923 12848 5.723094670817016616e-02 1.097642253260215986e-02 1.475607457285979529e-01 0 0 0 0 0 0
999 6924 12849 5.702516582710293741e-02 1.137488872050367548e-02 1.552446393949160341e-01 0 0 0 0 0 0
1000 6925 12850 5.731143273460824472e-02 8.123372159039649737e-03 1.614906020151040955e-01 0 0 0 0 0 0
1001 6926 12851 5.794862068194233523e-02 3.199020160091784783e-03 1.608700176686647110e-01 0 0 0 0 0 0
1002 6927 12852 5.838438253440802334e-02 0.000000000000000000e+00 1.593866305350044033e-01 0 0 0 0 0 0
1003 6928 12853 5.586057443027701158e-02 8.170338545722693677e-03 1.633744883447533769e-01 0 0 0 0 0 0
1004 6929 12854 4.101411243378730309e-02 0.000000000000000000e+00 1.618399731822322551e-01 0 0 0 0 0 0
1005 6930 12855 5.854877170656960089e-02 9.865057714617462420e-03 1.903873947941607525e-01 0 0 0 0 0 0
1006 6931 12856 5.960625815156787854e-02 8.355809881311888551e-03 1.890201614541542896e-01 0 0 0 0 0 0
1007 6932 12857 5.864660540219733542e-02 1.010121498229754958e-02 1.906013305592032803e-01 0 0 0 0 0 0
1008 6933 12858 7.051986506554916434e-02 5.576888426243802738e-03 1.865027259615971711e-01 0 0 0 0 0 0
1009 6934 12859 7.428942927123038942e-02 0.000000000000000000e+00 1.891892604043403647e-01 0 0 0 0 0 0
1010 6935 12860 8.616385744412587144e-02 8.480050780528193988e-04 1.970216283032698856e-01 0 0 0 0 0 0
1011 6936 12861 8.663612882005213012e-02 0.000000000000000000e+00 1.973633229829462599e-01 0 0 0 0 0 0
1012 6937 12862 8.787800234178187730e-02 0.000000000000000000e+00 2.000000000000000111e-01 0 0 0 0 0 0
1013 6938 12863 8.754485203811593341e-02 9.074297461252676510e-04 2.000000000000000111e-01 0 0 0 0 0 0
1014 6939 12864 7.604139749853805474e-02 6.774208722929923703e-03 1.901172369370215109e-01 0 0 0 0 0 0
1015 6940 12865 7.092628686870675048e-02 1.291412137404212082e-02 1.940079987123327909e-01 0 0 0 0 0 0
1016 6941 12866 7.242402142787973673e-02 1.415568625204879222e-02 2.000000000000000111e-01 0 0 0 0 0 0
1017 6942 12867 6.592481131645383519e-02 1.363426086055270076e-02 1.938019302287373735e-01 0 0 0 0 0 0
1018 6943 12868 7.007222519343829503e-02 1.281208631278516613e-02 1.930571191856428059e-01 0 0 0 0 0 0
1019 6944 12869 7.304450915783788911e-02 7.354742090343638003e-03 1.881132903431183279e-01 0 0 0 0 0 0
1020 6945 12870 6.865942911045745667e-02 1.473584615782025029e-02 2.000000000000000111e-01 0 0 0 0 0 0
1021 6946 12871 6.176114243241510177e-02 1.893999532452741996e-02 1.852192849911773187e-01 0 0 0 0 0 0
1022 6947 12872 6.938412536038443545e-02 1.794811302326338592e-02 1.827689032541286174e-01 0 0 0 0 0 0
1023 6948 12873 7.040265308276164036e-02 1.906679232667086651e-02 1.820835990145844574e-01 0 0 0 0 0 0
1024 6949 12874 6.732617735693702254e-02 2.322736399425360393e-02 1.819969144019689122e-01 0 0 0 0 0 0
1025 6950 12875 6.121421483835073896e-02 2.238963105314367014e-02 1.844286972787019252e-01 0 0 0 0 0 0
1026 6951 12876 7.609483088401367001e-02 2.202321074511075921e-02 1.842671813786683488e-01 0 0 0 0 0 0
1027 6952 12877 7.328375770391526434e-02 2.112437671142292778e-02 1.821647787345780367e-01 0 0 0 0 0 0
1028 6953 12878 7.970652948553505479e-02 2.481360748829582186e-02 2.000000000000000111e-01 0 0 0 0 0 0
1029 6954 12879 8.166223966528303457e-02 2.886294702231293613e-02 1.925149728223212175e-01 0 0 0 0 0 0
1030 6955 12880 7.633708597533017670e-02 2.236663941607540743e-02 1.843372337345269563e-01 0 0 0 0 0 0
1031 6956 12881 7.675284588366923511e-02 3.416607320161679784e-02 1.896411010767187211e-01 0 0 0 0 0 0
1032 6957 12882 8.087177881420747061e-02 3.332055877028798629e-02 1.935411445865810598e-01 0 0 0 0 0 0
1033 6958 12883 7.409079696981497876e-02 2.277256273832489741e-02 1.821875183536632581e-01 0 0 0 0 0 0
1034 6959 12884 7.278489174378129090e-02 2.594444276102888386e-02 1.821507223901257522e-01 0 0 0 0 0 0
1035 6960 12885 7.894589928491702047e-02 3.211318463926033512e-02 2.000000000000000111e-01 0 0 0 0 0 0
1036 6961 12886 8.918768283175024236e-02 6.048793433880449155e-03 2.000000000000000111e-01 0 0 0 0 0 0
1037 6962 12887 8.820122026325490083e-02 2.229591583444568217e-02 1.864903719223180711e-01 0 0 0 0 0 0
1038 6963 12888 8.073998445369150179e-02 1.236040694319456151e-02 1.822843920505407278e-01 0 0 0 0 0 0
1039 6964 12889 8.117190457177361762e-02 8.804719679423889458e-03 1.831081040541404359e-01 0 0 0 0 0 0
1040 6965 12890 8.232472772084617474e-02 8.386217653027709662e-03 1.833591662887805729e-01 0 0 0 0 0 0
1041 6966 12891 8.348243117292050708e-02 1.328164755992352827e-02 1.824701558825374270e-01 0 0 0 0 0 0
1042 6967 12892 8.636406115133722639e-02 2.025982003693139674e-02 1.838956559248076383e-01 0 0 0 0 0 0
1043 6968 12893 1.587189173406900952e-02 2.336837273120598996e-02 1.683726470687722521e-01 0 0 0 0 0 0
1044 6969 12894 1.616968316512341908e-02 2.552333830028932077e-02 1.654319961767910518e-01 0 0 0 0 0 0
1045 6970 12895 1.599640152650766770e-02 2.620901884978791077e-02 1.614753244199753357e-01 0 0 0 0 0 0
1046 6971 12896 1.182190325599516770e-02 2.509347667892853836e-02 1.730267723080287923e-01 0 0 0 0 0 0
1047 6972 12897 1.295626837787041546e-02 2.932012134697832562e-02 1.606177853581006176e-01 0 0 0 0 0 0
1048 6973 12898 0.000000000000000000e+00 3.803533462143695448e-02 1.575921747860580813e-01 0 0 0 0 0 0
1049 6974 12899 0.000000000000000000e+00 4.021618187287132051e-02 1.751253118145555954e-01 0 0 0 0 0 0
1050 6975 12900 0.000000000000000000e+00 4.109304371140905937e-02 1.683847401952349998e-01 0 0 0 0 0 0
1051 6976 12901 0.000000000000000000e+00 3.490990070873011691e-02 1.782598326791724752e-01 0 0 0 0 0 0
1052 6977 12902 1.439486073701777558e-03 3.559778124952644313e-02 1.780321188686755651e-01 0 0 0 0 0 0
1053 6978 12903 0.000000000000000000e+00 3.763566818560225985e-02 1.780639012031197399e-01 0 0 0 0 0 0
1054 6979 12904 9.295123401601983193e-03 2.726547661227521346e-02 1.746827185389518700e-01 0 0 0 0 0 0
1055 6980 12905 0.000000000000000000e+00 2.344660275393091117e-02 1.762617069009148607e-01 0 0 0 0 0 0
1056 6981 12906 1.387237231976210308e-02 2.784344178708476891e-02 1.797591893174078082e-01 0 0 0 0 0 0
1057 6982 12907 1.351046614805117251e-02 2.633837082759360806e-02 1.859164690392019759e-01 0 0 0 0 0 0
1058 6983 12908 8.422425015398681339e-03 2.352391999863062688e-02 1.900347593210105213e-01 0 0 0 0 0 0
1059 6984 12909 0.000000000000000000e+00 2.022235480731545895e-02 1.907519930999465319e-01 0 0 0 0 0 0
1060 6985 12910 1.701276967160401943e-02 3.048172745226223473e-02 1.862494767398316098e-01 0 0 0 0 0 0
1061 6986 12911 1.704255608990571172e-02 3.052215258718748297e-02 1.862224884298716576e-01 0 0 0 0 0 0
1062 6987 12912 5.574978882848613190e-03 2.123417129563122396e-02 1.917833314914089982e-01 0 0 0 0 0 0
1063 6988 12913 0.000000000000000000e+00 1.791670968706365191e-02 1.937109510371058940e-01 0 0 0 0 0 0
1064 6989 12914 0.000000000000000000e+00 1.132701974092024944e-02 1.909858127228370173e-01 0 0 0 0 0 0
1065 6990 12915 2.142602955760580102e-02 1.586462607141783101e-03 1.839140761674899760e-01 0 0 0 0 0 0
1066 6991 12916 3.107835899121194276e-02 2.610842190453465175e-02 1.858899525911446027e-01 0 0 0 0 0 0
1067 6992 12917 3.106899812373192446e-02 2.606618979730999583e-02 1.857343099199059155e-01 0 0 0 0 0 0
1068 6993 12918 3.079651413274255012e-02 2.515033749572689534e-02 1.838155399958955605e-01 0 0 0 0 0 0
1069 6994 12919 2.497663046407402193e-02 9.557811710872277100e-03 1.759005956699373485e-01 0 0 0 0 0 0
1070 6995 12920 2.061926950749936802e-02 0.000000000000000000e+00 1.837863281435356821e-01 0 0 0 0 0 0
1071 6996 12921 2.823235447429303657e-02 2.907949120600558657e-02 1.817004944982692494e-01 0 0 0 0 0 0
1072 6997 12922 3.106897260930682400e-02 2.619421116821168960e-02 1.858968846513740225e-01 0 0 0 0 0 0
1073 6998 12923 2.903598647001465541e-02 3.093117387578529082e-02 1.862803323321730598e-01 0 0 0 0 0 0
1074 6999 12924 1.707813966197023470e-02 3.053578553999613393e-02 1.862538125676199141e-01 0 0 0 0 0 0
1075 7000 12925 1.749655596407610064e-02 2.805364585871141306e-02 1.595601408975904356e-01 0 0 0 0 0 0
1076 7001 12926 1.899194166093940220e-02 2.914943131169566923e-02 1.574193397889784296e-01 0 0 0 0 0 0
1077 7002 12927 0.000000000000000000e+00 3.690845529195117825e-02 1.279711069346334273e-01 0 0 0 0 0 0
1078 7003 12928 2.407681032548460078e-03 3.917024788565464516e-02 1.296570602837262554e-01 0 0 0 0 0 0
1079 7004 12929 0.000000000000000000e+00 4.581820182324509300e-02 1.346522755133810756e-01 0 0 0 0 0 0
1080 7005 12930 1.657927521844676857e-02 3.963811272219498749e-02 1.463519986964111064e-01 0 0 0 0 0 0
1081 7006 12931 0.000000000000000000e+00 5.165879282926742755e-02 1.414514676961751705e-01 0 0 0 0 0 0
1082 7007 12932 1.613342552341719138e-02 3.535859084575667527e-02 1.408619890394662288e-01 0 0 0 0 0 0
1083 7008 12933 1.504937637489065991e-02 1.143383922676638742e-01 1.618426181603055403e-01 0 0 0 0 0 0
1084 7009 12934 1.767753716293878757e-02 1.111861532205679903e-01 1.604745088250971730e-01 0 0 0 0 0 0
1085 7010 12935 1.770945351412662669e-02 1.005994643966452301e-01 1.456861438875552972e-01 0 0 0 0 0 0
1086 7011 12936 1.557525309839568467e-02 1.016592710266040339e-01 1.446965916568620780e-01 0 0 0 0 0 0
1087 7012 12937 1.345168988371436489e-02 1.011363844428818243e-01 1.439894900326767480e-01 0 0 0 0 0 0
1088 7013 12938 7.560192883869011268e-03 1.042841868521003357e-01 1.482462758548108994e-01 0 0 0 0 0 0
1089 7014 12939 1.771382983855537135e-02 9.509351071139603151e-02 1.466564692046863350e-01 0 0 0 0 0 0
1090 7015 12940 1.770988949620684941e-02 9.155126163957671981e-02 1.520681455130473703e-01 0 0 0 0 0 0
1091 7016 12941 7.507389510039408353e-02 1.294981535976439391e-01 2.000000000000000111e-01 0 0 0 0 0 0
1092 7017 12942 7.878812537824406159e-02 1.203613558477179962e-01 1.921271212837411813e-01 0 0 0 0 0 0
1093 7018 12943 6.218205486783660862e-02 1.321953138340347111e-01 1.908665547478506919e-01 0 0 0 0 0 0
1094 7019 12944 7.659984886360031442e-02 1.274911123969491855e-01 1.897030844914419645e-01 0 0 0 0 0 0
1095 7020 12945 7.141206851238217357e-02 1.404257346686395846e-01 2.000000000000000111e-01 0 0 0 0 0 0
1096 7021 12946 7.182713115894495681e-02 1.409127970855623135e-01 1.930226130309707910e-01 0 0 0 0 0 0
1097 7022 12947 1.137787674162879792e-01 1.429577447440279481e-01 1.961990483204536506e-01 0 0 0 0 0 0
1098 7023 12948 1.145820357505565462e-01 1.474196847858026405e-01 2.000000000000000111e-01 0 0 0 0 0 0
1099 7024 12949 1.151371710712867508e-01 1.499999999999999944e-01 2.000000000000000111e-01 0 0 0 0 0 0
1100 7025 12950 1.165480269043965011e-01 1.499999999999999944e-01 1.657745342920146359e-01 0 0 0 0 0 0
1101 7026 12951 1.150027724916315164e-01 1.434051753325532030e-01 1.688415007558648762e-01 0 0 0 0 0 0
1102 7027 12952 1.303026656137072081e-01 1.419081146632419355e-01 1.797878021725517195e-01 0 0 0 0 0 0
1103 7028 12953 1.174140144542224901e-01 1.499999999999999944e-01 2.000000000000000111e-01 0 0 0 0 0 0
1104 7029 12954 1.273251563600843461e-01 1.423786472532039549e-01 1.687380380471130703e-01 0 0 0 0 0 0
1105 7030 12955 1.265173593176658617e-01 1.499999999999999944e-01 1.653135942367775502e-01 0 0 0 0 0 0
1106 7031 12956 7.992263077128770876e-02 1.420391714134758843e-01 2.203943669019005000e-02 0 0 0 0 0 0
1107 7032 12957 8.813650863897452836e-02 1.283688432653581069e-01 0.000000000000000000e+00 0 0 0 0 0 0
1108 7033 12958 7.551647331822468334e-02 1.499999999999999944e-01 0.000000000000000000e+00 0 0 0 0 0 0
1109 7034 12959 7.535756805626060706e-02 1.499999999999999944e-01 1.469381692042107806e-02 0 0 0 0 0 0
1110 7035 12960 9.128608074513182291e-02 1.286320641745570259e-01 0.000000000000000000e+00 0 0 0 0 0 0
1111 7036 12961 1.013200409632983717e-01 1.338403950771903661e-01 0.000000000000000000e+00 0 0 0 0 0 0
1112 7037 12962 1.028626540875735018e-01 1.499999999999999944e-01 0.000000000000000000e+00 0 0 0 0 0 0
1113 7038 12963 1.025931356248498266e-01 1.499999999999999944e-01 1.429002738535166926e-02 0 0 0 0 0 0
1114 7039 12964 1.021271786402541126e-01 1.457355141807401000e-01 1.741106410708217686e-02 0 0 0 0 0 0
1115 7040 12965 9.371066943106930169e-02 1.499999999999999944e-01 2.529170284811830746e-02 0 0 0 0 0 0
1116 7041 12966 1.005625924682385514e-01 1.468088025831043031e-01 2.048922216459795123e-02 0 0 0 0 0 0
1117 7042 12967 1.008079503898544338e-01 1.499999999999999944e-01 1.839105799260224924e-02 0 0 0 0 0 0
1118 7043 12968 1.318306858316320163e-01 6.748363239251665979e-02 1.243060193800118729e-01 0 0 0 0 0 0
1119 7044 12969 1.340436334959839160e-01 7.079032231040641165e-02 1.239421986829310068e-01 0 0 0 0 0 0
1120 7045 12970 1.402047849970534110e-01 7.045671058829412747e-02 1.296260626716116138e-01 0 0 0 0 0 0
1121 7046 12971 1.442775123829477257e-01 6.783201708436381594e-02 1.350709570390195291e-01 0 0 0 0 0 0
1122 7047 12972 1.364057597295516566e-01 6.303505343301925301e-02 1.314755772124600319e-01 0 0 0 0 0 0
1123 7048 12973 1.499999999999999944e-01 6.737306676211438083e-02 1.360230438334562864e-01 0 0 0 0 0 0
1124 7049 12974 1.326519182278992626e-01 6.348236555096919975e-02 1.207166947283470071e-01 0 0 0 0 0 0
1125 7050 12975 1.345540711680687507e-01 5.587801365383262414e-02 1.149356957524703265e-01 0 0 0 0 0 0
1126 7051 12976 1.365998043664267136e-01 5.860166296610551384e-02 1.129455962397421104e-01 0 0 0 0 0 0
1127 7052 12977 1.499999999999999944e-01 6.728407927458844584e-02 1.068554993727830055e-01 0 0 0 0 0 0
1128 7053 12978 1.452596119911261918e-01 6.585462161023794558e-02 1.077646171174628936e-01 0 0 0 0 0 0
1129 7054 12979 1.448441901744743077e-01 6.936810431961368262e-02 1.105643277424490645e-01 0 0 0 0 0 0
1130 7055 12980 1.499999999999999944e-01 6.966133292978594904e-02 1.312760638341428920e-01 0 0 0 0 0 0
1131 7056 12981 1.499999999999999944e-01 6.882660285475318551e-02 1.080085666613543188e-01 0 0 0 0 0 0
1132 7057 12982 1.315233036488892004e-01 6.494385458660741073e-02 1.435101832703246649e-01 0 0 0 0 0 0
1133 7058 12983 1.499999999999999944e-01 7.532090198444482687e-02 1.493719912178250731e-01 0 0 0 0 0 0
1134 7059 12984 1.499999999999999944e-01 4.817588987685615665e-02 1.621043661376577460e-01 0 0 0 0 0 0
1135 7060 12985 1.337731255488358029e-01 5.236318921456271924e-02 1.507175883896202107e-01 0 0 0 0 0 0
1136 7061 12986 1.294539408142637293e-01 6.347799898998393586e-02 1.419668487043015681e-01 0 0 0 0 0 0
1137 7062 12987 1.288439705050304918e-01 5.268198850095519997e-02 1.455549521887904152e-01 0 0 0 0 0 0
1138 7063 12988 1.335476953946858614e-01 4.646530167146202539e-02 1.399131457077995855e-01 0 0 0 0 0 0
1139 7064 12989 1.499999999999999944e-01 4.265699633603956681e-02 1.522395317420752736e-01 0 0 0 0 0 0
1140 7065 12990 1.499999999999999944e-01 7.480304916199480292e-02 1.478595413797447466e-01 0 0 0 0 0 0
1141 7066 12991 1.077046132790892008e-01 3.799810639740647256e-02 2.000000000000000111e-01 0 0 0 0 0 0
1142 7067 12992 1.072983537907168661e-01 3.723118776479687753e-02 1.935690795025470645e-01 0 0 0 0 0 0
1143 7068 12993 1.073981295210658382e-01 3.638833998675002068e-02 1.929070283255787666e-01 0 0 0 0 0 0
1144 7069 12994 1.115476105933957129e-01 1.532762043701737381e-02 1.957865454968570340e-01 0 0 0 0 0 0
1145 7070 12995 1.123589233196444354e-01 1.288921190118702716e-02 2.000000000000000111e-01 0 0 0 0 0 0
1146 7071 12996 1.104680723908022938e-01 1.126771479605696152e-02 2.000000000000000111e-01 0 0 0 0 0 0
1147 7072 12997 1.048422957210641965e-01 1.330360725001192117e-02 1.907772601503194554e-01 0 0 0 0 0 0
1148 7073 12998 1.037875472623061290e-01 1.295837638870508610e-02 1.903615862427312233e-01 0 0 0 0 0 0
1149 7074 12999 9.669090849136649513e-02 3.753310465984650759e-03 2.000000000000000111e-01 0 0 0 0 0 0
1150 7075 13000 9.626257628823219059e-02 2.733541917177991984e-02 1.801311617897038142e-01 0 0 0 0 0 0
1151 7076 13001 9.720632592503042346e-02 2.693097234504069487e-02 1.802292075769953983e-01 0 0 0 0 0 0
1152 7077 13002 8.848752881207966325e-02 4.068853422250175156e-02 1.877454233432828412e-01 0 0 0 0 0 0
1153 7078 13003 1.099611221370949965e-01 1.683965921911833447e-02 1.919248031863559634e-01 0 0 0 0 0 0
1154 7079 13004 1.101010208292333009e-01 1.704570550354604641e-02 1.919050222619256285e-01 0 0 0 0 0 0
1155 7080 13005 1.103510764443941944e-01 1.670596513228646621e-02 1.925541012170836619e-01 0 0 0 0 0 0
1156 7081 13006 1.053504204441762376e-01 2.744809980464105875e-02 1.844431451900810093e-01 0 0 0 0 0 0
1157 7082 13007 1.084409571974904868e-01 2.169766708787078391e-02 1.888221442040867171e-01 0 0 0 0 0 0
1158 7083 13008 1.067108583335550226e-01 3.047879569926047194e-02 1.876215484428644664e-01 0 0 0 0 0 0
1159 7084 13009 9.098418866209681544e-02 4.385527625503207044e-02 1.915654360515437193e-01 0 0 0 0 0 0
1160 7085 13010 8.932991235515733153e-02 4.319732211944056488e-02 2.000000000000000111e-01 0 0 0 0 0 0
1161 7086 13011 1.050472325769619686e-01 4.086260299187263745e-02 2.000000000000000111e-01 0 0 0 0 0 0
1162 7087 13012 1.036206608665056900e-01 4.155687713497720204e-02 1.954978484655176818e-01 0 0 0 0 0 0
1163 7088 13013 1.134306158185555968e-01 1.462774454818784736e-02 1.954854626837780052e-01 0 0 0 0 0 0
1164 7089 13014 1.264160072800286083e-01 1.203899859415313855e-02 1.930029829468982439e-01 0 0 0 0 0 0
1165 7090 13015 1.231138127172156649e-01 8.452479225120879125e-03 2.000000000000000111e-01 0 0 0 0 0 0
1166 7091 13016 1.198207858927788916e-01 9.528768831186343671e-03 2.000000000000000111e-01 0 0 0 0 0 0
1167 7092 13017 1.081902034505277527e-01 3.724420590082928167e-02 1.925715832140258987e-01 0 0 0 0 0 0
1168 7093 13018 1.400184687993912269e-01 1.206290564540483390e-01 1.891604317575588945e-01 0 0 0 0 0 0
1169 7094 13019 1.413898282927207317e-01 1.210960155252312903e-01 1.901470371739525100e-01 0 0 0 0 0 0
1170 7095 13020 1.479140833896460117e-01 1.016635837737192016e-01 1.875225492385453052e-01 0 0 0 0 0 0
1171 7096 13021 1.364372747145954912e-01 1.087994748622970326e-01 1.829981401798398688e-01 0 0 0 0 0 0
1172 7097 13022 1.470326220879991375e-01 1.223380320663598891e-01 1.756687273422785633e-01 0 0 0 0 0 0
1173 7098 13023 1.476867430557444461e-01 1.222668488653104180e-01 1.741359148131838841e-01 0 0 0 0 0 0
1174 7099 13024 1.390090605806429680e-01 1.094260821154206531e-01 1.780513171926002003e-01 0 0 0 0 0 0
1175 7100 13025 1.491650595247969724e-01 1.023797327432156568e-01 1.840146294032359853e-01 0 0 0 0 0 0
1176 7101 13026 1.311003644484182717e-01 1.379657077593016423e-01 1.786584569055738037e-01 0 0 0 0 0 0
1177 7102 13027 1.285458043680799689e-01 1.386850675589464399e-01 1.695165621825099334e-01 0 0 0 0 0 0
1178 7103 13028 1.294104921591906210e-01 1.371313669255503076e-01 1.712069430067292286e-01 0 0 0 0 0 0
1179 7104 13029 1.348200902838317394e-01 1.447641783785148517e-01 1.594332122519688810e-01 0 0 0 0 0 0
1180 7105 13030 1.499999999999999944e-01 1.339742629649099959e-01 1.678762316933649912e-01 0 0 0 0 0 0
1181 7106 13031 1.499999999999999944e-01 1.337120167790991077e-01 1.682139799197291674e-01 0 0 0 0 0 0
1182 7107 13032 1.369144220061634665e-01 1.499999999999999944e-01 1.542654566963625740e-01 0 0 0 0 0 0
1183 7108 13033 1.499999999999999944e-01 1.499999999999999944e-01 1.545699124671975344e-01 0 0 0 0 0 0
1184 7109 13034 1.499999999999999944e-01 1.412707675093343718e-01 1.610049224078581309e-01 0 0 0 0 0 0
1185 7110 13035 1.377191844402535226e-01 1.499999999999999944e-01 1.541743702856211151e-01 0 0 0 0 0 0
1186 7111 13036 1.447798743680408506e-01 1.266190610509491665e-01 2.000000000000000111e-01 0 0 0 0 0 0
1187 7112 13037 1.499999999999999944e-01 9.877708040613676632e-02 1.890720754157950712e-01 0 0 0 0 0 0
1188 7113 13038 1.499999999999999944e-01 1.139952488335099767e-01 2.000000000000000111e-01 0 0 0 0 0 0
1189 7114 13039 1.499999999999999944e-01 1.312169194285174312e-01 2.000000000000000111e-01 0 0 0 0 0 0
1190 7115 13040 1.499999999999999944e-01 1.239367556521013547e-01 1.717272226709473104e-01 0 0 0 0 0 0
1191 7116 13041 1.478047186091845933e-01 1.225622634733023603e-01 1.738985067251462013e-01 0 0 0 0 0 0
1192 7117 13042 1.499999999999999944e-01 1.016435166727121531e-01 1.838748370405955679e-01 0 0 0 0 0 0
1193 7118 13043 1.333709130532367282e-01 6.066659486281640590e-02 1.772766073453958535e-01 0 0 0 0 0 0
1194 7119 13044 1.317226872646749536e-01 6.327230692048685379e-02 1.804352344190690571e-01 0 0 0 0 0 0
1195 7120 13045 1.272708959814203844e-01 8.355964864889552091e-02 1.700401956512447854e-01 0 0 0 0 0 0
1196 7121 13046 1.269320854846590074e-01 8.365138064343068114e-02 1.713235821384483937e-01 0 0 0 0 0 0
1197 7122 13047 1.269558144940202415e-01 8.373723030235083464e-02 1.714215041554902064e-01 0 0 0 0 0 0
1198 7123 13048 1.499999999999999944e-01 8.643963253419610637e-02 1.590397740614934441e-01 0 0 0 0 0 0
1199 7124 13049 1.460180303137393332e-01 8.633035850529847954e-02 1.591260144588938774e-01 0 0 0 0 0 0
1200 7125 13050 1.499999999999999944e-01 8.354747073138028834e-02 1.583362810489430950e-01 0 0 0 0 0 0
1201 7126 13051 1.416220237763840817e-01 8.692757583782559361e-02 1.611199619568454144e-01 0 0 0 0 0 0
1202 7127 13052 1.499999999999999944e-01 9.159809369727039963e-02 1.726840306078114839e-01 0 0 0 0 0 0
1203 7128 13053 1.273321847577325583e-01 8.362667621677233321e-02 1.699782331284385994e-01 0 0 0 0 0 0
1204 7129 13054 1.193850085483601914e-01 0.000000000000000000e+00 2.000000000000000111e-01 0 0 0 0 0 0
1205 7130 13055 1.063294000613250051e-01 0.000000000000000000e+00 1.700075891459411070e-01 0 0 0 0 0 0
1206 7131 13056 1.047213448510996014e-01 4.425347497011928623e-03 1.743587185844125698e-01 0 0 0 0 0 0
1207 7132 13057 1.239767194872890693e-01 0.000000000000000000e+00 1.905504871999828820e-01 0 0 0 0 0 0
1208 7133 13058 1.225532271516311389e-01 6.380150708947513773e-03 2.000000000000000111e-01 0 0 0 0 0 0
1209 7134 13059 1.220519921033758060e-01 0.000000000000000000e+00 2.000000000000000111e-01 0 0 0 0 0 0
1210 7135 13060 1.102317837718789356e-01 9.834758236451589947e-03 1.785813910362166190e-01 0 0 0 0 0 0
1211 7136 13061 1.076238768117930567e-01 0.000000000000000000e+00 1.698178147841144237e-01 0 0 0 0 0 0
1212 7137 13062 1.124501756393419816e-01 4.737813645123544436e-03 1.735162278136853364e-01 0 0 0 0 0 0
1213 7138 13063 1.160235967612007896e-01 0.000000000000000000e+00 1.722799236632111541e-01 0 0 0 0 0 0
1214 7139 13064 9.225398636073953162e-02 1.674903436166110329e-02 1.674140627026973749e-01 0 0 0 0 0 0
1215 7140 13065 9.342551450097226484e-02 1.548238890704128207e-02 1.674973797314112667e-01 0 0 0 0 0 0
1216 7141 13066 9.796421364295275491e-02 3.215663360185223342e-03 1.735516403106102945e-01 0 0 0 0 0 0
1217 7142 13067 9.541627616066450379e-02 0.000000000000000000e+00 1.780201381414120709e-01 0 0 0 0 0 0
1218 7143 13068 8.707243340726279757e-02 0.000000000000000000e+00 1.844523662032518108e-01 0 0 0 0 0 0
1219 7144 13069 8.298138571035321154e-02 7.321442503184464635e-03 1.819043174650361305e-01 0 0 0 0 0 0
1220 7145 13070 9.674509076443410516e-02 2.692750681041464200e-02 1.791703784364156726e-01 0 0 0 0 0 0
1221 7146 13071 9.404286318532804889e-02 0.000000000000000000e+00 2.000000000000000111e-01 0 0 0 0 0 0
1222 7147 13072 8.781614311711512244e-02 1.973062616922016330e-02 1.762033888889051325e-01 0 0 0 0 0 0
1223 7148 13073 9.140134856504109062e-02 2.124734082551421252e-02 1.700741171020991593e-01 0 0 0 0 0 0
1224 7149 13074 9.628333074783075596e-02 2.707519650223601942e-02 1.788700973002752270e-01 0 0 0 0 0 0
1225 7150 13075 6.247121802812640595e-02 2.654847226629775125e-02 1.613209831987462706e-01 0 0 0 0 0 0
1226 7151 13076 6.408810639317852331e-02 2.706869193898437873e-02 1.616347009198619289e-01 0 0 0 0 0 0
1227 7152 13077 7.544829683340525950e-02 3.024650202364488269e-02 1.559063202127767278e-01 0 0 0 0 0 0
1228 7153 13078 7.319675184483670494e-02 2.923265502546066458e-02 1.506585205110211600e-01 0 0 0 0 0 0
1229 7154 13079 5.433451053895372446e-02 2.316389405817740818e-02 1.469987629881666091e-01 0 0 0 0 0 0
1230 7155 13080 5.329905832170717117e-02 2.291787564751482376e-02 1.482461220611697161e-01 0 0 0 0 0 0
1231 7156 13081 8.291674923979416856e-02 2.575764975469751680e-02 1.525444487531345261e-01 0 0 0 0 0 0
1232 7157 13082 8.348798308325806883e-02 1.942439405865672986e-02 1.526552827373903742e-01 0 0 0 0 0 0
1233 7158 13083 6.587061519924207464e-02 1.449625050141874379e-02 1.615388477469224815e-01 0 0 0 0 0 0
1234 7159 13084 6.518002843415404701e-02 1.496257889129364547e-02 1.618465617395294376e-01 0 0 0 0 0 0
1235 7160 13085 6.362386844145169473e-02 1.379995294374853493e-02 1.615446268767684046e-01 0 0 0 0 0 0
1236 7161 13086 6.110133144756509094e-02 1.298834875531879908e-02 1.610551901449216727e-01 0 0 0 0 0 0
1237 7162 13087 5.246907929107835072e-02 2.039091457955180889e-02 1.466368215872446423e-01 0 0 0 0 0 0
1238 7163 13088 5.220851443131216407e-02 2.034532882031939161e-02 1.469689920199477307e-01 0 0 0 0 0 0
1239 7164 13089 1.303700302278444079e-01 3.918209388707368651e-02 7.941421751095174494e-03 0 0 0 0 0 0
1240 7165 13090 1.425985889334911438e-01 4.074892579696104411e-02 7.595105806305490689e-03 0 0 0 0 0 0
1241 7166 13091 1.489743557512860916e-01 3.933415013221787382e-02 0.000000000000000000e+00 0 0 0 0 0 0
1242 7167 13092 1.469688688388701703e-01 7.511134634192682957e-02 0.000000000000000000e+00 0 0 0 0 0 0
1243 7168 13093 1.346187714516130507e-01 7.511134634192678794e-02 0.000000000000000000e+00 0 0 0 0 0 0
1244 7169 13094 7.288426748052184712e-02 1.436007481183043388e-01 2.757544629213853210e-02 0 0 0 0 0 0
1245 7170 13095 9.354349951325131862e-02 1.478079719231457367e-01 4.249064790159562399e-02 0 0 0 0 0 0
1246 7171 13096 8.984705624654588940e-02 1.482869745868508893e-01 4.418877988411774177e-02 0 0 0 0 0 0
1247 7172 13097 9.354265338996500811e-02 1.499999999999999944e-01 4.257769961580101098e-02 0 0 0 0 0 0
1248 7173 13098 8.884800860107987253e-02 1.499999999999999944e-01 4.471034876279247894e-02 0 0 0 0 0 0
1249 7174 13099 6.507097278962291342e-02 1.499999999999999944e-01 2.637701703998591302e-02 0 0 0 0 0 0
1250 7175 13100 1.376952385610308305e-01 5.645560744074919896e-02 3.783478172359287101e-02 0 0 0 0 0 0
1251 7176 13101 1.486636206858286680e-01 6.466047938649868709e-02 3.848867665072081695e-02 0 0 0 0 0 0
1252 7177 13102 1.499999999999999944e-01 6.454969940861984834e-02 3.799686237632744767e-02 0 0 0 0 0 0
1253 7178 13103 1.499999999999999944e-01 4.024448668053221684e-02 2.548843627252971381e-02 0 0 0 0 0 0
1254 7179 13104 1.486890237671617265e-01 3.815281466712859559e-02 2.483851632009397709e-02 0 0 0 0 0 0
1255 7180 13105 1.464433543762460321e-01 3.767660769988276370e-02 2.532408918848864238e-02 0 0 0 0 0 0
1256 7181 13106 1.485539120443720718e-01 7.414367646772580811e-02 2.231244367538399997e-02 0 0 0 0 0 0
1257 7182 13107 1.499999999999999944e-01 7.425584476787436272e-02 2.138307227189943302e-02 0 0 0 0 0 0
1258 7183 13108 1.428296611447357478e-01 7.100920743622914089e-02 3.059649934660817541e-02 0 0 0 0 0 0
1259 7184 13109 1.220776128454922060e-01 6.141058311254835728e-02 2.518679475415101093e-02 0 0 0 0 0 0
1260 7185 13110 1.233960940149577135e-01 6.459121875929986489e-02 2.372005144546146527e-02 0 0 0 0 0 0
1261 7186 13111 1.291064500220837907e-01 6.719634292269253961e-02 2.523409224207605328e-02 0 0 0 0 0 0
1262 7187 13112 1.222323073796602738e-01 6.054481963370939024e-02 2.588721532873878087e-02 0 0 0 0 0 0
1263 7188 13113 1.423256999378028353e-01 4.028987322055879033e-02 1.814766365854404359e-02 0 0 0 0 0 0
1264 7189 13114 1.499999999999999944e-01 7.470150981676719482e-02 1.557390000985132278e-02 0 0 0 0 0 0
1265 7190 13115 1.466835630998846451e-01 7.485408705248985939e-02 1.236333805168446549e-02 0 0 0 0 0 0
1266 7191 13116 1.256700560380595022e-01 6.661176961650364103e-02 2.136884955997658125e-02 0 0 0 0 0 0
1267 7192 13117 1.462838887479096517e-01 7.484264456848178926e-02 1.236525295284714859e-02 0 0 0 0 0 0
1268 7193 13118 1.338513346251931357e-01 7.057047843760624883e-02 1.308020050142273683e-02 0 0 0 0 0 0
1269 7194 13119 1.308805549806554003e-01 4.522870878051567234e-02 1.732114889571915312e-02 0 0 0 0 0 0
1270 7195 13120 1.377143302539539649e-01 3.970030764496444015e-02 1.824632753304776187e-02 0 0 0 0 0 0
1271 7196 13121 1.220196713830055124e-01 6.024324920174150416e-02 2.530417568848284185e-02 0 0 0 0 0 0
1272 7197 13122 1.499999999999999944e-01 3.778000913784379522e-02 2.488889616899511020e-02 0 0 0 0 0 0
1273 7198 13123 1.499999999999999944e-01 3.904448762310015753e-02 0.000000000000000000e+00 0 0 0 0 0 0
1274 7199 13124 1.499999999999999944e-01 8.088832042234783692e-02 0.000000000000000000e+00 0 0 0 0 0 0
1275 7200 13125 1.475767666270958733e-01 8.006789454784718485e-02 0.000000000000000000e+00 0 0 0 0 0 0
1276 7201 13126 1.151832091562531996e-01 5.017999278845559213e-02 2.086697860097917398e-02 0 0 0 0 0 0
1277 7202 13127 1.097413347430660491e-01 4.198713924498238825e-02 2.443822189082570095e-02 0 0 0 0 0 0
1278 7203 13128 1.182837105134205979e-01 5.413667350099944653e-02 4.652424826197421037e-02 0 0 0 0 0 0
1279 7204 13129 1.182103113639897396e-01 5.402401298245985278e-02 4.665638933368886077e-02 0 0 0 0 0 0
1280 7205 13130 1.170567152430475183e-01 5.233171987068094277e-02 4.568190113267219660e-02 0 0 0 0 0 0
1281 7206 13131 1.270661048266640558e-01 4.715028219948097510e-02 5.188171992689984136e-02 0 0 0 0 0 0
1282 7207 13132 1.192307827618361293e-01 5.225508819515645859e-02 4.826887042085682006e-02 0 0 0 0 0 0
1283 7208 13133 1.346618051452733722e-01 5.524292322171548558e-02 4.189544699329695449e-02 0 0 0 0 0 0
1284 7209 13134 1.350429528565493531e-01 7.883109677344593558e-02 0.000000000000000000e+00 0 0 0 0 0 0
1285 7210 13135 1.382421611093031799e-01 7.981942387713124309e-02 0.000000000000000000e+00 0 0 0 0 0 0
1286 7211 13136 1.194870667861683972e-01 6.598167708587253377e-02 2.203373823715907773e-02 0 0 0 0 0 0
1287 7212 13137 1.198888113263572863e-01 6.539086795953880094e-02 2.273454169254861268e-02 0 0 0 0 0 0
1288 7213 13138 1.191205263456672492e-01 6.437683483915324079e-02 2.221914579103448709e-02 0 0 0 0 0 0
1289 7214 13139 1.211679332215592764e-01 6.434302662018083485e-02 2.398453692105127419e-02 0 0 0 0 0 0
1290 7215 13140 1.203116546248921420e-01 7.066491221634914333e-02 1.652863299832168717e-02 0 0 0 0 0 0
1291 7216 13141 1.194110210490223478e-01 7.014042576327345069e-02 1.713507508026900980e-02 0 0 0 0 0 0
1292 7217 13142 1.145504491117324553e-01 6.668510886453077324e-02 0.000000000000000000e+00 0 0 0 0 0 0
1293 7218 13143 1.347715229548619720e-01 7.887773044448360971e-02 0.000000000000000000e+00 0 0 0 0 0 0
1294 7219 13144 3.058181852030125367e-02 3.155240596406967690e-02 9.624949547260415461e-02 0 0 0 0 0 0
1295 7220 13145 2.969412869934485305e-02 3.151629325732843712e-02 1.073644293750525974e-01 0 0 0 0 0 0
1296 7221 13146 2.926852944454236272e-02 3.134675452271880325e-02 1.078338201551714975e-01 0 0 0 0 0 0
1297 7222 13147 5.489217531217845114e-03 5.375433142176593015e-02 9.910721393707790094e-02 0 0 0 0 0 0
1298 7223 13148 1.130245352831738340e-02 4.908386036273332254e-02 8.820662545966131973e-02 0 0 0 0 0 0
1299 7224 13149 7.558240802350372697e-03 4.308483909912333432e-02 8.681353866326169122e-02 0 0 0 0 0 0
1300 7225 13150 0.000000000000000000e+00 4.737752628729872267e-02 9.932370158425779527e-02 0 0 0 0 0 0
1301 7226 13151 1.253062152362184947e-02 5.553433376426295670e-02 1.032616285087884778e-01 0 0 0 0 0 0
1302 7227 13152 1.382540818277105607e-02 3.807601268162273678e-02 1.163424819128083959e-01 0 0 0 0 0 0
1303 7228 13153 1.900119230980429688e-02 5.409210490203172905e-02 9.989555619643983309e-02 0 0 0 0 0 0
1304 7229 13154 2.279655032812095972e-02 5.104283771383231333e-02 9.277875655115186415e-02 0 0 0 0 0 0
1305 7230 13155 2.475077316721183834e-02 4.936898404521717493e-02 9.966156274156424966e-02 0 0 0 0 0 0
1306 7231 13156 2.752499581686819116e-02 3.877220280565270988e-02 1.062119552616054702e-01 0 0 0 0 0 0
1307 7232 13157 2.232977179454645814e-02 3.549110294989849673e-02 1.124706474745037904e-01 0 0 0 0 0 0
1308 7233 13158 2.535938897817087423e-02 4.892602722477940036e-02 9.384407096933683468e-02 0 0 0 0 0 0
1309 7234 13159 4.914922021948441716e-03 5.496980200619241974e-02 1.266871080291476735e-02 0 0 0 0 0 0
1310 7235 13160 1.982846367717878977e-02 5.020299822203341811e-02 2.359120036175928886e-02 0 0 0 0 0 0
1311 7236 13161 2.127372637195307573e-02 4.730744803025196954e-02 1.975101722120752371e-02 0 0 0 0 0 0
1312 7237 13162 1.041786655952300043e-02 4.696935112548348418e-02 4.135184337382094566e-03 0 0 0 0 0 0
1313 7238 13163 2.039853537295780242e-02 3.781772641791372735e-02 1.985403816789537215e-02 0 0 0 0 0 0
1314 7239 13164 2.132458266312565326e-02 4.020476958401169448e-02 1.823204089151342008e-02 0 0 0 0 0 0
1315 7240 13165 1.802286145398724129e-02 3.981464794718616446e-02 2.562030078232787125e-02 0 0 0 0 0 0
1316 7241 13166 1.775838523256073609e-02 3.812312571459862409e-02 2.588393279585619877e-02 0 0 0 0 0 0
1317 7242 13167 0.000000000000000000e+00 5.336423369990649090e-02 1.003995974448938788e-02 0 0 0 0 0 0
1318 7243 13168 1.764110157190596287e-02 3.819051110776974789e-02 2.587440266373512709e-02 0 0 0 0 0 0
1319 7244 13169 0.000000000000000000e+00 5.097873841283164648e-02 1.076906543031967353e-02 0 0 0 0 0 0
1320 7245 13170 1.443700990056068396e-02 4.324434039882860820e-02 9.053740868755136631e-03 0 0 0 0 0 0
1321 7246 13171 1.018413867922168467e-02 4.665368606030870918e-02 3.729861561744723334e-03 0 0 0 0 0 0
1322 7247 13172 0.000000000000000000e+00 5.153572734901886582e-02 7.898182486215854156e-03 0 0 0 0 0 0
1323 7248 13173 2.177037327457241253e-02 4.025106546728994539e-02 1.802265273019887024e-02 0 0 0 0 0 0
1324 7249 13174 1.994723853327090915e-02 5.102065166742777991e-02 2.414092847872527717e-02 0 0 0 0 0 0
1325 7250 13175 2.110602116075712201e-02 5.346127391183227995e-02 2.496568995011167261e-02 0 0 0 0 0 0
1326 7251 13176 2.598497918801587203e-02 5.135252348747829099e-02 1.828606717742737794e-02 0 0 0 0 0 0
1327 7252 13177 3.018385837724898296e-02 5.332654629843908145e-02 2.596405224822913999e-02 0 0 0 0 0 0
1328 7253 13178 2.281828651428402174e-02 5.406420763180196792e-02 2.738067856700320685e-02 0 0 0 0 0 0
1329 7254 13179 2.588799235678224120e-02 4.768833958349034258e-02 3.468029933654213220e-02 0 0 0 0 0 0
1330 7255 13180 1.804634054467414706e-02 5.506689255877144501e-02 2.460844580107266963e-02 0 0 0 0 0 0
1331 7256 13181 5.375692818710664858e-03 5.648320139888386715e-02 1.390430751056262286e-02 0 0 0 0 0 0
1332 7257 13182 0.000000000000000000e+00 5.745979626278395480e-02 1.301244645258915929e-02 0 0 0 0 0 0
1333 7258 13183 8.959647580302874600e-03 4.502151748918954005e-02 0.000000000000000000e+00 0 0 0 0 0 0
1334 7259 13184 1.018095320283015325e-02 4.561622433876324351e-02 1.750235450715886864e-03 0 0 0 0 0 0
1335 7260 13185 0.000000000000000000e+00 4.739316641233611016e-02 0.000000000000000000e+00 0 0 0 0 0 0
1336 7261 13186 1.955029095665837546e-02 5.533538193578546593e-02 2.502324571977556159e-02 0 0 0 0 0 0
1337 7262 13187 1.286032882848430446e-02 6.072609497685221847e-02 3.342082775523994020e-02 0 0 0 0 0 0
1338 7263 13188 1.755557177779943495e-02 5.580988021923644765e-02 4.060849141484389885e-02 0 0 0 0 0 0
1339 7264 13189 1.205713087876265736e-02 5.285431788948508763e-02 4.529454231240615664e-02 0 0 0 0 0 0
1340 7265 13190 2.011687719453903941e-02 5.631776035002862557e-02 2.655022914846599802e-02 0 0 0 0 0 0
1341 7266 13191 2.280291328116943600e-02 5.408671923713938984e-02 2.738495909666716077e-02 0 0 0 0 0 0
1342 7267 13192 1.090169226935085688e-02 5.025563404352705738e-02 4.700904641470812079e-02 0 0 0 0 0 0
1343 7268 13193 2.199152999493106039e-02 5.267958149243658073e-02 3.886300877045666818e-02 0 0 0 0 0 0
1344 7269 13194 2.561748049150431791e-02 4.721920562118352843e-02 3.850703409885681411e-02 0 0 0 0 0 0
1345 7270 13195 2.402704631559718709e-02 4.169313974984228260e-02 4.158624806277383401e-02 0 0 0 0 0 0
1346 7271 13196 3.407424460252174436e-02 4.958705102554091665e-02 5.804306085411960886e-02 0 0 0 0 0 0
1347 7272 13197 3.802673606925524585e-02 4.532674302372451808e-02 4.891272800962308959e-02 0 0 0 0 0 0
1348 7273 13198 3.601073720527520061e-02 4.327494313850881874e-02 4.461944801422431522e-02 0 0 0 0 0 0
1349 7274 13199 3.353255216824389817e-02 4.913392330771042260e-02 6.251993249452833523e-02 0 0 0 0 0 0
1350 7275 13200 3.644530650624211443e-02 4.345343271160124338e-02 6.369472055179353776e-02 0 0 0 0 0 0
1351 7276 13201 3.826837862927441603e-02 4.497843926195361358e-02 4.862775751232694538e-02 0 0 0 0 0 0
1352 7277 13202 1.813392653491101292e-02 3.688554604825534933e-02 6.651414145353572172e-02 0 0 0 0 0 0
1353 7278 13203 3.223505013460430113e-02 4.809671125144157622e-02 6.386051867735681453e-02 0 0 0 0 0 0
1354 7279 13204 3.606250837661360148e-02 4.324734171000759603e-02 4.462166363001134062e-02 0 0 0 0 0 0
1355 7280 13205 2.221861834449766551e-02 3.213207301901201129e-02 6.839137921133914277e-02 0 0 0 0 0 0
1356 7281 13206 3.352146000630899098e-02 4.111845089451542090e-02 6.626435168354845306e-02 0 0 0 0 0 0
1357 7282 13207 3.451390760830648496e-02 4.190948890999974391e-02 6.569025243457583818e-02 0 0 0 0 0 0
1358 7283 13208 3.328345651979865150e-02 4.432250469701227991e-02 6.518699269161211396e-02 0 0 0 0 0 0
1359 7284 13209 6.780392597438002385e-03 5.204590293790721522e-02 6.743117548699965880e-02 0 0 0 0 0 0
1360 7285 13210 5.609512387657051950e-03 5.195571878978513802e-02 6.673931549554028286e-02 0 0 0 0 0 0
1361 7286 13211 3.014362111282836709e-02 2.620425585204951349e-02 8.241012983050313712e-02 0 0 0 0 0 0
1362 7287 13212 2.935224150117917569e-02 2.762875349070541622e-02 8.363232017317814848e-02 0 0 0 0 0 0
1363 7288 13213 8.740189707150463824e-03 5.078636989052750378e-02 7.154787736655274233e-02 0 0 0 0 0 0
1364 7289 13214 2.995456496833024881e-02 2.661963955217061181e-02 8.457294062764565690e-02 0 0 0 0 0 0
1365 7290 13215 3.022870880110792649e-02 2.610936750042004706e-02 8.373072936900329000e-02 0 0 0 0 0 0
1366 7291 13216 1.670385881681979087e-02 5.996854985221598822e-02 1.416118742036796656e-02 0 0 0 0 0 0
1367 7292 13217 1.994307668369896952e-02 5.990575903348626524e-02 1.631107383307047257e-02 0 0 0 0 0 0
1368 7293 13218 2.329806941614420007e-02 6.862954452896720403e-02 1.805077192096626523e-02 0 0 0 0 0 0
1369 7294 13219 2.232327167337247453e-02 7.021964388417270553e-02 1.731672582850703190e-02 0 0 0 0 0 0
1370 7295 13220 0.000000000000000000e+00 7.880491394019174811e-02 2.795345366328944037e-02 0 0 0 0 0 0
1371 7296 13221 2.299710123965596417e-02 7.081122684267268652e-02 2.066311158182728563e-02 0 0 0 0 0 0
1372 7297 13222 2.323866854432576901e-02 7.045458903449436372e-02 1.941106416103691862e-02 0 0 0 0 0 0
1373 7298 13223 0.000000000000000000e+00 7.340804536536485458e-02 3.200954438269384972e-02 0 0 0 0 0 0
1374 7299 13224 2.348530304794072682e-02 6.890948176860448027e-02 1.866766916229825254e-02 0 0 0 0 0 0
1375 7300 13225 2.271530327911941080e-02 6.408492513361987997e-02 2.535871710496503256e-02 0 0 0 0 0 0
1376 7301 13226 0.000000000000000000e+00 7.838799806951995963e-02 3.132862676626136517e-02 0 0 0 0 0 0
1377 7302 13227 1.650367928984471794e-02 7.194751662499800082e-02 3.179506996615590747e-02 0 0 0 0 0 0
1378 7303 13228 2.196473304279217970e-02 7.044371190365918134e-02 2.687069614718361546e-02 0 0 0 0 0 0
1379 7304 13229 0.000000000000000000e+00 9.335754944088912877e-02 2.562878284494207043e-02 0 0 0 0 0 0
1380 7305 13230 1.708682647317472797e-02 9.751496629160887053e-02 1.859919219265826137e-02 0 0 0 0 0 0
1381 7306 13231 1.862242034450276376e-02 9.754660266089072718e-02 1.710596505147198368e-02 0 0 0 0 0 0
1382 7307 13232 2.435098367202543496e-02 7.171014067799826031e-02 2.001514572420355978e-02 0 0 0 0 0 0
1383 7308 13233 2.894909237738300944e-02 8.249421334478485024e-02 1.132083013041485474e-02 0 0 0 0 0 0
1384 7309 13234 2.955935879864736784e-02 8.270368568893096684e-02 1.261134065928091672e-02 0 0 0 0 0 0
1385 7310 13235 2.782027328733138044e-02 7.769150157133281054e-02 1.776723081067713844e-02 0 0 0 0 0 0
1386 7311 13236 1.982494812410631399e-02 9.665804766771265988e-02 1.771602661145315477e-02 0 0 0 0 0 0
1387 7312 13237 2.962841934982583456e-02 8.487429393144575729e-02 1.594623400271234781e-02 0 0 0 0 0 0
1388 7313 13238 2.162726354757679714e-02 7.535100469764731412e-02 3.543802871664179094e-02 0 0 0 0 0 0
1389 7314 13239 2.347805178628627892e-02 7.449411156306215420e-02 3.775343385396771889e-02 0 0 0 0 0 0
1390 7315 13240 2.431215411209597388e-02 7.142671749155096728e-02 4.008136861926466649e-02 0 0 0 0 0 0
1391 7316 13241 2.253078623206734507e-02 6.118046537392964751e-02 4.315639963690827419e-02 0 0 0 0 0 0
1392 7317 13242 2.828633069586571763e-02 6.036877392896713296e-02 4.254031294050186762e-02 0 0 0 0 0 0
1393 7318 13243 2.825070237000214257e-02 6.118939918429473768e-02 4.295788427440793561e-02 0 0 0 0 0 0
1394 7319 13244 2.940724924779769892e-02 6.333323844166451055e-02 4.228764733128519832e-02 0 0 0 0 0 0
1395 7320 13245 3.064913043101929330e-02 6.337212293776174621e-02 4.055484679059487285e-02 0 0 0 0 0 0
1396 7321 13246 2.740663168557095838e-02 5.982104904274380269e-02 2.689058491302323203e-02 0 0 0 0 0 0
1397 7322 13247 3.336708405227154645e-02 6.701936441717858128e-02 3.274175863227000993e-02 0 0 0 0 0 0
1398 7323 13248 2.528902525109854443e-02 7.551149860043505913e-02 3.414221778450514388e-02 0 0 0 0 0 0
1399 7324 13249 2.774835639876450585e-02 7.470684574715746873e-02 3.170586449733434065e-02 0 0 0 0 0 0
1400 7325 13250 6.220527254227089901e-03 1.103704101447151031e-01 3.126444915411489417e-02 0 0 0 0 0 0
1401 7326 13251 4.900796052052609417e-03 1.074301499598450810e-01 3.208032663000227880e-02 0 0 0 0 0 0
1402 7327 13252 0.000000000000000000e+00 9.804220227646322228e-02 3.297399726921225460e-02 0 0 0 0 0 0
1403 7328 13253 2.691557694434447250e-03 9.938477464988065835e-02 3.294492409342855005e-02 0 0 0 0 0 0
1404 7329 13254 4.792802582986669530e-02 3.953229536318048076e-02 8.706506096766622460e-02 0 0 0 0 0 0
1405 7330 13255 5.218412967780670236e-02 4.339820623485941831e-02 8.550627974256251596e-02 0 0 0 0 0 0
1406 7331 13256 5.563824378886327027e-02 4.980382821741250604e-02 7.470548291546157127e-02 0 0 0 0 0 0
1407 7332 13257 4.727664565806231206e-02 4.639742990556698643e-02 6.554650710015350046e-02 0 0 0 0 0 0
1408 7333 13258 3.917178286179857222e-02 4.065701671206550100e-02 6.378400602707230693e-02 0 0 0 0 0 0
1409 7334 13259 3.801174572348801212e-02 3.872700765146325219e-02 6.676576029147911207e-02 0 0 0 0 0 0
1410 7335 13260 3.747883980337177179e-02 5.079090451048286908e-02 6.494024065479693519e-02 0 0 0 0 0 0
1411 7336 13261 5.147065186188863606e-02 5.844960504359206221e-02 6.768011671028498211e-02 0 0 0 0 0 0
1412 7337 13262 5.285942068790559084e-02 5.745092613337469262e-02 6.771548386371611938e-02 0 0 0 0 0 0
1413 7338 13263 5.245691723757481273e-02 5.514247585266735668e-02 6.735579263693586283e-02 0 0 0 0 0 0
1414 7339 13264 3.670693044524222376e-02 4.315904715532367653e-02 6.381936298710279287e-02 0 0 0 0 0 0
1415 7340 13265 4.750424983509587279e-02 4.357037742952787202e-02 8.595045647112092846e-02 0 0 0 0 0 0
1416 7341 13266 4.957340679906867276e-02 4.548581647665348587e-02 8.518230656522228494e-02 0 0 0 0 0 0
1417 7342 13267 5.389853951528363746e-02 5.572977263688101007e-02 6.893489071959862935e-02 0 0 0 0 0 0
1418 7343 13268 4.837168696215975172e-02 3.507371781950109624e-02 4.691895278201502206e-02 0 0 0 0 0 0
1419 7344 13269 4.700686828566384701e-02 3.504735258050356572e-02 5.322906013577468481e-02 0 0 0 0 0 0
1420 7345 13270 4.637966781677969885e-02 3.487432444434680756e-02 5.521159366574368565e-02 0 0 0 0 0 0
1421 7346 13271 3.750788387328671258e-02 3.048850445960075289e-02 7.220533956395641662e-02 0 0 0 0 0 0
1422 7347 13272 3.317632725426576668e-02 2.730322325375498030e-02 7.455139907172446401e-02 0 0 0 0 0 0
1423 7348 13273 4.654660239805055028e-02 0.000000000000000000e+00 5.744701303372878876e-02 0 0 0 0 0 0
1424 7349 13274 5.702236901504963151e-02 8.743029365840530864e-03 6.746212126743203474e-02 0 0 0 0 0 0
1425 7350 13275 5.313027231996598349e-02 2.251738605466622328e-02 7.696857381271449139e-02 0 0 0 0 0 0
1426 7351 13276 3.874128664252182719e-02 2.796201057322277722e-02 7.677457355267572336e-02 0 0 0 0 0 0
1427 7352 13277 5.919066980773881465e-02 2.621689901992422037e-02 6.380505138906154838e-02 0 0 0 0 0 0
1428 7353 13278 5.587576142369721222e-02 2.996268358286464928e-02 5.825365676078572696e-02 0 0 0 0 0 0
1429 7354 13279 4.975838563130668274e-02 3.484503539487107671e-02 4.875168213338008927e-02 0 0 0 0 0 0
1430 7355 13280 4.490865779841504701e-02 3.942227568120501568e-02 4.325565283506125486e-02 0 0 0 0 0 0
1431 7356 13281 4.813502614537874119e-02 3.604147703335099789e-02 4.368064248275929651e-02 0 0 0 0 0 0
1432 7357 13282 4.322531917821138131e-02 4.092549338121365815e-02 4.419551106996719159e-02 0 0 0 0 0 0
1433 7358 13283 3.307541165889223145e-02 2.728632127119602277e-02 7.457182750441500307e-02 0 0 0 0 0 0
1434 7359 13284 3.766088835018823605e-02 3.679945084712044068e-02 6.842020283206855236e-02 0 0 0 0 0 0
1435 7360 13285 4.594585460818088885e-02 3.561661229502029874e-02 5.550673340612272133e-02 0 0 0 0 0 0
1436 7361 13286 4.454344260385931925e-02 2.222793715534665884e-02 8.854997120481084005e-02 0 0 0 0 0 0
1437 7362 13287 4.549108907280439984e-02 2.262386654689713117e-02 8.755811438476465702e-02 0 0 0 0 0 0
1438 7363 13288 5.331322899150049005e-02 2.200093288501872579e-02 7.807557438847220754e-02 0 0 0 0 0 0
1439 7364 13289 5.794731706285881356e-02 5.632174077567075367e-03 6.713090607805728693e-02 0 0 0 0 0 0
1440 7365 13290 5.788773438384603454e-02 0.000000000000000000e+00 6.532639413452606680e-02 0 0 0 0 0 0
1441 7366 13291 6.986733620450072402e-02 0.000000000000000000e+00 7.914514438297275134e-02 0 0 0 0 0 0
1442 7367 13292 6.947338157828496230e-02 3.552651826798058389e-03 7.927819601674880590e-02 0 0 0 0 0 0
1443 7368 13293 6.503821427317824089e-02 1.363947394212177561e-02 8.406749432820745382e-02 0 0 0 0 0 0
1444 7369 13294 5.897813683048971911e-02 8.837014254702799457e-03 9.265663311537518376e-02 0 0 0 0 0 0
1445 7370 13295 6.060496819986391920e-02 0.000000000000000000e+00 9.146522901435472086e-02 0 0 0 0 0 0
1446 7371 13296 5.800312075770665959e-02 0.000000000000000000e+00 6.532809518749052580e-02 0 0 0 0 0 0
1447 7372 13297 5.896546663725290433e-02 2.602405671625174222e-03 6.617567030183812982e-02 0 0 0 0 0 0
1448 7373 13298 6.379773966555488118e-02 0.000000000000000000e+00 7.167233862170242775e-02 0 0 0 0 0 0
1449 7374 13299 5.908942092731975237e-02 3.633336727964765756e-03 6.650764048864053757e-02 0 0 0 0 0 0
1450 7375 13300 5.870380468193767132e-02 1.954074128507217456e-02 8.224072565811688107e-02 0 0 0 0 0 0
1451 7376 13301 5.311844050790147376e-02 2.260888390102027898e-02 7.758591384927226997e-02 0 0 0 0 0 0
1452 7377 13302 4.233228750663557693e-02 2.780468459040196655e-02 8.534859543123940462e-02 0 0 0 0 0 0
1453 7378 13303 4.443785426788545573e-02 2.301148050300099585e-02 8.846281004470848974e-02 0 0 0 0 0 0
1454 7379 13304 4.125197408489435918e-02 2.749522074002712715e-02 8.714274970328904357e-02 0 0 0 0 0 0
1455 7380 13305 8.952798001694242669e-02 1.661498138372279748e-02 4.791712319822166027e-02 0 0 0 0 0 0
1456 7381 13306 7.642274172503540908e-02 2.816512458265378951e-03 4.939539403337586676e-02 0 0 0 0 0 0
1457 7382 13307 8.080503350832800302e-02 0.000000000000000000e+00 4.969713535311175157e-02 0 0 0 0 0 0
1458 7383 13308 8.615336458495463645e-02 1.536983412244691087e-02 4.805051951137494226e-02 0 0 0 0 0 0
1459 7384 13309 8.074712904608574715e-02 1.018434814517948060e-02 4.860605597905890557e-02 0 0 0 0 0 0
1460 7385 13310 7.408453463033322361e-02 0.000000000000000000e+00 4.766735339249836279e-02 0 0 0 0 0 0
1461 7386 13311 8.217926292885999184e-02 1.350975396664142944e-02 4.671027299735840826e-02 0 0 0 0 0 0
1462 7387 13312 9.127484566922501596e-02 2.111767939737992442e-02 5.532283869402322002e-02 0 0 0 0 0 0
1463 7388 13313 8.884557990010369388e-02 1.928474746685024041e-02 6.021287843996585287e-02 0 0 0 0 0 0
1464 7389 13314 8.861017911972944583e-02 1.786304168800872602e-02 4.907414504126115379e-02 0 0 0 0 0 0
1465 7390 13315 8.260993451563149181e-02 1.330371843696111396e-02 6.085364379058989803e-02 0 0 0 0 0 0
1466 7391 13316 8.465502146924584748e-02 6.875861051368649390e-03 6.154227918608085046e-02 0 0 0 0 0 0
1467 7392 13317 7.778472748053577579e-02 8.312322937990413232e-03 5.795917129893980724e-02 0 0 0 0 0 0
1468 7393 13318 8.862049309030316235e-02 3.609557748814413904e-03 6.189220793085813827e-02 0 0 0 0 0 0
1469 7394 13319 7.765080909579660795e-02 8.161402394410779970e-03 5.776318974296881098e-02 0 0 0 0 0 0
1470 7395 13320 7.590344242561548882e-02 5.974408985688113224e-03 5.317319743872156446e-02 0 0 0 0 0 0
1471 7396 13321 8.691301951438559770e-02 2.122623617177491276e-02 4.910555666148286313e-02 0 0 0 0 0 0
1472 7397 13322 8.690545087814165182e-02 2.647165597823689445e-02 3.865754227806465770e-02 0 0 0 0 0 0
1473 7398 13323 6.330591161332589645e-02 2.799155045672075195e-02 3.262550105494321090e-02 0 0 0 0 0 0
1474 7399 13324 6.343539854020949220e-02 2.913761192099695654e-02 3.334739608133845817e-02 0 0 0 0 0 0
1475 7400 13325 7.854977852800743010e-02 2.228002129406727108e-02 4.700658984453159883e-02 0 0 0 0 0 0
1476 7401 13326 6.330375713483503419e-02 2.929480203683682699e-02 3.303429919837726908e-02 0 0 0 0 0 0
1477 7402 13327 6.682806666779361748e-02 3.170052294887494571e-02 2.824249842382349843e-02 0 0 0 0 0 0
1478 7403 13328 7.716247039531456964e-02 3.089217284305921865e-02 2.985259901519959902e-02 0 0 0 0 0 0
1479 7404 13329 7.872592420818244618e-02 3.363986981213902550e-02 2.871454221602932899e-02 0 0 0 0 0 0
1480 7405 13330 8.785264253313142258e-02 2.947907251471153234e-02 3.766837545568187118e-02 0 0 0 0 0 0
1481 7406 13331 8.195724245360658244e-02 3.216133023382187345e-02 3.233658128151326028e-02 0 0 0 0 0 0
1482 7407 13332 7.790574948990881821e-02 3.302693249232414863e-02 2.919728352246064515e-02 0 0 0 0 0 0
1483 7408 13333 7.725820477093386929e-02 4.483658802202554472e-02 2.020596605118682096e-02 0 0 0 0 0 0
1484 7409 13334 6.816654565662258469e-02 3.717081312716383895e-02 1.724291625292591681e-02 0 0 0 0 0 0
1485 7410 13335 6.813993840692432469e-02 3.753780796840870682e-02 1.836519046564542498e-02 0 0 0 0 0 0
1486 7411 13336 7.134776962697032821e-02 4.144506893375368012e-02 2.290292511682599438e-02 0 0 0 0 0 0
1487 7412 13337 6.843857015915910669e-02 3.641808078249107045e-02 2.679021914369414392e-02 0 0 0 0 0 0
1488 7413 13338 6.722253723575513651e-02 3.452344793288714825e-02 2.730044379019333500e-02 0 0 0 0 0 0
1489 7414 13339 4.418495954149630894e-02 5.430496633195582706e-02 1.252561931898925861e-02 0 0 0 0 0 0
1490 7415 13340 4.544040090224277240e-02 5.485922009447737752e-02 1.219409227178675989e-02 0 0 0 0 0 0
1491 7416 13341 6.770777020118855238e-02 3.762124206264100268e-02 1.810560927935817022e-02 0 0 0 0 0 0
1492 7417 13342 4.067203019818360632e-02 5.546267156876066168e-02 1.616345427552071459e-02 0 0 0 0 0 0
1493 7418 13343 5.981725553053679478e-02 3.705538479633712495e-02 4.117529945767207239e-02 0 0 0 0 0 0
1494 7419 13344 6.077156163326729449e-02 3.882820985230805294e-02 4.083652209757456658e-02 0 0 0 0 0 0
1495 7420 13345 6.427838405161134805e-02 3.964821538529458150e-02 3.648766494410456834e-02 0 0 0 0 0 0
1496 7421 13346 6.085637548683575648e-02 3.555119224954044616e-02 3.893435659253403902e-02 0 0 0 0 0 0
1497 7422 13347 5.869101737538181401e-02 4.951969846945467046e-02 4.090574507539324750e-02 0 0 0 0 0 0
1498 7423 13348 6.765865544301662149e-02 5.616043828024906703e-02 2.876418810112289087e-02 0 0 0 0 0 0
1499 7424 13349 7.105851450464480135e-02 4.810195498048697865e-02 2.653671587980400287e-02 0 0 0 0 0 0
1500 7425 13350 6.525557024308684118e-02 4.012368344218671806e-02 3.522036672660040779e-02 0 0 0 0 0 0
1501 7426 13351 5.060206044332002384e-02 3.667082926595459369e-02 4.367715713981380754e-02 0 0 0 0 0 0
1502 7427 13352 5.313871492290403453e-02 4.868209728256042701e-02 4.244101605035483643e-02 0 0 0 0 0 0
1503 7428 13353 5.281111672058073914e-02 4.823698965679266981e-02 4.254979572584530190e-02 0 0 0 0 0 0
1504 7429 13354 6.196940944813043167e-02 3.213729450467928822e-02 3.425221962458827735e-02 0 0 0 0 0 0
1505 7430 13355 4.148101452781677995e-02 5.728745877952579058e-02 1.741831103447209414e-02 0 0 0 0 0 0
1506 7431 13356 4.557267183097279961e-02 5.530175917916315548e-02 1.254352993996716605e-02 0 0 0 0 0 0
1507 7432 13357 4.964779571816090031e-02 6.150139172779429952e-02 1.902103997156261508e-02 0 0 0 0 0 0
1508 7433 13358 4.632247493272088207e-02 4.191429817425260801e-02 4.303587537996621248e-02 0 0 0 0 0 0
1509 7434 13359 4.260328284521335690e-02 5.876822177257953750e-02 2.402113366863967842e-02 0 0 0 0 0 0
1510 7435 13360 4.512618647031405722e-02 6.077247800474443185e-02 2.035682357987583443e-02 0 0 0 0 0 0
1511 7436 13361 4.838752892058250515e-02 5.105355414831317523e-02 3.811209919188212475e-02 0 0 0 0 0 0
1512 7437 13362 3.932002903941415883e-02 5.592952959013301056e-02 2.206377573900018124e-02 0 0 0 0 0 0
1513 7438 13363 4.160617501325721695e-02 5.771855222614921677e-02 1.795080835230649860e-02 0 0 0 0 0 0
1514 7439 13364 4.127827821705913613e-02 2.849553569705925646e-02 6.231784793657855342e-03 0 0 0 0 0 0
1515 7440 13365 6.475996658148247542e-02 4.598747275365955116e-03 5.818916544124834445e-02 0 0 0 0 0 0
1516 7441 13366 6.500038869585303414e-02 6.527816549213151173e-03 5.962526117143943094e-02 0 0 0 0 0 0
1517 7442 13367 6.514999985747918498e-02 8.257416664056450514e-03 6.026417263138818953e-02 0 0 0 0 0 0
1518 7443 13368 6.557316366818122244e-02 2.861875399955855770e-02 5.462412855566044917e-02 0 0 0 0 0 0
1519 7444 13369 6.459572740628913290e-02 3.008391157196820681e-02 4.430476706052462188e-02 0 0 0 0 0 0
1520 7445 13370 6.406217252447450605e-02 0.000000000000000000e+00 5.353960722981832704e-02 0 0 0 0 0 0
1521 7446 13371 6.945312447037939318e-02 6.586022466143511347e-03 5.762528262133299883e-02 0 0 0 0 0 0
1522 7447 13372 6.744534426419891704e-02 7.068079515554572673e-03 5.893461577681629454e-02 0 0 0 0 0 0
1523 7448 13373 7.319127567788706601e-02 2.586099666194098881e-02 4.989957505505083352e-02 0 0 0 0 0 0
1524 7449 13374 6.354971509523794915e-02 3.156010317764915835e-02 5.595174929808790359e-02 0 0 0 0 0 0
1525 7450 13375 6.457671766724840112e-02 3.005292300282898926e-02 5.881315867029814765e-02 0 0 0 0 0 0
1526 7451 13376 4.996542884241084170e-02 3.495877987015393734e-02 4.855946871292157740e-02 0 0 0 0 0 0
1527 7452 13377 6.480866989875511130e-02 9.806860459922343842e-03 6.150428270568775863e-02 0 0 0 0 0 0
1528 7453 13378 6.444612817175823793e-02 2.969426908644802465e-02 5.946279502579634307e-02 0 0 0 0 0 0
1529 7454 13379 6.188633251621276921e-02 2.845888813122475838e-02 6.152448212223727425e-02 0 0 0 0 0 0
1530 7455 13380 6.088439048891535615e-02 0.000000000000000000e+00 6.040655563252535915e-02 0 0 0 0 0 0
1531 7456 13381 1.485369616333998277e-01 6.487175569516781537e-02 3.970974758272536459e-02 0 0 0 0 0 0
1532 7457 13382 1.499999999999999944e-01 6.517978517011630002e-02 4.168259237212001977e-02 0 0 0 0 0 0
1533 7458 13383 1.499999999999999944e-01 6.053880777769114763e-02 5.614045209944848458e-02 0 0 0 0 0 0
1534 7459 13384 1.273085366230260473e-01 4.578340491206468743e-02 5.662581812632208611e-02 0 0 0 0 0 0
1535 7460 13385 1.269989762251551302e-01 4.574015028448369380e-02 5.614010101489961407e-02 0 0 0 0 0 0
1536 7461 13386 1.271520702483607823e-01 4.522265579316420148e-02 5.638021613765931833e-02 0 0 0 0 0 0
1537 7462 13387 1.180006148325691839e-01 1.522613381002911777e-02 1.256053519674322494e-01 0 0 0 0 0 0
1538 7463 13388 1.184872862535321092e-01 1.377816896007494525e-02 1.258310932815255578e-01 0 0 0 0 0 0
1539 7464 13389 1.168063024830176405e-01 1.405635416121275155e-02 1.267689063175894137e-01 0 0 0 0 0 0
1540 7465 13390 1.178980799332023238e-01 1.159970585044961013e-02 1.225659491494174996e-01 0 0 0 0 0 0
1541 7466 13391 1.033695479885647917e-01 1.189321414490634651e-02 1.273382835940564395e-01 0 0 0 0 0 0
1542 7467 13392 9.657090681231370044e-02 2.121634761181703799e-02 1.157653809526909133e-01 0 0 0 0 0 0
1543 7468 13393 1.014292576193410039e-01 2.263982451552986469e-02 1.148293047143042617e-01 0 0 0 0 0 0
1544 7469 13394 1.137510642672542177e-01 2.101377799219041054e-02 1.184169927166983799e-01 0 0 0 0 0 0
1545 7470 13395 1.027314697899380930e-01 1.188289632983080719e-02 1.272601148910990354e-01 0 0 0 0 0 0
1546 7471 13396 9.583702209421973706e-02 1.568589988320158446e-02 1.219586583609647140e-01 0 0 0 0 0 0
1547 7472 13397 1.143182924445548948e-01 1.073661469358285457e-02 1.121435272519391707e-01 0 0 0 0 0 0
1548 7473 13398 1.136117917168473906e-01 1.287148929936308799e-02 1.118408283840963413e-01 0 0 0 0 0 0
1549 7474 13399 9.445756544229393092e-02 1.025694266923144263e-02 1.077449288966571411e-01 0 0 0 0 0 0
1550 7475 13400 9.424739074238122627e-02 1.026335608449744155e-02 1.078408413621399359e-01 0 0 0 0 0 0
1551 7476 13401 9.448700978793868333e-02 1.059948311473896468e-02 1.119898476714693003e-01 0 0 0 0 0 0
1552 7477 13402 1.013042693708062908e-01 1.533263871468393616e-02 1.089276158344258116e-01 0 0 0 0 0 0
1553 7478 13403 9.317085333441543771e-02 7.971946541195916794e-03 1.082821545195394308e-01 0 0 0 0 0 0
1554 7479 13404 9.365745498811557657e-02 9.042451011592731944e-03 1.072334120891839798e-01 0 0 0 0 0 0
1555 7480 13405 9.601993541275719024e-02 0.000000000000000000e+00 1.052113032755475769e-01 0 0 0 0 0 0
1556 7481 13406 9.487942207649978366e-02 0.000000000000000000e+00 1.071285114782262043e-01 0 0 0 0 0 0
1557 7482 13407 9.413485686625751303e-02 1.003502251579231619e-02 1.076135621377250773e-01 0 0 0 0 0 0
1558 7483 13408 1.197252556470642104e-01 2.646362651468390278e-03 1.110414697401904127e-01 0 0 0 0 0 0
1559 7484 13409 1.181033910491291472e-01 0.000000000000000000e+00 1.099529830974708550e-01 0 0 0 0 0 0
1560 7485 13410 1.220425027340429069e-01 0.000000000000000000e+00 1.153205852783335678e-01 0 0 0 0 0 0
1561 7486 13411 1.226851957558527523e-01 1.155650781284240465e-03 1.157065784466879410e-01 0 0 0 0 0 0
1562 7487 13412 1.028639283150391964e-01 1.182512984397186655e-02 1.274643633728593795e-01 0 0 0 0 0 0
1563 7488 13413 1.029389231832946311e-01 0.000000000000000000e+00 1.213985418339052491e-01 0 0 0 0 0 0
1564 7489 13414 1.029062171599731956e-01 2.982933438107610025e-02 6.300430149062108409e-02 0 0 0 0 0 0
1565 7490 13415 1.059829400507331654e-01 2.984168621814724948e-02 6.497059245661614135e-02 0 0 0 0 0 0
1566 7491 13416 1.059881577061287938e-01 3.071204766684585558e-02 6.717984252891680275e-02 0 0 0 0 0 0
1567 7492 13417 1.035127590787739832e-01 2.378047050862476183e-02 7.565578997546741624e-02 0 0 0 0 0 0
1568 7493 13418 1.071102542133603869e-01 2.970408532172839206e-02 7.122731945103455420e-02 0 0 0 0 0 0
1569 7494 13419 9.903989198930217286e-02 2.779837946016932779e-02 5.952186013640007461e-02 0 0 0 0 0 0
1570 7495 13420 1.044937014288809807e-01 1.357716058494352722e-02 5.585883233138536075e-02 0 0 0 0 0 0
1571 7496 13421 1.096442947195877815e-01 2.029442815890113855e-02 6.251145923888665190e-02 0 0 0 0 0 0
1572 7497 13422 1.108113474313928565e-01 2.104248862862301631e-02 7.121787789960742909e-02 0 0 0 0 0 0
1573 7498 13423 1.114608261926916116e-01 1.860871203892387749e-02 6.892875287864642930e-02 0 0 0 0 0 0
1574 7499 13424 1.055439083423224955e-01 1.902701127159753952e-02 7.565060847932607302e-02 0 0 0 0 0 0
1575 7500 13425 1.096454198543161118e-01 1.455654878654624035e-02 6.827523284608423559e-02 0 0 0 0 0 0
1576 7501 13426 1.066481930531557737e-01 1.488895097195912925e-02 7.175849389073160611e-02 0 0 0 0 0 0
1577 7502 13427 1.074407481708554990e-01 1.084234190834527933e-02 6.626991773968464450e-02 0 0 0 0 0 0
1578 7503 13428 1.006795858834629576e-01 1.747033902049919749e-02 8.331199837095253080e-02 0 0 0 0 0 0
1579 7504 13429 1.006554093531701333e-01 1.577989521510941504e-02 8.254351989873949524e-02 0 0 0 0 0 0
1580 7505 13430 1.199423032777732073e-01 1.412824735402039809e-02 6.835535706732671912e-02 0 0 0 0 0 0
1581 7506 13431 1.222708571483012707e-01 2.747908523030220818e-02 8.561150794608771153e-02 0 0 0 0 0 0
1582 7507 13432 1.175287330644258638e-01 2.397826448354375972e-02 6.984683226869976835e-02 0 0 0 0 0 0
1583 7508 13433 1.245074413929675022e-01 2.720092308079272853e-02 7.044530498267721763e-02 0 0 0 0 0 0
1584 7509 13434 1.304248849874748428e-01 3.007630733607894249e-02 7.262566636168286960e-02 0 0 0 0 0 0
1585 7510 13435 1.282628536763615879e-01 2.960048051955919968e-02 7.856205351691854244e-02 0 0 0 0 0 0
1586 7511 13436 1.075814719767460431e-01 3.313103839373325588e-02 7.089738998139923087e-02 0 0 0 0 0 0
1587 7512 13437 1.128343441038484052e-01 3.586176805797475914e-02 6.979368860733650703e-02 0 0 0 0 0 0
1588 7513 13438 1.262741788248068486e-01 3.949237635777206462e-02 5.841995645176509266e-02 0 0 0 0 0 0
1589 7514 13439 1.195423060421295508e-01 3.427849018659800268e-02 5.546723877894359223e-02 0 0 0 0 0 0
1590 7515 13440 1.196784363008813329e-01 3.381277012415151439e-02 5.537691031152541798e-02 0 0 0 0 0 0
1591 7516 13441 1.260476901596384591e-01 3.850217636424540374e-02 5.810657760071830796e-02 0 0 0 0 0 0
1592 7517 13442 1.264466027284999183e-01 3.894901970823471532e-02 5.831776830860404409e-02 0 0 0 0 0 0
1593 7518 13443 1.263133349794518245e-01 3.949270106231331234e-02 5.842924973471027433e-02 0 0 0 0 0 0
1594 7519 13444 1.273503871927266495e-01 3.744713525373213892e-02 6.717625227127792253e-02 0 0 0 0 0 0
1595 7520 13445 1.260123759553041234e-01 3.332130092313007746e-02 6.770632462866127410e-02 0 0 0 0 0 0
1596 7521 13446 1.277275409374181714e-01 3.598946530016181033e-02 6.721702023788535263e-02 0 0 0 0 0 0
1597 7522 13447 1.298682796538271067e-01 3.279122377114678660e-02 7.059609463636097593e-02 0 0 0 0 0 0
1598 7523 13448 1.173148612543626068e-01 7.765675413623906488e-03 6.495409347762046148e-02 0 0 0 0 0 0
1599 7524 13449 1.094222974931567394e-01 2.033482713621044546e-02 4.688093528403006888e-02 0 0 0 0 0 0
1600 7525 13450 1.473992609712559965e-01 1.919024789413772622e-02 1.150717148020535818e-01 0 0 0 0 0 0
1601 7526 13451 1.499999999999999944e-01 1.946196729135287254e-02 1.150659966473840945e-01 0 0 0 0 0 0
1602 7527 13452 1.499999999999999944e-01 1.572040610351177481e-02 1.191411995567144416e-01 0 0 0 0 0 0
1603 7528 13453 1.306772175082394627e-01 4.230411530927035563e-02 1.270982559828905401e-01 0 0 0 0 0 0
1604 7529 13454 1.499999999999999944e-01 1.589955071823347457e-02 1.276539225486902351e-01 0 0 0 0 0 0
1605 7530 13455 1.278086314915513333e-01 4.596082514907024602e-02 1.145083457422670925e-01 0 0 0 0 0 0
1606 7531 13456 1.318491975875313027e-01 4.931462777398690905e-02 1.144377671883003295e-01 0 0 0 0 0 0
1607 7532 13457 1.385842593605993989e-01 1.880569563654637885e-02 9.993235905067739122e-02 0 0 0 0 0 0
1608 7533 13458 1.372918668469063908e-01 1.937948859317824984e-02 1.092898824255463808e-01 0 0 0 0 0 0
1609 7534 13459 1.372131316614008945e-01 1.762528131816321064e-02 1.105697620519143498e-01 0 0 0 0 0 0
1610 7535 13460 1.371746654700293777e-01 1.143095168301930080e-02 1.133124757224363149e-01 0 0 0 0 0 0
1611 7536 13461 1.464311303217875893e-01 4.610464896611017084e-03 1.255341703167544287e-01 0 0 0 0 0 0
1612 7537 13462 1.499999999999999944e-01 6.915433987927619396e-03 1.257858431647419784e-01 0 0 0 0 0 0
1613 7538 13463 1.499999999999999944e-01 7.670095475755260746e-04 1.254937288524809458e-01 0 0 0 0 0 0
1614 7539 13464 1.499999999999999944e-01 0.000000000000000000e+00 1.224905134500488130e-01 0 0 0 0 0 0
1615 7540 13465 1.398213777154928839e-01 9.772857319325763126e-03 1.179507364842994899e-01 0 0 0 0 0 0
1616 7541 13466 1.420032733313492113e-01 2.017112518841680108e-02 1.113210201414447792e-01 0 0 0 0 0 0
1617 7542 13467 1.499999999999999944e-01 2.120064651710764497e-02 1.108307761846075573e-01 0 0 0 0 0 0
1618 7543 13468 1.276091514169040431e-01 0.000000000000000000e+00 1.208502716818209283e-01 0 0 0 0 0 0
1619 7544 13469 1.279163539382368875e-01 5.523925447191721863e-04 1.210347735676540748e-01 0 0 0 0 0 0
1620 7545 13470 1.371522708238356869e-01 1.208807013442935894e-03 1.279702886545679430e-01 0 0 0 0 0 0
1621 7546 13471 1.399612734631743849e-01 3.550187610305897620e-03 1.270045484590930085e-01 0 0 0 0 0 0
1622 7547 13472 1.272825305331133361e-01 9.205175701374511757e-03 1.080705070910926990e-01 0 0 0 0 0 0
1623 7548 13473 1.372622619912234887e-01 0.000000000000000000e+00 1.281587916413021166e-01 0 0 0 0 0 0
1624 7549 13474 1.287804672144425566e-01 0.000000000000000000e+00 8.639121740940880478e-02 0 0 0 0 0 0
1625 7550 13475 1.499999999999999944e-01 0.000000000000000000e+00 1.256272081513011563e-01 0 0 0 0 0 0
1626 7551 13476 1.434697129729839982e-01 3.979765680144298906e-02 9.668398410497666684e-02 0 0 0 0 0 0
1627 7552 13477 1.499999999999999944e-01 3.858566407821691080e-02 9.781988987567862004e-02 0 0 0 0 0 0
1628 7553 13478 1.499999999999999944e-01 3.987664537717172664e-02 9.280027318391538549e-02 0 0 0 0 0 0
1629 7554 13479 1.312554683319417104e-01 3.585481035660249144e-02 9.920674698346476639e-02 0 0 0 0 0 0
1630 7555 13480 1.310730251002726054e-01 3.566254106924020284e-02 9.907779998507665331e-02 0 0 0 0 0 0
1631 7556 13481 1.309450748778971385e-01 3.566097335774511684e-02 9.934093614094535729e-02 0 0 0 0 0 0
1632 7557 13482 1.321122057647034775e-01 2.592303224672621448e-02 1.066696794291001754e-01 0 0 0 0 0 0
1633 7558 13483 1.319258354339652162e-01 2.610353462383934592e-02 1.065280607120733664e-01 0 0 0 0 0 0
1634 7559 13484 1.339589837247812665e-01 2.152146362019369957e-02 1.067778823882628847e-01 0 0 0 0 0 0
1635 7560 13485 1.360547835665205096e-01 2.016590783552288033e-02 1.087046353493845846e-01 0 0 0 0 0 0
1636 7561 13486 1.323772152362314714e-01 2.118541319802522485e-02 1.059308140741021809e-01 0 0 0 0 0 0
1637 7562 13487 1.286291804498736757e-01 1.375441919612921220e-02 8.719981674011086092e-02 0 0 0 0 0 0
1638 7563 13488 2.407503592828026326e-02 7.266196821113836413e-02 7.620452610184590136e-03 0 0 0 0 0 0
1639 7564 13489 2.689229495163661041e-02 6.560909731959012336e-02 1.484934937123768249e-02 0 0 0 0 0 0
1640 7565 13490 2.107201946811579005e-02 6.430351818626783844e-02 1.165780419267822441e-03 0 0 0 0 0 0
1641 7566 13491 2.329993122959943611e-02 6.420470583691564870e-02 2.441479500971791266e-03 0 0 0 0 0 0
1642 7567 13492 2.104241741422751069e-02 5.656420873423773782e-02 1.002650758240950998e-02 0 0 0 0 0 0
1643 7568 13493 2.666293709116161759e-02 5.764931470763964838e-02 1.171440765525979047e-02 0 0 0 0 0 0
1644 7569 13494 2.668276885840788204e-02 5.769878481591914771e-02 1.172383220122924334e-02 0 0 0 0 0 0
1645 7570 13495 2.663762873905418938e-02 5.774771644299667855e-02 1.158834708118327249e-02 0 0 0 0 0 0
1646 7571 13496 2.477652114993617732e-02 5.635464580264117063e-02 1.221505369364721781e-02 0 0 0 0 0 0
1647 7572 13497 3.119224549146376591e-02 6.987808335085322897e-02 5.915685252545832724e-03 0 0 0 0 0 0
1648 7573 13498 3.179242557749696607e-02 6.345078613348978380e-02 1.399655895780618602e-02 0 0 0 0 0 0
1649 7574 13499 2.601747616261902707e-02 6.325948593660887798e-02 1.862655263367192591e-03 0 0 0 0 0 0
1650 7575 13500 3.127689721222753905e-02 6.617415332243066495e-02 3.647509906103514003e-03 0 0 0 0 0 0
1651 7576 13501 3.187212623457449934e-02 6.088389848555894601e-02 1.298233209719009892e-02 0 0 0 0 0 0
1652 7577 13502 2.632533438760393391e-02 5.451299348187664540e-02 1.211615316446215500e-02 0 0 0 0 0 0
1653 7578 13503 1.945852871088680353e-02 5.224945731552008837e-02 6.571912120765705662e-03 0 0 0 0 0 0
1654 7579 13504 1.767174528237746428e-02 4.585930144587718749e-02 0.000000000000000000e+00 0 0 0 0 0 0
1655 7580 13505 1.318469335474544042e-02 4.603082228425724176e-02 0.000000000000000000e+00 0 0 0 0 0 0
1656 7581 13506 2.778331449071882661e-02 3.701309280148024072e-02 4.929874956088131296e-03 0 0 0 0 0 0
1657 7582 13507 2.400892008462396712e-02 4.070512219194134113e-02 0.000000000000000000e+00 0 0 0 0 0 0
1658 7583 13508 2.951882990574167601e-02 5.322454032785694372e-02 1.164261514659571325e-02 0 0 0 0 0 0
1659 7584 13509 3.037077791879063196e-02 5.276678166511681450e-02 1.172788339148613489e-02 0 0 0 0 0 0
1660 7585 13510 3.588899058649856755e-02 5.466037413593465705e-02 1.288135464897647263e-02 0 0 0 0 0 0
1661 7586 13511 3.510842207339214677e-02 6.345409668153863258e-02 1.604292842134878369e-02 0 0 0 0 0 0
1662 7587 13512 3.907264166066439642e-02 6.005592842412528498e-02 1.707993853467489401e-02 0 0 0 0 0 0
1663 7588 13513 3.318477672395060696e-02 5.706444988159997678e-02 2.564179610058677644e-02 0 0 0 0 0 0
1664 7589 13514 2.392522399000088229e-02 1.499999999999999944e-01 1.621512100056063388e-01 0 0 0 0 0 0
1665 7590 13515 1.866062352482296058e-02 1.312441208168182438e-01 1.628874986817442638e-01 0 0 0 0 0 0
1666 7591 13516 1.829333464632359324e-02 1.296310406720064257e-01 1.641919008657689305e-01 0 0 0 0 0 0
1667 7592 13517 1.654521189407089565e-03 1.499999999999999944e-01 1.241996406781429862e-01 0 0 0 0 0 0
1668 7593 13518 3.228419336890645756e-03 1.443927609942638746e-01 1.253218528249943897e-01 0 0 0 0 0 0
1669 7594 13519 8.684998177818993234e-03 1.453055372787473987e-01 1.295144514961900917e-01 0 0 0 0 0 0
1670 7595 13520 1.493669396410071334e-02 1.499999999999999944e-01 1.343721202973978679e-01 0 0 0 0 0 0
1671 7596 13521 0.000000000000000000e+00 1.294261124246238737e-01 1.491675278562437645e-01 0 0 0 0 0 0
1672 7597 13522 0.000000000000000000e+00 1.430933372175107188e-01 1.253136051877422608e-01 0 0 0 0 0 0
1673 7598 13523 1.909114082313720893e-04 1.430540700131752441e-01 1.253348967608887976e-01 0 0 0 0 0 0
1674 7599 13524 2.649269222251291259e-03 1.433422300616100653e-01 1.254668367379007110e-01 0 0 0 0 0 0
1675 7600 13525 0.000000000000000000e+00 1.499999999999999944e-01 1.240760936071052811e-01 0 0 0 0 0 0
1676 7601 13526 0.000000000000000000e+00 1.328626409761241300e-01 1.373672803902819539e-01 0 0 0 0 0 0
1677 7602 13527 4.204221902579396812e-03 1.336066309267243957e-01 1.359407794160864824e-01 0 0 0 0 0 0
1678 7603 13528 4.236564801623429917e-03 1.390806202660024304e-01 1.294871646503786000e-01 0 0 0 0 0 0
1679 7604 13529 2.767478413549856117e-03 1.417131293710681972e-01 1.265777429053562275e-01 0 0 0 0 0 0
1680 7605 13530 1.419405303766544182e-02 1.273706371587272623e-01 1.600344839830104282e-01 0 0 0 0 0 0
1681 7606 13531 1.919524376991529196e-02 1.499999999999999944e-01 1.414826954797439862e-01 0 0 0 0 0 0
1682 7607 13532 6.757012604390614553e-03 1.042686624136507367e-01 1.435977679651807004e-01 0 0 0 0 0 0
1683 7608 13533 0.000000000000000000e+00 1.241567848260486384e-01 1.398581186422062916e-01 0 0 0 0 0 0
1684 7609 13534 0.000000000000000000e+00 1.032242421787365472e-01 1.420743849716245844e-01 0 0 0 0 0 0
1685 7610 13535 0.000000000000000000e+00 1.211738247665908735e-01 1.054231533594264247e-01 0 0 0 0 0 0
1686 7611 13536 1.625774712276365636e-02 1.167243728008910686e-01 1.005093886155828536e-01 0 0 0 0 0 0
1687 7612 13537 2.569082319514653587e-02 1.238018822992687645e-01 9.032581372951190013e-02 0 0 0 0 0 0
1688 7613 13538 0.000000000000000000e+00 1.411791884690443977e-01 9.023660357573640156e-02 0 0 0 0 0 0
1689 7614 13539 1.568961415384097224e-02 1.273905186387828958e-01 8.422576413733061373e-02 0 0 0 0 0 0
1690 7615 13540 0.000000000000000000e+00 1.397551133462596185e-01 8.751716283579670519e-02 0 0 0 0 0 0
1691 7616 13541 0.000000000000000000e+00 1.358835284591843051e-01 8.578021967754852206e-02 0 0 0 0 0 0
1692 7617 13542 1.301697536616602466e-02 1.150059814097560279e-01 9.993013612062766338e-02 0 0 0 0 0 0
1693 7618 13543 1.442998237428345064e-02 1.155657690576177288e-01 1.000693510307763545e-01 0 0 0 0 0 0
1694 7619 13544 1.350214895156767216e-02 1.151306143265487386e-01 9.811055021977312107e-02 0 0 0 0 0 0
1695 7620 13545 0.000000000000000000e+00 1.201731096967369600e-01 1.048244340709960504e-01 0 0 0 0 0 0
1696 7621 13546 2.290321108628714727e-02 1.225112323065273845e-01 8.425081300737771728e-02 0 0 0 0 0 0
1697 7622 13547 1.388979638891176850e-02 1.157485890665077427e-01 9.398133811346305599e-02 0 0 0 0 0 0
1698 7623 13548 0.000000000000000000e+00 1.217901953649869196e-01 9.647880570859906912e-02 0 0 0 0 0 0
1699 7624 13549 0.000000000000000000e+00 1.490227319645018589e-01 8.381317368399544832e-02 0 0 0 0 0 0
1700 7625 13550 1.961626339819903808e-02 1.388582558973163184e-01 7.626143598454118711e-02 0 0 0 0 0 0
1701 7626 13551 2.462829792839830306e-02 1.437219426525009891e-01 6.428992596819481375e-02 0 0 0 0 0 0
1702 7627 13552 1.251237323700007606e-02 1.499999999999999944e-01 6.895423350722290623e-02 0 0 0 0 0 0
1703 7628 13553 0.000000000000000000e+00 1.499999999999999944e-01 8.249779198598386487e-02 0 0 0 0 0 0
1704 7629 13554 1.932352791572153686e-02 1.345181681385611838e-01 5.745194528775619813e-02 0 0 0 0 0 0
1705 7630 13555 2.413129169658684292e-02 1.348143450676698163e-01 5.767199110875812634e-02 0 0 0 0 0 0
1706 7631 13556 2.459251379470632493e-02 1.351785391611093901e-01 5.794257055103997633e-02 0 0 0 0 0 0
1707 7632 13557 0.000000000000000000e+00 1.499999999999999944e-01 6.895423350722289235e-02 0 0 0 0 0 0
1708 7633 13558 0.000000000000000000e+00 1.445309587014660391e-01 6.489098764181676360e-02 0 0 0 0 0 0
1709 7634 13559 0.000000000000000000e+00 1.370702072558268869e-01 7.493299817376353200e-02 0 0 0 0 0 0
1710 7635 13560 1.728281406493768768e-02 1.281148447400072554e-01 6.827957616991590928e-02 0 0 0 0 0 0
1711 7636 13561 1.957185514755375652e-02 1.282558585645946492e-01 6.838434294866990726e-02 0 0 0 0 0 0
1712 7637 13562 2.450865334278063551e-02 1.347344667308242316e-01 5.786866756780553039e-02 0 0 0 0 0 0
1713 7638 13563 2.975589374124905373e-02 1.440222439339678140e-01 5.929620591282310643e-02 0 0 0 0 0 0
1714 7639 13564 1.533023712619000813e-02 1.344957117057521412e-01 5.017793422053342528e-02 0 0 0 0 0 0
1715 7640 13565 0.000000000000000000e+00 1.407965647728877390e-01 4.915936172631312634e-02 0 0 0 0 0 0
1716 7641 13566 3.019152838659050833e-02 1.499999999999999944e-01 6.159998428788825836e-02 0 0 0 0 0 0
1717 7642 13567 3.039353635556893765e-02 1.480199427748612184e-01 6.163445353487820993e-02 0 0 0 0 0 0
1718 7643 13568 6.590829580060739157e-02 5.087725606461215855e-02 2.000000000000000111e-01 0 0 0 0 0 0
1719 7644 13569 6.504814769335116875e-02 5.370953756612516922e-02 1.954566407340710132e-01 0 0 0 0 0 0
1720 7645 13570 6.338379368197631647e-02 5.918989500529098224e-02 1.963156806286827927e-01 0 0 0 0 0 0
1721 7646 13571 6.260068800709306380e-02 6.176849245611465422e-02 2.000000000000000111e-01 0 0 0 0 0 0
1722 7647 13572 5.318572742019692101e-02 5.090792741929323767e-02 2.000000000000000111e-01 0 0 0 0 0 0
1723 7648 13573 5.512604084540446980e-02 5.409272127705982980e-02 1.984329890634954352e-01 0 0 0 0 0 0
1724 7649 13574 5.839787098974267426e-02 5.946304156241750960e-02 1.978166686061170743e-01 0 0 0 0 0 0
1725 7650 13575 5.926150074920289584e-02 6.088058715973210938e-02 1.995488972858121546e-01 0 0 0 0 0 0
1726 7651 13576 5.945369795378192129e-02 6.119605602608688827e-02 2.000000000000000111e-01 0 0 0 0 0 0
1727 7652 13577 5.973980311195915827e-02 6.129194983811220299e-02 2.000000000000000111e-01 0 0 0 0 0 0
1728 7653 13578 7.178604760077095248e-02 5.872161717844250756e-02 1.919789402047267501e-01 0 0 0 0 0 0
1729 7654 13579 7.526816472161770855e-02 5.999231696922707052e-02 1.920770287000791443e-01 0 0 0 0 0 0
1730 7655 13580 8.091185226539066022e-02 5.664661423018040737e-02 2.000000000000000111e-01 0 0 0 0 0 0
1731 7656 13581 7.598957210718082500e-02 6.636291261485890991e-02 2.000000000000000111e-01 0 0 0 0 0 0
1732 7657 13582 7.357395189744064812e-02 5.861689151863462566e-02 1.899042203734712941e-01 0 0 0 0 0 0
1733 7658 13583 7.510282031378516521e-02 5.936795113035540222e-02 1.904893633230433647e-01 0 0 0 0 0 0
1734 7659 13584 8.212828563463571430e-02 5.501542808880999225e-02 2.000000000000000111e-01 0 0 0 0 0 0
1735 7660 13585 4.201006456149859736e-02 5.816612441263090821e-02 1.940351868560514503e-01 0 0 0 0 0 0
1736 7661 13586 4.543354057020319858e-02 5.914722787614423716e-02 1.954756411756465029e-01 0 0 0 0 0 0
1737 7662 13587 4.312185122349770222e-02 5.484514501312817703e-02 1.976037829870256335e-01 0 0 0 0 0 0
1738 7663 13588 4.200967283878955655e-02 5.580279297292121965e-02 1.960483984435471561e-01 0 0 0 0 0 0
1739 7664 13589 4.262083793596128933e-02 4.092886066454764354e-02 1.880311093153420043e-01 0 0 0 0 0 0
1740 7665 13590 4.579312244902966622e-02 5.037870752680474046e-02 2.000000000000000111e-01 0 0 0 0 0 0
1741 7666 13591 5.696753359275065487e-02 5.951991089785415440e-02 1.957086996711567550e-01 0 0 0 0 0 0
1742 7667 13592 5.496681426954017069e-02 6.169331144150217577e-02 1.945168709352174952e-01 0 0 0 0 0 0
1743 7668 13593 5.646522827314232051e-02 6.181666600516604049e-02 1.869680509366456467e-01 0 0 0 0 0 0
1744 7669 13594 5.664353333465466100e-02 6.180415186326862487e-02 1.853430650116585643e-01 0 0 0 0 0 0
1745 7670 13595 4.627738189599177321e-02 5.877843696232509102e-02 1.795123409017495564e-01 0 0 0 0 0 0
1746 7671 13596 4.226234561174033871e-02 5.792386124168315970e-02 1.857349012269936261e-01 0 0 0 0 0 0
1747 7672 13597 5.698337681313620645e-02 5.952884092395094306e-02 1.955921224039616491e-01 0 0 0 0 0 0
1748 7673 13598 5.795408949939653137e-02 5.943850638425332567e-02 1.868771512609158914e-01 0 0 0 0 0 0
1749 7674 13599 4.423026492167166090e-02 4.482745361438605913e-02 1.822331804225559293e-01 0 0 0 0 0 0
1750 7675 13600 4.265667397069621003e-02 4.350944330945993865e-02 1.846390899345408954e-01 0 0 0 0 0 0
1751 7676 13601 4.601919166050991161e-02 6.525808873903758689e-02 1.812469055001975915e-01 0 0 0 0 0 0
1752 7677 13602 5.471995982185102331e-02 6.781225062273908699e-02 1.865296176100929293e-01 0 0 0 0 0 0
1753 7678 13603 5.644384742683389994e-02 6.486226853779125667e-02 1.824938090793203349e-01 0 0 0 0 0 0
1754 7679 13604 4.680815804882160897e-02 6.222295905296790913e-02 1.769218469810375227e-01 0 0 0 0 0 0
1755 7680 13605 4.572642530302722941e-02 6.309445958655145181e-02 1.780136921991056498e-01 0 0 0 0 0 0
1756 7681 13606 4.045199590980275844e-02 6.236244740069007975e-02 1.859807963338855896e-01 0 0 0 0 0 0
1757 7682 13607 3.978247658966616029e-02 6.383842619008632535e-02 1.897082713455827685e-01 0 0 0 0 0 0
1758 7683 13608 3.981342471523688364e-02 6.389563583108920364e-02 1.897531320168804325e-01 0 0 0 0 0 0
1759 7684 13609 5.665669292209039865e-02 6.291098413131072931e-02 1.843817800912229687e-01 0 0 0 0 0 0
1760 7685 13610 5.462104896772177615e-02 6.269359489291892462e-02 1.947119870025046939e-01 0 0 0 0 0 0
1761 7686 13611 5.446330317280086153e-02 6.779112176991276828e-02 1.878226213063068362e-01 0 0 0 0 0 0
1762 7687 13612 4.789464973850707241e-02 6.372738290089316471e-02 1.958038007983575191e-01 0 0 0 0 0 0
1763 7688 13613 4.533470145818967179e-02 6.555957899840550440e-02 1.942582786369446701e-01 0 0 0 0 0 0
1764 7689 13614 4.088465330168410822e-02 6.428427937660363689e-02 1.923858860531654502e-01 0 0 0 0 0 0
1765 7690 13615 4.048130271426836346e-02 6.415402841430602188e-02 1.918244408121325961e-01 0 0 0 0 0 0
1766 7691 13616 4.016023538077355404e-02 6.279540532444473355e-02 1.922236577918881306e-01 0 0 0 0 0 0
1767 7692 13617 4.023246967453503187e-02 6.261060740543855641e-02 1.923828911321979473e-01 0 0 0 0 0 0
1768 7693 13618 4.021268078424202613e-02 6.286869653109017353e-02 1.923264141520847348e-01 0 0 0 0 0 0
1769 7694 13619 4.053673872336036738e-02 6.391712018027415065e-02 1.922883231344889032e-01 0 0 0 0 0 0
1770 7695 13620 3.560528879346688824e-02 1.172531052268301760e-01 2.000000000000000111e-01 0 0 0 0 0 0
1771 7696 13621 3.483753276324838555e-02 1.137504386618369417e-01 1.911119698781909293e-01 0 0 0 0 0 0
1772 7697 13622 2.248551537389442689e-02 9.000886191597169683e-02 2.000000000000000111e-01 0 0 0 0 0 0
1773 7698 13623 3.511025447052464749e-02 9.007182572117462815e-02 1.932840329790545542e-01 0 0 0 0 0 0
1774 7699 13624 3.569956959451972556e-02 9.007067839188823144e-02 2.000000000000000111e-01 0 0 0 0 0 0
1775 7700 13625 3.490428796946999646e-02 9.450401214968097430e-02 1.911119698781909293e-01 0 0 0 0 0 0
1776 7701 13626 3.576477265091807661e-02 7.221490147067592680e-02 1.904374388687497532e-01 0 0 0 0 0 0
1777 7702 13627 3.991737739830309578e-02 7.779259698529457367e-02 1.912650349471478051e-01 0 0 0 0 0 0
1778 7703 13628 4.213069555566806290e-02 8.138592988931987737e-02 1.946573847948655789e-01 0 0 0 0 0 0
1779 7704 13629 3.655883339118842779e-02 7.525856123952091858e-02 2.000000000000000111e-01 0 0 0 0 0 0
1780 7705 13630 3.403429480823884357e-02 7.197342588112354278e-02 2.000000000000000111e-01 0 0 0 0 0 0
1781 7706 13631 3.995337099836587802e-02 6.543216300992563128e-02 1.904858494700711613e-01 0 0 0 0 0 0
1782 7707 13632 3.974087710926015038e-02 6.447275610769785670e-02 1.945872587098024242e-01 0 0 0 0 0 0
1783 7708 13633 3.630728757742802265e-02 6.830103638306353475e-02 2.000000000000000111e-01 0 0 0 0 0 0
1784 7709 13634 4.138706760306341131e-02 6.964948327960086838e-02 1.909168008243215808e-01 0 0 0 0 0 0
1785 7710 13635 3.879135801916133719e-02 6.661298877420963882e-02 2.000000000000000111e-01 0 0 0 0 0 0
1786 7711 13636 4.671712419004198785e-02 8.200239135218719000e-02 2.000000000000000111e-01 0 0 0 0 0 0
1787 7712 13637 4.675634122164731149e-02 7.378269063001276218e-02 2.000000000000000111e-01 0 0 0 0 0 0
1788 7713 13638 4.487059702244013820e-02 6.993573837388984693e-02 1.961152351281706396e-01 0 0 0 0 0 0
1789 7714 13639 4.778982635496094311e-02 7.708785015647463823e-02 2.000000000000000111e-01 0 0 0 0 0 0
1790 7715 13640 4.559631470641953288e-02 7.215344371165600956e-02 1.962988038166069149e-01 0 0 0 0 0 0
1791 7716 13641 5.399686295013232662e-02 7.365294720063958467e-02 1.901876358788002763e-01 0 0 0 0 0 0
1792 7717 13642 5.494476147413504541e-02 7.027809515891747516e-02 1.882904868919987318e-01 0 0 0 0 0 0
1793 7718 13643 4.587204348954315031e-02 6.973696165536237557e-02 1.842184009432460134e-01 0 0 0 0 0 0
1794 7719 13644 5.834842169647103116e-02 6.884307628034693795e-03 9.865975281414331166e-02 0 0 0 0 0 0
1795 7720 13645 5.961577368696361484e-02 0.000000000000000000e+00 9.773161214306064215e-02 0 0 0 0 0 0
1796 7721 13646 8.562006160163575241e-02 0.000000000000000000e+00 7.452323946916812603e-02 0 0 0 0 0 0
1797 7722 13647 7.331453774488812247e-02 1.598719878358267205e-02 1.013654763738199432e-01 0 0 0 0 0 0
1798 7723 13648 7.368293745909804127e-02 1.665605132265522356e-02 1.017506569667193939e-01 0 0 0 0 0 0
1799 7724 13649 8.165980995739018089e-02 1.781570828879363438e-02 1.053530505034817322e-01 0 0 0 0 0 0
1800 7725 13650 8.445893984600717774e-02 1.623155286966019087e-02 1.059090870483173352e-01 0 0 0 0 0 0
1801 7726 13651 9.359546461709074283e-02 9.269272486015224868e-03 1.070869339317963992e-01 0 0 0 0 0 0
1802 7727 13652 9.601365604951621335e-02 0.000000000000000000e+00 1.047576729160435982e-01 0 0 0 0 0 0
1803 7728 13653 7.554005609036078261e-02 0.000000000000000000e+00 9.657015570356322631e-02 0 0 0 0 0 0
1804 7729 13654 9.045466061459489504e-02 1.421794231614844674e-02 1.038394324540688335e-01 0 0 0 0 0 0
1805 7730 13655 9.050211605230149003e-02 1.335840855328694968e-02 1.058168293134487820e-01 0 0 0 0 0 0
1806 7731 13656 7.175137106049418734e-02 7.762943459459217647e-03 9.119033659379029155e-02 0 0 0 0 0 0
1807 7732 13657 7.304664470815877553e-02 0.000000000000000000e+00 8.283089594471847172e-02 0 0 0 0 0 0
1808 7733 13658 9.842949162135866681e-02 0.000000000000000000e+00 9.014290942275231255e-02 0 0 0 0 0 0
1809 7734 13659 9.404451345005407359e-02 1.133449633216814141e-02 1.016299571157580489e-01 0 0 0 0 0 0
1810 7735 13660 7.308843391611594131e-02 1.574199628201472176e-02 1.005511743748183362e-01 0 0 0 0 0 0
1811 7736 13661 9.352961195634994229e-02 9.732496252051000066e-03 1.068706446896442730e-01 0 0 0 0 0 0
1812 7737 13662 7.283202148073134041e-02 0.000000000000000000e+00 8.886186093416401088e-02 0 0 0 0 0 0
1813 7738 13663 4.119093582670435572e-02 8.618039121507325984e-02 1.904492609100248979e-01 0 0 0 0 0 0
1814 7739 13664 4.033994297644554611e-02 8.523536408798301767e-02 1.889537632391417588e-01 0 0 0 0 0 0
1815 7740 13665 1.791405000659474639e-02 8.138497782446653395e-02 1.945316155478972742e-01 0 0 0 0 0 0
1816 7741 13666 3.689226630031214316e-02 8.711246013878036487e-02 1.896096609245654097e-01 0 0 0 0 0 0
1817 7742 13667 2.280173349946999425e-02 7.517652256296143698e-02 2.000000000000000111e-01 0 0 0 0 0 0
1818 7743 13668 1.757250674283503469e-02 7.741143455472020152e-02 1.980133579504087527e-01 0 0 0 0 0 0
1819 7744 13669 1.689953961063541885e-02 7.806540261497603439e-02 1.974365186390041882e-01 0 0 0 0 0 0
1820 7745 13670 2.245253422545267358e-02 7.548239040563092805e-02 1.804157966102731547e-01 0 0 0 0 0 0
1821 7746 13671 3.566427450837448415e-02 8.457074058933276850e-02 1.860652926507708749e-01 0 0 0 0 0 0
1822 7747 13672 1.653437945804898251e-02 7.913108227697181196e-02 1.916201229851443311e-01 0 0 0 0 0 0
1823 7748 13673 2.553412610308787925e-02 7.242581235983291954e-02 1.835371106405994379e-01 0 0 0 0 0 0
1824 7749 13674 2.421927929360877599e-02 7.214805259479942223e-02 1.944530029793986037e-01 0 0 0 0 0 0
1825 7750 13675 2.830577389251929046e-02 7.199172149953322886e-02 2.000000000000000111e-01 0 0 0 0 0 0
1826 7751 13676 1.679030123424368748e-02 7.774634282072101499e-02 1.985116354417177653e-01 0 0 0 0 0 0
1827 7752 13677 1.677110139051114779e-02 7.775568154865557247e-02 2.000000000000000111e-01 0 0 0 0 0 0
1828 7753 13678 3.612182964383197498e-02 8.982513819867300742e-02 1.925146853597758945e-01 0 0 0 0 0 0
1829 7754 13679 3.731258906408454340e-02 8.896058267982240308e-02 1.910816728694040012e-01 0 0 0 0 0 0
1830 7755 13680 1.991898440870032080e-02 8.850963191419575216e-02 2.000000000000000111e-01 0 0 0 0 0 0
1831 7756 13681 4.253697370289084151e-02 8.850675874190008785e-02 2.000000000000000111e-01 0 0 0 0 0 0
1832 7757 13682 4.208972684462506525e-02 8.677930041230322300e-02 1.911937396868766403e-01 0 0 0 0 0 0
1833 7758 13683 4.859387914874726405e-02 8.570991880741254954e-02 2.000000000000000111e-01 0 0 0 0 0 0
1834 7759 13684 2.868429111832159970e-02 6.361061654197493198e-02 1.934552655962646917e-01 0 0 0 0 0 0
1835 7760 13685 3.056455901143601689e-02 6.827103555130965840e-02 2.000000000000000111e-01 0 0 0 0 0 0
1836 7761 13686 2.926608262157561272e-02 6.277443279961494871e-02 1.922742358833141596e-01 0 0 0 0 0 0
1837 7762 13687 3.311512771490543461e-02 6.544971174055227991e-02 1.858224374487923436e-01 0 0 0 0 0 0
1838 7763 13688 2.875141305618053242e-02 6.554472446856121626e-02 1.855933013536930909e-01 0 0 0 0 0 0
1839 7764 13689 2.745172733398116779e-02 6.870757420017056805e-02 1.833050886264767365e-01 0 0 0 0 0 0
1840 7765 13690 2.863336999758517992e-02 6.029092799462083124e-02 1.944189585161669731e-01 0 0 0 0 0 0
1841 7766 13691 2.897030675119891333e-02 5.737896175435023421e-02 1.969304782921817709e-01 0 0 0 0 0 0
1842 7767 13692 2.970509387500877216e-02 5.776735345005327288e-02 2.000000000000000111e-01 0 0 0 0 0 0
1843 7768 13693 4.018359581287741372e-02 5.737514769796706049e-02 1.969003351943953151e-01 0 0 0 0 0 0
1844 7769 13694 3.972810195903705294e-02 5.776735345005327288e-02 2.000000000000000111e-01 0 0 0 0 0 0
1845 7770 13695 2.768086698082459010e-02 3.544846830815697597e-02 1.703962972087289807e-01 0 0 0 0 0 0
1846 7771 13696 2.852627798265290268e-02 3.753454849110441499e-02 1.644520947962046786e-01 0 0 0 0 0 0
1847 7772 13697 2.851913751375605849e-02 3.755749504177070125e-02 1.643137278298970327e-01 0 0 0 0 0 0
1848 7773 13698 2.573670956582737104e-02 4.015264380847876485e-02 1.660206330662777896e-01 0 0 0 0 0 0
1849 7774 13699 0.000000000000000000e+00 4.726592301582513422e-02 1.719776350371818585e-01 0 0 0 0 0 0
1850 7775 13700 2.685597951453846249e-02 3.833293419622989251e-02 1.721334154947866957e-01 0 0 0 0 0 0
1851 7776 13701 0.000000000000000000e+00 4.575556451286281329e-02 1.783494829563042339e-01 0 0 0 0 0 0
1852 7777 13702 2.803813613881237302e-02 3.723034596647033234e-02 1.714082109719894942e-01 0 0 0 0 0 0
1853 7778 13703 2.797622570852376783e-02 7.881806174700198633e-03 1.722091652080658675e-01 0 0 0 0 0 0
1854 7779 13704 2.880995933587190277e-02 1.116707673019263873e-02 1.750673569429215537e-01 0 0 0 0 0 0
1855 7780 13705 3.222380682911926003e-02 2.425268878416753787e-02 1.824602965093531648e-01 0 0 0 0 0 0
1856 7781 13706 3.303084492142117912e-02 2.391737016637510843e-02 1.813557047598940153e-01 0 0 0 0 0 0
1857 7782 13707 3.644500728298562947e-02 2.617480655350992377e-02 1.694628637938996873e-01 0 0 0 0 0 0
1858 7783 13708 3.534636608493495202e-02 3.242381799182150054e-02 1.595896815180812278e-01 0 0 0 0 0 0
1859 7784 13709 2.944940179187345575e-02 3.812113654046551253e-02 1.612832034604848030e-01 0 0 0 0 0 0
1860 7785 13710 2.874394849550370931e-02 3.769875569656173930e-02 1.636540257266130005e-01 0 0 0 0 0 0
1861 7786 13711 3.282469774041413962e-02 2.360407223836768348e-02 1.817007486760874035e-01 0 0 0 0 0 0
1862 7787 13712 8.879719929082918739e-02 1.749141200230910909e-02 1.595756182620906294e-01 0 0 0 0 0 0
1863 7788 13713 8.812748821590311865e-02 2.284794105139088122e-02 1.636058511262220294e-01 0 0 0 0 0 0
1864 7789 13714 8.148190371480512617e-02 7.119317815778041479e-03 1.801344329176295112e-01 0 0 0 0 0 0
1865 7790 13715 8.464549432609266844e-02 1.491105884798532392e-02 1.609602630467856232e-01 0 0 0 0 0 0
1866 7791 13716 7.834778466408243158e-02 1.038365485412561309e-02 1.649680879633621811e-01 0 0 0 0 0 0
1867 7792 13717 7.827496469145558966e-02 1.030961769810482404e-02 1.650818834340109786e-01 0 0 0 0 0 0
1868 7793 13718 7.696559584085181649e-02 1.958775311220627147e-02 1.697533679819782648e-01 0 0 0 0 0 0
1869 7794 13719 7.802014524339169477e-02 2.082155838092594746e-02 1.697830815941078209e-01 0 0 0 0 0 0
1870 7795 13720 7.891817779106037600e-02 2.139154047828380548e-02 1.694913846416986336e-01 0 0 0 0 0 0
1871 7796 13721 7.937624494015872723e-02 1.332175176829964412e-02 1.638292112241770682e-01 0 0 0 0 0 0
1872 7797 13722 7.756703090265314182e-02 1.250521654581252320e-02 1.804788339938544761e-01 0 0 0 0 0 0
1873 7798 13723 7.456182713817673113e-02 1.672415334338267154e-02 1.734058826821703314e-01 0 0 0 0 0 0
1874 7799 13724 7.433671058474411453e-02 1.638915834224275239e-02 1.737314126216167320e-01 0 0 0 0 0 0
1875 7800 13725 8.028208274487932949e-02 8.956678961923075083e-03 1.825835549004322655e-01 0 0 0 0 0 0
1876 7801 13726 7.316937933215775236e-02 9.124872289495950667e-03 1.820029673496968703e-01 0 0 0 0 0 0
1877 7802 13727 7.133978414075381469e-02 1.455097481045316242e-02 1.789444823570104093e-01 0 0 0 0 0 0
1878 7803 13728 7.196599351517682375e-02 1.574120928788595719e-02 1.787504512295824688e-01 0 0 0 0 0 0
1879 7804 13729 7.197438911406799089e-02 1.534263997142577135e-02 1.785603196001885884e-01 0 0 0 0 0 0
1880 7805 13730 7.836058622896553694e-02 2.151682823843654654e-02 1.697926740621078512e-01 0 0 0 0 0 0
1881 7806 13731 7.421870778904207655e-02 1.638550870444617849e-02 1.738504832544790768e-01 0 0 0 0 0 0
1882 7807 13732 7.203497296641976633e-02 1.545634446044142837e-02 1.782182815962806699e-01 0 0 0 0 0 0
1883 7808 13733 6.287424545733265313e-02 0.000000000000000000e+00 1.797561510294930776e-01 0 0 0 0 0 0
1884 7809 13734 6.414819829932064121e-02 3.697468783354807866e-03 1.811344668361018206e-01 0 0 0 0 0 0
1885 7810 13735 6.576685460832551455e-02 0.000000000000000000e+00 1.798053007871088793e-01 0 0 0 0 0 0
1886 7811 13736 6.611747164955611433e-02 6.669438887442929228e-04 1.800559722999372225e-01 0 0 0 0 0 0
1887 7812 13737 6.630234315308303206e-02 3.358473323398302769e-03 1.810466852983551866e-01 0 0 0 0 0 0
1888 7813 13738 6.676566655949631168e-02 0.000000000000000000e+00 1.806025343839359754e-01 0 0 0 0 0 0
1889 7814 13739 2.190719864264526265e-02 5.177827675657320494e-02 1.857559128637018553e-01 0 0 0 0 0 0
1890 7815 13740 3.032340680666184216e-02 3.827372604180084154e-02 1.854453423731182160e-01 0 0 0 0 0 0
1891 7816 13741 3.070778054747837563e-02 3.773925459683036276e-02 1.863420290173004590e-01 0 0 0 0 0 0
1892 7817 13742 2.325563996849406775e-02 5.028450310378093646e-02 1.931214953840005855e-01 0 0 0 0 0 0
1893 7818 13743 2.978602538766880400e-02 3.810409242488457804e-02 1.847382658062048655e-01 0 0 0 0 0 0
1894 7819 13744 3.118554602116455077e-02 3.171259476809266953e-02 1.906531419677292283e-01 0 0 0 0 0 0
1895 7820 13745 2.935370910335340783e-02 3.200943220647556320e-02 1.877211926559246569e-01 0 0 0 0 0 0
1896 7821 13746 2.016225143738784725e-02 5.101951780950098048e-02 2.000000000000000111e-01 0 0 0 0 0 0
1897 7822 13747 3.048729033740746330e-02 3.144814335782714770e-02 1.925968795737074968e-01 0 0 0 0 0 0
1898 7823 13748 2.716958399044017841e-02 3.220804539864755012e-02 2.000000000000000111e-01 0 0 0 0 0 0
1899 7824 13749 1.834256829321509810e-02 3.162611326102481718e-02 1.876708306992216635e-01 0 0 0 0 0 0
1900 7825 13750 1.736977966669587051e-02 3.098794932137462210e-02 1.925656510957048095e-01 0 0 0 0 0 0
1901 7826 13751 4.896608100219980962e-03 4.065368422018313804e-02 1.829472563841186838e-01 0 0 0 0 0 0
1902 7827 13752 0.000000000000000000e+00 4.492565872331185511e-02 1.807437600131029942e-01 0 0 0 0 0 0
1903 7828 13753 0.000000000000000000e+00 4.633286456100527834e-02 1.800528646722802939e-01 0 0 0 0 0 0
1904 7829 13754 2.498099598245772865e-02 4.225075995911081739e-02 1.825982754343526415e-01 0 0 0 0 0 0
1905 7830 13755 2.582009729434577711e-02 4.165980157271283874e-02 1.829065974602643307e-01 0 0 0 0 0 0
1906 7831 13756 0.000000000000000000e+00 6.288856861032701695e-02 1.823126123376566377e-01 0 0 0 0 0 0
1907 7832 13757 1.844513379537501482e-02 5.374425044504876209e-02 1.833553217582476746e-01 0 0 0 0 0 0
1908 7833 13758 0.000000000000000000e+00 6.088606890241673314e-02 2.000000000000000111e-01 0 0 0 0 0 0
1909 7834 13759 2.277613638728220868e-02 4.635310948616402221e-02 1.828843805500518782e-01 0 0 0 0 0 0
1910 7835 13760 1.651316113029435359e-02 3.183719202001145804e-02 2.000000000000000111e-01 0 0 0 0 0 0
1911 7836 13761 1.655595032677082204e-02 3.112304583331627905e-02 1.939477170380067284e-01 0 0 0 0 0 0
1912 7837 13762 0.000000000000000000e+00 4.707221839903300009e-02 2.000000000000000111e-01 0 0 0 0 0 0
1913 7838 13763 2.732207681166799393e-02 5.650774504357867351e-02 1.964650966943105037e-01 0 0 0 0 0 0
1914 7839 13764 3.510829158823253887e-02 4.112777497452520248e-02 1.840454005702313045e-01 0 0 0 0 0 0
1915 7840 13765 2.413603175978772108e-02 5.684910199757137184e-02 1.846692116465653843e-01 0 0 0 0 0 0
1916 7841 13766 2.341028501350533864e-02 5.444006121993186231e-02 2.000000000000000111e-01 0 0 0 0 0 0
1917 7842 13767 4.312185122349770222e-02 5.484514501312817703e-02 2.000000000000000111e-01 0 0 0 0 0 0
1918 7843 13768 3.190582224660185734e-02 3.104311625859335413e-02 1.913498099685308484e-01 0 0 0 0 0 0
1919 7844 13769 4.161001931817500527e-02 3.303400741653397810e-02 1.956926403193621766e-01 0 0 0 0 0 0
1920 7845 13770 3.265666865419299819e-02 3.008780789576982750e-02 1.931961742041591601e-01 0 0 0 0 0 0
1921 7846 13771 3.230381494526312486e-02 3.040225451559750575e-02 1.925115982725127406e-01 0 0 0 0 0 0
1922 7847 13772 3.370597810688533147e-02 2.839592077677217941e-02 2.000000000000000111e-01 0 0 0 0 0 0
1923 7848 13773 4.046783642738370490e-02 3.121087419189267145e-02 2.000000000000000111e-01 0 0 0 0 0 0
1924 7849 13774 2.204927229384580703e-02 0.000000000000000000e+00 1.900611377403135516e-01 0 0 0 0 0 0
1925 7850 13775 3.206969967372150232e-02 2.545712038135345551e-02 1.921123655139850284e-01 0 0 0 0 0 0
1926 7851 13776 3.243955774868283182e-02 2.916159807603021376e-02 1.924113490712202612e-01 0 0 0 0 0 0
1927 7852 13777 0.000000000000000000e+00 0.000000000000000000e+00 1.900711121664003522e-01 0 0 0 0 0 0
1928 7853 13778 3.220243801906814973e-02 2.673429759531912794e-02 1.903545727535255194e-01 0 0 0 0 0 0
1929 7854 13779 2.116648484993346666e-02 0.000000000000000000e+00 1.856214728905218325e-01 0 0 0 0 0 0
1930 7855 13780 0.000000000000000000e+00 4.224653513964367335e-02 1.803769269620562887e-01 0 0 0 0 0 0
1931 7856 13781 2.944062006378592167e-02 3.847745841477324263e-02 1.815207643048881991e-01 0 0 0 0 0 0
1932 7857 13782 0.000000000000000000e+00 7.029492961672514917e-02 1.769507158561290927e-01 0 0 0 0 0 0
1933 7858 13783 9.449652198498427122e-03 7.069436205264492679e-02 1.738041801388363061e-01 0 0 0 0 0 0
1934 7859 13784 1.745475583597928121e-02 5.618324624145606266e-02 1.818890586466475334e-01 0 0 0 0 0 0
1935 7860 13785 1.024229408439863813e-02 7.718647299440403731e-02 1.810212749149918421e-01 0 0 0 0 0 0
1936 7861 13786 1.852945273494922829e-02 7.451757755066415467e-02 1.747646862789953015e-01 0 0 0 0 0 0
1937 7862 13787 1.533471265993255339e-02 7.281342846949397096e-02 1.740109629267631297e-01 0 0 0 0 0 0
1938 7863 13788 0.000000000000000000e+00 7.088044315074491786e-02 1.776289183727319532e-01 0 0 0 0 0 0
1939 7864 13789 1.532074908905963623e-02 7.639403419385459859e-02 2.000000000000000111e-01 0 0 0 0 0 0
1940 7865 13790 0.000000000000000000e+00 6.581149282530836253e-02 2.000000000000000111e-01 0 0 0 0 0 0
1941 7866 13791 2.204037909831748146e-02 7.328795854572434099e-02 1.768817512546129178e-01 0 0 0 0 0 0
1942 7867 13792 2.091937805700750178e-02 7.449951332881826760e-02 1.758656041654642066e-01 0 0 0 0 0 0
1943 7868 13793 0.000000000000000000e+00 2.071742815864659887e-02 1.986880226296258156e-01 0 0 0 0 0 0
1944 7869 13794 0.000000000000000000e+00 2.087839211015901295e-02 2.000000000000000111e-01 0 0 0 0 0 0
1945 7870 13795 2.647645452174691647e-02 0.000000000000000000e+00 2.000000000000000111e-01 0 0 0 0 0 0
1946 7871 13796 3.330806477837350982e-02 3.157543449939248514e-02 1.329047228459384333e-01 0 0 0 0 0 0
1947 7872 13797 3.228949036966031333e-02 3.383457913821650426e-02 1.329048237289953693e-01 0 0 0 0 0 0
1948 7873 13798 1.402768375282045961e-02 3.894608234306396605e-02 1.177101410479166610e-01 0 0 0 0 0 0
1949 7874 13799 1.975562590534935339e-02 3.816511087593110751e-02 1.166067408393555577e-01 0 0 0 0 0 0
1950 7875 13800 3.287482875076051803e-02 3.566234937211847783e-02 1.191761635470669489e-01 0 0 0 0 0 0
1951 7876 13801 3.613306231516077993e-02 3.049205999790539565e-02 1.101451406185429971e-01 0 0 0 0 0 0
1952 7877 13802 3.754446603179038139e-02 2.689887091029305455e-02 1.121773551071739011e-01 0 0 0 0 0 0
1953 7878 13803 3.776126672881555818e-02 2.592672859155373613e-02 1.143349401843970076e-01 0 0 0 0 0 0
1954 7879 13804 4.278546679383216783e-02 3.007899683170240854e-02 1.070054092669241869e-01 0 0 0 0 0 0
1955 7880 13805 4.377624107498137573e-02 2.871524287639264442e-02 1.075401725475238351e-01 0 0 0 0 0 0
1956 7881 13806 4.005622039072527507e-02 3.055737459926249552e-02 9.223982622560301936e-02 0 0 0 0 0 0
1957 7882 13807 3.428172657731095446e-02 3.118700404165175924e-02 9.275949860752161213e-02 0 0 0 0 0 0
1958 7883 13808 4.325398500641964433e-02 2.748776286417163942e-02 1.087564596529287803e-01 0 0 0 0 0 0
1959 7884 13809 4.384918041340583883e-02 2.818647894392318359e-02 1.079092705997753282e-01 0 0 0 0 0 0
1960 7885 13810 4.420420781383361392e-02 2.553230724467452431e-02 1.077178334819368782e-01 0 0 0 0 0 0
1961 7886 13811 4.534018994071195574e-02 1.695659779335596112e-02 1.050505516831560793e-01 0 0 0 0 0 0
1962 7887 13812 3.691462184741180208e-02 3.069444993634252300e-02 1.095831269010405784e-01 0 0 0 0 0 0
1963 7888 13813 4.894297138684393367e-02 1.465766923248369366e-02 1.074753583006757135e-01 0 0 0 0 0 0
1964 7889 13814 5.468738691116778461e-02 0.000000000000000000e+00 1.136684419522793477e-01 0 0 0 0 0 0
1965 7890 13815 4.406105074581419950e-02 2.372394654262366051e-02 1.171216171750123214e-01 0 0 0 0 0 0
1966 7891 13816 3.811897766935030268e-02 3.033545702625313131e-02 1.372526582496016723e-01 0 0 0 0 0 0
1967 7892 13817 5.652504706928337952e-02 2.151002407510030703e-02 1.333989716654317426e-01 0 0 0 0 0 0
1968 7893 13818 5.487623644270819140e-02 2.320034743874311439e-02 1.382608530649550582e-01 0 0 0 0 0 0
1969 7894 13819 4.616309215529350307e-02 8.815684546706867297e-02 0.000000000000000000e+00 0 0 0 0 0 0
1970 7895 13820 4.631745964525435522e-02 8.843173184992877967e-02 5.462657612074055822e-04 0 0 0 0 0 0
1971 7896 13821 4.646340728133496051e-02 8.890998996927101938e-02 0.000000000000000000e+00 0 0 0 0 0 0
1972 7897 13822 5.988989612787441741e-02 7.963706608277661136e-02 0.000000000000000000e+00 0 0 0 0 0 0
1973 7898 13823 5.401179394227202668e-02 8.588230653844365625e-02 6.231891759732752223e-03 0 0 0 0 0 0
1974 7899 13824 5.208792437998660541e-02 8.748742774784949716e-02 5.254041497962864612e-03 0 0 0 0 0 0
1975 7900 13825 4.834291328372974927e-02 9.014410575647854862e-02 1.340389936157695299e-04 0 0 0 0 0 0
1976 7901 13826 4.827377515461959978e-02 9.018740387364440614e-02 0.000000000000000000e+00 0 0 0 0 0 0
1977 7902 13827 5.806560419480102930e-02 7.235016799390388276e-02 0.000000000000000000e+00 0 0 0 0 0 0
1978 7903 13828 5.405995886619109625e-02 6.788650380039780441e-02 2.418653046814109656e-03 0 0 0 0 0 0
1979 7904 13829 5.322522356845235669e-02 6.711997855482591813e-02 0.000000000000000000e+00 0 0 0 0 0 0
1980 7905 13830 5.207900244595566747e-02 7.921236629059751067e-02 6.452101528026200038e-03 0 0 0 0 0 0
1981 7906 13831 4.805134476839963142e-02 8.749534330502833912e-02 3.690202990290501577e-03 0 0 0 0 0 0
1982 7907 13832 4.822423642176942860e-02 8.757977849283044014e-02 3.744875149251864713e-03 0 0 0 0 0 0
1983 7908 13833 6.056885382877709445e-02 1.015436075557513140e-01 2.521046273274257093e-02 0 0 0 0 0 0
1984 7909 13834 6.058234879929082911e-02 1.015456288290684239e-01 2.521829499307399677e-02 0 0 0 0 0 0
1985 7910 13835 6.758687922202205600e-02 1.137904759317289738e-01 2.868768518200722970e-02 0 0 0 0 0 0
1986 7911 13836 6.766096453820620582e-02 1.151668286658034529e-01 2.865801328698521291e-02 0 0 0 0 0 0
1987 7912 13837 6.709593486980694466e-02 1.202991215423085541e-01 2.805239315321485585e-02 0 0 0 0 0 0
1988 7913 13838 6.501276540310320373e-02 1.044318236124425758e-01 1.172399571900937035e-02 0 0 0 0 0 0
1989 7914 13839 7.540946218636659926e-02 1.085439453769321272e-01 1.057680655786184289e-02 0 0 0 0 0 0
1990 7915 13840 6.253476837505524133e-02 1.014820536027042641e-01 2.417429126267760242e-02 0 0 0 0 0 0
1991 7916 13841 6.322866773399526963e-02 1.016327340822698044e-01 2.486290746010588748e-02 0 0 0 0 0 0
1992 7917 13842 7.177042286254253778e-02 1.048688315515383801e-01 2.480045678365420600e-02 0 0 0 0 0 0
1993 7918 13843 7.685187271659557617e-02 1.108440311853045451e-01 1.236152746375270180e-02 0 0 0 0 0 0
1994 7919 13844 7.686648505701175471e-02 1.105751444297032871e-01 1.435787885858487954e-02 0 0 0 0 0 0
1995 7920 13845 7.538671539040794900e-02 1.113704972272267502e-01 2.180312212417515397e-02 0 0 0 0 0 0
1996 7921 13846 7.234558787163147819e-02 1.145888353009442556e-01 2.454545506297874796e-02 0 0 0 0 0 0
1997 7922 13847 7.620058124323722537e-02 1.087615213939420455e-01 1.107885513356961574e-02 0 0 0 0 0 0
1998 7923 13848 7.622401818560813058e-02 1.072579554356821313e-01 2.096572624207825725e-02 0 0 0 0 0 0
1999 7924 13849 7.619631781117243430e-02 1.071571585192403336e-01 2.098738376290118154e-02 0 0 0 0 0 0
2000 7925 13850 1.298587386890527884e-01 1.356691127727544244e-01 1.796858656366373819e-01 0 0 0 0 0 0
2001 7926 13851 1.287199867263504605e-01 1.359288228101871443e-01 1.714899540037173598e-01 0 0 0 0 0 0
2002 7927 13852 1.094051616015009609e-01 1.369683636828164519e-01 2.000000000000000111e-01 0 0 0 0 0 0
2003 7928 13853 1.095196823731972857e-01 1.382742487004297582e-01 2.000000000000000111e-01 0 0 0 0 0 0
2004 7929 13854 1.270572097414628676e-01 1.360950428363388309e-01 1.701250577642836881e-01 0 0 0 0 0 0
2005 7930 13855 1.097659511310681013e-01 1.375355078210648563e-01 1.702702407477597601e-01 0 0 0 0 0 0
2006 7931 13856 1.084358108424486183e-01 1.370492798926462030e-01 2.000000000000000111e-01 0 0 0 0 0 0
2007 7932 13857 1.059770704708194594e-01 1.455612799396513446e-01 3.161399678456451590e-02 0 0 0 0 0 0
2008 7933 13858 1.082608135810850247e-01 1.499999999999999944e-01 3.232805951170795306e-02 0 0 0 0 0 0
2009 7934 13859 1.121070751619475808e-01 1.420256610830034072e-01 2.546436159228569751e-02 0 0 0 0 0 0
2010 7935 13860 1.059627375528049836e-01 1.499999999999999944e-01 1.602205428285390781e-02 0 0 0 0 0 0
2011 7936 13861 1.143742350412252223e-01 1.441300970560134842e-01 2.497135627775674133e-02 0 0 0 0 0 0
2012 7937 13862 1.097031257844539448e-01 1.499999999999999944e-01 3.131544949904188635e-02 0 0 0 0 0 0
2013 7938 13863 1.296797171246114322e-01 4.714589769484488213e-02 6.814776706718445043e-02 0 0 0 0 0 0
2014 7939 13864 1.294800791479841229e-01 4.705480063562966775e-02 6.807882125836514642e-02 0 0 0 0 0 0
2015 7940 13865 1.277973896229081252e-01 3.828843143949343941e-02 6.881772685026553427e-02 0 0 0 0 0 0
2016 7941 13866 1.323780302995312963e-01 4.816045010193203968e-02 7.055966196807161861e-02 0 0 0 0 0 0
2017 7942 13867 1.499999999999999944e-01 5.101845485094202298e-02 8.517602567669252389e-02 0 0 0 0 0 0
2018 7943 13868 1.237227536776353276e-01 3.279188073658331065e-02 8.577337027061114616e-02 0 0 0 0 0 0
2019 7944 13869 1.376310236360134276e-01 4.706152732583853554e-02 9.624829830456783919e-02 0 0 0 0 0 0
2020 7945 13870 1.423449565437216180e-01 5.009356248555205116e-02 9.185961646070611719e-02 0 0 0 0 0 0
2021 7946 13871 1.499999999999999944e-01 5.105892805143523450e-02 8.684194206703026164e-02 0 0 0 0 0 0
2022 7947 13872 1.360191048224453636e-01 4.271550597495402807e-02 9.951227423902644920e-02 0 0 0 0 0 0
2023 7948 13873 1.243506608777876499e-01 4.035242140086436197e-02 7.474232931137968217e-02 0 0 0 0 0 0
2024 7949 13874 1.264655931744300688e-01 4.489596179791902758e-02 7.238706416921666942e-02 0 0 0 0 0 0
2025 7950 13875 1.295185470727770738e-01 4.737434304982979238e-02 6.791473864857150433e-02 0 0 0 0 0 0
2026 7951 13876 1.294639836391291710e-01 4.966655565019461455e-02 6.475547323391771248e-02 0 0 0 0 0 0
2027 7952 13877 1.411717162432155059e-01 6.335739522936814638e-02 6.903173023441569467e-02 0 0 0 0 0 0
2028 7953 13878 1.499999999999999944e-01 6.677223399376441826e-02 6.378425606795062874e-02 0 0 0 0 0 0
2029 7954 13879 1.294199850783129546e-01 5.075472389471547691e-02 6.613687300740325736e-02 0 0 0 0 0 0
2030 7955 13880 1.499999999999999944e-01 6.989954236620936345e-02 7.308049418250694984e-02 0 0 0 0 0 0
2031 7956 13881 1.294745235888810908e-01 4.882559563860717350e-02 6.742360676398331809e-02 0 0 0 0 0 0
2032 7957 13882 1.281519422441568523e-01 4.923278687107517787e-02 1.117311380718094549e-01 0 0 0 0 0 0
2033 7958 13883 1.274490399949183839e-01 4.883941108700529110e-02 1.102014724794771333e-01 0 0 0 0 0 0
2034 7959 13884 1.315610544005741400e-01 5.726761622363567977e-02 1.036814189160209371e-01 0 0 0 0 0 0
2035 7960 13885 1.336121993139115505e-01 5.990288860604021937e-02 1.019379886338537128e-01 0 0 0 0 0 0
2036 7961 13886 1.361737222918274204e-01 6.263942715095867364e-02 1.012221809474793954e-01 0 0 0 0 0 0
2037 7962 13887 1.319157358799398216e-01 5.390647934464247448e-02 1.134402858737281472e-01 0 0 0 0 0 0
2038 7963 13888 1.499999999999999944e-01 6.807541409503360674e-02 9.503713454125331528e-02 0 0 0 0 0 0
2039 7964 13889 1.475972767986960255e-01 6.738075976400961786e-02 9.505162812188371058e-02 0 0 0 0 0 0
2040 7965 13890 1.499999999999999944e-01 6.752892733643515999e-02 9.341491474000193640e-02 0 0 0 0 0 0
2041 7966 13891 1.384655886596081464e-01 6.439266714067803932e-02 1.003042749828319397e-01 0 0 0 0 0 0
2042 7967 13892 1.303760895302429057e-01 5.521084520487270358e-02 1.046211322315230979e-01 0 0 0 0 0 0
2043 7968 13893 1.371362865736218684e-01 7.446563032265500481e-02 1.265029714390189519e-01 0 0 0 0 0 0
2044 7969 13894 1.499999999999999944e-01 7.541333447139010604e-02 1.481537274151436823e-01 0 0 0 0 0 0
2045 7970 13895 1.378693093859864605e-01 8.323103053498225046e-02 1.319360131566904570e-01 0 0 0 0 0 0
2046 7971 13896 1.499999999999999944e-01 7.624136020627471366e-02 1.267148923816011630e-01 0 0 0 0 0 0
2047 7972 13897 1.432923438792561011e-01 7.941895114938761491e-02 1.237598874012555278e-01 0 0 0 0 0 0
2048 7973 13898 1.499999999999999944e-01 8.395535994896038967e-02 1.304334007029271103e-01 0 0 0 0 0 0
2049 7974 13899 1.440968750672397547e-01 8.549987318509705281e-02 1.272293270054707659e-01 0 0 0 0 0 0
2050 7975 13900 1.441312386168361048e-01 8.562048188088697276e-02 1.271570026298629308e-01 0 0 0 0 0 0
2051 7976 13901 1.499999999999999944e-01 8.915045011000084785e-02 1.267865637019977287e-01 0 0 0 0 0 0
2052 7977 13902 1.457482995557366767e-01 8.454980670896637684e-02 1.130606966047103673e-01 0 0 0 0 0 0
2053 7978 13903 1.499999999999999944e-01 8.673181472116497925e-02 1.102218126601723081e-01 0 0 0 0 0 0
2054 7979 13904 1.499999999999999944e-01 7.481956258801922277e-02 1.102251222769892319e-01 0 0 0 0 0 0
2055 7980 13905 1.442818999664453039e-01 7.807462816350549395e-02 1.140414096654969039e-01 0 0 0 0 0 0
2056 7981 13906 1.421584825189514401e-01 7.621270523801026986e-02 1.143228627174273371e-01 0 0 0 0 0 0
2057 7982 13907 1.340632056182455289e-01 7.108515582399592414e-02 1.239377474187464689e-01 0 0 0 0 0 0
2058 7983 13908 1.039222709284891716e-01 5.475401413610962026e-02 1.792344910168213179e-01 0 0 0 0 0 0
2059 7984 13909 1.049374573829906093e-01 5.491196383360166799e-02 1.790737547152700393e-01 0 0 0 0 0 0
2060 7985 13910 1.057023373887211598e-01 5.470163172732946805e-02 1.795051292111753405e-01 0 0 0 0 0 0
2061 7986 13911 1.061737032528554669e-01 4.914439063559149223e-02 1.888760646891477490e-01 0 0 0 0 0 0
2062 7987 13912 1.051307698574776850e-01 4.807037026656321710e-02 1.905707047276664901e-01 0 0 0 0 0 0
2063 7988 13913 1.009014024989365182e-01 4.837666664314285020e-02 1.896226373704363866e-01 0 0 0 0 0 0
2064 7989 13914 1.062036865950069936e-01 5.929599276253807311e-02 1.801725896455272924e-01 0 0 0 0 0 0
2065 7990 13915 1.081538370376730757e-01 7.503713755714011557e-02 1.846544658692310936e-01 0 0 0 0 0 0
2066 7991 13916 1.102035044103554101e-01 7.956796087110107329e-02 2.000000000000000111e-01 0 0 0 0 0 0
2067 7992 13917 1.093884995493449169e-01 7.087356411742463946e-02 2.000000000000000111e-01 0 0 0 0 0 0
2068 7993 13918 1.065363137167493618e-01 4.992997704127857816e-02 1.916050089405316736e-01 0 0 0 0 0 0
2069 7994 13919 1.023798435098799003e-01 7.651244711964759471e-02 1.863052708753941689e-01 0 0 0 0 0 0
2070 7995 13920 9.907197259593146510e-02 7.209578297473702435e-02 1.978616270989070891e-01 0 0 0 0 0 0
2071 7996 13921 1.010623568617504270e-01 7.826863878768205995e-02 1.911563056288384799e-01 0 0 0 0 0 0
2072 7997 13922 1.033822292937082027e-01 7.498022398363578256e-02 2.000000000000000111e-01 0 0 0 0 0 0
2073 7998 13923 1.083655713522930775e-01 7.987085590607981289e-02 2.000000000000000111e-01 0 0 0 0 0 0
2074 7999 13924 1.101944988655635393e-01 7.493932633270734833e-02 1.824165444316822315e-01 0 0 0 0 0 0
2075 8000 13925 1.138454173806618952e-01 5.187650810216887232e-02 1.789885653315204384e-01 0 0 0 0 0 0
2076 8001 13926 1.129250336733045174e-01 5.562041980851205325e-02 2.000000000000000111e-01 0 0 0 0 0 0
2077 8002 13927 9.241609381558275882e-02 4.713938617240612250e-02 1.891928599307069470e-01 0 0 0 0 0 0
2078 8003 13928 9.261453374713650433e-02 5.308760807859356362e-02 1.786929634906155862e-01 0 0 0 0 0 0
2079 8004 13929 9.432190646354061958e-02 6.902552350755120081e-02 1.967951524520337725e-01 0 0 0 0 0 0
2080 8005 13930 9.463611399289069415e-02 7.645598462506794646e-02 1.862869224093194054e-01 0 0 0 0 0 0
2081 8006 13931 9.714822186964844342e-02 7.810003873522812501e-02 1.868211862828859926e-01 0 0 0 0 0 0
2082 8007 13932 9.061280466909731046e-02 4.522476703031317463e-02 1.904147249257957808e-01 0 0 0 0 0 0
2083 8008 13933 9.078510082136717618e-02 6.707579975411569195e-02 2.000000000000000111e-01 0 0 0 0 0 0
2084 8009 13934 8.506329404645171510e-02 5.234210335940257808e-02 2.000000000000000111e-01 0 0 0 0 0 0
2085 8010 13935 1.148373786074235181e-01 3.925980899078854863e-02 1.841799486143529674e-01 0 0 0 0 0 0
2086 8011 13936 1.308995830014840211e-01 5.612611797539800856e-02 1.744069650218725287e-01 0 0 0 0 0 0
2087 8012 13937 1.318742043831734878e-01 5.568361390799950184e-02 1.743901679935117299e-01 0 0 0 0 0 0
2088 8013 13938 1.177291610131419169e-01 5.109540139861910163e-02 1.763706052826730097e-01 0 0 0 0 0 0
2089 8014 13939 1.315570670444252688e-01 5.707390507858201706e-02 1.749361631281836083e-01 0 0 0 0 0 0
2090 8015 13940 1.178416352717631538e-01 4.123722243197235765e-02 1.798552898094576136e-01 0 0 0 0 0 0
2091 8016 13941 1.164181324491343622e-01 5.073985228312918871e-02 1.766968262892492647e-01 0 0 0 0 0 0
2092 8017 13942 1.121903831506234350e-01 3.130561900374290857e-02 1.732874755819025780e-01 0 0 0 0 0 0
2093 8018 13943 1.122011503773669011e-01 3.129735080936525693e-02 1.735944383677902880e-01 0 0 0 0 0 0
2094 8019 13944 1.246518372899671073e-01 3.169205956187479828e-02 1.708755373520411125e-01 0 0 0 0 0 0
2095 8020 13945 1.244006142085273131e-01 3.188497472183050852e-02 1.637134204211636579e-01 0 0 0 0 0 0
2096 8021 13946 1.160547284425133552e-01 3.167576270280127865e-02 1.635467650331725309e-01 0 0 0 0 0 0
2097 8022 13947 1.120530792692222694e-01 3.141266733443336817e-02 1.737188933029374382e-01 0 0 0 0 0 0
2098 8023 13948 1.265813176951937902e-01 3.364695844226429922e-02 1.623741286313060417e-01 0 0 0 0 0 0
2099 8024 13949 1.165137942696517354e-01 3.546695086533320496e-02 1.604945915492444197e-01 0 0 0 0 0 0
2100 8025 13950 1.244042761928074448e-01 3.620398583814996712e-02 1.602153983337737952e-01 0 0 0 0 0 0
2101 8026 13951 1.240374107412259286e-01 3.727742931965342260e-02 1.598087715816109422e-01 0 0 0 0 0 0
2102 8027 13952 1.120111115100290988e-01 3.144531654709692425e-02 1.736600279267689062e-01 0 0 0 0 0 0
2103 8028 13953 1.103854766584567298e-01 4.811742529222327175e-02 1.692476258391424904e-01 0 0 0 0 0 0
2104 8029 13954 1.152641670772563687e-01 5.095699861122435226e-02 1.751724230719157449e-01 0 0 0 0 0 0
2105 8030 13955 1.163292529107808060e-01 3.906186888678287589e-02 1.591328152987552536e-01 0 0 0 0 0 0
2106 8031 13956 1.263820755099688276e-01 8.342048306484441123e-02 1.689227478712580499e-01 0 0 0 0 0 0
2107 8032 13957 1.254597427489509698e-01 5.695340289541211964e-02 1.695546055734674928e-01 0 0 0 0 0 0
2108 8033 13958 1.204070323907910217e-01 8.267743096519712676e-02 1.636832828178108323e-01 0 0 0 0 0 0
2109 8034 13959 1.052314304834692932e-01 8.178052325343362905e-02 1.620680928763826301e-01 0 0 0 0 0 0
2110 8035 13960 1.049606914755940451e-01 8.169867885396300822e-02 1.612619020126314362e-01 0 0 0 0 0 0
2111 8036 13961 1.121630977679137359e-01 8.190543999305587020e-02 1.594438647862913283e-01 0 0 0 0 0 0
2112 8037 13962 1.030657794981516412e-01 5.611930041632078037e-02 1.578807907763608576e-01 0 0 0 0 0 0
2113 8038 13963 1.017927701510339816e-01 5.605773706974138959e-02 1.581983419392625489e-01 0 0 0 0 0 0
2114 8039 13964 9.923520434567219273e-02 5.767312390582634424e-02 1.590992757250230816e-01 0 0 0 0 0 0
2115 8040 13965 1.031346307102381371e-01 5.610189810194170235e-02 1.579191770069607315e-01 0 0 0 0 0 0
2116 8041 13966 9.953807751874554910e-02 5.478679043330967474e-02 1.619895188003561970e-01 0 0 0 0 0 0
2117 8042 13967 9.961099425303317212e-02 5.475700343573822876e-02 1.619457426257241983e-01 0 0 0 0 0 0
2118 8043 13968 1.063752901230125142e-01 5.292843738844790064e-02 1.660355800206352039e-01 0 0 0 0 0 0
2119 8044 13969 1.298536336532532254e-01 1.088966448620041078e-01 1.822310204476234319e-01 0 0 0 0 0 0
2120 8045 13970 1.281215996038753135e-01 1.208046460351741153e-01 1.877742196256329543e-01 0 0 0 0 0 0
2121 8046 13971 1.348806652332892597e-01 1.227676063051841848e-01 1.722774041350403074e-01 0 0 0 0 0 0
2122 8047 13972 1.462110173406186153e-01 1.230136000612139929e-01 1.703353781514924392e-01 0 0 0 0 0 0
2123 8048 13973 1.352967164620370866e-01 1.104774188751340980e-01 1.697514182936413485e-01 0 0 0 0 0 0
2124 8049 13974 1.391097763828024469e-01 1.163740215205772977e-01 1.676434533641037172e-01 0 0 0 0 0 0
2125 8050 13975 1.355449303837866770e-01 1.110989545768419767e-01 1.692519250438232481e-01 0 0 0 0 0 0
2126 8051 13976 1.366758076562513691e-01 1.146793703763024502e-01 1.670710363706955637e-01 0 0 0 0 0 0
2127 8052 13977 1.499999999999999944e-01 1.245699722899992756e-01 1.694815550823333405e-01 0 0 0 0 0 0
2128 8053 13978 1.272217123231391689e-01 1.212937197305199444e-01 1.884768222020476724e-01 0 0 0 0 0 0
2129 8054 13979 1.281819394120236322e-01 1.230871506625304673e-01 1.916563525417920855e-01 0 0 0 0 0 0
2130 8055 13980 1.385785247301360434e-01 1.271363646682964477e-01 2.000000000000000111e-01 0 0 0 0 0 0
2131 8056 13981 1.272637694699011168e-01 1.300356261102938726e-01 1.725522779532001894e-01 0 0 0 0 0 0
2132 8057 13982 1.282946386993808197e-01 1.076287848650821916e-01 1.826399346909823307e-01 0 0 0 0 0 0
2133 8058 13983 1.208429976875892847e-01 1.203734849302144222e-01 2.000000000000000111e-01 0 0 0 0 0 0
2134 8059 13984 1.233993240250245566e-01 1.188386217967725283e-01 1.897291344465256435e-01 0 0 0 0 0 0
2135 8060 13985 1.217655783435364070e-01 1.210678426700673160e-01 2.000000000000000111e-01 0 0 0 0 0 0
2136 8061 13986 1.499999999999999944e-01 1.002168948958888084e-01 1.781470163619999492e-01 0 0 0 0 0 0
2137 8062 13987 1.352978775794350108e-01 1.104173972450803315e-01 1.695143504238763865e-01 0 0 0 0 0 0
2138 8063 13988 1.499999999999999944e-01 1.227494462320290886e-01 1.673825260103621593e-01 0 0 0 0 0 0
2139 8064 13989 7.461983477628787720e-02 1.499999999999999944e-01 1.898422175155205227e-01 0 0 0 0 0 0
2140 8065 13990 7.422381949801648560e-02 1.499999999999999944e-01 2.000000000000000111e-01 0 0 0 0 0 0
2141 8066 13991 8.313225562943683811e-02 1.234517054160102906e-01 1.841123753537294294e-01 0 0 0 0 0 0
2142 8067 13992 8.831032985646201927e-02 1.426886304573453668e-01 1.780409565762724189e-01 0 0 0 0 0 0
2143 8068 13993 8.553749509296974807e-02 1.499999999999999944e-01 1.800050620105454191e-01 0 0 0 0 0 0
2144 8069 13994 9.827677488415632878e-02 1.319308934185676740e-01 1.871585590163383217e-01 0 0 0 0 0 0
2145 8070 13995 9.470913914444337167e-02 1.289413569783445235e-01 1.868728763686927641e-01 0 0 0 0 0 0
2146 8071 13996 8.353077422915712591e-02 1.211770235476255092e-01 1.852799967425686201e-01 0 0 0 0 0 0
2147 8072 13997 9.949458592587129280e-02 1.316143978818516136e-01 1.893128057084919880e-01 0 0 0 0 0 0
2148 8073 13998 9.974569748839641481e-02 1.316129757039203318e-01 1.898235447378933405e-01 0 0 0 0 0 0
2149 8074 13999 1.035014885807818419e-01 1.340263759831267776e-01 2.000000000000000111e-01 0 0 0 0 0 0
2150 8075 14000 9.533982147662245499e-02 1.499999999999999944e-01 2.000000000000000111e-01 0 0 0 0 0 0
2151 8076 14001 8.091447571217487422e-02 1.167197712856664349e-01 1.920380070906467229e-01 0 0 0 0 0 0
2152 8077 14002 8.329153206886301397e-02 1.155485165368328460e-01 2.000000000000000111e-01 0 0 0 0 0 0
2153 8078 14003 1.035377473166780304e-01 1.306793553849736889e-01 2.000000000000000111e-01 0 0 0 0 0 0
2154 8079 14004 1.111928763033133288e-01 2.075742023200771030e-02 1.714164566720567662e-01 0 0 0 0 0 0
2155 8080 14005 1.116078939637711043e-01 2.058245948919371071e-02 1.707042055999319630e-01 0 0 0 0 0 0
2156 8081 14006 1.150169472910281682e-01 1.694881160268270348e-02 1.678096921720731716e-01 0 0 0 0 0 0
2157 8082 14007 1.159394851979655000e-01 1.057619178325222217e-02 1.742794781072180832e-01 0 0 0 0 0 0
2158 8083 14008 1.122783706067672499e-01 1.325914567867885266e-02 1.790290606901194514e-01 0 0 0 0 0 0
2159 8084 14009 1.237543702394332673e-01 1.541521976841896818e-02 1.665880542215139870e-01 0 0 0 0 0 0
2160 8085 14010 1.243414278081462487e-01 2.329579868938640511e-02 1.728656139131723724e-01 0 0 0 0 0 0
2161 8086 14011 1.119992366018852104e-01 2.583578847966894187e-02 1.748889344946435720e-01 0 0 0 0 0 0
2162 8087 14012 1.324683988068148244e-01 7.795689549964462603e-03 1.718402689782100035e-01 0 0 0 0 0 0
2163 8088 14013 1.321616581048025985e-01 7.593388688343053090e-03 1.721553013675800048e-01 0 0 0 0 0 0
2164 8089 14014 1.340351755778598775e-01 1.636931202645043257e-02 1.798019917854188632e-01 0 0 0 0 0 0
2165 8090 14015 1.106348339956487875e-01 2.541029632733302068e-02 1.763336122634541481e-01 0 0 0 0 0 0
2166 8091 14016 1.298086294251558082e-01 1.447397964334080217e-02 1.852751857523017576e-01 0 0 0 0 0 0
2167 8092 14017 1.125075616468950296e-01 1.774297581370964591e-02 1.886154088058170086e-01 0 0 0 0 0 0
2168 8093 14018 1.117806839062514962e-01 1.789000138171335796e-02 1.887390021514856742e-01 0 0 0 0 0 0
2169 8094 14019 1.294776490610387298e-01 1.425744212836960526e-02 1.856173340835364505e-01 0 0 0 0 0 0
2170 8095 14020 1.050374965834823815e-01 3.866935850265560814e-03 1.627637347720504446e-01 0 0 0 0 0 0
2171 8096 14021 1.124062118788788367e-01 1.638972489517061606e-02 1.642224987429830585e-01 0 0 0 0 0 0
2172 8097 14022 1.042569096300623027e-01 0.000000000000000000e+00 1.646206396247898440e-01 0 0 0 0 0 0
2173 8098 14023 1.043446654192946160e-01 1.473900283512170548e-03 1.635890778914357579e-01 0 0 0 0 0 0
2174 8099 14024 1.112410615240898015e-01 1.732828940663529160e-02 1.646849518333644846e-01 0 0 0 0 0 0
2175 8100 14025 1.041124619040315058e-01 1.446388768404458999e-02 1.654704440879079808e-01 0 0 0 0 0 0
2176 8101 14026 9.858850437831159774e-02 3.114460904172459011e-03 1.639110225101589879e-01 0 0 0 0 0 0
2177 8102 14027 9.825899441852357918e-02 4.516191842407019270e-03 1.643116494906708136e-01 0 0 0 0 0 0
2178 8103 14028 1.032158976035067316e-01 0.000000000000000000e+00 1.641974387993167805e-01 0 0 0 0 0 0
2179 8104 14029 9.939434222226384286e-02 0.000000000000000000e+00 1.647419043061875699e-01 0 0 0 0 0 0
2180 8105 14030 9.935870275710440014e-02 8.643089814218001031e-04 1.689006592376821048e-01 0 0 0 0 0 0
2181 8106 14031 9.953431896091465003e-02 0.000000000000000000e+00 1.680101474537625816e-01 0 0 0 0 0 0
2182 8107 14032 1.116866381069829967e-01 2.943417593353004832e-02 1.617611481528324346e-01 0 0 0 0 0 0
2183 8108 14033 1.113198480541311153e-01 2.443065447215534911e-02 1.579391225470913318e-01 0 0 0 0 0 0
2184 8109 14034 1.114899772853889109e-01 2.679422849424926631e-02 1.596582026967781343e-01 0 0 0 0 0 0
2185 8110 14035 1.114514536674200140e-01 2.443765665603292100e-02 1.577809903078857545e-01 0 0 0 0 0 0
2186 8111 14036 1.232613658237531329e-01 1.659186330435899470e-02 1.515311403174864346e-01 0 0 0 0 0 0
2187 8112 14037 1.233257497302624045e-01 1.316358800954605703e-02 1.576083045746541345e-01 0 0 0 0 0 0
2188 8113 14038 1.209763661324030209e-01 1.337934725668784089e-02 1.571729953448030570e-01 0 0 0 0 0 0
2189 8114 14039 1.232418815801343270e-01 1.483541824790425567e-02 1.531994125609232038e-01 0 0 0 0 0 0
2190 8115 14040 1.340093014270787863e-01 5.200393133642089785e-03 1.686250683115013416e-01 0 0 0 0 0 0
2191 8116 14041 1.307156973712774450e-01 6.951117824645742030e-03 1.628902464788249960e-01 0 0 0 0 0 0
2192 8117 14042 1.333231713843411048e-01 8.070429195089428394e-04 1.675482423910543694e-01 0 0 0 0 0 0
2193 8118 14043 1.326760344141533488e-01 0.000000000000000000e+00 1.680409781767394917e-01 0 0 0 0 0 0
2194 8119 14044 1.305317808445300432e-01 0.000000000000000000e+00 1.708824885129810456e-01 0 0 0 0 0 0
2195 8120 14045 1.070866355486959076e-01 4.523281846308832566e-03 1.617630134628203764e-01 0 0 0 0 0 0
2196 8121 14046 1.073794913871736478e-01 2.777810937074411124e-02 1.791032679685186091e-01 0 0 0 0 0 0
2197 8122 14047 1.117741970776810201e-01 1.788917814938956533e-02 1.887556096375147818e-01 0 0 0 0 0 0
2198 8123 14048 9.481377658893215543e-02 1.277681755882250844e-02 1.645424197861371507e-01 0 0 0 0 0 0
2199 8124 14049 8.785419520319377729e-02 2.731125879078271854e-02 1.626181514512218818e-01 0 0 0 0 0 0
2200 8125 14050 8.859589113419633066e-02 2.285823546380762530e-02 1.564449504746673325e-01 0 0 0 0 0 0
2201 8126 14051 8.878817136787471587e-02 2.129734162716234031e-02 1.553144000198355135e-01 0 0 0 0 0 0
2202 8127 14052 8.884377441777777107e-02 1.967063524825427012e-02 1.563459539174243962e-01 0 0 0 0 0 0
2203 8128 14053 8.887738232602930555e-02 1.709874882367806020e-02 1.588056760678734636e-01 0 0 0 0 0 0
2204 8129 14054 8.960580570355590468e-02 2.110478890275801003e-02 1.551872421098479948e-01 0 0 0 0 0 0
2205 8130 14055 1.115354375497573519e-01 2.946629028607041303e-02 1.615993760216035691e-01 0 0 0 0 0 0
2206 8131 14056 9.888505196182251211e-02 3.532054543769037186e-02 1.656546653178105066e-01 0 0 0 0 0 0
2207 8132 14057 9.367519016664833942e-02 3.507958437258302392e-02 1.653989135403192146e-01 0 0 0 0 0 0
2208 8133 14058 9.059656637147965597e-02 3.372764030634436971e-02 1.672341518325758669e-01 0 0 0 0 0 0
2209 8134 14059 1.335631532182570969e-01 0.000000000000000000e+00 1.673987775984216997e-01 0 0 0 0 0 0
2210 8135 14060 1.499999999999999944e-01 0.000000000000000000e+00 1.695697655958328665e-01 0 0 0 0 0 0
2211 8136 14061 8.006525665630087607e-02 5.145698574872437092e-02 1.576924140261974638e-01 0 0 0 0 0 0
2212 8137 14062 8.689584699645297450e-02 4.672586596834935047e-02 1.695133045897426471e-01 0 0 0 0 0 0
2213 8138 14063 8.694658380841925605e-02 3.974997027519159426e-02 1.694480911902803144e-01 0 0 0 0 0 0
2214 8139 14064 8.384068453728588111e-02 3.184022982008773150e-02 1.638512732828607543e-01 0 0 0 0 0 0
2215 8140 14065 8.126527121268410647e-02 3.152618601109875851e-02 1.593480614812029517e-01 0 0 0 0 0 0
2216 8141 14066 7.555496886129484113e-02 3.120896523916655285e-02 1.571609344116318974e-01 0 0 0 0 0 0
2217 8142 14067 7.569142831111470848e-02 3.177709319733748594e-02 1.687432209481848078e-01 0 0 0 0 0 0
2218 8143 14068 6.668365111612548080e-02 3.127239559803449837e-02 1.652047833199290217e-01 0 0 0 0 0 0
2219 8144 14069 7.998055419738649141e-02 4.387887712830753489e-02 1.775875090807180201e-01 0 0 0 0 0 0
2220 8145 14070 8.345747773041213569e-02 4.569591098994588152e-02 1.771940867946400489e-01 0 0 0 0 0 0
2221 8146 14071 8.398336647830528801e-02 4.565022330718781357e-02 1.768313152324147153e-01 0 0 0 0 0 0
2222 8147 14072 6.440667978269638827e-02 4.513591777584437942e-02 1.520209859263606522e-01 0 0 0 0 0 0
2223 8148 14073 6.736406499978123130e-02 5.310182333507586228e-02 1.526871010727043343e-01 0 0 0 0 0 0
2224 8149 14074 7.007573084703319632e-02 5.506943115988525289e-02 1.536170369390550128e-01 0 0 0 0 0 0
2225 8150 14075 5.454165584193839539e-02 4.324673016929646979e-02 1.680733420095700259e-01 0 0 0 0 0 0
2226 8151 14076 7.224940769508100824e-02 4.759508275896524865e-02 1.770550681403539606e-01 0 0 0 0 0 0
2227 8152 14077 5.497322732319413069e-02 4.002101102883316025e-02 1.662812735924199536e-01 0 0 0 0 0 0
2228 8153 14078 5.146379437044783234e-02 4.661052944726344627e-02 1.622347134396860402e-01 0 0 0 0 0 0
2229 8154 14079 5.838105291341856573e-02 4.813779304870917375e-02 1.542263954412147753e-01 0 0 0 0 0 0
2230 8155 14080 6.218330370189815298e-02 5.418926168810385413e-02 1.653179920445362050e-01 0 0 0 0 0 0
2231 8156 14081 7.295562254374969580e-02 4.850050985077110355e-02 1.768778477855690590e-01 0 0 0 0 0 0
2232 8157 14082 5.166823523929361950e-02 4.708985219583385062e-02 1.632887219128499878e-01 0 0 0 0 0 0
2233 8158 14083 7.474659856572551941e-02 3.029475104845976569e-02 1.696908441929639022e-01 0 0 0 0 0 0
2234 8159 14084 7.732668205149334506e-02 4.014624735147197254e-02 1.813039014117931724e-01 0 0 0 0 0 0
2235 8160 14085 7.301887507998573723e-02 2.960040880935191354e-02 1.763572870807118831e-01 0 0 0 0 0 0
2236 8161 14086 8.394474301282517370e-02 4.580401969714578692e-02 1.773523524850145472e-01 0 0 0 0 0 0
2237 8162 14087 9.303071051914646450e-02 5.366045338481428839e-02 1.658773604549680369e-01 0 0 0 0 0 0
2238 8163 14088 9.673480948817174407e-02 3.951853107089360606e-02 1.635904708811725672e-01 0 0 0 0 0 0
2239 8164 14089 8.957427552931458703e-02 5.276052291290803803e-02 1.755122492806835688e-01 0 0 0 0 0 0
2240 8165 14090 8.501065407582426847e-02 4.782217429787530977e-02 1.787724300694787105e-01 0 0 0 0 0 0
2241 8166 14091 7.285058924844577122e-02 5.668806384243833124e-02 1.817926805400236490e-01 0 0 0 0 0 0
2242 8167 14092 5.812615664877405358e-02 6.561821142144230734e-02 1.814717379782589679e-01 0 0 0 0 0 0
2243 8168 14093 6.067150902554650088e-02 6.683512049456552528e-02 1.794308444527929480e-01 0 0 0 0 0 0
2244 8169 14094 6.646050890831475821e-02 6.344617583473635691e-02 1.801077194684879701e-01 0 0 0 0 0 0
2245 8170 14095 7.210818714435109078e-02 5.866057995273910725e-02 1.820460770979391296e-01 0 0 0 0 0 0
2246 8171 14096 4.596051308842835637e-02 5.038701802809694014e-02 1.649118707173197473e-01 0 0 0 0 0 0
2247 8172 14097 4.496232061148699999e-02 4.884314274145205165e-02 1.706365089984459571e-01 0 0 0 0 0 0
2248 8173 14098 4.706798038780794086e-02 6.337176537828637102e-02 1.697882475913561617e-01 0 0 0 0 0 0
2249 8174 14099 4.583738005880555466e-02 5.453422449488815049e-02 1.664999867862897998e-01 0 0 0 0 0 0
2250 8175 14100 5.483102653438016311e-02 6.608325747577649401e-02 1.703224705537605133e-01 0 0 0 0 0 0
2251 8176 14101 5.866913756859001849e-02 6.288973766570982171e-02 1.688589738993254707e-01 0 0 0 0 0 0
2252 8177 14102 6.160076248296326301e-02 5.778425807338494896e-02 1.667252267546241173e-01 0 0 0 0 0 0
2253 8178 14103 7.219267662004967556e-02 5.854070325510501993e-02 1.820172391646897314e-01 0 0 0 0 0 0
2254 8179 14104 1.215181439447050732e-01 2.847094149750667783e-02 1.204858576354400773e-01 0 0 0 0 0 0
2255 8180 14105 1.249405729975712337e-01 3.451025444923494501e-02 1.057813144033349778e-01 0 0 0 0 0 0
2256 8181 14106 1.357063924363662855e-01 6.241076418700458768e-03 1.300649013114588415e-01 0 0 0 0 0 0
2257 8182 14107 1.269831823175977814e-01 1.784757330927918412e-02 1.272510583880494817e-01 0 0 0 0 0 0
2258 8183 14108 1.232316731205097132e-01 2.410283163638676437e-02 1.241549481645609770e-01 0 0 0 0 0 0
2259 8184 14109 1.258482818069301123e-01 4.596561105140316988e-02 1.131350974487027039e-01 0 0 0 0 0 0
2260 8185 14110 1.259346931775716383e-01 4.601707147202010323e-02 1.130458352698831548e-01 0 0 0 0 0 0
2261 8186 14111 1.301518914652118331e-01 4.195597615032363448e-02 1.277432257406944938e-01 0 0 0 0 0 0
2262 8187 14112 1.243643216746966040e-01 4.339312080104425901e-02 1.195636697196163362e-01 0 0 0 0 0 0
2263 8188 14113 1.321635250260262406e-01 2.765988238101453611e-02 1.349512234318020754e-01 0 0 0 0 0 0
2264 8189 14114 1.349077660779887389e-01 2.100348619990314442e-02 1.368298096437266798e-01 0 0 0 0 0 0
2265 8190 14115 1.366503595456781406e-01 1.819825220904939395e-02 1.371424554816207120e-01 0 0 0 0 0 0
2266 8191 14116 1.499999999999999944e-01 1.292255978794004147e-02 1.294973072472282993e-01 0 0 0 0 0 0
2267 8192 14117 1.258412412465919616e-01 4.555648042372379553e-02 1.127122690659711213e-01 0 0 0 0 0 0
2268 8193 14118 1.202856143854914017e-01 1.296951194531176070e-02 1.488851677934833195e-01 0 0 0 0 0 0
2269 8194 14119 1.218080109194510235e-01 7.017148252400900489e-03 1.428568626298387656e-01 0 0 0 0 0 0
2270 8195 14120 1.148241013756010759e-01 0.000000000000000000e+00 1.479996642578697008e-01 0 0 0 0 0 0
2271 8196 14121 9.823744736554514134e-02 3.346516444002313549e-03 1.635572107629516547e-01 0 0 0 0 0 0
2272 8197 14122 9.828155063493829169e-02 0.000000000000000000e+00 1.636257143526126945e-01 0 0 0 0 0 0
2273 8198 14123 1.128767929778256296e-01 1.496582394844110653e-02 1.458414195670196256e-01 0 0 0 0 0 0
2274 8199 14124 1.063225203809592678e-01 1.457761645098308578e-02 1.464333139602986000e-01 0 0 0 0 0 0
2275 8200 14125 1.022390127594703935e-01 1.196451695225696048e-02 1.504174692187717766e-01 0 0 0 0 0 0
2276 8201 14126 1.045094500206882882e-01 5.951358758394256591e-03 1.436379696761435343e-01 0 0 0 0 0 0
2277 8202 14127 1.045133421720707834e-01 6.404992844225633822e-03 1.435975900325450472e-01 0 0 0 0 0 0
2278 8203 14128 1.032419578917773001e-01 0.000000000000000000e+00 1.479996642578697008e-01 0 0 0 0 0 0
2279 8204 14129 1.049763632556029447e-01 6.659897769336720758e-03 1.431186881321414306e-01 0 0 0 0 0 0
2280 8205 14130 1.084494565922285020e-01 1.014952069250138131e-02 1.405611764757039306e-01 0 0 0 0 0 0
2281 8206 14131 1.126446550054117229e-01 1.049736039207361041e-02 1.403062480476716667e-01 0 0 0 0 0 0
2282 8207 14132 1.073470316790703788e-01 9.059247164472003164e-03 1.382919971188934782e-01 0 0 0 0 0 0
2283 8208 14133 1.078711220568632778e-01 9.582274244899170387e-03 1.385360732514131776e-01 0 0 0 0 0 0
2284 8209 14134 1.064956242416557203e-01 9.807718693035007845e-03 1.369391739961050014e-01 0 0 0 0 0 0
2285 8210 14135 1.065148191213044077e-01 9.537048168520011540e-03 1.371215412995549776e-01 0 0 0 0 0 0
2286 8211 14136 1.062639681944999304e-01 6.270028925965181674e-03 1.374022928166292457e-01 0 0 0 0 0 0
2287 8212 14137 1.254610680433868308e-01 0.000000000000000000e+00 1.406075022359579429e-01 0 0 0 0 0 0
2288 8213 14138 1.238443694811723200e-01 5.669753025951729947e-03 1.414972509065753059e-01 0 0 0 0 0 0
2289 8214 14139 1.126077976983659301e-01 1.038020763408020568e-02 1.398558207291925037e-01 0 0 0 0 0 0
2290 8215 14140 1.052292686093300178e-01 0.000000000000000000e+00 1.357391541586871753e-01 0 0 0 0 0 0
2291 8216 14141 1.285008421795671707e-01 4.318401610277813885e-03 1.401413328642702461e-01 0 0 0 0 0 0
2292 8217 14142 1.297989917241378632e-01 0.000000000000000000e+00 1.394457657561991026e-01 0 0 0 0 0 0
2293 8218 14143 1.350725623190385805e-01 4.822321057487707376e-03 1.300547562170033256e-01 0 0 0 0 0 0
2294 8219 14144 1.235980663200054591e-01 9.973604681661748378e-03 1.272223689114526934e-01 0 0 0 0 0 0
2295 8220 14145 1.116836562651333520e-01 1.289598957696402697e-02 1.325062043426739056e-01 0 0 0 0 0 0
2296 8221 14146 1.057163896368769618e-01 1.092808497591158702e-02 1.333992518423480766e-01 0 0 0 0 0 0
2297 8222 14147 1.034218128453831959e-01 0.000000000000000000e+00 1.285456668114132173e-01 0 0 0 0 0 0
2298 8223 14148 1.029401564907691941e-01 1.220185223566558341e-02 1.303259333402977393e-01 0 0 0 0 0 0
2299 8224 14149 1.035181959332719670e-01 1.239058159406251219e-02 1.310534833124208931e-01 0 0 0 0 0 0
2300 8225 14150 1.115089054849835587e-01 1.376417536196365525e-02 1.314002854072311433e-01 0 0 0 0 0 0
2301 8226 14151 1.031395572991199577e-01 0.000000000000000000e+00 1.282082006159375731e-01 0 0 0 0 0 0
2302 8227 14152 7.890426271080321075e-02 0.000000000000000000e+00 1.209742169560429487e-01 0 0 0 0 0 0
2303 8228 14153 1.013404830553125691e-01 1.335510722169378980e-02 1.309088792057528372e-01 0 0 0 0 0 0
2304 8229 14154 9.609363778361668107e-02 1.524783695021573841e-02 1.325003841714244568e-01 0 0 0 0 0 0
2305 8230 14155 8.560832403662499424e-02 1.125130733779540135e-02 1.343615309600807162e-01 0 0 0 0 0 0
2306 8231 14156 7.889803074188295184e-02 5.433966260632123665e-03 1.349997647709104687e-01 0 0 0 0 0 0
2307 8232 14157 7.564218464139398079e-02 0.000000000000000000e+00 1.348665433715390272e-01 0 0 0 0 0 0
2308 8233 14158 7.472885707673282418e-02 0.000000000000000000e+00 1.307046387272278176e-01 0 0 0 0 0 0
2309 8234 14159 7.451799991977460513e-02 5.392576261372816889e-04 1.325864535101057007e-01 0 0 0 0 0 0
2310 8235 14160 7.437547247996616206e-02 0.000000000000000000e+00 1.328593674979149097e-01 0 0 0 0 0 0
2311 8236 14161 9.642061442234005353e-02 1.657948312504479993e-02 1.305430830870740189e-01 0 0 0 0 0 0
2312 8237 14162 9.473086574679599747e-02 1.751155491687062318e-02 1.292437579568228856e-01 0 0 0 0 0 0
2313 8238 14163 9.316498075624650432e-02 1.723912025479739860e-02 1.321904676692870484e-01 0 0 0 0 0 0
2314 8239 14164 9.411006369641436442e-02 1.762219577497145181e-02 1.309757615952444054e-01 0 0 0 0 0 0
2315 8240 14165 1.266283114247834518e-01 4.820333089025081313e-02 1.115395366506349295e-01 0 0 0 0 0 0
2316 8241 14166 1.267531249608783717e-01 4.834915227134277405e-02 1.104684504117789123e-01 0 0 0 0 0 0
2317 8242 14167 1.247709973074838247e-01 3.478140627017573677e-02 1.038213509280728059e-01 0 0 0 0 0 0
2318 8243 14168 1.247320405817806677e-01 3.945307413869915403e-02 1.066961818710249477e-01 0 0 0 0 0 0
2319 8244 14169 1.247232099402860450e-01 3.943396605588825321e-02 1.067435548780106130e-01 0 0 0 0 0 0
2320 8245 14170 1.251486363172087668e-01 3.376238709899231916e-02 1.044211718256007060e-01 0 0 0 0 0 0
2321 8246 14171 1.248913637063028548e-01 3.451053478725273072e-02 1.056122600242971610e-01 0 0 0 0 0 0
2322 8247 14172 1.247523484155841217e-01 3.470046975449914139e-02 1.038986470635095416e-01 0 0 0 0 0 0
2323 8248 14173 1.246307897969941847e-01 3.509562855097044659e-02 1.049196964259289516e-01 0 0 0 0 0 0
2324 8249 14174 6.549193558363315681e-02 2.445171260825223028e-02 1.784428581525765167e-01 0 0 0 0 0 0
2325 8250 14175 7.155669770192712997e-02 1.520883894691376498e-02 1.757114828897018421e-01 0 0 0 0 0 0
2326 8251 14176 7.124502736659943380e-02 1.553100757151879875e-02 1.754257757916247995e-01 0 0 0 0 0 0
2327 8252 14177 7.082295364430835072e-02 2.226852709331140004e-02 1.695802892364599579e-01 0 0 0 0 0 0
2328 8253 14178 7.152197891688882869e-02 2.079730586425710195e-02 1.695999853889286757e-01 0 0 0 0 0 0
2329 8254 14179 7.035202757474429136e-02 2.831164376816066447e-02 1.695670201430073132e-01 0 0 0 0 0 0
2330 8255 14180 6.591829628365349081e-02 2.638944832819772185e-02 1.756273450179493267e-01 0 0 0 0 0 0
2331 8256 14181 6.746868824165692946e-02 2.703949932455714661e-02 1.717683418361382885e-01 0 0 0 0 0 0
2332 8257 14182 8.844962491825683615e-02 2.183891218223796976e-02 1.545426138245593328e-01 0 0 0 0 0 0
2333 8258 14183 8.820303932667146463e-02 1.707743651011979849e-02 1.570141515439066326e-01 0 0 0 0 0 0
2334 8259 14184 8.867940883033813282e-02 1.743806006435611594e-02 1.574395713355058735e-01 0 0 0 0 0 0
2335 8260 14185 8.689786258979684264e-02 2.198458931337941152e-02 1.523799144629328084e-01 0 0 0 0 0 0
2336 8261 14186 8.590491351017921773e-02 1.952178415268843170e-02 1.524999630269117390e-01 0 0 0 0 0 0
2337 8262 14187 8.870396821987984459e-02 1.664188490366971460e-02 1.582772057104785135e-01 0 0 0 0 0 0
2338 8263 14188 8.852694680479919476e-02 1.644190820712516585e-02 1.581851602221598929e-01 0 0 0 0 0 0
2339 8264 14189 6.663524443525657703e-02 3.124447792397974655e-02 1.652090228370608760e-01 0 0 0 0 0 0
2340 8265 14190 7.074983749426135005e-02 2.074519166628351757e-02 1.693443317616170618e-01 0 0 0 0 0 0
2341 8266 14191 8.302690819163298375e-02 2.572560675717073739e-02 1.525382164103005200e-01 0 0 0 0 0 0
2342 8267 14192 4.912282401907058088e-02 2.511192487642117943e-02 1.702055448612933564e-01 0 0 0 0 0 0
2343 8268 14193 5.473439599585958049e-02 3.011232339020934387e-02 1.723486200586413775e-01 0 0 0 0 0 0
2344 8269 14194 5.810392629427623551e-02 2.732935922016098071e-02 1.719600681176633172e-01 0 0 0 0 0 0
2345 8270 14195 5.827543827200150350e-02 1.225502782451259182e-02 1.676160409708293275e-01 0 0 0 0 0 0
2346 8271 14196 5.496276737628067593e-02 9.205123890709031656e-03 1.663225358831008915e-01 0 0 0 0 0 0
2347 8272 14197 5.396157662741425665e-02 9.615282397322927332e-03 1.663173041644979422e-01 0 0 0 0 0 0
2348 8273 14198 4.944596853914833695e-02 1.338224369939277313e-02 1.668488527223616624e-01 0 0 0 0 0 0
2349 8274 14199 4.520608630366649422e-02 1.768690682998184244e-02 1.726676659715566664e-01 0 0 0 0 0 0
2350 8275 14200 5.710161453766936929e-02 2.789932439573615183e-02 1.776004062386834781e-01 0 0 0 0 0 0
2351 8276 14201 5.821121198976228484e-02 2.352113742867317434e-02 1.834225657372085816e-01 0 0 0 0 0 0
2352 8277 14202 5.594663008388199577e-02 1.968782356957007873e-02 1.843837335374571007e-01 0 0 0 0 0 0
2353 8278 14203 4.665564708652195081e-02 1.327957049522603648e-02 1.789536917005090932e-01 0 0 0 0 0 0
2354 8279 14204 4.490514600581061583e-02 1.365910108086447819e-02 1.763344205728957781e-01 0 0 0 0 0 0
2355 8280 14205 4.429698695094542310e-02 1.387862984284339227e-02 1.753362471687276714e-01 0 0 0 0 0 0
2356 8281 14206 6.011179759018679680e-02 2.547506092229140373e-02 1.759269016865267210e-01 0 0 0 0 0 0
2357 8282 14207 6.002548142242099261e-02 2.561203762320008598e-02 1.745295218026556849e-01 0 0 0 0 0 0
2358 8283 14208 6.037119273966771310e-02 2.034136044924019296e-02 1.734710115911411998e-01 0 0 0 0 0 0
2359 8284 14209 6.034080539683352173e-02 1.401945514520971936e-02 1.714843620898612309e-01 0 0 0 0 0 0
2360 8285 14210 5.964341201408718957e-02 1.318403420825084611e-02 1.701047302442400821e-01 0 0 0 0 0 0
2361 8286 14211 6.016421237585349580e-02 2.514566805602631849e-02 1.764284345907231044e-01 0 0 0 0 0 0
2362 8287 14212 5.861705009761987439e-02 1.628061493639162971e-02 1.831096071262595382e-01 0 0 0 0 0 0
2363 8288 14213 5.852217916818836657e-02 1.714171438015285945e-02 1.840032012552790253e-01 0 0 0 0 0 0
2364 8289 14214 5.893934396528885400e-02 2.277226405020455272e-02 1.833179848730361605e-01 0 0 0 0 0 0
2365 8290 14215 6.028350001103167238e-02 1.354879833713790692e-02 1.716828034919366253e-01 0 0 0 0 0 0
2366 8291 14216 5.990801750657252095e-02 1.282123309624111883e-02 1.737947900304804838e-01 0 0 0 0 0 0
2367 8292 14217 5.489404612093376490e-02 9.024673043263008176e-03 1.669887831099217956e-01 0 0 0 0 0 0
2368 8293 14218 4.731922897780790199e-02 1.210000097899321080e-02 1.786842811297592593e-01 0 0 0 0 0 0
2369 8294 14219 4.737062257683248567e-02 1.219234420157298826e-02 1.788873119704284809e-01 0 0 0 0 0 0
2370 8295 14220 5.798927908398473358e-02 1.658167275501387997e-02 1.841940899886728156e-01 0 0 0 0 0 0
2371 8296 14221 5.813003835489370663e-02 1.659692954815580185e-02 1.841573595722050816e-01 0 0 0 0 0 0
2372 8297 14222 5.306577107764627599e-02 9.272922464567956435e-03 1.685793781501455646e-01 0 0 0 0 0 0
2373 8298 14223 4.725870039313615628e-02 1.087926925197731792e-02 1.756715048539759794e-01 0 0 0 0 0 0
2374 8299 14224 4.672089051911695878e-02 1.418193485654779817e-02 1.700861573920617598e-01 0 0 0 0 0 0
2375 8300 14225 4.439645812564583377e-02 1.369688330613541213e-02 1.751575638250872091e-01 0 0 0 0 0 0
2376 8301 14226 4.766509151877720146e-02 3.382668902662133020e-02 1.573732027081485019e-01 0 0 0 0 0 0
2377 8302 14227 4.828094731567658671e-02 3.445486421907052732e-02 1.575585873295154982e-01 0 0 0 0 0 0
2378 8303 14228 5.511746495479442898e-02 3.630035375976357892e-02 1.662561573590829733e-01 0 0 0 0 0 0
2379 8304 14229 5.430869447688423807e-02 3.074901785055302733e-02 1.721326029859349405e-01 0 0 0 0 0 0
2380 8305 14230 4.908769098990274637e-02 2.573502053378417392e-02 1.701577077028879892e-01 0 0 0 0 0 0
2381 8306 14231 6.114369583070346226e-02 3.117380248948305524e-02 1.657001417048228620e-01 0 0 0 0 0 0
2382 8307 14232 5.908963796591568118e-02 1.163631868159979363e-02 1.655091025991013431e-01 0 0 0 0 0 0
2383 8308 14233 6.056809960877247712e-02 1.178570539480300675e-02 1.620154286166547442e-01 0 0 0 0 0 0
2384 8309 14234 5.959878975207425628e-02 1.031043975081238212e-02 1.625275558868906067e-01 0 0 0 0 0 0
2385 8310 14235 4.112942293593437743e-02 2.338601208680661861e-02 1.738690448949211931e-01 0 0 0 0 0 0
2386 8311 14236 4.391929838351785187e-02 1.410171338151727100e-02 1.755916703131102929e-01 0 0 0 0 0 0
2387 8312 14237 6.279776229419906097e-02 1.578812030237169983e-02 1.716960661760302542e-01 0 0 0 0 0 0
2388 8313 14238 6.888789111877190174e-02 1.203592649743799939e-02 1.760743889888605473e-01 0 0 0 0 0 0
2389 8314 14239 6.877724357683581702e-02 1.183254488514917484e-02 1.766647679723478415e-01 0 0 0 0 0 0
2390 8315 14240 6.238221684717810966e-02 1.152397795058457582e-02 1.775604803777905416e-01 0 0 0 0 0 0
2391 8316 14241 5.822682068153407081e-02 1.460405700893070875e-02 1.860796256462269593e-01 0 0 0 0 0 0
2392 8317 14242 4.755200971566858614e-02 1.068223369629722405e-02 1.803271099747597028e-01 0 0 0 0 0 0
2393 8318 14243 5.700853878906528976e-02 0.000000000000000000e+00 1.712236028370854868e-01 0 0 0 0 0 0
2394 8319 14244 4.769133319192900983e-02 6.415179313909226758e-03 1.757491879167509818e-01 0 0 0 0 0 0
2395 8320 14245 4.852212724418816792e-02 0.000000000000000000e+00 1.794078592499550873e-01 0 0 0 0 0 0
2396 8321 14246 4.145421445953367118e-02 3.438435517986447587e-02 1.564921130135020766e-01 0 0 0 0 0 0
2397 8322 14247 3.880315654742605425e-02 0.000000000000000000e+00 1.741532368326988156e-01 0 0 0 0 0 0
2398 8323 14248 6.989896710458592954e-02 7.123003324544635237e-03 1.788084912566929585e-01 0 0 0 0 0 0
2399 8324 14249 1.499999999999999944e-01 8.257052153813640438e-02 2.422858579398546111e-02 0 0 0 0 0 0
2400 8325 14250 1.414582281569177480e-01 8.864421743586334279e-02 3.202354241075582031e-02 0 0 0 0 0 0
2401 8326 14251 1.412299110818656112e-01 8.068815530944703496e-02 2.945355233075297799e-02 0 0 0 0 0 0
2402 8327 14252 1.413710244158504492e-01 8.911689733706253114e-02 3.263017787382631318e-02 0 0 0 0 0 0
2403 8328 14253 1.426547363494221898e-01 9.445108298020579718e-02 3.947605003704446336e-02 0 0 0 0 0 0
2404 8329 14254 1.499999999999999944e-01 9.277597720373341461e-02 3.732622609525141494e-02 0 0 0 0 0 0
2405 8330 14255 1.406808053599905295e-01 7.840909002426535435e-02 3.089638386526717684e-02 0 0 0 0 0 0
2406 8331 14256 1.499999999999999944e-01 7.363498430538903405e-02 5.306147308744903202e-02 0 0 0 0 0 0
2407 8332 14257 1.434781844156462483e-01 7.600115643021097822e-02 4.929935209707231314e-02 0 0 0 0 0 0
2408 8333 14258 1.437325305598430858e-01 7.812268131002830795e-02 5.039133582682141232e-02 0 0 0 0 0 0
2409 8334 14259 1.499999999999999944e-01 8.424610974267550401e-02 5.759227714961036304e-02 0 0 0 0 0 0
2410 8335 14260 1.499999999999999944e-01 9.453691097636983398e-02 5.855167636822299765e-02 0 0 0 0 0 0
2411 8336 14261 1.489260403547062461e-01 9.474402935161981010e-02 5.841037181439940468e-02 0 0 0 0 0 0
2412 8337 14262 1.499999999999999944e-01 9.314572073419484510e-02 5.917379356342126334e-02 0 0 0 0 0 0
2413 8338 14263 1.450843767206555779e-01 9.522305981000371566e-02 5.474865843086660494e-02 0 0 0 0 0 0
2414 8339 14264 1.443710341874529235e-01 6.981969633132643904e-02 4.193142262216306704e-02 0 0 0 0 0 0
2415 8340 14265 1.427887175916447426e-01 7.370901264975338041e-02 4.548025814596721311e-02 0 0 0 0 0 0
2416 8341 14266 1.407313852185114456e-01 7.353893642906744743e-02 3.242785393145507927e-02 0 0 0 0 0 0
2417 8342 14267 1.412216995394502961e-01 7.314019892829666525e-02 3.564766782414247742e-02 0 0 0 0 0 0
2418 8343 14268 1.206037552420850117e-01 6.498202525266938423e-02 2.483276573631719789e-02 0 0 0 0 0 0
2419 8344 14269 1.343907136200640229e-01 7.521757866196007725e-02 3.288052692233742191e-02 0 0 0 0 0 0
2420 8345 14270 1.273421816276296137e-01 7.521060404098209307e-02 3.458340293475491850e-02 0 0 0 0 0 0
2421 8346 14271 1.387493158995548037e-01 7.464021128914545555e-02 3.306042574873221951e-02 0 0 0 0 0 0
2422 8347 14272 1.188852902550421864e-01 7.003201255700829131e-02 3.585272816375151272e-02 0 0 0 0 0 0
2423 8348 14273 1.209246179674099836e-01 7.357356826715806541e-02 3.959017832069171294e-02 0 0 0 0 0 0
2424 8349 14274 1.182339309864812449e-01 6.635438133242411995e-02 3.016803797071256066e-02 0 0 0 0 0 0
2425 8350 14275 1.176042185369487320e-01 5.533619298679166160e-02 4.696499628642716861e-02 0 0 0 0 0 0
2426 8351 14276 1.192381059952367095e-01 6.860947542718533188e-02 4.913185536003839698e-02 0 0 0 0 0 0
2427 8352 14277 1.195379058484860035e-01 6.921350608920953662e-02 4.916370630220256999e-02 0 0 0 0 0 0
2428 8353 14278 3.681348485602396053e-02 1.147186276753142387e-01 2.321491497933945297e-02 0 0 0 0 0 0
2429 8354 14279 3.451833938530676077e-02 1.166757006689201348e-01 2.888647183988982126e-02 0 0 0 0 0 0
2430 8355 14280 3.367212471734656876e-02 1.169434610166842081e-01 2.886168390817055521e-02 0 0 0 0 0 0
2431 8356 14281 3.922328811798751758e-02 1.173546111578826767e-01 3.108060514974383265e-02 0 0 0 0 0 0
2432 8357 14282 4.554041654255069210e-02 1.244038362748680487e-01 3.984898507726227640e-02 0 0 0 0 0 0
2433 8358 14283 5.171612730367018684e-02 1.314549503574888312e-01 3.482335323035590929e-02 0 0 0 0 0 0
2434 8359 14284 5.630395142798471503e-02 1.367082866625304871e-01 2.979643615834487447e-02 0 0 0 0 0 0
2435 8360 14285 3.999833539064774623e-02 1.270567542196670008e-01 4.053973509941929954e-02 0 0 0 0 0 0
2436 8361 14286 3.887633951271714933e-02 1.300855843212730123e-01 3.961989142343797649e-02 0 0 0 0 0 0
2437 8362 14287 3.842344822803631099e-02 1.309406433904598543e-01 3.916085509305329559e-02 0 0 0 0 0 0
2438 8363 14288 3.698698274552916776e-02 1.499999999999999944e-01 2.633651686547488005e-02 0 0 0 0 0 0
2439 8364 14289 5.376862059320638987e-02 1.499999999999999944e-01 2.131208174604124969e-02 0 0 0 0 0 0
2440 8365 14290 1.022298326690936759e-01 1.077866730384878374e-01 0.000000000000000000e+00 0 0 0 0 0 0
2441 8366 14291 1.083691069301582627e-01 1.071924100233997701e-01 9.043352683776836529e-03 0 0 0 0 0 0
2442 8367 14292 1.083487174006098064e-01 1.105955464473762084e-01 1.484879995116750520e-02 0 0 0 0 0 0
2443 8368 14293 1.037258908281111919e-01 1.183528943952784906e-01 2.058100207546944421e-02 0 0 0 0 0 0
2444 8369 14294 8.718311757031221854e-02 1.224724937660176677e-01 5.336960392845000855e-04 0 0 0 0 0 0
2445 8370 14295 8.721111460548880423e-02 1.221346866491485328e-01 0.000000000000000000e+00 0 0 0 0 0 0
2446 8371 14296 8.427100038485771383e-02 1.178563358545592632e-01 3.946941179061955185e-03 0 0 0 0 0 0
2447 8372 14297 8.447805204515901334e-02 1.153580883091241127e-01 0.000000000000000000e+00 0 0 0 0 0 0
2448 8373 14298 1.094795073670696700e-01 9.832933670210033950e-02 1.176338231399791726e-02 0 0 0 0 0 0
2449 8374 14299 1.092913297951914608e-01 9.924804974367780475e-02 1.024840609443428488e-02 0 0 0 0 0 0
2450 8375 14300 1.022825808116564483e-01 1.038031172199695151e-01 0.000000000000000000e+00 0 0 0 0 0 0
2451 8376 14301 9.790049753551890999e-02 1.025350610861329309e-01 0.000000000000000000e+00 0 0 0 0 0 0
2452 8377 14302 1.094635546862760961e-01 1.009919360985028214e-01 1.630553944913247857e-02 0 0 0 0 0 0
2453 8378 14303 1.067939742507112710e-01 1.054716335279471257e-01 1.961575980971775462e-02 0 0 0 0 0 0
2454 8379 14304 1.002787143113727519e-01 1.138699807742492298e-01 2.334583730267624987e-02 0 0 0 0 0 0
2455 8380 14305 1.027149872267737740e-01 1.153781434424237667e-01 2.354949196736092973e-02 0 0 0 0 0 0
2456 8381 14306 1.283164537282781570e-01 9.647522162363120213e-02 0.000000000000000000e+00 0 0 0 0 0 0
2457 8382 14307 1.286052168447839594e-01 9.571578122495791319e-02 2.691448843733651019e-03 0 0 0 0 0 0
2458 8383 14308 1.279810301222853719e-01 9.539813169374448953e-02 4.649401939737889122e-03 0 0 0 0 0 0
2459 8384 14309 1.170398600458058824e-01 9.703533584128405665e-02 1.037418767130413207e-02 0 0 0 0 0 0
2460 8385 14310 1.204119728173709408e-01 1.162500056664578230e-01 7.302636493751472370e-03 0 0 0 0 0 0
2461 8386 14311 1.174309163970476549e-01 1.237557636526085830e-01 6.223211765478635533e-03 0 0 0 0 0 0
2462 8387 14312 1.157744318440669801e-01 1.279968945728219287e-01 0.000000000000000000e+00 0 0 0 0 0 0
2463 8388 14313 1.263768034987432232e-01 9.552480786274542002e-02 8.876459278779808004e-03 0 0 0 0 0 0
2464 8389 14314 1.247841127955036378e-01 9.951647078121686474e-02 9.772831421060005491e-03 0 0 0 0 0 0
2465 8390 14315 1.251945201520378581e-01 9.567287977021021739e-02 1.035685505593175217e-02 0 0 0 0 0 0
2466 8391 14316 1.173272805672420371e-01 1.270067408511543205e-01 1.205456625355297989e-02 0 0 0 0 0 0
2467 8392 14317 1.082264276090832700e-01 1.262769822033680267e-01 1.910035578620604066e-02 0 0 0 0 0 0
2468 8393 14318 8.766464903777129725e-02 1.238097991004581677e-01 0.000000000000000000e+00 0 0 0 0 0 0
2469 8394 14319 1.151271227755802096e-01 1.313983566904079192e-01 0.000000000000000000e+00 0 0 0 0 0 0
2470 8395 14320 1.160196685503932790e-01 1.302945166809582889e-01 2.849070438395536874e-03 0 0 0 0 0 0
2471 8396 14321 1.176809543320627566e-01 1.275896074252768353e-01 1.011070450963024933e-02 0 0 0 0 0 0
2472 8397 14322 1.176042318412023890e-01 1.271753321301028750e-01 1.139927825955769879e-02 0 0 0 0 0 0
2473 8398 14323 1.153964282720140039e-01 1.311198393742624146e-01 0.000000000000000000e+00 0 0 0 0 0 0
2474 8399 14324 1.177550724892365563e-01 1.265457226308757954e-01 9.826340895607261344e-03 0 0 0 0 0 0
2475 8400 14325 1.184832012385129002e-01 1.280350467989889718e-01 1.035368915839786526e-02 0 0 0 0 0 0
2476 8401 14326 1.443628127279655837e-01 1.245941463044939329e-01 1.315595451589686264e-02 0 0 0 0 0 0
2477 8402 14327 1.491047731838034129e-01 1.242301099814337034e-01 1.267119321399436289e-02 0 0 0 0 0 0
2478 8403 14328 1.499999999999999944e-01 1.243442032233305072e-01 1.189475252189084106e-02 0 0 0 0 0 0
2479 8404 14329 1.499999999999999944e-01 1.275191383316649496e-01 0.000000000000000000e+00 0 0 0 0 0 0
2480 8405 14330 1.472599033350426856e-01 1.214382041202497625e-01 1.268617806415183250e-02 0 0 0 0 0 0
2481 8406 14331 1.499999999999999944e-01 1.051577402603371542e-01 0.000000000000000000e+00 0 0 0 0 0 0
2482 8407 14332 1.434816991029087829e-01 9.520796772674156028e-02 0.000000000000000000e+00 0 0 0 0 0 0
2483 8408 14333 1.399763912853274339e-01 9.784594151964251529e-02 4.952578475898917511e-03 0 0 0 0 0 0
2484 8409 14334 1.301582036619327032e-01 9.433767275473385616e-02 2.528310691576473798e-03 0 0 0 0 0 0
2485 8410 14335 1.322119954974042555e-01 9.294269300317913041e-02 0.000000000000000000e+00 0 0 0 0 0 0
2486 8411 14336 1.311825736870713965e-01 9.360748690135839434e-02 2.471270436279670614e-03 0 0 0 0 0 0
2487 8412 14337 1.330703160643817717e-01 9.232950361874144030e-02 0.000000000000000000e+00 0 0 0 0 0 0
2488 8413 14338 1.113419590569292017e-01 9.613533620473256602e-02 1.665503631523841330e-02 0 0 0 0 0 0
2489 8414 14339 1.116541345811253305e-01 9.604891075446757298e-02 1.677036586346469099e-02 0 0 0 0 0 0
2490 8415 14340 1.234736018953329351e-01 9.510842940803568291e-02 1.324434151284047297e-02 0 0 0 0 0 0
2491 8416 14341 1.249617365792052848e-01 9.551070583760921939e-02 1.103793450652606166e-02 0 0 0 0 0 0
2492 8417 14342 1.101116336195959722e-01 9.739400220639939099e-02 1.309302133824088304e-02 0 0 0 0 0 0
2493 8418 14343 1.086652776750276356e-01 9.410213122957700183e-02 1.762403678662081280e-02 0 0 0 0 0 0
2494 8419 14344 1.116248216055335807e-01 9.445885170972030676e-02 1.788741804563974414e-02 0 0 0 0 0 0
2495 8420 14345 9.134003236203781795e-02 8.938898589898741642e-02 8.461664821930359529e-03 0 0 0 0 0 0
2496 8421 14346 9.444684355369126205e-02 8.735226162901338354e-02 1.537043951398390368e-02 0 0 0 0 0 0
2497 8422 14347 9.247779474782476250e-02 8.651257472192518116e-02 1.488463295476395894e-02 0 0 0 0 0 0
2498 8423 14348 1.227557835105970024e-01 9.359742350852277848e-02 1.454990015683135969e-02 0 0 0 0 0 0
2499 8424 14349 1.264817865455150625e-01 9.544997442002860211e-02 8.870613481223497965e-03 0 0 0 0 0 0
2500 8425 14350 1.339552416154400905e-01 8.540705325258170222e-02 0.000000000000000000e+00 0 0 0 0 0 0
2501 8426 14351 1.228130507290783741e-01 9.354444444664877789e-02 1.447753410788463896e-02 0 0 0 0 0 0
2502 8427 14352 1.227438517967047171e-01 9.358926129828826213e-02 1.455980137355150639e-02 0 0 0 0 0 0
2503 8428 14353 1.131708197274447214e-01 9.373275908144380886e-02 1.784595306371417056e-02 0 0 0 0 0 0
2504 8429 14354 9.583167730936574535e-02 7.618702094675432190e-02 0.000000000000000000e+00 0 0 0 0 0 0
2505 8430 14355 9.324665848940859314e-02 8.351908131942240021e-02 0.000000000000000000e+00 0 0 0 0 0 0
2506 8431 14356 1.318507194332158884e-02 9.888724199542570092e-02 8.337532528341501381e-02 0 0 0 0 0 0
2507 8432 14357 1.444160932349722488e-02 9.954441389948896768e-02 8.202478017150049983e-02 0 0 0 0 0 0
2508 8433 14358 2.517052796896169717e-02 9.342555071440444836e-02 8.072954565777377967e-02 0 0 0 0 0 0
2509 8434 14359 3.047033142077270121e-02 8.703754813933098355e-02 8.302661402564252835e-02 0 0 0 0 0 0
2510 8435 14360 2.982468247381888857e-02 8.589460808822083071e-02 8.442328676574306634e-02 0 0 0 0 0 0
2511 8436 14361 2.633122265340639978e-02 8.358715713545449011e-02 8.859730218574696226e-02 0 0 0 0 0 0
2512 8437 14362 2.588482737460785776e-02 8.357986859271232527e-02 8.887971931351978938e-02 0 0 0 0 0 0
2513 8438 14363 1.695676885615086601e-02 1.007800267035774550e-01 7.754293416263571825e-02 0 0 0 0 0 0
2514 8439 14364 2.977646976142798649e-02 8.394861831893550563e-02 8.330166624676724196e-02 0 0 0 0 0 0
2515 8440 14365 2.844845197552975033e-02 8.219004925532336081e-02 8.321883452336864551e-02 0 0 0 0 0 0
2516 8441 14366 0.000000000000000000e+00 7.322425949814764801e-02 7.723363055030285640e-02 0 0 0 0 0 0
2517 8442 14367 0.000000000000000000e+00 9.096296186512674298e-02 7.463157267775445691e-02 0 0 0 0 0 0
2518 8443 14368 0.000000000000000000e+00 9.125378851939551506e-02 8.111153841713059087e-02 0 0 0 0 0 0
2519 8444 14369 2.662394016964197974e-02 8.356000106645224135e-02 8.832201637838400787e-02 0 0 0 0 0 0
2520 8445 14370 0.000000000000000000e+00 7.542202856889854146e-02 8.343387038726232663e-02 0 0 0 0 0 0
2521 8446 14371 2.937343622890392983e-02 8.482697564427556236e-02 8.522230456731440251e-02 0 0 0 0 0 0
2522 8447 14372 3.601891252674326721e-02 6.378906709920324769e-02 1.620409220506438194e-02 0 0 0 0 0 0
2523 8448 14373 3.385761939341944138e-02 7.125425526091211381e-02 5.912966993630753600e-03 0 0 0 0 0 0
2524 8449 14374 3.191696851021040560e-02 7.054028771243629758e-02 5.569456923802077776e-03 0 0 0 0 0 0
2525 8450 14375 2.738107757053565711e-02 7.386023965532850788e-02 2.104961942180788581e-02 0 0 0 0 0 0
2526 8451 14376 3.811447477569523262e-02 6.752131840375451277e-02 1.799978433278296569e-02 0 0 0 0 0 0
2527 8452 14377 3.141444549128870334e-02 8.233708623291455253e-02 1.124523181325636639e-02 0 0 0 0 0 0
2528 8453 14378 3.179482150119360140e-02 8.223454792053137841e-02 1.119589771827955889e-02 0 0 0 0 0 0
2529 8454 14379 3.700721028515418370e-02 7.686375921163404734e-02 8.611858698065098794e-03 0 0 0 0 0 0
2530 8455 14380 3.806540117142505342e-02 7.303412086626796806e-02 1.378073072305671318e-02 0 0 0 0 0 0
2531 8456 14381 3.165658808146393915e-02 8.234092181965955992e-02 1.133937632122243751e-02 0 0 0 0 0 0
2532 8457 14382 3.166415084729241880e-02 8.233789388472574633e-02 1.132572399651725868e-02 0 0 0 0 0 0
2533 8458 14383 3.757178588346101605e-02 8.085352722878436094e-02 7.716814154925455069e-03 0 0 0 0 0 0
2534 8459 14384 3.917986054653159467e-02 8.090488973406630147e-02 0.000000000000000000e+00 0 0 0 0 0 0
2535 8460 14385 3.699206769551501017e-02 8.502103903836717713e-02 1.092285129015034030e-02 0 0 0 0 0 0
2536 8461 14386 3.720148240835437214e-02 9.884007088074690806e-02 0.000000000000000000e+00 0 0 0 0 0 0
2537 8462 14387 4.186019777132550523e-02 8.543873444654519200e-02 8.345048704004891585e-03 0 0 0 0 0 0
2538 8463 14388 4.121703118879769395e-02 8.491179323275184487e-02 9.017163332060072062e-03 0 0 0 0 0 0
2539 8464 14389 4.121369732037229172e-02 8.496256640191265919e-02 9.054609207840002075e-03 0 0 0 0 0 0
2540 8465 14390 4.180450712168458371e-02 8.542564199070296072e-02 8.423897105459826271e-03 0 0 0 0 0 0
2541 8466 14391 4.205560775012438801e-02 9.603128106000774489e-02 0.000000000000000000e+00 0 0 0 0 0 0
2542 8467 14392 3.661071163403124828e-02 6.918186169726342483e-02 0.000000000000000000e+00 0 0 0 0 0 0
2543 8468 14393 3.811534688855867242e-02 6.960703323758907213e-02 0.000000000000000000e+00 0 0 0 0 0 0
2544 8469 14394 3.787326270869872252e-02 7.712540611116164291e-02 8.027225133336543875e-03 0 0 0 0 0 0
2545 8470 14395 4.010373684581515497e-02 7.150355024910229340e-02 0.000000000000000000e+00 0 0 0 0 0 0
2546 8471 14396 3.307636591097799089e-02 9.018562857229760199e-02 2.286291186613945495e-02 0 0 0 0 0 0
2547 8472 14397 3.277127308944044470e-02 9.007267882782271640e-02 2.286878277908718088e-02 0 0 0 0 0 0
2548 8473 14398 3.279347177518653761e-02 9.003142935920567524e-02 2.285262042834932186e-02 0 0 0 0 0 0
2549 8474 14399 3.451468941506426191e-02 8.780728846698036827e-02 1.882821488811910887e-02 0 0 0 0 0 0
2550 8475 14400 3.310425903165713224e-02 9.008247583007948645e-02 2.282627855674542947e-02 0 0 0 0 0 0
2551 8476 14401 3.022334476136352005e-02 5.284533715259629588e-02 4.119769337321646518e-02 0 0 0 0 0 0
2552 8477 14402 3.746835677710405599e-02 5.503477094730110236e-02 5.364131292973659676e-02 0 0 0 0 0 0
2553 8478 14403 3.301983206423503986e-02 6.086648866657582563e-02 5.013317632343786828e-02 0 0 0 0 0 0
2554 8479 14404 3.603601074548681144e-02 6.023380277756649331e-02 3.631329653649405242e-02 0 0 0 0 0 0
2555 8480 14405 4.660134086293322986e-02 5.323606051964232394e-02 3.743352014287003315e-02 0 0 0 0 0 0
2556 8481 14406 3.327145956302802327e-02 6.362543405107627670e-02 3.843922004106514051e-02 0 0 0 0 0 0
2557 8482 14407 4.838186481805351047e-02 6.027181385795514490e-02 5.035636116760725672e-02 0 0 0 0 0 0
2558 8483 14408 5.235550111774417426e-02 5.426169167900399964e-02 4.554107455639497953e-02 0 0 0 0 0 0
2559 8484 14409 5.305290774069350290e-02 4.974778425304087620e-02 4.311463403038243852e-02 0 0 0 0 0 0
2560 8485 14410 3.433737953277411076e-02 6.485078784608173941e-02 4.769705502021566457e-02 0 0 0 0 0 0
2561 8486 14411 3.839482312055341601e-02 6.555431022448181266e-02 4.723238123477850603e-02 0 0 0 0 0 0
2562 8487 14412 3.802024213575985051e-02 6.290414171620506423e-02 3.038860832174822973e-02 0 0 0 0 0 0
2563 8488 14413 3.517265559662714064e-02 6.643354191033222500e-02 3.254745053472107158e-02 0 0 0 0 0 0
2564 8489 14414 4.127003911652567941e-02 9.028557045287927130e-02 2.220213804806018057e-02 0 0 0 0 0 0
2565 8490 14415 4.120668289750879093e-02 9.276712927564373379e-02 2.354703678216244281e-02 0 0 0 0 0 0
2566 8491 14416 4.171768284895279594e-02 8.572539617477205331e-02 1.073629126361716306e-02 0 0 0 0 0 0
2567 8492 14417 3.682682065679212385e-02 9.203569589050002164e-02 2.371545302692501869e-02 0 0 0 0 0 0
2568 8493 14418 3.595793245977497998e-02 9.152851171191403457e-02 2.355381875210361617e-02 0 0 0 0 0 0
2569 8494 14419 3.462647341086727559e-02 8.996679166803510375e-02 2.288352771750036541e-02 0 0 0 0 0 0
2570 8495 14420 3.633244231372044497e-02 8.957166339035681213e-02 2.245161478177006009e-02 0 0 0 0 0 0
2571 8496 14421 0.000000000000000000e+00 8.997602396829985916e-02 3.883132858699134271e-02 0 0 0 0 0 0
2572 8497 14422 0.000000000000000000e+00 9.252495863630817718e-02 3.813405096834126401e-02 0 0 0 0 0 0
2573 8498 14423 4.586197280829548174e-03 9.805304798886911588e-02 3.505384745375089012e-02 0 0 0 0 0 0
2574 8499 14424 2.415793369376600594e-02 9.154735029016118630e-02 3.014221139703314109e-02 0 0 0 0 0 0
2575 8500 14425 2.742693445798534760e-02 7.998702303500930533e-02 3.218698680105913645e-02 0 0 0 0 0 0
2576 8501 14426 2.741770673372339803e-02 7.659908275191140703e-02 3.311693468415943808e-02 0 0 0 0 0 0
2577 8502 14427 3.012554993994936287e-02 7.624671410523677084e-02 2.987669871294248644e-02 0 0 0 0 0 0
2578 8503 14428 2.922419310263870904e-02 7.569437157665342975e-02 3.113683231115683264e-02 0 0 0 0 0 0
2579 8504 14429 2.935576822776597011e-02 9.031591757153800692e-02 2.701037121392284648e-02 0 0 0 0 0 0
2580 8505 14430 3.665105749660675649e-02 9.201201497812563912e-02 2.415386709180014982e-02 0 0 0 0 0 0
2581 8506 14431 3.390835205236416433e-02 9.349166369514769204e-02 3.095160868208040109e-02 0 0 0 0 0 0
2582 8507 14432 6.431955481216651213e-03 9.876620644908376545e-02 3.641215041680779391e-02 0 0 0 0 0 0
2583 8508 14433 1.779682423201827540e-02 9.970954722924696423e-02 4.004192405243113539e-02 0 0 0 0 0 0
2584 8509 14434 1.288641691054058860e-02 1.115772784763399278e-01 3.310774626749282690e-02 0 0 0 0 0 0
2585 8510 14435 2.126215431259146152e-02 1.134175629341677705e-01 3.340472883921198621e-02 0 0 0 0 0 0
2586 8511 14436 2.704554551401579590e-02 9.943995823015482072e-02 4.157168122524259463e-02 0 0 0 0 0 0
2587 8512 14437 2.769269238474040412e-02 9.931747915399063986e-02 4.153645992543428950e-02 0 0 0 0 0 0
2588 8513 14438 2.976549010063142889e-02 9.936514246724850730e-02 4.113399267869716214e-02 0 0 0 0 0 0
2589 8514 14439 4.526808822326230247e-02 9.558209432406494788e-02 4.523194229090296559e-02 0 0 0 0 0 0
2590 8515 14440 4.684107791410727778e-02 9.551614805974613376e-02 4.537431132520515498e-02 0 0 0 0 0 0
2591 8516 14441 4.416513177768306014e-02 1.010776180108722277e-01 4.816707162097794148e-02 0 0 0 0 0 0
2592 8517 14442 3.735874793069118155e-02 9.879750822470512173e-02 4.612221205065185348e-02 0 0 0 0 0 0
2593 8518 14443 4.961049980467679282e-02 9.439682521728226527e-02 4.044519259085863766e-02 0 0 0 0 0 0
2594 8519 14444 5.282233820925268108e-02 9.484959829247877061e-02 3.395870670658720364e-02 0 0 0 0 0 0
2595 8520 14445 5.512540450931179697e-02 1.005273158578390974e-01 2.695360409173477509e-02 0 0 0 0 0 0
2596 8521 14446 5.512381924404592681e-02 1.006270157390963815e-01 2.691286569230278217e-02 0 0 0 0 0 0
2597 8522 14447 4.648573329613910066e-02 1.148270404663508104e-01 3.757822072298034471e-02 0 0 0 0 0 0
2598 8523 14448 4.685847443529813500e-02 9.373168326139293127e-02 2.490593045687403834e-02 0 0 0 0 0 0
2599 8524 14449 4.740935885580548070e-02 9.427567476526783896e-02 2.485992509822652907e-02 0 0 0 0 0 0
2600 8525 14450 2.871402507382223371e-02 1.275549529542480132e-01 5.167973167976448734e-02 0 0 0 0 0 0
2601 8526 14451 2.892819263316754805e-02 1.275754754184433570e-01 5.187910907764547302e-02 0 0 0 0 0 0
2602 8527 14452 2.893140221293186501e-02 1.274748942035870414e-01 5.195566919832739911e-02 0 0 0 0 0 0
2603 8528 14453 3.203963635921886627e-02 1.177811124540036197e-01 5.649694460934823886e-02 0 0 0 0 0 0
2604 8529 14454 3.772740029701842496e-02 1.138464244796774244e-01 5.385320770691702508e-02 0 0 0 0 0 0
2605 8530 14455 3.347558410751758778e-02 1.271067440825625894e-01 4.764110546338881647e-02 0 0 0 0 0 0
2606 8531 14456 2.600548260689546781e-02 1.272075373433413925e-01 4.833523726447466057e-02 0 0 0 0 0 0
2607 8532 14457 3.457646703181788128e-02 1.062638223287630940e-01 6.045460914766691979e-02 0 0 0 0 0 0
2608 8533 14458 2.560834264851355457e-02 9.797948775056469772e-02 4.987791426857617061e-02 0 0 0 0 0 0
2609 8534 14459 3.266470144903242667e-02 1.270027348976924819e-01 4.663983169497856740e-02 0 0 0 0 0 0
2610 8535 14460 3.944470919292087513e-02 1.060497887000803469e-01 5.653235085669971322e-02 0 0 0 0 0 0
2611 8536 14461 3.146514763482716193e-02 9.867864230322120900e-02 4.712153268985994764e-02 0 0 0 0 0 0
2612 8537 14462 3.047014772365459062e-02 9.842879048649834373e-02 4.732094085360626784e-02 0 0 0 0 0 0
2613 8538 14463 2.868281034218701439e-02 9.907734428187181530e-02 4.363326771489663136e-02 0 0 0 0 0 0
2614 8539 14464 8.065634620844404357e-02 1.804160227238316497e-02 6.481464205611754681e-02 0 0 0 0 0 0
2615 8540 14465 8.352408769246361109e-02 2.194772323073956172e-02 6.517710732160622578e-02 0 0 0 0 0 0
2616 8541 14466 7.122798623611047153e-02 2.961236723427215084e-02 6.123250714954827506e-02 0 0 0 0 0 0
2617 8542 14467 6.508577278087582241e-02 3.019406050320167650e-02 5.958001462162048484e-02 0 0 0 0 0 0
2618 8543 14468 6.664333317403245416e-02 3.177839746714287983e-02 6.108106002052587913e-02 0 0 0 0 0 0
2619 8544 14469 6.383942310530253683e-02 3.095358327519446423e-02 6.508795631913022461e-02 0 0 0 0 0 0
2620 8545 14470 7.057988076018703594e-02 3.927469891189810589e-03 7.989676904678121028e-02 0 0 0 0 0 0
2621 8546 14471 6.882436778218878337e-02 9.636311167800009833e-03 8.286891779085618637e-02 0 0 0 0 0 0
2622 8547 14472 6.673737837400998962e-02 1.405870459374098345e-02 8.491932734811530326e-02 0 0 0 0 0 0
2623 8548 14473 8.137104585467336282e-02 1.213006773600566746e-02 7.712674089496099339e-02 0 0 0 0 0 0
2624 8549 14474 7.328685292011152819e-02 5.708940923477603437e-03 7.973650588935156380e-02 0 0 0 0 0 0
2625 8550 14475 6.532940478156198938e-02 1.968154597449525353e-02 8.529234130564611327e-02 0 0 0 0 0 0
2626 8551 14476 5.814360389913863364e-02 2.737581355536173114e-02 7.685542992846206012e-02 0 0 0 0 0 0
2627 8552 14477 6.695613599041000397e-02 1.864938968613064421e-02 8.584881460857501922e-02 0 0 0 0 0 0
2628 8553 14478 8.376309444336006715e-02 1.577146142474784504e-02 7.674883768631751702e-02 0 0 0 0 0 0
2629 8554 14479 8.486618076567878366e-02 2.309761986738178424e-02 6.496105539930646655e-02 0 0 0 0 0 0
2630 8555 14480 8.935662416398708341e-02 1.982960800246250793e-02 7.718452851148374649e-02 0 0 0 0 0 0
2631 8556 14481 9.850346886833130644e-02 1.200160017171560817e-02 8.217886207869640192e-02 0 0 0 0 0 0
2632 8557 14482 1.013732480582069384e-01 8.992376708094870774e-03 7.434390608937885281e-02 0 0 0 0 0 0
2633 8558 14483 9.845675257377217715e-02 9.620134538489892237e-03 8.287018452812709712e-02 0 0 0 0 0 0
2634 8559 14484 9.718182565582854371e-02 3.622286855464947747e-03 8.427262255617358477e-02 0 0 0 0 0 0
2635 8560 14485 9.668533259662089041e-02 0.000000000000000000e+00 8.434192086207885353e-02 0 0 0 0 0 0
2636 8561 14486 8.498081549610306262e-02 0.000000000000000000e+00 8.092536953033530045e-02 0 0 0 0 0 0
2637 8562 14487 8.385764982863699868e-02 3.579174507287969948e-03 8.038584215247200626e-02 0 0 0 0 0 0
2638 8563 14488 7.245981086555192130e-02 0.000000000000000000e+00 8.051026403515765262e-02 0 0 0 0 0 0
2639 8564 14489 9.915788898940594565e-02 9.734048527630207240e-03 8.529084481789539485e-02 0 0 0 0 0 0
2640 8565 14490 9.908707043686848515e-02 1.416184384517939730e-02 8.345190993013677783e-02 0 0 0 0 0 0
2641 8566 14491 9.926086953207871599e-02 8.720673416904941092e-03 8.667887148164425681e-02 0 0 0 0 0 0
2642 8567 14492 9.873812436766271627e-02 6.056551312921388749e-03 8.745925880300162158e-02 0 0 0 0 0 0
2643 8568 14493 9.862855754439939227e-02 0.000000000000000000e+00 8.948066167029194995e-02 0 0 0 0 0 0
2644 8569 14494 6.501056136488855830e-02 3.376441097640347361e-02 6.832690738764629623e-02 0 0 0 0 0 0
2645 8570 14495 6.091692281021451882e-02 4.796861562542029112e-02 7.714674758819656253e-02 0 0 0 0 0 0
2646 8571 14496 5.326991757732392474e-02 4.317142796782947461e-02 8.576277685962266362e-02 0 0 0 0 0 0
2647 8572 14497 5.701595941007722712e-02 4.394970921289007709e-02 8.410386940261703470e-02 0 0 0 0 0 0
2648 8573 14498 4.790454625815555173e-02 3.946534126650317470e-02 8.709826618732377512e-02 0 0 0 0 0 0
2649 8574 14499 6.025428194721234310e-02 3.032822457174429165e-02 7.693014799081299149e-02 0 0 0 0 0 0
2650 8575 14500 4.471364690147031085e-02 3.429550986651026812e-02 8.670166011194006817e-02 0 0 0 0 0 0
2651 8576 14501 7.025061577842865723e-02 1.282854189067647588e-02 9.405282932141588448e-02 0 0 0 0 0 0
2652 8577 14502 6.811642294733312453e-02 1.387922596446066435e-02 8.743785412370232157e-02 0 0 0 0 0 0
2653 8578 14503 7.393620504729005172e-02 1.717876974174150154e-02 1.021905964806798794e-01 0 0 0 0 0 0
2654 8579 14504 7.493784527459318445e-02 2.342195393145732676e-02 1.017047313332203051e-01 0 0 0 0 0 0
2655 8580 14505 7.390284980434908002e-02 2.277591413123300143e-02 9.911266811973665214e-02 0 0 0 0 0 0
2656 8581 14506 9.566472092092463686e-02 1.400082805351955152e-02 9.551045782687843377e-02 0 0 0 0 0 0
2657 8582 14507 9.077060296161709729e-02 1.793188746506396702e-02 9.852267961688135345e-02 0 0 0 0 0 0
2658 8583 14508 7.575965321605411529e-02 2.407251296476268718e-02 1.011061054599456943e-01 0 0 0 0 0 0
2659 8584 14509 7.860847355175855367e-02 1.944131491568519554e-02 1.053614617189259500e-01 0 0 0 0 0 0
2660 8585 14510 7.531816110500182126e-02 2.369625040607955049e-02 1.019445901716781316e-01 0 0 0 0 0 0
2661 8586 14511 6.091836263165573834e-02 5.870514485224632463e-03 1.057414549681218036e-01 0 0 0 0 0 0
2662 8587 14512 5.144473206026557027e-02 1.289317591920561591e-02 1.077219334576967058e-01 0 0 0 0 0 0
2663 8588 14513 6.725578014674776783e-02 1.982753823370782612e-02 8.653569783182660236e-02 0 0 0 0 0 0
2664 8589 14514 6.349694613011599986e-02 7.062692626135893756e-03 1.050795656631266645e-01 0 0 0 0 0 0
2665 8590 14515 4.532719427973668641e-02 2.873349951772902547e-02 1.082046679792265653e-01 0 0 0 0 0 0
2666 8591 14516 4.621154943232851781e-02 2.867351239772022303e-02 1.083449342744508825e-01 0 0 0 0 0 0
2667 8592 14517 7.256447653507817896e-02 1.534684470940559688e-02 1.025901035219341645e-01 0 0 0 0 0 0
2668 8593 14518 6.623158470683715437e-02 0.000000000000000000e+00 1.122842521509925667e-01 0 0 0 0 0 0
2669 8594 14519 7.898228590609455979e-02 1.910258337438459561e-02 1.062073556567083160e-01 0 0 0 0 0 0
2670 8595 14520 7.494195099306584507e-02 5.696038859002551871e-04 1.223525769289034448e-01 0 0 0 0 0 0
2671 8596 14521 7.506475281330320104e-02 0.000000000000000000e+00 1.227354980071353602e-01 0 0 0 0 0 0
2672 8597 14522 7.312923204935267707e-02 0.000000000000000000e+00 1.207711944996902598e-01 0 0 0 0 0 0
2673 8598 14523 6.246538591923184169e-02 0.000000000000000000e+00 1.063622972933602057e-01 0 0 0 0 0 0
2674 8599 14524 6.200639259345795684e-02 3.450552346692676263e-03 1.073612480154912813e-01 0 0 0 0 0 0
2675 8600 14525 6.270583865299488024e-02 0.000000000000000000e+00 1.105720215752739877e-01 0 0 0 0 0 0
2676 8601 14526 6.157262697606498414e-02 0.000000000000000000e+00 1.117706964938035702e-01 0 0 0 0 0 0
2677 8602 14527 4.121897357494341829e-02 4.980574107667611050e-02 0.000000000000000000e+00 0 0 0 0 0 0
2678 8603 14528 3.945731669724675261e-02 4.907663035916488142e-02 2.567280747127537698e-03 0 0 0 0 0 0
2679 8604 14529 3.527371689129726179e-02 4.797960695563351086e-02 3.253641678623024787e-03 0 0 0 0 0 0
2680 8605 14530 3.144083949888872714e-02 4.703129297926954278e-02 3.398591607317050668e-03 0 0 0 0 0 0
2681 8606 14531 2.709521999552021165e-02 4.637393915782644233e-02 0.000000000000000000e+00 0 0 0 0 0 0
2682 8607 14532 2.682409307926073017e-02 6.257230867747684555e-02 6.382317225253861552e-04 0 0 0 0 0 0
2683 8608 14533 2.879011861497772495e-02 6.267356069176498179e-02 0.000000000000000000e+00 0 0 0 0 0 0
2684 8609 14534 2.650937393394001487e-02 6.240933572613599489e-02 0.000000000000000000e+00 0 0 0 0 0 0
2685 8610 14535 2.985287016063093574e-02 5.286382064888730387e-02 1.129853348746728478e-02 0 0 0 0 0 0
2686 8611 14536 2.685807700572803020e-02 4.959936279958030575e-02 5.911848042877064675e-03 0 0 0 0 0 0
2687 8612 14537 2.379338389282452393e-02 4.725567035140360028e-02 0.000000000000000000e+00 0 0 0 0 0 0
2688 8613 14538 3.558360564331999876e-02 6.115502621765945418e-02 0.000000000000000000e+00 0 0 0 0 0 0
2689 8614 14539 3.801847637928080365e-02 5.335025460318844337e-02 8.569946254422212625e-03 0 0 0 0 0 0
2690 8615 14540 3.035295692874405427e-02 5.263653938351403605e-02 1.143486146153589733e-02 0 0 0 0 0 0
2691 8616 14541 4.485056734372856735e-02 5.352647050412416563e-02 0.000000000000000000e+00 0 0 0 0 0 0
2692 8617 14542 4.142783356745499690e-02 5.243802461837707152e-02 5.771085242353338370e-03 0 0 0 0 0 0
2693 8618 14543 2.987983209474533164e-02 5.036170409638164591e-02 8.845768270190890875e-03 0 0 0 0 0 0
2694 8619 14544 3.170293438383027518e-02 4.750001578393246715e-02 4.405768805453405372e-03 0 0 0 0 0 0
2695 8620 14545 3.925493979595133520e-02 4.734204369853166339e-02 3.351093314851341046e-03 0 0 0 0 0 0
2696 8621 14546 2.077360403293214766e-02 6.393242763346969337e-02 0.000000000000000000e+00 0 0 0 0 0 0
2697 8622 14547 1.727232307418314836e-02 4.784155860713965730e-02 0.000000000000000000e+00 0 0 0 0 0 0
2698 8623 14548 3.367977750302833528e-02 6.412707910642047315e-02 0.000000000000000000e+00 0 0 0 0 0 0
2699 8624 14549 1.953597261294146362e-02 4.718574446127395822e-02 0.000000000000000000e+00 0 0 0 0 0 0
2700 8625 14550 4.723714577440186330e-02 5.976048669049208173e-02 0.000000000000000000e+00 0 0 0 0 0 0
2701 8626 14551 4.534448282171753275e-02 5.375585020252741236e-02 0.000000000000000000e+00 0 0 0 0 0 0
2702 8627 14552 9.806362586542769974e-03 1.205214884281453763e-01 7.184410485203761298e-02 0 0 0 0 0 0
2703 8628 14553 2.009324841642860099e-02 1.176130167270911936e-01 7.425502497671354618e-02 0 0 0 0 0 0
2704 8629 14554 2.324979134296262240e-02 1.224520100632051633e-01 8.238569555298351499e-02 0 0 0 0 0 0
2705 8630 14555 0.000000000000000000e+00 1.278974591785303760e-01 7.548196373098620127e-02 0 0 0 0 0 0
2706 8631 14556 0.000000000000000000e+00 1.188470627857389078e-01 7.249417855093322205e-02 0 0 0 0 0 0
2707 8632 14557 1.261945115634993978e-03 1.184458620602324153e-01 7.220694104120671530e-02 0 0 0 0 0 0
2708 8633 14558 2.683227749537174349e-03 1.184321163034977586e-01 7.202806876215175902e-02 0 0 0 0 0 0
2709 8634 14559 9.464125961068447362e-03 1.202644480173905572e-01 7.180122745116823690e-02 0 0 0 0 0 0
2710 8635 14560 1.575584112490512750e-02 1.132643562771103729e-01 7.382672823904361248e-02 0 0 0 0 0 0
2711 8636 14561 1.506707897120498039e-02 1.135211974624465991e-01 7.365875128262970584e-02 0 0 0 0 0 0
2712 8637 14562 1.494408130174926762e-02 1.131644984242914098e-01 7.708106522051277887e-02 0 0 0 0 0 0
2713 8638 14563 0.000000000000000000e+00 1.187956076713943127e-01 7.293544634593722431e-02 0 0 0 0 0 0
2714 8639 14564 3.237811013865497887e-03 1.177646657826422333e-01 7.221192745740691310e-02 0 0 0 0 0 0
2715 8640 14565 3.498708680643826136e-03 8.958525194227197341e-02 4.808418301030456532e-02 0 0 0 0 0 0
2716 8641 14566 1.320211591763819671e-02 9.468624427022985512e-02 5.290173514332012494e-02 0 0 0 0 0 0
2717 8642 14567 1.476293466847739162e-02 9.493330269532472554e-02 5.661087214130468975e-02 0 0 0 0 0 0
2718 8643 14568 3.781267319075997443e-03 8.901862170638587257e-02 5.188383514999490853e-02 0 0 0 0 0 0
2719 8644 14569 0.000000000000000000e+00 9.067095445140872789e-02 4.132034072301065536e-02 0 0 0 0 0 0
2720 8645 14570 7.833034057433619496e-03 1.181367750202962363e-01 3.825134778242143124e-02 0 0 0 0 0 0
2721 8646 14571 1.841834833142070790e-02 1.015602475152784234e-01 6.482687798913171207e-02 0 0 0 0 0 0
2722 8647 14572 0.000000000000000000e+00 9.556320879777212285e-02 6.249295663617536467e-02 0 0 0 0 0 0
2723 8648 14573 1.608228011867648272e-02 1.036225437098825530e-01 6.855635400697172865e-02 0 0 0 0 0 0
2724 8649 14574 9.616500746266647484e-03 1.106275791462806024e-01 7.108167976740110972e-02 0 0 0 0 0 0
2725 8650 14575 0.000000000000000000e+00 1.125984145485982996e-01 7.074527933837734817e-02 0 0 0 0 0 0
2726 8651 14576 0.000000000000000000e+00 1.185355273620284505e-01 7.212357198922814128e-02 0 0 0 0 0 0
2727 8652 14577 0.000000000000000000e+00 1.247076051435986599e-01 5.282594631572609667e-02 0 0 0 0 0 0
2728 8653 14578 0.000000000000000000e+00 8.894366568615799662e-02 5.305347019590930802e-02 0 0 0 0 0 0
2729 8654 14579 0.000000000000000000e+00 1.267985583112401782e-01 4.025586275963621841e-02 0 0 0 0 0 0
2730 8655 14580 2.049629319071692973e-03 1.248658001717593696e-01 3.772510893738491994e-02 0 0 0 0 0 0
2731 8656 14581 0.000000000000000000e+00 9.723094821057787218e-02 9.242163258713452512e-02 0 0 0 0 0 0
2732 8657 14582 1.018133797260500038e-02 9.929542825823016450e-02 8.692255431724209280e-02 0 0 0 0 0 0
2733 8658 14583 1.315646340929473371e-02 1.010085565322988016e-01 8.375015341413905023e-02 0 0 0 0 0 0
2734 8659 14584 1.601980339642657125e-02 1.045102468335520618e-01 7.808332713807208947e-02 0 0 0 0 0 0
2735 8660 14585 1.690135840473271783e-02 1.085374605392005753e-01 7.217879891959390337e-02 0 0 0 0 0 0
2736 8661 14586 1.799984557370790106e-02 1.022544219233368912e-01 7.542502059542784132e-02 0 0 0 0 0 0
2737 8662 14587 1.906997186378436848e-02 1.048415311147693069e-01 7.041696887086745793e-02 0 0 0 0 0 0
2738 8663 14588 1.317708405672166072e-02 1.338803907888208855e-01 4.762847571019639126e-02 0 0 0 0 0 0
2739 8664 14589 5.568013149798017002e-03 1.293766124511099846e-01 4.391927248852779686e-02 0 0 0 0 0 0
2740 8665 14590 0.000000000000000000e+00 1.284582462159526983e-01 4.249005297641247209e-02 0 0 0 0 0 0
2741 8666 14591 1.361400128855310386e-02 1.318462427550350646e-01 4.526886909628188849e-02 0 0 0 0 0 0
2742 8667 14592 7.198754175166925152e-03 1.278388573259078842e-01 4.190573567743088174e-02 0 0 0 0 0 0
2743 8668 14593 1.200263727720311813e-02 1.222495113124995314e-01 4.234284668896661635e-02 0 0 0 0 0 0
2744 8669 14594 2.483560345645142650e-02 1.274166552742901637e-01 4.838009432387210124e-02 0 0 0 0 0 0
2745 8670 14595 3.682525938253250475e-02 1.277235031050484582e-01 4.434042380356120749e-02 0 0 0 0 0 0
2746 8671 14596 3.841434925227910080e-02 1.303330803811072747e-01 4.005134627843569967e-02 0 0 0 0 0 0
2747 8672 14597 5.218685018833608275e-02 8.618195818380949835e-02 2.000000000000000111e-01 0 0 0 0 0 0
2748 8673 14598 4.714182305891376906e-02 8.766326148272572671e-02 1.901857031463156933e-01 0 0 0 0 0 0
2749 8674 14599 4.722493035619511337e-02 8.627805065335514279e-02 1.872412057806398800e-01 0 0 0 0 0 0
2750 8675 14600 4.354592300948956912e-02 8.395781274341521105e-02 1.844684202934158135e-01 0 0 0 0 0 0
2751 8676 14601 5.665761891609658735e-02 7.777555333975881557e-02 1.925051294942599078e-01 0 0 0 0 0 0
2752 8677 14602 5.504366748920233587e-02 8.290842261695413606e-02 2.000000000000000111e-01 0 0 0 0 0 0
2753 8678 14603 7.550565191048076719e-02 5.732087513350680313e-02 1.826814171604952686e-01 0 0 0 0 0 0
2754 8679 14604 8.680530323092205958e-02 6.418653241154399780e-02 1.753899826975675869e-01 0 0 0 0 0 0
2755 8680 14605 7.463446276934242174e-02 5.890344634245762989e-02 1.863482766582345573e-01 0 0 0 0 0 0
2756 8681 14606 9.320182978170732380e-02 7.745868950484155468e-02 1.850601993375876608e-01 0 0 0 0 0 0
2757 8682 14607 7.582446569627447619e-02 6.895387396354556164e-02 1.992925227239138175e-01 0 0 0 0 0 0
2758 8683 14608 7.592330294158063098e-02 6.844257549981860866e-02 2.000000000000000111e-01 0 0 0 0 0 0
2759 8684 14609 5.704426265546164859e-02 5.952655703842221063e-02 1.958121924430195060e-01 0 0 0 0 0 0
2760 8685 14610 7.410759021474275232e-02 5.856592257044042349e-02 1.848166277267784541e-01 0 0 0 0 0 0
2761 8686 14611 7.307329524567243717e-02 5.861113607831738154e-02 1.825326667136278613e-01 0 0 0 0 0 0
2762 8687 14612 7.247775215465518395e-02 5.864154364698617727e-02 1.822090651346977563e-01 0 0 0 0 0 0
2763 8688 14613 7.382098016229439452e-02 5.795317161974186670e-02 1.827406208935995202e-01 0 0 0 0 0 0
2764 8689 14614 9.869611710513769703e-03 6.944917046472494360e-02 1.627047787904546683e-01 0 0 0 0 0 0
2765 8690 14615 1.505667803220000350e-02 5.964564171910385210e-02 1.584001617855527178e-01 0 0 0 0 0 0
2766 8691 14616 0.000000000000000000e+00 6.857322223672575323e-02 1.620100887769963527e-01 0 0 0 0 0 0
2767 8692 14617 4.863661731074366001e-03 6.858695885635950062e-02 1.587257725664234509e-01 0 0 0 0 0 0
2768 8693 14618 4.050222807537916768e-03 6.798518393345258370e-02 1.577154791113412058e-01 0 0 0 0 0 0
2769 8694 14619 0.000000000000000000e+00 6.762889261978867472e-02 1.595533382618161966e-01 0 0 0 0 0 0
2770 8695 14620 3.421509229078599501e-02 7.198234571719254460e-02 1.666926845068777141e-01 0 0 0 0 0 0
2771 8696 14621 4.031760899839317153e-02 6.989462426491602209e-02 1.655097798864911818e-01 0 0 0 0 0 0
2772 8697 14622 4.265666659445668807e-02 6.832431488421635002e-02 1.671648932534038900e-01 0 0 0 0 0 0
2773 8698 14623 4.041028551146524234e-02 6.602464729331501692e-02 1.646228007230758072e-01 0 0 0 0 0 0
2774 8699 14624 8.303893212620333530e-02 0.000000000000000000e+00 1.806025343839359754e-01 0 0 0 0 0 0
2775 8700 14625 7.782094455282713430e-02 4.899132077460811689e-03 1.765876841345638826e-01 0 0 0 0 0 0
2776 8701 14626 7.320013649827283864e-02 4.360348282593404408e-03 1.717953746217990019e-01 0 0 0 0 0 0
2777 8702 14627 7.152380260780831500e-02 0.000000000000000000e+00 1.690005402661171330e-01 0 0 0 0 0 0
2778 8703 14628 7.145503129503300022e-02 0.000000000000000000e+00 1.643448214995568424e-01 0 0 0 0 0 0
2779 8704 14629 7.387640655665196621e-02 6.387710436167672728e-03 1.661118472821173087e-01 0 0 0 0 0 0
2780 8705 14630 7.396224351229173377e-02 6.592215238652237089e-03 1.667313850599477509e-01 0 0 0 0 0 0
2781 8706 14631 7.595038278189662762e-02 7.954218838322556218e-03 1.657058047803997014e-01 0 0 0 0 0 0
2782 8707 14632 7.752377261668062791e-02 8.892720997933194205e-03 1.652749150788188348e-01 0 0 0 0 0 0
2783 8708 14633 8.559733669999475270e-02 1.016186040331711581e-03 1.568244290218153980e-01 0 0 0 0 0 0
2784 8709 14634 8.531403334372995861e-02 0.000000000000000000e+00 1.564855361465133932e-01 0 0 0 0 0 0
2785 8710 14635 7.966499996678787221e-02 5.451800401974268677e-03 1.775777640257330259e-01 0 0 0 0 0 0
2786 8711 14636 8.650138802183104936e-02 0.000000000000000000e+00 1.573218451780998839e-01 0 0 0 0 0 0
2787 8712 14637 8.441369295324500921e-02 0.000000000000000000e+00 1.814179967377700375e-01 0 0 0 0 0 0
2788 8713 14638 7.142169377988202839e-02 5.229283153844521692e-03 1.763171245516843566e-01 0 0 0 0 0 0
2789 8714 14639 5.902421066033789604e-02 0.000000000000000000e+00 1.606628453005119750e-01 0 0 0 0 0 0
2790 8715 14640 6.684765036175553676e-02 0.000000000000000000e+00 1.365138458270770405e-01 0 0 0 0 0 0
2791 8716 14641 8.008782304701242416e-02 5.960380824714961619e-03 1.406433340612403271e-01 0 0 0 0 0 0
2792 8717 14642 7.684165462839050165e-02 1.124705513890717238e-03 1.365341904288991104e-01 0 0 0 0 0 0
2793 8718 14643 7.587712793808697176e-02 0.000000000000000000e+00 1.355996773063626037e-01 0 0 0 0 0 0
2794 8719 14644 7.669808555219069512e-02 0.000000000000000000e+00 1.366282596133009675e-01 0 0 0 0 0 0
2795 8720 14645 7.815570537082716651e-02 1.011586769406122750e-02 1.650589210121540251e-01 0 0 0 0 0 0
2796 8721 14646 8.111042566979680124e-02 5.108047377397037341e-03 1.426571495788007682e-01 0 0 0 0 0 0
2797 8722 14647 8.045838152659630371e-02 0.000000000000000000e+00 1.430843812805601689e-01 0 0 0 0 0 0
2798 8723 14648 1.016068143562764425e-01 0.000000000000000000e+00 1.440390043683571486e-01 0 0 0 0 0 0
2799 8724 14649 8.083182182691080186e-02 8.113744927135617402e-03 1.360894763589863277e-01 0 0 0 0 0 0
2800 8725 14650 1.032059086292401034e-01 0.000000000000000000e+00 1.378248012256456378e-01 0 0 0 0 0 0
2801 8726 14651 1.238471097523341363e-01 1.522782916370295052e-02 1.511844662986187027e-01 0 0 0 0 0 0
2802 8727 14652 1.266959936155187538e-01 1.402749453497374385e-02 1.499762908674592277e-01 0 0 0 0 0 0
2803 8728 14653 8.087119875180320827e-02 8.215568474815327163e-03 1.360244698799414897e-01 0 0 0 0 0 0
2804 8729 14654 5.986865001038085138e-02 2.442813571493861191e-02 1.306733643918333299e-01 0 0 0 0 0 0
2805 8730 14655 7.038134820016934967e-02 1.831093617960894565e-02 1.278808116598513511e-01 0 0 0 0 0 0
2806 8731 14656 7.033871176101648415e-02 1.910671686725802162e-02 1.242870379000267367e-01 0 0 0 0 0 0
2807 8732 14657 5.626928868305732662e-02 2.975787670979316082e-02 1.165009645254585779e-01 0 0 0 0 0 0
2808 8733 14658 4.650542511005809065e-02 2.904814268906419361e-02 1.086853587591500164e-01 0 0 0 0 0 0
2809 8734 14659 0.000000000000000000e+00 6.971401793296845562e-02 9.935169650028810584e-02 0 0 0 0 0 0
2810 8735 14660 2.793791640006555027e-03 6.741902948525678452e-02 9.923456887909218316e-02 0 0 0 0 0 0
2811 8736 14661 1.316722214674199282e-02 7.004133756779802600e-02 1.053548725716936252e-01 0 0 0 0 0 0
2812 8737 14662 1.328379082700212668e-02 7.111195193095985745e-02 1.060360968574804302e-01 0 0 0 0 0 0
2813 8738 14663 8.764764706268284716e-04 7.640909196615454368e-02 1.036768223134615641e-01 0 0 0 0 0 0
2814 8739 14664 0.000000000000000000e+00 7.611965666420854315e-02 1.031197786998751531e-01 0 0 0 0 0 0
2815 8740 14665 0.000000000000000000e+00 7.662628963353836087e-02 1.038268971652125811e-01 0 0 0 0 0 0
2816 8741 14666 1.395338020890092394e-02 6.809596976359932885e-02 1.116711747322271936e-01 0 0 0 0 0 0
2817 8742 14667 1.456946556639432400e-02 4.711717165341013785e-02 1.202760129539948708e-01 0 0 0 0 0 0
2818 8743 14668 0.000000000000000000e+00 5.184311753874486922e-02 1.369519872961015017e-01 0 0 0 0 0 0
2819 8744 14669 0.000000000000000000e+00 6.259446875134833110e-02 1.321348505407545504e-01 0 0 0 0 0 0
2820 8745 14670 5.624679249565112116e-04 9.885945416104313654e-02 1.009131720744853439e-01 0 0 0 0 0 0
2821 8746 14671 0.000000000000000000e+00 9.872870759849991518e-02 1.018901642191148565e-01 0 0 0 0 0 0
2822 8747 14672 0.000000000000000000e+00 9.701935491053355343e-02 1.044705160049187176e-01 0 0 0 0 0 0
2823 8748 14673 6.331918952681383182e-03 9.175428644252081600e-02 1.036418687780440995e-01 0 0 0 0 0 0
2824 8749 14674 1.903043625382058388e-02 8.296594590441770667e-02 9.930717885685642898e-02 0 0 0 0 0 0
2825 8750 14675 2.482615939939245009e-02 8.332001522388703119e-02 9.073937594070707879e-02 0 0 0 0 0 0
2826 8751 14676 1.103604616803969748e-02 1.048903202205461044e-01 8.974510881660578698e-02 0 0 0 0 0 0
2827 8752 14677 3.151977492370631323e-02 9.013873655827410458e-02 8.068084065982041031e-02 0 0 0 0 0 0
2828 8753 14678 3.143204008322864063e-02 9.218348343729455829e-02 8.497497391732250493e-02 0 0 0 0 0 0
2829 8754 14679 2.539937109333319926e-02 1.015906951545191006e-01 9.851643093191708722e-02 0 0 0 0 0 0
2830 8755 14680 1.434532995891690463e-02 1.090246299068506342e-01 1.022767813325259068e-01 0 0 0 0 0 0
2831 8756 14681 1.071749684566660268e-02 1.102940881865605155e-01 1.009977541379025456e-01 0 0 0 0 0 0
2832 8757 14682 3.186681857632837206e-02 8.926594745292731892e-02 8.293985115307042633e-02 0 0 0 0 0 0
2833 8758 14683 3.174480025267845118e-02 8.921671773304504227e-02 8.119581910003213776e-02 0 0 0 0 0 0
2834 8759 14684 0.000000000000000000e+00 1.005928381075432559e-01 1.055312059371020933e-01 0 0 0 0 0 0
2835 8760 14685 0.000000000000000000e+00 1.003032017821790245e-01 1.057101787445674790e-01 0 0 0 0 0 0
2836 8761 14686 7.338038155876222806e-04 1.002687790752570945e-01 1.058314923949386366e-01 0 0 0 0 0 0
2837 8762 14687 9.239013367606354124e-03 7.897607324285708941e-02 1.035018667395709302e-01 0 0 0 0 0 0
2838 8763 14688 1.585287447692903737e-02 8.097434172984740997e-02 1.024623225997693815e-01 0 0 0 0 0 0
2839 8764 14689 1.890966493603226176e-02 8.182599800382987787e-02 9.995290337107087808e-02 0 0 0 0 0 0
2840 8765 14690 0.000000000000000000e+00 8.042342339210721558e-02 1.048556550452149766e-01 0 0 0 0 0 0
2841 8766 14691 0.000000000000000000e+00 9.874540197933170949e-02 1.012169686041715505e-01 0 0 0 0 0 0
2842 8767 14692 1.389938615517152982e-02 1.083920105217993646e-01 8.407828254053884010e-02 0 0 0 0 0 0
2843 8768 14693 1.595087289506593592e-02 1.125323245013986478e-01 7.350215077644565997e-02 0 0 0 0 0 0
2844 8769 14694 0.000000000000000000e+00 6.465036706830669389e-02 1.483084690664706329e-01 0 0 0 0 0 0
2845 8770 14695 1.422093505777814910e-02 5.267314895932039692e-02 1.474745501805908854e-01 0 0 0 0 0 0
2846 8771 14696 0.000000000000000000e+00 5.213679562208021340e-02 1.415282694029214305e-01 0 0 0 0 0 0
2847 8772 14697 0.000000000000000000e+00 6.542077505416492300e-02 1.494098917768603985e-01 0 0 0 0 0 0
2848 8773 14698 2.952044094726250650e-02 3.828967610458201137e-02 1.612222710011971816e-01 0 0 0 0 0 0
2849 8774 14699 1.921254685020183997e-02 4.140790473567852042e-02 1.477214624953883393e-01 0 0 0 0 0 0
2850 8775 14700 2.909291649646357156e-02 4.022639049861752997e-02 1.591978394348891324e-01 0 0 0 0 0 0
2851 8776 14701 1.688869856963470806e-02 5.113138381291476575e-02 1.483261524469520753e-01 0 0 0 0 0 0
2852 8777 14702 2.266353233157417449e-02 5.144104318872642218e-02 1.553836763044007807e-01 0 0 0 0 0 0
2853 8778 14703 4.057154778990476607e-02 5.614212931842693655e-02 1.611079087168870161e-01 0 0 0 0 0 0
2854 8779 14704 2.173284454085703740e-02 7.425864460000243528e-02 1.674021315076953120e-01 0 0 0 0 0 0
2855 8780 14705 4.308564751983547797e-02 4.916104832147998038e-02 1.629532633141334841e-01 0 0 0 0 0 0
2856 8781 14706 3.144644197532095453e-02 3.981612510324220033e-02 1.600902991309407775e-01 0 0 0 0 0 0
2857 8782 14707 9.576602041242687768e-02 7.152952380495265772e-02 4.973704025871935469e-02 0 0 0 0 0 0
2858 8783 14708 1.076276601310837688e-01 6.186575397681499944e-02 5.136873697205190242e-02 0 0 0 0 0 0
2859 8784 14709 1.092158750637289011e-01 6.001503046024113386e-02 4.828959380812372637e-02 0 0 0 0 0 0
2860 8785 14710 1.067063506831538860e-01 6.126378446323822030e-02 4.323138193797861073e-02 0 0 0 0 0 0
2861 8786 14711 1.015902425490285699e-01 6.470166087287973489e-02 3.820264097987986773e-02 0 0 0 0 0 0
2862 8787 14712 9.133684903095538876e-02 7.305518005455975683e-02 3.679217590921763509e-02 0 0 0 0 0 0
2863 8788 14713 8.676729871806772298e-02 7.704083704146569289e-02 3.772007815994204288e-02 0 0 0 0 0 0
2864 8789 14714 9.569795997441353508e-02 8.758642574371755529e-02 4.702588357910762046e-02 0 0 0 0 0 0
2865 8790 14715 9.077559668946552640e-02 9.060115237364158025e-02 4.045252182388048984e-02 0 0 0 0 0 0
2866 8791 14716 9.834256164812811563e-02 7.345885752387869283e-02 3.672401625603381042e-02 0 0 0 0 0 0
2867 8792 14717 1.000862207975574542e-01 8.248023204495807947e-02 3.856188741261652730e-02 0 0 0 0 0 0
2868 8793 14718 1.096943332716066866e-01 7.618347192106661447e-02 4.895123596286654610e-02 0 0 0 0 0 0
2869 8794 14719 1.065845582949914438e-01 7.732529136390098312e-02 4.028084323901001684e-02 0 0 0 0 0 0
2870 8795 14720 1.065881709123293747e-01 7.731795479267219995e-02 4.028120732477898785e-02 0 0 0 0 0 0
2871 8796 14721 1.044047525876855287e-01 6.602134647948988688e-02 3.797981627428016066e-02 0 0 0 0 0 0
2872 8797 14722 1.044045378434077381e-01 6.542930572641793285e-02 3.807978046714966675e-02 0 0 0 0 0 0
2873 8798 14723 1.109770536015480674e-01 7.375256722183035074e-02 4.936168646807408134e-02 0 0 0 0 0 0
2874 8799 14724 1.109725831292868031e-01 6.142766715273810518e-02 5.144270653503955903e-02 0 0 0 0 0 0
2875 8800 14725 1.173846652609382979e-01 6.944261603181162146e-02 5.272701371890430727e-02 0 0 0 0 0 0
2876 8801 14726 1.175873428809741383e-01 7.094877344245606454e-02 3.468800705814011759e-02 0 0 0 0 0 0
2877 8802 14727 1.121714759689660112e-01 7.426113965040767595e-02 3.549485854645013233e-02 0 0 0 0 0 0
2878 8803 14728 1.152040264431792027e-01 6.079831991727847190e-02 5.329045468614355269e-02 0 0 0 0 0 0
2879 8804 14729 1.175734219879330938e-01 5.531493631721792759e-02 4.701136189947996424e-02 0 0 0 0 0 0
2880 8805 14730 1.094859333062493528e-01 5.841555265303014638e-02 4.618486561136425639e-02 0 0 0 0 0 0
2881 8806 14731 1.174112087393032466e-01 6.702937497257668853e-02 2.954549558864167161e-02 0 0 0 0 0 0
2882 8807 14732 1.065991148760665058e-01 6.583434877820834585e-02 3.643755083666521538e-02 0 0 0 0 0 0
2883 8808 14733 1.168049051611834699e-01 6.867735927858384382e-02 3.050489873315439388e-02 0 0 0 0 0 0
2884 8809 14734 9.530114489310560766e-02 4.793657869531264826e-02 2.244500242312967922e-02 0 0 0 0 0 0
2885 8810 14735 1.193904091565789333e-01 6.599004372539878094e-02 2.375832814146463731e-02 0 0 0 0 0 0
2886 8811 14736 1.169865642970665531e-01 6.753658684386223965e-02 2.724473073653749938e-02 0 0 0 0 0 0
2887 8812 14737 1.162217710551265576e-01 6.745227593417015000e-02 2.773122274988270436e-02 0 0 0 0 0 0
2888 8813 14738 1.004014669104169727e-01 4.562702503999476605e-02 3.872680859541607901e-02 0 0 0 0 0 0
2889 8814 14739 1.028043815898480456e-01 4.463852234037040539e-02 3.894538059530118501e-02 0 0 0 0 0 0
2890 8815 14740 9.062162731830178397e-02 4.978205346261176112e-02 2.797301894237969391e-02 0 0 0 0 0 0
2891 8816 14741 8.981362874145722153e-02 5.223129030541092538e-02 3.122953004117405215e-02 0 0 0 0 0 0
2892 8817 14742 9.948953450349874716e-02 6.398259532511677006e-02 3.661888353424398029e-02 0 0 0 0 0 0
2893 8818 14743 9.816119975805091824e-02 4.802861107421269732e-02 3.911694996921429024e-02 0 0 0 0 0 0
2894 8819 14744 4.834701945226725639e-02 9.029299455364307725e-02 0.000000000000000000e+00 0 0 0 0 0 0
2895 8820 14745 4.828346037829239767e-02 1.016971994520980416e-01 0.000000000000000000e+00 0 0 0 0 0 0
2896 8821 14746 4.744419517920914903e-02 9.343151265959913354e-02 2.404168623117364234e-02 0 0 0 0 0 0
2897 8822 14747 4.773907353317188851e-02 8.925476638776387583e-02 1.666623681516815267e-02 0 0 0 0 0 0
2898 8823 14748 4.463800944086405292e-02 8.819305013058280351e-02 1.878177261763417857e-02 0 0 0 0 0 0
2899 8824 14749 4.667012756595941697e-02 9.316649389678699489e-02 2.456975263051740244e-02 0 0 0 0 0 0
2900 8825 14750 4.389407115374500956e-02 8.972235482296132825e-02 2.228130588571676507e-02 0 0 0 0 0 0
2901 8826 14751 5.585365506250444118e-02 8.754541344861785368e-02 7.891443913511618502e-03 0 0 0 0 0 0
2902 8827 14752 5.748910745741848960e-02 8.768005521994491624e-02 9.899618825991253479e-03 0 0 0 0 0 0
2903 8828 14753 5.747387651946034293e-02 8.774347183686607987e-02 1.039065050845366760e-02 0 0 0 0 0 0
2904 8829 14754 5.788824535946524019e-02 8.830345027563551996e-02 8.647860498173110672e-03 0 0 0 0 0 0
2905 8830 14755 6.358135135947670658e-02 9.948447932908102698e-02 2.429591628397654267e-03 0 0 0 0 0 0
2906 8831 14756 5.960544935026345498e-02 9.903736548461085365e-02 0.000000000000000000e+00 0 0 0 0 0 0
2907 8832 14757 6.004643067253964683e-02 1.014509326013828538e-01 2.538236926921106154e-02 0 0 0 0 0 0
2908 8833 14758 5.870497959334480126e-02 9.168331476099876587e-02 1.678236885497712272e-02 0 0 0 0 0 0
2909 8834 14759 6.695085936248017233e-02 9.986340055845357999e-02 0.000000000000000000e+00 0 0 0 0 0 0
2910 8835 14760 6.376894483556384829e-02 8.487563026385816500e-02 5.227367174195775117e-03 0 0 0 0 0 0
2911 8836 14761 6.143111004297871491e-02 7.963706608277661136e-02 0.000000000000000000e+00 0 0 0 0 0 0
2912 8837 14762 6.711269090277639793e-02 8.670412221859391533e-02 0.000000000000000000e+00 0 0 0 0 0 0
2913 8838 14763 6.446017113421365075e-02 8.546726165857600199e-02 4.625929372086612368e-03 0 0 0 0 0 0
2914 8839 14764 6.889198859876140280e-02 9.310023759212845973e-02 0.000000000000000000e+00 0 0 0 0 0 0
2915 8840 14765 7.761198463049771845e-02 1.071146222912349455e-01 5.370549002956282424e-03 0 0 0 0 0 0
2916 8841 14766 7.922438656054896222e-02 1.060682568804370007e-01 0.000000000000000000e+00 0 0 0 0 0 0
2917 8842 14767 7.909249716074902292e-02 1.052866526825694815e-01 0.000000000000000000e+00 0 0 0 0 0 0
2918 8843 14768 8.704154920893852898e-02 9.515393813854922112e-02 0.000000000000000000e+00 0 0 0 0 0 0
2919 8844 14769 1.110545894734422806e-01 9.703544121856895466e-02 1.687398433867732389e-02 0 0 0 0 0 0
2920 8845 14770 8.155056101825139403e-02 9.596099855069949169e-02 2.974727997357472231e-02 0 0 0 0 0 0
2921 8846 14771 8.467220087126613171e-02 9.057785393844093591e-02 2.782043155943361365e-02 0 0 0 0 0 0
2922 8847 14772 8.563151813355597552e-02 9.048909344754001161e-02 2.738914920533382091e-02 0 0 0 0 0 0
2923 8848 14773 8.633155100423658967e-02 1.068374558200479024e-01 2.876089941955013024e-02 0 0 0 0 0 0
2924 8849 14774 8.639150559649481920e-02 8.826231176624521613e-02 2.276827450926650551e-02 0 0 0 0 0 0
2925 8850 14775 8.627035548495795569e-02 8.842182105415105631e-02 2.314673365768907254e-02 0 0 0 0 0 0
2926 8851 14776 9.246796885863528548e-02 8.644493995816554532e-02 1.511561502432831258e-02 0 0 0 0 0 0
2927 8852 14777 8.099013698664209171e-02 1.018236696718755191e-01 0.000000000000000000e+00 0 0 0 0 0 0
2928 8853 14778 8.494048466225202765e-02 9.256038883000031192e-02 1.262630756536835784e-02 0 0 0 0 0 0
2929 8854 14779 7.894584123123521424e-02 1.131132152756146175e-01 1.038625645577795527e-02 0 0 0 0 0 0
2930 8855 14780 8.582295880323576043e-02 9.601384468840108710e-02 0.000000000000000000e+00 0 0 0 0 0 0
2931 8856 14781 8.782855471554532056e-02 1.276616498328793092e-01 0.000000000000000000e+00 0 0 0 0 0 0
2932 8857 14782 6.966525001618201207e-02 1.499999999999999944e-01 0.000000000000000000e+00 0 0 0 0 0 0
2933 8858 14783 3.410647580928739819e-02 1.242132456598476486e-01 1.556511613679932848e-01 0 0 0 0 0 0
2934 8859 14784 3.534872050219665940e-02 1.237996837640088360e-01 1.650465999309767284e-01 0 0 0 0 0 0
2935 8860 14785 3.201105009123035583e-02 1.249505232543286909e-01 1.729559319632519854e-01 0 0 0 0 0 0
2936 8861 14786 3.526990765252412813e-02 1.261730493513058271e-01 1.535227347230063155e-01 0 0 0 0 0 0
2937 8862 14787 3.540641277923075453e-02 1.271411359199171587e-01 1.528035155895018093e-01 0 0 0 0 0 0
2938 8863 14788 4.560007453607343303e-02 1.499999999999999944e-01 1.679628494635665714e-01 0 0 0 0 0 0
2939 8864 14789 4.220692564964630134e-02 1.321446739597773867e-01 1.679858851867563618e-01 0 0 0 0 0 0
2940 8865 14790 4.213063181069411772e-02 1.319220298934489499e-01 1.680120660135344113e-01 0 0 0 0 0 0
2941 8866 14791 3.920679432107967988e-02 1.277944272177912455e-01 1.696475317975605912e-01 0 0 0 0 0 0
2942 8867 14792 3.562563523948449051e-02 1.267397162593661419e-01 1.722248210957982861e-01 0 0 0 0 0 0
2943 8868 14793 4.350618269143119443e-02 1.499999999999999944e-01 1.509424717398231974e-01 0 0 0 0 0 0
2944 8869 14794 4.803017900563699011e-02 1.499999999999999944e-01 1.649707023306060671e-01 0 0 0 0 0 0
2945 8870 14795 4.082566106702050640e-02 1.499999999999999944e-01 1.919673350414971003e-01 0 0 0 0 0 0
2946 8871 14796 4.953207583082377963e-02 1.361472564022165599e-01 1.919501015667265109e-01 0 0 0 0 0 0
2947 8872 14797 3.700655996683699378e-02 1.499999999999999944e-01 2.000000000000000111e-01 0 0 0 0 0 0
2948 8873 14798 5.571088259568721113e-02 1.499999999999999944e-01 1.823000899119986418e-01 0 0 0 0 0 0
2949 8874 14799 5.537383454975246255e-02 1.365664537400979317e-01 1.879855702725715394e-01 0 0 0 0 0 0
2950 8875 14800 6.159099335802606379e-02 1.319874037251522747e-01 1.907305280299523287e-01 0 0 0 0 0 0
2951 8876 14801 6.194186580838782763e-02 1.321981133244442275e-01 1.906853913960408764e-01 0 0 0 0 0 0
2952 8877 14802 6.634259810819509440e-02 1.499999999999999944e-01 1.836550127204077398e-01 0 0 0 0 0 0
2953 8878 14803 1.488541844163898398e-01 1.429790176456003925e-01 2.951455096797470784e-02 0 0 0 0 0 0
2954 8879 14804 1.499999999999999944e-01 1.419874854827179733e-01 2.923935755009448439e-02 0 0 0 0 0 0
2955 8880 14805 1.499999999999999944e-01 1.477302619126736050e-01 2.984410946689201524e-02 0 0 0 0 0 0
2956 8881 14806 1.493490104372990901e-01 1.478779938407467354e-01 2.995669363576059299e-02 0 0 0 0 0 0
2957 8882 14807 1.408840661558079244e-01 1.499929177633397281e-01 3.420336571271345716e-02 0 0 0 0 0 0
2958 8883 14808 1.471092565584643241e-01 1.499999999999999944e-01 5.349876157101814134e-02 0 0 0 0 0 0
2959 8884 14809 1.499999999999999944e-01 1.493812771543611695e-01 5.353383270074957984e-02 0 0 0 0 0 0
2960 8885 14810 1.408802071342702134e-01 1.499999999999999944e-01 3.429308744572025225e-02 0 0 0 0 0 0
2961 8886 14811 1.499999999999999944e-01 1.429441793587921672e-01 5.193596271062027314e-02 0 0 0 0 0 0
2962 8887 14812 1.418097473835866762e-01 1.499999999999999944e-01 5.315290506638137985e-02 0 0 0 0 0 0
2963 8888 14813 1.387087271349297379e-01 1.402989944090304308e-01 6.594645967738321790e-02 0 0 0 0 0 0
2964 8889 14814 1.441523199808270594e-01 1.387763381990387290e-01 7.893985734250058561e-02 0 0 0 0 0 0
2965 8890 14815 1.499999999999999944e-01 1.353442521374801644e-01 7.750305191849997388e-02 0 0 0 0 0 0
2966 8891 14816 1.499999999999999944e-01 1.323144821660336146e-01 5.153864348031242382e-02 0 0 0 0 0 0
2967 8892 14817 1.384906238262368638e-01 1.389246467221200432e-01 5.312521841917163673e-02 0 0 0 0 0 0
2968 8893 14818 1.499999999999999944e-01 1.499999999999999944e-01 8.633380434940046699e-02 0 0 0 0 0 0
2969 8894 14819 1.487707266576773768e-01 1.499999999999999944e-01 8.620112006957955653e-02 0 0 0 0 0 0
2970 8895 14820 1.499999999999999944e-01 1.499999999999999944e-01 5.376439192153233820e-02 0 0 0 0 0 0
2971 8896 14821 1.351505343543867033e-01 1.499999999999999944e-01 5.392792598230514850e-02 0 0 0 0 0 0
2972 8897 14822 1.352015373458443359e-01 1.499999999999999944e-01 5.495363695682801974e-02 0 0 0 0 0 0
2973 8898 14823 1.368068497594286670e-01 1.004264606132112270e-01 1.178398552652742612e-02 0 0 0 0 0 0
2974 8899 14824 1.499999999999999944e-01 9.106657616759607221e-02 0.000000000000000000e+00 0 0 0 0 0 0
2975 8900 14825 1.499999999999999944e-01 9.243874279949010342e-02 1.653943780514409781e-02 0 0 0 0 0 0
2976 8901 14826 1.367628734818906455e-01 1.018511085835101665e-01 2.861922977745346222e-02 0 0 0 0 0 0
2977 8902 14827 1.345386897035611151e-01 1.031114162000335843e-01 2.677716479368248692e-02 0 0 0 0 0 0
2978 8903 14828 1.345047233225062089e-01 1.027737210577691351e-01 2.244662889070381945e-02 0 0 0 0 0 0
2979 8904 14829 1.240051230225229645e-01 9.585404325911689449e-02 1.340036590149079436e-02 0 0 0 0 0 0
2980 8905 14830 1.308417795730912603e-01 1.021767560492326810e-01 2.523690770004688791e-02 0 0 0 0 0 0
2981 8906 14831 1.348873677375515834e-01 8.245954986055606395e-02 0.000000000000000000e+00 0 0 0 0 0 0
2982 8907 14832 1.353946212623234058e-01 8.519544713073277931e-02 2.867684328914161390e-02 0 0 0 0 0 0
2983 8908 14833 1.230667298230989498e-01 9.352873423892532623e-02 1.615993268116218060e-02 0 0 0 0 0 0
2984 8909 14834 1.346784640242545683e-01 1.000793892866061185e-01 3.305674547110520889e-02 0 0 0 0 0 0
2985 8910 14835 1.343697790589006569e-01 1.001731555622984715e-01 3.297048073744247160e-02 0 0 0 0 0 0
2986 8911 14836 1.319222396222011762e-01 1.026734818169987296e-01 2.861916862392214697e-02 0 0 0 0 0 0
2987 8912 14837 1.317731209850518670e-01 1.018850629199615360e-01 3.031781927524201947e-02 0 0 0 0 0 0
2988 8913 14838 1.368292558694569339e-01 1.499999999999999944e-01 1.111732185331319386e-02 0 0 0 0 0 0
2989 8914 14839 1.435501429336649148e-01 1.338874376181869441e-01 2.213960520451629943e-02 0 0 0 0 0 0
2990 8915 14840 1.464357739829144356e-01 1.338369061749742073e-01 2.645520041876980866e-02 0 0 0 0 0 0
2991 8916 14841 1.493891048450018411e-01 1.499999999999999944e-01 2.988780881342650159e-02 0 0 0 0 0 0
2992 8917 14842 1.408729963956833753e-01 1.499999999999999944e-01 3.420882042141257934e-02 0 0 0 0 0 0
2993 8918 14843 1.325604770294858681e-01 1.499999999999999944e-01 3.576984505963914235e-02 0 0 0 0 0 0
2994 8919 14844 1.327081910616590976e-01 1.457040400445135664e-01 3.168164861983503028e-02 0 0 0 0 0 0
2995 8920 14845 1.335362323576496368e-01 1.449126468397138323e-01 1.846577022582061162e-02 0 0 0 0 0 0
2996 8921 14846 1.340154312939058345e-01 1.499999999999999944e-01 1.312739801715381155e-02 0 0 0 0 0 0
2997 8922 14847 1.427540138365079592e-01 1.342773388493082865e-01 2.232542198122160204e-02 0 0 0 0 0 0
2998 8923 14848 1.351856644314400613e-01 1.428455764992362931e-01 3.271901151052254708e-02 0 0 0 0 0 0
2999 8924 14849 1.399540754449459246e-01 1.374078995342486731e-01 2.942008475741042170e-02 0 0 0 0 0 0
3000 8925 14850 1.327915647546757949e-01 1.499999999999999944e-01 3.613481493689523621e-02 0 0 0 0 0 0
3001 8926 14851 1.427999748723303430e-01 8.610957267306201812e-02 1.128233940064241603e-01 0 0 0 0 0 0
3002 8927 14852 1.344655407676762504e-01 8.279806006642995153e-02 1.133225009859246679e-01 0 0 0 0 0 0
3003 8928 14853 1.499999999999999944e-01 9.262109348407533693e-02 1.059940883125276845e-01 0 0 0 0 0 0
3004 8929 14854 1.403345804450346901e-01 9.223665888625902365e-02 1.005162098382813424e-01 0 0 0 0 0 0
3005 8930 14855 1.459067539424313276e-01 9.423497684071692471e-02 1.005604916478613359e-01 0 0 0 0 0 0
3006 8931 14856 1.499999999999999944e-01 9.404498919533280099e-02 1.034986300805407905e-01 0 0 0 0 0 0
3007 8932 14857 1.307708070327400218e-01 8.316966877444706419e-02 1.103196971860887082e-01 0 0 0 0 0 0
3008 8933 14858 1.307237404598704245e-01 8.594562064701589954e-02 1.054247277797403792e-01 0 0 0 0 0 0
3009 8934 14859 1.344770879319422408e-01 6.642172957346290096e-02 9.853383974968904502e-02 0 0 0 0 0 0
3010 8935 14860 1.329164766669333475e-01 6.896215948671048646e-02 9.941940209234227666e-02 0 0 0 0 0 0
3011 8936 14861 1.318057647194501025e-01 7.946839586339071726e-02 9.849582858975769462e-02 0 0 0 0 0 0
3012 8937 14862 1.331350650278034786e-01 6.852257714796733401e-02 9.620932187990963169e-02 0 0 0 0 0 0
3013 8938 14863 1.499999999999999944e-01 9.294674138103968530e-02 1.000387543890353670e-01 0 0 0 0 0 0
3014 8939 14864 1.331864864458469910e-01 6.741007954838236504e-02 9.755648701193694872e-02 0 0 0 0 0 0
3015 8940 14865 1.334685368303943354e-01 5.097253661642049682e-02 1.623562329371751600e-01 0 0 0 0 0 0
3016 8941 14866 1.260891884751868530e-01 8.717414091438051293e-02 1.593575504160776868e-01 0 0 0 0 0 0
3017 8942 14867 1.285159171842118198e-01 7.806613908140669356e-02 1.489394907912097998e-01 0 0 0 0 0 0
3018 8943 14868 1.381306349017947244e-01 8.427489480484025297e-02 1.523384002589547037e-01 0 0 0 0 0 0
3019 8944 14869 1.499999999999999944e-01 7.549142580288698001e-02 1.494454839260641321e-01 0 0 0 0 0 0
3020 8945 14870 1.378731804005774997e-01 8.917875327115719342e-02 1.576028759994543282e-01 0 0 0 0 0 0
3021 8946 14871 1.370977370051815469e-01 8.928055788119751424e-02 1.579652148777215548e-01 0 0 0 0 0 0
3022 8947 14872 1.292545495764324814e-01 8.896292708363789936e-02 1.602069101174101728e-01 0 0 0 0 0 0
3023 8948 14873 1.273299429965999707e-01 5.142716654943356447e-02 1.554384352842758388e-01 0 0 0 0 0 0
3024 8949 14874 1.275857841813610727e-01 5.259525383158997203e-02 1.456624835507519256e-01 0 0 0 0 0 0
3025 8950 14875 1.210585994658772840e-01 8.549844162951583670e-02 1.575252920374765608e-01 0 0 0 0 0 0
3026 8951 14876 1.202142284963524377e-01 8.514841726993137294e-02 1.573866322275737639e-01 0 0 0 0 0 0
3027 8952 14877 1.250364097618404391e-01 6.587996104052883106e-02 1.414544831507227318e-01 0 0 0 0 0 0
3028 8953 14878 1.230414384666289329e-01 7.458472220182249535e-02 1.450560530800480141e-01 0 0 0 0 0 0
3029 8954 14879 1.208827129652236543e-01 8.268685399371383804e-02 1.543235624245099247e-01 0 0 0 0 0 0
3030 8955 14880 1.242909784588597244e-01 1.020132572670915116e-01 1.745267414210819046e-01 0 0 0 0 0 0
3031 8956 14881 1.287518409967299826e-01 1.014584689763200209e-01 1.571133864903419552e-01 0 0 0 0 0 0
3032 8957 14882 1.250588441931233530e-01 8.933330288473878555e-02 1.766467828616656577e-01 0 0 0 0 0 0
3033 8958 14883 1.292695360913149183e-01 9.898013889528707587e-02 1.560741509430058627e-01 0 0 0 0 0 0
3034 8959 14884 1.324745778932513718e-01 1.468401965723403479e-01 1.265519377876735962e-01 0 0 0 0 0 0
3035 8960 14885 1.327320966531488899e-01 1.499999999999999944e-01 1.296548981962492020e-01 0 0 0 0 0 0
3036 8961 14886 1.344977017531057695e-01 1.499999999999999944e-01 9.936977174442983285e-02 0 0 0 0 0 0
3037 8962 14887 1.334580886730949434e-01 1.446322174894707213e-01 1.044270899545337722e-01 0 0 0 0 0 0
3038 8963 14888 1.321359109450657709e-01 1.423523883558299175e-01 1.216803294999376367e-01 0 0 0 0 0 0
3039 8964 14889 1.387061598992990197e-01 1.499999999999999944e-01 9.654903587908579554e-02 0 0 0 0 0 0
3040 8965 14890 1.421500962414579128e-01 1.435898199654278007e-01 9.944802790902806944e-02 0 0 0 0 0 0
3041 8966 14891 1.499999999999999944e-01 1.420521343793326174e-01 9.898520320861189936e-02 0 0 0 0 0 0
3042 8967 14892 1.499999999999999944e-01 1.499999999999999944e-01 9.468664767332266030e-02 0 0 0 0 0 0
3043 8968 14893 1.452423434122003532e-01 1.499999999999999944e-01 1.424185466374003617e-01 0 0 0 0 0 0
3044 8969 14894 1.499999999999999944e-01 1.433273638519610149e-01 1.403975199173253252e-01 0 0 0 0 0 0
3045 8970 14895 1.499999999999999944e-01 1.368919923107414782e-01 1.338938344182439844e-01 0 0 0 0 0 0
3046 8971 14896 1.340322532838671143e-01 1.499999999999999944e-01 1.312914297610821290e-01 0 0 0 0 0 0
3047 8972 14897 1.499999999999999944e-01 1.499999999999999944e-01 1.435800961545270205e-01 0 0 0 0 0 0
3048 8973 14898 1.321203786570662175e-01 1.422953897480198071e-01 1.216333776793385030e-01 0 0 0 0 0 0
3049 8974 14899 1.499999999999999944e-01 1.305240448679806653e-01 1.301468261273313054e-01 0 0 0 0 0 0
3050 8975 14900 1.445322442105809180e-01 1.380194338399583220e-01 1.011893865615747096e-01 0 0 0 0 0 0
3051 8976 14901 1.332792470276957797e-01 1.440936043696283420e-01 1.048586955244444341e-01 0 0 0 0 0 0
3052 8977 14902 1.499999999999999944e-01 1.347313084007454309e-01 1.016844680924641892e-01 0 0 0 0 0 0
3053 8978 14903 8.486511273357978669e-02 6.907516765679402870e-02 1.518488673606759043e-01 0 0 0 0 0 0
3054 8979 14904 8.975399916121779009e-02 7.214865224534545984e-02 1.571106815605035623e-01 0 0 0 0 0 0
3055 8980 14905 8.961103809771510387e-02 6.121154121682410160e-02 1.533546921329200230e-01 0 0 0 0 0 0
3056 8981 14906 8.476310047044738338e-02 6.127080875784817610e-02 1.491687181478658086e-01 0 0 0 0 0 0
3057 8982 14907 8.953925535431060678e-02 5.665957425455737245e-02 1.417523074796502580e-01 0 0 0 0 0 0
3058 8983 14908 9.731482454665439652e-02 5.377376611464834699e-02 1.413922567859000057e-01 0 0 0 0 0 0
3059 8984 14909 1.034931472627715759e-01 8.271577572875150886e-02 1.443364932291013314e-01 0 0 0 0 0 0
3060 8985 14910 1.050734116647597111e-01 8.154222215764986292e-02 1.420091431407415616e-01 0 0 0 0 0 0
3061 8986 14911 1.065524728937164017e-01 6.039125639929503186e-02 1.326283375200610626e-01 0 0 0 0 0 0
3062 8987 14912 1.023644961298960238e-01 5.388322296744400136e-02 1.353415623352053065e-01 0 0 0 0 0 0
3063 8988 14913 9.860713459767857236e-02 7.964450142306844782e-02 1.390720071034964589e-01 0 0 0 0 0 0
3064 8989 14914 9.995925315641798758e-02 6.030884933697667344e-02 1.304963233337336492e-01 0 0 0 0 0 0
3065 8990 14915 9.844360219239428611e-02 5.795355758127804235e-02 1.314782537594733902e-01 0 0 0 0 0 0
3066 8991 14916 9.711182930454714812e-02 5.682371762477297916e-02 1.326785825011324027e-01 0 0 0 0 0 0
3067 8992 14917 9.823339432452764253e-02 5.651338934671332886e-02 1.323160163357174346e-01 0 0 0 0 0 0
3068 8993 14918 1.019199834654092446e-01 8.183184965891936169e-02 1.411426778080268618e-01 0 0 0 0 0 0
3069 8994 14919 6.046131401143200329e-02 3.168405394705288425e-02 1.414314291331703888e-01 0 0 0 0 0 0
3070 8995 14920 6.648381917114400130e-02 3.335607614856567898e-02 1.428740197447847526e-01 0 0 0 0 0 0
3071 8996 14921 7.040745795208121216e-02 3.346042692507913280e-02 1.379670947491868638e-01 0 0 0 0 0 0
3072 8997 14922 6.140323818055642979e-02 3.084629657007852827e-02 1.351318117197997659e-01 0 0 0 0 0 0
3073 8998 14923 6.019535505837871753e-02 3.094364047114214061e-02 1.374109213518021899e-01 0 0 0 0 0 0
3074 8999 14924 8.169614712050457528e-02 3.021598245116229042e-02 1.371809742692810807e-01 0 0 0 0 0 0
3075 9000 14925 8.479449628729267274e-02 2.873241839027729227e-02 1.391957890018214183e-01 0 0 0 0 0 0
3076 9001 14926 8.528962718470732562e-02 2.842175478400735603e-02 1.397945131426193144e-01 0 0 0 0 0 0
3077 9002 14927 8.317997627464754351e-02 2.741323440874239223e-02 1.354960496489699961e-01 0 0 0 0 0 0
3078 9003 14928 8.692624786531549796e-02 2.301318409122990113e-02 1.384905199266084630e-01 0 0 0 0 0 0
3079 9004 14929 8.787885799284764210e-02 2.514726285772333689e-02 1.416892577299196654e-01 0 0 0 0 0 0
3080 9005 14930 8.313753417497883602e-02 2.820321502898786789e-02 1.360166770026731142e-01 0 0 0 0 0 0
3081 9006 14931 9.221795972616383952e-02 2.502272703529852954e-02 1.466889565440430698e-01 0 0 0 0 0 0
3082 9007 14932 9.807563239963693058e-02 2.185362397827264255e-02 1.489726336305483845e-01 0 0 0 0 0 0
3083 9008 14933 8.860811966370506221e-02 2.530537617394010286e-02 1.418662444356716956e-01 0 0 0 0 0 0
3084 9009 14934 8.976524043850254986e-02 2.166983790584462236e-02 1.361637347075242976e-01 0 0 0 0 0 0
3085 9010 14935 1.190250840158772749e-01 1.867020551470935028e-02 1.049770058362391456e-01 0 0 0 0 0 0
3086 9011 14936 1.142506768633992087e-01 2.311223594618980540e-02 1.191041947365790443e-01 0 0 0 0 0 0
3087 9012 14937 1.240296236674093971e-01 2.934759904565292093e-02 1.031229942685312900e-01 0 0 0 0 0 0
3088 9013 14938 1.179307516838503100e-01 1.860490010513969270e-02 1.253005706938804531e-01 0 0 0 0 0 0
3089 9014 14939 1.154789946176423832e-01 2.362410646653354679e-02 1.210578072597038174e-01 0 0 0 0 0 0
3090 9015 14940 1.175790033468928492e-01 2.013833727742326760e-02 1.246456493002734978e-01 0 0 0 0 0 0
3091 9016 14941 1.187588247323679708e-01 2.596246062169040372e-02 1.220309591318881615e-01 0 0 0 0 0 0
3092 9017 14942 1.192567418775679761e-01 2.443537458134570003e-02 1.232984870892755713e-01 0 0 0 0 0 0
3093 9018 14943 9.285380945993053359e-02 2.076785327635179146e-02 1.323410070105998371e-01 0 0 0 0 0 0
3094 9019 14944 9.873734953922801150e-02 2.674221837775655336e-02 1.350206822775461835e-01 0 0 0 0 0 0
3095 9020 14945 1.064700676433192605e-01 1.741076532220291878e-02 1.310127649582114862e-01 0 0 0 0 0 0
3096 9021 14946 9.537728578835448501e-02 2.238288165583541406e-02 1.237885978466117948e-01 0 0 0 0 0 0
3097 9022 14947 1.012222822835392722e-01 2.756267298539610833e-02 1.187148029386695391e-01 0 0 0 0 0 0
3098 9023 14948 1.103425605757617639e-01 2.587369440913176236e-02 1.219229925358855382e-01 0 0 0 0 0 0
3099 9024 14949 1.125102164112457281e-01 2.051814372691024985e-02 1.283260171688636875e-01 0 0 0 0 0 0
3100 9025 14950 1.036045374597395763e-01 3.126506659997390497e-02 1.329418876079129508e-01 0 0 0 0 0 0
3101 9026 14951 1.052756296427237170e-01 3.205117155266302281e-02 1.243762496782081506e-01 0 0 0 0 0 0
3102 9027 14952 1.114563536185411846e-01 1.444618327143592021e-02 1.313721513527853768e-01 0 0 0 0 0 0
3103 9028 14953 1.162859753077311598e-01 1.955736420669555373e-02 1.266257271803446494e-01 0 0 0 0 0 0
3104 9029 14954 1.141930778074904951e-01 1.951760330182684619e-02 1.284473093476054262e-01 0 0 0 0 0 0
3105 9030 14955 9.627067667514048466e-02 2.450635272178500190e-02 1.171789753228661135e-01 0 0 0 0 0 0
3106 9031 14956 1.000901362631143182e-01 2.716154869516085660e-02 1.170595833969387684e-01 0 0 0 0 0 0
3107 9032 14957 1.021908738054106841e-01 2.583874214868097860e-02 1.158768847502748001e-01 0 0 0 0 0 0
3108 9033 14958 1.112928035164551105e-01 4.561736119291417285e-02 1.179299756678988259e-01 0 0 0 0 0 0
3109 9034 14959 1.210753829198725484e-01 4.729445915580349213e-02 1.162075442932846009e-01 0 0 0 0 0 0
3110 9035 14960 1.071020608951448322e-01 3.861719751452471344e-02 1.121375189325285043e-01 0 0 0 0 0 0
3111 9036 14961 1.150865190753524586e-01 4.607016569953448909e-02 1.253637946439739026e-01 0 0 0 0 0 0
3112 9037 14962 1.077260315658080253e-01 4.480174724801833097e-02 1.269286414168871446e-01 0 0 0 0 0 0
3113 9038 14963 1.090947338957891921e-01 4.498107016032843603e-02 1.289562061261587400e-01 0 0 0 0 0 0
3114 9039 14964 1.038772441410657638e-01 3.463600257629385198e-02 1.114871817303794282e-01 0 0 0 0 0 0
3115 9040 14965 1.030135320788574810e-01 3.378800965695271524e-02 1.119043057374418948e-01 0 0 0 0 0 0
3116 9041 14966 9.951955878574089698e-02 3.119439992981831722e-02 1.158582338630431141e-01 0 0 0 0 0 0
3117 9042 14967 1.089782988208274350e-01 4.324683191001709587e-02 1.289327490985950619e-01 0 0 0 0 0 0
3118 9043 14968 1.058706887886616543e-01 2.978055826244887030e-02 1.112110371184173441e-01 0 0 0 0 0 0
3119 9044 14969 1.158501063200457204e-01 3.331927028019517067e-02 1.070223356135050347e-01 0 0 0 0 0 0
3120 9045 14970 1.074543633723476777e-01 2.192061657411579004e-02 1.011295603171233209e-01 0 0 0 0 0 0
3121 9046 14971 1.157779357689878719e-01 2.487216415471761588e-02 9.763587342463612984e-02 0 0 0 0 0 0
3122 9047 14972 1.224512311029550549e-01 3.279592880125468263e-02 1.010490360152632716e-01 0 0 0 0 0 0
3123 9048 14973 1.211609378384539415e-01 3.045367896487465725e-02 9.948317369390122233e-02 0 0 0 0 0 0
3124 9049 14974 1.144806532728022824e-01 2.463571819022539189e-02 9.381978517972927589e-02 0 0 0 0 0 0
3125 9050 14975 9.955171933702822162e-02 1.886665836625584999e-02 8.751556045323248545e-02 0 0 0 0 0 0
3126 9051 14976 1.025857200092030880e-01 2.092803456428277489e-02 8.886001090754336307e-02 0 0 0 0 0 0
3127 9052 14977 1.180786377839500162e-01 2.937177782699272599e-02 9.199766223022770584e-02 0 0 0 0 0 0
3128 9053 14978 1.180742553115411153e-01 2.947060083382264245e-02 9.190374512205161384e-02 0 0 0 0 0 0
3129 9054 14979 9.930279831844779359e-02 1.788814129809274817e-02 8.497307394114866907e-02 0 0 0 0 0 0
3130 9055 14980 9.953538153795647714e-02 1.930031685858831988e-02 8.723066351396165097e-02 0 0 0 0 0 0
3131 9056 14981 1.022566164236027586e-01 2.111086531504871577e-02 8.846044565021694839e-02 0 0 0 0 0 0
3132 9057 14982 1.209407730277008985e-01 3.325349617940638602e-02 9.656124267729832011e-02 0 0 0 0 0 0
3133 9058 14983 1.189509262140807655e-01 3.237089963958709321e-02 9.188160390595891125e-02 0 0 0 0 0 0
3134 9059 14984 1.206403785105692045e-01 8.758024534337853495e-02 4.421813499220399873e-02 0 0 0 0 0 0
3135 9060 14985 1.293654331666310997e-01 8.760748753591543481e-02 4.874519700962637314e-02 0 0 0 0 0 0
3136 9061 14986 1.349754578213230305e-01 8.642424383324835702e-02 4.826700027446949315e-02 0 0 0 0 0 0
3137 9062 14987 1.319159422581790975e-01 8.419383570136529382e-02 4.041144762623521264e-02 0 0 0 0 0 0
3138 9063 14988 1.259960545124325926e-01 8.442535959654932920e-02 3.804548454591287487e-02 0 0 0 0 0 0
3139 9064 14989 1.210207058877619674e-01 8.655297764867440902e-02 4.151277877038071079e-02 0 0 0 0 0 0
3140 9065 14990 1.334053122777036082e-01 7.984431181383035148e-02 3.804576974292297326e-02 0 0 0 0 0 0
3141 9066 14991 1.416778878379388595e-01 7.482528264854561295e-02 4.670266069466689346e-02 0 0 0 0 0 0
3142 9067 14992 1.420945087454107414e-01 7.619364395122615874e-02 4.898479281898661386e-02 0 0 0 0 0 0
3143 9068 14993 1.417557748503971427e-01 7.693515236727141438e-02 4.924072019983864734e-02 0 0 0 0 0 0
3144 9069 14994 1.285158222082909973e-01 8.100361067718117591e-02 3.675957712593126703e-02 0 0 0 0 0 0
3145 9070 14995 1.280706124582614569e-01 8.142143769882231874e-02 3.685792429001491510e-02 0 0 0 0 0 0
3146 9071 14996 1.201384637464743277e-01 7.561740686087040086e-02 5.018230411290722920e-02 0 0 0 0 0 0
3147 9072 14997 1.225414550444076933e-01 7.447542288929795418e-02 5.202730245073190068e-02 0 0 0 0 0 0
3148 9073 14998 1.248916424655401175e-01 7.441552121987528301e-02 5.159140796801942735e-02 0 0 0 0 0 0
3149 9074 14999 1.281529730501382580e-01 8.100325163286484220e-02 3.684723894376899095e-02 0 0 0 0 0 0
3150 9075 15000 1.212950404404774946e-01 7.925388355318695177e-02 4.219757592621316972e-02 0 0 0 0 0 0
3151 9076 15001 1.206304898412052795e-01 8.177711564136933009e-02 4.238759538698211315e-02 0 0 0 0 0 0
3152 9077 15002 1.228384994285526416e-01 7.474039310818549053e-02 5.204401956786415540e-02 0 0 0 0 0 0
3153 9078 15003 1.197011810016487127e-01 8.008733294218654819e-02 4.762857677253392458e-02 0 0 0 0 0 0
3154 9079 15004 1.428171187123375985e-01 9.704754305649013202e-02 5.412744908834105084e-02 0 0 0 0 0 0
3155 9080 15005 1.395529941914054883e-01 9.700641117720525120e-02 3.894396814709965432e-02 0 0 0 0 0 0
3156 9081 15006 1.385044476176509332e-01 9.603303664118566230e-02 3.685965949620670368e-02 0 0 0 0 0 0
3157 9082 15007 1.374265905380366304e-01 7.575520983201818048e-02 3.336109290842353275e-02 0 0 0 0 0 0
3158 9083 15008 1.257306523685316202e-01 8.492521090602060674e-02 3.768915259778375659e-02 0 0 0 0 0 0
3159 9084 15009 1.348162240068986606e-01 1.000499651240225191e-01 3.340555859511545878e-02 0 0 0 0 0 0
3160 9085 15010 1.342415106150705306e-01 1.002187798497330279e-01 3.310104594124833183e-02 0 0 0 0 0 0
3161 9086 15011 1.269950289358784679e-01 8.328278520140129648e-02 3.613684226138855204e-02 0 0 0 0 0 0
3162 9087 15012 1.316246726895207442e-01 8.212097528712403172e-02 3.153216380361281018e-02 0 0 0 0 0 0
3163 9088 15013 1.346292080125921498e-01 7.692148663410049159e-02 3.354643455130883190e-02 0 0 0 0 0 0
3164 9089 15014 1.219125694964203060e-01 7.400911172753021905e-02 5.219668491123647530e-02 0 0 0 0 0 0
3165 9090 15015 1.196739224063083501e-01 7.308946264382977509e-02 5.216862353807628916e-02 0 0 0 0 0 0
3166 9091 15016 1.436364168120287943e-01 9.888750574316927666e-02 5.798355705889773198e-02 0 0 0 0 0 0
3167 9092 15017 1.451581093935849776e-01 9.812287662384028275e-02 5.772431681370926437e-02 0 0 0 0 0 0
3168 9093 15018 1.441115120862207777e-01 9.847378191823036309e-02 5.694687024939477926e-02 0 0 0 0 0 0
3169 9094 15019 1.350749260249891059e-01 1.002125525307888121e-01 5.880330863417558562e-02 0 0 0 0 0 0
3170 9095 15020 1.402587845619282514e-01 9.975218726721286899e-02 5.930321949637357842e-02 0 0 0 0 0 0
3171 9096 15021 1.424601889890582396e-01 9.785071326999970898e-02 5.454495493742354123e-02 0 0 0 0 0 0
3172 9097 15022 1.346411202545589603e-01 9.892833816336650543e-02 5.490751168032625973e-02 0 0 0 0 0 0
3173 9098 15023 1.499999999999999944e-01 8.821918226515589045e-02 6.357785687609288083e-02 0 0 0 0 0 0
3174 9099 15024 1.363417309357284057e-01 8.990669107125676129e-02 7.053141431325679611e-02 0 0 0 0 0 0
3175 9100 15025 1.346505270713985181e-01 9.253521966854019731e-02 6.922944978341905031e-02 0 0 0 0 0 0
3176 9101 15026 1.343293196567307557e-01 9.337840201566809106e-02 6.867469649456943437e-02 0 0 0 0 0 0
3177 9102 15027 1.283257379872458637e-01 8.769729146461763269e-02 6.979182854693787019e-02 0 0 0 0 0 0
3178 9103 15028 1.314365270914513995e-01 9.382040785617483392e-02 6.812899533970175059e-02 0 0 0 0 0 0
3179 9104 15029 1.339056086105943622e-01 9.329956238241418620e-02 6.880166404158311044e-02 0 0 0 0 0 0
3180 9105 15030 1.158890786803434547e-01 6.041267252616906724e-02 6.021298337266638157e-02 0 0 0 0 0 0
3181 9106 15031 1.176898845786392978e-01 6.411552788400869118e-02 6.761289876795545384e-02 0 0 0 0 0 0
3182 9107 15032 1.183580978064928402e-01 7.221237538389509159e-02 5.496855324138484600e-02 0 0 0 0 0 0
3183 9108 15033 1.182464322269878021e-01 7.231093323858793498e-02 5.375844332320176000e-02 0 0 0 0 0 0
3184 9109 15034 1.211157479967070044e-01 6.248571636981165717e-02 7.019359633529675957e-02 0 0 0 0 0 0
3185 9110 15035 1.207862447345310480e-01 4.987387374957469310e-02 5.302153801940099470e-02 0 0 0 0 0 0
3186 9111 15036 1.153909629536931797e-01 7.722266738952270060e-02 5.276084897472816532e-02 0 0 0 0 0 0
3187 9112 15037 1.083936101684008779e-01 7.878087283692744580e-02 3.715019064611566058e-02 0 0 0 0 0 0
3188 9113 15038 1.187695259619973714e-01 8.168737114569685209e-02 4.018003176559899192e-02 0 0 0 0 0 0
3189 9114 15039 1.094528727554440473e-01 8.781142542386216610e-02 3.473475819981767382e-02 0 0 0 0 0 0
3190 9115 15040 1.184453659223376892e-01 9.033039981620709369e-02 3.736063008483644227e-02 0 0 0 0 0 0
3191 9116 15041 1.187579753204072580e-01 9.120025043950563681e-02 3.749109427058318345e-02 0 0 0 0 0 0
3192 9117 15042 1.180367713663602186e-01 9.299023296462730070e-02 3.738026567798127114e-02 0 0 0 0 0 0
3193 9118 15043 1.113886365087948388e-01 9.383078409760295391e-02 3.557433196335835907e-02 0 0 0 0 0 0
3194 9119 15044 1.095701739826334259e-01 9.298447846898290348e-02 3.502645368550916238e-02 0 0 0 0 0 0
3195 9120 15045 1.213117582475592426e-01 8.675504696817844252e-02 3.080555609603265535e-02 0 0 0 0 0 0
3196 9121 15046 1.206344142164901961e-01 9.196689645370552391e-02 1.750085015636078031e-02 0 0 0 0 0 0
3197 9122 15047 1.216608861545963732e-01 8.820846907985387120e-02 2.218546887715467861e-02 0 0 0 0 0 0
3198 9123 15048 1.180838194626239873e-01 6.781965693961466979e-02 2.277921926737954891e-02 0 0 0 0 0 0
3199 9124 15049 1.167307803264721611e-01 6.852703584235850243e-02 2.521561716248345991e-02 0 0 0 0 0 0
3200 9125 15050 1.162244410070310541e-01 6.915556901397128253e-02 2.637150947763286513e-02 0 0 0 0 0 0
3201 9126 15051 1.161426440400555316e-01 6.941316261900896956e-02 2.666295924610850160e-02 0 0 0 0 0 0
3202 9127 15052 1.109620013550976642e-01 7.561113891218548821e-02 2.893294039049572330e-02 0 0 0 0 0 0
3203 9128 15053 1.108989172293495251e-01 7.571509397222152271e-02 2.897466745872902955e-02 0 0 0 0 0 0
3204 9129 15054 1.114656281819291633e-01 9.361560376730768129e-02 2.950936281011256809e-02 0 0 0 0 0 0
3205 9130 15055 1.205237529554320369e-01 9.196782904696941541e-02 1.708395237864486493e-02 0 0 0 0 0 0
3206 9131 15056 1.152683717886787834e-01 9.271727212626856840e-02 1.817380365942454154e-02 0 0 0 0 0 0
3207 9132 15057 1.181048817192758144e-01 6.787006092374008037e-02 2.166431851397833050e-02 0 0 0 0 0 0
3208 9133 15058 1.186170013307386029e-01 7.054830701253289593e-02 1.773726450558463230e-02 0 0 0 0 0 0
3209 9134 15059 1.197462679910295258e-01 7.697714032848229637e-02 1.742473104942261070e-02 0 0 0 0 0 0
3210 9135 15060 1.142519720931966937e-01 7.209984434323207791e-02 1.863143044099929008e-02 0 0 0 0 0 0
3211 9136 15061 1.138032702887229464e-01 7.140142303574754934e-02 1.986976013294976598e-02 0 0 0 0 0 0
3212 9137 15062 1.132052156753514532e-01 7.140678389951264637e-02 2.163573343098140409e-02 0 0 0 0 0 0
3213 9138 15063 1.132995647721883464e-01 7.126820287030494194e-02 2.176674119377107475e-02 0 0 0 0 0 0
3214 9139 15064 1.144841676920715368e-01 7.013867338384642547e-02 2.159627351502022355e-02 0 0 0 0 0 0
3215 9140 15065 1.129625988719959728e-01 7.221297694709806481e-02 2.644860356488176398e-02 0 0 0 0 0 0
3216 9141 15066 1.148424214079263456e-01 6.994212707451179234e-02 2.111335367690201498e-02 0 0 0 0 0 0
3217 9142 15067 1.189849505579033823e-01 9.109027511249760678e-02 3.779434681804687279e-02 0 0 0 0 0 0
3218 9143 15068 1.168692614870414509e-01 6.775906838321132941e-02 2.698762874747586554e-02 0 0 0 0 0 0
3219 9144 15069 1.058411592377621890e-01 8.179316529201713371e-02 3.524203422461138352e-02 0 0 0 0 0 0
3220 9145 15070 1.106731651252235438e-01 7.595921762540970568e-02 2.924400183546536219e-02 0 0 0 0 0 0
3221 9146 15071 9.317449847194768375e-02 8.251933657154189583e-02 1.533070239606924672e-02 0 0 0 0 0 0
3222 9147 15072 1.116264695332742085e-01 7.276705427322509301e-02 1.823869617758574688e-02 0 0 0 0 0 0
3223 9148 15073 9.294018546506860323e-02 9.059876511340286820e-02 3.893010494053508741e-02 0 0 0 0 0 0
3224 9149 15074 1.043520412026349847e-01 8.234122699837469195e-02 3.563874068464766703e-02 0 0 0 0 0 0
3225 9150 15075 9.146469223295060347e-02 8.301766807590849062e-02 1.748790172793449754e-02 0 0 0 0 0 0
3226 9151 15076 8.637398693805804772e-02 8.822294727756975485e-02 2.280360571071605308e-02 0 0 0 0 0 0
3227 9152 15077 9.233415451032497834e-02 6.554553540197238792e-02 3.336169428952766997e-02 0 0 0 0 0 0
3228 9153 15078 8.679790989854950511e-02 7.215057569920386993e-02 3.371596174574426757e-02 0 0 0 0 0 0
3229 9154 15079 9.066766913822103813e-02 9.083255518606253576e-02 4.039560848351683719e-02 0 0 0 0 0 0
3230 9155 15080 8.161174322785400004e-02 9.113405248173819806e-02 3.434728285522498786e-02 0 0 0 0 0 0
3231 9156 15081 8.218463651247136237e-02 9.115172737930685165e-02 3.542319451415223974e-02 0 0 0 0 0 0
3232 9157 15082 7.856411093380669119e-02 7.628364054479649936e-02 3.288193004889337911e-02 0 0 0 0 0 0
3233 9158 15083 8.123148128800479484e-02 9.075215492999803846e-02 3.485233178133901460e-02 0 0 0 0 0 0
3234 9159 15084 8.014989052487518639e-02 8.643388384945127623e-02 3.409660444638851901e-02 0 0 0 0 0 0
3235 9160 15085 7.934123831162719076e-02 7.794899714551777048e-02 2.996626768534217666e-02 0 0 0 0 0 0
3236 9161 15086 8.060045667018919668e-02 7.892301640221530135e-02 2.809670187909905220e-02 0 0 0 0 0 0
3237 9162 15087 7.855731014004865842e-02 7.609759672180209378e-02 3.272550499137577562e-02 0 0 0 0 0 0
3238 9163 15088 9.498078358618987360e-02 7.542507202769629937e-02 1.024938492875146143e-02 0 0 0 0 0 0
3239 9164 15089 9.660507715379793026e-02 7.201287244098723839e-02 0.000000000000000000e+00 0 0 0 0 0 0
3240 9165 15090 8.367621362936553120e-02 5.503054004785593728e-02 2.853933397752037027e-02 0 0 0 0 0 0
3241 9166 15091 8.509676532251635173e-02 5.072450827543233121e-02 2.281402394885339788e-02 0 0 0 0 0 0
3242 9167 15092 8.630735771987511906e-02 5.024708347958605631e-02 2.138392465684288771e-02 0 0 0 0 0 0
3243 9168 15093 8.185027366311700692e-02 5.058089821045487489e-02 1.946232114744885638e-02 0 0 0 0 0 0
3244 9169 15094 8.481770243386720087e-02 4.854010251366702028e-02 0.000000000000000000e+00 0 0 0 0 0 0
3245 9170 15095 8.397370845897410285e-02 5.129951838508432088e-02 3.761090452031919627e-03 0 0 0 0 0 0
3246 9171 15096 8.170279771534734448e-02 5.522419788377210675e-02 1.673105132010421769e-02 0 0 0 0 0 0
3247 9172 15097 8.542881867893531433e-02 5.161524910430959068e-02 0.000000000000000000e+00 0 0 0 0 0 0
3248 9173 15098 4.744050841835555088e-02 1.225982888627833028e-01 4.116335697747223327e-02 0 0 0 0 0 0
3249 9174 15099 4.581201670722562930e-02 1.242126915218075278e-01 4.005942143330579880e-02 0 0 0 0 0 0
3250 9175 15100 3.635217145821865309e-02 1.276127371469643612e-01 4.574693715387082721e-02 0 0 0 0 0 0
3251 9176 15101 3.919240689150292611e-02 1.263486549175820151e-01 4.501132486408290778e-02 0 0 0 0 0 0
3252 9177 15102 4.719934277762404679e-02 1.215587880964616868e-01 4.372644891344976137e-02 0 0 0 0 0 0
3253 9178 15103 4.532865566614650843e-02 1.103874899668794290e-01 5.193333474519525039e-02 0 0 0 0 0 0
3254 9179 15104 4.453100689566990428e-02 1.053805133380115305e-01 5.451763894934923138e-02 0 0 0 0 0 0
3255 9180 15105 3.656405164552294085e-02 1.499999999999999944e-01 3.004794230417682371e-02 0 0 0 0 0 0
3256 9181 15106 3.583598579565606956e-02 1.400420376515283671e-01 4.972352233611130462e-02 0 0 0 0 0 0
3257 9182 15107 3.292512155404801050e-02 1.396258537352762230e-01 5.842929295055126343e-02 0 0 0 0 0 0
3258 9183 15108 2.791515115284463888e-02 1.322756994372355499e-01 5.732856631303757250e-02 0 0 0 0 0 0
3259 9184 15109 3.275851091469293014e-02 1.370566052875941132e-01 5.799094179732187937e-02 0 0 0 0 0 0
3260 9185 15110 3.291372684324961329e-02 1.380633454942565008e-01 5.815966486906472971e-02 0 0 0 0 0 0
3261 9186 15111 3.380759892838219871e-02 1.346974252018781071e-01 5.480649595944658836e-02 0 0 0 0 0 0
3262 9187 15112 7.510386467068737304e-02 1.222110390272695135e-01 2.732656612285078862e-02 0 0 0 0 0 0
3263 9188 15113 8.557168218537276883e-02 1.290051956962717794e-01 4.750189001207231337e-02 0 0 0 0 0 0
3264 9189 15114 8.562917302483807891e-02 1.296019447319442797e-01 4.732410542075531079e-02 0 0 0 0 0 0
3265 9190 15115 8.387974938511214007e-02 1.347449234308610577e-01 4.071351828921750821e-02 0 0 0 0 0 0
3266 9191 15116 7.781713873630159706e-02 1.316760058001184008e-01 2.858189196748369201e-02 0 0 0 0 0 0
3267 9192 15117 5.819014256978236044e-02 1.348584149395866683e-01 3.261892800378724672e-02 0 0 0 0 0 0
3268 9193 15118 5.865917750465259040e-02 1.358058374927500478e-01 3.270983315238717298e-02 0 0 0 0 0 0
3269 9194 15119 7.362417625523316744e-02 1.363739500861212428e-01 3.017997276202092835e-02 0 0 0 0 0 0
3270 9195 15120 6.638395760982718219e-02 1.215693052538837499e-01 2.874379829945661671e-02 0 0 0 0 0 0
3271 9196 15121 7.192361170298504358e-02 1.274745693014635306e-01 4.780905116388363407e-02 0 0 0 0 0 0
3272 9197 15122 8.433803374464465819e-02 1.289980686685239242e-01 4.800622972789498483e-02 0 0 0 0 0 0
3273 9198 15123 8.476060474784509469e-02 1.290405927362850425e-01 4.797904343750019479e-02 0 0 0 0 0 0
3274 9199 15124 6.130538533227734149e-02 1.229203915829357313e-01 3.583332470244156992e-02 0 0 0 0 0 0
3275 9200 15125 6.108206413915274330e-02 1.234748149804490297e-01 3.794281272737248106e-02 0 0 0 0 0 0
3276 9201 15126 5.999967682147511194e-02 1.348949717124922898e-01 3.902273526017099176e-02 0 0 0 0 0 0
3277 9202 15127 5.999434085775168235e-02 1.350401652163238098e-01 3.883887830924342283e-02 0 0 0 0 0 0
3278 9203 15128 8.270176934295495053e-02 1.352616555522398178e-01 3.998633078522536438e-02 0 0 0 0 0 0
3279 9204 15129 7.160588150253241468e-02 1.285805526552143419e-01 4.773360538239301148e-02 0 0 0 0 0 0
3280 9205 15130 5.890915549559806036e-02 1.355146226968105827e-01 3.500834009058567675e-02 0 0 0 0 0 0
3281 9206 15131 5.757263484598907494e-02 1.309177225176574033e-01 3.627561302280638694e-02 0 0 0 0 0 0
3282 9207 15132 5.786026904788525715e-02 1.337083441959325270e-01 3.392213474788947219e-02 0 0 0 0 0 0
3283 9208 15133 5.990705884848662732e-02 1.243069650711312590e-01 3.709462710639048477e-02 0 0 0 0 0 0
3284 9209 15134 5.932927189318434880e-02 1.499999999999999944e-01 2.726565181821291248e-02 0 0 0 0 0 0
3285 9210 15135 7.639922220797973340e-02 1.148871589000875354e-01 2.388662453031704241e-02 0 0 0 0 0 0
3286 9211 15136 7.640479900175488337e-02 1.148779263175199739e-01 2.387942030665221593e-02 0 0 0 0 0 0
3287 9212 15137 8.313848002470433651e-02 1.306047288314073906e-01 2.434706606623055630e-02 0 0 0 0 0 0
3288 9213 15138 8.470877748709963739e-02 1.290222862980440477e-01 4.802204305046720717e-02 0 0 0 0 0 0
3289 9214 15139 8.586801745028710409e-02 1.233989957724457021e-01 5.072944348533536818e-02 0 0 0 0 0 0
3290 9215 15140 7.308713030678369582e-02 1.218305237639819988e-01 5.052644434729331585e-02 0 0 0 0 0 0
3291 9216 15141 8.928380840038320498e-02 1.232499238301832251e-01 4.871994811908273576e-02 0 0 0 0 0 0
3292 9217 15142 6.539430367896463536e-02 1.189924218819146950e-01 4.352566689242082232e-02 0 0 0 0 0 0
3293 9218 15143 6.684814797061516822e-02 1.153830676582765363e-01 2.979267952816359172e-02 0 0 0 0 0 0
3294 9219 15144 6.942686140483637913e-02 1.336613449712227841e-01 5.105119712888291778e-02 0 0 0 0 0 0
3295 9220 15145 8.260053232443102800e-02 1.339380536349650541e-01 5.123187886549340764e-02 0 0 0 0 0 0
3296 9221 15146 6.312920434972432715e-02 1.474665032797764230e-01 5.226351211659110985e-02 0 0 0 0 0 0
3297 9222 15147 6.335067450377138143e-02 1.491586615139041949e-01 5.242379139698057772e-02 0 0 0 0 0 0
3298 9223 15148 8.341278345584617060e-02 1.484702340630296991e-01 5.259553711906209128e-02 0 0 0 0 0 0
3299 9224 15149 8.476910670233651912e-02 1.462043846087189569e-01 5.240035326243955294e-02 0 0 0 0 0 0
3300 9225 15150 6.304571427926507210e-02 1.414082430935811319e-01 5.169802211523603919e-02 0 0 0 0 0 0
3301 9226 15151 6.120477108453417636e-02 1.384878644321329566e-01 4.532939347306796929e-02 0 0 0 0 0 0
3302 9227 15152 9.015205683693433558e-02 1.414922767637304957e-01 4.622765601717834100e-02 0 0 0 0 0 0
3303 9228 15153 8.895870571244354763e-02 1.431457323656768199e-01 4.775319474630401045e-02 0 0 0 0 0 0
3304 9229 15154 8.985379350307322321e-02 1.358403518900528073e-01 4.504381656636299164e-02 0 0 0 0 0 0
3305 9230 15155 6.163355396258906466e-02 1.499999999999999944e-01 4.637271804816442411e-02 0 0 0 0 0 0
3306 9231 15156 9.040097441844875681e-02 1.421051518104035349e-01 4.633380351736515745e-02 0 0 0 0 0 0
3307 9232 15157 8.249187372058736090e-02 1.499999999999999944e-01 5.309924018442895022e-02 0 0 0 0 0 0
3308 9233 15158 6.340505463797174723e-02 1.499999999999999944e-01 5.271219063093501855e-02 0 0 0 0 0 0
3309 9234 15159 5.233444409876012587e-02 1.246671479539665645e-01 4.027916918775271971e-02 0 0 0 0 0 0
3310 9235 15160 5.398025772752341328e-02 1.272084336046447883e-01 3.886130946206687448e-02 0 0 0 0 0 0
3311 9236 15161 4.954994455378498863e-02 1.499999999999999944e-01 5.201092062987984488e-02 0 0 0 0 0 0
3312 9237 15162 4.688237357716473069e-02 1.499999999999999944e-01 6.205423714356751025e-02 0 0 0 0 0 0
3313 9238 15163 3.473833411841480839e-02 1.411819854630301796e-01 6.002869108299350304e-02 0 0 0 0 0 0
3314 9239 15164 6.290702863661774835e-02 1.499999999999999944e-01 5.457714578198492178e-02 0 0 0 0 0 0
3315 9240 15165 1.588491597243253325e-02 6.058796019314477421e-02 5.632226906329702160e-02 0 0 0 0 0 0
3316 9241 15166 1.487225136426699283e-02 6.971984155726733412e-02 5.874344482379879190e-02 0 0 0 0 0 0
3317 9242 15167 2.180180530429291774e-02 7.361301213403441401e-02 4.516298297253160121e-02 0 0 0 0 0 0
3318 9243 15168 2.406705971108843989e-02 7.381496837443443648e-02 4.067537750142203451e-02 0 0 0 0 0 0
3319 9244 15169 8.917518980782464938e-03 8.144000801062999118e-02 5.293174283241443984e-02 0 0 0 0 0 0
3320 9245 15170 4.265212408675587291e-03 8.848852270796503383e-02 4.738428937144913144e-02 0 0 0 0 0 0
3321 9246 15171 0.000000000000000000e+00 9.015418237961975167e-02 4.000762203777601111e-02 0 0 0 0 0 0
3322 9247 15172 2.378631192877642825e-02 7.458235098643645200e-02 3.966399703815946115e-02 0 0 0 0 0 0
3323 9248 15173 8.949962694606915237e-02 2.037965515032356609e-02 7.750390188830921789e-02 0 0 0 0 0 0
3324 9249 15174 7.111715369622652327e-02 2.352736563154686489e-02 8.745692716744422890e-02 0 0 0 0 0 0
3325 9250 15175 7.638115256537719722e-02 2.764278527380597747e-02 9.169578549095774855e-02 0 0 0 0 0 0
3326 9251 15176 7.733234402790942208e-02 2.658089597306829283e-02 9.826331306120208997e-02 0 0 0 0 0 0
3327 9252 15177 9.224730268961420232e-02 2.659296511624214057e-02 9.070724353686090979e-02 0 0 0 0 0 0
3328 9253 15178 8.858945461924938591e-02 2.928533848503394113e-02 9.036068666132522631e-02 0 0 0 0 0 0
3329 9254 15179 8.351379856244131594e-02 2.975546368862532626e-02 9.254504478358084596e-02 0 0 0 0 0 0
3330 9255 15180 9.683879740576138706e-02 2.369581404986102757e-02 8.495499555489079146e-02 0 0 0 0 0 0
3331 9256 15181 9.787010849588038963e-02 2.280551788614249009e-02 8.673529254912684672e-02 0 0 0 0 0 0
3332 9257 15182 9.368470403095939536e-02 2.495525087174313775e-02 8.271612675736414455e-02 0 0 0 0 0 0
3333 9258 15183 9.666924635293969170e-02 2.382696904377691952e-02 8.485741227218702998e-02 0 0 0 0 0 0
3334 9259 15184 9.413169945411324624e-02 2.576425791821337213e-02 8.372543194767131935e-02 0 0 0 0 0 0
3335 9260 15185 2.316658770079375526e-02 1.499999999999999944e-01 1.380050515859797544e-01 0 0 0 0 0 0
3336 9261 15186 3.084169097619235064e-02 1.435330366841322536e-01 1.385029672538582168e-01 0 0 0 0 0 0
3337 9262 15187 3.664230868485017500e-02 1.318674002611461837e-01 1.464454688651825320e-01 0 0 0 0 0 0
3338 9263 15188 3.829813469442944901e-02 1.499999999999999944e-01 1.415764364151803067e-01 0 0 0 0 0 0
3339 9264 15189 4.306338531978492340e-02 1.499999999999999944e-01 1.449148011365107014e-01 0 0 0 0 0 0
3340 9265 15190 2.800293407188911635e-02 1.219745822321267326e-01 1.514202304729607984e-01 0 0 0 0 0 0
3341 9266 15191 3.420135015597504380e-02 1.237817896078638735e-01 1.549063353014505373e-01 0 0 0 0 0 0
3342 9267 15192 3.537823042879758434e-02 1.260067064904186185e-01 1.529875583410231776e-01 0 0 0 0 0 0
3343 9268 15193 3.664283486076817115e-02 1.316605998505853692e-01 1.464507062342299271e-01 0 0 0 0 0 0
3344 9269 15194 3.364109691263895974e-02 1.324677027957163189e-01 1.424553873180343100e-01 0 0 0 0 0 0
3345 9270 15195 2.714461594213797568e-02 1.290450632166676437e-01 1.408978650354828777e-01 0 0 0 0 0 0
3346 9271 15196 6.474211865145718635e-03 1.354947189841383404e-01 1.312994183273103188e-01 0 0 0 0 0 0
3347 9272 15197 3.078742103446424627e-02 1.434307529507546919e-01 1.384332997699051215e-01 0 0 0 0 0 0
3348 9273 15198 5.563722540812133036e-03 1.324095261899400355e-01 1.358908352474048620e-01 0 0 0 0 0 0
3349 9274 15199 2.395852363615585956e-02 1.220441921260663753e-01 1.513166362841498191e-01 0 0 0 0 0 0
3350 9275 15200 1.592344298099881983e-02 1.245513276468136060e-01 1.475854903821575970e-01 0 0 0 0 0 0
3351 9276 15201 1.548548666564635891e-02 1.259957272581535559e-01 1.577158970693902929e-01 0 0 0 0 0 0
3352 9277 15202 3.367106743133052582e-02 1.499999999999999944e-01 6.409690393447493861e-02 0 0 0 0 0 0
3353 9278 15203 4.243539734386299334e-02 1.497997232067507789e-01 6.785358902961174943e-02 0 0 0 0 0 0
3354 9279 15204 4.231027273358953233e-02 1.499999999999999944e-01 6.790155824954546837e-02 0 0 0 0 0 0
3355 9280 15205 4.271258517848194186e-02 1.499999999999999944e-01 6.789767439106628166e-02 0 0 0 0 0 0
3356 9281 15206 1.831769985756608390e-02 1.499999999999999944e-01 9.189022564130171211e-02 0 0 0 0 0 0
3357 9282 15207 1.890671783147726895e-02 1.495170121092957438e-01 9.148732251266500359e-02 0 0 0 0 0 0
3358 9283 15208 2.126056042812933186e-02 1.395591319097942429e-01 8.000423104025219945e-02 0 0 0 0 0 0
3359 9284 15209 2.057927047879300544e-02 1.391695153399990781e-01 7.930401712627439814e-02 0 0 0 0 0 0
3360 9285 15210 0.000000000000000000e+00 1.493352182032196274e-01 8.512956309155907120e-02 0 0 0 0 0 0
3361 9286 15211 0.000000000000000000e+00 1.499999999999999944e-01 8.594715056209152604e-02 0 0 0 0 0 0
3362 9287 15212 1.959587941389188265e-02 1.499999999999999944e-01 9.143378943849435336e-02 0 0 0 0 0 0
3363 9288 15213 3.147008150460654796e-02 1.499999999999999944e-01 8.240987686266583456e-02 0 0 0 0 0 0
3364 9289 15214 3.213637234081956340e-02 1.471812710270126723e-01 7.915941371345322497e-02 0 0 0 0 0 0
3365 9290 15215 3.546649625599105488e-02 1.499999999999999944e-01 7.474422070483797975e-02 0 0 0 0 0 0
3366 9291 15216 5.803770920343238882e-02 1.063399000400083727e-01 1.820907132325948474e-01 0 0 0 0 0 0
3367 9292 15217 3.816720228370105300e-02 1.117047576682939081e-01 1.829337984942627782e-01 0 0 0 0 0 0
3368 9293 15218 4.016786373683902539e-02 1.155074308031528024e-01 1.973430557170701982e-01 0 0 0 0 0 0
3369 9294 15219 4.244923004453667048e-02 1.138044391477480988e-01 2.000000000000000111e-01 0 0 0 0 0 0
3370 9295 15220 4.626290189046301793e-02 1.121257503325250870e-01 1.837666562197207143e-01 0 0 0 0 0 0
3371 9296 15221 4.666382922860845550e-02 1.133751584591217582e-01 1.885257946407057905e-01 0 0 0 0 0 0
3372 9297 15222 6.226504921311770691e-02 1.028395179530752629e-01 2.000000000000000111e-01 0 0 0 0 0 0
3373 9298 15223 6.279227918514428131e-02 1.037099214962075994e-01 1.929922103227084407e-01 0 0 0 0 0 0
3374 9299 15224 6.109114219696504949e-02 1.054827843845761309e-01 1.879778948669333372e-01 0 0 0 0 0 0
3375 9300 15225 5.841899501748463314e-02 1.073238730227823040e-01 1.857921301681584036e-01 0 0 0 0 0 0
3376 9301 15226 5.807581946546715862e-02 1.063712523476004340e-01 1.821078878875693752e-01 0 0 0 0 0 0
3377 9302 15227 5.811348322854813231e-02 1.063718079587385318e-01 1.821656054728927610e-01 0 0 0 0 0 0
3378 9303 15228 6.114119617034983328e-02 9.656221597870791318e-02 2.000000000000000111e-01 0 0 0 0 0 0
3379 9304 15229 3.856820223137993192e-02 1.168211628215681946e-01 2.000000000000000111e-01 0 0 0 0 0 0
3380 9305 15230 6.226837151228694495e-02 1.052075353458822998e-01 1.891046437474230291e-01 0 0 0 0 0 0
3381 9306 15231 6.290911344727412313e-02 1.038311470627549943e-01 1.927382596099994627e-01 0 0 0 0 0 0
3382 9307 15232 6.435586773892255918e-02 1.052402536751774198e-01 1.912618227079420363e-01 0 0 0 0 0 0
3383 9308 15233 6.710591541834196039e-02 1.075686239399538946e-01 1.948022242891694344e-01 0 0 0 0 0 0
3384 9309 15234 6.690330500384526757e-02 1.070959647148750499e-01 2.000000000000000111e-01 0 0 0 0 0 0
3385 9310 15235 5.622418121861537388e-02 6.770056993169150383e-02 2.000000000000000111e-01 0 0 0 0 0 0
3386 9311 15236 5.002960957633914574e-02 6.770056993169148996e-02 2.000000000000000111e-01 0 0 0 0 0 0
3387 9312 15237 5.678063141129584268e-02 7.767668447412097443e-02 1.924495510671311860e-01 0 0 0 0 0 0
3388 9313 15238 5.844187499057409280e-02 8.104762151529101843e-02 2.000000000000000111e-01 0 0 0 0 0 0
3389 9314 15239 7.851545170226370551e-02 1.116362198714277720e-01 1.927510381151978369e-01 0 0 0 0 0 0
3390 9315 15240 8.147609715649042905e-02 1.120880337528982612e-01 2.000000000000000111e-01 0 0 0 0 0 0
3391 9316 15241 1.001366501678878779e-01 1.310387587949953248e-01 1.855438342442058131e-01 0 0 0 0 0 0
3392 9317 15242 1.066081361961282725e-01 1.274750527225458618e-01 1.753007423098826290e-01 0 0 0 0 0 0
3393 9318 15243 1.122466714064672827e-01 1.239146642213508204e-01 1.710377116943555542e-01 0 0 0 0 0 0
3394 9319 15244 1.178311119501844889e-01 1.185600932202403313e-01 1.855324496253935584e-01 0 0 0 0 0 0
3395 9320 15245 1.141746582041686525e-01 1.201428818504130941e-01 1.957294261039203842e-01 0 0 0 0 0 0
3396 9321 15246 1.103480473681235641e-01 1.227877981833552234e-01 1.962818702754484945e-01 0 0 0 0 0 0
3397 9322 15247 1.031733900866565190e-01 1.283995142721565397e-01 1.906363078300447877e-01 0 0 0 0 0 0
3398 9323 15248 9.967253256426324148e-02 1.315633354544340772e-01 1.893877686216426937e-01 0 0 0 0 0 0
3399 9324 15249 9.964025234273676812e-02 1.315076665780730292e-01 1.861409011801386792e-01 0 0 0 0 0 0
3400 9325 15250 1.108870788316413392e-01 1.232969487870440722e-01 2.000000000000000111e-01 0 0 0 0 0 0
3401 9326 15251 1.239901869814413887e-01 1.298968899603864524e-01 1.700393589078220413e-01 0 0 0 0 0 0
3402 9327 15252 1.096165885153552871e-01 1.262970545699917957e-01 1.700771989107490167e-01 0 0 0 0 0 0
3403 9328 15253 1.120072830722542434e-01 1.243574302080896199e-01 1.700270691227266651e-01 0 0 0 0 0 0
3404 9329 15254 1.055757554233611728e-01 1.349683088548317145e-01 1.702550608716252578e-01 0 0 0 0 0 0
3405 9330 15255 1.148521125059714376e-01 1.206893196675096341e-01 2.000000000000000111e-01 0 0 0 0 0 0
3406 9331 15256 6.991617154731111228e-02 6.488904770948746015e-02 1.818309724285368800e-01 0 0 0 0 0 0
3407 9332 15257 6.687123594421304218e-02 7.398324833426052349e-02 1.842579692814851067e-01 0 0 0 0 0 0
3408 9333 15258 6.555895995465962911e-02 7.362553365607241163e-02 1.836759695372897905e-01 0 0 0 0 0 0
3409 9334 15259 6.229128649521504385e-02 7.054648645094314940e-02 1.813938112455820151e-01 0 0 0 0 0 0
3410 9335 15260 5.336365230053500414e-02 7.643809831257480925e-02 1.663390601088568233e-01 0 0 0 0 0 0
3411 9336 15261 5.335361690175248472e-02 8.213052458648389953e-02 1.654080912634224021e-01 0 0 0 0 0 0
3412 9337 15262 5.365725763761505090e-02 8.290409938411090474e-02 1.657635508243560374e-01 0 0 0 0 0 0
3413 9338 15263 6.327033947892829469e-02 7.313694376507282047e-02 1.825244894052920896e-01 0 0 0 0 0 0
3414 9339 15264 6.791284349274388787e-02 7.558656841214946021e-02 1.833888337506061061e-01 0 0 0 0 0 0
3415 9340 15265 8.617178490268044555e-02 7.958165408138261065e-02 1.683522628065982907e-01 0 0 0 0 0 0
3416 9341 15266 8.493900222946744460e-02 8.074905184420839988e-02 1.693556196420987481e-01 0 0 0 0 0 0
3417 9342 15267 8.206409568800483723e-02 8.288267108665958727e-02 1.717003544944319116e-01 0 0 0 0 0 0
3418 9343 15268 6.426187925949611301e-02 8.664208398335034034e-02 1.696119670985486438e-01 0 0 0 0 0 0
3419 9344 15269 5.657002412368565547e-02 8.600195379375943916e-02 1.647310745420137723e-01 0 0 0 0 0 0
3420 9345 15270 6.689639283879460219e-02 7.185680784351627937e-02 1.578571559687478032e-01 0 0 0 0 0 0
3421 9346 15271 7.134237712794370967e-02 7.587924834571445343e-02 1.541598938211515002e-01 0 0 0 0 0 0
3422 9347 15272 8.568680172638344639e-02 7.955664142176149811e-02 1.676257947199721876e-01 0 0 0 0 0 0
3423 9348 15273 6.575275204564100251e-02 7.928497607437474948e-02 1.574139596855184398e-01 0 0 0 0 0 0
3424 9349 15274 5.696123746253844988e-02 8.496361214059487688e-02 1.630978062296750131e-01 0 0 0 0 0 0
3425 9350 15275 5.473320788077241927e-02 8.301546455253297485e-02 1.643206698976787117e-01 0 0 0 0 0 0
3426 9351 15276 8.729252978835282117e-02 7.903738204819868440e-02 1.679731726209634235e-01 0 0 0 0 0 0
3427 9352 15277 8.673035693224295795e-02 7.130360865108539836e-02 1.709922391718790846e-01 0 0 0 0 0 0
3428 9353 15278 7.293039725649420879e-02 5.883054036191930070e-02 1.824347879824067542e-01 0 0 0 0 0 0
3429 9354 15279 7.179778321459415191e-02 6.889821983852266463e-02 1.530893589178723979e-01 0 0 0 0 0 0
3430 9355 15280 7.587574055023620090e-02 7.258769323435920739e-02 1.496981464627632485e-01 0 0 0 0 0 0
3431 9356 15281 7.612437393799008356e-02 7.273525827519572440e-02 1.497026733930544862e-01 0 0 0 0 0 0
3432 9357 15282 8.695058031337279947e-02 7.599543392443437739e-02 1.585423035965657923e-01 0 0 0 0 0 0
3433 9358 15283 8.807707480982503168e-02 7.628422648164223663e-02 1.595998059835170568e-01 0 0 0 0 0 0
3434 9359 15284 8.919732235603754222e-02 7.634200244570504834e-02 1.612778520090688006e-01 0 0 0 0 0 0
3435 9360 15285 7.508634305051892222e-02 7.415046116290431588e-02 1.505676781067688541e-01 0 0 0 0 0 0
3436 9361 15286 7.594312517850321242e-02 7.395601233496648663e-02 1.502773900902136806e-01 0 0 0 0 0 0
3437 9362 15287 0.000000000000000000e+00 8.128992670391992081e-02 1.399691071020622568e-01 0 0 0 0 0 0
3438 9363 15288 1.563506216367843010e-02 8.270016628232979006e-02 1.442825677939071072e-01 0 0 0 0 0 0
3439 9364 15289 1.425277137132101822e-02 7.884768938214720135e-02 1.452511343395165577e-01 0 0 0 0 0 0
3440 9365 15290 9.467071831979917765e-03 7.451107138564780352e-02 1.453449101176422786e-01 0 0 0 0 0 0
3441 9366 15291 0.000000000000000000e+00 7.365716756042844926e-02 1.427330981666171117e-01 0 0 0 0 0 0
3442 9367 15292 0.000000000000000000e+00 6.560251610127984523e-02 1.480317391062862531e-01 0 0 0 0 0 0
3443 9368 15293 2.607647929864068386e-03 6.816113350537603144e-02 1.464968919001434500e-01 0 0 0 0 0 0
3444 9369 15294 1.476343209982832090e-02 7.830137268126430294e-02 1.528928714998296634e-01 0 0 0 0 0 0
3445 9370 15295 0.000000000000000000e+00 6.646110450392306301e-02 1.465555877392362150e-01 0 0 0 0 0 0
3446 9371 15296 1.885125055991465973e-02 8.942788044708609163e-02 1.511103199344797643e-01 0 0 0 0 0 0
3447 9372 15297 1.916808569299707082e-02 9.121218815059886631e-02 1.472276401586423145e-01 0 0 0 0 0 0
3448 9373 15298 1.679488478289036316e-02 8.577652367724687699e-02 1.441038870069855371e-01 0 0 0 0 0 0
3449 9374 15299 1.200595167028646257e-02 1.017198527795905444e-01 1.428117923628129393e-01 0 0 0 0 0 0
3450 9375 15300 9.814326926682413049e-03 9.758254686935975697e-02 1.400913688537911428e-01 0 0 0 0 0 0
3451 9376 15301 0.000000000000000000e+00 9.554965040503210494e-02 1.375763334246309366e-01 0 0 0 0 0 0
3452 9377 15302 2.262753718789110857e-02 7.576208245628443527e-02 1.718470562483014885e-01 0 0 0 0 0 0
3453 9378 15303 2.481324339532428591e-02 7.610783478559224324e-02 1.689789307457469913e-01 0 0 0 0 0 0
3454 9379 15304 2.353312489341150351e-02 7.520076873424393071e-02 1.677518270744615403e-01 0 0 0 0 0 0
3455 9380 15305 2.765632155446597421e-02 9.187008189176705530e-02 1.692693691058055339e-01 0 0 0 0 0 0
3456 9381 15306 2.815820115317249975e-02 8.399961670244802947e-02 1.683604171650791015e-01 0 0 0 0 0 0
3457 9382 15307 2.615597158606158129e-02 7.826158887529774399e-02 1.694331746845610109e-01 0 0 0 0 0 0
3458 9383 15308 2.893734312775434608e-02 8.826455916611646024e-02 1.665353126695026942e-01 0 0 0 0 0 0
3459 9384 15309 3.747865716010190251e-02 9.969768465056136342e-02 1.650522234761409301e-01 0 0 0 0 0 0
3460 9385 15310 5.526301445991245453e-02 9.627639814086103032e-02 1.663252774424462122e-01 0 0 0 0 0 0
3461 9386 15311 5.723266218589328352e-02 9.799908877052232459e-02 1.695534076290671210e-01 0 0 0 0 0 0
3462 9387 15312 3.053753024727753201e-02 8.941193652695687832e-02 1.657879320404594403e-01 0 0 0 0 0 0
3463 9388 15313 4.202833875323214868e-02 8.001992555898759796e-02 1.673721687416185044e-01 0 0 0 0 0 0
3464 9389 15314 5.143953358705649626e-02 8.462858155015499928e-02 1.673650090990217720e-01 0 0 0 0 0 0
3465 9390 15315 5.591733055766841959e-02 9.367963219690934873e-02 1.666341874254587685e-01 0 0 0 0 0 0
3466 9391 15316 4.090368867354512300e-02 7.954291041330401046e-02 1.677675841030945858e-01 0 0 0 0 0 0
3467 9392 15317 2.911921069870201939e-02 8.031965112182569422e-02 1.696340621713968988e-01 0 0 0 0 0 0
3468 9393 15318 3.214492501431556043e-02 7.298243684131459907e-02 1.670318550905159904e-01 0 0 0 0 0 0
3469 9394 15319 4.460567375551631464e-02 4.997056039975172892e-02 1.630649305727931986e-01 0 0 0 0 0 0
3470 9395 15320 4.091875860849155527e-02 5.624947823266899377e-02 1.611488977236078535e-01 0 0 0 0 0 0
3471 9396 15321 4.165065759709227211e-02 7.236128622745220673e-02 1.655278988926412731e-01 0 0 0 0 0 0
3472 9397 15322 4.039821920789911369e-02 7.091423650017561475e-02 1.652713186214840313e-01 0 0 0 0 0 0
3473 9398 15323 4.334817031968523499e-02 7.415749667168868020e-02 1.652148292178264033e-01 0 0 0 0 0 0
3474 9399 15324 4.583570279396961822e-02 7.772818855055453613e-02 1.650035119261741012e-01 0 0 0 0 0 0
3475 9400 15325 7.639572545761458278e-02 6.652854541225633467e-02 1.448949838122894629e-01 0 0 0 0 0 0
3476 9401 15326 7.691486362845983971e-02 6.833352339426226885e-02 1.467056760028424001e-01 0 0 0 0 0 0
3477 9402 15327 7.693953561100350114e-02 6.841763442186662991e-02 1.467490732872507031e-01 0 0 0 0 0 0
3478 9403 15328 7.785927932974071042e-02 7.126429176418894174e-02 1.409890502181526395e-01 0 0 0 0 0 0
3479 9404 15329 7.673672967648308141e-02 6.397942455720879995e-02 1.451357766878143551e-01 0 0 0 0 0 0
3480 9405 15330 7.703714713482892606e-02 6.293337269359124131e-02 1.449699104813796935e-01 0 0 0 0 0 0
3481 9406 15331 7.746973346716422293e-02 6.245398915520906924e-02 1.450754557763432040e-01 0 0 0 0 0 0
3482 9407 15332 8.143252936293168820e-02 6.079031956027865224e-02 1.469571542865019398e-01 0 0 0 0 0 0
3483 9408 15333 9.585266859708871379e-02 8.198877139815244353e-02 1.314007451723283038e-01 0 0 0 0 0 0
3484 9409 15334 9.044172402060962623e-02 8.303686952043146108e-02 1.244866874446919902e-01 0 0 0 0 0 0
3485 9410 15335 8.261593526781624286e-02 7.723607434352242063e-02 1.312625149541575276e-01 0 0 0 0 0 0
3486 9411 15336 7.824258777171072543e-02 6.134322651595838088e-02 1.434828730021292520e-01 0 0 0 0 0 0
3487 9412 15337 8.049683428544324171e-02 5.879738494217676831e-02 1.405672208032845427e-01 0 0 0 0 0 0
3488 9413 15338 8.260345115197015309e-02 5.807858982996913499e-02 1.419802493900911566e-01 0 0 0 0 0 0
3489 9414 15339 9.902297465570826518e-02 6.195011072056520740e-02 1.284618329361053579e-01 0 0 0 0 0 0
3490 9415 15340 9.578695396040527721e-02 7.046964942333398818e-02 1.233621968968902499e-01 0 0 0 0 0 0
3491 9416 15341 8.382786750166357215e-02 5.918499645069424248e-02 1.349513884105271455e-01 0 0 0 0 0 0
3492 9417 15342 8.993269052653979356e-02 7.760881630764487893e-02 1.200240078854409725e-01 0 0 0 0 0 0
3493 9418 15343 8.903004893806282238e-02 7.691786890215938921e-02 1.207843104027294251e-01 0 0 0 0 0 0
3494 9419 15344 7.475599914897279596e-02 6.044914742416993003e-02 1.473997695110336459e-01 0 0 0 0 0 0
3495 9420 15345 7.630962308618452483e-02 4.156222875007872797e-02 1.349823141629884204e-01 0 0 0 0 0 0
3496 9421 15346 7.969397340783664074e-02 5.818041868419459445e-02 1.398961707326082105e-01 0 0 0 0 0 0
3497 9422 15347 8.528256203936518398e-02 2.902851453676703886e-02 1.395919799418140206e-01 0 0 0 0 0 0
3498 9423 15348 7.661712965399017361e-02 6.315650372858772066e-02 1.450118176627837319e-01 0 0 0 0 0 0
3499 9424 15349 7.661626925307360447e-02 6.342328059871814305e-02 1.450527297853165809e-01 0 0 0 0 0 0
3500 9425 15350 8.971672353040428816e-02 7.599600545283585751e-02 1.601406431820262266e-01 0 0 0 0 0 0
3501 9426 15351 9.081145401650854432e-02 7.356316518365224599e-02 1.588434378410077397e-01 0 0 0 0 0 0
3502 9427 15352 9.421663313873883394e-02 6.019866853297610454e-02 1.585504781873612046e-01 0 0 0 0 0 0
3503 9428 15353 8.811932685271749166e-02 7.623694652980950170e-02 1.594089936184263645e-01 0 0 0 0 0 0
3504 9429 15354 3.831928814963875968e-02 4.429469194920210989e-02 1.316469081624029036e-01 0 0 0 0 0 0
3505 9430 15355 4.489949907664809309e-02 4.807093748202839051e-02 1.311890938995720346e-01 0 0 0 0 0 0
3506 9431 15356 5.150883991017703167e-02 4.848975425907603443e-02 1.332241210072344084e-01 0 0 0 0 0 0
3507 9432 15357 5.211648101916727810e-02 4.554014250166794897e-02 1.356206498265279670e-01 0 0 0 0 0 0
3508 9433 15358 3.488113152285381852e-02 3.600566368197339467e-02 1.365561695673889464e-01 0 0 0 0 0 0
3509 9434 15359 3.395207164735893762e-02 3.652250742027805114e-02 1.358444219677157339e-01 0 0 0 0 0 0
3510 9435 15360 4.082440894131995207e-02 3.560073114670520011e-02 1.565690999760736002e-01 0 0 0 0 0 0
3511 9436 15361 4.868720140292406157e-02 3.954911492450571830e-02 1.583520256922772984e-01 0 0 0 0 0 0
3512 9437 15362 5.528283473452928060e-02 4.442150813589027664e-02 1.512550020830817632e-01 0 0 0 0 0 0
3513 9438 15363 3.239279534086060564e-02 3.811718156149383752e-02 1.385249223761999826e-01 0 0 0 0 0 0
3514 9439 15364 3.694210964235299099e-02 3.855349769351851946e-02 1.578204275246396782e-01 0 0 0 0 0 0
3515 9440 15365 3.726080302808533473e-02 4.726168348285960524e-02 1.339761887750605951e-01 0 0 0 0 0 0
3516 9441 15366 4.508431852963969838e-02 4.955685988771217632e-02 1.626734006706872515e-01 0 0 0 0 0 0
3517 9442 15367 4.685320088984724907e-02 5.863545627362453522e-02 1.443083403733176062e-01 0 0 0 0 0 0
3518 9443 15368 4.674718244610513718e-02 5.993824941826560865e-02 1.400464178292232242e-01 0 0 0 0 0 0
3519 9444 15369 4.397927297165585281e-02 5.667354802325268864e-02 1.370150279007531502e-01 0 0 0 0 0 0
3520 9445 15370 5.077837255703844532e-02 4.643358557154279864e-02 1.613631530574498318e-01 0 0 0 0 0 0
3521 9446 15371 5.562473712682672322e-02 4.747117554511864901e-02 1.536431375718557424e-01 0 0 0 0 0 0
3522 9447 15372 5.264356284919333162e-02 5.671531376845906358e-02 1.407314440079958096e-01 0 0 0 0 0 0
3523 9448 15373 5.239482627818690258e-02 5.717831851980253316e-02 1.395860865182010357e-01 0 0 0 0 0 0
3524 9449 15374 3.550126864959136930e-02 4.005226725401795501e-02 1.214130671647024873e-01 0 0 0 0 0 0
3525 9450 15375 4.339217082276776438e-02 4.375515877440334933e-02 1.175842553465157453e-01 0 0 0 0 0 0
3526 9451 15376 4.693587651080511486e-02 4.177645167937140552e-02 1.118150195824244159e-01 0 0 0 0 0 0
3527 9452 15377 4.899484212040794429e-02 3.811470674963532423e-02 1.090273788393963661e-01 0 0 0 0 0 0
3528 9453 15378 4.869262195236828683e-02 4.143951422340774043e-02 1.109601737576926955e-01 0 0 0 0 0 0
3529 9454 15379 5.626668385531572586e-02 2.976648133907444996e-02 1.164898427764142902e-01 0 0 0 0 0 0
3530 9455 15380 6.021065821914280136e-02 3.733344374989839426e-02 1.295755485966807730e-01 0 0 0 0 0 0
3531 9456 15381 5.256379816355942480e-02 3.189865744916791507e-02 1.110582080469762895e-01 0 0 0 0 0 0
3532 9457 15382 5.555382063643581753e-02 4.653416785152209717e-02 1.275823142360231199e-01 0 0 0 0 0 0
3533 9458 15383 4.905362459089311622e-02 3.815181386781495848e-02 1.090496442397563687e-01 0 0 0 0 0 0
3534 9459 15384 4.877501669465856421e-02 4.143627797200685747e-02 1.109592092615853398e-01 0 0 0 0 0 0
3535 9460 15385 2.057337889583826102e-02 5.303916058401954292e-02 1.454407024244657176e-01 0 0 0 0 0 0
3536 9461 15386 3.031904698363881157e-02 5.370917630522169250e-02 1.382955522530867065e-01 0 0 0 0 0 0
3537 9462 15387 2.475647845956098145e-02 5.367683347188126342e-02 1.293865534609301149e-01 0 0 0 0 0 0
3538 9463 15388 1.859675090212441900e-02 5.338723017764132606e-02 1.289360643822440311e-01 0 0 0 0 0 0
3539 9464 15389 0.000000000000000000e+00 5.224135241091974052e-02 1.376494719241527498e-01 0 0 0 0 0 0
3540 9465 15390 2.781011581712700478e-02 5.131242482663914140e-02 1.255955771660843823e-01 0 0 0 0 0 0
3541 9466 15391 1.747547124367484009e-02 4.911742555450986786e-02 1.221041327892395945e-01 0 0 0 0 0 0
3542 9467 15392 3.500622030199872919e-02 5.083131173685130622e-02 1.352149646483706280e-01 0 0 0 0 0 0
3543 9468 15393 2.889913011613218924e-02 5.079580285292090158e-02 1.254338610351803385e-01 0 0 0 0 0 0
3544 9469 15394 1.486433119837213788e-02 4.720557191764907651e-02 1.202608615338854742e-01 0 0 0 0 0 0
3545 9470 15395 1.940675344461768523e-02 4.323476053231003341e-02 1.183004132220586563e-01 0 0 0 0 0 0
3546 9471 15396 3.121821448969194432e-02 4.574342430032397877e-02 1.222907835686191380e-01 0 0 0 0 0 0
3547 9472 15397 7.625196337260373158e-02 6.317769819914913210e-02 1.447995871795857703e-01 0 0 0 0 0 0
3548 9473 15398 7.540125401302275043e-02 4.511623212829957846e-02 1.318018697388803062e-01 0 0 0 0 0 0
3549 9474 15399 7.583077847008212746e-02 5.372447725908762600e-02 1.309159105679809088e-01 0 0 0 0 0 0
3550 9475 15400 7.149711931835270318e-02 5.500933211969742664e-02 1.298842516995677154e-01 0 0 0 0 0 0
3551 9476 15401 5.731070359840320649e-02 4.875491068882033957e-02 1.276904072438703741e-01 0 0 0 0 0 0
3552 9477 15402 5.874981004066416601e-02 6.096262100831608549e-02 1.364364843899252555e-01 0 0 0 0 0 0
3553 9478 15403 6.482975732428927773e-02 6.293122445985040170e-02 1.368524174164807983e-01 0 0 0 0 0 0
3554 9479 15404 4.411712761339136452e-02 6.053329117887845667e-02 1.472912664258299309e-01 0 0 0 0 0 0
3555 9480 15405 4.127137141062067055e-02 7.089735958323610532e-02 1.613440084137734154e-01 0 0 0 0 0 0
3556 9481 15406 3.217890581617486451e-02 1.499999999999999944e-01 9.184667090318082705e-02 0 0 0 0 0 0
3557 9482 15407 3.933378879999877703e-02 1.305240531017828887e-01 9.571406419655306697e-02 0 0 0 0 0 0
3558 9483 15408 4.280015112027004548e-02 1.304050901630094406e-01 9.457629046425367059e-02 0 0 0 0 0 0
3559 9484 15409 5.636560475055318875e-02 1.499999999999999944e-01 8.363949941570231195e-02 0 0 0 0 0 0
3560 9485 15410 3.905925517586203433e-02 1.397096574804532476e-01 1.083997233329309501e-01 0 0 0 0 0 0
3561 9486 15411 4.032423533369400293e-02 1.291729268510449502e-01 9.829494767673878364e-02 0 0 0 0 0 0
3562 9487 15412 4.249665762497007587e-02 1.499999999999999944e-01 1.095412500161848102e-01 0 0 0 0 0 0
3563 9488 15413 3.563189872280777409e-02 1.499999999999999944e-01 1.080086220548827358e-01 0 0 0 0 0 0
3564 9489 15414 4.017837989831176543e-02 1.319994780008831858e-01 1.092783352056577728e-01 0 0 0 0 0 0
3565 9490 15415 3.773371882970498470e-02 1.308415544008889875e-01 1.104662464430463814e-01 0 0 0 0 0 0
3566 9491 15416 3.155647625833676861e-02 1.294650888040917436e-01 1.132004397407880975e-01 0 0 0 0 0 0
3567 9492 15417 2.574441651577508150e-02 1.294531865672121085e-01 1.155514926325026115e-01 0 0 0 0 0 0
3568 9493 15418 2.203803730101757535e-02 1.315822072609651450e-01 1.166819529594737004e-01 0 0 0 0 0 0
3569 9494 15419 1.444930021054466676e-02 1.367669614793977084e-01 1.188540296196717722e-01 0 0 0 0 0 0
3570 9495 15420 6.817761997957669066e-03 1.499999999999999944e-01 1.196541251336248890e-01 0 0 0 0 0 0
3571 9496 15421 1.267806890683338510e-02 1.499999999999999944e-01 9.752893857919497922e-02 0 0 0 0 0 0
3572 9497 15422 2.355881518264136068e-02 1.325601806004011451e-01 9.336677194884278330e-02 0 0 0 0 0 0
3573 9498 15423 2.782936621872179189e-02 1.245227261379921596e-01 9.425762170752297053e-02 0 0 0 0 0 0
3574 9499 15424 2.807874869446617960e-02 1.230964856510881750e-01 9.633522121609996991e-02 0 0 0 0 0 0
3575 9500 15425 2.788734502082786115e-02 1.223326933243095993e-01 9.867468041601984430e-02 0 0 0 0 0 0
3576 9501 15426 2.332809320759577157e-02 1.258497106114666864e-01 1.084428524269027000e-01 0 0 0 0 0 0
3577 9502 15427 3.702779184829479986e-02 1.307302694977765800e-01 9.356959435633555033e-02 0 0 0 0 0 0
3578 9503 15428 3.174115193682214980e-02 1.499999999999999944e-01 9.143378943849435336e-02 0 0 0 0 0 0
3579 9504 15429 4.058737251187485157e-02 1.276827932683384792e-01 1.004677182740941754e-01 0 0 0 0 0 0
3580 9505 15430 3.915725709579885583e-02 1.267057165379049943e-01 1.005904190703393736e-01 0 0 0 0 0 0
3581 9506 15431 2.510260329339072949e-02 1.293468064933263328e-01 1.155750263011142698e-01 0 0 0 0 0 0
3582 9507 15432 2.903935491989129494e-02 1.223092070753843963e-01 9.815060168945766161e-02 0 0 0 0 0 0
3583 9508 15433 3.349369374225397156e-02 1.238368471124904613e-01 9.976095173387102000e-02 0 0 0 0 0 0
3584 9509 15434 5.428143460099320999e-02 1.301899105622187081e-01 8.672431413037468007e-02 0 0 0 0 0 0
3585 9510 15435 6.490520856255185822e-02 1.486463032862877509e-01 7.789911259754961348e-02 0 0 0 0 0 0
3586 9511 15436 6.496971878351649743e-02 1.499999999999999944e-01 7.774171922303592386e-02 0 0 0 0 0 0
3587 9512 15437 6.398705967958170926e-02 1.499999999999999944e-01 7.654161729421302129e-02 0 0 0 0 0 0
3588 9513 15438 4.249533110577435879e-02 1.494984834054655376e-01 6.790968515025633256e-02 0 0 0 0 0 0
3589 9514 15439 4.430592192249552252e-02 1.499999999999999944e-01 6.830667236771925666e-02 0 0 0 0 0 0
3590 9515 15440 3.649049998340789941e-02 1.313105350491604872e-01 8.091848325245609708e-02 0 0 0 0 0 0
3591 9516 15441 3.821169613216279098e-02 1.313019497200156871e-01 7.920087384970025957e-02 0 0 0 0 0 0
3592 9517 15442 2.554926561370371788e-02 1.239268598970621887e-01 8.173686987700043427e-02 0 0 0 0 0 0
3593 9518 15443 2.581460600311405798e-02 1.236402970483988784e-01 8.798459288595292249e-02 0 0 0 0 0 0
3594 9519 15444 2.583092574390749227e-02 1.238460454809558881e-01 9.038418610941845177e-02 0 0 0 0 0 0
3595 9520 15445 2.646492128203640354e-02 1.238199201221789059e-01 9.142546216291870531e-02 0 0 0 0 0 0
3596 9521 15446 2.165750239141297009e-02 1.186532867581229361e-01 1.019791719085898357e-01 0 0 0 0 0 0
3597 9522 15447 9.149290835010006478e-03 1.399963906527951496e-01 1.220756042454491375e-01 0 0 0 0 0 0
3598 9523 15448 0.000000000000000000e+00 1.428546356223615310e-01 1.251634414118712735e-01 0 0 0 0 0 0
3599 9524 15449 0.000000000000000000e+00 1.499999999999999944e-01 9.391187255092806052e-02 0 0 0 0 0 0
3600 9525 15450 2.492472669741795446e-02 1.228560000122868173e-01 8.160466945907132730e-02 0 0 0 0 0 0
3601 9526 15451 2.522029949735979729e-02 1.234009384823492733e-01 8.134879859830747295e-02 0 0 0 0 0 0
3602 9527 15452 4.881459284015952221e-02 7.176744667369640285e-02 1.292491439970995526e-02 0 0 0 0 0 0
3603 9528 15453 4.941674532570226874e-02 7.466860609973527407e-02 1.666549940607668992e-02 0 0 0 0 0 0
3604 9529 15454 4.912840775541046229e-02 7.410317347946100697e-02 2.439442225634956898e-02 0 0 0 0 0 0
3605 9530 15455 4.897965190672568664e-02 7.353838051841567192e-02 2.522592361245478559e-02 0 0 0 0 0 0
3606 9531 15456 4.747027180676239438e-02 6.666753605780405267e-02 2.048755846364988184e-02 0 0 0 0 0 0
3607 9532 15457 6.963758708107471718e-02 6.984772874093095330e-02 3.603084101360669311e-02 0 0 0 0 0 0
3608 9533 15458 6.842047008565535493e-02 5.781283117968926549e-02 2.861835013006696488e-02 0 0 0 0 0 0
3609 9534 15459 4.967000710280420478e-02 6.153983312982145432e-02 1.901967988774989210e-02 0 0 0 0 0 0
3610 9535 15460 5.213893847084731525e-02 6.717184441999782263e-02 8.153537453234929386e-03 0 0 0 0 0 0
3611 9536 15461 4.891319931399819299e-02 7.173402698500658259e-02 1.270008687543998892e-02 0 0 0 0 0 0
3612 9537 15462 5.374374547421129772e-02 6.797308911811100751e-02 6.755734271464781428e-03 0 0 0 0 0 0
3613 9538 15463 5.723952614875909423e-02 6.814183260140706244e-02 6.834381353908357097e-03 0 0 0 0 0 0
3614 9539 15464 7.165300925164269641e-02 6.494937579403842198e-02 1.486172285975950573e-02 0 0 0 0 0 0
3615 9540 15465 7.723101435540564996e-02 6.061111149184315178e-02 2.411534592104030289e-02 0 0 0 0 0 0
3616 9541 15466 7.690649443972562282e-02 5.997639954146651714e-02 2.533446306145394414e-02 0 0 0 0 0 0
3617 9542 15467 5.269748675367726815e-02 7.370310944799143837e-02 9.426352256141690145e-03 0 0 0 0 0 0
3618 9543 15468 5.626464377587945404e-02 7.890561681332317057e-02 1.185110975007520884e-02 0 0 0 0 0 0
3619 9544 15469 6.079953719356998715e-02 8.148570739624670656e-02 1.305362490991145846e-02 0 0 0 0 0 0
3620 9545 15470 6.169323561251187360e-02 8.187742869546071889e-02 1.556076654360998533e-02 0 0 0 0 0 0
3621 9546 15471 7.552993540347981150e-02 7.199865664039689639e-02 3.418677900569548622e-02 0 0 0 0 0 0
3622 9547 15472 7.780276563116152178e-02 7.381805649316251772e-02 3.195363605037104121e-02 0 0 0 0 0 0
3623 9548 15473 7.867126815977468213e-02 7.588328211460101946e-02 2.899376218924096943e-02 0 0 0 0 0 0
3624 9549 15474 7.825051112802659803e-02 7.626400164554775207e-02 2.830386836940268838e-02 0 0 0 0 0 0
3625 9550 15475 6.261209011244694977e-02 7.160712390364101787e-02 8.449466247347752618e-03 0 0 0 0 0 0
3626 9551 15476 6.455015560831865729e-02 7.823609529636636750e-02 1.153906265401363068e-02 0 0 0 0 0 0
3627 9552 15477 6.447328123026112301e-02 7.865711138012415615e-02 1.173528763409938287e-02 0 0 0 0 0 0
3628 9553 15478 7.713888699230654622e-02 6.725565779555285617e-02 3.009918903158036174e-02 0 0 0 0 0 0
3629 9554 15479 7.481859887939838749e-02 7.609768644104317192e-02 2.217994826048746981e-02 0 0 0 0 0 0
3630 9555 15480 6.978122153432023134e-02 7.032500512635603274e-02 1.235173823582217355e-02 0 0 0 0 0 0
3631 9556 15481 6.979124175002793251e-02 7.040959843667619900e-02 1.238238978124363461e-02 0 0 0 0 0 0
3632 9557 15482 4.790158463613887474e-02 7.757524245589911271e-02 2.493772344838055335e-02 0 0 0 0 0 0
3633 9558 15483 4.864722639361930556e-02 7.403241191837631185e-02 2.572013193234779990e-02 0 0 0 0 0 0
3634 9559 15484 4.685258268912870921e-02 7.343450490668665398e-02 2.588683246517606285e-02 0 0 0 0 0 0
3635 9560 15485 4.644824402103929495e-02 6.662007057152875833e-02 2.080698955606921294e-02 0 0 0 0 0 0
3636 9561 15486 4.864351040770463486e-02 7.193691645823051262e-02 1.272683401949779164e-02 0 0 0 0 0 0
3637 9562 15487 4.489046546801558207e-02 6.564024994242126376e-02 2.115846153536094995e-02 0 0 0 0 0 0
3638 9563 15488 5.001387915001345025e-02 6.454463356952250264e-02 0.000000000000000000e+00 0 0 0 0 0 0
3639 9564 15489 5.406406814069273509e-02 6.758858817622295789e-02 2.999078692952021358e-03 0 0 0 0 0 0
3640 9565 15490 5.293180018886628480e-02 6.639936842257543326e-02 0.000000000000000000e+00 0 0 0 0 0 0
3641 9566 15491 8.161315405852788418e-02 5.071631942148084604e-02 1.995395074976263894e-02 0 0 0 0 0 0
3642 9567 15492 7.893909030853507591e-02 5.457749044095109442e-02 2.394340311261889190e-02 0 0 0 0 0 0
3643 9568 15493 5.765377646370693082e-02 8.715313474889112288e-02 1.031710721554407635e-02 0 0 0 0 0 0
3644 9569 15494 5.846106414003939683e-02 8.787809440987144616e-02 4.175614891178448806e-02 0 0 0 0 0 0
3645 9570 15495 6.367412925235173271e-02 8.470686928322412879e-02 4.505163808612078907e-02 0 0 0 0 0 0
3646 9571 15496 6.739232238492574856e-02 8.418920105567662127e-02 4.531734344465181141e-02 0 0 0 0 0 0
3647 9572 15497 7.877824891440290966e-02 9.067225570559468706e-02 3.648720847594246613e-02 0 0 0 0 0 0
3648 9573 15498 7.789513587716509480e-02 9.243848813905634898e-02 3.445993190831030811e-02 0 0 0 0 0 0
3649 9574 15499 5.407477255377345776e-02 7.667621090731006894e-02 3.411313637183393394e-02 0 0 0 0 0 0
3650 9575 15500 6.603816479081467405e-02 8.075619778869716492e-02 4.566385512504825273e-02 0 0 0 0 0 0
3651 9576 15501 6.621387586669438829e-02 7.716865074843801131e-02 4.455278275919747483e-02 0 0 0 0 0 0
3652 9577 15502 7.983882350457442711e-02 9.061830005056156767e-02 3.549080312143084587e-02 0 0 0 0 0 0
3653 9578 15503 7.542223487991742137e-02 7.244993339271009469e-02 3.477802912209491254e-02 0 0 0 0 0 0
3654 9579 15504 6.854361293135607935e-02 7.401343390373313347e-02 4.156126516284669448e-02 0 0 0 0 0 0
3655 9580 15505 7.890582773226791080e-02 7.656028532685413279e-02 2.901586462142013295e-02 0 0 0 0 0 0
3656 9581 15506 6.430471231692280742e-02 8.095772461968256395e-02 9.210212879379894163e-03 0 0 0 0 0 0
3657 9582 15507 6.060378885770646012e-02 7.438325518453503538e-02 0.000000000000000000e+00 0 0 0 0 0 0
3658 9583 15508 8.316853786960498596e-02 5.524761590711217696e-02 2.847158666937148197e-02 0 0 0 0 0 0
3659 9584 15509 7.289691550303495360e-02 7.438325518453503538e-02 0.000000000000000000e+00 0 0 0 0 0 0
3660 9585 15510 7.359368825913581436e-02 7.809885912985285727e-02 0.000000000000000000e+00 0 0 0 0 0 0
3661 9586 15511 4.256811280426738703e-02 1.272149936554327898e-01 1.693977295024669261e-01 0 0 0 0 0 0
3662 9587 15512 4.218212394843859347e-02 1.319259694751210854e-01 1.680043151181533634e-01 0 0 0 0 0 0
3663 9588 15513 4.536401278476234061e-02 1.204017273813626776e-01 1.779412751708349949e-01 0 0 0 0 0 0
3664 9589 15514 4.346232322101539758e-02 1.261532093873527494e-01 1.705858407514308228e-01 0 0 0 0 0 0
3665 9590 15515 4.712252100366676189e-02 1.210673041873402411e-01 1.801073394930356175e-01 0 0 0 0 0 0
3666 9591 15516 5.546215807664938574e-02 1.323363578705161747e-01 1.840953114556787562e-01 0 0 0 0 0 0
3667 9592 15517 5.582275477583260176e-02 1.499999999999999944e-01 1.790320269001315079e-01 0 0 0 0 0 0
3668 9593 15518 5.557695899207525103e-02 1.355904940384881630e-01 1.817495368988856219e-01 0 0 0 0 0 0
3669 9594 15519 4.680674967744639231e-02 1.187704898254675484e-01 1.792650170915856545e-01 0 0 0 0 0 0
3670 9595 15520 3.726249289546598037e-02 1.086677787504438802e-01 1.555977857446054491e-01 0 0 0 0 0 0
3671 9596 15521 3.721933390857522228e-02 1.083591665945768390e-01 1.511490187572966659e-01 0 0 0 0 0 0
3672 9597 15522 3.431680405360706260e-02 1.085487222483597913e-01 1.492645356579974103e-01 0 0 0 0 0 0
3673 9598 15523 3.201437665812523203e-02 1.087357751720133686e-01 1.482904595509919043e-01 0 0 0 0 0 0
3674 9599 15524 3.067337817375870301e-02 1.113599328123195259e-01 1.486633216544007707e-01 0 0 0 0 0 0
3675 9600 15525 3.577390610034013319e-02 1.197934054109696944e-01 1.541285184758173776e-01 0 0 0 0 0 0
3676 9601 15526 3.680881242161426065e-02 1.115373762996583057e-01 1.515116595143415346e-01 0 0 0 0 0 0
3677 9602 15527 3.551538379447859856e-02 1.232454093085711272e-01 1.644829728807161440e-01 0 0 0 0 0 0
3678 9603 15528 8.211734454042288189e-02 1.499999999999999944e-01 7.987969040951133082e-02 0 0 0 0 0 0
3679 9604 15529 8.229621723137542366e-02 1.497016006190487192e-01 7.983591693129610256e-02 0 0 0 0 0 0
3680 9605 15530 8.109102370081880395e-02 1.439972230367048966e-01 8.101723912902915326e-02 0 0 0 0 0 0
3681 9606 15531 8.063976160020899786e-02 1.316702141626262257e-01 6.469204336407000100e-02 0 0 0 0 0 0
3682 9607 15532 6.649844247187755575e-02 1.499999999999999944e-01 7.874108379779931610e-02 0 0 0 0 0 0
3683 9608 15533 6.549771392104423995e-02 1.471399543013953704e-01 7.850851771887611130e-02 0 0 0 0 0 0
3684 9609 15534 6.121252789882666162e-02 1.387016254703870577e-01 6.595517709245977966e-02 0 0 0 0 0 0
3685 9610 15535 6.097203825350682588e-02 1.499999999999999944e-01 7.021083105425869608e-02 0 0 0 0 0 0
3686 9611 15536 6.746609068061436287e-02 1.313935054988839279e-01 6.451136162745950420e-02 0 0 0 0 0 0
3687 9612 15537 6.689273532049347382e-02 1.427751935686105145e-01 7.959859972516712678e-02 0 0 0 0 0 0
3688 9613 15538 6.356993230519476790e-02 1.350010927515314374e-01 6.934589672822122353e-02 0 0 0 0 0 0
3689 9614 15539 6.337478058428783201e-02 1.349608510400968631e-01 6.891917119698914851e-02 0 0 0 0 0 0
3690 9615 15540 7.504364874898218629e-02 1.499999999999999944e-01 8.296654979911825822e-02 0 0 0 0 0 0
3691 9616 15541 7.514977546265491637e-02 1.457397628049561522e-01 8.340970903511815693e-02 0 0 0 0 0 0
3692 9617 15542 6.356368180191736272e-02 1.347102609122682593e-01 6.896067339008978003e-02 0 0 0 0 0 0
3693 9618 15543 5.439498771864113846e-02 1.301269333219017832e-01 8.674304768727930659e-02 0 0 0 0 0 0
3694 9619 15544 4.632035602088737519e-02 1.261085151715184982e-01 9.887059562885808228e-02 0 0 0 0 0 0
3695 9620 15545 4.255305072991098086e-02 1.322015130186589560e-01 1.103835201861422116e-01 0 0 0 0 0 0
3696 9621 15546 4.452840990707895852e-02 1.381150255715644370e-01 1.110395170451462382e-01 0 0 0 0 0 0
3697 9622 15547 5.115008196098520810e-02 1.499999999999999944e-01 1.074057980316645983e-01 0 0 0 0 0 0
3698 9623 15548 4.515669931774860674e-02 1.499999999999999944e-01 1.107896214262106965e-01 0 0 0 0 0 0
3699 9624 15549 9.011806439960012849e-02 1.442821705323865666e-01 7.540658943359952737e-02 0 0 0 0 0 0
3700 9625 15550 8.526526768432231285e-02 1.491771574768401276e-01 7.989635742161770027e-02 0 0 0 0 0 0
3701 9626 15551 8.496154111138640164e-02 1.479464008505315953e-01 7.966191773863698367e-02 0 0 0 0 0 0
3702 9627 15552 1.097992583561008539e-01 1.499999999999999944e-01 5.505936391072287911e-02 0 0 0 0 0 0
3703 9628 15553 1.096665326753123865e-01 1.389090616926022537e-01 5.612085487454374771e-02 0 0 0 0 0 0
3704 9629 15554 1.036135291252606033e-01 1.345774581915724910e-01 6.259387549021770691e-02 0 0 0 0 0 0
3705 9630 15555 8.506264494628071327e-02 1.499999999999999944e-01 8.003210272423030847e-02 0 0 0 0 0 0
3706 9631 15556 1.028926400869677182e-01 1.341684143568052656e-01 4.974235038439497880e-02 0 0 0 0 0 0
3707 9632 15557 9.799904099902481680e-02 1.370070943211966208e-01 4.445869007681969853e-02 0 0 0 0 0 0
3708 9633 15558 9.694954840453139100e-02 1.426349976487518156e-01 4.278408221166109249e-02 0 0 0 0 0 0
3709 9634 15559 9.819864725899563052e-02 1.499999999999999944e-01 4.326004112312383659e-02 0 0 0 0 0 0
3710 9635 15560 1.223300690254680162e-01 1.426975932424200677e-01 1.377354704006097767e-02 0 0 0 0 0 0
3711 9636 15561 1.199328272427118286e-01 1.499999999999999944e-01 4.142498361903817344e-03 0 0 0 0 0 0
3712 9637 15562 1.198601143075616327e-01 1.499999999999999944e-01 2.956129113131183289e-02 0 0 0 0 0 0
3713 9638 15563 1.187319694870022230e-01 1.447691836211966732e-01 2.482163774171180712e-02 0 0 0 0 0 0
3714 9639 15564 1.170501458005415718e-01 1.499999999999999944e-01 1.775582385773719074e-02 0 0 0 0 0 0
3715 9640 15565 1.196860928094811150e-01 1.430591428023100520e-01 2.522224827231715066e-02 0 0 0 0 0 0
3716 9641 15566 1.252646005867914802e-01 1.442327111543850737e-01 2.856488271377589580e-02 0 0 0 0 0 0
3717 9642 15567 1.198459679907882408e-01 1.431045045558715922e-01 2.548459508814479579e-02 0 0 0 0 0 0
3718 9643 15568 1.213781649667744350e-01 1.462042252333423109e-01 2.956636194779577870e-02 0 0 0 0 0 0
3719 9644 15569 1.225102666837229320e-01 1.499999999999999944e-01 3.346777464791566431e-02 0 0 0 0 0 0
3720 9645 15570 1.028532608864309861e-01 1.418747772321664880e-01 3.834860475102324501e-02 0 0 0 0 0 0
3721 9646 15571 1.075713742025807690e-01 1.499999999999999944e-01 3.644511229145274561e-02 0 0 0 0 0 0
3722 9647 15572 9.882130202007577413e-02 1.392139572308067619e-01 4.078017476445006811e-02 0 0 0 0 0 0
3723 9648 15573 1.499999999999999944e-01 1.499999999999999944e-01 2.977812866101213832e-02 0 0 0 0 0 0
3724 9649 15574 1.339451755685843459e-01 1.320209911637378886e-01 4.363605680156600747e-02 0 0 0 0 0 0
3725 9650 15575 1.371714301739491992e-01 1.289163620478460948e-01 4.391013911047091794e-02 0 0 0 0 0 0
3726 9651 15576 1.375691061615507971e-01 1.305050416231507415e-01 4.909483054404993607e-02 0 0 0 0 0 0
3727 9652 15577 1.360169064525834082e-01 1.322899382075053976e-01 4.972386498906000013e-02 0 0 0 0 0 0
3728 9653 15578 1.319378096133061451e-01 1.356781760716142538e-01 4.797400653172963214e-02 0 0 0 0 0 0
3729 9654 15579 1.499999999999999944e-01 1.320538468685532874e-01 5.141755873611559419e-02 0 0 0 0 0 0
3730 9655 15580 1.499999999999999944e-01 1.268687473318552972e-01 3.420145344024237699e-02 0 0 0 0 0 0
3731 9656 15581 1.461530773306653763e-01 1.270634431881599302e-01 3.572052379933324251e-02 0 0 0 0 0 0
3732 9657 15582 1.359632545043256147e-01 1.382421140145059790e-01 3.304460253225359467e-02 0 0 0 0 0 0
3733 9658 15583 1.297710256518776473e-01 1.499999999999999944e-01 4.612624670575787150e-02 0 0 0 0 0 0
3734 9659 15584 1.294715002090003342e-01 1.465460899730033351e-01 4.929114819651975871e-02 0 0 0 0 0 0
3735 9660 15585 1.499999999999999944e-01 1.277313736633022556e-01 3.028581058291687084e-02 0 0 0 0 0 0
3736 9661 15586 1.499999999999999944e-01 1.311807434585563759e-01 2.573789256060088348e-02 0 0 0 0 0 0
3737 9662 15587 1.323095825216862587e-01 1.499999999999999944e-01 5.207368974552879087e-02 0 0 0 0 0 0
3738 9663 15588 1.298114323531171233e-01 1.484514795632228545e-01 5.002615916913154964e-02 0 0 0 0 0 0
3739 9664 15589 1.300277387065095491e-01 1.499999999999999944e-01 4.977199852695517873e-02 0 0 0 0 0 0
3740 9665 15590 9.857983860783969821e-02 1.356008171021083342e-01 4.409692033516802306e-02 0 0 0 0 0 0
3741 9666 15591 9.963545697683601210e-02 1.350515799076258405e-01 4.192575081966484762e-02 0 0 0 0 0 0
3742 9667 15592 1.245165413516291092e-01 1.151237582353509675e-01 3.469423762873365819e-02 0 0 0 0 0 0
3743 9668 15593 1.326753822863085130e-01 1.170831331064347142e-01 3.238389682078236798e-02 0 0 0 0 0 0
3744 9669 15594 1.422172190952050164e-01 1.252787069593082059e-01 3.805513512586865960e-02 0 0 0 0 0 0
3745 9670 15595 1.374563411632309107e-01 1.262378746388619077e-01 4.238507219459870107e-02 0 0 0 0 0 0
3746 9671 15596 1.244670080523723604e-01 1.149299466842169104e-01 3.467332507652880896e-02 0 0 0 0 0 0
3747 9672 15597 1.299575043960723153e-01 1.064487490132351721e-01 3.123643109330548340e-02 0 0 0 0 0 0
3748 9673 15598 1.279731802123847406e-01 1.027380305211961498e-01 3.761434156762261810e-02 0 0 0 0 0 0
3749 9674 15599 1.392753417518346193e-01 9.987474928973026633e-02 4.504052880102674822e-02 0 0 0 0 0 0
3750 9675 15600 1.443272755192497037e-01 1.046753775474807413e-01 4.801715478594437841e-02 0 0 0 0 0 0
3751 9676 15601 1.312858885821102106e-01 1.018295951641557673e-01 3.235069463181688976e-02 0 0 0 0 0 0
3752 9677 15602 1.326254843297854091e-01 1.010151321402805724e-01 3.325767178566126081e-02 0 0 0 0 0 0
3753 9678 15603 1.363236850434973169e-01 1.000782327111930936e-01 3.568760793821688926e-02 0 0 0 0 0 0
3754 9679 15604 1.381955746375758132e-01 1.004907087517187825e-01 3.686756141418692789e-02 0 0 0 0 0 0
3755 9680 15605 1.473453928043406969e-01 1.091853745305864931e-01 4.225868247126271515e-02 0 0 0 0 0 0
3756 9681 15606 1.307382616180597090e-01 1.016025653474928181e-01 3.350673363591388093e-02 0 0 0 0 0 0
3757 9682 15607 1.377117040747505294e-01 9.980235325944641911e-02 3.763151737051168011e-02 0 0 0 0 0 0
3758 9683 15608 1.182780622942675858e-01 1.025210669251978290e-01 4.752141148833985418e-02 0 0 0 0 0 0
3759 9684 15609 1.231479222362282938e-01 1.045036292539271161e-01 5.790513791534841748e-02 0 0 0 0 0 0
3760 9685 15610 1.175371435760513700e-01 1.029937309604362361e-01 4.801840931821076824e-02 0 0 0 0 0 0
3761 9686 15611 1.415715357102694527e-01 1.028096553141792935e-01 5.967732969133412307e-02 0 0 0 0 0 0
3762 9687 15612 1.391469250417745329e-01 1.087564047601309730e-01 5.989044861367983502e-02 0 0 0 0 0 0
3763 9688 15613 1.262629495395231338e-01 1.077396427477156082e-01 5.847945674758787959e-02 0 0 0 0 0 0
3764 9689 15614 1.358639320139932993e-01 1.194615286976059149e-01 5.666669725163517302e-02 0 0 0 0 0 0
3765 9690 15615 1.368444466800418646e-01 1.270922034725464334e-01 4.329466646508055294e-02 0 0 0 0 0 0
3766 9691 15616 1.233261829439973589e-01 1.156685245207434987e-01 3.543283439033473314e-02 0 0 0 0 0 0
3767 9692 15617 1.243404739889455018e-01 1.151024041779582507e-01 3.470942873762506570e-02 0 0 0 0 0 0
3768 9693 15618 1.499999999999999944e-01 1.251252714934226462e-01 2.265289347769661871e-02 0 0 0 0 0 0
3769 9694 15619 1.486372327294208651e-01 1.241703603124885702e-01 2.247433767060924570e-02 0 0 0 0 0 0
3770 9695 15620 1.442407753520179581e-01 1.039576040737582030e-01 3.132269752368208732e-02 0 0 0 0 0 0
3771 9696 15621 1.499999999999999944e-01 1.086763882602642811e-01 3.170146113707175001e-02 0 0 0 0 0 0
3772 9697 15622 1.499999999999999944e-01 1.108751211977923867e-01 4.049288510344336428e-02 0 0 0 0 0 0
3773 9698 15623 1.499999999999999944e-01 9.861273832878483803e-02 5.825923383956391199e-02 0 0 0 0 0 0
3774 9699 15624 1.361994649756624320e-01 1.214058650971810288e-01 5.678775775881303445e-02 0 0 0 0 0 0
3775 9700 15625 1.499999999999999944e-01 1.155290152910665308e-01 6.612920443559282269e-02 0 0 0 0 0 0
3776 9701 15626 1.474668623671687440e-01 1.150910399121640726e-01 6.576482171335480686e-02 0 0 0 0 0 0
3777 9702 15627 1.440346646902078975e-01 1.106233630286359709e-01 6.346869002966838702e-02 0 0 0 0 0 0
3778 9703 15628 1.181236546914926494e-01 9.308146011881736348e-02 3.757526976995470558e-02 0 0 0 0 0 0
3779 9704 15629 1.161224899780399361e-01 9.813086953246846766e-02 4.507487983966033951e-02 0 0 0 0 0 0
3780 9705 15630 1.499999999999999944e-01 1.026441984650870998e-01 2.963707810641004123e-02 0 0 0 0 0 0
3781 9706 15631 1.485126075032201787e-01 1.299074385209954552e-01 1.941119924272596484e-02 0 0 0 0 0 0
3782 9707 15632 1.499540293283915249e-01 1.291939470058196815e-01 2.103470394227294898e-02 0 0 0 0 0 0
3783 9708 15633 1.441677263394689767e-01 1.333560884941964453e-01 2.184951374157691889e-02 0 0 0 0 0 0
3784 9709 15634 1.424094611410224309e-01 1.340937009913814870e-01 2.218115153838142589e-02 0 0 0 0 0 0
3785 9710 15635 1.499999999999999944e-01 1.281668839708065555e-01 1.801896852271699101e-02 0 0 0 0 0 0
3786 9711 15636 1.499999999999999944e-01 1.256311328055245424e-01 1.549432777878628244e-02 0 0 0 0 0 0
3787 9712 15637 1.498183815580682032e-01 1.254846571387468190e-01 1.530689293247853786e-02 0 0 0 0 0 0
3788 9713 15638 1.443164744275954592e-01 1.246003912208899500e-01 1.316625143289865477e-02 0 0 0 0 0 0
3789 9714 15639 1.186056565287697956e-01 1.280204914688381490e-01 1.068212524359516899e-02 0 0 0 0 0 0
3790 9715 15640 1.196582731690762486e-01 1.297596952316058261e-01 1.265481781103255758e-02 0 0 0 0 0 0
3791 9716 15641 1.499999999999999944e-01 1.291525549539644657e-01 2.102955780831097451e-02 0 0 0 0 0 0
3792 9717 15642 1.245216692442130541e-01 1.315323470738542222e-01 2.715991636868734724e-02 0 0 0 0 0 0
3793 9718 15643 1.499999999999999944e-01 1.254269876693205610e-01 2.162355890409321801e-02 0 0 0 0 0 0
3794 9719 15644 1.488168551591294575e-01 1.244166762772039997e-01 2.208693912438963736e-02 0 0 0 0 0 0
3795 9720 15645 1.205356018767501786e-01 1.174241366472709713e-01 3.042776899899720527e-02 0 0 0 0 0 0
3796 9721 15646 1.173272250191061405e-01 1.192647611441746552e-01 3.095405146452170561e-02 0 0 0 0 0 0
3797 9722 15647 1.148699675646740193e-01 1.219533001660953048e-01 3.115322992453662537e-02 0 0 0 0 0 0
3798 9723 15648 1.206131171582767031e-01 1.181817821206150865e-01 2.456742515158006485e-02 0 0 0 0 0 0
3799 9724 15649 1.197347275932061639e-01 1.174740393486659734e-01 2.870423495553276264e-02 0 0 0 0 0 0
3800 9725 15650 1.300766048903228278e-01 1.211679774272674953e-01 1.666720628936843585e-02 0 0 0 0 0 0
3801 9726 15651 1.199473917181246296e-01 1.226138162549062632e-01 1.559842315935894633e-02 0 0 0 0 0 0
3802 9727 15652 1.176115622509480846e-01 1.271504396924696412e-01 1.150372043868530016e-02 0 0 0 0 0 0
3803 9728 15653 1.177944925480494259e-01 1.264666483183118639e-01 1.212515974645384832e-02 0 0 0 0 0 0
3804 9729 15654 1.172582058209405975e-01 1.300751662090868233e-01 2.303523070052523880e-02 0 0 0 0 0 0
3805 9730 15655 1.173407440468614144e-01 1.270073728062145468e-01 1.205409119860380643e-02 0 0 0 0 0 0
3806 9731 15656 1.134223465699702588e-01 1.262639227960953847e-01 2.462756633805603459e-02 0 0 0 0 0 0
3807 9732 15657 1.389166337230495762e-01 1.499999999999999944e-01 7.671751361303400484e-03 0 0 0 0 0 0
3808 9733 15658 1.499999999999999944e-01 1.291854902316396103e-01 2.108561380358322038e-02 0 0 0 0 0 0
3809 9734 15659 1.499999999999999944e-01 1.499999999999999944e-01 1.982217817191560261e-02 0 0 0 0 0 0
3810 9735 15660 1.499999999999999944e-01 1.358742269526583557e-01 0.000000000000000000e+00 0 0 0 0 0 0
3811 9736 15661 1.410059818712398050e-01 1.499999999999999944e-01 0.000000000000000000e+00 0 0 0 0 0 0
3812 9737 15662 1.183564523474618241e-01 1.499999999999999944e-01 0.000000000000000000e+00 0 0 0 0 0 0
3813 9738 15663 1.304924937435342769e-01 1.353263371231777645e-01 3.075389609468003743e-02 0 0 0 0 0 0
3814 9739 15664 1.241457209494670755e-01 1.271006669180315407e-01 3.886043038456638010e-02 0 0 0 0 0 0
3815 9740 15665 1.145721414153134526e-01 1.207781605777055872e-01 3.377843269430063494e-02 0 0 0 0 0 0
3816 9741 15666 1.144530505174974622e-01 1.208619047664148405e-01 3.325327184892787336e-02 0 0 0 0 0 0
3817 9742 15667 1.399049183041436717e-01 1.104615159769837957e-01 1.507350045534860787e-02 0 0 0 0 0 0
3818 9743 15668 1.210285567052017119e-01 1.144914475747095539e-01 2.605028567752957352e-02 0 0 0 0 0 0
3819 9744 15669 1.206243955471936052e-01 1.156357323835818934e-01 1.372401341267310594e-02 0 0 0 0 0 0
3820 9745 15670 1.195831969762538027e-01 1.426954007257819623e-01 2.530746197287448568e-02 0 0 0 0 0 0
3821 9746 15671 1.221856298299278387e-01 1.010142935627304089e-01 1.594570292718054325e-02 0 0 0 0 0 0
3822 9747 15672 1.092172400577579305e-01 1.261509041512368645e-01 2.290102271296354589e-02 0 0 0 0 0 0
3823 9748 15673 1.123078023658941327e-01 1.261781258496066926e-01 2.541101356806402256e-02 0 0 0 0 0 0
3824 9749 15674 1.141161796436479386e-01 1.354451553224564897e-01 2.700597385982247620e-02 0 0 0 0 0 0
3825 9750 15675 1.097739862718311726e-01 1.221018477970843286e-01 3.381278664126273481e-02 0 0 0 0 0 0
3826 9751 15676 1.115595318654848123e-01 1.211104237030544845e-01 3.448332915085985939e-02 0 0 0 0 0 0
3827 9752 15677 1.116551923914019528e-01 1.210068062764141639e-01 3.448313285955688368e-02 0 0 0 0 0 0
3828 9753 15678 1.116559106739780233e-01 9.648213777788695877e-02 1.694286802350138815e-02 0 0 0 0 0 0
3829 9754 15679 1.100302142423628948e-01 1.242156869934680913e-01 3.006049165819602714e-02 0 0 0 0 0 0
3830 9755 15680 1.120439362122724603e-01 1.210301588088247421e-01 3.434335264060869863e-02 0 0 0 0 0 0
3831 9756 15681 1.403837374928301185e-01 1.197457425922601321e-01 8.789157596428982810e-02 0 0 0 0 0 0
3832 9757 15682 1.476843610389476646e-01 1.204272228990550114e-01 8.645129132208477507e-02 0 0 0 0 0 0
3833 9758 15683 1.462190366442577827e-01 1.143499741012405230e-01 9.033491320353882748e-02 0 0 0 0 0 0
3834 9759 15684 1.427645881202205536e-01 1.146009591480768586e-01 9.066942888052055560e-02 0 0 0 0 0 0
3835 9760 15685 1.418215315582604663e-01 1.076084020795476659e-01 8.804640952741510374e-02 0 0 0 0 0 0
3836 9761 15686 1.435862592991669628e-01 1.061545586454466228e-01 8.736593732057990058e-02 0 0 0 0 0 0
3837 9762 15687 1.460603002183717136e-01 1.062228079159257266e-01 8.722169488960629380e-02 0 0 0 0 0 0
3838 9763 15688 1.499999999999999944e-01 1.245566887588316629e-01 7.772381057312643948e-02 0 0 0 0 0 0
3839 9764 15689 1.499999999999999944e-01 1.132484522497946705e-01 7.237324287305772763e-02 0 0 0 0 0 0
3840 9765 15690 1.386884710159163869e-01 1.103223780731100306e-01 8.370694972382546062e-02 0 0 0 0 0 0
3841 9766 15691 1.389250446084751844e-01 1.207244237305979406e-01 8.582316782525906129e-02 0 0 0 0 0 0
3842 9767 15692 1.390767199309784208e-01 1.101115930648802754e-01 7.900288435168084655e-02 0 0 0 0 0 0
3843 9768 15693 1.499999999999999944e-01 1.256624734589926462e-01 7.538677352987326052e-02 0 0 0 0 0 0
3844 9769 15694 1.412837880358805420e-01 1.252236243661923043e-01 7.631426564124281497e-02 0 0 0 0 0 0
3845 9770 15695 1.398052500580646840e-01 1.247600176747152567e-01 7.729408206601717790e-02 0 0 0 0 0 0
3846 9771 15696 1.391166279062834854e-01 1.102945644195092029e-01 7.861618083375393473e-02 0 0 0 0 0 0
3847 9772 15697 1.499999999999999944e-01 1.158717257903495584e-01 6.682904657700633466e-02 0 0 0 0 0 0
3848 9773 15698 1.473422579329754234e-01 1.157379121910690201e-01 6.711185690922033542e-02 0 0 0 0 0 0
3849 9774 15699 1.434074441372760467e-01 1.140831185452332724e-01 7.060920503557363559e-02 0 0 0 0 0 0
3850 9775 15700 1.398104598932983778e-01 1.246846949269700966e-01 7.719665799886635260e-02 0 0 0 0 0 0
3851 9776 15701 1.396575446644529872e-01 1.160989691409157198e-01 7.494772047214390276e-02 0 0 0 0 0 0
3852 9777 15702 1.410955276123835034e-01 1.247380217148722770e-01 7.591813622098574077e-02 0 0 0 0 0 0
3853 9778 15703 1.499999999999999944e-01 1.040818642803228861e-01 8.785582209536155207e-02 0 0 0 0 0 0
3854 9779 15704 1.499999999999999944e-01 1.145327539253697957e-01 9.178461788764193108e-02 0 0 0 0 0 0
3855 9780 15705 1.499999999999999944e-01 1.212442285330824626e-01 8.681732802865801957e-02 0 0 0 0 0 0
3856 9781 15706 1.422807138442576946e-01 1.371388146558218946e-01 7.880167683817068669e-02 0 0 0 0 0 0
3857 9782 15707 1.327209411805370942e-01 1.368439893174299982e-01 8.587018087963840807e-02 0 0 0 0 0 0
3858 9783 15708 1.374300389346078677e-01 1.499999999999999944e-01 9.492339705488653245e-02 0 0 0 0 0 0
3859 9784 15709 1.465608796334512409e-01 1.317455196646456494e-01 1.023170755943030724e-01 0 0 0 0 0 0
3860 9785 15710 1.389544574203696314e-01 1.210515498039092669e-01 9.014457920930452062e-02 0 0 0 0 0 0
3861 9786 15711 1.363361124924805101e-01 1.228731307392464250e-01 8.723199734909979630e-02 0 0 0 0 0 0
3862 9787 15712 1.325725005538141432e-01 1.291808981353616548e-01 8.390199706992126916e-02 0 0 0 0 0 0
3863 9788 15713 1.499999999999999944e-01 1.324158426689766022e-01 1.021169627540263053e-01 0 0 0 0 0 0
3864 9789 15714 1.390004197725145108e-01 8.635652790116629673e-02 7.358703933050150803e-02 0 0 0 0 0 0
3865 9790 15715 1.499999999999999944e-01 8.145613059802377098e-02 7.283377572563959346e-02 0 0 0 0 0 0
3866 9791 15716 1.388082230250204940e-01 8.866583799675190058e-02 7.692387831786254293e-02 0 0 0 0 0 0
3867 9792 15717 1.389612468499046849e-01 1.100715160630728884e-01 7.877842514581261113e-02 0 0 0 0 0 0
3868 9793 15718 1.499999999999999944e-01 9.407684734718275987e-02 9.169759333814399282e-02 0 0 0 0 0 0
3869 9794 15719 1.460800578350853474e-01 9.542292557805845399e-02 9.136773948282109203e-02 0 0 0 0 0 0
3870 9795 15720 1.375587154327124473e-01 1.375313626248838017e-01 6.939025066659940122e-02 0 0 0 0 0 0
3871 9796 15721 1.329473065588083758e-01 1.248634146945988566e-01 5.829438466507496502e-02 0 0 0 0 0 0
3872 9797 15722 1.331130458951201301e-01 1.254016193515262723e-01 6.000823308246316240e-02 0 0 0 0 0 0
3873 9798 15723 1.438439175080613586e-01 8.577444150881109730e-02 1.272632409836417233e-01 0 0 0 0 0 0
3874 9799 15724 1.368479673284418996e-01 8.398915088634678616e-02 1.322232430187858521e-01 0 0 0 0 0 0
3875 9800 15725 1.365823476284726834e-01 8.581824870398258032e-02 1.315981041974378096e-01 0 0 0 0 0 0
3876 9801 15726 1.499999999999999944e-01 9.100722466037271252e-02 1.272871668985331439e-01 0 0 0 0 0 0
3877 9802 15727 1.372728497985934437e-01 9.295428431127968072e-02 1.555179451186685102e-01 0 0 0 0 0 0
3878 9803 15728 1.499999999999999944e-01 1.023989114682430090e-01 1.502102791384311298e-01 0 0 0 0 0 0
3879 9804 15729 1.365470211560797509e-01 8.629579142280918713e-02 1.319542212810748960e-01 0 0 0 0 0 0
3880 9805 15730 1.499999999999999944e-01 9.773107045374561375e-02 1.320065069395723323e-01 0 0 0 0 0 0
3881 9806 15731 1.337355260007013213e-01 1.073373301364425464e-01 1.493115842886129363e-01 0 0 0 0 0 0
3882 9807 15732 1.396238595752220257e-01 1.080854594651316225e-01 1.473835742824613770e-01 0 0 0 0 0 0
3883 9808 15733 1.439190576790255471e-01 1.062273859163406220e-01 1.499789319022960532e-01 0 0 0 0 0 0
3884 9809 15734 1.370948291884730996e-01 1.059462407269958911e-01 1.512380121845707803e-01 0 0 0 0 0 0
3885 9810 15735 1.289286469891219034e-01 1.301967562580566840e-01 1.477692870396260794e-01 0 0 0 0 0 0
3886 9811 15736 1.369130040033921525e-01 1.499999999999999944e-01 1.536926331041623406e-01 0 0 0 0 0 0
3887 9812 15737 1.499999999999999944e-01 1.172117729598248920e-01 1.596050479031100311e-01 0 0 0 0 0 0
3888 9813 15738 1.281496556625092431e-01 1.159872865527889763e-01 1.464770177269457407e-01 0 0 0 0 0 0
3889 9814 15739 1.499999999999999944e-01 1.084904683966869399e-01 1.508722098036422987e-01 0 0 0 0 0 0
3890 9815 15740 1.499999999999999944e-01 1.293678065254668108e-01 1.390074313176961895e-01 0 0 0 0 0 0
3891 9816 15741 1.410480658676825094e-01 1.207423158904836202e-01 1.407010043931752330e-01 0 0 0 0 0 0
3892 9817 15742 1.357279934720825865e-01 1.205553507818275111e-01 1.421993176681002891e-01 0 0 0 0 0 0
3893 9818 15743 1.379219715585232875e-01 1.499999999999999944e-01 1.445058303571238323e-01 0 0 0 0 0 0
3894 9819 15744 1.351634060489746436e-01 1.499999999999999944e-01 1.462725464166507727e-01 0 0 0 0 0 0
3895 9820 15745 9.594315811252250581e-02 2.484012784291160514e-02 1.170346763383543764e-01 0 0 0 0 0 0
3896 9821 15746 9.771724455838796952e-02 3.120015513368730453e-02 1.155681304348100541e-01 0 0 0 0 0 0
3897 9822 15747 9.592212751999600051e-02 3.449822136062752342e-02 9.798867116736363625e-02 0 0 0 0 0 0
3898 9823 15748 9.789872384314950160e-02 3.607842415158325766e-02 1.071380586202686919e-01 0 0 0 0 0 0
3899 9824 15749 9.833702882062711481e-02 3.605895263045874599e-02 1.072399432265019603e-01 0 0 0 0 0 0
3900 9825 15750 1.005744802044939712e-01 3.521040727073646709e-02 1.090589653587576702e-01 0 0 0 0 0 0
3901 9826 15751 9.971264130269008596e-02 2.379345086827623287e-02 8.755470295273046211e-02 0 0 0 0 0 0
3902 9827 15752 9.851072022226861624e-02 3.569230689009715574e-02 1.054103851639829753e-01 0 0 0 0 0 0
3903 9828 15753 9.603794881196395239e-02 3.448382305429161659e-02 9.796738822387833501e-02 0 0 0 0 0 0
3904 9829 15754 1.162716746194204648e-01 4.461087002954773617e-02 9.602757596398131534e-02 0 0 0 0 0 0
3905 9830 15755 1.182270716818749484e-01 3.384631942446106323e-02 9.247141989986809585e-02 0 0 0 0 0 0
3906 9831 15756 1.092917774764887717e-01 4.479866380694351446e-02 9.694266329420307693e-02 0 0 0 0 0 0
3907 9832 15757 1.023338237705646581e-01 4.066838259616839535e-02 1.081690038135227905e-01 0 0 0 0 0 0
3908 9833 15758 1.010929188257825712e-01 3.585408093308149052e-02 9.672222375163114227e-02 0 0 0 0 0 0
3909 9834 15759 1.049659061232470769e-01 3.546729408684180795e-02 9.459943191727482326e-02 0 0 0 0 0 0
3910 9835 15760 1.039491822333451360e-01 3.863714716251599735e-02 9.570076954308950890e-02 0 0 0 0 0 0
3911 9836 15761 1.065730838763906813e-01 2.935776641643608742e-02 8.887871541601297110e-02 0 0 0 0 0 0
3912 9837 15762 1.183901811893723482e-01 3.299690016602172676e-02 9.167892648891740048e-02 0 0 0 0 0 0
3913 9838 15763 1.125623390583917471e-01 2.137176395178397303e-02 1.473547011900299686e-01 0 0 0 0 0 0
3914 9839 15764 1.170774459006277968e-01 2.031531438992936409e-02 1.492512438824161181e-01 0 0 0 0 0 0
3915 9840 15765 1.233800372956361663e-01 1.650070941925503229e-02 1.512906172090847656e-01 0 0 0 0 0 0
3916 9841 15766 1.320699474347569458e-01 2.158976503987920445e-02 1.468578003981984015e-01 0 0 0 0 0 0
3917 9842 15767 1.334835079078279529e-01 2.247352465205434968e-02 1.452444681745244937e-01 0 0 0 0 0 0
3918 9843 15768 1.345662439483552852e-01 2.296404679585466874e-02 1.438749829119708168e-01 0 0 0 0 0 0
3919 9844 15769 1.342939340024302264e-01 2.336245544620126763e-02 1.436248529585135436e-01 0 0 0 0 0 0
3920 9845 15770 1.337890092210178017e-01 2.397338445405364574e-02 1.425172352084162486e-01 0 0 0 0 0 0
3921 9846 15771 1.278209487517364407e-01 2.047364646605942182e-02 1.489080340058431817e-01 0 0 0 0 0 0
3922 9847 15772 1.130681412414793058e-01 2.607337600696340782e-02 1.388079744967588847e-01 0 0 0 0 0 0
3923 9848 15773 1.142578140722673025e-01 2.200855130301166904e-02 1.308912545078061984e-01 0 0 0 0 0 0
3924 9849 15774 1.117217052648875886e-01 2.465649051354311741e-02 1.413897956218113372e-01 0 0 0 0 0 0
3925 9850 15775 1.313704983755820677e-01 2.976508374802628795e-02 1.389827339580732291e-01 0 0 0 0 0 0
3926 9851 15776 1.122747510971153218e-01 2.947311948312285670e-02 1.368098315722782177e-01 0 0 0 0 0 0
3927 9852 15777 1.133343931115581016e-01 3.159298346435298471e-02 1.357540749697903060e-01 0 0 0 0 0 0
3928 9853 15778 1.324583263850460935e-01 2.201199827021288816e-02 1.467812596316033502e-01 0 0 0 0 0 0
3929 9854 15779 1.499999999999999944e-01 3.034341494554372229e-02 1.561836024567989090e-01 0 0 0 0 0 0
3930 9855 15780 1.298838759435236301e-01 2.334213801498643756e-02 1.487181137750212268e-01 0 0 0 0 0 0
3931 9856 15781 1.499999999999999944e-01 3.031607190752598838e-02 1.539362584973099635e-01 0 0 0 0 0 0
3932 9857 15782 1.291303258894913597e-01 4.242672175120516115e-02 1.372994052970166190e-01 0 0 0 0 0 0
3933 9858 15783 1.303690867721522262e-01 3.491637566866120923e-02 1.392206664465227284e-01 0 0 0 0 0 0
3934 9859 15784 1.115171686063955864e-01 2.380680550372339319e-02 1.492727200336149140e-01 0 0 0 0 0 0
3935 9860 15785 1.102110008520603285e-01 2.353081640694526175e-02 1.480982446311707168e-01 0 0 0 0 0 0
3936 9861 15786 6.245367839386729847e-02 4.839321330148178141e-02 7.545376064268903560e-02 0 0 0 0 0 0
3937 9862 15787 6.360879208238973126e-02 4.931842442955713945e-02 7.088134833704926030e-02 0 0 0 0 0 0
3938 9863 15788 6.896399572111411302e-02 3.508225774904728117e-02 6.298579887435251656e-02 0 0 0 0 0 0
3939 9864 15789 6.834666099940767126e-02 3.539396056589668577e-02 6.485057991019152479e-02 0 0 0 0 0 0
3940 9865 15790 6.883611010931726948e-02 3.477532181105506826e-02 6.263211284660406830e-02 0 0 0 0 0 0
3941 9866 15791 6.010776140882102131e-02 5.357104274264005289e-02 7.180650954554976262e-02 0 0 0 0 0 0
3942 9867 15792 6.172497127111996329e-02 4.884520843745590590e-02 7.644017207221909249e-02 0 0 0 0 0 0
3943 9868 15793 9.268232195461097167e-02 5.464082822607475853e-02 1.098421980802219144e-01 0 0 0 0 0 0
3944 9869 15794 9.438082330784695884e-02 5.361543883608266281e-02 1.109726059491559780e-01 0 0 0 0 0 0
3945 9870 15795 1.043416387409856760e-01 5.377093573371211077e-02 1.080861891001219238e-01 0 0 0 0 0 0
3946 9871 15796 1.073637054443719457e-01 5.504528061783264120e-02 1.053175193079859406e-01 0 0 0 0 0 0
3947 9872 15797 1.060084795810461444e-01 6.462118627602476961e-02 9.090647152225317384e-02 0 0 0 0 0 0
3948 9873 15798 1.006853945233461556e-01 6.375978905353688053e-02 9.364953044992237186e-02 0 0 0 0 0 0
3949 9874 15799 9.321665037541987386e-02 6.159003913143720754e-02 9.898085844775111886e-02 0 0 0 0 0 0
3950 9875 15800 9.654778685585731213e-02 6.491857969086846369e-02 1.111300002115137298e-01 0 0 0 0 0 0
3951 9876 15801 1.065887164164994044e-01 5.477846571215653354e-02 1.075028050446321104e-01 0 0 0 0 0 0
3952 9877 15802 1.049945419070669184e-01 6.574162590199016110e-02 9.109757335970612713e-02 0 0 0 0 0 0
3953 9878 15803 9.666360461753564781e-02 6.992578442949687334e-02 1.017850687030367324e-01 0 0 0 0 0 0
3954 9879 15804 9.449442636838367715e-02 5.902302763624946158e-02 1.113164044153865523e-01 0 0 0 0 0 0
3955 9880 15805 4.560262796960928844e-02 1.234930359903693431e-01 6.372539926598087823e-02 0 0 0 0 0 0
3956 9881 15806 5.295024600375406593e-02 1.270237833764046032e-01 5.831478383958826200e-02 0 0 0 0 0 0
3957 9882 15807 5.418389917023760938e-02 1.277243252651998617e-01 5.928428743458442202e-02 0 0 0 0 0 0
3958 9883 15808 5.444856494319860046e-02 1.278869998970589283e-01 5.970810761331131478e-02 0 0 0 0 0 0
3959 9884 15809 5.103196278867063590e-02 1.265362769559496281e-01 6.729741531530479548e-02 0 0 0 0 0 0
3960 9885 15810 4.128407331065953728e-02 1.218521282789349625e-01 7.447553493711990547e-02 0 0 0 0 0 0
3961 9886 15811 4.089738522578245661e-02 1.216328605792076356e-01 7.417716783029815186e-02 0 0 0 0 0 0
3962 9887 15812 5.578452962531341847e-02 1.310518155271229446e-01 6.243502371790937699e-02 0 0 0 0 0 0
3963 9888 15813 5.488877782900602326e-02 1.288294734918577211e-01 6.038989401292512577e-02 0 0 0 0 0 0
3964 9889 15814 3.486973788229379145e-02 1.372036722537052778e-01 6.010814724266022591e-02 0 0 0 0 0 0
3965 9890 15815 3.882649456738127697e-02 1.405997171296347603e-01 6.411705163751250935e-02 0 0 0 0 0 0
3966 9891 15816 3.559111399612835402e-02 1.259317780438934387e-01 7.450634398440755812e-02 0 0 0 0 0 0
3967 9892 15817 3.900410402340129951e-02 1.232947984528808688e-01 7.460461009329001636e-02 0 0 0 0 0 0
3968 9893 15818 3.295325918477076677e-02 1.285151139294823108e-01 6.626224782732592633e-02 0 0 0 0 0 0
3969 9894 15819 3.459686826764660217e-02 1.247457635075987642e-01 7.388135083831744165e-02 0 0 0 0 0 0
3970 9895 15820 3.518625649722915971e-02 1.244407656882599716e-01 7.394421259344857722e-02 0 0 0 0 0 0
3971 9896 15821 5.297721092490875749e-02 1.171016216566004575e-01 5.303833089630478198e-02 0 0 0 0 0 0
3972 9897 15822 5.559374339648042590e-02 1.148837315154635635e-01 5.555796941690964441e-02 0 0 0 0 0 0
3973 9898 15823 5.334789701472390788e-02 1.264099077632143964e-01 5.759606530556378445e-02 0 0 0 0 0 0
3974 9899 15824 5.801210083940029627e-02 1.134745611696785922e-01 5.677880575896076393e-02 0 0 0 0 0 0
3975 9900 15825 6.480624102526620633e-02 1.183497440196447925e-01 6.359464671706083205e-02 0 0 0 0 0 0
3976 9901 15826 5.666210791863297153e-02 1.316056321223207926e-01 6.274523772700567326e-02 0 0 0 0 0 0
3977 9902 15827 6.889455933186416914e-02 1.120805448800378384e-01 5.371784321935627743e-02 0 0 0 0 0 0
3978 9903 15828 5.032624361924294132e-02 1.216109438603007603e-01 4.657365368849974291e-02 0 0 0 0 0 0
3979 9904 15829 7.359355348438631483e-02 1.171061815944603457e-01 5.518220489035011861e-02 0 0 0 0 0 0
3980 9905 15830 7.182991024450610662e-02 1.137032580353984496e-01 5.592807523161483912e-02 0 0 0 0 0 0
3981 9906 15831 5.819539403686739554e-02 1.271215575903430206e-01 8.680932721195232238e-02 0 0 0 0 0 0
3982 9907 15832 4.646328490537179196e-02 1.210291138127959076e-01 7.700401689790639659e-02 0 0 0 0 0 0
3983 9908 15833 4.461450638030008131e-02 1.212675325888666750e-01 7.620747625310590745e-02 0 0 0 0 0 0
3984 9909 15834 6.515436526789562810e-02 1.329103602878460577e-01 8.324091965184250708e-02 0 0 0 0 0 0
3985 9910 15835 4.926101635077043128e-02 1.120827295012329639e-01 5.406421457178389040e-02 0 0 0 0 0 0
3986 9911 15836 2.799658972005936858e-02 1.260558069781497481e-01 6.328719259891162074e-02 0 0 0 0 0 0
3987 9912 15837 2.896540835057423782e-02 1.208918215209769942e-01 5.880807864616109659e-02 0 0 0 0 0 0
3988 9913 15838 4.219203751764769028e-02 1.164553540684449412e-01 9.784953887288548591e-02 0 0 0 0 0 0
3989 9914 15839 4.923334923066944452e-02 1.169483923028765276e-01 9.637635334546053312e-02 0 0 0 0 0 0
3990 9915 15840 5.504376665117940298e-02 1.216925997715710833e-01 9.603371008441266565e-02 0 0 0 0 0 0
3991 9916 15841 5.506858049881083877e-02 1.217247298319939219e-01 9.603463587660297784e-02 0 0 0 0 0 0
3992 9917 15842 3.600002410955150528e-02 1.153713928911390685e-01 9.749734438272761317e-02 0 0 0 0 0 0
3993 9918 15843 6.048132157500531181e-02 1.236609517930895297e-01 8.879829741821947120e-02 0 0 0 0 0 0
3994 9919 15844 3.446095330675132129e-02 1.246338557143242681e-01 7.386410772680128412e-02 0 0 0 0 0 0
3995 9920 15845 2.513244105341228690e-02 1.228525542768482415e-01 8.069125393882689568e-02 0 0 0 0 0 0
3996 9921 15846 3.399782543637014376e-02 1.147949060284007561e-01 9.681095281204328551e-02 0 0 0 0 0 0
3997 9922 15847 3.412341354373669977e-02 1.137339402229091828e-01 9.407456842218987758e-02 0 0 0 0 0 0
3998 9923 15848 5.067689359539955668e-02 1.137587769535142179e-01 8.773775359314783806e-02 0 0 0 0 0 0
3999 9924 15849 5.288993440264468104e-02 1.151895250730158304e-01 9.050680094859298030e-02 0 0 0 0 0 0
4000 9925 15850 5.195562827583683624e-02 1.164810063136581531e-01 9.413982702507947553e-02 0 0 0 0 0 0
4001 9926 15851 5.655564915596440062e-02 1.164992855061850185e-01 8.560384320897969357e-02 0 0 0 0 0 0
4002 9927 15852 2.495159422446981135e-02 1.226598654723093096e-01 8.111499671067902428e-02 0 0 0 0 0 0
4003 9928 15853 4.643859656970957678e-02 1.204650819004817880e-01 7.699268935998776486e-02 0 0 0 0 0 0
4004 9929 15854 5.433586402597090359e-02 1.151675469583873235e-01 8.375164220017110306e-02 0 0 0 0 0 0
4005 9930 15855 3.938680477427121407e-02 5.089150647305289848e-02 8.747685276176518643e-02 0 0 0 0 0 0
4006 9931 15856 4.116178472121012621e-02 5.618158741472357998e-02 8.489197761162715905e-02 0 0 0 0 0 0
4007 9932 15857 4.236435535688495846e-02 5.441543966291774448e-02 8.488849356923208744e-02 0 0 0 0 0 0
4008 9933 15858 4.447752180746780692e-02 3.694419305958700217e-02 8.957598585298043314e-02 0 0 0 0 0 0
4009 9934 15859 4.230638296033418372e-02 4.152524740113261448e-02 8.912740292578615053e-02 0 0 0 0 0 0
4010 9935 15860 3.203294420862229375e-02 5.353282800837780991e-02 6.261497258721407388e-02 0 0 0 0 0 0
4011 9936 15861 3.263990681783124348e-02 5.399228769598634486e-02 6.243611338347731382e-02 0 0 0 0 0 0
4012 9937 15862 3.253932386031582052e-02 5.312954793945945386e-02 6.230172885703574859e-02 0 0 0 0 0 0
4013 9938 15863 3.469938651771792282e-02 5.625616895319678762e-02 6.382318014391116789e-02 0 0 0 0 0 0
4014 9939 15864 3.075988864137309611e-02 5.286901633873215822e-02 6.383836276921317499e-02 0 0 0 0 0 0
4015 9940 15865 3.133870779400850515e-02 5.858298901864048697e-02 7.859167330622450487e-02 0 0 0 0 0 0
4016 9941 15866 3.646683748896389909e-02 6.288443569211620010e-02 7.826730266798898050e-02 0 0 0 0 0 0
4017 9942 15867 4.059556466616360410e-02 5.755892817152344354e-02 8.372293299824076773e-02 0 0 0 0 0 0
4018 9943 15868 3.804175078126401793e-02 4.993695737077140373e-02 8.744896105054467128e-02 0 0 0 0 0 0
4019 9944 15869 3.006926275470447191e-02 5.382233626629084194e-02 6.821739985615862811e-02 0 0 0 0 0 0
4020 9945 15870 2.502247150323514205e-02 5.628454159719848554e-02 7.945885615805450830e-02 0 0 0 0 0 0
4021 9946 15871 4.393260315485276318e-02 3.651825654499660234e-02 9.023439125847453057e-02 0 0 0 0 0 0
4022 9947 15872 3.105005216086150974e-02 4.717848948663549979e-02 8.899185533466216769e-02 0 0 0 0 0 0
4023 9948 15873 2.514444556668051639e-02 5.643064682677122190e-02 7.969171830956801872e-02 0 0 0 0 0 0
4024 9949 15874 1.470057282789146748e-02 5.783493091409017822e-02 5.978474079482357789e-02 0 0 0 0 0 0
4025 9950 15875 1.589279804450335898e-02 6.048375494780020012e-02 5.863778072166599825e-02 0 0 0 0 0 0
4026 9951 15876 2.840319379324448071e-02 6.045489740967367742e-02 5.927901491043289367e-02 0 0 0 0 0 0
4027 9952 15877 3.300519161663459378e-02 5.484855898838007782e-02 6.206433158162615732e-02 0 0 0 0 0 0
4028 9953 15878 7.454576282808410455e-03 5.371495412461632646e-02 6.724717524849857520e-02 0 0 0 0 0 0
4029 9954 15879 1.129402118321562801e-02 5.485208371330603516e-02 7.256855026577105350e-02 0 0 0 0 0 0
4030 9955 15880 1.425630434620417733e-02 5.807121133702036059e-02 7.780022376511007420e-02 0 0 0 0 0 0
4031 9956 15881 2.317109766804678964e-02 5.218243094583149139e-02 9.145922814122280087e-02 0 0 0 0 0 0
4032 9957 15882 2.569170179753306124e-02 4.924565581498477340e-02 9.337733040414217256e-02 0 0 0 0 0 0
4033 9958 15883 2.122006998030452618e-02 5.876133204793214382e-02 8.124837153154446101e-02 0 0 0 0 0 0
4034 9959 15884 7.422994471810060238e-03 5.373842322062030025e-02 6.721918607675622659e-02 0 0 0 0 0 0
4035 9960 15885 7.238490184399289443e-03 8.379751044346755995e-02 5.558679081760325991e-02 0 0 0 0 0 0
4036 9961 15886 1.196839561513249502e-02 7.382590463719967966e-02 6.320476870124713820e-02 0 0 0 0 0 0
4037 9962 15887 1.490732739778696456e-02 6.938474537803812625e-02 5.998377569524673825e-02 0 0 0 0 0 0
4038 9963 15888 1.350405240916863550e-03 6.888555214146321881e-02 7.075648926344195455e-02 0 0 0 0 0 0
4039 9964 15889 5.664851717125024555e-03 6.878413060707119775e-02 6.959059410912783739e-02 0 0 0 0 0 0
4040 9965 15890 5.067350221377622810e-03 6.583708501449801742e-02 7.010729888086943140e-02 0 0 0 0 0 0
4041 9966 15891 0.000000000000000000e+00 6.925865663438039721e-02 7.081343249634276804e-02 0 0 0 0 0 0
4042 9967 15892 0.000000000000000000e+00 6.997702283668494339e-02 7.262531893962551055e-02 0 0 0 0 0 0
4043 9968 15893 1.421017874095757000e-02 5.824687380805593923e-02 7.782732896169600179e-02 0 0 0 0 0 0
4044 9969 15894 1.357553061368207623e-02 6.995032948285875851e-02 1.051424653713273899e-01 0 0 0 0 0 0
4045 9970 15895 2.188447128707525849e-02 6.327475894595574468e-02 8.956209963198397128e-02 0 0 0 0 0 0
4046 9971 15896 2.115497705015861873e-02 5.982602290837295972e-02 8.151296457948824237e-02 0 0 0 0 0 0
4047 9972 15897 2.624808404324053060e-02 6.767538957698135405e-02 9.197501832790999643e-02 0 0 0 0 0 0
4048 9973 15898 3.530409054947467734e-02 6.398646625482388994e-02 9.011800916903500713e-02 0 0 0 0 0 0
4049 9974 15899 3.665439278335725498e-02 6.411786808383947156e-02 9.679663524193021784e-02 0 0 0 0 0 0
4050 9975 15900 2.796924353008041139e-02 6.765572438007511069e-02 9.857759704870769357e-02 0 0 0 0 0 0
4051 9976 15901 3.883713564328881290e-02 5.877650201019934267e-02 9.832740479480112095e-02 0 0 0 0 0 0
4052 9977 15902 3.124769043060707241e-02 5.791845715277783163e-02 1.016386825476685851e-01 0 0 0 0 0 0
4053 9978 15903 3.032903561559774017e-02 5.555461495186309745e-02 9.578540234788526786e-02 0 0 0 0 0 0
4054 9979 15904 3.837789228719264839e-02 5.646459979023370906e-02 9.227368320560379311e-02 0 0 0 0 0 0
4055 9980 15905 3.019661136277437125e-02 5.727702517780951935e-02 1.048982511601271456e-01 0 0 0 0 0 0
4056 9981 15906 3.923589966421400788e-02 5.558476075130737437e-02 9.115102451034576281e-02 0 0 0 0 0 0
4057 9982 15907 4.113734957428108463e-02 5.848743935319747345e-02 1.002669425928104235e-01 0 0 0 0 0 0
4058 9983 15908 4.298359737992200891e-02 5.752456893757220552e-02 1.057408777084401647e-01 0 0 0 0 0 0
4059 9984 15909 4.854353820640161521e-02 4.196155721500296337e-02 1.109149846195980338e-01 0 0 0 0 0 0
4060 9985 15910 4.633531565632585669e-02 4.472759789810932390e-02 1.114306115757210808e-01 0 0 0 0 0 0
4061 9986 15911 4.071609643733369727e-02 5.686206940216562838e-02 1.089069890217827380e-01 0 0 0 0 0 0
4062 9987 15912 3.095647991475074245e-02 5.710139409385701914e-02 1.059684994719801571e-01 0 0 0 0 0 0
4063 9988 15913 3.915402800122444460e-02 6.260646011615685069e-02 2.962857088391787283e-02 0 0 0 0 0 0
4064 9989 15914 4.212010528061949088e-02 6.883073536705362760e-02 2.567200822068877245e-02 0 0 0 0 0 0
4065 9990 15915 3.737236126383763207e-02 7.270574725513175018e-02 2.958883761085248643e-02 0 0 0 0 0 0
4066 9991 15916 3.201348960677567745e-02 7.551095678155059221e-02 3.024937551665581384e-02 0 0 0 0 0 0
4067 9992 15917 3.888441940717907164e-02 6.272943581849475814e-02 2.986794525295414365e-02 0 0 0 0 0 0
4068 9993 15918 3.556346401909085686e-02 6.677342426950255705e-02 3.237484146602722518e-02 0 0 0 0 0 0
4069 9994 15919 3.638643115451335730e-02 7.279430870447727020e-02 3.052726687787328530e-02 0 0 0 0 0 0
4070 9995 15920 3.215869159059498578e-02 7.519227775397298308e-02 3.069514501792551184e-02 0 0 0 0 0 0
4071 9996 15921 3.533365462319371791e-02 7.611690381122941662e-02 3.442699360311479023e-02 0 0 0 0 0 0
4072 9997 15922 5.113578805078636269e-02 9.165667931462649631e-02 4.466487201256270217e-02 0 0 0 0 0 0
4073 9998 15923 4.622672864350832467e-02 7.324922060053101758e-02 2.619228896344867608e-02 0 0 0 0 0 0
4074 9999 15924 3.764895592432776494e-02 7.353671162340540135e-02 3.254166512130415856e-02 0 0 0 0 0 0
4075 10000 15925 5.381724307719187167e-02 7.658297029401796296e-02 3.405781744359205609e-02 0 0 0 0 0 0
4076 10001 15926 3.922933709357464410e-02 6.250098625347737247e-02 2.990451627631656936e-02 0 0 0 0 0 0
4077 10002 15927 5.493534209294191617e-02 6.241442831658173401e-02 5.005485957967585608e-02 0 0 0 0 0 0
4078 10003 15928 5.399715929895426009e-02 6.224911427380581258e-02 4.993303830423861250e-02 0 0 0 0 0 0
4079 10004 15929 6.084823189670596211e-02 6.574584966476421100e-02 4.988967071738287240e-02 0 0 0 0 0 0
4080 10005 15930 5.247021353285335338e-02 6.486106224232873751e-02 4.856077912969442023e-02 0 0 0 0 0 0
4081 10006 15931 5.747075619314671174e-02 7.202168128763428157e-02 4.665124546361357899e-02 0 0 0 0 0 0
4082 10007 15932 6.542666346714619274e-02 7.383671650838889711e-02 4.751594898864384270e-02 0 0 0 0 0 0
4083 10008 15933 6.539438418032406108e-02 7.568658420082673144e-02 4.675563274894288524e-02 0 0 0 0 0 0
4084 10009 15934 4.292136960124223050e-02 6.134859964742673394e-02 6.538467757175081552e-02 0 0 0 0 0 0
4085 10010 15935 5.103235732058317847e-02 5.911647016943898103e-02 6.751994964219905360e-02 0 0 0 0 0 0
4086 10011 15936 5.317047531310622327e-02 5.888845211620288150e-02 6.701956416606189015e-02 0 0 0 0 0 0
4087 10012 15937 5.478738569491536925e-02 6.300831641813929573e-02 5.397751745533034551e-02 0 0 0 0 0 0
4088 10013 15938 4.903868588691045333e-02 6.273543915061709220e-02 5.793670333018874352e-02 0 0 0 0 0 0
4089 10014 15939 3.473448463495052568e-02 5.630912735675359243e-02 6.382728639085009925e-02 0 0 0 0 0 0
4090 10015 15940 5.120017071341276954e-02 6.190828506526414171e-02 5.053643168856317841e-02 0 0 0 0 0 0
4091 10016 15941 5.879784756374985266e-02 6.037186043726022744e-02 6.775319156190130754e-02 0 0 0 0 0 0
4092 10017 15942 6.460193123804318371e-02 6.537768219982077744e-02 5.603850876544146792e-02 0 0 0 0 0 0
4093 10018 15943 6.952543779842346172e-02 5.298309533360429091e-02 6.015402905744371420e-02 0 0 0 0 0 0
4094 10019 15944 6.908199506153381297e-02 3.504831523157864864e-02 6.278291706689251295e-02 0 0 0 0 0 0
4095 10020 15945 7.102039347420520399e-02 4.122819017173809386e-02 5.875392845762188176e-02 0 0 0 0 0 0
4096 10021 15946 6.103780060512409289e-02 6.591818166959162451e-02 5.026350324696701038e-02 0 0 0 0 0 0
4097 10022 15947 8.194081757894661200e-02 4.150606189125067430e-02 1.170630183984200934e-01 0 0 0 0 0 0
4098 10023 15948 6.202713339069156062e-02 3.047573478561768287e-02 1.122779060307255994e-01 0 0 0 0 0 0
4099 10024 15949 8.516718807078899056e-02 3.422358091905101929e-02 1.192129707898247210e-01 0 0 0 0 0 0
4100 10025 15950 8.330853117185080259e-02 3.936201830334519480e-02 1.163592408156585573e-01 0 0 0 0 0 0
4101 10026 15951 8.511169516601430063e-02 3.277147941848305296e-02 1.194344839719572032e-01 0 0 0 0 0 0
4102 10027 15952 7.637830286772830102e-02 2.714495226345608678e-02 1.117128508792395447e-01 0 0 0 0 0 0
4103 10028 15953 7.513527170727386795e-02 2.618148950351910018e-02 1.113163334472951488e-01 0 0 0 0 0 0
4104 10029 15954 7.681477852531376493e-02 2.711806377099549095e-02 9.936693972945183362e-02 0 0 0 0 0 0
4105 10030 15955 7.506089913795552238e-02 2.429989517088840603e-02 1.025346830604372123e-01 0 0 0 0 0 0
4106 10031 15956 5.855991889890295454e-02 4.650246856859136663e-02 8.785445347895612378e-02 0 0 0 0 0 0
4107 10032 15957 5.884651579201182620e-02 4.620693888439244418e-02 8.702210700225719575e-02 0 0 0 0 0 0
4108 10033 15958 5.914295064182164413e-02 4.578513642194284583e-02 9.952910215824786744e-02 0 0 0 0 0 0
4109 10034 15959 5.288832567799702650e-02 4.087018342549265937e-02 1.073608769174114047e-01 0 0 0 0 0 0
4110 10035 15960 6.495557370091896432e-02 3.012493853685427325e-02 8.022256245091055615e-02 0 0 0 0 0 0
4111 10036 15961 5.726529207371887364e-02 3.156928962421541585e-02 1.104768159860329696e-01 0 0 0 0 0 0
4112 10037 15962 7.229255493587077863e-02 3.200364360443088557e-02 8.689872178259401558e-02 0 0 0 0 0 0
4113 10038 15963 7.565502401218936190e-02 2.581651785334980811e-02 1.103805739295954241e-01 0 0 0 0 0 0
4114 10039 15964 7.679672072384537140e-02 4.793312347965171527e-02 5.906369618897802654e-02 0 0 0 0 0 0
4115 10040 15965 8.644754244100244511e-02 5.681289488341824401e-02 5.388384713724441583e-02 0 0 0 0 0 0
4116 10041 15966 8.881014935362119278e-02 5.711547687324004113e-02 5.370734157625832450e-02 0 0 0 0 0 0
4117 10042 15967 8.981825527776288176e-02 5.667285987037171124e-02 5.396553395062689967e-02 0 0 0 0 0 0
4118 10043 15968 9.299822864285453572e-02 4.705203738231020227e-02 5.957766133270619296e-02 0 0 0 0 0 0
4119 10044 15969 8.174670704875386384e-02 3.669945367199912989e-02 6.561664797735131116e-02 0 0 0 0 0 0
4120 10045 15970 8.138952097751217529e-02 3.679092151841642511e-02 6.556329191490495312e-02 0 0 0 0 0 0
4121 10046 15971 7.847150883055668824e-02 4.193229649486990285e-02 6.256416670261702451e-02 0 0 0 0 0 0
4122 10047 15972 7.778525676234600283e-02 5.427088212778246462e-02 5.892535522480914917e-02 0 0 0 0 0 0
4123 10048 15973 9.121379698244010126e-02 4.967949426515011480e-02 7.728083155921140757e-02 0 0 0 0 0 0
4124 10049 15974 9.122846695183685350e-02 4.652976834378066973e-02 7.800256817291542633e-02 0 0 0 0 0 0
4125 10050 15975 8.936024258105855489e-02 4.105304853072047622e-02 7.681345062611612262e-02 0 0 0 0 0 0
4126 10051 15976 8.554119142703907330e-02 3.951508253608228272e-02 7.222771832212125653e-02 0 0 0 0 0 0
4127 10052 15977 9.030901351549672218e-02 4.018241203022324126e-02 7.595345594882796370e-02 0 0 0 0 0 0
4128 10053 15978 8.844162560712767740e-02 3.822935163725726254e-02 7.179441231088715125e-02 0 0 0 0 0 0
4129 10054 15979 8.999272415932985103e-02 3.927226772092558271e-02 7.177280754915194017e-02 0 0 0 0 0 0
4130 10055 15980 9.365032056146757600e-02 4.701163347411706911e-02 6.057911529398165434e-02 0 0 0 0 0 0
4131 10056 15981 9.243731095895647842e-02 4.151644146731302970e-02 7.534191140179027912e-02 0 0 0 0 0 0
4132 10057 15982 9.006034758006217777e-02 5.704963041490612730e-02 5.430704449762591840e-02 0 0 0 0 0 0
4133 10058 15983 9.869711908731050587e-02 5.354636174763882650e-02 6.780045494503973702e-02 0 0 0 0 0 0
4134 10059 15984 9.633368281171610092e-02 5.071953745324538770e-02 7.571944859638565783e-02 0 0 0 0 0 0
4135 10060 15985 9.815794312959347234e-02 5.114971039883772774e-02 6.716025738171402248e-02 0 0 0 0 0 0
4136 10061 15986 9.466660056539702439e-02 4.443380161060056510e-02 7.531064778626694878e-02 0 0 0 0 0 0
4137 10062 15987 9.555977375814178609e-02 4.845404433645030678e-02 7.644109597203486983e-02 0 0 0 0 0 0
4138 10063 15988 8.450148785496297554e-02 6.312219955364348212e-02 7.791427807270413786e-02 0 0 0 0 0 0
4139 10064 15989 8.470636926098785990e-02 6.434684936595320981e-02 7.773885115652309774e-02 0 0 0 0 0 0
4140 10065 15990 8.309324199527039212e-02 7.040797004715841634e-02 7.140021376860289370e-02 0 0 0 0 0 0
4141 10066 15991 7.563225895436379020e-02 6.505032523843226611e-02 5.849831608133028438e-02 0 0 0 0 0 0
4142 10067 15992 7.500167688729079962e-02 6.025089569908654435e-02 5.954470195644769731e-02 0 0 0 0 0 0
4143 10068 15993 8.744011271094932758e-02 5.765282567394136581e-02 5.322538543483588264e-02 0 0 0 0 0 0
4144 10069 15994 8.563579218642347612e-02 6.122870666912508253e-02 5.367107122943944042e-02 0 0 0 0 0 0
4145 10070 15995 9.461456973301687889e-02 6.240479209524747717e-02 5.859922080667941818e-02 0 0 0 0 0 0
4146 10071 15996 9.591658063036360982e-02 6.301059201683835431e-02 6.018894151199916803e-02 0 0 0 0 0 0
4147 10072 15997 9.601491494750427624e-02 6.719155268254456415e-02 6.862292054021364163e-02 0 0 0 0 0 0
4148 10073 15998 1.019819573042104049e-01 6.183759402087850993e-02 6.916047176991468870e-02 0 0 0 0 0 0
4149 10074 15999 1.020631279944197722e-01 6.264825865820208839e-02 7.091133568353115424e-02 0 0 0 0 0 0
4150 10075 16000 1.009977529670856439e-01 6.099496159322068123e-02 7.340652007499301468e-02 0 0 0 0 0 0
4151 10076 16001 6.621089362351134655e-02 4.010038344846780789e-02 3.661176565433413299e-02 0 0 0 0 0 0
4152 10077 16002 7.817953725741813575e-02 4.290195523399681354e-02 4.751545709359437236e-02 0 0 0 0 0 0
4153 10078 16003 7.159475982883653500e-02 4.136258096957595026e-02 5.879710119006376773e-02 0 0 0 0 0 0
4154 10079 16004 8.801272926273624730e-02 5.194952649120277571e-02 4.223772512661469469e-02 0 0 0 0 0 0
4155 10080 16005 7.469276544778481741e-02 4.557290412707661748e-02 5.946546888652287643e-02 0 0 0 0 0 0
4156 10081 16006 6.768737383284881282e-02 7.017815046733677509e-02 5.552136199046936449e-02 0 0 0 0 0 0
4157 10082 16007 6.545049912648524815e-02 7.340798629442568668e-02 4.887015655542742421e-02 0 0 0 0 0 0
4158 10083 16008 7.094199852247268234e-02 5.363074263825647753e-02 6.030001480961551946e-02 0 0 0 0 0 0
4159 10084 16009 9.589848620133152590e-02 6.307355013075610639e-02 5.877431377910156268e-02 0 0 0 0 0 0
4160 10085 16010 9.325907767371566237e-02 4.964607508390369434e-02 4.358140054856886325e-02 0 0 0 0 0 0
4161 10086 16011 8.638077253859771654e-02 3.860580171372675340e-02 5.002153813174290559e-02 0 0 0 0 0 0
4162 10087 16012 9.511569176549686255e-02 4.402899828636087920e-02 4.685801754694402660e-02 0 0 0 0 0 0
4163 10088 16013 9.489110249497757776e-02 4.393370687909903261e-02 5.023029466912295321e-02 0 0 0 0 0 0
4164 10089 16014 8.126432344437210797e-02 3.560197460420523596e-02 6.475503427446779869e-02 0 0 0 0 0 0
4165 10090 16015 8.093652639259309167e-02 3.539367260825088124e-02 6.451709084212607637e-02 0 0 0 0 0 0
4166 10091 16016 8.548963988945128267e-02 2.919151609696778171e-02 6.554222596645109533e-02 0 0 0 0 0 0
4167 10092 16017 8.521228789847906659e-02 2.874410633966105813e-02 6.527292899838169071e-02 0 0 0 0 0 0
4168 10093 16018 8.184171493200592673e-02 3.098499554951833837e-02 6.392487406802141447e-02 0 0 0 0 0 0
4169 10094 16019 8.674682920491530447e-02 2.477735136578331637e-02 5.421228818715638498e-02 0 0 0 0 0 0
4170 10095 16020 8.819937156101909093e-02 3.366485983023657230e-02 4.739129360646467115e-02 0 0 0 0 0 0
4171 10096 16021 8.262476907528923387e-02 2.815761937086595779e-02 6.304975692031862533e-02 0 0 0 0 0 0
4172 10097 16022 9.782273705123868679e-02 2.778463411836280123e-02 5.766012942545375997e-02 0 0 0 0 0 0
4173 10098 16023 1.036634273265807649e-01 3.296857680176609739e-02 5.048577376761533703e-02 0 0 0 0 0 0
4174 10099 16024 1.046481476321538262e-01 3.422769181833273944e-02 4.904964353239182895e-02 0 0 0 0 0 0
4175 10100 16025 1.037262916093030229e-01 3.921512052958200933e-02 4.676666045507397312e-02 0 0 0 0 0 0
4176 10101 16026 8.455219776025103828e-02 2.672568972766098047e-02 6.374310125209378675e-02 0 0 0 0 0 0
4177 10102 16027 9.041779458510436351e-02 3.223757744699908001e-02 4.567688309117605427e-02 0 0 0 0 0 0
4178 10103 16028 9.933249334968345667e-02 3.830595999956334929e-02 4.262155920021216959e-02 0 0 0 0 0 0
4179 10104 16029 1.011783235071984505e-01 4.092547066301840952e-02 4.243166207193233008e-02 0 0 0 0 0 0
4180 10105 16030 9.111743693243663789e-02 2.151821248323732352e-02 5.539113134954276596e-02 0 0 0 0 0 0
4181 10106 16031 8.848584812633819574e-02 2.342883331207558373e-02 5.300161372729271514e-02 0 0 0 0 0 0
4182 10107 16032 9.767073607368270682e-02 2.437973106782172564e-02 5.456717270915584228e-02 0 0 0 0 0 0
4183 10108 16033 1.016172554494286229e-01 4.067326389008033005e-02 4.253100286984481948e-02 0 0 0 0 0 0
4184 10109 16034 1.016879945521391299e-01 3.873232996924300120e-02 4.286078467870470254e-02 0 0 0 0 0 0
4185 10110 16035 1.044371495934841437e-01 3.289477333073787674e-02 4.877260426470685778e-02 0 0 0 0 0 0
4186 10111 16036 1.045932584059043741e-01 3.346957632375437142e-02 4.901838745121014917e-02 0 0 0 0 0 0
4187 10112 16037 7.913460835484972811e-02 3.615837946595774899e-02 6.444403197946727002e-02 0 0 0 0 0 0
4188 10113 16038 7.294640135159519145e-02 3.518760758692787705e-02 6.363103074219811361e-02 0 0 0 0 0 0
4189 10114 16039 1.046757859355639531e-01 3.910062480323386186e-02 4.799755311727568752e-02 0 0 0 0 0 0
4190 10115 16040 1.051543888318239861e-01 3.604867251165567998e-02 4.928602800445214954e-02 0 0 0 0 0 0
4191 10116 16041 9.931009864944236043e-02 3.258685101694475117e-02 6.114041041275326827e-02 0 0 0 0 0 0
4192 10117 16042 9.928616340186104117e-02 3.017492774583194551e-02 5.919771916127219979e-02 0 0 0 0 0 0
4193 10118 16043 9.801670737103125586e-02 2.826276600898626826e-02 5.835686185041209784e-02 0 0 0 0 0 0
4194 10119 16044 8.607619397562951691e-02 2.980677066578421575e-02 6.628648362464607813e-02 0 0 0 0 0 0
4195 10120 16045 7.011637402678834452e-02 3.549996331228039148e-02 6.549181892406467920e-02 0 0 0 0 0 0
4196 10121 16046 8.860533202062016722e-02 3.103325219413720359e-02 3.854052086703396024e-02 0 0 0 0 0 0
4197 10122 16047 9.684997063185397936e-02 2.377571382598191868e-02 8.489228339386220568e-02 0 0 0 0 0 0
4198 10123 16048 9.695056158941764424e-02 4.117116427056666944e-02 7.479278717505903618e-02 0 0 0 0 0 0
4199 10124 16049 1.033234407297751178e-01 4.853119759410495088e-02 6.299580970710817740e-02 0 0 0 0 0 0
4200 10125 16050 1.091493730712099902e-01 4.090718871395131878e-02 5.087068815156545881e-02 0 0 0 0 0 0
4201 10126 16051 1.090473324909032871e-01 4.020496121828455449e-02 5.100499257142122878e-02 0 0 0 0 0 0
4202 10127 16052 1.013274090075411832e-01 3.544347612947289922e-02 6.568354871079283563e-02 0 0 0 0 0 0
4203 10128 16053 1.057910115782496885e-01 3.629568573427088135e-02 7.367818384423420464e-02 0 0 0 0 0 0
4204 10129 16054 1.111625309726855942e-01 3.584699129055651801e-02 7.045979483583859893e-02 0 0 0 0 0 0
4205 10130 16055 1.231494495688197494e-01 4.096804648480867339e-02 5.708848756419911130e-02 0 0 0 0 0 0
4206 10131 16056 1.186833146630614233e-01 4.764583067057442944e-02 5.339079626736190770e-02 0 0 0 0 0 0
4207 10132 16057 1.070907983958815785e-01 3.489326630823715025e-02 7.174390517750302287e-02 0 0 0 0 0 0
4208 10133 16058 9.612077049046313659e-02 4.159180498827589473e-02 7.546176853560176978e-02 0 0 0 0 0 0
4209 10134 16059 1.027111922296864849e-01 3.724992409362643669e-02 7.803791963569881029e-02 0 0 0 0 0 0
4210 10135 16060 1.029384420201848865e-01 3.762504414202624131e-02 7.775826597099635973e-02 0 0 0 0 0 0
4211 10136 16061 1.024426835338309721e-01 3.790772751888278613e-02 7.767925876770813420e-02 0 0 0 0 0 0
4212 10137 16062 1.170056194897112628e-01 4.189425104579078823e-02 8.116035491723723461e-02 0 0 0 0 0 0
4213 10138 16063 3.779593907501190703e-02 1.074257064281048113e-01 1.507838302870613545e-01 0 0 0 0 0 0
4214 10139 16064 3.854180297515813480e-02 1.065757460692124126e-01 1.545395344734046550e-01 0 0 0 0 0 0
4215 10140 16065 3.341816538690412647e-02 1.079517542604651048e-01 1.481397974892437741e-01 0 0 0 0 0 0
4216 10141 16066 3.551241724077421752e-02 1.057072989806187857e-01 1.477594507258707945e-01 0 0 0 0 0 0
4217 10142 16067 2.845792718239954777e-02 9.677422570400441570e-02 1.455247137061693730e-01 0 0 0 0 0 0
4218 10143 16068 2.901884312225505927e-02 9.767864267221842978e-02 1.453216540292815995e-01 0 0 0 0 0 0
4219 10144 16069 1.949876849238459456e-02 1.012071439604784739e-01 1.454398774648282822e-01 0 0 0 0 0 0
4220 10145 16070 3.199646681317281499e-02 1.086647748456977813e-01 1.482023615213404477e-01 0 0 0 0 0 0
4221 10146 16071 3.910999229688146006e-02 1.190001719085530124e-01 1.505110770706997725e-01 0 0 0 0 0 0
4222 10147 16072 4.473449905323116649e-02 1.186366737269019533e-01 1.473058041290414011e-01 0 0 0 0 0 0
4223 10148 16073 4.119743316426791035e-02 1.071658625711849888e-01 1.488437656193790093e-01 0 0 0 0 0 0
4224 10149 16074 3.994112625274693490e-02 1.249217699443107010e-01 1.480398419726915993e-01 0 0 0 0 0 0
4225 10150 16075 3.975618896534659913e-02 1.274998591609135257e-01 1.460420331932633375e-01 0 0 0 0 0 0
4226 10151 16076 3.618685456289193886e-02 1.275232502575089355e-01 1.400087048344430540e-01 0 0 0 0 0 0
4227 10152 16077 3.002604586403764472e-02 1.183250470982099289e-01 1.356367163578838797e-01 0 0 0 0 0 0
4228 10153 16078 3.038044459522232926e-02 1.161515303430296353e-01 1.376556644933042417e-01 0 0 0 0 0 0
4229 10154 16079 4.477539739655474887e-02 1.246093427668700099e-01 1.452849055558415314e-01 0 0 0 0 0 0
4230 10155 16080 4.550656502564290329e-02 1.241374288259376180e-01 1.450101976079302413e-01 0 0 0 0 0 0
4231 10156 16081 3.766929034363876438e-02 1.046674965713413480e-01 1.445290457894664593e-01 0 0 0 0 0 0
4232 10157 16082 3.912760521895975591e-02 1.241792323803801029e-01 1.342276945521871656e-01 0 0 0 0 0 0
4233 10158 16083 2.990389765841237196e-02 1.178003761975689873e-01 1.352018344540937000e-01 0 0 0 0 0 0
4234 10159 16084 3.353449801099723376e-02 1.158286182150439492e-01 1.302585727279825800e-01 0 0 0 0 0 0
4235 10160 16085 1.567629969836829840e-02 1.035297020490635739e-01 1.433623663795865477e-01 0 0 0 0 0 0
4236 10161 16086 1.602466384317649192e-02 1.141360185854005949e-01 1.406551706518917866e-01 0 0 0 0 0 0
4237 10162 16087 3.119992517528108120e-02 1.094009775378757543e-01 1.477019093917951165e-01 0 0 0 0 0 0
4238 10163 16088 1.641439111034765155e-02 1.220094218158353228e-01 1.289378877388350775e-01 0 0 0 0 0 0
4239 10164 16089 1.422024121708990313e-02 1.244523663468064395e-01 1.291005167689294741e-01 0 0 0 0 0 0
4240 10165 16090 1.389567433755839465e-02 1.157509291737675999e-01 1.382518434388204931e-01 0 0 0 0 0 0
4241 10166 16091 1.567279202616680273e-02 1.217726919125563106e-01 1.292901917133068013e-01 0 0 0 0 0 0
4242 10167 16092 2.173022107552747412e-02 1.130112556128551743e-01 1.026431198714734955e-01 0 0 0 0 0 0
4243 10168 16093 2.179143136089043559e-02 1.121443418417900906e-01 1.029525823247482291e-01 0 0 0 0 0 0
4244 10169 16094 2.333065287060338833e-02 1.189417161168310338e-01 1.249613328066123408e-01 0 0 0 0 0 0
4245 10170 16095 2.588612676679052232e-02 1.235545932142194381e-01 1.191955083334095972e-01 0 0 0 0 0 0
4246 10171 16096 1.706991115474077239e-02 1.099709560927117219e-01 1.270224245308307076e-01 0 0 0 0 0 0
4247 10172 16097 1.506198988031274763e-02 1.061948607150554613e-01 1.247732742858656263e-01 0 0 0 0 0 0
4248 10173 16098 9.341631463929283424e-03 1.021624195877445379e-01 1.201520722260374097e-01 0 0 0 0 0 0
4249 10174 16099 8.118361006218524981e-03 1.020229781475760766e-01 1.193558644081569725e-01 0 0 0 0 0 0
4250 10175 16100 0.000000000000000000e+00 1.017608705070478237e-01 1.142479400249824251e-01 0 0 0 0 0 0
4251 10176 16101 9.225095625938031438e-03 1.020216177515036043e-01 1.198349476742957415e-01 0 0 0 0 0 0
4252 10177 16102 1.042589306739074781e-02 1.006708104944276094e-01 1.124515347611143717e-01 0 0 0 0 0 0
4253 10178 16103 2.253465474015703407e-02 1.065783233024134441e-01 1.122415569284139630e-01 0 0 0 0 0 0
4254 10179 16104 2.051193570105788733e-02 1.088537308463663755e-01 1.246787668669650934e-01 0 0 0 0 0 0
4255 10180 16105 2.347770900668308056e-02 1.083366827992464504e-01 1.101882462363918957e-01 0 0 0 0 0 0
4256 10181 16106 2.058429190910577786e-02 1.094530027195839555e-01 1.251381231043411923e-01 0 0 0 0 0 0
4257 10182 16107 1.390363450570062526e-02 1.050732864900465607e-01 1.413045329671450967e-01 0 0 0 0 0 0
4258 10183 16108 0.000000000000000000e+00 1.006250284001247441e-01 1.160737049778152591e-01 0 0 0 0 0 0
4259 10184 16109 1.271034805279638857e-02 1.019374788988954283e-01 1.249245995281108856e-01 0 0 0 0 0 0
4260 10185 16110 5.150100235367494755e-02 1.318646000876504409e-01 1.643008188053909913e-01 0 0 0 0 0 0
4261 10186 16111 5.693076044609195890e-02 1.269027326811519585e-01 1.475062210222488346e-01 0 0 0 0 0 0
4262 10187 16112 5.408046065664742080e-02 1.252681114107259408e-01 1.437263404387138233e-01 0 0 0 0 0 0
4263 10188 16113 4.610821780421012900e-02 1.259143214572291669e-01 1.684104632892478026e-01 0 0 0 0 0 0
4264 10189 16114 5.302813439437492615e-02 1.190293799167765759e-01 1.453388701610272837e-01 0 0 0 0 0 0
4265 10190 16115 5.349153357421374683e-02 1.190913945102392568e-01 1.453480350199433946e-01 0 0 0 0 0 0
4266 10191 16116 5.508077145067589303e-02 1.200028081258358026e-01 1.474555780279117878e-01 0 0 0 0 0 0
4267 10192 16117 4.862999151297110745e-02 1.258977143398147813e-01 1.674082633220533023e-01 0 0 0 0 0 0
4268 10193 16118 5.348142177236010764e-02 1.237750464430353442e-01 1.434049534071801246e-01 0 0 0 0 0 0
4269 10194 16119 5.346858399732123263e-02 1.228562390597567194e-01 1.437629812199189283e-01 0 0 0 0 0 0
4270 10195 16120 1.003397610673125162e-01 1.499999999999999944e-01 1.247885425522650554e-01 0 0 0 0 0 0
4271 10196 16121 1.053924275930995802e-01 1.420267188986899798e-01 1.211102908944703960e-01 0 0 0 0 0 0
4272 10197 16122 9.573187263214168186e-02 1.403717819017227808e-01 1.170915325486094200e-01 0 0 0 0 0 0
4273 10198 16123 9.314327277678803585e-02 1.499999999999999944e-01 1.226010281403652064e-01 0 0 0 0 0 0
4274 10199 16124 1.135299374725430299e-01 1.359273249042541876e-01 1.246484720039957583e-01 0 0 0 0 0 0
4275 10200 16125 1.135024725355096159e-01 1.357769850203362216e-01 1.246400203287182373e-01 0 0 0 0 0 0
4276 10201 16126 1.046709645655293786e-01 1.283821044317955962e-01 1.210862436679907700e-01 0 0 0 0 0 0
4277 10202 16127 9.709613687559905115e-02 1.320144248286008459e-01 1.178344785819121776e-01 0 0 0 0 0 0
4278 10203 16128 1.137481333958016566e-01 1.359672438546130624e-01 1.250289050442575101e-01 0 0 0 0 0 0
4279 10204 16129 1.153496076376825524e-01 1.371289560777042005e-01 1.290403792474391076e-01 0 0 0 0 0 0
4280 10205 16130 1.068965993602570552e-01 1.499999999999999944e-01 1.345370561992781655e-01 0 0 0 0 0 0
4281 10206 16131 9.437531483311130398e-02 1.294953879260785645e-01 1.376641857167266447e-01 0 0 0 0 0 0
4282 10207 16132 9.000233018408765329e-02 1.499999999999999944e-01 1.422625753613652733e-01 0 0 0 0 0 0
4283 10208 16133 1.034358216114980022e-01 1.266784518435473961e-01 1.331639306909236375e-01 0 0 0 0 0 0
4284 10209 16134 1.292206752112714241e-01 1.499999999999999944e-01 9.530063233268110112e-02 0 0 0 0 0 0
4285 10210 16135 1.287993507375961022e-01 1.485201427832777143e-01 9.525571692451489936e-02 0 0 0 0 0 0
4286 10211 16136 1.232263816443585486e-01 1.412041433219470288e-01 9.791836633502717935e-02 0 0 0 0 0 0
4287 10212 16137 1.219399509765487638e-01 1.407138424950391820e-01 9.885140174426396142e-02 0 0 0 0 0 0
4288 10213 16138 1.105279183942710630e-01 1.499999999999999944e-01 1.107510789963146308e-01 0 0 0 0 0 0
4289 10214 16139 1.311568720705831304e-01 1.499999999999999944e-01 9.596931915771032828e-02 0 0 0 0 0 0
4290 10215 16140 1.214524393423276061e-01 1.499999999999999944e-01 1.394224199100971007e-01 0 0 0 0 0 0
4291 10216 16141 1.212743957823707169e-01 1.498108632157490183e-01 1.393775129568622928e-01 0 0 0 0 0 0
4292 10217 16142 1.211288237093425119e-01 1.499999999999999944e-01 1.394509114047971510e-01 0 0 0 0 0 0
4293 10218 16143 1.310081992401670170e-01 1.417468745590204082e-01 1.224605896347589901e-01 0 0 0 0 0 0
4294 10219 16144 1.320501194045113624e-01 1.421555437660950993e-01 1.215608967310450317e-01 0 0 0 0 0 0
4295 10220 16145 1.170679206417487850e-01 1.367025998115411478e-01 1.292225336150575887e-01 0 0 0 0 0 0
4296 10221 16146 1.169881150144688187e-01 1.367921214931101526e-01 1.293858696415274845e-01 0 0 0 0 0 0
4297 10222 16147 1.331465580153105288e-01 1.438377939459554999e-01 1.050150818502269823e-01 0 0 0 0 0 0
4298 10223 16148 1.147465780497465837e-01 1.374888041266124905e-01 1.100906672492726474e-01 0 0 0 0 0 0
4299 10224 16149 1.212463348611101110e-01 1.392002616022152139e-01 9.691183480176336629e-02 0 0 0 0 0 0
4300 10225 16150 1.200424573440926762e-01 1.381900460451650214e-01 9.561730161325390775e-02 0 0 0 0 0 0
4301 10226 16151 1.104085218580633521e-01 1.371560991104336102e-01 9.429235802787123977e-02 0 0 0 0 0 0
4302 10227 16152 9.462427359854654052e-02 1.499999999999999944e-01 1.107510789963146169e-01 0 0 0 0 0 0
4303 10228 16153 1.270119795694228948e-01 1.467475446217147983e-01 9.422813554058583063e-02 0 0 0 0 0 0
4304 10229 16154 1.263782876553191936e-01 1.499999999999999944e-01 9.314279378312927127e-02 0 0 0 0 0 0
4305 10230 16155 9.996450538680107245e-02 1.499999999999999944e-01 8.865794150366863857e-02 0 0 0 0 0 0
4306 10231 16156 9.162449894694213448e-02 1.114252226802593115e-01 3.459170255352858603e-02 0 0 0 0 0 0
4307 10232 16157 9.667785112522868374e-02 1.133502731661213819e-01 4.243884658036471691e-02 0 0 0 0 0 0
4308 10233 16158 8.792625568766380961e-02 9.481373824213487622e-02 4.296933094407504039e-02 0 0 0 0 0 0
4309 10234 16159 7.741072760858831725e-02 9.403169585563093957e-02 4.853853318203829592e-02 0 0 0 0 0 0
4310 10235 16160 8.232702010716065610e-02 9.466276652452981777e-02 4.680348545697114032e-02 0 0 0 0 0 0
4311 10236 16161 7.543585180948171598e-02 9.826603096283541283e-02 5.092823564444524248e-02 0 0 0 0 0 0
4312 10237 16162 7.708484454605460390e-02 1.140765270580171714e-01 5.622988108758474046e-02 0 0 0 0 0 0
4313 10238 16163 7.444133286011483941e-02 1.120922716443646383e-01 5.654238640955711742e-02 0 0 0 0 0 0
4314 10239 16164 8.604148037850493924e-02 1.217807873987536982e-01 5.232416089282623112e-02 0 0 0 0 0 0
4315 10240 16165 7.964481238593063006e-02 1.176093872157374931e-01 5.551078175633939599e-02 0 0 0 0 0 0
4316 10241 16166 9.113257015333739441e-02 1.220012346089959093e-01 4.886279256613958177e-02 0 0 0 0 0 0
4317 10242 16167 8.471863985383355777e-02 1.221595477346930081e-01 5.848188823816276999e-02 0 0 0 0 0 0
4318 10243 16168 1.048298248313649650e-01 9.600045384735110543e-02 5.672766421673846454e-02 0 0 0 0 0 0
4319 10244 16169 1.086421790920371333e-01 1.022776778106331691e-01 5.093900238794994012e-02 0 0 0 0 0 0
4320 10245 16170 1.112914438383725835e-01 1.016211017990326787e-01 4.859114056316590768e-02 0 0 0 0 0 0
4321 10246 16171 9.251433938355681230e-02 9.429431373107320657e-02 4.528482331504531111e-02 0 0 0 0 0 0
4322 10247 16172 9.572596770221168672e-02 9.354084445341251386e-02 5.021390810254768022e-02 0 0 0 0 0 0
4323 10248 16173 1.243787510670317370e-01 8.469236103404813309e-02 7.068556106623680169e-02 0 0 0 0 0 0
4324 10249 16174 1.163561922645730551e-01 7.680439932189217500e-02 6.865143530983840170e-02 0 0 0 0 0 0
4325 10250 16175 1.173534808656688244e-01 6.611963140540969008e-02 7.322346407409262292e-02 0 0 0 0 0 0
4326 10251 16176 1.499999999999999944e-01 7.193326632579261082e-02 7.458642222612674177e-02 0 0 0 0 0 0
4327 10252 16177 1.286641243796616818e-01 7.332625844655538128e-02 7.754056526090420676e-02 0 0 0 0 0 0
4328 10253 16178 1.168790803101844994e-01 6.633991733780926492e-02 7.284891401915381814e-02 0 0 0 0 0 0
4329 10254 16179 1.298279710568730205e-01 7.812682512363071374e-02 7.648190951195961429e-02 0 0 0 0 0 0
4330 10255 16180 1.267319926467368740e-01 7.042954172446982963e-02 9.073078723216222718e-02 0 0 0 0 0 0
4331 10256 16181 1.259375100100165734e-01 7.199210279161326331e-02 8.438260883467969820e-02 0 0 0 0 0 0
4332 10257 16182 1.259375880325314667e-01 7.198940219662046391e-02 8.439412126386862389e-02 0 0 0 0 0 0
4333 10258 16183 1.401345934557967632e-01 9.681440592655865540e-02 9.566608901709706958e-02 0 0 0 0 0 0
4334 10259 16184 1.416026028937151515e-01 9.585927412575638573e-02 9.911860004332272156e-02 0 0 0 0 0 0
4335 10260 16185 1.299694385218204684e-01 7.840406251143733352e-02 9.640174140783280832e-02 0 0 0 0 0 0
4336 10261 16186 1.348771596738464751e-01 9.381741476893083742e-02 8.962123331856113040e-02 0 0 0 0 0 0
4337 10262 16187 1.312084427796948727e-01 8.870610191903224861e-02 8.837694184644069584e-02 0 0 0 0 0 0
4338 10263 16188 1.279656209314407878e-01 8.071833896170806100e-02 8.269657071101976786e-02 0 0 0 0 0 0
4339 10264 16189 1.259372516793080543e-01 7.199495005151193561e-02 8.438456560998734701e-02 0 0 0 0 0 0
4340 10265 16190 1.146922204301559084e-01 6.330866231151574541e-02 7.918282058998117601e-02 0 0 0 0 0 0
4341 10266 16191 1.126952393677824182e-01 6.168383554895227883e-02 8.210960882417595030e-02 0 0 0 0 0 0
4342 10267 16192 1.143792145503683272e-01 5.673767723067166258e-02 8.200168978582247914e-02 0 0 0 0 0 0
4343 10268 16193 1.083573511411517337e-01 6.477648664608978701e-02 7.296718222864324865e-02 0 0 0 0 0 0
4344 10269 16194 1.140077554976610119e-01 6.636328272021571606e-02 7.409998599872461011e-02 0 0 0 0 0 0
4345 10270 16195 1.124425195890287749e-01 6.494024578770871137e-02 7.697857799594017003e-02 0 0 0 0 0 0
4346 10271 16196 1.112574371941943557e-01 6.252468935441986286e-02 8.102170007928516382e-02 0 0 0 0 0 0
4347 10272 16197 1.139043772451672765e-01 6.607370178687778373e-02 7.492501375985567702e-02 0 0 0 0 0 0
4348 10273 16198 1.161493117681699078e-01 6.549048153312565790e-02 7.546415533330007308e-02 0 0 0 0 0 0
4349 10274 16199 1.119050029434740662e-01 6.186496478428255008e-02 8.195823314147958338e-02 0 0 0 0 0 0
4350 10275 16200 9.826215225554675581e-02 4.975381742241671845e-02 7.790630139259556441e-02 0 0 0 0 0 0
4351 10276 16201 1.254473592145984584e-01 7.009000983312994870e-02 9.048933450435520109e-02 0 0 0 0 0 0
4352 10277 16202 1.278329102083695101e-01 6.588389700713163932e-02 9.668235676685325852e-02 0 0 0 0 0 0
4353 10278 16203 1.219298167033887603e-01 6.633401803166057153e-02 9.318510150740075271e-02 0 0 0 0 0 0
4354 10279 16204 1.297684364254846623e-01 6.156903360880318365e-02 9.974922549938677885e-02 0 0 0 0 0 0
4355 10280 16205 1.203928187357940771e-01 6.503868070730942086e-02 9.292537688721182187e-02 0 0 0 0 0 0
4356 10281 16206 3.277912479677783791e-02 1.072855064670352604e-01 9.946866161978629162e-02 0 0 0 0 0 0
4357 10282 16207 3.743863193458150940e-02 1.101836371753744381e-01 1.003972965266416301e-01 0 0 0 0 0 0
4358 10283 16208 4.362911104046985483e-02 1.112731311913802978e-01 1.007463981634870026e-01 0 0 0 0 0 0
4359 10284 16209 4.472968473060888461e-02 1.110747724983605911e-01 1.006828389851910366e-01 0 0 0 0 0 0
4360 10285 16210 4.968185447816710759e-02 1.010031744954326266e-01 9.745564241796193794e-02 0 0 0 0 0 0
4361 10286 16211 4.382428128038055176e-02 9.222588894701247431e-02 9.464317653288427390e-02 0 0 0 0 0 0
4362 10287 16212 4.056378522505676293e-02 9.145326031642922460e-02 9.439560663745791280e-02 0 0 0 0 0 0
4363 10288 16213 4.500088701197031693e-02 1.056554941639007983e-01 1.120830883677234324e-01 0 0 0 0 0 0
4364 10289 16214 4.556753958675215099e-02 1.055533651877703649e-01 1.120503636421052301e-01 0 0 0 0 0 0
4365 10290 16215 3.881040790608196456e-02 1.045660001478949247e-01 1.117339867308780599e-01 0 0 0 0 0 0
4366 10291 16216 4.270077927751422114e-02 8.828707074409172795e-02 1.065178030552740435e-01 0 0 0 0 0 0
4367 10292 16217 4.953970100223997752e-02 8.902667822391081842e-02 1.067547921328042826e-01 0 0 0 0 0 0
4368 10293 16218 5.301496869963879394e-02 8.973927617734021867e-02 1.032302525431580964e-01 0 0 0 0 0 0
4369 10294 16219 4.107369715795192860e-02 8.878673132421752157e-02 9.914868336017312878e-02 0 0 0 0 0 0
4370 10295 16220 4.084246497745069870e-02 8.854045485327298459e-02 1.015356186408135492e-01 0 0 0 0 0 0
4371 10296 16221 4.017006613147417610e-02 8.843659706042902857e-02 1.065657150961094590e-01 0 0 0 0 0 0
4372 10297 16222 3.377825915424884085e-02 1.014360929720272697e-01 1.107310847394791381e-01 0 0 0 0 0 0
4373 10298 16223 5.305962117283538615e-02 8.976480541223429144e-02 1.032083607949369208e-01 0 0 0 0 0 0
4374 10299 16224 5.244714888024298860e-02 9.216624233308108594e-02 9.885475079404285048e-02 0 0 0 0 0 0
4375 10300 16225 5.216897154460796437e-02 9.212753927459600700e-02 1.077483870057645010e-01 0 0 0 0 0 0
4376 10301 16226 5.327302446051424001e-02 9.074635652164150801e-02 1.043318280621519378e-01 0 0 0 0 0 0
4377 10302 16227 5.252074833190260861e-02 9.418042785391207705e-02 9.887962021137003399e-02 0 0 0 0 0 0
4378 10303 16228 3.851310840940485453e-02 1.053529208308961324e-01 1.147781207366887352e-01 0 0 0 0 0 0
4379 10304 16229 3.377895544174275289e-02 1.211769229750649379e-01 1.211773659754075555e-01 0 0 0 0 0 0
4380 10305 16230 3.187537020288833123e-02 1.280839722677381276e-01 1.167965891401497730e-01 0 0 0 0 0 0
4381 10306 16231 3.080467764300026667e-02 1.022538269623361890e-01 1.099854723479163632e-01 0 0 0 0 0 0
4382 10307 16232 3.374868291068414128e-02 1.014275416086094783e-01 1.107566270071028980e-01 0 0 0 0 0 0
4383 10308 16233 3.168789777488444787e-02 1.078213319015067090e-01 9.872937528590733369e-02 0 0 0 0 0 0
4384 10309 16234 2.955500942159601865e-02 1.076313189035675438e-01 9.972853496541822516e-02 0 0 0 0 0 0
4385 10310 16235 2.841378982442472820e-02 1.073722582048245860e-01 1.005740494153302134e-01 0 0 0 0 0 0
4386 10311 16236 6.748812620291670672e-02 7.491413262498336501e-02 1.865983459778150499e-01 0 0 0 0 0 0
4387 10312 16237 6.837661024726318648e-02 7.625718088978626630e-02 1.896129138597529018e-01 0 0 0 0 0 0
4388 10313 16238 6.837742636471240421e-02 7.637715179411982969e-02 1.898800067708725225e-01 0 0 0 0 0 0
4389 10314 16239 6.561765891307458354e-02 8.095773569772057865e-02 2.000000000000000111e-01 0 0 0 0 0 0
4390 10315 16240 5.811003478320581755e-02 1.063774208651547121e-01 1.820884581208357667e-01 0 0 0 0 0 0
4391 10316 16241 6.111131070746795430e-02 1.060619897451864496e-01 1.790260998738000264e-01 0 0 0 0 0 0
4392 10317 16242 6.126628898111136090e-02 1.030323548378967724e-01 1.740902230037038034e-01 0 0 0 0 0 0
4393 10318 16243 5.607031473618778045e-02 9.321752118321371960e-02 1.664551915740196397e-01 0 0 0 0 0 0
4394 10319 16244 6.225575321962670966e-02 9.701171540695574524e-02 1.713025831537995647e-01 0 0 0 0 0 0
4395 10320 16245 6.705822653683315981e-02 8.621845422180526852e-02 1.975086743652670340e-01 0 0 0 0 0 0
4396 10321 16246 6.606012333737121267e-02 8.467124883525836698e-02 2.000000000000000111e-01 0 0 0 0 0 0
4397 10322 16247 6.924385648817632521e-02 7.546313571727127079e-02 1.911144108670623787e-01 0 0 0 0 0 0
4398 10323 16248 6.843103118670790241e-02 7.629839881013204816e-02 1.897694618557132229e-01 0 0 0 0 0 0
4399 10324 16249 7.092685854521650624e-02 7.445840000291439886e-02 2.000000000000000111e-01 0 0 0 0 0 0
4400 10325 16250 8.329773640962506720e-02 8.360716607381182830e-02 1.720358126133227361e-01 0 0 0 0 0 0
4401 10326 16251 8.660177852969114243e-02 8.566233686097546318e-02 1.746915548687275888e-01 0 0 0 0 0 0
4402 10327 16252 8.943662822112831423e-02 8.548796835027194785e-02 1.749723247938991810e-01 0 0 0 0 0 0
4403 10328 16253 9.029171787477306699e-02 8.379802273465099260e-02 1.733688393481785939e-01 0 0 0 0 0 0
4404 10329 16254 9.332824558552987870e-02 7.990246528305511298e-02 1.839661578655984453e-01 0 0 0 0 0 0
4405 10330 16255 9.318030020236804656e-02 8.029861796620987868e-02 1.833282688410427241e-01 0 0 0 0 0 0
4406 10331 16256 7.505661243303347885e-02 7.048653771011560709e-02 1.991277789026137113e-01 0 0 0 0 0 0
4407 10332 16257 7.457557766652293807e-02 7.100037697911248946e-02 2.000000000000000111e-01 0 0 0 0 0 0
4408 10333 16258 1.005780329123099337e-01 8.330242830504501483e-02 1.620982003959347828e-01 0 0 0 0 0 0
4409 10334 16259 1.010930761524861388e-01 8.285966160741678466e-02 1.607941173655914324e-01 0 0 0 0 0 0
4410 10335 16260 9.771784437350183872e-02 8.059647969389568956e-02 1.601987883254860912e-01 0 0 0 0 0 0
4411 10336 16261 9.343035152010961686e-02 8.005837462782665337e-02 1.839455789343623915e-01 0 0 0 0 0 0
4412 10337 16262 1.824465379193462508e-02 7.757371299439456969e-02 1.410352224505861396e-01 0 0 0 0 0 0
4413 10338 16263 1.823096928210159520e-02 8.417242796530269300e-02 1.214684700094038894e-01 0 0 0 0 0 0
4414 10339 16264 0.000000000000000000e+00 8.345236434479628984e-02 1.136990552626342271e-01 0 0 0 0 0 0
4415 10340 16265 1.898082215523880581e-02 8.433214988282050628e-02 1.412627338464851334e-01 0 0 0 0 0 0
4416 10341 16266 2.061104152033282552e-02 8.866719282755580744e-02 1.292987865146326409e-01 0 0 0 0 0 0
4417 10342 16267 2.060931123798677433e-02 8.950154057987889933e-02 1.268247478583886811e-01 0 0 0 0 0 0
4418 10343 16268 0.000000000000000000e+00 8.868754023592914648e-02 1.180417652217835428e-01 0 0 0 0 0 0
4419 10344 16269 1.840284929955104606e-02 7.797584385101229143e-02 1.412510335951367435e-01 0 0 0 0 0 0
4420 10345 16270 2.025658988097151295e-02 8.396252040240458070e-02 1.400241476940864704e-01 0 0 0 0 0 0
4421 10346 16271 1.852012923463203231e-02 7.532486427270468354e-02 1.395866482707851242e-01 0 0 0 0 0 0
4422 10347 16272 1.907590562798060566e-02 7.218657187315348500e-02 1.324294113587225208e-01 0 0 0 0 0 0
4423 10348 16273 0.000000000000000000e+00 6.315680700182563223e-02 1.398115626467596462e-01 0 0 0 0 0 0
4424 10349 16274 1.940295283596774056e-02 7.820444745996116276e-02 1.044084595888152139e-01 0 0 0 0 0 0
4425 10350 16275 1.409756416018618889e-02 7.148062444151222217e-02 1.059848825319444077e-01 0 0 0 0 0 0
4426 10351 16276 1.953257206242912936e-02 7.678325707418354185e-02 1.048259330557000102e-01 0 0 0 0 0 0
4427 10352 16277 1.991128037926157696e-02 7.102840213215662335e-02 1.108972609619110899e-01 0 0 0 0 0 0
4428 10353 16278 1.984707440621740968e-02 7.252427454140110419e-02 1.082930876213825944e-01 0 0 0 0 0 0
4429 10354 16279 2.485871147188399924e-02 7.012023736896230708e-02 1.116189333718673182e-01 0 0 0 0 0 0
4430 10355 16280 2.632251223311389901e-02 6.866860617572313752e-02 1.123151912564645527e-01 0 0 0 0 0 0
4431 10356 16281 2.763870890877320741e-02 6.966469701122426916e-02 1.132046111603968591e-01 0 0 0 0 0 0
4432 10357 16282 2.836787088547870414e-02 6.958473586965030488e-02 1.144722149720520804e-01 0 0 0 0 0 0
4433 10358 16283 2.596778261700576768e-02 6.230154981207767367e-02 1.195552757715841047e-01 0 0 0 0 0 0
4434 10359 16284 2.406396201537725280e-02 7.111607075625832330e-02 1.298193650942900401e-01 0 0 0 0 0 0
4435 10360 16285 2.326285178726147929e-02 6.085583995718440303e-02 1.281721918829201723e-01 0 0 0 0 0 0
4436 10361 16286 1.852040191034306713e-02 9.378781194879488858e-02 1.252142729421234779e-01 0 0 0 0 0 0
4437 10362 16287 2.079522140456325011e-02 8.975249308542881943e-02 1.268638139779094953e-01 0 0 0 0 0 0
4438 10363 16288 1.968219383536886496e-02 7.921637607065117048e-02 1.037600843878253992e-01 0 0 0 0 0 0
4439 10364 16289 2.085026967777522250e-02 8.044444224448950298e-02 1.053689032324062885e-01 0 0 0 0 0 0
4440 10365 16290 2.431934600675052932e-02 8.809405671477431310e-02 1.128985654467674765e-01 0 0 0 0 0 0
4441 10366 16291 2.201856859643481698e-02 9.062117070538422414e-02 1.253268286803577158e-01 0 0 0 0 0 0
4442 10367 16292 2.004893428452916848e-02 7.884600731663447826e-02 1.040160188127277896e-01 0 0 0 0 0 0
4443 10368 16293 2.826481533515317474e-02 6.542579321139017912e-02 1.116241750115704728e-01 0 0 0 0 0 0
4444 10369 16294 2.169644389624640624e-02 7.210484359069598004e-02 1.087026472181729236e-01 0 0 0 0 0 0
4445 10370 16295 2.505370006125963792e-02 6.873438407273750606e-02 9.109795677030858851e-02 0 0 0 0 0 0
4446 10371 16296 2.051283548075531413e-02 7.743589273006949714e-02 1.043331565207445827e-01 0 0 0 0 0 0
4447 10372 16297 2.107354558715624979e-02 7.694163634264057638e-02 1.047551556467269246e-01 0 0 0 0 0 0
4448 10373 16298 2.836540034690872986e-02 7.149475308230729409e-02 8.236489594108235834e-02 0 0 0 0 0 0
4449 10374 16299 2.942580662481048340e-02 8.034805841826986317e-02 8.037326967316713033e-02 0 0 0 0 0 0
4450 10375 16300 2.069475362683282846e-02 7.848630724101059164e-02 1.039441853856141601e-01 0 0 0 0 0 0
4451 10376 16301 3.225060042584820125e-02 8.354149510433142578e-02 9.194617323356052419e-02 0 0 0 0 0 0
4452 10377 16302 2.161966500493248469e-02 7.855788773124242064e-02 1.042550840776386156e-01 0 0 0 0 0 0
4453 10378 16303 3.359758102867965029e-02 8.526515599066321338e-02 1.123577378421533185e-01 0 0 0 0 0 0
4454 10379 16304 3.978059476081312329e-02 8.782446527998967467e-02 9.837571916887043189e-02 0 0 0 0 0 0
4455 10380 16305 3.142154035927118699e-02 9.854930075882795126e-02 1.129675780922486383e-01 0 0 0 0 0 0
4456 10381 16306 3.055945040051375947e-02 8.953279904860859950e-02 1.145119808257062943e-01 0 0 0 0 0 0
4457 10382 16307 3.080038764511160501e-02 9.909594379548126997e-02 1.125075121422873387e-01 0 0 0 0 0 0
4458 10383 16308 3.130857751446915888e-02 1.048968432779600335e-01 9.579232248772717728e-02 0 0 0 0 0 0
4459 10384 16309 2.716960087817522559e-02 8.857419351812183261e-02 1.128814993669055300e-01 0 0 0 0 0 0
4460 10385 16310 4.455735981643500071e-02 6.671481123374065070e-02 1.037431704079007228e-01 0 0 0 0 0 0
4461 10386 16311 4.486601792025825958e-02 6.646335349488803612e-02 1.041386174083428484e-01 0 0 0 0 0 0
4462 10387 16312 4.477678194708775705e-02 6.652766282596293823e-02 1.042742735543560062e-01 0 0 0 0 0 0
4463 10388 16313 4.483913441697314622e-02 6.200463890234325648e-02 1.036317012749835703e-01 0 0 0 0 0 0
4464 10389 16314 4.494400194239710211e-02 6.591634529124487663e-02 1.039600281362674516e-01 0 0 0 0 0 0
4465 10390 16315 3.706965702961936143e-02 6.852515142705693785e-02 1.155555279013254083e-01 0 0 0 0 0 0
4466 10391 16316 3.711310212492726496e-02 6.660673021249025050e-02 1.152586410025950164e-01 0 0 0 0 0 0
4467 10392 16317 3.717100297062525538e-02 6.626520983403134946e-02 1.151339480370039969e-01 0 0 0 0 0 0
4468 10393 16318 2.233733672917372418e-02 7.723897783380190285e-02 1.050932993986981590e-01 0 0 0 0 0 0
4469 10394 16319 4.093799467636013295e-02 6.892249165398474375e-02 1.007351423452634287e-01 0 0 0 0 0 0
4470 10395 16320 4.444104620197373429e-02 6.679504011375896055e-02 1.035857819918712119e-01 0 0 0 0 0 0
4471 10396 16321 3.461686749177751710e-02 6.970278204175588133e-02 1.156005132872516689e-01 0 0 0 0 0 0
4472 10397 16322 3.348259417041260511e-02 7.029094474759928213e-02 1.153362412822931948e-01 0 0 0 0 0 0
4473 10398 16323 3.136200743168506694e-02 6.995421602327199506e-02 1.146457927960489454e-01 0 0 0 0 0 0
4474 10399 16324 3.459264691574913397e-02 6.939267407061380788e-02 1.155507546456698426e-01 0 0 0 0 0 0
4475 10400 16325 3.743015010646667112e-02 6.225423301004257698e-02 1.171572113230488904e-01 0 0 0 0 0 0
4476 10401 16326 3.740566108847691307e-02 6.580672868705589318e-02 1.154552214498127116e-01 0 0 0 0 0 0
4477 10402 16327 3.072028643574265666e-02 5.697347538549528412e-02 1.240750793679425840e-01 0 0 0 0 0 0
4478 10403 16328 3.062328423625375329e-02 5.734744752436529702e-02 1.239573253957138438e-01 0 0 0 0 0 0
4479 10404 16329 3.062500661931612592e-02 5.709759028689696814e-02 1.240770312381945240e-01 0 0 0 0 0 0
4480 10405 16330 2.643125051329872285e-02 5.840020755812932313e-02 1.288009751904904687e-01 0 0 0 0 0 0
4481 10406 16331 3.054240597408908534e-02 5.730422035590230362e-02 1.242149738326498304e-01 0 0 0 0 0 0
4482 10407 16332 2.947030032871288813e-02 6.316416354280512957e-02 1.303777861238308577e-01 0 0 0 0 0 0
4483 10408 16333 3.016688108865091950e-02 7.208563167081609435e-02 1.318100349293719886e-01 0 0 0 0 0 0
4484 10409 16334 3.456079246360228147e-02 7.052227380702187631e-02 1.161419481899801098e-01 0 0 0 0 0 0
4485 10410 16335 3.859589026582568166e-02 6.297547864289511355e-02 1.165644153901264635e-01 0 0 0 0 0 0
4486 10411 16336 3.893922049407838593e-02 6.214482333630381994e-02 1.165524301425292508e-01 0 0 0 0 0 0
4487 10412 16337 3.972286789510479782e-02 6.065300209606001858e-02 1.158256174866082594e-01 0 0 0 0 0 0
4488 10413 16338 3.828332558695647647e-02 6.397830761492616369e-02 1.161485154050600904e-01 0 0 0 0 0 0
4489 10414 16339 3.850299158812658246e-02 5.634874928464039118e-02 1.370043295586143572e-01 0 0 0 0 0 0
4490 10415 16340 4.367045158132722149e-02 5.849696110287017775e-02 1.376326764783898371e-01 0 0 0 0 0 0
4491 10416 16341 3.886746405058701809e-02 6.291590820965546615e-02 1.171328261767881906e-01 0 0 0 0 0 0
4492 10417 16342 3.345422898713180937e-02 5.865607431191973559e-02 1.398998849947027945e-01 0 0 0 0 0 0
4493 10418 16343 3.432289536863439988e-02 6.277464052748323031e-02 1.384393038245161911e-01 0 0 0 0 0 0
4494 10419 16344 3.704845646247873631e-02 5.997685137306751901e-02 1.394189516151066177e-01 0 0 0 0 0 0
4495 10420 16345 3.251221900475217280e-02 7.386143107813027131e-02 1.357664687233890721e-01 0 0 0 0 0 0
4496 10421 16346 4.457755060553474091e-02 6.218500617987434559e-02 1.397700799947833583e-01 0 0 0 0 0 0
4497 10422 16347 4.439047912663082740e-02 6.233864046946756970e-02 1.398890077919361374e-01 0 0 0 0 0 0
4498 10423 16348 3.356944527080494428e-02 7.429408411793719802e-02 1.358138731494134832e-01 0 0 0 0 0 0
4499 10424 16349 4.050529834006977303e-02 7.240344849239400971e-02 1.371610673735813302e-01 0 0 0 0 0 0
4500 10425 16350 4.199474450100176837e-02 7.124884069552192556e-02 1.513195358025697379e-01 0 0 0 0 0 0
4501 10426 16351 4.432926103795468281e-02 6.274667559208574330e-02 1.397913667596821230e-01 0 0 0 0 0 0
4502 10427 16352 7.367179697889932044e-02 7.527592734265899088e-02 1.507170943830100918e-01 0 0 0 0 0 0
4503 10428 16353 6.737037866128214869e-02 6.511194267280029369e-02 1.386171536313721142e-01 0 0 0 0 0 0
4504 10429 16354 4.663512262269259301e-02 7.853325747412195912e-02 1.599684579941764162e-01 0 0 0 0 0 0
4505 10430 16355 6.464361900143938966e-02 6.327380550233109580e-02 1.367224297674478062e-01 0 0 0 0 0 0
4506 10431 16356 5.854250669660966688e-02 6.194521068263210417e-02 1.361167728712986136e-01 0 0 0 0 0 0
4507 10432 16357 4.457771207464665542e-02 6.263410667125310360e-02 1.395985015395881379e-01 0 0 0 0 0 0
4508 10433 16358 6.655331532380827364e-02 8.323397192777613751e-02 1.505282493091052165e-01 0 0 0 0 0 0
4509 10434 16359 7.288795463136704678e-02 9.073788538872436249e-02 1.447155969282332422e-01 0 0 0 0 0 0
4510 10435 16360 7.323022011184496249e-02 9.078787034833052383e-02 1.445472864151083614e-01 0 0 0 0 0 0
4511 10436 16361 7.619563919710853339e-02 8.679596210251362687e-02 1.449034473718484872e-01 0 0 0 0 0 0
4512 10437 16362 5.872957060254482831e-02 8.855439433493107748e-02 1.552058632658403492e-01 0 0 0 0 0 0
4513 10438 16363 6.182482211861303062e-02 8.696629223413193666e-02 1.526184273869089503e-01 0 0 0 0 0 0
4514 10439 16364 5.872424351792751573e-02 8.993844540452468339e-02 1.551438722937334980e-01 0 0 0 0 0 0
4515 10440 16365 6.438492233939126230e-02 8.999894643516137549e-02 1.502692845358202522e-01 0 0 0 0 0 0
4516 10441 16366 7.758157583311217631e-02 9.223981744752933476e-02 1.446356147970287720e-01 0 0 0 0 0 0
4517 10442 16367 7.068210304422119228e-02 1.004964742473708622e-01 1.733104519332229199e-01 0 0 0 0 0 0
4518 10443 16368 7.650279019928821200e-02 9.748727682043471787e-02 1.736485970809129586e-01 0 0 0 0 0 0
4519 10444 16369 8.251942319741739640e-02 9.028712178306129432e-02 1.486429225013430333e-01 0 0 0 0 0 0
4520 10445 16370 7.854366674169080409e-02 9.174439186593169593e-02 1.447036532145312415e-01 0 0 0 0 0 0
4521 10446 16371 4.878164388911369886e-02 1.246678577061588744e-01 1.681828860961594452e-01 0 0 0 0 0 0
4522 10447 16372 5.499463197876896386e-02 1.032782450601951035e-01 1.559151714063413408e-01 0 0 0 0 0 0
4523 10448 16373 5.663811689248220149e-02 1.054285132785882928e-01 1.576266132932676589e-01 0 0 0 0 0 0
4524 10449 16374 5.707048935083592484e-02 1.107175934478617507e-01 1.498111347954993455e-01 0 0 0 0 0 0
4525 10450 16375 5.727246061848917380e-02 1.063551745775591501e-01 1.539478087259755490e-01 0 0 0 0 0 0
4526 10451 16376 4.905471888983491124e-02 1.060516751903011756e-01 1.470722397373392387e-01 0 0 0 0 0 0
4527 10452 16377 5.154321256142702090e-02 1.055602914366523121e-01 1.472414777459460089e-01 0 0 0 0 0 0
4528 10453 16378 5.307948118135492888e-02 1.060799612277124465e-01 1.472261359807399694e-01 0 0 0 0 0 0
4529 10454 16379 5.473291920010461137e-02 1.099550330164032474e-01 1.467268958682602931e-01 0 0 0 0 0 0
4530 10455 16380 5.399700917700571423e-02 1.046294602824348885e-01 1.497615280529252246e-01 0 0 0 0 0 0
4531 10456 16381 5.537520898106897821e-02 1.038618426829449881e-01 1.524677177666117489e-01 0 0 0 0 0 0
4532 10457 16382 5.666361633523175206e-02 1.055631673961392042e-01 1.531083025137187636e-01 0 0 0 0 0 0
4533 10458 16383 5.694698689220750037e-02 1.105522094130422517e-01 1.496447867058390557e-01 0 0 0 0 0 0
4534 10459 16384 3.365358017275221075e-02 1.093388702925752742e-01 8.902434243491526289e-02 0 0 0 0 0 0
4535 10460 16385 4.652537273995648037e-02 1.093581830439361857e-01 8.409690930534687026e-02 0 0 0 0 0 0
4536 10461 16386 5.130978527078808304e-02 1.112002686776596833e-01 7.888473236658145871e-02 0 0 0 0 0 0
4537 10462 16387 4.692575822359376647e-02 1.141411006297528841e-01 7.513262035743564771e-02 0 0 0 0 0 0
4538 10463 16388 4.128328978766205443e-02 1.166233258546301305e-01 7.270371624031247981e-02 0 0 0 0 0 0
4539 10464 16389 2.763289690717398578e-02 1.202573298845100308e-01 7.119612201526234752e-02 0 0 0 0 0 0
4540 10465 16390 2.370414646281484780e-02 1.195071257121869956e-01 7.407140941219959862e-02 0 0 0 0 0 0
4541 10466 16391 2.346597000956843551e-02 1.192533532998436563e-01 7.462948140648736906e-02 0 0 0 0 0 0
4542 10467 16392 4.435090941393717012e-02 1.033565033938471656e-01 6.416106206173272097e-02 0 0 0 0 0 0
4543 10468 16393 4.445479913306979447e-02 1.033035226110832761e-01 6.419975995757541687e-02 0 0 0 0 0 0
4544 10469 16394 4.879501273591006077e-02 1.042706362635975048e-01 6.844873203716507482e-02 0 0 0 0 0 0
4545 10470 16395 4.911202207453312096e-02 1.046859601963024550e-01 6.904435052706463238e-02 0 0 0 0 0 0
4546 10471 16396 2.661978581864467286e-02 1.197800303200209776e-01 7.055134354042098821e-02 0 0 0 0 0 0
4547 10472 16397 3.304098887373707605e-02 1.061096313964887961e-01 6.272805576766291025e-02 0 0 0 0 0 0
4548 10473 16398 2.763929837329764591e-02 1.128790774986920126e-01 6.593469168758332721e-02 0 0 0 0 0 0
4549 10474 16399 2.321565389761710493e-02 1.020703532384940465e-01 6.741331804753521173e-02 0 0 0 0 0 0
4550 10475 16400 4.010493038209177880e-02 9.523814265028009152e-02 7.206226309307582623e-02 0 0 0 0 0 0
4551 10476 16401 3.566058314980617011e-02 9.091664347671217505e-02 7.648169858662975940e-02 0 0 0 0 0 0
4552 10477 16402 3.282670437121055357e-02 8.912824189532708719e-02 7.840786999067206331e-02 0 0 0 0 0 0
4553 10478 16403 4.408443246364953522e-02 9.751191993077705511e-02 7.358889379124443353e-02 0 0 0 0 0 0
4554 10479 16404 5.001165857064969467e-02 1.034359566871530939e-01 7.152859268409955673e-02 0 0 0 0 0 0
4555 10480 16405 2.228891550579482558e-02 1.061412721457571096e-01 6.816761586472389056e-02 0 0 0 0 0 0
4556 10481 16406 2.152616972940705337e-02 1.037733547688599600e-01 6.838718754757387719e-02 0 0 0 0 0 0
4557 10482 16407 5.093742809583105130e-02 1.057660168717841909e-01 7.290277522621803341e-02 0 0 0 0 0 0
4558 10483 16408 3.745334656284621255e-02 9.194097884187449332e-02 7.716944484352558642e-02 0 0 0 0 0 0
4559 10484 16409 3.450375102052381099e-02 9.006207811558658571e-02 7.948543994710585703e-02 0 0 0 0 0 0
4560 10485 16410 2.297621258854918788e-02 1.187192802718168988e-01 7.387833454385653309e-02 0 0 0 0 0 0
4561 10486 16411 2.357099041802342143e-02 1.193600344759667559e-01 7.357467580151340336e-02 0 0 0 0 0 0
4562 10487 16412 2.093960534623302491e-02 1.073494601163462459e-01 7.021950931756568148e-02 0 0 0 0 0 0
4563 10488 16413 3.152212755613434392e-02 9.991984920317494023e-02 8.534023377288149637e-02 0 0 0 0 0 0
4564 10489 16414 3.391478070093717490e-02 8.970964396772805605e-02 7.954288848640286846e-02 0 0 0 0 0 0
4565 10490 16415 3.235799676963486277e-02 8.934708540133565191e-02 7.996667970933231395e-02 0 0 0 0 0 0
4566 10491 16416 3.152016158852597588e-02 9.014809042204163791e-02 8.067083048840376081e-02 0 0 0 0 0 0
4567 10492 16417 3.277962285593296471e-02 8.906810478626611682e-02 7.898170904753915034e-02 0 0 0 0 0 0
4568 10493 16418 2.067532473644893842e-02 1.044764504622258811e-01 6.966295490175734850e-02 0 0 0 0 0 0
4569 10494 16419 2.478820963865526611e-02 9.874029004838083545e-02 7.537294713533931878e-02 0 0 0 0 0 0
4570 10495 16420 4.728757086214865207e-02 1.041267002417759630e-01 5.759119674990201276e-02 0 0 0 0 0 0
4571 10496 16421 4.763870537155819040e-02 1.038977310832867457e-01 5.789062292919933822e-02 0 0 0 0 0 0
4572 10497 16422 4.926429158952971843e-02 1.042477280719263516e-01 5.848205866799006253e-02 0 0 0 0 0 0
4573 10498 16423 5.449920716323076314e-02 1.104710622284331006e-01 5.751414698058388703e-02 0 0 0 0 0 0
4574 10499 16424 4.238615810319622257e-02 8.289119737351403894e-02 6.620873310774134934e-02 0 0 0 0 0 0
4575 10500 16425 4.387033099805454778e-02 8.194612692762436035e-02 6.589423325790699781e-02 0 0 0 0 0 0
4576 10501 16426 6.542533370811901006e-02 7.636090983230922613e-02 4.955526670024254510e-02 0 0 0 0 0 0
4577 10502 16427 6.537307842301527672e-02 7.802896992770338991e-02 4.720232339624674117e-02 0 0 0 0 0 0
4578 10503 16428 5.067517216052260659e-02 8.753353116141604495e-02 5.010653164093862438e-02 0 0 0 0 0 0
4579 10504 16429 5.190854403940929618e-02 9.093139513658000939e-02 4.799313556441948958e-02 0 0 0 0 0 0
4580 10505 16430 7.198554404316245825e-02 9.039458390450377800e-02 5.129029359342674593e-02 0 0 0 0 0 0
4581 10506 16431 7.267605924409004103e-02 8.989310900325486742e-02 5.407329425379646393e-02 0 0 0 0 0 0
4582 10507 16432 6.934541761529243453e-02 7.567942489315050703e-02 6.250863662338942972e-02 0 0 0 0 0 0
4583 10508 16433 6.824823089364318029e-02 7.600807189277739018e-02 6.545319750722448926e-02 0 0 0 0 0 0
4584 10509 16434 5.711184597146638092e-02 9.893704273716683040e-02 7.561988355270385376e-02 0 0 0 0 0 0
4585 10510 16435 6.458690128936944719e-02 9.435617209292236629e-02 7.412412968931272883e-02 0 0 0 0 0 0
4586 10511 16436 6.542621248030824899e-02 9.304283047496703096e-02 7.356233687173943658e-02 0 0 0 0 0 0
4587 10512 16437 6.603782332217736362e-02 9.351771439524318719e-02 7.194270493097604247e-02 0 0 0 0 0 0
4588 10513 16438 1.629790445314623082e-02 9.512744058653201107e-02 5.746939876810727710e-02 0 0 0 0 0 0
4589 10514 16439 1.858823395295711167e-02 9.533399603253117638e-02 5.400259250438785991e-02 0 0 0 0 0 0
4590 10515 16440 6.681747967390400111e-02 1.177634879266161311e-01 8.351688706479419577e-02 0 0 0 0 0 0
4591 10516 16441 6.058750048033985369e-02 1.127302009329437249e-01 8.223335683420045228e-02 0 0 0 0 0 0
4592 10517 16442 6.647094691634314323e-02 1.249454509555937148e-01 8.790700214311947258e-02 0 0 0 0 0 0
4593 10518 16443 3.461262636193603720e-02 8.987800925374983541e-02 7.985198046684038875e-02 0 0 0 0 0 0
4594 10519 16444 5.147964138946293372e-02 1.069090499029826807e-01 9.541165123117763269e-02 0 0 0 0 0 0
4595 10520 16445 6.525228865925285227e-02 9.258592866874228167e-02 7.524095358049867621e-02 0 0 0 0 0 0
4596 10521 16446 6.803805055164149906e-02 7.527866780475382658e-02 6.762042039975349472e-02 0 0 0 0 0 0
4597 10522 16447 6.792000369825097750e-02 7.519259199825140128e-02 6.858446596742585888e-02 0 0 0 0 0 0
4598 10523 16448 4.059622570483572418e-02 8.193928839950992415e-02 6.818272715629397629e-02 0 0 0 0 0 0
4599 10524 16449 6.766071392992721589e-02 7.502710050932767660e-02 6.857919645108169482e-02 0 0 0 0 0 0
4600 10525 16450 5.726885803642994821e-02 7.653725497868613115e-02 7.159724683976173565e-02 0 0 0 0 0 0
4601 10526 16451 3.742422607482615016e-02 8.137108058462402815e-02 7.195626842044301752e-02 0 0 0 0 0 0
4602 10527 16452 5.831128093591160522e-02 7.658960433993849959e-02 7.172935524172602273e-02 0 0 0 0 0 0
4603 10528 16453 6.767557164861180696e-02 7.503636409063331458e-02 6.859925015712504959e-02 0 0 0 0 0 0
4604 10529 16454 5.151497050885681800e-02 9.347923821840477265e-02 7.936166928214526128e-02 0 0 0 0 0 0
4605 10530 16455 6.093463098819452278e-02 9.739998646904321489e-02 7.807781697526697262e-02 0 0 0 0 0 0
4606 10531 16456 6.301206439829198924e-02 9.596448011095946862e-02 7.701240404769998937e-02 0 0 0 0 0 0
4607 10532 16457 2.664567824381227842e-02 8.109098509787605880e-02 6.929395139186901587e-02 0 0 0 0 0 0
4608 10533 16458 3.228167422575969892e-02 8.275675199748711020e-02 7.689704319316463532e-02 0 0 0 0 0 0
4609 10534 16459 3.220108122822055996e-02 8.253611556937184845e-02 7.771023377550122235e-02 0 0 0 0 0 0
4610 10535 16460 3.118940271549791587e-02 8.157336286824085070e-02 7.945450632523998191e-02 0 0 0 0 0 0
4611 10536 16461 2.078963043603387212e-02 8.780573073480013591e-02 6.244870293925350313e-02 0 0 0 0 0 0
4612 10537 16462 5.184609709273627076e-02 1.166198661653051610e-01 1.783625533221313841e-01 0 0 0 0 0 0
4613 10538 16463 5.836351079694778593e-02 1.094743941715412422e-01 1.799903388146346650e-01 0 0 0 0 0 0
4614 10539 16464 6.191924442909792908e-02 1.073951189333845896e-01 1.699363687787205368e-01 0 0 0 0 0 0
4615 10540 16465 6.355945594574580193e-02 1.071922178170207490e-01 1.748805955536329726e-01 0 0 0 0 0 0
4616 10541 16466 6.073884763201300302e-02 1.111198508637019911e-01 1.726087941433379069e-01 0 0 0 0 0 0
4617 10542 16467 4.948098422565566645e-02 1.240580767906489523e-01 1.686795731989456926e-01 0 0 0 0 0 0
4618 10543 16468 6.362265839190185679e-02 1.066028237424031383e-01 1.758723816048104738e-01 0 0 0 0 0 0
4619 10544 16469 4.945846202044169859e-02 1.238410448565926136e-01 1.691275585435255413e-01 0 0 0 0 0 0
4620 10545 16470 6.344025050150135792e-02 1.066144623029859212e-01 1.761802684252855022e-01 0 0 0 0 0 0
4621 10546 16471 6.023473790421919605e-02 1.244125450554639661e-01 1.820433312366741274e-01 0 0 0 0 0 0
4622 10547 16472 5.867676790266278253e-02 1.258499076377974923e-01 1.816289453050968228e-01 0 0 0 0 0 0
4623 10548 16473 5.886439085379029101e-02 1.311682505180853942e-01 1.777951679924971440e-01 0 0 0 0 0 0
4624 10549 16474 6.312579573955862111e-02 1.156547840544477762e-01 1.524076064029237232e-01 0 0 0 0 0 0
4625 10550 16475 6.040195320787014599e-02 1.323567736226255731e-01 1.486332459107203297e-01 0 0 0 0 0 0
4626 10551 16476 6.338164540697105442e-02 1.100292517899982003e-01 1.577367013081150959e-01 0 0 0 0 0 0
4627 10552 16477 5.738366397607008729e-02 1.357230045444521860e-01 1.630178899099671008e-01 0 0 0 0 0 0
4628 10553 16478 5.719436545655968290e-02 1.376549475556465008e-01 1.618098875951274052e-01 0 0 0 0 0 0
4629 10554 16479 7.199905419959756747e-02 1.122374234017568806e-01 1.598549886320312641e-01 0 0 0 0 0 0
4630 10555 16480 7.572895375819886643e-02 1.119905061164499921e-01 1.632920477790095193e-01 0 0 0 0 0 0
4631 10556 16481 8.032825866202625287e-02 1.155336885901127320e-01 1.658278914589962072e-01 0 0 0 0 0 0
4632 10557 16482 8.271883178082287125e-02 1.262458438170797059e-01 1.632212546143382015e-01 0 0 0 0 0 0
4633 10558 16483 6.939667070672955740e-02 1.159828043761070432e-01 1.558760320926934062e-01 0 0 0 0 0 0
4634 10559 16484 6.896006323056116938e-02 1.161358669044093711e-01 1.556549053684006256e-01 0 0 0 0 0 0
4635 10560 16485 6.915076218526111651e-02 1.119428455363889602e-01 1.596269755227013865e-01 0 0 0 0 0 0
4636 10561 16486 6.731780517280216980e-02 1.086412529059597315e-01 1.749179021414973279e-01 0 0 0 0 0 0
4637 10562 16487 7.267135698884326367e-02 1.091711597210943685e-01 1.754643904420876699e-01 0 0 0 0 0 0
4638 10563 16488 7.696313729516204849e-02 1.118037284454623803e-01 1.649505759111411785e-01 0 0 0 0 0 0
4639 10564 16489 6.695280553427242209e-02 1.105453440961569750e-01 1.748217057283256992e-01 0 0 0 0 0 0
4640 10565 16490 6.264937505627213299e-02 1.421018763942108187e-01 1.625202063703507227e-01 0 0 0 0 0 0
4641 10566 16491 6.217066977290170576e-02 1.469874472323836334e-01 1.594653642514946568e-01 0 0 0 0 0 0
4642 10567 16492 6.350966509784403136e-02 1.447757446455571473e-01 1.539648252228576486e-01 0 0 0 0 0 0
4643 10568 16493 6.464010503562533927e-02 1.499999999999999944e-01 1.547624278458009928e-01 0 0 0 0 0 0
4644 10569 16494 8.505533496776096491e-02 1.499999999999999944e-01 1.653886427943705162e-01 0 0 0 0 0 0
4645 10570 16495 7.931868357126579949e-02 1.122968548338639377e-01 1.673855409661229587e-01 0 0 0 0 0 0
4646 10571 16496 7.591248156389766855e-02 1.102024224747600450e-01 1.757736619988101712e-01 0 0 0 0 0 0
4647 10572 16497 7.752995505406848342e-02 1.218972843931333955e-01 1.755883854387469689e-01 0 0 0 0 0 0
4648 10573 16498 7.129778931512516238e-02 1.234763363793849184e-01 1.748855036908511518e-01 0 0 0 0 0 0
4649 10574 16499 8.476977547337236074e-02 1.499999999999999944e-01 1.661541843947781927e-01 0 0 0 0 0 0
4650 10575 16500 7.041748785583826220e-02 1.341865218042165575e-01 1.711953274499622424e-01 0 0 0 0 0 0
4651 10576 16501 7.393315111799410311e-02 1.499999999999999944e-01 1.658721476569720854e-01 0 0 0 0 0 0
4652 10577 16502 6.640044639007212923e-02 1.455679007966970973e-01 1.646987167114779549e-01 0 0 0 0 0 0
4653 10578 16503 6.703664272892903564e-02 1.499999999999999944e-01 1.630646337758179520e-01 0 0 0 0 0 0
4654 10579 16504 6.316523657159195393e-02 1.499999999999999944e-01 1.589518435556630527e-01 0 0 0 0 0 0
4655 10580 16505 7.693949428809752911e-02 1.244939483874364372e-01 1.421461423681283087e-01 0 0 0 0 0 0
4656 10581 16506 7.723743038955833973e-02 1.178570253220104225e-01 1.421498243668553874e-01 0 0 0 0 0 0
4657 10582 16507 7.097988194531862360e-02 1.183347952503517042e-01 1.492477720738511759e-01 0 0 0 0 0 0
4658 10583 16508 8.711693123009599249e-02 1.330767136307428877e-01 1.428398470500223116e-01 0 0 0 0 0 0
4659 10584 16509 8.895586714396132300e-02 1.311694218508014376e-01 1.429568442194095734e-01 0 0 0 0 0 0
4660 10585 16510 9.035848138114718764e-02 1.275352939895619819e-01 1.430408213905039749e-01 0 0 0 0 0 0
4661 10586 16511 7.814205765202605902e-02 1.172330246090340505e-01 1.422081372495763718e-01 0 0 0 0 0 0
4662 10587 16512 7.417592165335877563e-02 1.113410024659927250e-01 1.588127317777741354e-01 0 0 0 0 0 0
4663 10588 16513 8.822706052480772110e-02 1.338927670673389914e-01 1.437113435103344328e-01 0 0 0 0 0 0
4664 10589 16514 9.216170982050832239e-02 1.355113876392936845e-01 1.552381110303089617e-01 0 0 0 0 0 0
4665 10590 16515 9.414854690463674014e-02 1.290944362572298554e-01 1.541440229445718291e-01 0 0 0 0 0 0
4666 10591 16516 7.940211715847625418e-02 1.006672783279987660e-01 1.470673616599427469e-01 0 0 0 0 0 0
4667 10592 16517 8.448884713075577313e-02 1.009781613743809398e-01 1.447725609503887345e-01 0 0 0 0 0 0
4668 10593 16518 8.208454810308313254e-02 1.100594338390968735e-01 1.396657393267289604e-01 0 0 0 0 0 0
4669 10594 16519 7.506532310525079743e-02 1.149649349815408256e-01 1.392532862924475701e-01 0 0 0 0 0 0
4670 10595 16520 7.915635784754600224e-02 1.058522579000953645e-01 1.526992491737724778e-01 0 0 0 0 0 0
4671 10596 16521 6.646287588312603523e-02 1.176943886856375993e-01 1.526442783827445526e-01 0 0 0 0 0 0
4672 10597 16522 8.453610395160958413e-02 1.010422464157935962e-01 1.448162165619043540e-01 0 0 0 0 0 0
4673 10598 16523 8.229232286222681880e-02 1.102386725775581361e-01 1.398816529308068157e-01 0 0 0 0 0 0
4674 10599 16524 6.697653664649999561e-02 9.357349844267609518e-02 1.463813631031952167e-01 0 0 0 0 0 0
4675 10600 16525 7.303107350460745495e-02 9.093528584844998153e-02 1.445008910080050057e-01 0 0 0 0 0 0
4676 10601 16526 7.310223186535902418e-02 9.092479913657677826e-02 1.444829715446936669e-01 0 0 0 0 0 0
4677 10602 16527 6.293203184993753641e-02 9.739861922517528692e-02 1.480578895449607690e-01 0 0 0 0 0 0
4678 10603 16528 7.804309944535581245e-02 9.414501375560488383e-02 1.440433299972171122e-01 0 0 0 0 0 0
4679 10604 16529 7.176571272071320673e-02 1.075418985603179972e-01 1.766708132147835619e-01 0 0 0 0 0 0
4680 10605 16530 6.387314992485801368e-02 1.066903167672362540e-01 1.759244998531798998e-01 0 0 0 0 0 0
4681 10606 16531 7.840823670140648072e-02 9.427262031289013189e-02 1.440487600110316457e-01 0 0 0 0 0 0
4682 10607 16532 6.534805020758829852e-02 1.078235286271776311e-01 1.752422047776676373e-01 0 0 0 0 0 0
4683 10608 16533 5.585378900083443759e-02 1.025212411417322639e-01 1.517258547304317362e-01 0 0 0 0 0 0
4684 10609 16534 6.101066408724217793e-02 1.336450821135070077e-01 1.484977617112551995e-01 0 0 0 0 0 0
4685 10610 16535 7.804509553098153141e-02 1.075150531661364095e-01 1.784314107022759721e-01 0 0 0 0 0 0
4686 10611 16536 8.318570487896803645e-02 1.106508690203590467e-01 1.658217482018695121e-01 0 0 0 0 0 0
4687 10612 16537 8.675591474066743358e-02 1.009628334009649991e-01 1.458785612345981364e-01 0 0 0 0 0 0
4688 10613 16538 8.632910091971229827e-02 9.855189478781874179e-02 1.448982260673979394e-01 0 0 0 0 0 0
4689 10614 16539 8.121170703130206614e-02 9.572702825840702368e-02 1.434863269692192023e-01 0 0 0 0 0 0
4690 10615 16540 8.380695869817425536e-02 9.805691447516756698e-02 1.435040019938016997e-01 0 0 0 0 0 0
4691 10616 16541 7.725907715737041770e-02 1.080132664185018548e-01 1.784255715821165544e-01 0 0 0 0 0 0
4692 10617 16542 7.794245723232723355e-02 1.079862001418621237e-01 1.795163312349941642e-01 0 0 0 0 0 0
4693 10618 16543 7.759115078383621578e-02 1.076916013619138440e-01 1.820962263532400205e-01 0 0 0 0 0 0
4694 10619 16544 6.674131557469135945e-02 1.261192160348435509e-01 1.783215545597529039e-01 0 0 0 0 0 0
4695 10620 16545 8.512124782213782714e-02 1.499999999999999944e-01 1.667653811132427111e-01 0 0 0 0 0 0
4696 10621 16546 8.890293041308322541e-02 1.499999999999999944e-01 1.614070803562638323e-01 0 0 0 0 0 0
4697 10622 16547 9.098977478513464723e-02 1.496611655809199082e-01 1.591821705494894656e-01 0 0 0 0 0 0
4698 10623 16548 9.087930760600695934e-02 1.499999999999999944e-01 1.590523015902599036e-01 0 0 0 0 0 0
4699 10624 16549 9.452636093992955457e-02 1.469583880501797168e-01 1.600097611291170230e-01 0 0 0 0 0 0
4700 10625 16550 9.551594567035824601e-02 1.499999999999999944e-01 1.586885293518534579e-01 0 0 0 0 0 0
4701 10626 16551 5.016224340269484494e-02 9.203278769026425332e-02 4.645434474291126187e-02 0 0 0 0 0 0
4702 10627 16552 7.587856565665131170e-02 9.421100322149657258e-02 5.051109008159394842e-02 0 0 0 0 0 0
4703 10628 16553 7.611226830396035370e-02 9.355170475379899486e-02 5.023433747652807091e-02 0 0 0 0 0 0
4704 10629 16554 7.586480810744614112e-02 9.342242466108201249e-02 5.045711776441639401e-02 0 0 0 0 0 0
4705 10630 16555 1.303222105523909324e-01 1.256543287255986463e-01 7.966106760436483802e-02 0 0 0 0 0 0
4706 10631 16556 1.299839962733519705e-01 1.246347210783914222e-01 7.839479229957729833e-02 0 0 0 0 0 0
4707 10632 16557 1.321659947045190076e-01 1.291947763301544427e-01 8.397204468340885297e-02 0 0 0 0 0 0
4708 10633 16558 1.296917916946912497e-01 1.243080568577826506e-01 7.834452978585916549e-02 0 0 0 0 0 0
4709 10634 16559 1.273460650638216507e-01 1.165849472922923236e-01 7.659375275792845716e-02 0 0 0 0 0 0
4710 10635 16560 1.262980534035035296e-01 1.074632478757403670e-01 8.239007676255716284e-02 0 0 0 0 0 0
4711 10636 16561 1.313709715446848836e-01 1.218630427722549037e-01 8.884705810912364721e-02 0 0 0 0 0 0
4712 10637 16562 1.275311506756863777e-01 1.080525784565373043e-01 8.733620223810131811e-02 0 0 0 0 0 0
4713 10638 16563 1.117829889150769446e-01 1.312112837886667271e-01 9.484668074364517587e-02 0 0 0 0 0 0
4714 10639 16564 9.439967490625444935e-02 1.396443315351077741e-01 1.153250319281077102e-01 0 0 0 0 0 0
4715 10640 16565 8.880592884120162844e-02 1.499999999999999944e-01 1.187677202657880793e-01 0 0 0 0 0 0
4716 10641 16566 1.184336363182508511e-01 1.356950315036487553e-01 9.566470803853986682e-02 0 0 0 0 0 0
4717 10642 16567 1.145566627714592473e-01 1.315224437518524303e-01 9.560228455287893279e-02 0 0 0 0 0 0
4718 10643 16568 1.189381166534005940e-01 1.365369251464953193e-01 9.555743701561889014e-02 0 0 0 0 0 0
4719 10644 16569 1.129784253259522170e-01 1.312804472020645263e-01 9.501463338796339864e-02 0 0 0 0 0 0
4720 10645 16570 1.114129343271495765e-01 1.091694707138567144e-01 4.464457723800222683e-02 0 0 0 0 0 0
4721 10646 16571 1.131920162113059375e-01 1.031880536257557684e-01 4.919277975137908987e-02 0 0 0 0 0 0
4722 10647 16572 1.217479196490200699e-01 1.045747871799965339e-01 5.833887182840789137e-02 0 0 0 0 0 0
4723 10648 16573 1.239057362512001326e-01 1.080844306823249557e-01 5.931177426468210029e-02 0 0 0 0 0 0
4724 10649 16574 1.301375919660500979e-01 1.250119130764975051e-01 5.925493757415213614e-02 0 0 0 0 0 0
4725 10650 16575 1.258465143629066696e-01 1.365627208220678013e-01 4.949883388705299953e-02 0 0 0 0 0 0
4726 10651 16576 1.164185266360014265e-01 1.291838879899398496e-01 4.189003777569627607e-02 0 0 0 0 0 0
4727 10652 16577 1.088598581500598295e-01 1.224403075972757132e-01 3.613925763309862316e-02 0 0 0 0 0 0
4728 10653 16578 1.087798614007785131e-01 1.220869358410009708e-01 3.619742420931462701e-02 0 0 0 0 0 0
4729 10654 16579 1.248048883805684822e-01 1.266451335355577856e-01 6.233447061759872510e-02 0 0 0 0 0 0
4730 10655 16580 1.280834030443681881e-01 1.253700524074607692e-01 6.076505769231823478e-02 0 0 0 0 0 0
4731 10656 16581 1.230782255338660064e-01 1.381048165958195240e-01 5.026772585967067414e-02 0 0 0 0 0 0
4732 10657 16582 1.205050158551448786e-01 1.382196156272460785e-01 5.255837098038609184e-02 0 0 0 0 0 0
4733 10658 16583 1.115968198595361643e-01 1.317008207874648396e-01 4.309239517294087551e-02 0 0 0 0 0 0
4734 10659 16584 1.076521714251581774e-01 1.297262201077320487e-01 4.119464202800344338e-02 0 0 0 0 0 0
4735 10660 16585 1.073478386275119184e-01 1.296401088523225775e-01 4.121481527494566532e-02 0 0 0 0 0 0
4736 10661 16586 1.035580222712383508e-01 1.196602137613164002e-01 4.111670969448146667e-02 0 0 0 0 0 0
4737 10662 16587 1.049676616617454816e-01 1.263012989634721694e-01 3.991689497750006144e-02 0 0 0 0 0 0
4738 10663 16588 1.069685050574052387e-01 1.292411055552677990e-01 4.095177908531939109e-02 0 0 0 0 0 0
4739 10664 16589 1.248579460310701716e-01 1.252780070173876437e-01 6.297186669753862542e-02 0 0 0 0 0 0
4740 10665 16590 1.191485213010674699e-01 1.097695949134817883e-01 6.302393863587153755e-02 0 0 0 0 0 0
4741 10666 16591 1.155747655183888001e-01 1.039569559946251637e-01 6.141262667168313760e-02 0 0 0 0 0 0
4742 10667 16592 1.099557177649615608e-01 1.030462255125335347e-01 5.540597541478235744e-02 0 0 0 0 0 0
4743 10668 16593 1.055714580334629615e-01 1.097825966304734890e-01 4.757600667277817746e-02 0 0 0 0 0 0
4744 10669 16594 1.073059219941482068e-01 1.247795040130971339e-01 3.761828007459664530e-02 0 0 0 0 0 0
4745 10670 16595 1.072616102547244987e-01 1.290564555452450579e-01 4.066796701611222198e-02 0 0 0 0 0 0
4746 10671 16596 1.039872030970532685e-01 1.202439572117499494e-01 4.041543076933890033e-02 0 0 0 0 0 0
4747 10672 16597 1.050580532208734430e-01 1.260287595766589053e-01 3.967680635792066729e-02 0 0 0 0 0 0
4748 10673 16598 1.090164598225918102e-01 1.027592004997642666e-01 5.099516493974300818e-02 0 0 0 0 0 0
4749 10674 16599 1.112921115501060570e-01 1.029727712404893553e-01 4.950355908557327322e-02 0 0 0 0 0 0
4750 10675 16600 1.090730595508501155e-01 1.221786822847760190e-01 3.585307938573718128e-02 0 0 0 0 0 0
4751 10676 16601 1.129001327538107363e-01 1.366859579656980184e-01 3.956418721934618771e-02 0 0 0 0 0 0
4752 10677 16602 1.216614850670243997e-01 1.499999999999999944e-01 3.644511229145274561e-02 0 0 0 0 0 0
4753 10678 16603 1.066149169224859389e-01 1.295540644768467253e-01 4.123497285395446438e-02 0 0 0 0 0 0
4754 10679 16604 1.016839647208364616e-01 1.311614975907962888e-01 4.500844406378403523e-02 0 0 0 0 0 0
4755 10680 16605 1.035233326135726467e-01 1.297851782481493632e-01 4.230847133117573294e-02 0 0 0 0 0 0
4756 10681 16606 1.134741257642745277e-01 1.398054852031296313e-01 5.676392343404656343e-02 0 0 0 0 0 0
4757 10682 16607 1.183510638291472711e-01 1.394526646761367894e-01 5.509005769758795051e-02 0 0 0 0 0 0
4758 10683 16608 1.131548709999453950e-01 1.499999999999999944e-01 5.570352242985492780e-02 0 0 0 0 0 0
4759 10684 16609 1.228897634463771843e-01 1.251754232138862499e-01 6.543133654363052221e-02 0 0 0 0 0 0
4760 10685 16610 1.183100801607428060e-01 1.143717786215267262e-01 7.252250279395629218e-02 0 0 0 0 0 0
4761 10686 16611 1.152287930000204658e-01 1.127827607536766585e-01 6.942021420459221215e-02 0 0 0 0 0 0
4762 10687 16612 1.014240333597241084e-01 1.170138974623690375e-01 4.376982761884505579e-02 0 0 0 0 0 0
4763 10688 16613 9.901289469092074136e-02 1.226942109109026152e-01 4.774696506749730174e-02 0 0 0 0 0 0
4764 10689 16614 1.345241714094322361e-01 9.751875868624990118e-02 1.213705930862190308e-01 0 0 0 0 0 0
4765 10690 16615 1.491544192187582718e-01 1.050194912150507615e-01 1.228971231326444341e-01 0 0 0 0 0 0
4766 10691 16616 1.499999999999999944e-01 1.046480845486424810e-01 1.232250504001603936e-01 0 0 0 0 0 0
4767 10692 16617 1.330254269312684534e-01 9.144337502512409066e-02 1.227945856987753132e-01 0 0 0 0 0 0
4768 10693 16618 1.499999999999999944e-01 1.028856752305233047e-01 1.304715153570881747e-01 0 0 0 0 0 0
4769 10694 16619 1.485351508489965999e-01 1.035290847687181381e-01 1.299034277301364393e-01 0 0 0 0 0 0
4770 10695 16620 1.325063700860545091e-01 9.531134308501418295e-02 1.282309738003677979e-01 0 0 0 0 0 0
4771 10696 16621 1.316395169856952041e-01 9.179742510950200662e-02 1.290545914543894390e-01 0 0 0 0 0 0
4772 10697 16622 1.316518396848443129e-01 8.961531298801166112e-02 1.271953439607858005e-01 0 0 0 0 0 0
4773 10698 16623 1.381109971270361725e-01 9.856990879210074386e-02 9.956005989444707827e-02 0 0 0 0 0 0
4774 10699 16624 1.353194426882608492e-01 1.006205056750801019e-01 9.761476407259098154e-02 0 0 0 0 0 0
4775 10700 16625 1.350843769665393546e-01 1.019871081796811518e-01 9.703446947359598007e-02 0 0 0 0 0 0
4776 10701 16626 1.499999999999999944e-01 9.595684742589416505e-02 1.057099314070172463e-01 0 0 0 0 0 0
4777 10702 16627 1.484767654147864380e-01 1.161691506623535181e-01 9.798795537329496597e-02 0 0 0 0 0 0
4778 10703 16628 1.499999999999999944e-01 1.160250285807239295e-01 9.770768084121964070e-02 0 0 0 0 0 0
4779 10704 16629 1.499999999999999944e-01 1.076686383222267424e-01 1.016244053922045198e-01 0 0 0 0 0 0
4780 10705 16630 1.409157915251986193e-01 1.157330391382520862e-01 9.480869748767729865e-02 0 0 0 0 0 0
4781 10706 16631 1.459244277659894895e-01 1.285911672544030881e-01 1.037330397627344442e-01 0 0 0 0 0 0
4782 10707 16632 1.499999999999999944e-01 1.301019986026276110e-01 1.031698717046651004e-01 0 0 0 0 0 0
4783 10708 16633 1.499999999999999944e-01 1.229985208622112330e-01 1.014485099122978407e-01 0 0 0 0 0 0
4784 10709 16634 1.444256901402589111e-01 1.247946891550516385e-01 1.031547834284117782e-01 0 0 0 0 0 0
4785 10710 16635 1.425461192339243788e-01 1.210115682769258572e-01 1.013758250613036593e-01 0 0 0 0 0 0
4786 10711 16636 1.395806582821125519e-01 1.173112427619849157e-01 9.612507133599031139e-02 0 0 0 0 0 0
4787 10712 16637 1.401982944772397488e-01 1.077227017672141435e-01 1.440059632220193064e-01 0 0 0 0 0 0
4788 10713 16638 1.499999999999999944e-01 1.034801864466835530e-01 1.498515442574123724e-01 0 0 0 0 0 0
4789 10714 16639 1.280326017041561182e-01 1.002332832334394686e-01 1.405224482975021283e-01 0 0 0 0 0 0
4790 10715 16640 1.289366556566705624e-01 9.692198751963831960e-02 1.339423581941664165e-01 0 0 0 0 0 0
4791 10716 16641 1.316591812657199045e-01 1.070224566793399334e-01 1.496176333266951153e-01 0 0 0 0 0 0
4792 10717 16642 1.309543704200046010e-01 1.068260026134627838e-01 1.498356494227715829e-01 0 0 0 0 0 0
4793 10718 16643 1.307555157238489418e-01 1.044888126518656590e-01 1.528045085689979377e-01 0 0 0 0 0 0
4794 10719 16644 1.301835904051103221e-01 1.017078601647071756e-01 1.538248497216814781e-01 0 0 0 0 0 0
4795 10720 16645 1.499999999999999944e-01 1.226795323193130421e-01 1.672190468955451759e-01 0 0 0 0 0 0
4796 10721 16646 1.296272125577810630e-01 1.048951653431012404e-01 1.540104003224211648e-01 0 0 0 0 0 0
4797 10722 16647 1.294278981824910635e-01 1.049313636593317417e-01 1.538934052152506615e-01 0 0 0 0 0 0
4798 10723 16648 1.227372311730248050e-01 1.147956031202679583e-01 1.504693149920608708e-01 0 0 0 0 0 0
4799 10724 16649 1.206852974214262519e-01 1.128958997727835672e-01 1.539043520165450651e-01 0 0 0 0 0 0
4800 10725 16650 1.295578098853604476e-01 1.047892189548947500e-01 1.539022361555075769e-01 0 0 0 0 0 0
4801 10726 16651 1.289187279633268457e-01 1.006108794697518211e-01 1.552240680169782727e-01 0 0 0 0 0 0
4802 10727 16652 1.286195397318746769e-01 1.020258294353800638e-01 1.552709512945525117e-01 0 0 0 0 0 0
4803 10728 16653 1.499999999999999944e-01 1.199949797357103137e-01 1.208778184368533848e-01 0 0 0 0 0 0
4804 10729 16654 1.444855459591566360e-01 1.186051827405315423e-01 1.204932160869315733e-01 0 0 0 0 0 0
4805 10730 16655 1.444720103215230422e-01 1.174418219115629380e-01 1.204265689549963575e-01 0 0 0 0 0 0
4806 10731 16656 1.499999999999999944e-01 1.063511361035967134e-01 1.201049892716612444e-01 0 0 0 0 0 0
4807 10732 16657 1.438436751294467908e-01 1.227349760661198136e-01 1.247320933218499101e-01 0 0 0 0 0 0
4808 10733 16658 1.499999999999999944e-01 1.289505384003351296e-01 1.298168526437181169e-01 0 0 0 0 0 0
4809 10734 16659 1.499999999999999944e-01 1.060409699206685402e-01 1.202996439326576156e-01 0 0 0 0 0 0
4810 10735 16660 1.489549834940515072e-01 1.054856365130245333e-01 1.220247370950843513e-01 0 0 0 0 0 0
4811 10736 16661 1.432002152718028498e-01 1.098624171056749033e-01 1.268585718225191117e-01 0 0 0 0 0 0
4812 10737 16662 1.463307212851684136e-01 1.044077537632423641e-01 1.148511173835180532e-01 0 0 0 0 0 0
4813 10738 16663 1.499999999999999944e-01 1.028479119240337525e-01 1.139624115113348907e-01 0 0 0 0 0 0
4814 10739 16664 1.351411793077199053e-01 1.194697833146354665e-01 1.111614874504204264e-01 0 0 0 0 0 0
4815 10740 16665 1.351683553851288078e-01 1.207616602725844895e-01 1.119510105796417271e-01 0 0 0 0 0 0
4816 10741 16666 1.499999999999999944e-01 1.060511784796767665e-01 1.199287431812823129e-01 0 0 0 0 0 0
4817 10742 16667 1.431406307338068118e-01 1.186852996683719769e-01 1.196651807622903380e-01 0 0 0 0 0 0
4818 10743 16668 1.431373372752981765e-01 1.029353114443378597e-01 1.119639966721728552e-01 0 0 0 0 0 0
4819 10744 16669 1.499999999999999944e-01 9.796717277238535526e-02 1.076491952945658193e-01 0 0 0 0 0 0
4820 10745 16670 1.328903243921393529e-01 9.149555552051064078e-02 1.215082236803639304e-01 0 0 0 0 0 0
4821 10746 16671 1.346096876625492433e-01 9.858085740183286649e-02 1.196019552594333457e-01 0 0 0 0 0 0
4822 10747 16672 1.429375982115867194e-01 1.028409467368801705e-01 1.118657688091382330e-01 0 0 0 0 0 0
4823 10748 16673 1.499999999999999944e-01 9.601931016710353595e-02 1.058248440812958185e-01 0 0 0 0 0 0
4824 10749 16674 1.346432466993184862e-01 9.858979313180732396e-02 1.198698386759992629e-01 0 0 0 0 0 0
4825 10750 16675 1.349392424999246443e-01 1.189663911917798605e-01 1.108485221326300785e-01 0 0 0 0 0 0
4826 10751 16676 1.343298386675820799e-01 1.212355971297655460e-01 1.122170634229306962e-01 0 0 0 0 0 0
4827 10752 16677 1.336824167294694277e-01 1.234939185807507334e-01 1.186500299210897086e-01 0 0 0 0 0 0
4828 10753 16678 1.337750712387095475e-01 1.228845078426176601e-01 1.180231130675958584e-01 0 0 0 0 0 0
4829 10754 16679 1.265663591872741300e-01 1.440205164808161520e-01 9.226310040675476942e-02 0 0 0 0 0 0
4830 10755 16680 1.318997498600427143e-01 1.368384512934246178e-01 8.600295625531455268e-02 0 0 0 0 0 0
4831 10756 16681 1.312658332622767265e-01 1.305659220723821567e-01 8.447567209552669931e-02 0 0 0 0 0 0
4832 10757 16682 1.264370084299385466e-01 1.305946225412440986e-01 8.808012267151757446e-02 0 0 0 0 0 0
4833 10758 16683 1.169176161027474931e-01 1.317946236194662279e-01 9.555026954493674174e-02 0 0 0 0 0 0
4834 10759 16684 1.313944960307052157e-01 1.298377399237687357e-01 8.426531221320536502e-02 0 0 0 0 0 0
4835 10760 16685 1.233172684205243452e-01 1.151432574939399295e-01 9.959152975263492469e-02 0 0 0 0 0 0
4836 10761 16686 1.179274476633467295e-01 1.261543946525102156e-01 9.791126480607866001e-02 0 0 0 0 0 0
4837 10762 16687 1.321313181995646402e-01 1.193507678794780980e-01 1.110051366836637549e-01 0 0 0 0 0 0
4838 10763 16688 1.257924608735455363e-01 1.137635560629565445e-01 1.017975768639244882e-01 0 0 0 0 0 0
4839 10764 16689 1.315744006412788714e-01 1.166201583344314424e-01 1.093224532544569555e-01 0 0 0 0 0 0
4840 10765 16690 1.297455899494201759e-01 1.129533285891706068e-01 1.030930745258780284e-01 0 0 0 0 0 0
4841 10766 16691 1.318972485678661932e-01 1.163786061671251287e-01 1.091839476374228263e-01 0 0 0 0 0 0
4842 10767 16692 1.391139780070559662e-01 1.039679312251188814e-01 1.104151643565460250e-01 0 0 0 0 0 0
4843 10768 16693 1.341351371845971863e-01 1.009395626867917589e-01 1.002552868526727786e-01 0 0 0 0 0 0
4844 10769 16694 1.326981619399479062e-01 1.020488194908652640e-01 9.891612290222556725e-02 0 0 0 0 0 0
4845 10770 16695 1.339026303067753776e-01 1.014634767881083394e-01 9.787171983285408716e-02 0 0 0 0 0 0
4846 10771 16696 1.016234774372617722e-01 4.504320491110613139e-02 9.516015620411394371e-02 0 0 0 0 0 0
4847 10772 16697 1.082109611452542752e-01 4.773997480752120021e-02 9.669142602340585757e-02 0 0 0 0 0 0
4848 10773 16698 9.897528306487544947e-02 5.048473190704257096e-02 8.783385257308030936e-02 0 0 0 0 0 0
4849 10774 16699 1.147266462593307529e-01 5.348799316778152929e-02 9.503798808654288777e-02 0 0 0 0 0 0
4850 10775 16700 1.130135766550174753e-01 6.139780178537890265e-02 8.578444286962258469e-02 0 0 0 0 0 0
4851 10776 16701 1.137709896201667958e-01 5.959430806177300893e-02 8.813401377168827988e-02 0 0 0 0 0 0
4852 10777 16702 1.117399541061789847e-01 6.174549147775666019e-02 8.459465500877953736e-02 0 0 0 0 0 0
4853 10778 16703 1.098431616264791688e-01 5.551058254236652251e-02 1.079458943512714847e-01 0 0 0 0 0 0
4854 10779 16704 1.037708413464557139e-01 5.122523608131956258e-02 1.122905954660140815e-01 0 0 0 0 0 0
4855 10780 16705 1.010388247430135111e-01 5.177647327609022354e-02 1.098534240653201849e-01 0 0 0 0 0 0
4856 10781 16706 9.924186502345667960e-02 4.908277458246768782e-02 1.074502736698417366e-01 0 0 0 0 0 0
4857 10782 16707 1.121077688677346723e-01 5.637099744096425030e-02 9.955984715013907471e-02 0 0 0 0 0 0
4858 10783 16708 1.018085291845902685e-01 4.958211226823213552e-02 1.038794177895545068e-01 0 0 0 0 0 0
4859 10784 16709 1.230406283553421992e-01 4.995822356508605733e-02 1.135122852167308460e-01 0 0 0 0 0 0
4860 10785 16710 1.161919930997540457e-01 5.739675191548250510e-02 9.746598002314665887e-02 0 0 0 0 0 0
4861 10786 16711 1.143230576602110721e-01 5.658742468660454827e-02 1.068453206461249944e-01 0 0 0 0 0 0
4862 10787 16712 1.157905653918470390e-01 5.732621272680404889e-02 9.692168612322762944e-02 0 0 0 0 0 0
4863 10788 16713 1.161484767686432606e-01 6.047607646438068335e-02 9.426585977789461723e-02 0 0 0 0 0 0
4864 10789 16714 1.151084923059346177e-01 6.051090974561983832e-02 9.263435333424811791e-02 0 0 0 0 0 0
4865 10790 16715 1.160076118144998808e-01 6.232434576615615562e-02 9.286611551829462852e-02 0 0 0 0 0 0
4866 10791 16716 1.146211866414208747e-01 6.169292482960494345e-02 9.112453919783630729e-02 0 0 0 0 0 0
4867 10792 16717 1.088374608725910242e-01 1.172723612959280098e-01 1.603176634098175402e-01 0 0 0 0 0 0
4868 10793 16718 1.118475705097836809e-01 1.175865569720125764e-01 1.630448930564230570e-01 0 0 0 0 0 0
4869 10794 16719 1.133896812418925260e-01 1.145142727737641919e-01 1.693589062816659441e-01 0 0 0 0 0 0
4870 10795 16720 9.518197119765857417e-02 1.012915468014871923e-01 1.700800451065728469e-01 0 0 0 0 0 0
4871 10796 16721 9.671403208193635193e-02 1.068348182844439109e-01 1.632816243636872056e-01 0 0 0 0 0 0
4872 10797 16722 8.724735697467371487e-02 1.059062434355764609e-01 1.741974981953098023e-01 0 0 0 0 0 0
4873 10798 16723 9.929217085931608955e-02 1.249917248172752876e-01 1.816335939159836321e-01 0 0 0 0 0 0
4874 10799 16724 1.020418650966189167e-01 1.088370062450303849e-01 1.811818668544859234e-01 0 0 0 0 0 0
4875 10800 16725 1.042221973794778822e-01 1.082230094860985176e-01 1.794473407763762240e-01 0 0 0 0 0 0
4876 10801 16726 1.136230537159883675e-01 1.147434270685867841e-01 1.709340270814178608e-01 0 0 0 0 0 0
4877 10802 16727 9.654310695644377494e-02 1.037921090844922817e-01 1.781714625384220596e-01 0 0 0 0 0 0
4878 10803 16728 9.898092062319431561e-02 1.043398589599957849e-01 1.776145151483478624e-01 0 0 0 0 0 0
4879 10804 16729 9.489717578032562384e-02 1.011023357438856768e-01 1.705589134107133031e-01 0 0 0 0 0 0
4880 10805 16730 9.050180390128131913e-02 1.011619948895089022e-01 1.751692200440861102e-01 0 0 0 0 0 0
4881 10806 16731 1.193848918154325617e-01 1.068441127760071940e-01 1.756057902207338317e-01 0 0 0 0 0 0
4882 10807 16732 1.152786046914607704e-01 9.784715193968354652e-02 1.790121665190425593e-01 0 0 0 0 0 0
4883 10808 16733 9.516525589421982734e-02 1.008140167902014245e-01 1.703316848587521082e-01 0 0 0 0 0 0
4884 10809 16734 1.112813538602668434e-01 1.034613113268080808e-01 1.842131504210119120e-01 0 0 0 0 0 0
4885 10810 16735 1.166893180297510352e-01 1.129139176688920831e-01 1.794126602702866280e-01 0 0 0 0 0 0
4886 10811 16736 1.127244347265938251e-01 1.100035285497279330e-01 1.834594131542486573e-01 0 0 0 0 0 0
4887 10812 16737 1.040995500509286076e-01 1.107570199290688756e-01 1.859964683498399329e-01 0 0 0 0 0 0
4888 10813 16738 1.051942177033260289e-01 1.165269573211194926e-01 1.903043209099402056e-01 0 0 0 0 0 0
4889 10814 16739 1.115315950300544423e-01 1.123134217591793549e-01 1.895035337438648326e-01 0 0 0 0 0 0
4890 10815 16740 1.116813555660302604e-01 3.092766250028133879e-02 1.499138342914329014e-01 0 0 0 0 0 0
4891 10816 16741 1.143800850524426954e-01 3.082167620424454760e-02 1.488765708958992573e-01 0 0 0 0 0 0
4892 10817 16742 1.222829769053996457e-01 3.797924806460988012e-02 1.461652402584666111e-01 0 0 0 0 0 0
4893 10818 16743 1.191452502272896813e-01 4.911666694620611673e-02 1.478522829620210477e-01 0 0 0 0 0 0
4894 10819 16744 1.093428441241831306e-01 4.718228688767748397e-02 1.515185636689667104e-01 0 0 0 0 0 0
4895 10820 16745 1.080849091255947775e-01 4.369331566306200454e-02 1.518475141012102791e-01 0 0 0 0 0 0
4896 10821 16746 1.046284516117685776e-01 4.770623836706029686e-02 1.508808060863370548e-01 0 0 0 0 0 0
4897 10822 16747 1.116322682928963111e-01 2.853671815846406043e-02 1.490624302603258400e-01 0 0 0 0 0 0
4898 10823 16748 1.081507338717895422e-01 2.652469736710169959e-02 1.460170297322722077e-01 0 0 0 0 0 0
4899 10824 16749 9.912932093222724672e-02 3.230536332159959084e-02 1.418879312254745784e-01 0 0 0 0 0 0
4900 10825 16750 9.863277789407889906e-02 3.402173239492900514e-02 1.421391225590731555e-01 0 0 0 0 0 0
4901 10826 16751 1.084223850315337301e-01 2.775896168195637198e-02 1.422522026360802938e-01 0 0 0 0 0 0
4902 10827 16752 1.255000235106129569e-01 4.254101291721404388e-02 1.389382024828053619e-01 0 0 0 0 0 0
4903 10828 16753 1.126676625517816083e-01 3.296398824397425015e-02 1.357424078519539890e-01 0 0 0 0 0 0
4904 10829 16754 1.106936481306445008e-01 3.095988827815489980e-02 1.372231149737441480e-01 0 0 0 0 0 0
4905 10830 16755 1.055588283225156604e-01 5.197017767779708169e-02 1.504059577234846401e-01 0 0 0 0 0 0
4906 10831 16756 1.054424880159193639e-01 5.194033022160499807e-02 1.503961031818301375e-01 0 0 0 0 0 0
4907 10832 16757 9.950944964215638344e-02 4.047762624485898297e-02 1.402833160399248047e-01 0 0 0 0 0 0
4908 10833 16758 1.022087420547139469e-01 5.107940143131245447e-02 1.410947801838482729e-01 0 0 0 0 0 0
4909 10834 16759 9.993966811086549273e-02 3.221500992982195832e-02 1.410744185511092208e-01 0 0 0 0 0 0
4910 10835 16760 1.042779033915973153e-01 3.433013726448225916e-02 1.363323199469202163e-01 0 0 0 0 0 0
4911 10836 16761 1.087044995544936277e-01 4.318262564844935203e-02 1.304969861605491110e-01 0 0 0 0 0 0
4912 10837 16762 1.089584346258835879e-01 4.538354834960758172e-02 1.299101690924830965e-01 0 0 0 0 0 0
4913 10838 16763 1.058846669314555955e-01 4.765444501946142913e-02 1.327088764710822044e-01 0 0 0 0 0 0
4914 10839 16764 1.191945312784607053e-01 4.976131116722963543e-02 1.475438560742874106e-01 0 0 0 0 0 0
4915 10840 16765 1.072932219231180762e-01 5.241222487546849662e-02 1.497116856538584506e-01 0 0 0 0 0 0
4916 10841 16766 1.049340260463668267e-01 5.176215934573961952e-02 1.365895193144088249e-01 0 0 0 0 0 0
4917 10842 16767 1.085250289249720251e-01 5.268201876041993248e-02 1.364832418596837182e-01 0 0 0 0 0 0
4918 10843 16768 1.128106941209400110e-01 5.380140185240480516e-02 1.425804814502636131e-01 0 0 0 0 0 0
4919 10844 16769 1.117379870423175769e-01 4.710070811103187621e-02 1.307178586862233760e-01 0 0 0 0 0 0
4920 10845 16770 1.205307399403971469e-01 5.046784420476966432e-02 1.449508288817658030e-01 0 0 0 0 0 0
4921 10846 16771 1.254915354676480743e-01 4.345818595908460674e-02 1.386376241936407017e-01 0 0 0 0 0 0
4922 10847 16772 1.116781951398099632e-01 3.388648832368437724e-02 1.576968474749019244e-01 0 0 0 0 0 0
4923 10848 16773 1.244090246152634721e-01 3.175846045520046290e-02 1.485217114701286589e-01 0 0 0 0 0 0
4924 10849 16774 9.695794106957848768e-02 3.133628442359640692e-02 1.424993318580049240e-01 0 0 0 0 0 0
4925 10850 16775 1.032005574688374533e-01 5.597542134445736284e-02 1.576057799843115503e-01 0 0 0 0 0 0
4926 10851 16776 1.033317716510077366e-01 4.687030686812126284e-02 1.276905461172525846e-01 0 0 0 0 0 0
4927 10852 16777 8.790994565759621682e-02 3.678954158646066674e-02 1.179641589189805301e-01 0 0 0 0 0 0
4928 10853 16778 8.234171658182352915e-02 4.710112681216888780e-02 1.162134604356496875e-01 0 0 0 0 0 0
4929 10854 16779 8.377109890211359433e-02 4.642285092876764080e-02 1.153164548321824190e-01 0 0 0 0 0 0
4930 10855 16780 9.737780451842244223e-02 5.110554634942382490e-02 1.239108217931253475e-01 0 0 0 0 0 0
4931 10856 16781 7.807739360004101181e-02 5.365880733046539397e-02 1.258633975471648292e-01 0 0 0 0 0 0
4932 10857 16782 8.419848871811445867e-02 4.084569621350263302e-02 1.156037455209954351e-01 0 0 0 0 0 0
4933 10858 16783 1.153075039096542326e-01 8.415057249980460730e-02 1.562038396607987600e-01 0 0 0 0 0 0
4934 10859 16784 1.205690849659591807e-01 6.862920789057504189e-02 1.398522533749814445e-01 0 0 0 0 0 0
4935 10860 16785 1.205477854718305930e-01 7.302410036927142745e-02 1.423745623247561765e-01 0 0 0 0 0 0
4936 10861 16786 1.204331204532949479e-01 7.332745308058617739e-02 1.427111220784803569e-01 0 0 0 0 0 0
4937 10862 16787 6.786604719926232765e-02 5.487395105402803619e-02 8.735742123788725610e-02 0 0 0 0 0 0
4938 10863 16788 6.815392590326350974e-02 5.457211822483645780e-02 8.709477601815091008e-02 0 0 0 0 0 0
4939 10864 16789 7.424125996181206444e-02 5.319317470401731252e-02 8.363059524680867274e-02 0 0 0 0 0 0
4940 10865 16790 8.087732586155364778e-02 5.643689814161832741e-02 8.183660490543920307e-02 0 0 0 0 0 0
4941 10866 16791 7.745470097643195051e-02 6.312013641405621323e-02 8.625166089775913869e-02 0 0 0 0 0 0
4942 10867 16792 7.566508880876593457e-02 6.381417057085765621e-02 8.739063716428270567e-02 0 0 0 0 0 0
4943 10868 16793 6.757804646114871916e-02 5.507745699972371040e-02 9.895365085511220737e-02 0 0 0 0 0 0
4944 10869 16794 6.799193096766695255e-02 5.463456346816793208e-02 9.960597787465520769e-02 0 0 0 0 0 0
4945 10870 16795 8.336536712380351877e-02 3.839532372945490130e-02 9.946490623438934697e-02 0 0 0 0 0 0
4946 10871 16796 8.639950034794813272e-02 3.524627562934450759e-02 9.299509647234922849e-02 0 0 0 0 0 0
4947 10872 16797 8.586245460111917305e-02 3.585137995688391505e-02 8.864722285912073063e-02 0 0 0 0 0 0
4948 10873 16798 8.441212769852934894e-02 3.739828447731034788e-02 8.694558548119241115e-02 0 0 0 0 0 0
4949 10874 16799 7.538484755503613299e-02 6.366457617951658265e-02 9.111986870929854321e-02 0 0 0 0 0 0
4950 10875 16800 8.309945156312728565e-02 5.122344981991866497e-02 1.082546609630952589e-01 0 0 0 0 0 0
4951 10876 16801 8.341589343586049143e-02 5.965386552180392682e-02 9.832951442295098654e-02 0 0 0 0 0 0
4952 10877 16802 8.521061231174970052e-02 5.889337851925111750e-02 9.807368061621669908e-02 0 0 0 0 0 0
4953 10878 16803 8.447553012233917358e-02 5.116401285141537747e-02 8.070001098708806664e-02 0 0 0 0 0 0
4954 10879 16804 8.854896574639957441e-02 4.537182116648571378e-02 7.976737113898454967e-02 0 0 0 0 0 0
4955 10880 16805 9.174898723201252437e-02 4.734049346097873867e-02 9.206715795986517015e-02 0 0 0 0 0 0
4956 10881 16806 9.001602765997911149e-02 5.219930088219675718e-02 9.725122882474335206e-02 0 0 0 0 0 0
4957 10882 16807 8.758925514406938617e-02 5.644506269160744910e-02 9.939625864387506560e-02 0 0 0 0 0 0
4958 10883 16808 8.644213075692468162e-02 3.880774900812458683e-02 8.452902676160579942e-02 0 0 0 0 0 0
4959 10884 16809 8.804323389550151868e-02 4.430747870842498964e-02 7.966218734374412580e-02 0 0 0 0 0 0
4960 10885 16810 8.716480026782226498e-02 4.504347629797614272e-02 7.979973838374679329e-02 0 0 0 0 0 0
4961 10886 16811 8.404474482269926050e-02 5.052900180240420258e-02 1.084589473434347390e-01 0 0 0 0 0 0
4962 10887 16812 8.558842918021988821e-02 4.910153993845679798e-02 1.085870627801013705e-01 0 0 0 0 0 0
4963 10888 16813 8.671981328116869225e-02 4.459505507971576327e-02 1.062575908064037344e-01 0 0 0 0 0 0
4964 10889 16814 8.591475753200443488e-02 4.973661009184699583e-02 1.081923805420876433e-01 0 0 0 0 0 0
4965 10890 16815 9.090257216995710488e-02 4.320758540313490020e-02 9.763157753060715260e-02 0 0 0 0 0 0
4966 10891 16816 8.975494468292614936e-02 4.041809097030983622e-02 9.830646288288338863e-02 0 0 0 0 0 0
4967 10892 16817 8.913744360366626651e-02 4.594301828158144779e-02 1.039436026532635921e-01 0 0 0 0 0 0
4968 10893 16818 8.868253540221979203e-02 4.588253904153202084e-02 1.049957427020706546e-01 0 0 0 0 0 0
4969 10894 16819 8.597615141804029748e-02 4.936319778018145171e-02 1.083400290362409452e-01 0 0 0 0 0 0
4970 10895 16820 8.823899599094081614e-02 4.431962386198530501e-02 1.048926413443649897e-01 0 0 0 0 0 0
4971 10896 16821 6.377128525352664112e-02 5.335478930092489580e-02 9.959486036891923577e-02 0 0 0 0 0 0
4972 10897 16822 6.700243509828499033e-02 5.483308164226217279e-02 9.960770241871591546e-02 0 0 0 0 0 0
4973 10898 16823 6.708400642772616163e-02 5.450863847705007120e-02 8.709422456424741055e-02 0 0 0 0 0 0
4974 10899 16824 6.550846221759841492e-02 5.378780686874552741e-02 8.708796263949138139e-02 0 0 0 0 0 0
4975 10900 16825 6.237685962358800740e-02 5.244060372742862658e-02 9.003461843536561537e-02 0 0 0 0 0 0
4976 10901 16826 8.623144869972644566e-02 3.268532201100449175e-02 9.122487180985330846e-02 0 0 0 0 0 0
4977 10902 16827 9.065281268292341155e-02 5.973211528770450834e-02 9.835583825941263125e-02 0 0 0 0 0 0
4978 10903 16828 1.083012815184071775e-01 6.425227688995829856e-02 8.958226993738117871e-02 0 0 0 0 0 0
4979 10904 16829 1.081636951226340043e-01 6.436288486363211936e-02 8.967879320000697596e-02 0 0 0 0 0 0
4980 10905 16830 1.059083219419927752e-01 6.626909463211171081e-02 9.033061462671188036e-02 0 0 0 0 0 0
4981 10906 16831 1.058433797670459281e-01 6.634411216832139524e-02 9.014816651290229188e-02 0 0 0 0 0 0
4982 10907 16832 8.163067913117232066e-02 5.686138058845640469e-02 8.096848207617783622e-02 0 0 0 0 0 0
4983 10908 16833 8.152787403797989718e-02 6.605993613234571737e-02 8.159322402455515544e-02 0 0 0 0 0 0
4984 10909 16834 8.693721606734913787e-02 4.086217701137732916e-02 7.574119004964742496e-02 0 0 0 0 0 0
4985 10910 16835 6.587749262972857067e-02 5.417670367272006682e-02 8.657483250401962205e-02 0 0 0 0 0 0
4986 10911 16836 8.885718533776837402e-02 4.136791778822728610e-02 7.742059102056562947e-02 0 0 0 0 0 0
4987 10912 16837 1.084866644621992338e-01 6.419245592580895277e-02 8.970727321808148746e-02 0 0 0 0 0 0
4988 10913 16838 9.447073612367615225e-02 5.293117463818228924e-02 1.112324622078587483e-01 0 0 0 0 0 0
4989 10914 16839 9.751512955455077236e-02 5.217229431725566718e-02 1.200863294158917571e-01 0 0 0 0 0 0
4990 10915 16840 6.811585254526479616e-02 7.501956090637904029e-02 6.973256423302780227e-02 0 0 0 0 0 0
4991 10916 16841 6.925597867951850672e-02 7.521924043118183301e-02 7.820579567025130741e-02 0 0 0 0 0 0
4992 10917 16842 6.489773275661510354e-02 7.606271856385528329e-02 8.240873695701442236e-02 0 0 0 0 0 0
4993 10918 16843 5.401341508117139811e-02 7.784713333734291640e-02 8.556981035213775955e-02 0 0 0 0 0 0
4994 10919 16844 5.390101331414533931e-02 7.804237610588148077e-02 8.577647530009084587e-02 0 0 0 0 0 0
4995 10920 16845 5.727129659256064570e-02 8.119687359902413859e-02 8.844610789510454207e-02 0 0 0 0 0 0
4996 10921 16846 5.064655398329285380e-02 8.943575321839715431e-02 8.626916801998670004e-02 0 0 0 0 0 0
4997 10922 16847 6.135962158965107410e-02 9.737453355392083898e-02 7.839299231968152593e-02 0 0 0 0 0 0
4998 10923 16848 5.434707295313124381e-02 8.950431641239568747e-02 8.847842453727743084e-02 0 0 0 0 0 0
4999 10924 16849 6.539908200459722265e-02 9.239413202046072027e-02 7.600939388906534366e-02 0 0 0 0 0 0
5000 10925 16850 6.290996608563848014e-02 9.612338310607541902e-02 7.724038459988483152e-02 0 0 0 0 0 0
5001 10926 16851 6.249747649552946094e-02 9.877611541853499599e-02 7.966048406490612577e-02 0 0 0 0 0 0
5002 10927 16852 6.371871331162173857e-02 1.036677335658338223e-01 8.199726203101910527e-02 0 0 0 0 0 0
5003 10928 16853 5.269604906259592325e-02 9.465930023456678444e-02 9.870825455868265097e-02 0 0 0 0 0 0
5004 10929 16854 5.780324677279905649e-02 9.378710274251482459e-02 9.292415645836465954e-02 0 0 0 0 0 0
5005 10930 16855 6.383966278583699805e-02 1.005118160071037797e-01 8.307726638382294249e-02 0 0 0 0 0 0
5006 10931 16856 5.537707944472890914e-02 9.102511904447567470e-02 9.550227685751971896e-02 0 0 0 0 0 0
5007 10932 16857 7.517100627683651060e-02 1.118273858119982339e-01 6.221910609848715218e-02 0 0 0 0 0 0
5008 10933 16858 7.455032104949659011e-02 9.607885429410005507e-02 6.472104336794119728e-02 0 0 0 0 0 0
5009 10934 16859 7.362612640995579161e-02 1.133433155490464889e-01 7.858321773485235640e-02 0 0 0 0 0 0
5010 10935 16860 7.028572000067034864e-02 1.156078392322076875e-01 8.385456341278339776e-02 0 0 0 0 0 0
5011 10936 16861 7.547288717180881956e-02 9.184618136522723630e-02 5.412033438776933658e-02 0 0 0 0 0 0
5012 10937 16862 6.010076575282419925e-02 6.361285308007436079e-02 7.077479122916018051e-02 0 0 0 0 0 0
5013 10938 16863 6.407959291655522527e-02 6.346100237190979709e-02 8.101657292925196208e-02 0 0 0 0 0 0
5014 10939 16864 7.899704935770270053e-02 6.885586830967627137e-02 8.237443721136571140e-02 0 0 0 0 0 0
5015 10940 16865 8.181562205041660596e-02 7.193138679439167738e-02 7.161570344813246447e-02 0 0 0 0 0 0
5016 10941 16866 7.975319012267918783e-02 7.185870923436658841e-02 7.600876517981786096e-02 0 0 0 0 0 0
5017 10942 16867 7.077660579396313767e-02 7.333852779901869900e-02 7.950429689609250783e-02 0 0 0 0 0 0
5018 10943 16868 7.111016531286379339e-02 7.323274659354364613e-02 7.981626267744035275e-02 0 0 0 0 0 0
5019 10944 16869 6.938175157501687285e-02 7.557379620583110080e-02 6.260282059802470267e-02 0 0 0 0 0 0
5020 10945 16870 7.076656153413736494e-02 7.298322274379757946e-02 8.013662714766024708e-02 0 0 0 0 0 0
5021 10946 16871 7.114921281500391492e-02 7.292512312469637270e-02 8.038128448439332829e-02 0 0 0 0 0 0
5022 10947 16872 7.577903364942953357e-02 6.871156274259300478e-02 8.505900825692092049e-02 0 0 0 0 0 0
5023 10948 16873 3.667785934612163845e-02 7.518172517438428959e-02 7.757737899685625271e-02 0 0 0 0 0 0
5024 10949 16874 4.308943379840267374e-02 6.640175294144620710e-02 7.571530017608792129e-02 0 0 0 0 0 0
5025 10950 16875 3.978567006808058498e-02 6.572107721979868200e-02 7.547180568132516587e-02 0 0 0 0 0 0
5026 10951 16876 3.908676781505389386e-02 6.598644903375254500e-02 7.551491176328106736e-02 0 0 0 0 0 0
5027 10952 16877 3.946752557048169296e-02 6.096293166512207345e-02 8.137332642028743956e-02 0 0 0 0 0 0
5028 10953 16878 3.999914871635536218e-02 6.024848822531434639e-02 8.245287427070582820e-02 0 0 0 0 0 0
5029 10954 16879 4.363150719736129390e-02 5.840346377515682336e-02 8.599506670642360906e-02 0 0 0 0 0 0
5030 10955 16880 5.589653168917856768e-02 5.889293417191447666e-02 8.947161049425179924e-02 0 0 0 0 0 0
5031 10956 16881 5.896057558188495112e-02 6.434865406597795046e-02 8.360601014194785074e-02 0 0 0 0 0 0
5032 10957 16882 3.743685191158542536e-02 6.434104315857806788e-02 7.835557371168161422e-02 0 0 0 0 0 0
5033 10958 16883 3.595225775341083507e-02 7.648796450319803042e-02 7.846173135507529539e-02 0 0 0 0 0 0
5034 10959 16884 3.603812003060625352e-02 7.656807407823615352e-02 7.831489417757389604e-02 0 0 0 0 0 0
5035 10960 16885 3.620321598885790915e-02 7.641752748007535345e-02 7.808731165305120292e-02 0 0 0 0 0 0
5036 10961 16886 3.596853006066100256e-02 6.891151854978930236e-02 7.979868463149429603e-02 0 0 0 0 0 0
5037 10962 16887 3.656665612510671959e-02 6.804236678633666935e-02 8.090196743570944593e-02 0 0 0 0 0 0
5038 10963 16888 5.828948071279253101e-02 6.609741903597267376e-02 8.432793578480363150e-02 0 0 0 0 0 0
5039 10964 16889 5.145019201937330727e-02 7.546310062762988380e-02 8.631423333463640601e-02 0 0 0 0 0 0
5040 10965 16890 3.741104741484832519e-02 7.654229099766171607e-02 7.886629422073597462e-02 0 0 0 0 0 0
5041 10966 16891 4.668497303443942120e-02 6.154120762974000375e-02 9.036483804918460372e-02 0 0 0 0 0 0
5042 10967 16892 4.067156703856088240e-02 7.212269412945573888e-02 8.673550899088554311e-02 0 0 0 0 0 0
5043 10968 16893 4.066282834282160946e-02 7.364842938688845320e-02 8.645757372104871663e-02 0 0 0 0 0 0
5044 10969 16894 5.372662149713250401e-02 6.179714309592974214e-02 9.233166337748741070e-02 0 0 0 0 0 0
5045 10970 16895 5.370680721124563434e-02 6.525662440531958264e-02 9.170146762987216316e-02 0 0 0 0 0 0
5046 10971 16896 5.034525375298729705e-02 7.400034642369127114e-02 8.916200289512783705e-02 0 0 0 0 0 0
5047 10972 16897 3.634427808752056788e-02 7.638047452638359325e-02 7.767425919395438971e-02 0 0 0 0 0 0
5048 10973 16898 3.480232283594987541e-02 8.025539126320659078e-02 7.390657193237287759e-02 0 0 0 0 0 0
5049 10974 16899 3.488974251642359969e-02 7.900425050063049348e-02 7.151060355967053805e-02 0 0 0 0 0 0
5050 10975 16900 3.670061214476044720e-02 7.153679312156090153e-02 6.855599021152024297e-02 0 0 0 0 0 0
5051 10976 16901 3.893108706857947854e-02 6.392236070090848155e-02 6.892259758903619693e-02 0 0 0 0 0 0
5052 10977 16902 4.116848179465602831e-02 5.623348435454667005e-02 8.490367610910509732e-02 0 0 0 0 0 0
5053 10978 16903 3.209655532129852828e-02 7.572856934576031873e-02 6.548487566127060566e-02 0 0 0 0 0 0
5054 10979 16904 2.790102340881069065e-02 6.959241809433526493e-02 6.068707643480333869e-02 0 0 0 0 0 0
5055 10980 16905 3.215789861352535972e-02 7.780280460775984563e-02 6.704958961777568449e-02 0 0 0 0 0 0
5056 10981 16906 6.869416332034275485e-02 7.385996397768805621e-02 8.130616020307532277e-02 0 0 0 0 0 0
5057 10982 16907 5.369579246089615371e-02 7.784475350376011960e-02 8.566205576839446001e-02 0 0 0 0 0 0
5058 10983 16908 4.190211807680561257e-02 7.090629794046647560e-02 9.807421177529841716e-02 0 0 0 0 0 0
5059 10984 16909 4.640483785496370139e-02 6.317086536477803382e-02 1.028885111354352205e-01 0 0 0 0 0 0
5060 10985 16910 4.189727983119862637e-02 7.096012677796312285e-02 9.802324838531070728e-02 0 0 0 0 0 0
5061 10986 16911 4.148617450668318912e-02 7.460565273459451863e-02 9.381369029660520387e-02 0 0 0 0 0 0
5062 10987 16912 3.967921000781205604e-02 7.648235908642693481e-02 9.397460054068251800e-02 0 0 0 0 0 0
5063 10988 16913 5.506987163745818981e-02 6.983666116383424605e-02 1.034898796522175646e-01 0 0 0 0 0 0
5064 10989 16914 5.508622187608559068e-02 7.042618074592089938e-02 1.035617210872326888e-01 0 0 0 0 0 0
5065 10990 16915 5.457347252378544344e-02 7.015745955399411982e-02 1.036684298656582875e-01 0 0 0 0 0 0
5066 10991 16916 5.500889215085995321e-02 7.111191139380673709e-02 1.027698948789375066e-01 0 0 0 0 0 0
5067 10992 16917 5.230151215505104284e-02 7.506654834488581118e-02 9.735560331679007917e-02 0 0 0 0 0 0
5068 10993 16918 5.474896395500994384e-02 6.298571980034008144e-02 1.014656954898320584e-01 0 0 0 0 0 0
5069 10994 16919 5.696250916873775438e-02 8.838022387666774615e-02 9.842601263166857184e-02 0 0 0 0 0 0
5070 10995 16920 5.949997769083890942e-02 8.287391798840555712e-02 1.010912296400998528e-01 0 0 0 0 0 0
5071 10996 16921 5.971242030930525024e-02 8.225225760749624304e-02 1.010601979999015965e-01 0 0 0 0 0 0
5072 10997 16922 5.343726157126619386e-02 8.949144526311413050e-02 1.030713589221703835e-01 0 0 0 0 0 0
5073 10998 16923 5.863612453784071421e-02 8.107968191297881821e-02 1.016427034037842708e-01 0 0 0 0 0 0
5074 10999 16924 8.310719298030465330e-02 5.120300751574539955e-02 1.086856881645479195e-01 0 0 0 0 0 0
5075 11000 16925 7.840655398518421582e-02 5.191191844648152670e-02 1.140372254970912491e-01 0 0 0 0 0 0
5076 11001 16926 5.578856138745161286e-02 4.567561522604278446e-02 1.074946190975771820e-01 0 0 0 0 0 0
5077 11002 16927 6.186765038129127259e-02 5.004830435783213377e-02 1.087783768844761551e-01 0 0 0 0 0 0
5078 11003 16928 7.011014245661403854e-02 5.371373991616106014e-02 1.109174521510866013e-01 0 0 0 0 0 0
5079 11004 16929 6.570159590029750474e-02 5.483439786536999788e-02 1.055353914197619675e-01 0 0 0 0 0 0
5080 11005 16930 6.447003876707101122e-02 5.520278932486920309e-02 1.027693190790657241e-01 0 0 0 0 0 0
5081 11006 16931 6.332776272282601704e-02 5.447539777900105989e-02 1.023397905632298516e-01 0 0 0 0 0 0
5082 11007 16932 7.628827913708965958e-02 5.503153027575052869e-02 1.175993588680831620e-01 0 0 0 0 0 0
5083 11008 16933 7.411004646201918566e-02 5.567893387879949141e-02 1.170659687776728769e-01 0 0 0 0 0 0
5084 11009 16934 4.899264903333740845e-02 4.172048436866696713e-02 1.109300430360342926e-01 0 0 0 0 0 0
5085 11010 16935 4.967470957740225540e-02 4.249554640746795731e-02 1.113786149225110822e-01 0 0 0 0 0 0
5086 11011 16936 5.432723689589400579e-02 4.709078476242410660e-02 1.176681787492328962e-01 0 0 0 0 0 0
5087 11012 16937 5.071509753012902466e-02 4.290360993912634840e-02 1.101520452151426299e-01 0 0 0 0 0 0
5088 11013 16938 6.056935341770812442e-02 5.735698252065607461e-02 1.026539331305535430e-01 0 0 0 0 0 0
5089 11014 16939 6.302840636157601428e-02 1.438547203814386777e-01 1.420873596918600379e-01 0 0 0 0 0 0
5090 11015 16940 6.435162906279311146e-02 1.499999999999999944e-01 1.427545471415657130e-01 0 0 0 0 0 0
5091 11016 16941 6.163163779105202550e-02 1.499999999999999944e-01 1.418385312941489729e-01 0 0 0 0 0 0
5092 11017 16942 6.248763119223785939e-02 1.430407900630152052e-01 1.418758962976952309e-01 0 0 0 0 0 0
5093 11018 16943 3.852134988183095188e-02 1.274303567622305788e-01 1.193483183149486176e-01 0 0 0 0 0 0
5094 11019 16944 4.113529015676212208e-02 1.275292833248312663e-01 1.208671338235418335e-01 0 0 0 0 0 0
5095 11020 16945 4.143398071244302344e-02 1.279803376859968145e-01 1.216770759018636350e-01 0 0 0 0 0 0
5096 11021 16946 4.453053161890874190e-02 1.374144795352321147e-01 1.111462196033433797e-01 0 0 0 0 0 0
5097 11022 16947 5.266503646721386322e-02 1.499999999999999944e-01 1.284260294657773305e-01 0 0 0 0 0 0
5098 11023 16948 4.271211999322641062e-02 1.321940879553263337e-01 1.105088635366724137e-01 0 0 0 0 0 0
5099 11024 16949 4.302642265329845866e-02 1.311946950035536852e-01 1.131673672463361507e-01 0 0 0 0 0 0
5100 11025 16950 5.253038477221982222e-02 1.458990085388741920e-01 1.333562615204545998e-01 0 0 0 0 0 0
5101 11026 16951 5.451975098275559095e-02 1.499999999999999944e-01 1.362112278284219047e-01 0 0 0 0 0 0
5102 11027 16952 4.198726393579355065e-02 1.262321561199643005e-01 1.219859319607774772e-01 0 0 0 0 0 0
5103 11028 16953 4.224697191530538132e-02 1.249036171095460335e-01 1.227648189097765852e-01 0 0 0 0 0 0
5104 11029 16954 4.166774819952447778e-02 1.239046035182240074e-01 1.259721982707727450e-01 0 0 0 0 0 0
5105 11030 16955 5.916928569882794892e-02 1.499999999999999944e-01 1.396585138274966109e-01 0 0 0 0 0 0
5106 11031 16956 5.676182886847907366e-02 1.269366235007249599e-01 1.351393700415193522e-01 0 0 0 0 0 0
5107 11032 16957 4.290841835370944046e-02 1.251546858834097498e-01 1.226899169465325706e-01 0 0 0 0 0 0
5108 11033 16958 5.350628378520432687e-02 1.237716055061711812e-01 1.432875246040171135e-01 0 0 0 0 0 0
5109 11034 16959 8.830382866258128238e-02 1.358929897315544755e-01 8.111556848632552053e-02 0 0 0 0 0 0
5110 11035 16960 1.033926516172234411e-01 1.335755096602144198e-01 6.500627187722296529e-02 0 0 0 0 0 0
5111 11036 16961 1.011287527513338308e-01 1.259039451169824408e-01 7.091308958661088346e-02 0 0 0 0 0 0
5112 11037 16962 9.383960262472994251e-02 1.275351174486835104e-01 7.847255967382776864e-02 0 0 0 0 0 0
5113 11038 16963 1.003055651604318060e-01 1.242438016943760853e-01 6.488009534264722877e-02 0 0 0 0 0 0
5114 11039 16964 8.640724820000286743e-02 1.225734735873487830e-01 6.144373645805501633e-02 0 0 0 0 0 0
5115 11040 16965 7.411964451611495475e-02 1.259200709234796212e-01 9.228941460539355490e-02 0 0 0 0 0 0
5116 11041 16966 7.547550940060819558e-02 1.268562812596853717e-01 9.269906584549433837e-02 0 0 0 0 0 0
5117 11042 16967 7.804061646255963658e-02 1.185137467686333268e-01 8.951561952862641114e-02 0 0 0 0 0 0
5118 11043 16968 9.315714647649867008e-02 1.257189694778005629e-01 8.354884517132250832e-02 0 0 0 0 0 0
5119 11044 16969 8.997186935577855538e-02 1.212825284367027995e-01 8.752444260018830968e-02 0 0 0 0 0 0
5120 11045 16970 8.598866370390485792e-02 1.200073696083015784e-01 9.035359241811465048e-02 0 0 0 0 0 0
5121 11046 16971 8.184364204838803780e-02 1.156197079238390074e-01 7.005607605955049833e-02 0 0 0 0 0 0
5122 11047 16972 8.343858677310161953e-02 1.188838657895068401e-01 8.983256504406744725e-02 0 0 0 0 0 0
5123 11048 16973 8.023905441812576034e-02 1.158691889464781577e-01 5.993448131823143898e-02 0 0 0 0 0 0
5124 11049 16974 9.874747711751837020e-02 1.027602324901864400e-01 7.427508262149722096e-02 0 0 0 0 0 0
5125 11050 16975 1.003765768759723176e-01 1.012233085155971879e-01 7.170291410086077066e-02 0 0 0 0 0 0
5126 11051 16976 1.023029840684446107e-01 9.908420730487071948e-02 6.544138928298216806e-02 0 0 0 0 0 0
5127 11052 16977 9.218066098515004247e-02 9.139037653805132111e-02 6.124735819049920149e-02 0 0 0 0 0 0
5128 11053 16978 9.897879580153987056e-02 1.013661372793679266e-01 7.348512973746569588e-02 0 0 0 0 0 0
5129 11054 16979 9.580137431945860704e-02 9.285035737285965429e-02 5.603859347254366158e-02 0 0 0 0 0 0
5130 11055 16980 9.849905038122640233e-02 9.350221557266277794e-02 5.859367697640165823e-02 0 0 0 0 0 0
5131 11056 16981 9.583798629400540336e-02 9.215100528150840797e-02 5.880657190508686849e-02 0 0 0 0 0 0
5132 11057 16982 9.597141351840167423e-02 7.648664712589439696e-02 6.673040098208382620e-02 0 0 0 0 0 0
5133 11058 16983 9.600925809815813450e-02 6.927924536982971171e-02 6.852182444237824022e-02 0 0 0 0 0 0
5134 11059 16984 1.050066081617876956e-01 9.583788591453598626e-02 5.856160134971599013e-02 0 0 0 0 0 0
5135 11060 16985 1.143596764730293869e-01 8.024801280206636522e-02 6.807135900280682217e-02 0 0 0 0 0 0
5136 11061 16986 1.130403129605788426e-01 7.026243618090867449e-02 7.287526600489073469e-02 0 0 0 0 0 0
5137 11062 16987 9.032671375322526286e-02 9.049228384595643659e-02 6.274633389734857181e-02 0 0 0 0 0 0
5138 11063 16988 8.595607722431657105e-02 7.655425872305612889e-02 7.044853413377608065e-02 0 0 0 0 0 0
5139 11064 16989 8.867623558437127962e-02 8.176582369202269052e-02 6.812853458798967532e-02 0 0 0 0 0 0
5140 11065 16990 1.161372357053890303e-01 9.489483132986616110e-02 6.834585033930455633e-02 0 0 0 0 0 0
5141 11066 16991 1.181749286940174670e-01 9.838334719060637390e-02 6.738996737029552542e-02 0 0 0 0 0 0
5142 11067 16992 1.135689343736727697e-01 1.033974712870521506e-01 6.285854630411226440e-02 0 0 0 0 0 0
5143 11068 16993 1.133080081366110436e-01 9.404305977419745444e-02 6.760213263428117847e-02 0 0 0 0 0 0
5144 11069 16994 1.108720308211290778e-01 1.028265935508650419e-01 6.202455622032148480e-02 0 0 0 0 0 0
5145 11070 16995 1.085984325240972742e-01 9.968143577436122671e-02 6.270345266920451799e-02 0 0 0 0 0 0
5146 11071 16996 9.030729121452232833e-02 9.234528545805036071e-02 6.770450497724464500e-02 0 0 0 0 0 0
5147 11072 16997 9.892921264075729693e-02 1.013598664731192311e-01 7.357231994644705675e-02 0 0 0 0 0 0
5148 11073 16998 1.027918089718906636e-01 9.282604323516380207e-02 8.585563869615787935e-02 0 0 0 0 0 0
5149 11074 16999 1.051866289143730399e-01 9.126950234056044331e-02 8.557572228798042413e-02 0 0 0 0 0 0
5150 11075 17000 1.051063857618073222e-01 1.005227424134196579e-01 6.613160573437990020e-02 0 0 0 0 0 0
5151 11076 17001 1.004989750419322397e-01 8.694605572325334042e-02 8.696966986496565410e-02 0 0 0 0 0 0
5152 11077 17002 8.880511505031893349e-02 8.408866145023090322e-02 7.181651624405122059e-02 0 0 0 0 0 0
5153 11078 17003 1.042833046619194570e-01 8.439823238074117828e-02 8.653746117582375441e-02 0 0 0 0 0 0
5154 11079 17004 1.080252631465089264e-01 7.912866309197838510e-02 8.188390940009969421e-02 0 0 0 0 0 0
5155 11080 17005 1.053898319905454545e-01 8.647356024716457146e-02 8.608733982261744522e-02 0 0 0 0 0 0
5156 11081 17006 8.615692911327992032e-02 8.017427955462191891e-02 7.619606013906786435e-02 0 0 0 0 0 0
5157 11082 17007 8.661110095786894725e-02 8.137020968252792197e-02 7.640471730605001566e-02 0 0 0 0 0 0
5158 11083 17008 8.768229277407114941e-02 8.121772407682065209e-02 7.920331800335224381e-02 0 0 0 0 0 0
5159 11084 17009 9.586827245880473469e-02 8.321796792162565459e-02 8.981088537541033479e-02 0 0 0 0 0 0
5160 11085 17010 9.671074947593484572e-02 8.376136649406853985e-02 8.975320665526316521e-02 0 0 0 0 0 0
5161 11086 17011 1.024114183038545983e-01 7.906642689915470423e-02 8.945339549868205897e-02 0 0 0 0 0 0
5162 11087 17012 9.635078653087389422e-02 8.314678475699462112e-02 9.014558089927109108e-02 0 0 0 0 0 0
5163 11088 17013 1.017807025947009836e-01 7.457941215861793594e-02 9.361907065203269040e-02 0 0 0 0 0 0
5164 11089 17014 9.379113467752106525e-02 8.026629669128768074e-02 9.422782586252992365e-02 0 0 0 0 0 0
5165 11090 17015 9.383519589788727466e-02 8.026783630959705151e-02 9.424393417435185383e-02 0 0 0 0 0 0
5166 11091 17016 9.479401728779753011e-02 8.299284029734405044e-02 8.975541785667769112e-02 0 0 0 0 0 0
5167 11092 17017 8.962217505399121265e-02 8.179465877243066729e-02 8.539859333726353141e-02 0 0 0 0 0 0
5168 11093 17018 8.832861348857755368e-02 7.827784436257000100e-02 9.116729950679622330e-02 0 0 0 0 0 0
5169 11094 17019 5.649224692224093930e-02 7.277174924667786926e-02 1.036355732112008154e-01 0 0 0 0 0 0
5170 11095 17020 5.842997967770697382e-02 7.770291184748900903e-02 1.032496027652098358e-01 0 0 0 0 0 0
5171 11096 17021 6.509039184866791117e-02 7.962823263050727851e-02 1.021737677663493576e-01 0 0 0 0 0 0
5172 11097 17022 6.446823883130622934e-02 7.918347081405874288e-02 1.023999330325377766e-01 0 0 0 0 0 0
5173 11098 17023 6.393162212141612066e-02 6.321932148210468450e-02 1.050024908814418401e-01 0 0 0 0 0 0
5174 11099 17024 6.559842530766447910e-02 6.261879812456601357e-02 1.087014523831138779e-01 0 0 0 0 0 0
5175 11100 17025 5.867736476149295471e-02 6.648173340276967991e-02 1.194201912190432924e-01 0 0 0 0 0 0
5176 11101 17026 5.675148966206131768e-02 6.623877911134476437e-02 1.218900762948659650e-01 0 0 0 0 0 0
5177 11102 17027 5.441683440859661214e-02 5.583854884887965581e-02 1.209523749037447887e-01 0 0 0 0 0 0
5178 11103 17028 6.210171169633994792e-02 6.408682262977689892e-02 1.049066703324312289e-01 0 0 0 0 0 0
5179 11104 17029 6.095842304207551438e-02 6.341783084235098900e-02 1.044939645550696378e-01 0 0 0 0 0 0
5180 11105 17030 5.210569662615961023e-02 6.230103574271441541e-02 1.158473575458532634e-01 0 0 0 0 0 0
5181 11106 17031 4.977104137269491163e-02 5.190080548024928603e-02 1.149096561547320594e-01 0 0 0 0 0 0
5182 11107 17032 3.058504636043266403e-02 9.973526093747449306e-02 1.250028756097213978e-01 0 0 0 0 0 0
5183 11108 17033 3.074097051978515877e-02 9.619738957937851165e-02 1.251286264264004078e-01 0 0 0 0 0 0
5184 11109 17034 2.961057154086712759e-02 9.190007388744338146e-02 1.252813710864208174e-01 0 0 0 0 0 0
5185 11110 17035 3.181154560357150884e-02 9.136900046541793219e-02 1.214270162493954752e-01 0 0 0 0 0 0
5186 11111 17036 3.253892955881208804e-02 9.782421432795000704e-02 1.210612852419754165e-01 0 0 0 0 0 0
5187 11112 17037 3.230215627794016942e-02 9.475415418219665376e-02 1.219683400017696207e-01 0 0 0 0 0 0
5188 11113 17038 3.103312524817672044e-02 1.041606934037237059e-01 1.283386241939816763e-01 0 0 0 0 0 0
5189 11114 17039 3.248293570225155996e-02 1.005709358630927364e-01 1.354814185773395852e-01 0 0 0 0 0 0
5190 11115 17040 3.212682487592893876e-02 9.776035459880245970e-02 1.423889756553788077e-01 0 0 0 0 0 0
5191 11116 17041 2.892555213367659084e-02 8.693882047923059964e-02 1.364724935974082065e-01 0 0 0 0 0 0
5192 11117 17042 3.148207231488493740e-02 9.538242102662369826e-02 1.421316522007831928e-01 0 0 0 0 0 0
5193 11118 17043 3.829046638397402141e-02 1.036677563306265121e-01 1.428353941571417485e-01 0 0 0 0 0 0
5194 11119 17044 3.809095326569002932e-02 1.034180027248683409e-01 1.427571412543019447e-01 0 0 0 0 0 0
5195 11120 17045 4.486250582149822058e-02 1.034082053209854496e-01 1.424994888053989217e-01 0 0 0 0 0 0
5196 11121 17046 4.649953247460680839e-02 8.343598931760246029e-02 1.430446665192630085e-01 0 0 0 0 0 0
5197 11122 17047 4.391650135465727245e-02 8.621914151479249944e-02 1.403181439786328200e-01 0 0 0 0 0 0
5198 11123 17048 4.646926104891018622e-02 1.027786224624048922e-01 1.422230034430708168e-01 0 0 0 0 0 0
5199 11124 17049 4.645926589724316130e-02 1.027513322748836166e-01 1.422140095502178736e-01 0 0 0 0 0 0
5200 11125 17050 9.191454757746485293e-02 8.980144710509788131e-02 1.917393032805820574e-01 0 0 0 0 0 0
5201 11126 17051 9.355728381459912923e-02 8.822279263257649939e-02 1.888700340805454514e-01 0 0 0 0 0 0
5202 11127 17052 9.036257455681673267e-02 9.291195443721265990e-02 1.818844918734782712e-01 0 0 0 0 0 0
5203 11128 17053 8.738069709179080435e-02 9.661441759787291195e-02 1.805975787438287017e-01 0 0 0 0 0 0
5204 11129 17054 8.732866030953086167e-02 9.666442446884424000e-02 1.806884682811946974e-01 0 0 0 0 0 0
5205 11130 17055 9.071722693453174169e-02 9.999006796808142250e-02 1.820375520869498276e-01 0 0 0 0 0 0
5206 11131 17056 9.277174637802912405e-02 1.009096577196393202e-01 1.829242377666828734e-01 0 0 0 0 0 0
5207 11132 17057 9.984782102972752926e-02 1.012202729316084293e-01 1.859781169023810299e-01 0 0 0 0 0 0
5208 11133 17058 1.092330012903182240e-01 1.009309820318908119e-01 1.900285555415077432e-01 0 0 0 0 0 0
5209 11134 17059 1.106426730222658805e-01 9.475849653280596363e-02 1.906369390453964696e-01 0 0 0 0 0 0
5210 11135 17060 8.681741875802193031e-02 9.810951875052424664e-02 1.803544801283166743e-01 0 0 0 0 0 0
5211 11136 17061 8.679314617076128169e-02 9.812071238516208160e-02 1.804124820871119694e-01 0 0 0 0 0 0
5212 11137 17062 8.798738131006313135e-02 1.028752814920685377e-01 1.934243022346366636e-01 0 0 0 0 0 0
5213 11138 17063 9.271601047807703777e-02 9.058461116323768270e-02 1.967418908695589275e-01 0 0 0 0 0 0
5214 11139 17064 9.719639048365824596e-02 1.061977717523278492e-01 1.940546022711015506e-01 0 0 0 0 0 0
5215 11140 17065 9.268060204224456977e-02 1.009846585827948867e-01 1.830279082536010737e-01 0 0 0 0 0 0
5216 11141 17066 1.150822550912566494e-01 8.854812936344248764e-02 2.000000000000000111e-01 0 0 0 0 0 0
5217 11142 17067 1.059990455264935016e-01 8.423916407428570785e-02 2.000000000000000111e-01 0 0 0 0 0 0
5218 11143 17068 1.106433682717690298e-01 1.048258778278604586e-01 1.963061698135008526e-01 0 0 0 0 0 0
5219 11144 17069 1.092554711856003058e-01 1.019945983556179991e-01 1.906923786695827738e-01 0 0 0 0 0 0
5220 11145 17070 1.147336681204595837e-01 9.034172594700269621e-02 2.000000000000000111e-01 0 0 0 0 0 0
5221 11146 17071 1.058706690534369638e-01 8.430813064648570720e-02 2.000000000000000111e-01 0 0 0 0 0 0
5222 11147 17072 8.787107506559055370e-02 9.508912478142027280e-02 1.790864644802943328e-01 0 0 0 0 0 0
5223 11148 17073 8.195938383390853621e-02 8.467124883525835310e-02 2.000000000000000111e-01 0 0 0 0 0 0
5224 11149 17074 8.916769896016696340e-02 9.269740850987746861e-02 1.781764459164468795e-01 0 0 0 0 0 0
5225 11150 17075 8.674736371913192856e-02 9.826176639147980729e-02 1.800647174297330122e-01 0 0 0 0 0 0
5226 11151 17076 8.671119012316341745e-02 9.831182778935065869e-02 1.796951933504093435e-01 0 0 0 0 0 0
5227 11152 17077 9.616537663514419798e-02 9.298895133387498346e-02 1.707633151077567468e-01 0 0 0 0 0 0
5228 11153 17078 9.412760016507742966e-02 1.016288346794014252e-01 1.829094728605478726e-01 0 0 0 0 0 0
5229 11154 17079 1.159761660306066061e-01 9.479276193311728105e-02 1.793132187442301184e-01 0 0 0 0 0 0
5230 11155 17080 8.511780398233133316e-02 1.001752340465542068e-01 1.795297421114355474e-01 0 0 0 0 0 0
5231 11156 17081 7.898672949920422515e-02 1.070442942044939755e-01 1.787755085900389340e-01 0 0 0 0 0 0
5232 11157 17082 9.255938519131107212e-02 9.070819240302230302e-02 2.000000000000000111e-01 0 0 0 0 0 0
5233 11158 17083 8.575489843719152905e-02 1.079925613063055928e-01 2.000000000000000111e-01 0 0 0 0 0 0
5234 11159 17084 8.065794958616270827e-02 1.066766944211904322e-01 1.781981063352652550e-01 0 0 0 0 0 0
5235 11160 17085 1.028869089176170371e-01 1.131414079095035136e-01 2.000000000000000111e-01 0 0 0 0 0 0
5236 11161 17086 1.122910114534899639e-01 1.098088935941801680e-01 2.000000000000000111e-01 0 0 0 0 0 0
5237 11162 17087 3.761530079452883590e-02 7.834170370420349971e-02 1.339240353091173674e-01 0 0 0 0 0 0
5238 11163 17088 3.710899191793440299e-02 7.540365955297377576e-02 1.343729589448441342e-01 0 0 0 0 0 0
5239 11164 17089 3.600607785157285134e-02 7.130817229606373209e-02 1.171244349114206745e-01 0 0 0 0 0 0
5240 11165 17090 3.834617894560250762e-02 8.413354115607209194e-02 1.210122493829678542e-01 0 0 0 0 0 0
5241 11166 17091 3.794415181781688601e-02 8.243169072554872023e-02 1.163777854466196554e-01 0 0 0 0 0 0
5242 11167 17092 3.760427259989127663e-02 6.944177228920433986e-02 1.163457272981171658e-01 0 0 0 0 0 0
5243 11168 17093 3.788713438505501852e-02 6.924216052834138158e-02 1.166397737736103724e-01 0 0 0 0 0 0
5244 11169 17094 4.057823170362946652e-02 7.263422003639961877e-02 1.369180557013321142e-01 0 0 0 0 0 0
5245 11170 17095 4.419261421609215618e-02 6.860791578023436865e-02 1.358000107702310999e-01 0 0 0 0 0 0
5246 11171 17096 4.074086039643282087e-02 6.809831338756215657e-02 1.224805987802606022e-01 0 0 0 0 0 0
5247 11172 17097 4.367250034738373587e-02 6.964654904383148215e-02 1.166161024040813093e-01 0 0 0 0 0 0
5248 11173 17098 4.640008220081857926e-02 7.201331035914371181e-02 1.107015847744285131e-01 0 0 0 0 0 0
5249 11174 17099 4.397092977722617813e-02 7.206244653435665837e-02 1.133921016390840725e-01 0 0 0 0 0 0
5250 11175 17100 5.648340303679171698e-02 6.714213110859668099e-02 1.313761147281174990e-01 0 0 0 0 0 0
5251 11176 17101 5.711383317344331106e-02 6.857328686080163549e-02 1.253303335855085188e-01 0 0 0 0 0 0
5252 11177 17102 5.705722740668132953e-02 6.791108348055943655e-02 1.234322126947555026e-01 0 0 0 0 0 0
5253 11178 17103 5.617780678016515844e-02 6.888699242853583982e-02 1.236823785036268303e-01 0 0 0 0 0 0
5254 11179 17104 5.702387907041261972e-02 6.719955020194959272e-02 1.331080068146559270e-01 0 0 0 0 0 0
5255 11180 17105 4.435526132023136225e-02 8.064153929753876959e-02 1.371852970824992968e-01 0 0 0 0 0 0
5256 11181 17106 4.418593282617629125e-02 8.034654233821590663e-02 1.369648124453852200e-01 0 0 0 0 0 0
5257 11182 17107 6.381076530052616491e-02 6.498168264763203028e-02 1.356729777647849855e-01 0 0 0 0 0 0
5258 11183 17108 5.798041337315656268e-02 6.784099611911167949e-02 1.329813084499324727e-01 0 0 0 0 0 0
5259 11184 17109 5.286464424354554714e-02 7.645460740431127278e-02 1.348526818036827335e-01 0 0 0 0 0 0
5260 11185 17110 4.753409637602251658e-02 7.988875793253155666e-02 1.362534176086802884e-01 0 0 0 0 0 0
5261 11186 17111 4.446019579969903018e-02 8.050010327777736008e-02 1.369254758283212359e-01 0 0 0 0 0 0
5262 11187 17112 6.231334648607110560e-02 6.980359100241832759e-02 1.291054511862023968e-01 0 0 0 0 0 0
5263 11188 17113 6.918588291231995979e-02 6.450222166631842946e-02 1.142672584516998269e-01 0 0 0 0 0 0
5264 11189 17114 6.028642583260480914e-02 6.994131401859854380e-02 1.294007263532634122e-01 0 0 0 0 0 0
5265 11190 17115 5.062109935912436492e-02 8.447153519754277418e-02 1.306499475540060240e-01 0 0 0 0 0 0
5266 11191 17116 5.565247353124207902e-02 8.059324955928275080e-02 1.297922662431332530e-01 0 0 0 0 0 0
5267 11192 17117 6.605648762291893572e-02 8.958949417462230835e-02 1.302047996496081272e-01 0 0 0 0 0 0
5268 11193 17118 6.696294016291690077e-02 9.007544722174283536e-02 1.311320172477186963e-01 0 0 0 0 0 0
5269 11194 17119 7.299053247049498705e-02 9.096234477200733359e-02 1.443134130540914273e-01 0 0 0 0 0 0
5270 11195 17120 6.113943358928446148e-02 9.356663126782964468e-02 1.310670139105270526e-01 0 0 0 0 0 0
5271 11196 17121 6.438218688959218561e-02 9.530508505091274396e-02 1.343840523584343694e-01 0 0 0 0 0 0
5272 11197 17122 6.786907393816807299e-02 9.371221749230794484e-02 1.348662274383839454e-01 0 0 0 0 0 0
5273 11198 17123 5.039888300728166681e-02 9.853569686237077796e-02 1.329085465672209532e-01 0 0 0 0 0 0
5274 11199 17124 5.046587536202823410e-02 9.034120149950027046e-02 1.294165154957341579e-01 0 0 0 0 0 0
5275 11200 17125 4.913655239410598397e-02 8.571599075477720486e-02 1.300742990055823167e-01 0 0 0 0 0 0
5276 11201 17126 5.349980805759341901e-02 1.059982510630231023e-01 1.461565769900728951e-01 0 0 0 0 0 0
5277 11202 17127 5.923575294842459843e-02 9.994712739341826691e-02 1.324393859737887646e-01 0 0 0 0 0 0
5278 11203 17128 5.490274541507409595e-02 1.040717100365103481e-01 1.347172518616838177e-01 0 0 0 0 0 0
5279 11204 17129 5.936099624408037317e-02 9.510834418824884451e-02 1.303670022562084529e-01 0 0 0 0 0 0
5280 11205 17130 5.186816786842572691e-02 1.030222372596701491e-01 1.346382393100289676e-01 0 0 0 0 0 0
5281 11206 17131 1.135347763618640843e-01 1.395075190826060296e-01 5.757937684149042751e-02 0 0 0 0 0 0
5282 11207 17132 1.180119000980130312e-01 1.390200508930472811e-01 5.650867742127383547e-02 0 0 0 0 0 0
5283 11208 17133 1.210091465938140654e-01 1.300035568376738671e-01 6.486661072389798832e-02 0 0 0 0 0 0
5284 11209 17134 1.078508778675033170e-01 1.318683270093838622e-01 6.756217403009277811e-02 0 0 0 0 0 0
5285 11210 17135 1.069272766740905489e-01 1.346467587071465966e-01 6.498667775923808176e-02 0 0 0 0 0 0
5286 11211 17136 1.247906411262358489e-01 1.428481252266712853e-01 6.491685062590347999e-02 0 0 0 0 0 0
5287 11212 17137 1.272748025978937270e-01 1.374668189364223192e-01 7.093770016747834306e-02 0 0 0 0 0 0
5288 11213 17138 1.220828559045860212e-01 1.307264453360543199e-01 6.614791257132821012e-02 0 0 0 0 0 0
5289 11214 17139 1.222965613091940573e-01 1.499999999999999944e-01 8.062558472852497660e-02 0 0 0 0 0 0
5290 11215 17140 1.219376883599740113e-01 1.499999999999999944e-01 8.062558472852497660e-02 0 0 0 0 0 0
5291 11216 17141 1.142691563879622008e-01 1.456694450641479455e-01 7.111373809248087985e-02 0 0 0 0 0 0
5292 11217 17142 1.276119702937996425e-01 1.371949018920521901e-01 7.745697268848329708e-02 0 0 0 0 0 0
5293 11218 17143 1.252714911156952438e-01 1.435969772366955666e-01 8.835091425460267489e-02 0 0 0 0 0 0
5294 11219 17144 1.223156767478025542e-01 1.499999999999999944e-01 8.118692198399146687e-02 0 0 0 0 0 0
5295 11220 17145 1.215376664560739173e-01 1.292389285537393351e-01 6.499735989318285168e-02 0 0 0 0 0 0
5296 11221 17146 1.328882335394965808e-01 1.499999999999999944e-01 5.528452347777711856e-02 0 0 0 0 0 0
5297 11222 17147 1.143603258425442554e-01 1.499999999999999944e-01 7.412990968546197268e-02 0 0 0 0 0 0
5298 11223 17148 1.118480233235081972e-01 1.303385841860630334e-01 9.462041970327429719e-02 0 0 0 0 0 0
5299 11224 17149 1.040110197236808059e-01 1.279751435929728232e-01 6.988653273883627115e-02 0 0 0 0 0 0
5300 11225 17150 1.216582968621876815e-01 1.285396846735486487e-01 6.520904164640210776e-02 0 0 0 0 0 0
5301 11226 17151 1.137104012311817292e-01 1.304920663364478595e-01 9.531845616775933006e-02 0 0 0 0 0 0
5302 11227 17152 1.144459782978136386e-01 1.309210566296292455e-01 9.558136553015503245e-02 0 0 0 0 0 0
5303 11228 17153 8.593143685798067255e-02 1.499999999999999944e-01 8.032799399661207096e-02 0 0 0 0 0 0
5304 11229 17154 1.114236628207133373e-01 6.426178278726796256e-02 1.115428301071380024e-01 0 0 0 0 0 0
5305 11230 17155 1.089075659449369460e-01 7.192313673133947372e-02 1.145142356425347813e-01 0 0 0 0 0 0
5306 11231 17156 1.100464020660813641e-01 7.040751892757757258e-02 1.169352263186477364e-01 0 0 0 0 0 0
5307 11232 17157 9.722966669835544917e-02 7.457149991911310449e-02 1.150492274679775634e-01 0 0 0 0 0 0
5308 11233 17158 1.064520606350629756e-01 6.948944454936376025e-02 1.205090693613807551e-01 0 0 0 0 0 0
5309 11234 17159 1.017117800011281825e-01 6.678723524962977554e-02 1.242988816313134459e-01 0 0 0 0 0 0
5310 11235 17160 9.942403218304310397e-02 6.474367074510789521e-02 1.256700930973746744e-01 0 0 0 0 0 0
5311 11236 17161 9.622927869167394177e-02 7.413486928784958352e-02 1.164001467588016286e-01 0 0 0 0 0 0
5312 11237 17162 9.660103903035187345e-02 7.349292555525767379e-02 1.174799647635972472e-01 0 0 0 0 0 0
5313 11238 17163 9.862337420880487593e-02 6.804237146028899175e-02 1.233492233561885865e-01 0 0 0 0 0 0
5314 11239 17164 1.123045745729509826e-01 6.284835398537205742e-02 1.319895002575919019e-01 0 0 0 0 0 0
5315 11240 17165 1.136801831660720075e-01 6.504727147745677229e-02 1.301486354429893799e-01 0 0 0 0 0 0
5316 11241 17166 1.168547516701980288e-01 6.797014116084318380e-02 1.256060927844037112e-01 0 0 0 0 0 0
5317 11242 17167 1.168344977803242590e-01 6.798004816200510503e-02 1.255836562070907769e-01 0 0 0 0 0 0
5318 11243 17168 1.309769051484120927e-01 1.226143599539838147e-01 1.256986946480664336e-01 0 0 0 0 0 0
5319 11244 17169 1.319409485993125186e-01 1.233015128470815458e-01 1.201919436342974157e-01 0 0 0 0 0 0
5320 11245 17170 1.271930155412903940e-01 1.154769292642482403e-01 1.467587188580920798e-01 0 0 0 0 0 0
5321 11246 17171 1.279595902394434770e-01 1.080497596599363092e-01 1.413849651873756441e-01 0 0 0 0 0 0
5322 11247 17172 1.308945109791911088e-01 1.070135368067620663e-01 1.496891159877656308e-01 0 0 0 0 0 0
5323 11248 17173 1.300121537345279021e-01 1.095127901308105417e-01 1.296604354508535673e-01 0 0 0 0 0 0
5324 11249 17174 1.269427410274480694e-01 1.126735172962454873e-01 1.478607620163497061e-01 0 0 0 0 0 0
5325 11250 17175 1.321267530365482501e-01 1.221149811173114080e-01 1.189660167414486047e-01 0 0 0 0 0 0
5326 11251 17176 1.267205169496248562e-01 1.062289536847507709e-01 1.278111585999749111e-01 0 0 0 0 0 0
5327 11252 17177 1.251172471382679952e-01 1.048956183319075391e-01 1.327722087200929324e-01 0 0 0 0 0 0
5328 11253 17178 1.271146039391630733e-01 9.866694534977514530e-02 1.357825234631931943e-01 0 0 0 0 0 0
5329 11254 17179 1.265591919017974576e-01 9.935495227475912849e-02 1.361616209220773144e-01 0 0 0 0 0 0
5330 11255 17180 1.270420095254801152e-01 9.947514423299015640e-02 1.375676056284863835e-01 0 0 0 0 0 0
5331 11256 17181 1.256348371181076062e-01 1.132585114365489143e-01 1.180139665541359434e-01 0 0 0 0 0 0
5332 11257 17182 1.292832915562727447e-01 1.195570463151242185e-01 1.170528136590833490e-01 0 0 0 0 0 0
5333 11258 17183 1.258534065843866512e-01 1.126088586492221266e-01 1.168944434033081375e-01 0 0 0 0 0 0
5334 11259 17184 1.259711494099463036e-01 1.059057952299995858e-01 1.209266716371555361e-01 0 0 0 0 0 0
5335 11260 17185 1.333628205778415732e-01 9.943828159916315301e-02 1.183339480519742248e-01 0 0 0 0 0 0
5336 11261 17186 1.253512187609284734e-01 1.069346161156893016e-01 1.246957428421111846e-01 0 0 0 0 0 0
5337 11262 17187 1.137880693814566357e-01 1.277841802388950121e-01 9.673919892899335293e-02 0 0 0 0 0 0
5338 11263 17188 1.120917093762565236e-01 1.256580811610547854e-01 1.171866971634154403e-01 0 0 0 0 0 0
5339 11264 17189 1.183967344186721282e-01 1.226877979875502234e-01 1.226258962401275271e-01 0 0 0 0 0 0
5340 11265 17190 1.199422689041284434e-01 1.276965753591924602e-01 1.272769268877454174e-01 0 0 0 0 0 0
5341 11266 17191 1.300053312469627020e-01 1.247089117983782441e-01 1.220318676601241520e-01 0 0 0 0 0 0
5342 11267 17192 1.231660358966249064e-01 1.158720241545631996e-01 1.486941630292810401e-01 0 0 0 0 0 0
5343 11268 17193 1.235262901906803573e-01 1.167702492983023616e-01 1.481969197547254591e-01 0 0 0 0 0 0
5344 11269 17194 1.024659266222781862e-01 9.330234581097959778e-02 8.620342700075117603e-02 0 0 0 0 0 0
5345 11270 17195 9.762954432185516618e-02 8.587271887213500376e-02 8.927142432921525428e-02 0 0 0 0 0 0
5346 11271 17196 9.654410411868619146e-02 1.043973565960086836e-01 7.866539330964517074e-02 0 0 0 0 0 0
5347 11272 17197 9.396963883540848661e-02 8.438202710145903396e-02 8.928205325335779319e-02 0 0 0 0 0 0
5348 11273 17198 8.935695777344723756e-02 1.010991843522522082e-01 7.889368864772540457e-02 0 0 0 0 0 0
5349 11274 17199 8.348308994991235354e-02 9.321591756510720639e-02 8.198207739166145369e-02 0 0 0 0 0 0
5350 11275 17200 8.349929818847715013e-02 9.314233193545304323e-02 8.202688366413708743e-02 0 0 0 0 0 0
5351 11276 17201 8.317713623847836080e-02 9.233612038004838929e-02 8.127595068199142125e-02 0 0 0 0 0 0
5352 11277 17202 8.339630176870273248e-02 9.228607929288495937e-02 8.182364783805752551e-02 0 0 0 0 0 0
5353 11278 17203 8.754385407397240193e-02 9.500390774784953085e-02 7.256036615560614023e-02 0 0 0 0 0 0
5354 11279 17204 8.317650478406894698e-02 9.236683574096747618e-02 8.127249088890879658e-02 0 0 0 0 0 0
5355 11280 17205 7.745224425914996880e-02 1.078365118617805457e-01 9.232550743785489233e-02 0 0 0 0 0 0
5356 11281 17206 7.714140927849996721e-02 1.070772556966838596e-01 9.229772546597184157e-02 0 0 0 0 0 0
5357 11282 17207 7.140424439432548065e-02 1.007357870261735150e-01 8.940813725776648735e-02 0 0 0 0 0 0
5358 11283 17208 6.959683994746497515e-02 9.931364909501176619e-02 8.831948913666913537e-02 0 0 0 0 0 0
5359 11284 17209 7.106498821469516003e-02 9.140944624698202348e-02 8.138033170371759828e-02 0 0 0 0 0 0
5360 11285 17210 8.646305578923886570e-02 1.172554448040520059e-01 9.050106348293504577e-02 0 0 0 0 0 0
5361 11286 17211 8.792304538836734351e-02 1.147215917755084330e-01 8.935748299885826196e-02 0 0 0 0 0 0
5362 11287 17212 8.198931692089890533e-02 1.012580787648840047e-01 8.904234946961503416e-02 0 0 0 0 0 0
5363 11288 17213 7.634683993720575712e-02 1.042195417217016695e-01 9.203520858018468531e-02 0 0 0 0 0 0
5364 11289 17214 7.280866400298144359e-02 8.305616496230691648e-02 8.232124934040119246e-02 0 0 0 0 0 0
5365 11290 17215 4.223918916928457584e-02 6.989711583914355597e-02 4.348388307673029668e-02 0 0 0 0 0 0
5366 11291 17216 4.792579416285919214e-02 6.972147412994435245e-02 4.692731517518660550e-02 0 0 0 0 0 0
5367 11292 17217 3.398857839920329388e-02 7.800377369229823110e-02 3.938082471791870542e-02 0 0 0 0 0 0
5368 11293 17218 4.986875654857531731e-02 8.713510228698737037e-02 5.009107392003556147e-02 0 0 0 0 0 0
5369 11294 17219 3.973472089141323604e-02 8.390110481406552745e-02 4.355118045993401632e-02 0 0 0 0 0 0
5370 11295 17220 4.973692213031123688e-02 8.716674327486546858e-02 5.001437906060481053e-02 0 0 0 0 0 0
5371 11296 17221 4.669416134878875968e-02 8.997080829595699436e-02 4.665494299864038352e-02 0 0 0 0 0 0
5372 11297 17222 4.313306880334451254e-02 9.026875367413420004e-02 4.629798677957434883e-02 0 0 0 0 0 0
5373 11298 17223 3.498737592099189497e-02 8.108656554922112625e-02 4.191356346547297357e-02 0 0 0 0 0 0
5374 11299 17224 3.224436881668466676e-02 7.845628132966599166e-02 4.008522488725878991e-02 0 0 0 0 0 0
5375 11300 17225 3.043746047080745504e-02 7.793006589896074587e-02 3.796138650397868491e-02 0 0 0 0 0 0
5376 11301 17226 4.238072216301208561e-02 6.934002854306611785e-02 4.407521156188051042e-02 0 0 0 0 0 0
5377 11302 17227 4.642958621420619630e-02 6.842768601274729079e-02 4.724714637960659297e-02 0 0 0 0 0 0
5378 11303 17228 4.101539998156914640e-02 6.755516831098873354e-02 4.729232140625941327e-02 0 0 0 0 0 0
5379 11304 17229 4.446858944739170982e-02 6.779679209947463148e-02 4.790855441940992943e-02 0 0 0 0 0 0
5380 11305 17230 3.286367215736809427e-02 8.865893196351468108e-02 4.822664858567018292e-02 0 0 0 0 0 0
5381 11306 17231 3.171328232649523599e-02 7.878565379657440082e-02 4.119103779203267535e-02 0 0 0 0 0 0
5382 11307 17232 3.155670579436961609e-02 7.839286385222694886e-02 4.066429654706912172e-02 0 0 0 0 0 0
5383 11308 17233 2.948001416605279187e-02 7.731047220262567132e-02 4.229988401390652464e-02 0 0 0 0 0 0
5384 11309 17234 3.047129147944985933e-02 8.742568011269104267e-02 4.970415738449558002e-02 0 0 0 0 0 0
5385 11310 17235 3.110689707182002356e-02 7.814911647572547748e-02 4.129513847733023296e-02 0 0 0 0 0 0
5386 11311 17236 3.258621487086076768e-02 7.561948213237142113e-02 6.320156929669142054e-02 0 0 0 0 0 0
5387 11312 17237 3.307983203968207359e-02 7.838016380467972832e-02 6.344441475185748358e-02 0 0 0 0 0 0
5388 11313 17238 3.815648544110945839e-02 8.109888574681514695e-02 5.728403195569335693e-02 0 0 0 0 0 0
5389 11314 17239 4.170237177952068608e-02 7.863107928749102360e-02 5.150859766216751151e-02 0 0 0 0 0 0
5390 11315 17240 4.080026041023272071e-02 7.054598610374847312e-02 5.003967435495663280e-02 0 0 0 0 0 0
5391 11316 17241 3.241616072578040048e-02 8.096428876173385192e-02 5.744528711993264480e-02 0 0 0 0 0 0
5392 11317 17242 3.130830225577737463e-02 7.897561700086440373e-02 5.310944067153154646e-02 0 0 0 0 0 0
5393 11318 17243 2.917141188337471491e-02 7.356803544132375916e-02 4.616239577542916722e-02 0 0 0 0 0 0
5394 11319 17244 3.047369551331548243e-02 7.103779992231624985e-02 5.564518258803780038e-02 0 0 0 0 0 0
5395 11320 17245 3.129986354685883321e-02 7.523474380473170464e-02 4.478672964062247602e-02 0 0 0 0 0 0
5396 11321 17246 2.997949210655470251e-02 7.520378422946974450e-02 4.482382104642649440e-02 0 0 0 0 0 0
5397 11322 17247 3.400861347502431853e-02 6.805435277639172720e-02 4.849384987824768151e-02 0 0 0 0 0 0
5398 11323 17248 3.788184647519676068e-02 6.876760033108376968e-02 4.805997338272255393e-02 0 0 0 0 0 0
5399 11324 17249 2.920404035559704889e-02 7.358978809434445212e-02 4.567903698189303141e-02 0 0 0 0 0 0
5400 11325 17250 4.974321218125438149e-02 8.707174463552068422e-02 5.012819306008480663e-02 0 0 0 0 0 0
5401 11326 17251 3.182542990401977107e-02 8.171422240514315816e-02 5.654682217464801486e-02 0 0 0 0 0 0
5402 11327 17252 9.011149830269223060e-02 1.159752246531372405e-01 1.410757788932571755e-01 0 0 0 0 0 0
5403 11328 17253 9.612281861204047262e-02 1.144211746230291843e-01 1.354687088215088542e-01 0 0 0 0 0 0
5404 11329 17254 9.654142423513396853e-02 1.231725390618092913e-01 1.395252598922319121e-01 0 0 0 0 0 0
5405 11330 17255 9.249974632434511401e-02 1.243698552792538436e-01 1.433716682807078535e-01 0 0 0 0 0 0
5406 11331 17256 1.024913291755118749e-01 1.030190784745571297e-01 1.343635276299801895e-01 0 0 0 0 0 0
5407 11332 17257 1.016086883765798810e-01 1.008568653470598014e-01 1.363715238687270292e-01 0 0 0 0 0 0
5408 11333 17258 9.641113570738568672e-02 9.791320464483542485e-02 1.433444116324718021e-01 0 0 0 0 0 0
5409 11334 17259 9.257829589970356654e-02 9.919841358210249038e-02 1.467736206711057478e-01 0 0 0 0 0 0
5410 11335 17260 9.077302055185176854e-02 1.019910857742117732e-01 1.473047118605082251e-01 0 0 0 0 0 0
5411 11336 17261 9.718381314634032264e-02 1.083477851711668050e-01 1.590152087586781393e-01 0 0 0 0 0 0
5412 11337 17262 9.735366536333413257e-02 1.239445681498230062e-01 1.540346074110749697e-01 0 0 0 0 0 0
5413 11338 17263 1.202310963093353030e-01 1.152210681066869885e-01 1.503919518440296754e-01 0 0 0 0 0 0
5414 11339 17264 1.156167291933504204e-01 1.193794927656726956e-01 1.494094666939859151e-01 0 0 0 0 0 0
5415 11340 17265 9.789373622002492392e-02 1.079476085513019906e-01 1.593895545879832065e-01 0 0 0 0 0 0
5416 11341 17266 1.020613348170814338e-01 9.507122485966694458e-02 1.527919414471911597e-01 0 0 0 0 0 0
5417 11342 17267 1.046731022586495502e-01 1.224374930817880708e-01 1.570480560506883061e-01 0 0 0 0 0 0
5418 11343 17268 1.032545714755985361e-01 9.463572631881149444e-02 1.522660936862744174e-01 0 0 0 0 0 0
5419 11344 17269 1.087733038645348899e-01 1.172221106240409066e-01 1.601484226715184089e-01 0 0 0 0 0 0
5420 11345 17270 1.037866118731065324e-01 9.470414517450921610e-02 1.521417295997815611e-01 0 0 0 0 0 0
5421 11346 17271 1.193545581947841466e-01 1.117338279813142876e-01 1.548034530243955764e-01 0 0 0 0 0 0
5422 11347 17272 1.173759421063333835e-01 1.134798390496401937e-01 1.561046922378273860e-01 0 0 0 0 0 0
5423 11348 17273 1.199817134852295686e-01 1.128288631908511697e-01 1.541728343510368471e-01 0 0 0 0 0 0
5424 11349 17274 8.845451321984582060e-02 1.157847551429158489e-01 1.403885578452522820e-01 0 0 0 0 0 0
5425 11350 17275 9.037075541488705233e-02 1.275104722302031479e-01 1.430329124760399417e-01 0 0 0 0 0 0
5426 11351 17276 1.013985248052297616e-01 8.401219898131100094e-02 1.594185518621697439e-01 0 0 0 0 0 0
5427 11352 17277 1.202468599140513600e-01 1.198238465964474725e-01 1.458473788173167141e-01 0 0 0 0 0 0
5428 11353 17278 1.207328935267833886e-01 1.190649749191140805e-01 1.462669281210716155e-01 0 0 0 0 0 0
5429 11354 17279 1.218337564548110374e-01 1.164598802487966794e-01 1.480902043481009678e-01 0 0 0 0 0 0
5430 11355 17280 8.021660259010557348e-02 1.046467586162296709e-01 1.361059775816084727e-01 0 0 0 0 0 0
5431 11356 17281 8.338256877747358964e-02 9.775166738095490693e-02 1.426649983871903504e-01 0 0 0 0 0 0
5432 11357 17282 8.220806690348489432e-02 9.669188612939412508e-02 1.427163023858299684e-01 0 0 0 0 0 0
5433 11358 17283 8.009551736651243647e-02 9.711135572101470270e-02 1.412113647745638634e-01 0 0 0 0 0 0
5434 11359 17284 5.703790344750838542e-02 1.104652699258062282e-01 1.417084421472900313e-01 0 0 0 0 0 0
5435 11360 17285 6.617017885171336267e-02 1.126894380117089145e-01 1.364707623447878326e-01 0 0 0 0 0 0
5436 11361 17286 7.477444837693916768e-02 1.108380827891921466e-01 1.341840236632785843e-01 0 0 0 0 0 0
5437 11362 17287 7.495789420852203011e-02 1.107301129894594505e-01 1.341812272031232545e-01 0 0 0 0 0 0
5438 11363 17288 7.999294635455665714e-02 1.054915300818732721e-01 1.356309233197127428e-01 0 0 0 0 0 0
5439 11364 17289 8.032982639148354698e-02 1.086097132308574686e-01 1.362028545091402421e-01 0 0 0 0 0 0
5440 11365 17290 7.417125461049928203e-02 1.118138392903434281e-01 1.344600526623933867e-01 0 0 0 0 0 0
5441 11366 17291 7.523611205561474280e-02 1.109130469944259179e-01 1.343260132947567687e-01 0 0 0 0 0 0
5442 11367 17292 7.196167259243922698e-02 1.141297029194923984e-01 1.352990402420265192e-01 0 0 0 0 0 0
5443 11368 17293 6.966205412980772116e-02 9.905666801720350301e-02 8.884682113560297967e-02 0 0 0 0 0 0
5444 11369 17294 5.516524438118449586e-02 1.217312771492450318e-01 9.613787159358813672e-02 0 0 0 0 0 0
5445 11370 17295 6.047996766335456825e-02 1.221998677100247094e-01 1.009132012797219896e-01 0 0 0 0 0 0
5446 11371 17296 6.685176722976489405e-02 1.236637674849782320e-01 9.915692831500105831e-02 0 0 0 0 0 0
5447 11372 17297 6.919012891056020020e-02 1.242623083495643654e-01 9.800394217545629894e-02 0 0 0 0 0 0
5448 11373 17298 6.413981191086358391e-02 1.089809711208593601e-01 1.066165045030818270e-01 0 0 0 0 0 0
5449 11374 17299 6.408548488367174500e-02 1.133884427823170088e-01 1.057808432985940378e-01 0 0 0 0 0 0
5450 11375 17300 6.802733316490637561e-02 1.226837259032933503e-01 9.959303849973859257e-02 0 0 0 0 0 0
5451 11376 17301 7.726244183369183893e-02 1.074136265900436649e-01 9.261844112650788330e-02 0 0 0 0 0 0
5452 11377 17302 1.082883637331047560e-01 1.090589519053471179e-01 6.689670274041073506e-02 0 0 0 0 0 0
5453 11378 17303 1.082528341677282679e-01 1.089085871243842124e-01 6.688830591419404892e-02 0 0 0 0 0 0
5454 11379 17304 1.061679594172265373e-01 1.158196389938172949e-01 7.128552881194055724e-02 0 0 0 0 0 0
5455 11380 17305 1.011691891212028183e-01 1.258514868730659653e-01 7.096747018932907103e-02 0 0 0 0 0 0
5456 11381 17306 9.870933259031552942e-02 1.228033332040021214e-01 8.150316491953278619e-02 0 0 0 0 0 0
5457 11382 17307 9.567925479584933612e-02 1.233479899894612125e-01 8.494163840702442791e-02 0 0 0 0 0 0
5458 11383 17308 9.712841418416394423e-02 1.075097913391076937e-01 7.845592482195093420e-02 0 0 0 0 0 0
5459 11384 17309 9.175653945537072531e-02 1.200661143344853299e-01 8.815398620290985920e-02 0 0 0 0 0 0
5460 11385 17310 8.845607468262094153e-02 1.186311057024056342e-01 9.089977978659487257e-02 0 0 0 0 0 0
5461 11386 17311 9.029367677141197923e-02 1.182667335013591614e-01 9.060553085650617511e-02 0 0 0 0 0 0
5462 11387 17312 9.056529165419517635e-02 1.170592462710537546e-01 9.009438993305109167e-02 0 0 0 0 0 0
5463 11388 17313 9.568354730424694088e-02 1.070630811624468520e-01 8.092560475928434194e-02 0 0 0 0 0 0
5464 11389 17314 1.013442254491519756e-01 9.697550511163099962e-02 8.978183055918888267e-02 0 0 0 0 0 0
5465 11390 17315 9.827556695466549419e-02 1.040967288912962724e-01 9.024570242521265384e-02 0 0 0 0 0 0
5466 11391 17316 9.188924155392880211e-02 1.149649008664467981e-01 9.099629331790003162e-02 0 0 0 0 0 0
5467 11392 17317 8.298636509277988738e-02 9.655349240847285741e-02 9.021858724496344129e-02 0 0 0 0 0 0
5468 11393 17318 8.297770802034243331e-02 9.659577458441036268e-02 9.022110201341365654e-02 0 0 0 0 0 0
5469 11394 17319 1.027332664282651770e-01 1.246491345145116780e-01 8.918610471362699299e-02 0 0 0 0 0 0
5470 11395 17320 1.111406218241657862e-01 1.298708401714336602e-01 9.440640014978068928e-02 0 0 0 0 0 0
5471 11396 17321 1.095100990892678150e-01 1.275449739708630625e-01 9.406888239103806948e-02 0 0 0 0 0 0
5472 11397 17322 1.144243408763188502e-01 1.122337070069081011e-01 6.971780175369624022e-02 0 0 0 0 0 0
5473 11398 17323 1.156987073156146018e-01 1.127663310219147036e-01 7.202888223025001591e-02 0 0 0 0 0 0
5474 11399 17324 1.063070882950496732e-01 1.247852119908529483e-01 9.247602368899168757e-02 0 0 0 0 0 0
5475 11400 17325 8.916342606949777261e-02 8.094110960733934268e-02 9.971298603953493433e-02 0 0 0 0 0 0
5476 11401 17326 9.151273008361425487e-02 8.111831932444901749e-02 1.013879483801150561e-01 0 0 0 0 0 0
5477 11402 17327 1.004287972151167163e-01 1.053664141239293583e-01 1.003133241549794136e-01 0 0 0 0 0 0
5478 11403 17328 8.298135686508655018e-02 9.653928625185723145e-02 9.024159638540764361e-02 0 0 0 0 0 0
5479 11404 17329 1.010152084650081106e-01 1.021769806864027408e-01 9.566038772278008528e-02 0 0 0 0 0 0
5480 11405 17330 1.221676686015304575e-01 1.088107265297926785e-01 9.776463333018325930e-02 0 0 0 0 0 0
5481 11406 17331 1.245794059650198460e-01 1.055897249907102320e-01 9.127413449779667176e-02 0 0 0 0 0 0
5482 11407 17332 1.223374299329629683e-01 1.118927836928207964e-01 9.937714123937430033e-02 0 0 0 0 0 0
5483 11408 17333 1.068639521985835783e-01 1.243643776188868844e-01 9.395152556151911694e-02 0 0 0 0 0 0
5484 11409 17334 1.079934610276179902e-01 1.233230775589468642e-01 9.521537125051757200e-02 0 0 0 0 0 0
5485 11410 17335 1.203979591772879332e-01 1.107761905302713512e-01 9.886058269137701360e-02 0 0 0 0 0 0
5486 11411 17336 1.236830367054474467e-01 1.055316843907925378e-01 8.212478231471416479e-02 0 0 0 0 0 0
5487 11412 17337 1.083502545999549399e-01 1.089157543810216483e-01 6.680555311630956283e-02 0 0 0 0 0 0
5488 11413 17338 1.136964563739158302e-01 1.080672972109230634e-01 6.679623410228183178e-02 0 0 0 0 0 0
5489 11414 17339 1.064173437780796677e-01 1.214324019094249335e-01 1.120551558180706841e-01 0 0 0 0 0 0
5490 11415 17340 1.101528430447583640e-01 1.241718639098903093e-01 1.165122427546444878e-01 0 0 0 0 0 0
5491 11416 17341 1.043646620279824327e-01 1.274462061362513499e-01 1.204395549657344272e-01 0 0 0 0 0 0
5492 11417 17342 9.997512477245042162e-02 1.250767298356698920e-01 1.164262363516604809e-01 0 0 0 0 0 0
5493 11418 17343 9.825935249958163420e-02 1.189397148456974723e-01 9.713315823000746863e-02 0 0 0 0 0 0
5494 11419 17344 1.017177825448048467e-01 1.182954248629991684e-01 9.856316975759576993e-02 0 0 0 0 0 0
5495 11420 17345 9.792569990601875107e-02 1.253260276778144500e-01 1.151974628327412237e-01 0 0 0 0 0 0
5496 11421 17346 9.048202844565414460e-02 1.253540737869679456e-01 1.082090504656361557e-01 0 0 0 0 0 0
5497 11422 17347 9.038608316278201604e-02 1.258440516405250065e-01 1.086433704895892888e-01 0 0 0 0 0 0
5498 11423 17348 9.419069534163697355e-02 1.271170563079969673e-01 1.135940788435652882e-01 0 0 0 0 0 0
5499 11424 17349 1.236414409257100833e-01 1.052543595952937644e-01 8.194155822547115331e-02 0 0 0 0 0 0
5500 11425 17350 1.217562195427852323e-01 1.036625705001340131e-01 7.818934764694675243e-02 0 0 0 0 0 0
5501 11426 17351 1.269843584687681826e-01 1.027213209818556294e-01 9.586051401125049443e-02 0 0 0 0 0 0
5502 11427 17352 1.246224181534828501e-01 1.049766624980137120e-01 9.225437899902126648e-02 0 0 0 0 0 0
5503 11428 17353 1.242288564600785294e-01 1.040116295609617436e-01 9.625397276980998673e-02 0 0 0 0 0 0
5504 11429 17354 1.256417846520877235e-01 1.032281482742593431e-01 9.647031075369053021e-02 0 0 0 0 0 0
5505 11430 17355 7.510577173502160087e-02 7.283206207959930234e-02 9.326303953646040978e-02 0 0 0 0 0 0
5506 11431 17356 7.812846659107082481e-02 7.656596885687082243e-02 9.736681887045783856e-02 0 0 0 0 0 0
5507 11432 17357 8.287772103029690529e-02 7.907269402714894868e-02 9.762816832413284684e-02 0 0 0 0 0 0
5508 11433 17358 8.057807304251800307e-02 8.429199413654805961e-02 9.477134601299633254e-02 0 0 0 0 0 0
5509 11434 17359 7.406063011205082924e-02 7.845877411543941693e-02 9.542840273232244819e-02 0 0 0 0 0 0
5510 11435 17360 7.389402725216225043e-02 7.634076460617386650e-02 9.628082059840710472e-02 0 0 0 0 0 0
5511 11436 17361 7.368518632363629806e-02 7.558989186163303509e-02 9.553813309706617185e-02 0 0 0 0 0 0
5512 11437 17362 8.147371439544989768e-02 8.975121110876753405e-02 9.415641717765740881e-02 0 0 0 0 0 0
5513 11438 17363 8.643807888640121784e-02 8.044152630934392478e-02 9.987220716405886822e-02 0 0 0 0 0 0
5514 11439 17364 7.069746547891943289e-02 9.457040471554575833e-02 9.361358088319077231e-02 0 0 0 0 0 0
5515 11440 17365 7.611645303810145313e-02 1.031483964038416440e-01 9.264735175815817791e-02 0 0 0 0 0 0
5516 11441 17366 7.062082309942445402e-02 9.444941571301261607e-02 9.372996486207194056e-02 0 0 0 0 0 0
5517 11442 17367 6.532074985131947065e-02 7.957267203960760593e-02 1.022296972734540177e-01 0 0 0 0 0 0
5518 11443 17368 7.139307351109334954e-02 7.695873699213431895e-02 9.860313978107035360e-02 0 0 0 0 0 0
5519 11444 17369 6.703897981813468354e-02 7.908185442819783140e-02 1.023078296859902536e-01 0 0 0 0 0 0
5520 11445 17370 6.836380162696495399e-02 7.798174039813017544e-02 1.024992942483236441e-01 0 0 0 0 0 0
5521 11446 17371 5.581680660805741351e-02 7.135315950834768273e-02 1.038822381956494706e-01 0 0 0 0 0 0
5522 11447 17372 6.704540700503168471e-02 7.905999357847454112e-02 1.023567418502665666e-01 0 0 0 0 0 0
5523 11448 17373 6.560012701361332688e-02 7.945774366016081225e-02 1.023276800165194428e-01 0 0 0 0 0 0
5524 11449 17374 3.708891209053541416e-02 1.073826430623302658e-01 1.360157828504947319e-01 0 0 0 0 0 0
5525 11450 17375 4.183015757164116472e-02 1.071056883190090597e-01 1.359417658206031054e-01 0 0 0 0 0 0
5526 11451 17376 5.094531540164170397e-02 1.046278428331112453e-01 1.312873328163002007e-01 0 0 0 0 0 0
5527 11452 17377 4.663815495869769873e-02 1.006413510736898775e-01 1.215247734034272248e-01 0 0 0 0 0 0
5528 11453 17378 3.527589763559525748e-02 1.007563074191498570e-01 1.204293678897447456e-01 0 0 0 0 0 0
5529 11454 17379 3.118569207237472524e-02 1.043857084234218330e-01 1.283570707891694973e-01 0 0 0 0 0 0
5530 11455 17380 3.848144863109427549e-02 1.192711653415581136e-01 1.240171357357574833e-01 0 0 0 0 0 0
5531 11456 17381 3.389771040780433647e-02 1.154330473672709190e-01 1.281969815018434433e-01 0 0 0 0 0 0
5532 11457 17382 3.859309806012933136e-02 1.194502022472893332e-01 1.237064717401502867e-01 0 0 0 0 0 0
5533 11458 17383 4.103596234280999094e-02 1.184873656358831906e-01 1.228210182714711968e-01 0 0 0 0 0 0
5534 11459 17384 5.247835497645891162e-02 1.117476672103168422e-01 1.213746963904920317e-01 0 0 0 0 0 0
5535 11460 17385 5.312315544892334818e-02 1.107930993413524939e-01 1.219894762455732279e-01 0 0 0 0 0 0
5536 11461 17386 3.376392947646535830e-02 1.154562982884214384e-01 1.279887369857340140e-01 0 0 0 0 0 0
5537 11462 17387 3.719988243414449475e-02 1.188617130423227364e-01 1.235656070040785787e-01 0 0 0 0 0 0
5538 11463 17388 3.914411006607127624e-02 1.057484220121088364e-01 1.158511468036634157e-01 0 0 0 0 0 0
5539 11464 17389 4.466324844132843475e-02 1.065491881579596484e-01 1.155402656117216625e-01 0 0 0 0 0 0
5540 11465 17390 5.280998818074732204e-02 1.106673341582097847e-01 1.207167922713580088e-01 0 0 0 0 0 0
5541 11466 17391 4.909913801857809096e-02 1.060287477083671770e-01 1.164359072866518602e-01 0 0 0 0 0 0
5542 11467 17392 4.616165630585301188e-02 9.461393226785291821e-02 1.233044981537760459e-01 0 0 0 0 0 0
5543 11468 17393 5.484205605521073196e-02 1.103372408276128008e-01 1.238496689123576994e-01 0 0 0 0 0 0
5544 11469 17394 5.925179407515946545e-02 1.189044249025534572e-01 1.296535320380194645e-01 0 0 0 0 0 0
5545 11470 17395 5.850280639516040881e-02 1.217969341618841267e-01 1.291284079617421865e-01 0 0 0 0 0 0
5546 11471 17396 5.187294758282433998e-02 1.198009422520832229e-01 1.215557985958940213e-01 0 0 0 0 0 0
5547 11472 17397 5.563544493763043775e-02 1.049459793705831701e-01 1.336631733012505485e-01 0 0 0 0 0 0
5548 11473 17398 5.891744163667315265e-02 1.119931300925737089e-01 1.371340881465241412e-01 0 0 0 0 0 0
5549 11474 17399 5.994690338480902075e-02 1.192442771870202839e-01 1.318467292600822571e-01 0 0 0 0 0 0
5550 11475 17400 5.911804633585385910e-02 1.233651948396141257e-01 1.317845114177549348e-01 0 0 0 0 0 0
5551 11476 17401 4.009765260413608590e-02 1.217108332121904918e-01 1.229759102453125003e-01 0 0 0 0 0 0
5552 11477 17402 5.962088296251792652e-02 1.222935466128773491e-01 1.015339172416365732e-01 0 0 0 0 0 0
5553 11478 17403 5.414663754504124571e-02 1.092849101058983724e-01 1.175666638302666073e-01 0 0 0 0 0 0
5554 11479 17404 4.913890663928243557e-02 1.060064368908991278e-01 1.163711045708087227e-01 0 0 0 0 0 0
5555 11480 17405 5.735347674862584233e-02 1.252696071136784328e-01 1.067717605291302191e-01 0 0 0 0 0 0
5556 11481 17406 5.692155047707089799e-02 1.251630982493565081e-01 1.078824837902703504e-01 0 0 0 0 0 0
5557 11482 17407 4.521294269298539725e-02 8.710015381306873694e-02 1.221166901605344607e-01 0 0 0 0 0 0
5558 11483 17408 4.213680164885495738e-02 8.336315780554506838e-02 1.144209987432618786e-01 0 0 0 0 0 0
5559 11484 17409 4.667923871231278998e-02 7.388977552022363282e-02 1.121461810269380466e-01 0 0 0 0 0 0
5560 11485 17410 4.643166801156264900e-02 7.616110411561416438e-02 1.122960759531696218e-01 0 0 0 0 0 0
5561 11486 17411 4.811691388927449853e-02 8.705413317369288528e-02 1.256783227402840653e-01 0 0 0 0 0 0
5562 11487 17412 4.763155330788892278e-02 7.437119797076607863e-02 1.119326508056886493e-01 0 0 0 0 0 0
5563 11488 17413 5.357416629092005833e-02 7.250656643303975135e-02 1.173864879627549013e-01 0 0 0 0 0 0
5564 11489 17414 6.052438552115817910e-02 7.380001890732702796e-02 1.273651674421162894e-01 0 0 0 0 0 0
5565 11490 17415 5.672559909445783893e-02 7.985019628984144080e-02 1.289130563682260311e-01 0 0 0 0 0 0
5566 11491 17416 5.313069193584458311e-02 7.622386913845136114e-02 1.087885318799888257e-01 0 0 0 0 0 0
5567 11492 17417 4.672055484872497666e-02 8.578606962268338354e-02 1.107300549767317177e-01 0 0 0 0 0 0
5568 11493 17418 4.506847250273456756e-02 8.484450350445806033e-02 1.117312320981977553e-01 0 0 0 0 0 0
5569 11494 17419 5.210959904316442987e-02 7.499325768852466156e-02 1.095026966549469960e-01 0 0 0 0 0 0
5570 11495 17420 5.355697391841609395e-02 9.380539034442531010e-02 1.107214812759585859e-01 0 0 0 0 0 0
5571 11496 17421 4.967025197484804117e-02 8.936945745360186377e-02 1.181094171488182437e-01 0 0 0 0 0 0
5572 11497 17422 4.717964722646905001e-02 8.855221559222878347e-02 1.225207965005563338e-01 0 0 0 0 0 0
5573 11498 17423 4.787273962316219988e-02 8.830005851478059387e-02 1.236973539748751488e-01 0 0 0 0 0 0
5574 11499 17424 5.704057914618055475e-02 9.458976896293409820e-02 1.108885323736412826e-01 0 0 0 0 0 0
5575 11500 17425 5.979232563220361618e-02 9.811881662879995414e-02 1.123128460990430594e-01 0 0 0 0 0 0
5576 11501 17426 5.784721373334225647e-02 1.071530803246178443e-01 1.164270619924922257e-01 0 0 0 0 0 0
5577 11502 17427 6.064466848933521698e-02 9.432031954850021715e-02 1.133607145745307437e-01 0 0 0 0 0 0
5578 11503 17428 6.074709183881342456e-02 9.390901560233276546e-02 1.142895861838713750e-01 0 0 0 0 0 0
5579 11504 17429 5.058722301138777327e-02 8.916191463831632524e-02 1.190340506349442107e-01 0 0 0 0 0 0
5580 11505 17430 6.064310668175716679e-02 9.484472929953205456e-02 1.225612848576630165e-01 0 0 0 0 0 0
5581 11506 17431 5.914049240990270490e-02 1.021527023174416959e-01 1.315894026140518591e-01 0 0 0 0 0 0
5582 11507 17432 5.938679722629480046e-02 1.010514706512291722e-01 1.318288035869122632e-01 0 0 0 0 0 0
5583 11508 17433 5.763347054455918161e-02 1.084089205463255601e-01 1.215580216398475383e-01 0 0 0 0 0 0
5584 11509 17434 6.764386484169684910e-02 1.141302363582261808e-01 1.235941707792643368e-01 0 0 0 0 0 0
5585 11510 17435 6.964962155406421995e-02 1.083114565304246907e-01 1.183500654098134514e-01 0 0 0 0 0 0
5586 11511 17436 7.485444148234667028e-02 1.106662904837504013e-01 1.340761730982155397e-01 0 0 0 0 0 0
5587 11512 17437 7.108021891142539406e-02 1.156849574341800996e-01 1.339769457648847528e-01 0 0 0 0 0 0
5588 11513 17438 7.234048141049577441e-02 1.034284359533237524e-01 1.256420266552247811e-01 0 0 0 0 0 0
5589 11514 17439 7.291919735524925172e-02 1.029791554322163488e-01 1.272928658355286791e-01 0 0 0 0 0 0
5590 11515 17440 7.389780981319271635e-02 1.036410738332806392e-01 1.302798130121257947e-01 0 0 0 0 0 0
5591 11516 17441 6.964120899934508890e-02 1.082712736651272462e-01 1.183196483070157456e-01 0 0 0 0 0 0
5592 11517 17442 7.248325557704071720e-02 1.023128288439361655e-01 1.297412204539302172e-01 0 0 0 0 0 0
5593 11518 17443 6.215734562089383908e-02 1.019586687058293001e-01 1.310425486990265675e-01 0 0 0 0 0 0
5594 11519 17444 7.095922697362926079e-02 1.157713933429820735e-01 1.341288320426592684e-01 0 0 0 0 0 0
5595 11520 17445 7.184600108188984868e-02 9.765361424042576233e-02 1.323172622357404182e-01 0 0 0 0 0 0
5596 11521 17446 7.999949520325654040e-02 1.051911565697788292e-01 1.355039390367432928e-01 0 0 0 0 0 0
5597 11522 17447 5.986121654879539983e-02 1.263238813554956319e-01 1.098449259888741730e-01 0 0 0 0 0 0
5598 11523 17448 6.073925704789106400e-02 1.264868915793604665e-01 1.064181591111568459e-01 0 0 0 0 0 0
5599 11524 17449 5.927411593690150998e-02 1.224025529042100657e-01 1.281201296448947757e-01 0 0 0 0 0 0
5600 11525 17450 7.015728319713208927e-02 1.161615907901792505e-01 1.202835504753561879e-01 0 0 0 0 0 0
5601 11526 17451 7.343222997870005320e-02 1.150624744031875091e-01 1.146596772785679341e-01 0 0 0 0 0 0
5602 11527 17452 6.315074342476108271e-02 1.065125787359522402e-01 1.126502878937430258e-01 0 0 0 0 0 0
5603 11528 17453 6.981876762634696421e-02 1.084481610399768009e-01 1.181272698612671479e-01 0 0 0 0 0 0
5604 11529 17454 6.967785455273448059e-02 1.082438539733734245e-01 1.182004796820110837e-01 0 0 0 0 0 0
5605 11530 17455 6.350834040688961568e-02 1.034951575787981110e-01 1.114731977468233631e-01 0 0 0 0 0 0
5606 11531 17456 6.329305926651518366e-02 1.030793228213702922e-01 1.114894732394003940e-01 0 0 0 0 0 0
5607 11532 17457 5.371005422120996714e-02 9.108635807889328695e-02 1.048671060930745497e-01 0 0 0 0 0 0
5608 11533 17458 7.532190678279826468e-02 1.019107574347419554e-01 9.900196320566591324e-02 0 0 0 0 0 0
5609 11534 17459 6.363115835999813563e-02 1.033070804819798127e-01 1.114726217782477935e-01 0 0 0 0 0 0
5610 11535 17460 7.665594583719061161e-02 1.040131430041432020e-01 9.587768849711113262e-02 0 0 0 0 0 0
5611 11536 17461 1.146312091230578117e-01 8.461951614142845801e-02 1.558201417343467177e-01 0 0 0 0 0 0
5612 11537 17462 1.068217822438164988e-01 8.802677522798310616e-02 1.536688031601681492e-01 0 0 0 0 0 0
5613 11538 17463 1.067234232825169243e-01 8.834257253129108867e-02 1.535552571066680638e-01 0 0 0 0 0 0
5614 11539 17464 1.239620718565625224e-01 9.646812177599958793e-02 1.544485930006299357e-01 0 0 0 0 0 0
5615 11540 17465 1.168453716508737333e-01 9.298489781352294037e-02 1.534738780885796794e-01 0 0 0 0 0 0
5616 11541 17466 1.067845022958441997e-01 9.223417063822954287e-02 1.523307716665230904e-01 0 0 0 0 0 0
5617 11542 17467 9.593524180081372532e-02 8.202683529274733265e-02 1.314758756401194495e-01 0 0 0 0 0 0
5618 11543 17468 1.089698932264625275e-01 8.097899851520165559e-02 1.384350957677907556e-01 0 0 0 0 0 0
5619 11544 17469 1.124237803892335352e-01 7.786162168468661882e-02 1.383070012805321103e-01 0 0 0 0 0 0
5620 11545 17470 1.156670760138281961e-01 6.732588951077152217e-02 1.329028187813598993e-01 0 0 0 0 0 0
5621 11546 17471 1.086477369929468306e-01 8.111643862641754188e-02 1.407860010751688651e-01 0 0 0 0 0 0
5622 11547 17472 1.067678091577203836e-01 8.789613313140004491e-02 1.533163360580180046e-01 0 0 0 0 0 0
5623 11548 17473 1.204590902912047456e-01 7.297696606380194018e-02 1.419756971357727660e-01 0 0 0 0 0 0
5624 11549 17474 1.190087081104896916e-01 7.118856435114781500e-02 1.348486155938861397e-01 0 0 0 0 0 0
5625 11550 17475 1.152885382964876360e-01 7.574825010423261173e-02 1.372056139352630100e-01 0 0 0 0 0 0
5626 11551 17476 1.190137230256761020e-01 7.093744377154526104e-02 1.347203728859494298e-01 0 0 0 0 0 0
5627 11552 17477 9.108595656261370133e-02 9.365416421314873285e-02 1.316489551699921434e-01 0 0 0 0 0 0
5628 11553 17478 9.073031701999659249e-02 8.396440076050154522e-02 1.243027588873015926e-01 0 0 0 0 0 0
5629 11554 17479 9.040667053184031632e-02 8.533907700559378862e-02 1.247321851559762551e-01 0 0 0 0 0 0
5630 11555 17480 9.036171510368815052e-02 8.676774850096230507e-02 1.256557925554202537e-01 0 0 0 0 0 0
5631 11556 17481 8.068651924061297220e-02 7.729497171948838952e-02 1.330706708049686493e-01 0 0 0 0 0 0
5632 11557 17482 7.854895358046297404e-02 7.672003509205611860e-02 1.356253163934567074e-01 0 0 0 0 0 0
5633 11558 17483 1.228545028320513072e-01 7.492641831389679208e-02 1.282323137916280276e-01 0 0 0 0 0 0
5634 11559 17484 1.256421565343157354e-01 8.484201699270377262e-02 1.243054888719218182e-01 0 0 0 0 0 0
5635 11560 17485 1.201068123028927320e-01 7.215563342600399277e-02 1.304132958167273648e-01 0 0 0 0 0 0
5636 11561 17486 1.202421768034969973e-01 7.228619017504753219e-02 1.301547932944850383e-01 0 0 0 0 0 0
5637 11562 17487 1.203794746370923513e-01 9.643533356490992248e-02 1.341036328773584918e-01 0 0 0 0 0 0
5638 11563 17488 1.202217553452260002e-01 9.494318269464607774e-02 1.328564352780514934e-01 0 0 0 0 0 0
5639 11564 17489 1.188845224285432628e-01 8.547606340953911586e-02 1.273066787294101776e-01 0 0 0 0 0 0
5640 11565 17490 1.170468022011492970e-01 7.893934895179899325e-02 1.298953810415075794e-01 0 0 0 0 0 0
5641 11566 17491 1.164052441648543573e-01 7.728845421830311813e-02 1.317950100449998274e-01 0 0 0 0 0 0
5642 11567 17492 1.232682513098214278e-01 9.789332999828480320e-02 1.339904005459415237e-01 0 0 0 0 0 0
5643 11568 17493 1.221808217689598630e-01 8.828399073301930466e-02 1.259934766159759856e-01 0 0 0 0 0 0
5644 11569 17494 1.222291552392015951e-01 8.733116979903300658e-02 1.252482423347902329e-01 0 0 0 0 0 0
5645 11570 17495 1.097742694080380832e-01 8.327337674079941798e-02 1.320409333399629181e-01 0 0 0 0 0 0
5646 11571 17496 1.100519853980030938e-01 8.612043916130417143e-02 1.294248243153306444e-01 0 0 0 0 0 0
5647 11572 17497 1.090251040490375217e-01 9.520346422005057652e-02 1.351999226969364254e-01 0 0 0 0 0 0
5648 11573 17498 1.131747550696549920e-01 8.482988505744448737e-02 1.280236818322511017e-01 0 0 0 0 0 0
5649 11574 17499 1.194004911792218154e-01 9.637765401391142073e-02 1.338970351539023884e-01 0 0 0 0 0 0
5650 11575 17500 1.257899132718580948e-01 8.475221448115903555e-02 1.242002588381928285e-01 0 0 0 0 0 0
5651 11576 17501 1.254098914809510801e-01 7.666691843043529908e-02 1.258616222987420930e-01 0 0 0 0 0 0
5652 11577 17502 1.201302218549305939e-01 7.172505497213169101e-02 1.301280732035111631e-01 0 0 0 0 0 0
5653 11578 17503 1.202672156448445495e-01 7.174942683100685170e-02 1.298092663953461789e-01 0 0 0 0 0 0
5654 11579 17504 1.224101320079792332e-01 7.153297134157531045e-02 1.268458656396327100e-01 0 0 0 0 0 0
5655 11580 17505 1.290658843962780022e-01 6.876539523704368329e-02 1.247354273712840966e-01 0 0 0 0 0 0
5656 11581 17506 1.254253561506735726e-01 7.569665379073992062e-02 1.252764935863240614e-01 0 0 0 0 0 0
5657 11582 17507 1.252700988901881418e-01 7.538787787062735390e-02 1.253023753421673436e-01 0 0 0 0 0 0
5658 11583 17508 1.206854479287644832e-01 7.045120463587055404e-02 1.260256453260028275e-01 0 0 0 0 0 0
5659 11584 17509 1.168725217867388200e-01 6.798904367645697278e-02 1.256123272943370506e-01 0 0 0 0 0 0
5660 11585 17510 1.188378125118912804e-01 6.964640806193103661e-02 1.260505865488367461e-01 0 0 0 0 0 0
5661 11586 17511 1.197339559907776713e-01 9.132777915582204753e-02 9.024130609733474473e-02 0 0 0 0 0 0
5662 11587 17512 1.189983269632238355e-01 8.493387160207095665e-02 9.080474152290048118e-02 0 0 0 0 0 0
5663 11588 17513 1.200376184747675434e-01 7.937925874380681590e-02 9.709523676558419469e-02 0 0 0 0 0 0
5664 11589 17514 1.225018542063173455e-01 8.649530116143079594e-02 1.021556976434872394e-01 0 0 0 0 0 0
5665 11590 17515 1.222044923569566288e-01 9.846201609221913453e-02 9.531470571914064938e-02 0 0 0 0 0 0
5666 11591 17516 9.202732129543869655e-02 7.740690278532673385e-02 1.175008845526254314e-01 0 0 0 0 0 0
5667 11592 17517 9.130627874859711945e-02 7.791735906608736328e-02 1.176726060587656580e-01 0 0 0 0 0 0
5668 11593 17518 8.897176384910995828e-02 7.744565940304229401e-02 1.175139225835359624e-01 0 0 0 0 0 0
5669 11594 17519 8.791804895153203236e-02 7.682795076013201885e-02 1.173061205395326684e-01 0 0 0 0 0 0
5670 11595 17520 8.451218092922146985e-02 7.151087764444612194e-02 1.155174153397012515e-01 0 0 0 0 0 0
5671 11596 17521 8.467641844172867083e-02 7.787365034834736743e-02 1.044587932855840506e-01 0 0 0 0 0 0
5672 11597 17522 8.482127753740023590e-02 7.690944331126915723e-02 1.142533786723702038e-01 0 0 0 0 0 0
5673 11598 17523 8.481606038718844665e-02 7.676431870413526204e-02 1.144352447466529116e-01 0 0 0 0 0 0
5674 11599 17524 9.682945136656112561e-02 7.977177348099269427e-02 1.107752275395577357e-01 0 0 0 0 0 0
5675 11600 17525 9.743234050159728377e-02 7.933255102404820902e-02 1.105902065454135302e-01 0 0 0 0 0 0
5676 11601 17526 9.145805015694168094e-02 7.796148902351428267e-02 1.175503172336033741e-01 0 0 0 0 0 0
5677 11602 17527 9.713426387544300822e-02 7.672875173738175070e-02 1.040736403914716002e-01 0 0 0 0 0 0
5678 11603 17528 9.306428066196989479e-02 7.956845717259394823e-02 1.050289396261142177e-01 0 0 0 0 0 0
5679 11604 17529 8.060235257435427458e-02 9.967252229649146977e-02 1.046764358174457066e-01 0 0 0 0 0 0
5680 11605 17530 8.692010372328645706e-02 8.030006007201269391e-02 1.014874033089838146e-01 0 0 0 0 0 0
5681 11606 17531 9.250158825408458241e-02 1.173337612219600007e-01 9.634569474309004344e-02 0 0 0 0 0 0
5682 11607 17532 9.196134753430414144e-02 1.070925823429456497e-01 1.074254567539502103e-01 0 0 0 0 0 0
5683 11608 17533 9.329764039756165139e-02 1.171978463099329071e-01 9.594832899767963275e-02 0 0 0 0 0 0
5684 11609 17534 9.976787046137923498e-02 1.021550785525597721e-01 1.072995981108468416e-01 0 0 0 0 0 0
5685 11610 17535 1.009184713704855130e-01 1.063040365006782534e-01 1.021793947689984272e-01 0 0 0 0 0 0
5686 11611 17536 9.153215290190809539e-02 8.101619766900372555e-02 1.021424862482451373e-01 0 0 0 0 0 0
5687 11612 17537 8.395768978543084737e-02 7.812338057692903848e-02 1.037846207730512837e-01 0 0 0 0 0 0
5688 11613 17538 1.027696452496606877e-01 7.350488983700206869e-02 9.668249321098654203e-02 0 0 0 0 0 0
5689 11614 17539 9.160228536167504265e-02 8.473419625817325829e-02 1.223388835493313120e-01 0 0 0 0 0 0
5690 11615 17540 9.126979704611008770e-02 8.461309091599453214e-02 1.225889821289203874e-01 0 0 0 0 0 0
5691 11616 17541 9.031901244041432020e-02 7.806242324242565478e-02 1.187829854609153690e-01 0 0 0 0 0 0
5692 11617 17542 7.357267547660160945e-02 1.022408110207305709e-01 1.231499986996211632e-01 0 0 0 0 0 0
5693 11618 17543 7.379498782568069681e-02 1.020969679390028723e-01 1.222987385210507066e-01 0 0 0 0 0 0
5694 11619 17544 7.367851339291181523e-02 1.017179234718994657e-01 1.223692556530692754e-01 0 0 0 0 0 0
5695 11620 17545 7.319581104920197534e-02 9.368739480536600328e-02 1.230954920637557515e-01 0 0 0 0 0 0
5696 11621 17546 7.530028889822082405e-02 9.245943294227972065e-02 1.223640055281810107e-01 0 0 0 0 0 0
5697 11622 17547 8.302864058024786442e-02 9.065315543960258959e-02 1.194961246348408140e-01 0 0 0 0 0 0
5698 11623 17548 8.660341109474885279e-02 1.022865839309411023e-01 1.173318508254342363e-01 0 0 0 0 0 0
5699 11624 17549 8.897718688951214427e-02 1.026219167514803854e-01 1.179722415374955119e-01 0 0 0 0 0 0
5700 11625 17550 9.395734914634992774e-02 9.487750209429458847e-02 1.216908428001337444e-01 0 0 0 0 0 0
5701 11626 17551 9.054133353696253161e-02 8.611869700943194927e-02 1.240947312402858604e-01 0 0 0 0 0 0
5702 11627 17552 9.086113778420999709e-02 8.636365070399588950e-02 1.231261845982326297e-01 0 0 0 0 0 0
5703 11628 17553 8.454750012634221212e-02 1.189006630178746637e-01 1.164257377684989603e-01 0 0 0 0 0 0
5704 11629 17554 8.761888432060999099e-02 1.141046586766719523e-01 1.170439735562743694e-01 0 0 0 0 0 0
5705 11630 17555 8.941132829785228275e-02 1.101480817996014910e-01 1.200512316361840442e-01 0 0 0 0 0 0
5706 11631 17556 8.472074430445111770e-02 1.128287027783449609e-01 1.297230114195982720e-01 0 0 0 0 0 0
5707 11632 17557 8.329653911535234156e-02 1.173974219369725291e-01 1.240759823498459175e-01 0 0 0 0 0 0
5708 11633 17558 9.024998005875846385e-02 1.044590812873804064e-01 1.163289077118624532e-01 0 0 0 0 0 0
5709 11634 17559 8.441978799094114472e-02 1.191052656026495710e-01 1.128400857929814927e-01 0 0 0 0 0 0
5710 11635 17560 7.228311701401088363e-02 1.047681832899441529e-01 1.184328301042221337e-01 0 0 0 0 0 0
5711 11636 17561 8.607394797367565187e-02 1.032220540821281174e-01 1.159779944506977578e-01 0 0 0 0 0 0
5712 11637 17562 8.960108137465888634e-02 1.055312202198480376e-01 1.147587786348344963e-01 0 0 0 0 0 0
5713 11638 17563 8.605077832731877763e-02 1.165586020978377352e-01 1.130666146050021831e-01 0 0 0 0 0 0
5714 11639 17564 1.211646285290402525e-01 1.053415106667669049e-01 1.292961214522414248e-01 0 0 0 0 0 0
5715 11640 17565 1.213593646135181919e-01 1.055380914177047463e-01 1.293811751453079750e-01 0 0 0 0 0 0
5716 11641 17566 1.158955978738201859e-01 1.047785214265192083e-01 1.283259424575237118e-01 0 0 0 0 0 0
5717 11642 17567 1.116996199371990267e-01 9.980615761394598384e-02 1.300927484405554335e-01 0 0 0 0 0 0
5718 11643 17568 1.069657440263570569e-01 1.008135990936771531e-01 1.289748857567369622e-01 0 0 0 0 0 0
5719 11644 17569 1.048177720429001175e-01 1.001154588740792994e-01 1.297495460375202581e-01 0 0 0 0 0 0
5720 11645 17570 1.189125224960864147e-01 1.145934733818830681e-01 1.415233776648582853e-01 0 0 0 0 0 0
5721 11646 17571 1.171700408521605119e-01 1.086680427000731586e-01 1.296111283267267766e-01 0 0 0 0 0 0
5722 11647 17572 1.164707818571888015e-01 1.104955341704285943e-01 1.318178205241895273e-01 0 0 0 0 0 0
5723 11648 17573 1.025661241805011781e-01 1.030832747234005226e-01 1.340807288344215975e-01 0 0 0 0 0 0
5724 11649 17574 1.108140456996870166e-01 1.090230772678720955e-01 1.342061552570830985e-01 0 0 0 0 0 0
5725 11650 17575 1.140379610774053115e-01 1.048234459180785449e-01 1.280520266659551099e-01 0 0 0 0 0 0
5726 11651 17576 1.025684447000613786e-01 1.012169956133645021e-01 1.323039587109405280e-01 0 0 0 0 0 0
5727 11652 17577 1.155210969449523145e-01 1.162703603050425638e-01 1.232041767723476705e-01 0 0 0 0 0 0
5728 11653 17578 1.151929523860401039e-01 1.167197071569131966e-01 1.256792082744001282e-01 0 0 0 0 0 0
5729 11654 17579 1.154611421421880835e-01 1.164657705927333031e-01 1.232568517060196461e-01 0 0 0 0 0 0
5730 11655 17580 1.177019303951175877e-01 1.254924292938907615e-01 1.350745111032164714e-01 0 0 0 0 0 0
5731 11656 17581 1.199735088161471147e-01 1.200732546730190753e-01 1.448539166093893438e-01 0 0 0 0 0 0
5732 11657 17582 1.188944080259424080e-01 1.225470284206285621e-01 1.404406565752343850e-01 0 0 0 0 0 0
5733 11658 17583 1.197867392379220602e-01 1.201744299399344629e-01 1.444774820788609637e-01 0 0 0 0 0 0
5734 11659 17584 9.011659565613566736e-02 1.291563493146434816e-01 1.417949630522396809e-01 0 0 0 0 0 0
5735 11660 17585 9.352193140624585899e-02 1.282352307838948713e-01 1.384715332744132221e-01 0 0 0 0 0 0
5736 11661 17586 8.610287856817834540e-02 1.499999999999999944e-01 1.460501897878606348e-01 0 0 0 0 0 0
5737 11662 17587 1.025558644516239987e-01 1.244036081664564308e-01 1.342416306289597738e-01 0 0 0 0 0 0
5738 11663 17588 1.014959344228928695e-01 1.238114815943626851e-01 1.349997779080349403e-01 0 0 0 0 0 0
5739 11664 17589 9.836100880029793880e-02 1.236403825097490278e-01 1.368448867485056175e-01 0 0 0 0 0 0
5740 11665 17590 1.176268781470737879e-01 1.256114331649184901e-01 1.352044106975488214e-01 0 0 0 0 0 0
5741 11666 17591 7.580455376704893500e-02 1.202311740078798735e-01 1.188762901169853892e-01 0 0 0 0 0 0
5742 11667 17592 7.955660660140956297e-02 1.225039603893452872e-01 1.231979590586608359e-01 0 0 0 0 0 0
5743 11668 17593 8.273619777850246826e-02 1.224879957007339176e-01 1.209415085221993841e-01 0 0 0 0 0 0
5744 11669 17594 8.380938713099483905e-02 1.214488719821039536e-01 1.170293010353416624e-01 0 0 0 0 0 0
5745 11670 17595 8.415000386972072699e-02 1.199911334457381823e-01 1.123499185362646924e-01 0 0 0 0 0 0
5746 11671 17596 7.939460418670640784e-02 1.190263045826482069e-01 1.127113080037299153e-01 0 0 0 0 0 0
5747 11672 17597 7.056493503018801405e-02 1.306803792286863330e-01 1.344667650096359746e-01 0 0 0 0 0 0
5748 11673 17598 6.478322315373358231e-02 1.305841813994375322e-01 1.332141273100033718e-01 0 0 0 0 0 0
5749 11674 17599 6.347052552493519240e-02 1.273041336649188282e-01 1.277575823444652425e-01 0 0 0 0 0 0
5750 11675 17600 7.285441379637142001e-02 1.389357494865209042e-01 1.378112178797008536e-01 0 0 0 0 0 0
5751 11676 17601 7.562653343056426058e-02 1.421705362856535149e-01 1.377967361284340719e-01 0 0 0 0 0 0
5752 11677 17602 8.297096034823626953e-02 1.234990971849828784e-01 1.213833878197813632e-01 0 0 0 0 0 0
5753 11678 17603 8.395354206597459290e-02 1.224894090496245896e-01 1.177403956278419289e-01 0 0 0 0 0 0
5754 11679 17604 7.386351868014216782e-02 1.499999999999999944e-01 1.384819119958145828e-01 0 0 0 0 0 0
5755 11680 17605 7.627124472464007210e-02 1.499999999999999944e-01 1.271493953890974471e-01 0 0 0 0 0 0
5756 11681 17606 7.921363038599810169e-02 1.473521679277968177e-01 1.158749590949016972e-01 0 0 0 0 0 0
5757 11682 17607 8.590173539189571716e-02 1.240514967336628499e-01 1.070519035432637711e-01 0 0 0 0 0 0
5758 11683 17608 6.617110978313421599e-02 1.304306411420675660e-01 1.062115227856697680e-01 0 0 0 0 0 0
5759 11684 17609 7.380832513540735995e-02 1.269033166823186065e-01 9.713904983057371212e-02 0 0 0 0 0 0
5760 11685 17610 6.387479778695417942e-02 1.300043255758193683e-01 1.151734395736985495e-01 0 0 0 0 0 0
5761 11686 17611 6.911136935600001308e-02 1.429158905588188699e-01 1.384015264461066486e-01 0 0 0 0 0 0
5762 11687 17612 7.069109194731777734e-02 1.476189509738702610e-01 1.385887932938694722e-01 0 0 0 0 0 0
5763 11688 17613 7.231491930488945230e-02 1.499999999999999944e-01 1.386135526221951020e-01 0 0 0 0 0 0
5764 11689 17614 8.584341751157506528e-02 1.235145449797599576e-01 1.065758598776609251e-01 0 0 0 0 0 0
5765 11690 17615 7.379763142855258473e-02 1.499999999999999944e-01 1.319847672213228240e-01 0 0 0 0 0 0
5766 11691 17616 6.629870377371260837e-02 1.306213173288218454e-01 1.062244289159284399e-01 0 0 0 0 0 0
5767 11692 17617 7.499755584564402056e-02 1.371521363723045561e-01 1.028417392020575527e-01 0 0 0 0 0 0
5768 11693 17618 7.538382720077277388e-02 1.276591202396077096e-01 9.624499628766454429e-02 0 0 0 0 0 0
5769 11694 17619 9.222965899532659106e-02 1.253014568875267798e-01 1.278863683872451529e-01 0 0 0 0 0 0
5770 11695 17620 7.964370275712118197e-02 1.499999999999999944e-01 1.170948774039981821e-01 0 0 0 0 0 0
5771 11696 17621 6.736172887716417035e-02 1.499999999999999944e-01 1.410381246562776303e-01 0 0 0 0 0 0
5772 11697 17622 7.468829430966764105e-02 1.499999999999999944e-01 1.009588837238885456e-01 0 0 0 0 0 0
5773 11698 17623 8.619236872943115968e-02 1.232552041357839467e-01 1.063461344087923977e-01 0 0 0 0 0 0
5774 11699 17624 6.643836211082096432e-02 1.009616572819939245e-01 1.123890947468238199e-01 0 0 0 0 0 0
5775 11700 17625 7.596181259500393856e-02 9.746020337689009772e-02 1.068297315047552765e-01 0 0 0 0 0 0
5776 11701 17626 7.747369957065650126e-02 9.762095193786921032e-02 1.070849568098264093e-01 0 0 0 0 0 0
5777 11702 17627 7.035975875065962615e-02 8.039479203430772991e-02 1.077935368209525929e-01 0 0 0 0 0 0
5778 11703 17628 7.192810691613683860e-02 7.942306586112132805e-02 1.083534673511135499e-01 0 0 0 0 0 0
5779 11704 17629 7.248818060818085218e-02 7.826541082000847138e-02 1.103173498839236655e-01 0 0 0 0 0 0
5780 11705 17630 7.204750128145578913e-02 7.681199502323149408e-02 1.139167194311002385e-01 0 0 0 0 0 0
5781 11706 17631 6.485007858124583469e-02 7.441543688931781531e-02 1.262654551265546543e-01 0 0 0 0 0 0
5782 11707 17632 6.207496150696431569e-02 7.577058902922233219e-02 1.260673246440358330e-01 0 0 0 0 0 0
5783 11708 17633 6.201452923739349948e-02 7.787717257510573532e-02 1.215433763017689239e-01 0 0 0 0 0 0
5784 11709 17634 7.266260193490178820e-02 7.951966734966103845e-02 1.087689145055434209e-01 0 0 0 0 0 0
5785 11710 17635 7.236788084003849264e-02 8.470578789313840118e-02 1.100533110434095824e-01 0 0 0 0 0 0
5786 11711 17636 7.073437626822536017e-02 9.168848145883068401e-02 1.211399427660645317e-01 0 0 0 0 0 0
5787 11712 17637 7.027353373503680833e-02 9.068995478087786555e-02 1.248089354890968006e-01 0 0 0 0 0 0
5788 11713 17638 6.979629724993736961e-02 8.482808567659697041e-02 1.294887081697350673e-01 0 0 0 0 0 0
5789 11714 17639 7.019597752434143800e-02 7.720289471964304762e-02 1.278548630864242419e-01 0 0 0 0 0 0
5790 11715 17640 6.992428299358349753e-02 8.180709227106913728e-02 1.079553641317448354e-01 0 0 0 0 0 0
5791 11716 17641 7.182592765616879760e-02 8.500787144511290361e-02 1.098504630563165718e-01 0 0 0 0 0 0
5792 11717 17642 6.302140632349439997e-02 9.283118128639863964e-02 1.146107857884114956e-01 0 0 0 0 0 0
5793 11718 17643 6.337691174928918036e-02 9.291109107151014623e-02 1.140348865389489430e-01 0 0 0 0 0 0
5794 11719 17644 6.052439004239905385e-02 8.084627498028910952e-02 1.227679644203308745e-01 0 0 0 0 0 0
5795 11720 17645 6.415036373811223991e-02 9.298709531599601286e-02 1.141073059462467398e-01 0 0 0 0 0 0
5796 11721 17646 6.077677836779318832e-02 7.864324332877178914e-02 1.264755285383063754e-01 0 0 0 0 0 0
5797 11722 17647 6.385926808073910665e-02 9.271601157589620668e-02 1.173643796234359743e-01 0 0 0 0 0 0
5798 11723 17648 6.643566270063255841e-02 8.930873539503210445e-02 1.298840967115982570e-01 0 0 0 0 0 0
5799 11724 17649 6.572092586498433364e-02 9.298471108986328115e-02 1.163770684346666223e-01 0 0 0 0 0 0
5800 11725 17650 6.692681490243296283e-02 8.928597391092589486e-02 1.299677316523514259e-01 0 0 0 0 0 0
5801 11726 17651 6.820189142662189119e-02 7.998800845827816475e-02 1.048341107582847626e-01 0 0 0 0 0 0
5802 11727 17652 7.291792306419009329e-02 7.676312938298024413e-02 1.122873554549549818e-01 0 0 0 0 0 0
5803 11728 17653 7.619466248731922298e-02 7.961062606150678955e-02 1.092924003530175020e-01 0 0 0 0 0 0
5804 11729 17654 7.719233500074566823e-02 7.733136998056749922e-02 1.337809672281529971e-01 0 0 0 0 0 0
5805 11730 17655 7.419500266839144931e-02 8.490005321149297901e-02 1.103617519080729303e-01 0 0 0 0 0 0
5806 11731 17656 7.264818062065381277e-02 9.269612891747343320e-02 1.227398148176077203e-01 0 0 0 0 0 0
5807 11732 17657 1.166861969898615181e-01 9.074587998019856272e-02 1.233002393893676829e-01 0 0 0 0 0 0
5808 11733 17658 1.210501273419880980e-01 8.805549144961727359e-02 1.244445309921859560e-01 0 0 0 0 0 0
5809 11734 17659 1.219530734897003865e-01 8.765349094593716250e-02 1.248905929927898589e-01 0 0 0 0 0 0
5810 11735 17660 1.035017129121258705e-01 9.941343927601271890e-02 1.260272790060752435e-01 0 0 0 0 0 0
5811 11736 17661 1.033038166225068444e-01 9.546302746926445260e-02 1.220025012919921797e-01 0 0 0 0 0 0
5812 11737 17662 1.074400068105930972e-01 8.876957845857202933e-02 1.256803804639506916e-01 0 0 0 0 0 0
5813 11738 17663 1.120895755861734955e-01 8.576515128039288727e-02 1.269859052158377744e-01 0 0 0 0 0 0
5814 11739 17664 1.201233553220590472e-01 1.024016979500748659e-01 1.242300485289227208e-01 0 0 0 0 0 0
5815 11740 17665 1.203738807476363581e-01 9.119547519994443407e-02 1.205184456732960596e-01 0 0 0 0 0 0
5816 11741 17666 1.216366684848080582e-01 8.817459363202299893e-02 1.239365567576913435e-01 0 0 0 0 0 0
5817 11742 17667 9.961909737477402105e-02 9.842306691080532355e-02 1.192329315064979689e-01 0 0 0 0 0 0
5818 11743 17668 9.948518615097773354e-02 9.831532997035488664e-02 1.189291940051579594e-01 0 0 0 0 0 0
5819 11744 17669 9.859595829151594770e-02 9.769398747035651365e-02 1.183380140928586843e-01 0 0 0 0 0 0
5820 11745 17670 9.776354393409010524e-02 9.185187793557755831e-02 1.182940102973477209e-01 0 0 0 0 0 0
5821 11746 17671 9.921651777399105587e-02 8.641927116717391943e-02 1.120835411655572156e-01 0 0 0 0 0 0
5822 11747 17672 1.009365626827001955e-01 9.618139574395871694e-02 1.112454063437796903e-01 0 0 0 0 0 0
5823 11748 17673 1.012905124862155948e-01 9.985107023027790796e-02 1.104780790075640673e-01 0 0 0 0 0 0
5824 11749 17674 1.012447445450305739e-01 9.937815348632093870e-02 1.116775735022053628e-01 0 0 0 0 0 0
5825 11750 17675 9.887163482755752242e-02 9.832086350339146186e-02 1.178264755510009948e-01 0 0 0 0 0 0
5826 11751 17676 1.145385679257529959e-01 8.728244862363560008e-02 9.059778333927098748e-02 0 0 0 0 0 0
5827 11752 17677 1.183474424508478007e-01 9.305443715036651464e-02 9.008915183583124375e-02 0 0 0 0 0 0
5828 11753 17678 1.221741807260791762e-01 9.979675471100582507e-02 9.592136956190931707e-02 0 0 0 0 0 0
5829 11754 17679 1.221702710455142421e-01 1.002111335300844841e-01 9.874835440180680657e-02 0 0 0 0 0 0
5830 11755 17680 1.203140364913402316e-01 9.787798076223928889e-02 1.022227637431561975e-01 0 0 0 0 0 0
5831 11756 17681 1.100884344001856058e-01 8.238204946804912610e-02 1.035882756104895552e-01 0 0 0 0 0 0
5832 11757 17682 1.100933098558014023e-01 8.186531018283284278e-02 1.000629648121868637e-01 0 0 0 0 0 0
5833 11758 17683 1.113981810069175765e-01 1.034836765359266192e-01 1.046976076449919191e-01 0 0 0 0 0 0
5834 11759 17684 1.053127999534749920e-01 1.029031635267405320e-01 1.060907475751059759e-01 0 0 0 0 0 0
5835 11760 17685 1.081506389156278308e-01 8.847391747702108844e-02 8.872376830871578357e-02 0 0 0 0 0 0
5836 11761 17686 1.073079601209956657e-01 9.188319881679346546e-02 8.766080245136240179e-02 0 0 0 0 0 0
5837 11762 17687 1.054556605736837321e-01 1.010484576386821987e-01 9.719937426262066638e-02 0 0 0 0 0 0
5838 11763 17688 1.046106566361273277e-01 1.055365484829716566e-01 1.037319545865052484e-01 0 0 0 0 0 0
5839 11764 17689 1.048279272736230144e-01 1.047627673189209380e-01 1.047538252989798496e-01 0 0 0 0 0 0
5840 11765 17690 1.051269087263108082e-01 1.052998175952308685e-01 1.042990373188296821e-01 0 0 0 0 0 0
5841 11766 17691 1.112100490348475607e-01 1.049165051606445742e-01 1.036384888645002361e-01 0 0 0 0 0 0
5842 11767 17692 1.200083115832157044e-01 9.965947781318951204e-02 9.381433685007578571e-02 0 0 0 0 0 0
5843 11768 17693 1.223836501292603074e-01 1.018953001883991516e-01 9.680190119022234752e-02 0 0 0 0 0 0
5844 11769 17694 1.223959909200012519e-01 1.020447397310781101e-01 9.701555455732516209e-02 0 0 0 0 0 0
5845 11770 17695 1.118228015783571672e-01 1.053501973830257427e-01 1.027760464376833577e-01 0 0 0 0 0 0
5846 11771 17696 1.049160701525298917e-01 1.056142276627094617e-01 1.038144888565076668e-01 0 0 0 0 0 0
5847 11772 17697 1.169289343337107795e-01 9.479419349843717923e-02 8.930297649150502337e-02 0 0 0 0 0 0
5848 11773 17698 1.123739221004913941e-01 7.758203277559766464e-02 1.040112563034536614e-01 0 0 0 0 0 0
5849 11774 17699 1.224832925025536590e-01 8.736743522389522898e-02 1.031489600712295895e-01 0 0 0 0 0 0
5850 11775 17700 1.222652030357868624e-01 9.651508887666673808e-02 1.023428626909580197e-01 0 0 0 0 0 0
5851 11776 17701 1.101752675178274826e-01 7.873987775955686164e-02 1.039092262262603372e-01 0 0 0 0 0 0
5852 11777 17702 1.019826878915259111e-01 9.971742050305754113e-02 1.150755754460389413e-01 0 0 0 0 0 0
5853 11778 17703 1.086006746495436492e-01 9.846337051250098060e-02 1.137815898643986939e-01 0 0 0 0 0 0
5854 11779 17704 1.020032724438868776e-01 9.972050356758439815e-02 1.119409717015040912e-01 0 0 0 0 0 0
5855 11780 17705 1.023275976786914843e-01 1.003579590557236306e-01 1.164727274612848557e-01 0 0 0 0 0 0
5856 11781 17706 1.166327648325823224e-01 9.792712058010663578e-02 1.142563631072727043e-01 0 0 0 0 0 0
5857 11782 17707 1.195706014916548821e-01 9.904739930743236553e-02 1.171613190451547271e-01 0 0 0 0 0 0
5858 11783 17708 1.030791873711113804e-01 1.016332024199129436e-01 1.084794428267723404e-01 0 0 0 0 0 0
5859 11784 17709 1.092441414429667773e-01 1.129086823540765006e-01 1.175592569991390501e-01 0 0 0 0 0 0
5860 11785 17710 1.092678260069048501e-01 1.129507942917087754e-01 1.174836887283873393e-01 0 0 0 0 0 0
5861 11786 17711 1.094701775732909999e-01 1.130917306376159476e-01 1.177265592357015639e-01 0 0 0 0 0 0
5862 11787 17712 1.227191900091029186e-01 1.022581102391894453e-01 9.686880719776713722e-02 0 0 0 0 0 0
5863 11788 17713 1.195926675026361685e-01 9.563757632163354117e-02 1.155178994429303801e-01 0 0 0 0 0 0
5864 11789 17714 1.239163894286116618e-01 9.288220265002515574e-02 1.144971219134731516e-01 0 0 0 0 0 0
5865 11790 17715 1.249361521859218005e-01 9.410103996177535124e-02 1.051728978224595323e-01 0 0 0 0 0 0
5866 11791 17716 1.257487378176491422e-01 8.878608785991254360e-02 1.063281533045151023e-01 0 0 0 0 0 0
5867 11792 17717 1.127519909665112841e-01 1.164381013241132523e-01 1.214621280369786449e-01 0 0 0 0 0 0
5868 11793 17718 1.006694955966715016e-01 1.223627559401897213e-01 1.254227205366159892e-01 0 0 0 0 0 0
5869 11794 17719 1.025016064386982673e-01 1.232758318022898342e-01 1.273032703809843791e-01 0 0 0 0 0 0
5870 11795 17720 1.094659669099803806e-01 1.169790082250252716e-01 1.251043792116867670e-01 0 0 0 0 0 0
5871 11796 17721 1.068927252938141614e-01 1.132957450170733876e-01 1.201655824806756589e-01 0 0 0 0 0 0
5872 11797 17722 9.966517337555759470e-02 1.198305330299062610e-01 1.224475723567350904e-01 0 0 0 0 0 0
5873 11798 17723 9.688996243860310831e-02 1.134647117771645369e-01 1.263671607248503248e-01 0 0 0 0 0 0
5874 11799 17724 1.000150047500300982e-01 1.212159348143621584e-01 1.331628709502752639e-01 0 0 0 0 0 0
5875 11800 17725 9.966206664009634453e-02 1.203709190199094281e-01 1.329798647344399565e-01 0 0 0 0 0 0
5876 11801 17726 1.002300569273253811e-01 1.213446970969432881e-01 1.331623429513321688e-01 0 0 0 0 0 0
5877 11802 17727 1.019628976614351257e-01 1.224776579115309794e-01 1.321799466932357670e-01 0 0 0 0 0 0
5878 11803 17728 1.016178922095070103e-01 1.138434253677335917e-01 1.307412540382106858e-01 0 0 0 0 0 0
5879 11804 17729 9.914593894837410437e-02 1.121379994785565853e-01 1.306819367454066239e-01 0 0 0 0 0 0
5880 11805 17730 9.841409523901498146e-02 1.132169878073980562e-01 1.311239581867754689e-01 0 0 0 0 0 0
5881 11806 17731 1.090121837610257688e-01 1.171167312240429248e-01 1.262457893427695599e-01 0 0 0 0 0 0
5882 11807 17732 9.852046989244246655e-02 1.100793471400455525e-01 1.265077071951137833e-01 0 0 0 0 0 0
5883 11808 17733 9.691543846476638469e-02 1.120304901955796045e-01 1.268430308546190100e-01 0 0 0 0 0 0
5884 11809 17734 9.957033294156369951e-02 1.241706197486510121e-01 1.179175369578286531e-01 0 0 0 0 0 0
5885 11810 17735 9.966266947102640772e-02 1.212994330829555295e-01 1.334808887793614007e-01 0 0 0 0 0 0
5886 11811 17736 9.947574006799647650e-02 9.842795239021756570e-02 1.187321528874643595e-01 0 0 0 0 0 0
5887 11812 17737 9.984139677195805196e-02 9.875811741483789263e-02 1.179438408063430560e-01 0 0 0 0 0 0
5888 11813 17738 9.932905944276299026e-02 9.852795793511136269e-02 1.183106318625216230e-01 0 0 0 0 0 0
5889 11814 17739 9.929003199402797186e-02 8.633782733844960755e-02 1.120541940973015238e-01 0 0 0 0 0 0
5890 11815 17740 1.057609078848941869e-01 8.290142503149844355e-02 1.149682203263413527e-01 0 0 0 0 0 0
5891 11816 17741 1.232474268665565836e-01 8.819926046969366051e-02 1.191894342948455893e-01 0 0 0 0 0 0
5892 11817 17742 1.198553353172094049e-01 9.341933455762754801e-02 1.168054614558465820e-01 0 0 0 0 0 0
5893 11818 17743 1.189618111347488516e-01 9.391289674707148372e-02 1.163983089154472933e-01 0 0 0 0 0 0
5894 11819 17744 1.014643571178105580e-01 9.302833608707904156e-02 1.110680555794096996e-01 0 0 0 0 0 0
5895 11820 17745 1.258279880913878435e-01 8.622643011884317810e-02 1.188022704862438106e-01 0 0 0 0 0 0
5896 11821 17746 1.262478014411647920e-01 8.469663665989965451e-02 1.182960122380522783e-01 0 0 0 0 0 0
5897 11822 17747 1.262448887415106857e-01 8.350130082177371904e-02 1.178573140399642727e-01 0 0 0 0 0 0
5898 11823 17748 1.238774166855851067e-01 8.036436581625730491e-02 1.163985400249675645e-01 0 0 0 0 0 0
5899 11824 17749 1.188793531393252945e-01 7.690494470564569751e-02 1.144787392771794560e-01 0 0 0 0 0 0
5900 11825 17750 1.088994510353522294e-01 7.409956426201406987e-02 1.121496205703084170e-01 0 0 0 0 0 0
5901 11826 17751 1.077474377490207497e-01 7.471607074379701952e-02 1.122255770083551013e-01 0 0 0 0 0 0
5902 11827 17752 1.241873616516802614e-01 9.046950453419719262e-02 1.157568700906598247e-01 0 0 0 0 0 0
5903 11828 17753 1.198074363648448520e-01 9.372463095089793306e-02 1.165167568306797324e-01 0 0 0 0 0 0
5904 11829 17754 1.255129461373417077e-01 8.522574242755144580e-02 1.129616677002499708e-01 0 0 0 0 0 0
5905 11830 17755 1.119567011421665897e-01 7.704272683381842290e-02 1.043156888083617007e-01 0 0 0 0 0 0
5906 11831 17756 1.098776602316319795e-01 7.795686355956754632e-02 1.042963026928697134e-01 0 0 0 0 0 0
5907 11832 17757 1.261466028226577440e-01 8.379779675206643075e-02 1.147483046378464377e-01 0 0 0 0 0 0
5908 11833 17758 1.264303768849441567e-01 8.381866744160422489e-02 1.174601668811278143e-01 0 0 0 0 0 0
5909 11834 17759 1.016282768500385569e-01 7.887980476891287562e-02 1.099362299631530676e-01 0 0 0 0 0 0
5910 11835 17760 1.091119580912388171e-01 7.643935443232818816e-02 1.047040978199596517e-01 0 0 0 0 0 0
5911 11836 17761 1.116837672604691217e-01 7.644219398996519865e-02 1.044743885495169333e-01 0 0 0 0 0 0
5912 11837 17762 1.239516711327047216e-01 8.070740502369221081e-02 1.146965550998035599e-01 0 0 0 0 0 0
5913 11838 17763 1.189989937732296860e-01 7.745765810967218667e-02 1.117364583331924982e-01 0 0 0 0 0 0
5914 11839 17764 1.100988558060387729e-01 7.587721737061470240e-02 1.047419906628909436e-01 0 0 0 0 0 0
5915 11840 17765 1.262064396332943650e-01 8.579258243442972054e-02 1.192638801541817950e-01 0 0 0 0 0 0
5916 11841 17766 1.088423161737891998e-01 7.349635902531920228e-02 1.130746291593674319e-01 0 0 0 0 0 0
5917 11842 17767 1.499999999999999944e-01 0.000000000000000000e+00 2.000000000000000111e-01 0 0 0 0 0 0
5918 11843 17768 1.499999999999999944e-01 0.000000000000000000e+00 0.000000000000000000e+00 0 0 0 0 0 0
5919 11844 17769 0.000000000000000000e+00 0.000000000000000000e+00 2.000000000000000111e-01 0 0 0 0 0 0
5920 11845 17770 0.000000000000000000e+00 0.000000000000000000e+00 0.000000000000000000e+00 0 0 0 0 0 0
5921 11846 17771 0.000000000000000000e+00 1.499999999999999944e-01 2.000000000000000111e-01 0 0 0 0 0 0
5922 11847 17772 1.499999999999999944e-01 1.499999999999999944e-01 0.000000000000000000e+00 0 0 0 0 0 0
5923 11848 17773 0.000000000000000000e+00 1.499999999999999944e-01 0.000000000000000000e+00 0 0 0 0 0 0
5924 11849 17774 1.499999999999999944e-01 1.499999999999999944e-01 2.000000000000000111e-01 0 0 0 0 0 0
