0 0 0 6869 6881 11664 11716 12019 12037 12098 12101 12102 12103 12104 12105 12106 12107 12108 12109 12110 12111 39225
1 2 2 3209 12567 12624 12637 13648 19869 19876 19888 19921 19934 19962 19981 19985 21503 21521 21527 21535 21538 21539 21540
2 3 3 1181 2807 2808 2809 2810 2811 2812 2813 2814 2815
3 0 0 11824 15416 15427 15436 21470 22516 22530 22531 22532 22533 22534 22535
4 0 0 2173 3273 4207 5238 5244 9747 9760 9762 9763 9764 39226
5 2 2 7356 7374 7541 7672 11320 11364 11374 11375 11376 11377 11378 11379 11380 11381 11382 11383 11384 11385
6 0 0 11766 11767 11768 11769 11770 11771 11772 11773
7 0 0 24397 25819 25828 30621 30644 30646 30647 30648 30649 30650 30651
8 0 0 16076 16085 16645 16668 18222 18229 18230 18231 18232 18233 18234 18235 18236 18237 39227
9 0 0 665 4455 4464 4480 4485 8465 8468 8504 15446 15456 15462 15463 15464 15465 15466 39228
10 0 0 3467 6788 11857 12058 12283 12438 12444 12452 12467 12773 12789 12800 12805 12806 12807 12808 12809 39229
11 0 0 21392 21406 21416 21424 21435 21447 21466 27600 28082 28100 28107 28119 28130 28133
12 0 0 1246 1254 2928 2946 2956 2957 2958 2959 2960
13 4 4 18813 26380 26445 26451 26452 26453 26454 26455 26456 26457 26458
14 0 0 3473 5274 13087 13098 13122 13123 13124 13125 13126 13127 13128 13129 13130 13131
15 0 0 25387 25630 25665 25673 31612 36900 36908 36909 36910 36911 36912 36913
16 0 0 11201 11219 16836 24363 24403 24419 30440 30455 30463 30464 30465 30466 30467 30468 30469
17 2 2 19668 19669 19670 19671 19672 19673 19674 19675 19676 19677 19678 19679 19680 19681 19682 19683 19684 19685 19686 19687
18 2 2 22762 22763 22764 22765 22766 22767 22768 22769 22770 22771 22772 22773 22774 22775 22776 22777 22778
19 0 0 3389 6793 6805 12056 12281 12715 12769 19297 19310 19313 19314 19315 19316 39230
20 0 0 758 793 818 830 832 833 834 835 836
21 2 2 20280 20662 20690 21562 21567 27390 27524 27538 27546 27568 27573 28643 28645 30203 33262 33282 33314 33318 33321 33322 33323 33324
22 0 0 6632 6633 6634 6635 6636 39231
23 3 3 23640 25615 25628 25638 25659 29846 31616 31637 31828 34501 34715 37244 37263 37268 37274 37279 37282 37283
24 2 2 7748 7804 10578 11584 11618 13583 14713 14730 14744 14747 14748 14749 14750 14751 14752 14753 14754 14755 14756 14757 14758
25 3 3 36141 36147 36151 36156 36166 36173 36177 36180 36182 36185 36192 38064 38084 38085 38086 38087
26 0 0 11134 18228 18254 25703 25717 25721 25722 25723 25724 25725 39232
27 3 3 30583 30590 32444 33867 33903 33904 33905 33906 33907 33908
28 0 0 955 956 957 958 959 960 961 962 963 964 965 966 39233
29 0 0 8139 8146 8421 8594 21110 21129 21138 21142 21156
30 0 0 31112 31157 31169 31177 31178 31179 31180 31181 31182 31183
31 0 0 6132 10923 11043 25216 25343 31572 31576 31801 35749 35788 37998 38008 38011 38018 38028 38039 38047 38051 38053 38056 38060 39234
32 3 3 12350 12388 12420 13066 16612 22304 26674 26708 26727 26732 26733 26734 26735 26736 26737 26738
33 0 0 22332 28765 28805 28809 28810 28811 28812 28813 28814
34 0 0 16234 16239 16244 16259 23734 23748 23760 23764 23765 23766 23767 23768 23769 23770
35 3 3 5142 5152 6948 13248 13263 13268 13271 16377 16391 16413 16418 16419 16420 16421 16422 16423 16424 16425
36 0 0 4849 4851 9028 9152 9153 9154 9155 9156 9157 9158 9159 39235
37 0 0 1713 3915 3972 3991 4001 4003 4004 4005 4006 4007
38 2 2 15560 17033 17740 22908 23513 24581 24622 30068 30077 31643 31662 31664 31670 31674 31675 31676 31677 31678 31679 31680 31681 31682
39 2 2 14596 14609 14616 14626 14627 14628 14629 14630 14631 14632 14633 14634 14635 14636 14637 14638 14639
40 4 4 22242 26462 29344 29355 29356 32965 34818 34843 34853 34854 34855 34856 34857
41 0 0 2110 2111 2112 2113 2114 2115 2116 2117 2118 2119
42 3 3 16683 27300 30385 31925 31970 32014 36214 36221 38220 38233 38245 38250 38251 38252
43 0 0 14949 14950 14951 14952 14953 14954 14955 14956 14957 14958 14959
44 3 3 9276 9285 9290 9301 9309 9317 9331 9701 16331 33424 33436 33445 33446 33447 33448
45 3 3 8173 8806 8971 9379 9385 9405 15753 16337 16346 16350 16351 16352 16353 16354 16355 16356
46 0 0 1249 1259 1261 1262 39236
47 0 0 10185 10189 10196 10203 10212 10215 10225 10227 10249 16860 16861 16862 16863 16864 16865 39237
48 0 0 35 160 429 1422 6882 6883 6884 6885 6886 39238 39239
49 0 0 11646 12150 12617 12639 12722 19740 19971 19989 20000 20012 20016 20023 20034 20035 20036 39240
50 3 3 10410 21359 22882 22885 22886 22887 22888 22889 22890 22891 22892 22893 22894 22895 22896
51 0 0 12146 12157 12627 12648 12663 13692 21504 21530 21534 21537 21541
52 0 0 4622 4640 4708 4715 4716 4717 4718 4719 4720 4721
53 4 4 18414 18439 19705 25853 25895 25918 25936 25945 25953 25954 25955 25956 25957
54 0 0 5211 9216 9238 9658 9673 9676 9683 9684 9685 9686 9687 9688 9689 9690
55 3 3 20397 21394 21441 26216 26978 26979 26980 26981 26982 26983 26984 26985 26986 26987 26988
56 0 0 233 427 1394 1844 3270 3279 4200 4201 4202 4203 4204 4205 4206 4207 4208 4209 4210 4211 39241
57 0 0 3382 12112 12113 12114 12115 12116 12117 12118 12119 12120 12121 12122 12123 39242
58 0 0 4501 4782 8177 8802 9389 9403 9405 9406 9407 9408 9409
59 0 0 18639 18645 18650 18654 18658 18662 21625 21628 21629 21630 21631 21632 21633
60 0 0 2291 2298 2308 2321 5405 5414 5419 5420 5421 5422 5423 39243
61 0 0 3254 3255 3256 3257 3258 3259 3260 3261 3262 39244
62 0 0 5396 5400 16284 16293 16724 16813 16828 16842 16846 16974 17155 17164 17184 17185 17186 17187 17188 17189 17190 17191 17192 17193 17194 17195 39245
63 0 0 6967 6968 6969 6970 6971 6972 6973 6974 6975 6976
64 0 0 9739 12995 13013 13021 13022 13023 13024 13025 13026
65 3 3 32905 32922 37411 37419 37435 37844 38876 38921 38934 38943 38944 38945
66 0 0 1771 3877 3878 3879 3880 3881 3882 3883 3884
67 0 0 11694 12160 12167 12173 12174 12175 12176 12177 12178 12179 12180 39246
68 0 0 1559 6478 6479 6480 6481 6482 6483 6484 6485 6486 6487 39247
69 1 1 4560 4567 4576 8309 9081 9100 9105 9119 15325 16215 16221 20884 21118 21135 21193 21198 21356 22564 22565 22566 22567 22568 22569 22570 22571 22572 22573 22574 22575 22576
70 0 0 9190 16065 16247 16294 16295 16296 16297 16298 16299 16300 16301 16302 39248
71 0 0 1008 5660 5917 6131 10957 24946 24957 25212 25294 25327 25345 25350 25354 31568 31573 31575 31576 31577 31578 31579 39249
72 0 0 3357 3364 3370 3480 5277 7074 13085 13093 13122 13181 13191 19116 19213 19228 19237 19238 19239 19240 19241 39250
73 0 0 6853 6860 11997 12012 19249 19264 19269 19277 19278 39251
74 2 2 16158 23671 29607 29825 29828 29839 29865 29869 29875 29877 29878 29879 29880 29881
75 3 3 12349 12374 12387 12417 13059 13066 13067 13068 13069 13070 13071 13072 13073 13074 13075 13076 13077 13078
76 2 2 24698 24711 29262 31209 31225 31256 31292 32475 32737 32743 35447 35454 35455 35456 35457 35458 35459 35460 35461 35462
77 0 0 6920 9511 9518 9524 9548 9554 9557 9558 9559 9560 9561 9562 9563 9564 9565 9566 39252
78 3 3 7277 13784 13796 15909 33608 33637 33638 33639 33640 33641
79 4 4 2859 5962 10814 10815 10816 10817 10818 10819 10820 10821 10822
80 0 0 19082 19434 19444 19449 26763 26777 26785 26788 26789 26790 26791
81 0 0 17259 17260 17261 17262 17263 17264 17265 17266 17267 17268 17269 17270
82 2 2 10750 10755 10776 11285 11660 14110 18483 18488 18914 25015 25909 26500 26534 26538 26548 26563 27077 27125 27135 27141 27145 27149
83 0 0 3455 3456 3457 3458 3459 3460 3461 3462 39253
84 0 0 22139 26242 28509 28524 28575 32675 32695 32701 32713 32718 32719
85 0 0 9583 9592 9597 13219 13234 20632 20655 26955 26974 26975 26976 26977 39254
86 2 2 13616 13626 19897 26503 26527 26544 26549 26561 32542 32549 36331 36334 36344 36345 36346 36347 36348
87 3 3 11872 11896 11899 11900 11901 11902 11903 11904 11905 11906 11907 11908 11909 11910 11911 11912
88 0 0 4305 4309 4317 4913 4923 9322 9327 9336 9339 9340 9341 9342 39255
89 0 0 18821 26369 26370 26371 26372 26373 26374 26375 39256
90 0 0 471 2682 3179 3180 3181 3182 3183 3184 3185 3186 3187 3188 39257
91 0 0 29359 32969 34816 34841 34842 34843 34844 34845 34846 34847
92 2 2 6641 6656 7204 7205 7206 7207 7208 7209 7210 7211 7212 7213 7214 7215 7216
93 0 0 35288 35437 35832 37276 37313 37314 37315 37316 37317 37318 37319
94 0 0 6998 12863 12875 12881 20111 20125 20500 20512 20516 20521 20522 20523 20524 20525 20526 39258
95 3 3 21679 21691 21703 21707 21714 21724 21732 21737 21748 21751 21756 21757 33936 33964 33970 33977 33978
96 2 2 1847 3271 3277 3290 4208 4400 4406 4418 5225 5232 5233 5234 5235 5236
97 2 2 14234 25517 25542 25556 25564 25573 27160 27167 27168 27169 27170 27171 27172 27173
98 0 0 24437 29437 29458 29459 29460 29461 29462 29463 29464 29465 29466 29467 29468
99 2 2 4039 5637 10433 10582 11553 11565 11640 13533 17220 17224 17238 17243 24181 24189 26182 26189 26199 26201 26202 26203 26204 26205 26206
100 0 0 23831 23836 27842 27853 27862 33433 33442 33451 33454 33455 33456 33457
101 0 0 20496 20501 20502 20503 20504 20505 20506 20507 20508 20509 20510 20511 20512 39259
102 0 0 12960 12976 20150 20187 27413 27419 33259 33272 33288 33295 33303 33306 33307 33308 33309 33310 33311 33312 39260
103 2 2 18322 18332 18337 18348 18353 18359 18362 25756 25757 25758 25759 25760 25761 25762 25763 25764 25765 25766 25767 25768 25769 25770 25771
104 3 3 18949 18969 18970 18971 18972 18973 18974 18975 18976 18977 18978 18979 18980 18981 18982
105 0 0 2183 3235 5347 5354 5470 5487 5489 5498 5500 5501 5502 5503 5504 5505 5506 5507 39261
106 3 3 6461 6470 7356 7357 7358 7359 7360 7361 7362 7363 7364 7365
107 3 3 7826 7899 11742 14716 14765 14773 14774 14775 14776 14777 14778 14779
108 0 0 712 1982 4484 16061 16070 22933 22939 22940 22941 22942 22943 22944 22945 39262
109 0 0 3319 6715 6746 6892 12126 12193 12201 12208 12209 12210 12211 12212 12213 39263
110 0 0 841 1007 1060 1061 1062 1063 1064 1065 1066 39264
111 0 0 12314 19376 19568 19576 19588 26577 26578 26579 26580 26581 26582 26583
112 3 3 4428 4670 7867 7873 8007 8381 8397 8446 8453 8454 8455 8456 8457
113 0 0 2583 2605 2626 6435 6450 10559 10572 10573 10574 10575 10576 39265
114 2 2 5269 9752 9757 11713 11727 18970 18984 19012 19040 19063 19071 19098 19374 24007 24027 24033 24044 24046 24047 24048 24049
115 3 3 27341 27360 27372 33164 33174 33189 34054 36624 36666 38567 38584 38590 38602 38606
116 4 4 7678 18579 18591 18624 26089 26103 26108 28471 32313 32335 32347 32365 32371 32381 32395 32396
117 0 0 24428 28690 34789 37067 37376 37408 37457 37475 37490 37496 37498 37499 37500 37501 37502
118 0 0 16932 17385 17387 17425 17488 17815 17861 24908 24909 24910 24911 24912 24913 24914 24915 24916 24917 24918
119 0 0 17914 17948 17970 21554 21578 21580 21581 21582 21583 21584
120 0 0 36325 36333 36336 36343 36348 36352 36354 36356 36367 36377 36386 36396 36398
121 0 0 35854 35861 35866 35872 35877 35884 35893 35910 35911 35912 35913 35914 35915 35916 39266
122 0 0 1811 2022 2033 3873 3928 3957 7851 7858 7865 7871 14811 14821 14898 14915 14924 14931 39267
123 0 0 12849 13827 14235 21992 22227 25550 25563 27162 27169 27183 27740 30323 30324 30325 30326 30327 30328 39268
124 0 0 3546 7089 7127 7132 20183 20194 20203 33268 33296 33317 33326 33332 33333 39269
125 0 0 4607 5050 5051 5052 5053 5054 5055 5056 5057 5058 5059 5060 39270
126 3 3 4488 4504 4780 8168 8169 8170 8171 8172 8173 8174 8175 8176 8177 8178 8179 8180
127 2 2 25695 27304 30383 30397 30415 31941 31962 31988 32019 32045 35992 36050 36070 36078 36079 36085 36086 36087 36088 36089 36090 36091
128 3 3 10345 10355 10646 10658 10678 16956 16990 17002 17017 17853 17863 17880 18388 18396 18397 18398 18399 18400 18401
129 0 0 212 4173 4430 4441 4676 4703 8115 8119 8334 8379 8382 8393 8394 8395 8396 8397 39271
130 2 2 5601 5616 6405 6661 10275 10323 10328 11524 16866 16882 16886 16902 16913 16918 16919 17129 17130 17131 17132 17133 17134 17135 17136 17137 17138 17139
131 3 3 2407 2536 2543 2553 2574 3767 3786 3809 3975 3996 4007 4011 4013 4014 4015 4016 4017 4018
132 0 0 5805 5829 10169 10505 17205 24888 24892 24893 24894 24895 24896 24897 24898 24899 24900
133 0 0 39191 39192 39193 39194 39195 39196 39197 39198 39199 39200
134 3 3 26028 27197 27219 27292 27310 30418 30419 30420 30421 30422 30423 30424 30425 30426 30427 30428 30429 30430
135 0 0 2044 2045 2046 2047 2048 2049 2050 2051 2052 2053 2054 2055 2056
136 0 0 19574 27635 27642 27657 28798 28803 28815 28816 28817 28818 28819 28820
137 0 0 37813 37825 37833 37846 38873 38916 38922 38932 38937 38938
138 3 3 25914 25933 25939 25948 25955 27031 27068 27081 27101 27108 27114 27115 27116 27117 27118 27119
139 0 0 22659 22668 22713 24722 24737 24738 24739 24740 24741
140 0 0 3233 5595 5605 6406 6660 6661 6662 6663 6664
141 0 0 19459 19472 19482 19483 19484 19485 19486 19487 19488 19489 19490 19491 19492
142 2 2 30934 30956 32947 32957 32978 32982 37116 37447 37464 37552 37582 37589 37596 37602 37620 38666 38678 38682 38683 38684
143 0 0 24422 24423 24424 24425 24426 24427 24428 24429 24430 24431 24432
144 0 0 11229 16963 16981 16983 16984 16985 16986 16987 16988
145 0 0 3414 3433 3434 3435 3436 3437 3438 3439 3440 3441
146 0 0 11705 19024 24008 24024 24037 24043 24050 24051 24052 24053 24054 24055 24056
147 0 0 29533 30842 30852 33742 33753 33759 33760 33761 33762 33763
148 0 0 33380 33391 33398 33403 35694 37016 37021 37022 37023 37024 37025 37026
149 0 0 21839 21858 21865 27243 27253 27263 27270 27295 27313 32027 33202 33219 33222 33224 33225 33226 33227 33228 33229 33230 39272
150 0 0 30257 34472 34480 34481 34482 34483 34484 34485
151 0 0 3404 7402 13865 18651 20054 20061 20062 20063 20064 20065 20066 20067 39273
152 0 0 32354 32390 32427 33856 33879 33898 36251 36257 36277 36278 36279 36280 36281 36282
153 0 0 547 1025 1600 2604 6439 6440 6441 6442 6443 6444 6445 6446 6447
154 4 4 11835 13161 13165 13186 13193 19142 19191 19201 19203 19212 20457 20462 20472 20475 20482 20483 20484 20485
155 0 0 1762 3845 4058 4079 4080 4087 4088 4089 4090 4091 4092 4093 4094 4095
156 3 3 29464 30789 35262 35421 35425 35435 35442 35805 35841 36412 36437 36446 36465 36469 36470 36471 36472 36473 36474
157 1 1 50 56 161 232 428 1395 4205 6684 6710 6882 9741 9767 16615 16616 16617 16618 16619 16620 16621 16622 16623
158 4 4 17039 25650 30859 35293 35311 35321 35322 35323 35324 35325 35326
159 2 2 2135 2145 9485 9498 9504 9539 16536 16547 16559 16561 16562 16563 16564 16565 16566
160 4 4 31359 34973 34991 34997 35541 35557 35572 35581 35602 35605 35606 35607 35608
161 0 0 34506 34507 34508 34509 34510 34511 34512 34513 34514 34515 34516 39274
162 2 2 7711 25804 25810 28438 28451 28454 28479 28488 28489 28490 28491 28492 28493 28494 28495 28496 28497 28498 28499 28500 28501 28502
163 1 1 23199 23244 23899 26258 26273 26280 26285 29013 29024 29366 29389 29411 29417 29424 32762 32806 32817 32830 32839 32843 32844 32845
164 0 0 12582 12583 12584 12585 12586 12587 12588 12589 12590 12591
165 0 0 8704 9478 15095 15674 16479 16515 16522 16527 16530 16531 16532 16533
166 0 0 11718 11730 11733 18951 18977 18985 18998 24006 24029 24038 24039 24040 24041 24042 24043 24044 24045
167 0 0 3413 3437 5025 5045 5074 5081 5089 5090 5091 5092 5093 5094
168 3 3 6514 6550 6551 6552 6553 6554 6555 6556 6557 6558 6559 6560
169 2 2 11870 11884 11895 11900 11959 11984 12270 12316 12696 12755 26582 26584 26585 26586 26587 26588 26589 26590 26591 26592
170 0 0 1071 1207 5895 5900 5908 5909 5910 5911 5912 5913 39275
171 3 3 39107 39108 39109 39110 39111 39112 39113 39114 39115 39116 39117 39118 39119 39120 39121 39122 39123 39124 39125 39126
172 0 0 26450 26458 26468 30160 32943 32954 32964 32965 32966 32967 32968 32969 32970 32971
173 0 0 4423 4424 4425 4426 4427 4428 4429 4430 4431 4432 4433 4434 4435 4436 4437 39276
174 3 3 1722 2265 2382 2395 3798 3808 5641 10051 10070 10083 10097 10101 10105 10111 10115 10116 10117
175 0 0 22652 22653 22664 22705 22710 22711 22712 22713 22714 22715 22716
176 0 0 1721 4031 7145 7146 7147 7148 7149 7150 7151 7152 7153 7154 7155 7156 7157 7158
177 0 0 6187 6198 9198 25057 25066 25076 25082 25083 25084 25085 39277
178 0 0 22777 24542 24587 24604 24663 24667 24668 24669 24670 24671
179 2 2 7018 7030 12911 20208 20223 20228 20231 20241 20251 20255 20256 20257 20258 20259 20260 20261 20262 20263 20264 20265
180 0 0 15563 15564 15565 15566 15567 15568 15569 39278
181 0 0 19117 19118 19119 19120 19121 19122 19123 19124 19125 19126 19127 19128
182 0 0 4261 8040 8048 8057 8058 8059 8060 39279
183 3 3 31220 31227 31289 31298 35446 35447 35448 35449 35450 35451 35452 35453
184 0 0 16021 23660 23664 23667 23668 23669 39280
185 0 0 1040 1046 1365 1366 1367 1368 1369 1370 1371 1372 1373 1374 39281 39282
186 0 0 6169 9929 10929 23526 23536 23543 29647 35744 35751 35771 35777 35778
187 0 0 1732 4375 4376 4377 4378 4379 4380 4381 4382
188 0 0 17895 18822 18823 18824 18825 18826 18827 39283
189 0 0 5801 5847 10171 10500 10502 10503 10504 10505 10506 10507 10508 39284
190 4 4 7749 7943 7944 7945 7946 7947 7948 7949 7950
191 0 0 3330 3331 3332 3333 3334 3335 3336 39285
192 0 0 28445 28452 28460 28467 28478 32305 32367 32375 32386 32414 34008 34012 34024 34039 34041 34042 34043 34044 34045 34046
193 2 2 15331 15354 15539 15543 15548 20932 22756 22851 22863 34205 34241 34248 34274 34277 34278 34279 34280
194 0 0 38212 38213 38214 38215 38216 38217 38218 38219 38220 38221 38222 38223
195 0 0 30804 30820 30836 33746 33771 33781 33783 33784 33785 33786 33787 33788 33789 33790
196 0 0 10466 10477 10480 10517 16856 18295 24884 24904 25780 31310 31317 31318 31319 31320 31321 31322
197 3 3 10242 10247 10256 24295 24306 24307 24308 24309 24310 24311 24312
198 0 0 4447 4472 8467 8488 13394 13407 13408 13409 13410 13411 13412 13413 13414 39286
199 0 0 6207 7298 11130 21841 21860 21875 32026 32036 33224 33235 33240 36102 36120 36129 36132 36134 39287
200 3 3 18773 19627 21922 21961 26143 26144 26145 26146 26147 26148 26149 26150
201 0 0 12263 12269 12781 12826 12829 19995 20003 20024 20025 20026 20027 20028 20029
202 2 2 8751 8795 8805 8962 8963 8964 8965 8966 8967 8968 8969 8970 8971 8972 8973 8974
203 1 1 4549 8303 8651 13362 13388 13403 13494 13510 20849 20860 20861 20878 20880 20881 20882 20883 20884 20885 20886 20887
204 0 0 4234 8041 8052 8061 8065 8066 8067 8068 8069 39288
205 0 0 2195 3027 5531 5532 5533 5534 5535 5536 5537 5538 39289
206 0 0 14690 14698 21959 21988 22203 22204 22205 22206 22207 22208 22209 22210 22211 22212
207 3 3 10253 30549 32124 32146 35535 35568 35584 35591 35592 35593 35594
208 0 0 39046 39047 39048 39049 39050 39051 39052 39053 39054 39055 39056 39057 39058
209 3 3 8520 8542 8550 8709 13282 13303 13304 13305 13306 13307 13308 13309 13310 13311 13312
210 2 2 3506 4939 8978 9348 9349 9350 9351 9352 9353 9354 9355 9356 9357 9358 9359 9360
211 2 2 1558 6482 7607 9826 9843 9874 9894 9897 9909 11351 14463 14470 14488 14490 14491 14492 14493 14494
212 0 0 4846 9004 9164 16229 23786 23791 23796 29912 29939 29945 29974 29980
213 0 0 9966 10616 10619 16734 16749 16755 16758 16759 16760 16761 39290
214 3 3 5614 11525 17133 18666 18676 26176 26187 35087 35100 35118 35123 35143 35152 35158 35159 35160 35161 35162
215 0 0 1372 10475 10478 10479 10480 10481 10482 10483 10484 10485 10486 39291
216 0 0 12581 12827 13636 13677 13682 13685 13702 21497 21510 21514 21515 21516
217 3 3 1180 2809 6177 14398 21842 21853 21854 21855 21856 21857 21858 21859 21860 21861 21862 21863
218 0 0 1406 1408 2153 2154 2155 2156 2157 2158 2159 2160
219 0 0 5301 9827 9841 9847 9859 9883 9890 9891 9892 9893 9894 9895 9896
220 1 1 929 1716 1987 2262 2359 2396 4036 5339 5644 9994 10064 10076 10082 10116 10119 10427 10428 10429 10430 10431 10432 10433 10434 10435 10436 10437 10438 10439 10440
221 0 0 10786 10796 10805 14001 14254 14271 17352 21667 21668 21669 21670 21671 21672 21673 21674 21675 21676 21677 21678 21679
222 0 0 10899 10903 10912 17570 17571 17572 17573 17574 17575 17576
223 0 0 4147 4170 4182 4230 4247 4277 4286 8053 8061 8062 8063 8064 39292
224 0 0 1343 3098 3114 3125 3126 3127 3128 3129 3130 3131 3132 39293
225 0 0 6129 10915 11058 16169 17273 24945 25266 25321 25323 25348 25349 25350 25351 25352
226 3 3 8950 9780 9870 9903 9916 9922 14221 14222 14223 14224 14225 14226 14227 14228 14229 14230 14231 14232 14233
227 0 0 5596 6407 6662 11540 16908 16920 17129 17140 17141 17142 17143 17144 17145 17146 17147 17148 17149 39294
228 0 0 21827 27048 27883 27911 27933 27975 27987 27988 31442 31454 31460 31461 31462 31463 31464
229 0 0 16276 22614 22636 22638 30105 30147 30149 30150 30151 30152 30153
230 0 0 730 4498 4930 4951 9380 9398 13446 15502 15515 15519 15520 15521 15522 39295
231 0 0 5828 10172 10605 17204 17205 17206 17207 17208 17209 17210 17211 17212 17213
232 0 0 22163 22164 22165 22166 22167 22168 22169 22170 22171 22172 22173
233 0 0 208 220 4172 4282 4438 4439 4440 4441 4442 4443 39296
234 2 2 30746 32211 32242 32251 32280 36212 36224 36227 36872 36883 38225 38255 38263 38282 38314 38315 38316
235 2 2 29622 30316 34577 34599 34609 34612 34646 34661 34707 34903 34911 36235 36794 36805 36811 36812 36813 36814 36815 36816 36817 36818 36819
236 0 0 25020 25027 25034 25038 28410 28411 28433 28435 28436
237 0 0 6221 6223 6232 18214 25742 32000 35947 35962 35964 35966 39297
238 0 0 35048 35068 35127 37748 37762 37763 37764 37765 37766 37767 37768 37769 37770 37771
239 2 2 2853 5988 5996 8813 8825 10820 10935 16051 17610 17623 23294 23299 23300 23301 23302 23303 23304 23305 23306
240 4 4 24704 24877 31249 31255 31266 31297 31305 31470 32460 32476 32530 35457 35476 35481 35491 35492 35493 35494
241 1 1 29016 29023 29066 29089 29106 30094 32787 34226 34237 34247 34263 34327 34333 34334 34335 34336 34337 34338 34339 34340 34341 34342
242 0 0 18263 18269 18277 18283 18286 18289 18297 18305 18312 18375 25748 25749 25750 25751 25752 25753 25754 25755 39298
243 2 2 17135 18491 18904 27038 27155 30580 32448 32492 35046 35062 35063 35064 35065 35066 35067
244 0 0 7852 7868 8433 8434 8435 8436 39299
245 0 0 12141 12659 12666 13694 21508 21532 21544 21545 21546 21547 39300 39301
246 0 0 36732 36733 36734 36735 36736 36737 36738 36739 36740 36741 36742
247 0 0 35703 35722 35739 35759 35764 35765 35766 35767 35768 35769 35770
248 3 3 175 1819 2022 2023 2024 2025 2026 2027 2028 2029 2030 2031 2032
249 4 4 24436 29130 29141 29142 29143 29144 29145 29146 29147 29148 29149 29150 29151 29152
250 0 0 5105 5162 5172 7027 7251 8987 16428 16440 33551 33564 33573 33576 33577 33578 33579 33580 33581 39302
251 0 0 437 1428 1436 1437 1438 1439 39303 39304
252 0 0 14157 14165 14179 16700 16706 16711 16717 21897 24140 24145 24146 24147 24148 24149 24150 24151 24152
253 0 0 1471 3109 3127 3148 3160 3161 3178 39305
254 0 0 1339 2677 2687 2688 2689 2690 2691 2692 39306
255 0 0 37812 38171 38190 38207 38228 38241 38867 38888 38892 38895 38906 38907 38908 38909 38910
256 3 3 17903 20548 20549 20550 20551 20552 20553 20554 20555 20556 20557 20558
257 0 0 10264 10288 10308 10309 10310 10311 10312 10313 10314 10315 10316 10317 10318 10319 10320 39307
258 3 3 7560 10794 10801 10809 14268 14275 21668 22008 22014 22026 26155 28423 33860 33890 33911 33921 33930 33931 33932 33933
259 0 0 3089 3242 6665 12202 12215 18862 21038 21070 21088 25839 25864 25870 25880 25881 25882 25883
260 0 0 3429 5128 7003 7015 9492 12890 12904 12905 12906 12907 12908 12909 12910 12911 12912 39308
261 0 0 338 343 344 345 346 347 348 349 350 39309 39310
262 0 0 653 654 655 656 657 658 659 660
263 0 0 25396 25406 25412 25417 25425 25623 25642 31588 31595 31600 31610 31623 31633
264 0 0 12261 12264 12265 12266 12267 12268 12269
265 0 0 10376 17055 17064 17065 17066 17067 17068 17069 17070 17071 17072 17073 17074 17075
266 2 2 6178 6183 7523 7538 14149 14187 14206 14371 14382 14394 14404 16680 16707 16710 21889 24131 24146 27266 31927 32215 32255 32270 32272 32284 32286 32287
267 0 0 16629 16634 16640 24090 24097 30238 30242 30249 30292 34859 34868 34875 34876 34877
268 0 0 297 310 333 1267 2632 2633 2634 2635 2636 2637 2638 2639 2640 2641 2642 2643 39311
269 0 0 1827 3945 4142 4161 4185 4192 4218 4222 4224 4232 4267 8019 8031 8039 8047 8051 8052 8053 8054 8055 8056 8057 39312
270 0 0 856 2281 2293 2307 2308 2309 2310 2311 39313
271 2 2 26327 26340 26349 26359 26368 27703 28564 32760 32815 32830 32831 32832 32833 32834 32835 32836
272 0 0 7285 7290 7296 7307 14091 21804 21881 33204 33227 33234 33235 33236 33237 33238 39314
273 0 0 128 138 148 465 1355 1359 1360 1361 1362 1363 1364 39315
274 2 2 394 1295 1301 3007 3022 5556 10177 10188 10200 10210 10214 10251 16860 24341 24345 24349 24350 24351 24352 24353
275 2 2 22823 22831 22849 29076 29088 29242 29249 30925 34198 34227 34235 34236 34237 34238 34239 34240 34241 34242
276 0 0 2 29 44 57 162 170 231 232 233 234 39316 39317
277 0 0 16996 17009 17013 17876 24382 30591 30592 30593 30594 30595 30596 30597 30598
278 0 0 18695 18892 19633 21833 27878 27930 27967 27968 27969 27970
279 0 0 679 9000 9161 16227 16249 16253 16271 22611 22803 23744 23770 23790 23803 23805 23806 39318
280 4 4 3263 3264 3265 3266 3267 3268 3269 3270 3271 3272 3273 3274 3275
281 2 2 1005 1708 2406 3783 4005 4008 4027 7925 14804 14849 14854 14857 14858 14859 14860 14861 14862 14863
282 0 0 3326 6801 6814 6822 6823 6824 6825 6826 6827 6828 6829 6830 6831
283 0 0 18321 25756 25785 25795 26125 26138 31341 32071 32091 32100 36163 36167 36181 36183 36184 36185
284 4 4 22127 22508 27630 27660 27672 27681 27682 27683 27684 27685 27686 27687 27688 27689 27690
285 0 0 25607 30254 30279 31803 34475 34482 34492 34495 34496 34497
286 0 0 4240 4272 4285 8063 8104 8120 8276 9286 9291 9292 9293 9294 9295 9296 9297 9298 9299 9300 9301 39319
287 4 4 27218 27242 27272 27285 27290 27307 27308 27309 27310 27311 27312 27313
288 0 0 27873 27890 27903 27910 27914 27915 27916 27917 27918 27919 27920
289 0 0 4742 4870 6011 6031 6039 10938 10944 18018 18025 18041 18057 39320
290 0 0 488 495 508 518 522 527 528 529 530 39321
291 1 1 1150 1184 1193 2807 3735 6213 11128 11151 18245 21872 25713 32025 32031 32032 32033 32034 32035 32036 32037
292 0 0 14440 14572 14573 14574 14575 14576 14577 14578 14579 14580
293 0 0 18819 26384 26449 26451 30170 30933 32946 32956 32960 32977 32980 32981 32982 32983 39322
294 4 4 26712 26724 26742 27591 33011 33027 33053 33072 33078 33079 33080 33081 33082 33083
295 0 0 8891 8901 8912 16104 16107 23583 29580 29590 29600 29605 29626 29642 29646 29649 29650 29651 29652 29653 39323
296 3 3 31280 31290 31299 31304 31307 35387 35446 35509 37898 37924 37931 37938 37946 37947
297 0 0 12861 20497 20523 27733 27734 27735 27736 39324
298 0 0 29140 29152 29163 29170 30872 30892 30969 30977 30978 30979 30980 30981 30982 30983
299 0 0 11071 11072 11073 11074 11075 11076 11077 11078 11079 11080 11081 11082 11083 11084
300 3 3 16404 28234 33553 33587 33599 33604 33619 33631 33632 33633 33634 33635 33636
301 3 3 4552 4592 4593 4594 4595 4596 4597 4598 4599 4600
302 2 2 14683 14684 14685 14686 14687 14688 14689 14690 14691 14692 14693 14694 14695 14696
303 0 0 4334 4723 4735 8213 13020 15125 15663 15666 15667 15668 15669 15670 15671 39325
304 0 0 10165 10220 24276 24280 30447 30477 30481 30500 30501
305 0 0 23614 23621 28706 28727 29780 30350 30351 30352 30353 30354 30355 30356 30357 30358
306 0 0 15998 16006 23330 23362 23365 23406 23425 23426 23427 23428 23429 39326
307 0 0 6194 18048 25058 25065 25084 25086 25087 25088 25089 25090 25091 39327
308 0 0 30494 30516 30529 34967 34978 35002 35003 35004 35005 35006 35007
309 2 2 15492 17087 22625 22662 22843 23705 24719 24733 24740 24746 24751 24762 24763 24764 24765 24766 24767 24768 24769 24770 24771
310 3 3 10367 11223 16289 16978 16983 17172 17184 23816 23822 24377 30006 30015 30016 30017 30018 30019
311 0 0 11179 16743 16787 16794 16795 16796 16797 16798 16799
312 1 1 12416 13232 13245 20249 20685 20720 20747 20754 22258 22259 22260 22261 22262 22263 22264 22265 22266 22267 22268 22269 22270
313 3 3 1612 1622 1638 1647 1656 3831 3847 3860 3865 7894 7908 7909 7910 7911 7912 7913 7914
314 2 2 658 4046 4138 4156 4169 4229 4687 4698 8045 8055 8064 8068 8087 8099 8148 8269 8278 8281 8282 8283 8284 8285 8286 8287 8288 8289 8290
315 0 0 35851 35883 35913 36065 36091 36095 36109 36113 36115 36116 36117 36118
316 2 2 5060 5068 9447 15364 15630 15921 16185 26463 26475 29302 29313 29340 29342 29343 29344 29345 29346 29347 29348 29349 29350
317 0 0 3 29 30 31 32 33 34 39328
318 2 2 28394 32289 32322 32339 32360 33839 33840 33841 33842 33843 33844 33845 33846 33847 33848 33849 33850
319 0 0 7586 7587 7588 7589 7590 7591 7592 7593 7594 39329
320 0 0 9609 9610 9611 9612 9613 9614 9615 9616 39330
321 2 2 9451 9615 9620 9634 9640 9641 9642 9643 9644 9645 9646 9647 9648 9649 9650 9651
322 1 1 34624 34629 34638 34644 34653 34658 34671 34674 34683 34687 34691 34701 34709 35236 35245 36814 36832 38161 38179 38201 38203 38204 38205 38206
323 0 0 36311 37797 38346 38364 38369 38372 38377 38378 38379
324 0 0 33487 33488 33489 33490 33491 33492 33493 33494 33495 33496 33497 33498 33499 33500
325 3 3 6678 7837 11253 11580 11605 14785 21032 21056 21066 21067 21068 21069 21070
326 2 2 14630 14652 22113 22132 23887 26283 26308 26361 32824 32836 32851 32873 32878
327 0 0 6415 6419 6420 6421 6422 6423 6424 39331
328 0 0 191 201 600 609 610 1685 1687 1688 1689 1690 1691 1692 1693 1694 39332
329 0 0 217 647 648 649 650 651 652 39333
330 2 2 1011 3747 3755 5669 7725 7729 24952 24956 25331 25340 25353 25809 25831 31372 31375 31376 31377 31378 31379 31380
331 2 2 11570 17908 18820 21582 26383 27382 28747 34740 34759 34764 34765 34766 34767 34768 34769 34770
332 0 0 897 1244 1251 2205 2593 2930 2942 2955 2956 2965 2987 5672 5681 5682 5683 5684 5685 5686 39334
333 3 3 18184 23638 25395 25627 31583 31602 31609 31610 31611 31612 31613 31614 31615 31616 31617 31618
334 0 0 1212 1216 1220 1235 2848 5980 6001 6005 6006 39335
335 0 0 20812 20819 20822 27714 27729 27776 27785 27786 27787 27788 27789 27790
336 0 0 5324 5332 5393 16806 16807 16808 16809 16810 16811
337 0 0 16723 16771 16774 16829 16839 16845 16975 17190 24366 24367 24368 24369 24370 24371 24372 24373 24374 39336
338 0 0 759 760 761 762 763 764 765 766
339 4 4 7956 13600 15166 15271 15304 21152 21235 22396 28953 28961 28970 28986 28987 28988 28989
340 3 3 18931 18942 22963 22995 23018 23029 23037 24701 24703 24704 24705 24706 24707 24708 24709 24710 24711 24712 24713 24714 24715 24716 24717
341 0 0 2101 4998 5219 7043 7270 8747 9426 9668 9680 9717 9723 13779 13780 13781 13782 13783 13784 13785 13786 13787 13788 39337
342 0 0 1346 1350 1470 3102 3110 3125 3144 3145 3146 3147 3148 3149 3150 3151 39338
343 0 0 11920 12258 12673 12694 12705 12725 12736 19734 19785 19999 20017 20029 20030 20033 20036
344 2 2 8509 8534 8701 15673 15683 15702 15768 15793 15807 15811 16519 16531 22387 22405 22409 22410 22411 22412 22413 22414 22415 22416 22417 22418 22419 22420 22421 22422
345 0 0 536 1572 7578 14039 14043 14049 14056 14361 14417 14418 14419 14420 39339
346 4 4 32069 32070 32071 32072 32073 32074 32075 32076 32077 32078 32079 32080 32081 32082 32083 32084 32085 32086
347 0 0 3360 3475 6865 12001 12091 12092 12093 12094 12095 12096 12097 12098 12099 12100 39340
348 0 0 21014 21017 21179 21184 27816 27817 27818 27819 27820 27821 27822
349 0 0 13593 19157 19171 21390 21409 21452 21455 21462 28080 28101 28108 28117 28122 28130
350 3 3 21478 21484 21495 22326 28135 28166 28863 33492 33501 33517 33527 33528
351 2 2 18785 18790 25523 25557 27175 27188 27193 33799 33811 34919 37655 37674 38409 38417 38459 38466 38473 38476 38477 38478 38479 38480 38481
352 0 0 2065 2345 4852 9017 9018 9019 9020 9021 9022 9023 39341
353 0 0 1084 1112 1126 1152 1159 1162 1178 1190 1191 1192 1193 1194 1195 1196 1197 1198 39342
354 0 0 965 3220 3229 5350 5356 5597 6663 11526 11531 11537 11538 11539 11540 11541 11542 11543 11544 11545 39343
355 2 2 8897 8918 23524 29594 29628 29651 34536 35723 35731 35743 35760 35770 35772 35774 35775 35776
356 2 2 26267 26313 27344 29477 29492 29520 32821 32838 32849 32856 32864 32865 32866 32867 32868 32869 32870
357 2 2 11939 14650 21434 22115 22122 22123 22124 22125 22126 22127 22128 22129 22130 22131 22132 22133 22134 22135 22136 22137
358 2 2 7162 7184 7875 11230 11943 11951 12759 18452 19779 27632 27641 27653 28155 28533 28558 28817 28824 28829 33491 33513 33514 33523 33525 33526
359 4 4 31161 31185 35399 35405 37897 37915 37934 37940 37941 37942 37943 37944 37945
360 0 0 5314 7600 9947 9958 16624 16633 16639 24087 24094 30286 30290 30291 30292 30293 30294
361 3 3 3211 12599 18729 19607 19608 19609 19610 19611 19612 19613 19614 19615 19616 19617 19618 19619 19620 19621
362 1 1 15323 21188 21197 21210 22340 22573 28945 29027 29062 29184 29202 29374 29391 29419 29422 29424 29425 29426 29427 29428 29429 29430
363 0 0 37308 37837 38699 38731 38733 38734 38735 38736 38737
364 0 0 308 327 328 329 330 331 332 333 334 335 336 337 39344
365 3 3 12989 13007 13017 13808 15696 15715 20772 20785 20789 20791 20796 20797
366 0 0 1277 2188 5449 5492 5526 5563 5581 5590 10183 10186 10190 10191 10192 10193 10194 10195 10196 39345
367 0 0 10764 10773 14121 18745 26552 36332 36340 36347 36349 36353 36354
368 0 0 3306 5264 6867 11684 11711 11723 12018 12106 19056 19066 19087 19111 19112 39346
369 0 0 3485 11016 11569 11570 11571 11572 11573 11574 11575 39347
370 0 0 498 1505 3101 3121 3142 3157 3163 3176 3621 3639 3646 3654 3659 3664 3665 3666 3667 3668 3669 3670 39348
371 0 0 7671 7708 11381 14546 18578 22037 22053 22058 22059 22060 22061 22062 22063
372 0 0 2421 2444 2449 2457 2458 2459 2460 2461 39349
373 0 0 1082 1083 1084 1085 1086 1087 1088 1089 1090 1091 1092 1093 1094 39350
374 0 0 1525 3399 6117 7284 7376 7409 7431 7436 7437 7438 7439 7440 39351
375 2 2 1512 3565 6515 6528 6531 6532 6533 6534 6535 6536 6537 6538 6539 6540 6541 6542
376 0 0 13924 13931 13938 21662 21690 21706 21718 21749 21750 21751
377 2 2 1736 4375 5230 7058 7794 7987 11805 11806 11807 11808 11809 11810 11811 11812 11813 11814 11815 11816 11817 11818
378 4 4 24217 24232 24258 30520 35111 35137 35157 35171 35180 35182 35183
379 0 0 23248 23249 23250 23251 23252 23253 23254 23255 23256 23257 23258 39352 39353
380 3 3 20365 20377 20388 20394 26222 27012 27998 28014 28017 28050 28077 28085 28095 28113 28125 28126
381 0 0 3252 3816 6379 6400 6667 6679 7825 7839 11576 11577 11578 11579 11580 11581
382 2 2 15600 18927 18940 21829 23015 23033 24191 24709 24872 27030 27050 27058 27912 30572 31268 31444 31450 31452 31453 31454 31455 31456 31457 31458 31459
383 0 0 5246 5268 9755 9756 9757 9758 9759 9760 9761
384 0 0 2452 2462 2463 2464 2465 2466 2467 2468 2469 2470 2471 2472 2473 2474 2475 39354
385 0 0 7156 13528 13549 13574 15602 15603 15604 15605 15606 15607 15608 15609 15610 15611 15612 15613
386 0 0 32951 32970 34817 34841 37551 37576 37587 37588 37589 37590
387 2 2 3249 3812 6755 6776 7807 7819 7823 7824 7825 7826 7827 7828 7829 7830 7831 7832 7833 7834
388 3 3 6138 6143 8932 8938 9772 9798 9800 9814 10913 10914 10915 10916 10917 10918 10919
389 0 0 21295 21317 21330 21374 22999 28877 28878 28879 28880 28881 28882
390 0 0 24119 27745 34120 34953 37052 37059 37070 37071 37072 37073 37074 37075 37076 37077 37078 39355
391 0 0 3644 3645 3646 3647 3648 3649 3650 3651 3652 3653 39356
392 0 0 17897 20554 20559 20590 20591 20592 20593 20594 20595 20596 20597 20598 20599 20600 39357
393 3 3 10333 10777 11263 11269 11282 14336 14343 14347 16880 16892 16903 18473 18480 18481 18482 18483 18484 18485
394 0 0 6977 6978 6979 6980 6981 6982 6983 6984 6985
395 0 0 1561 5289 7618 7625 9845 9862 9888 9896 9900 9914 9915
396 0 0 7553 18626 21652 21721 21728 21733 21734 21735 21736 21737
397 3 3 16053 17992 22937 22944 24785 24797 24806 25601 31672 31743 31750 31796 34359 34385 34404 34411 34413
398 0 0 1034 1043 2582 2878 2887 5619 5620 5621 5622 5623 5624 5625 5626 5627 5628 5629
399 4 4 18435 18446 18457 19654 19661 19662 19663 19664 19665 19666 19667
400 0 0 6903 11650 12675 12704 12716 12717 12718 12719 12720 12721 12722 12723 12724 12725 39358
401 0 0 545 2603 10574 17300 18279 18287 18300 18334 18349 18360 18361 18362 39359
402 0 0 29738 29739 29740 29741 29742 29743 29744 39360
403 0 0 2180 5494 5529 5606 10182 10190 10226 10227 10228 10229 10230 10231 10232 10233 10234 39361
404 0 0 4620 4638 4639 4640 4641 4642 4643
405 0 0 2320 5407 5411 5413 5414 5415 5416 5417 5418 39362
406 0 0 4871 16058 17995 18003 18011 18032 18034 18037 18038 18039 18040 39363
407 3 3 7752 7943 7960 13598 22347 22465 28911 28920 28932 28939 28948 28962 28969 28970 28971 28972 28973 28974 28975
408 0 0 26097 26105 26109 32294 32306 32312 32313 32314 32315 32316 32317 32318
409 0 0 20425 26991 28008 28011 28030 28048 28053 28061 28062 28063
410 2 2 7025 9621 9649 12916 20232 20261 27491 27529 28211 33558 33581 33593 33596 33600 33601 33602
411 4 4 9035 9036 9037 9038 9039 9040 9041 9042 9043 9044
412 3 3 2073 4843 4857 9062 9153 10396 10401 10419 23693 29903 29926 29940 29966 29967 29968 29969 29970
413 0 0 6184 6185 6186 6187 6188 6189 6190 6191 6192 39364
414 0 0 1743 1747 1754 1755 1756 1757 1758 1759 1760 1761 39365
415 0 0 12023 12036 12042 12110 19247 19260 19271 19272 19273 19274 19275 19276 39366
416 3 3 5766 5785 10708 13906 13910 13911 13912 13913 13914 13915 13916 13917
417 4 4 24750 24751 24752 24753 24754 24755 24756 24757 24758 24759 24760 24761
418 3 3 26469 29360 32944 32958 32963 32967 32979 34126 34842 34854 37109 37114 37115 37116 37117 37118 37119
419 0 0 3296 5247 5270 9755 9766 11691 11706 11726 11727 11728 11729 11730 11731
420 0 0 5153 5154 5155 5156 5157 5158 5159 5160 39367
421 0 0 14230 21899 32189 36841 36848 36857 36858 36859 36860 36861 36862
422 4 4 8766 8779 8980 9412 9436 9437 9438 9439 9440 9441 9442 9443 9444
423 0 0 7235 7239 8996 13742 13753 13759 13766 13767 39368
424 0 0 2009 2067 4842 9052 9058 9066 10394 10406 10417 10418 10419 10420 10421
425 0 0 18471 25847 25893 25917 25930 25944 25945 25946 25947 25948 25949 25950 25951 25952
426 3 3 8420 8432 9094 9108 9142 15172 15173 15174 15175 15176 15177 15178 15179
427 0 0 34926 34942 38231 38748 38864 38883 38884 38885 38886 38887 38888
428 0 0 1068 2794 5899 5900 5901 5902 5903 5904 5905 5906 5907 39369 39370
429 0 0 27776 27777 27778 27779 27780 27781 27782 27783 27784
430 0 0 4932 4949 9368 9372 9373 9374 9375 9376 9377 9378 9379 9380 9381 9382 9383 39371
431 0 0 24193 26181 26192 26204 32488 35097 35119 35126 35141 35142 35143 35144 35145 35146
432 0 0 1241 1531 1532 1533 1534 1535 1536 39372
433 0 0 6212 6216 11125 11126 11127 11128 11129 11130 11131 11132 11133 11134 11135 39373
434 0 0 10635 10638 10654 10675 11171 11172 11173 11174 11175 11176 11177 11178 11179 11180
435 0 0 1453 3371 3372 3373 3374 3375 3376 3377 39374
436 0 0 7566 7569 7570 7571 7572 7573 7574 7575 7576 7577 39375
437 0 0 180 207 220 221 222 223 224 225 226 227 228 229 230 39376 39377
438 3 3 37659 37667 37676 37682 37718 38837 38860 39026 39108 39128 39134 39135 39136 39137 39138
439 4 4 15992 17028 18169 23676 25619 25631 25639 25643 25649 25650 25651 25652 25653 25654
440 3 3 23952 23964 27357 28300 28319 28321 28322 28323 28324 28325 28326
441 0 0 26874 28849 34144 34158 34161 34162 34163 34164 34165 34166
442 0 0 9590 9604 12967 13212 13213 13214 13215 13216 13217 13218 13219 13220
443 2 2 34821 34829 34833 34840 34847 34852 34857 36689 37503 37513 37527 37543 37549 37574 37575 37576 37577 37578 37579 37580
444 2 2 5056 5065 8728 9414 9448 13760 15358 15631 15652 15896 15914 15915 15916 15917 15918 15919 15920 15921 15922
445 0 0 1840 1864 1880 1881 1882 1883 1884 1885 1886
446 0 0 3333 3379 12052 19032 19302 19308 19326 19338 19346 19348 19349
447 0 0 3753 3757 7723 7727 7728 7729 7730 7731 7732 7733 7734
448 0 0 11661 16915 18476 18493 25908 25909 25910 25911 25912 25913
449 0 0 11644 12636 12646 12668 19919 19948 19956 19970 19983 19987 19988 19989 39378
450 0 0 21914 21926 21998 25521 25548 25558 25559 25560 25561
451 3 3 14122 14131 14141 14147 18699 18730 18737 18738 18739 18740 18741 18742 18743 18744 18745 18746 18747 18748
452 4 4 25527 26027 26034 27176 27185 27193 27194 27195 27196 27197 27198 27199 27200 27201
453 0 0 12060 12087 12288 12439 12447 12456 12458 12466 12467 12468 12469
454 2 2 26957 26968 26973 26977 26988 26990 26999 27007 27021 27027 27374 28047 30223 30232 33120 33154 33157 33162 33163 33164 33165 33166 33167
455 0 0 3548 7128 12886 20168 20184 20190 20191 20192 20193 20194 20195 39379
456 1 1 1731 6763 6773 7770 7780 7797 7811 7958 7977 8000 11740 11782 11793 11820 13594 14770 15212 15233 15274 15281 15293 15300 15301 15302 15303 15304
457 4 4 1725 4030 4031 4032 4033 4034 4035 4036 4037 4038 4039 4040 4041 4042 4043
458 0 0 33678 33682 33691 33702 33711 33714 33719 33722 33725 33734 36395 36732 36743 36744 36745 36746 36747
459 3 3 328 1271 2935 5694 5699 5707 5708 5709 5710 5711 5712 5713 5714 5715
460 0 0 425 1389 4110 4124 6328 6335 6349 6350 6351 6352 6353 6354 6355
461 0 0 24489 24501 24507 24512 24524 24535 24546 24550 24551 24552 24553 24554 24555
462 0 0 18220 18221 18222 18223 18224 18225 18226 18227 18228 39380 39381
463 2 2 14578 21742 22023 26004 28355 28383 32334 32348 32362 32380 32397 32398 32399 32400 32401 32402 32403 32404 32405
464 2 2 7548 7677 11383 14366 14390 14438 14439 14440 14441 14442 14443 14444 14445 14446 14447 14448 14449 14450 14451 14452 14453 14454 14455
465 0 0 366 376 1312 2974 2979 2980 2981 2982 2983 2984
466 0 0 28674 34077 34088 37106 38925 39081 39085 39096 39105 39116 39146 39147 39153 39154 39160 39167
467 0 0 34109 36644 36657 37080 37107 38618 38633 38642 39051 39061 39063 39070 39072 39088 39089 39090
468 0 0 11863 11868 11879 11898 11963 11971 11972 11973 11974 11975 11976 11977
469 3 3 29461 31196 32725 35423 35439 36406 36422 36443 36445 36446 36447 36448 36449 36450 36451
470 2 2 17902 20561 20568 20597 23572 29677 29682 29689 29690 29691 29692 29693 29694 29695 29696
471 0 0 435 444 1429 1439 3337 3338 3339 3340 3341 3342 3343 3344 3345
472 2 2 24126 26961 26972 27002 30219 33166 33187 36623 38566 38567 38568 38569 38570 38571 38572 38573 38574 38575
473 3 3 8407 8409 8410 8411 8412 8413 8414 8415 8416 8417 8418 8419 8420
474 0 0 15856 15863 15867 15869 15876 23251 23263 23264 23268 23269 23270 23271 23272 39382
475 0 0 13651 13675 13676 13677 13678 13679 13680 13681
476 2 2 5397 5403 16841 17157 17187 24224 24245 24285 24366 30466 30472 30502 30680 30691 30692 30693 30694 30695 30696 30697 30698
477 3 3 26120 26141 30506 30507 30508 30509 30510 30511 30512 30513
478 0 0 12478 12980 12981 12982 12983 12984 12985 12986 12987 12988 39383
479 4 4 5814 5822 5831 5840 10530 10539 10604 10695 17207 24898 24901 24968 24976 24983 24988 24989 24990 24991
480 4 4 10879 10965 17441 17450 17465 17490 17506 17513 17514 17515 17516 17517 17518
481 0 0 30952 37429 37444 37460 37461 37462 37463 37464 37465 37466
482 0 0 30430 30437 32206 32234 32247 32248 32283 33812 38413 38420 38475 38480 38482 38483
483 2 2 9596 13233 14679 20098 20625 20627 26956 26971 26976 26989 27006 33128 33152 33162 33178 33180 33183 33187 33188 33189 33190
484 0 0 4457 4476 4487 15467 15468 15469 15470 15471 15472 15473 15474 15475 15476 39384
485 4 4 22241 26464 29306 29345 29354 29356 29357 29358 29359 29360 29361 29362
486 0 0 38571 38583 38848 38991 39013 39188 39199 39201 39214 39223 39224
487 3 3 13550 13566 15588 17229 19656 21049 22362 22968 24188 27059 28145 28170 28173 28180 28181 28182
488 3 3 16071 16246 16298 22806 23801 29989 29994 31764 31798 34356 34372 34389 34390 34399 34407 34408
489 2 2 15617 23189 26288 29000 32847 37146 37160 37558 37601 37610 37611 37612 37613 37614 37615 37616
490 4 4 21250 21260 21268 21278 21284 21290 21305 21333 21338 21339 21340 21341 21342 21343 21344 21345
491 0 0 28678 34924 34936 34948 38903 39106 39114 39142 39149 39151 39159 39160 39161
492 3 3 2275 5376 5381 5382 5383 5384 5385 5386 5387
493 0 0 2239 2248 2257 5317 5459 5568 5572 5583 5586 5593 5594
494 0 0 18818 26378 26448 26453 28749 30164 30168 30169 30170 30171 30172 30173
495 2 2 6748 12131 12191 12194 19467 19478 19491 19520 19530 19533 19537 25866 26862 26865 28811 28868 28873 34149 34171 34175 34180 34185 34186 34187 34188
496 1 1 9107 15328 21199 21316 21361 22569 22591 23753 23773 28943 29026 29038 29048 29055 29056 29057 29058 29059 29060 29061 29062 29063 29064 29065 29066 29067
497 0 0 8943 8946 8947 8948 8949 8950 8951 8952 8953
498 0 0 622 632 1459 1857 1891 1892 1893 1894 1895 1896 1897 1898 1899 1900
499 0 0 260 269 282 286 842 852 853 854 855 856 857 858 859 860 861 862 863 864 39385
500 0 0 13211 13220 13226 13238 13240 14656 14678 20102 20611 20620 20621 20622 20623 20624 20625
501 0 0 24718 24719 24720 24721 24722 24723 24724 24725 24726 24727
502 4 4 10400 22885 29955 29967 29981 31087 31106 31108 31109 31110 31111
503 3 3 20099 20620 20628 20637 22164 22175 22193 22202 23970 24101 24125 26953 26970 27000 27001 27002 27003 27004 27005 27006 27007
504 0 0 263 274 873 1273 2243 2251 5362 5444 5452 5459 5460 5461 5462 5463 5464 5465 39386
505 3 3 16873 30559 30568 34984 35032 35033 35034 35035 35036 35037
506 3 3 15327 15774 21187 21195 21196 21197 21198 21199 21200 21201
507 2 2 14451 18556 24141 24151 26001 26009 26013 26067 28352 28388 32205 32229 32233 32256 32260 32261 32262 32263 32264
508 2 2 722 4740 16019 16037 16059 17993 18017 18038 18043 18058 22940 23506 24782 25585 25596 25597 25598 25599 25600 25601 25602 25603
509 0 0 377 378 379 380 381 382 383 384
510 0 0 1374 10457 10458 10459 10460 10461 10462 10463 10464 10465 10466 39387
511 0 0 11849 12423 12424 12425 12426 12427 12428 12429 12430 12431
512 0 0 417 586 1739 3054 3846 4062 4081 4092 4096 4099 4104 4105 39388
513 0 0 3483 3484 3485 3486 3487 3488 3489 3490 39389
514 0 0 9627 12887 20162 20163 20164 20165 20166 20167 20168 20169 39390 39391
515 0 0 5 33 43 56 57 58 59 60 61 62 63 64 65 66
516 0 0 27274 27297 30380 30396 30411 30416 33198 33230 33245 36101 36110 36121 36130 36131 36132 36133 39392
517 4 4 38069 38106 38107 38108 38109 38110 38111 38112 38113 38114
518 0 0 17699 17719 17720 17721 17722 17723 17724 17725 17726 17727 17728 17729 17730
519 3 3 27385 27399 28630 28741 29768 33389 33400 34739 34753 34754 34755 34756 34757 34758 34759 34760 34761 34762 34763
520 0 0 17926 17933 20530 20543 25040 28667 33384 33392 35662 35673 35688 35695 35696
521 3 3 15593 22946 22966 26337 28141 28142 28143 28144 28145 28146 28147 28148 28149 28150 28151 28152
522 0 0 25693 30378 30395 30413 30414 30415 30416 30417 39393
523 0 0 21365 23008 31213 31214 31215 31216 31217 31218 31219 31220
524 3 3 29888 31821 35489 35496 35793 35808 35830 36439 37328 37973 38495 38498 38499 38500 38501 38502 38503 38504 38505 38506
525 3 3 23715 23723 23730 23751 23761 23777 29059 30099 30114 30119 30122 30123 30124 30125 30126 30127 30128
526 0 0 531 7581 11355 14432 14458 14467 14471 14474 14475 14476 14477
527 0 0 12521 12522 12523 12524 12525 12526 12527 12528 12529 39394
528 3 3 29434 29435 29436 29437 29438 29439 29440 29441 29442 29443 29444 29445 29446 29447 29448 29449
529 0 0 4235 4236 4237 4238 4239 39395
530 0 0 74 86 235 236 237 238 239 240 241
531 0 0 405 411 1631 3088 3241 3813 6887 6895 6896 6897 6898
532 3 3 9060 10395 10400 10401 10402 10403 10404 10405 10406 10407 10408 10409 10410 10411 10412 10413 10414 10415 10416
533 4 4 960 967 968 969 970 971 972 973 974 975 976 977
534 4 4 31363 31489 31506 31519 34980 34990 34996 34997 34998 34999 35000 35001
535 0 0 4862 9181 23681 29918 29935 29954 29986 30032 30036 30038 30039 30040 39396
536 3 3 30489 30493 30515 30705 34960 34961 34962 34963 34964 34965 34966 34967 34968 34969 34970
537 0 0 8153 8159 8160 8161 8162 8163 8164 8165 8166 8167
538 3 3 26224 26236 27331 27332 27333 27334 27335 27336 27337 27338 27339 27340 27341 27342
539 1 1 4680 4694 8012 8149 8160 8288 8371 8390 14902 14916 15139 15152 15158 15159 15160 15161 15162 15163 15164 15165 15166 15167 15168 15169 15170 15171
540 1 1 23196 24451 26262 29002 29008 29132 29470 29494 29498 32784 32798 32803 32809 32846 32866 36441 36458 36475 37218 37565 37599 37615 37625 37628 37631 37632 37633 37634
541 3 3 18763 21918 21920 21921 21922 21923 21924 21925 21926 21927
542 0 0 31487 31498 32430 33947 33959 35028 36293 36966 36968 36971 36977 36992 36993
543 0 0 16127 16136 23627 25196 25201 25205 29593 29872 35708 35720 35725 35728 35729 35730 35731 35732 35733 35734
544 0 0 25108 25109 25110 25111 25112 25113 25114 25115 25116 25117
545 4 4 13049 13332 14594 14602 14617 14618 14619 14620 14621 14622 14623 14624 14625 14626
546 0 0 36843 36852 36944 38277 38279 38291 38303 38317 38319 38320
547 0 0 8458 8475 8483 8491 8507 15440 15445 15446 15447 15448 15449 15450 15451 15452 15453 39397
548 0 0 1521 3394 3632 6067 6081 6100 6105 6106 6107 6108 6109
549 4 4 8126 9298 15844 20836 21011 27838 33406 33415 33420 33427 33428 33429
550 0 0 1605 1619 3037 3822 3823 3824 3825 3826 3827 3828 3829 3830
551 0 0 15945 15946 15947 15948 15949 15950 39398
552 0 0 25731 25746 35891 35923 35935 35942 35954 35955 35956 35957 35958 35959 39399
553 3 3 11854 11975 12481 12518 12779 13588 19162 19165 19166 19167 19168 19169 19170 19171 19172
554 0 0 20144 20270 20675 20692 27406 27415 27418 27419 27420 27421
555 0 0 6074 6107 6121 6122 7282 7286 7287 7288 7289 7290 39400
556 0 0 17821 24485 24491 24516 24527 24553 24558 24924 25373 25383 25401 25407 25413 25414 25415 25416 25417
557 0 0 844 863 981 985 2495 2502 2511 2512 2513 39401 39402
558 2 2 28318 35468 35475 35482 35500 35803 36419 36438 36471 38444 38448 38503 38549 38773 38790 38793 38800 38801 38802 38803
559 0 0 17519 17520 17521 17522 17523 17524 17525 17526 17527 17528
560 0 0 6916 6917 6918 6919 6920 6921 6922 6923 6924 6925 6926 6927 39403
561 3 3 6073 7315 7448 7481 14415 14424 21763 21769 21782 21784 21790 21791 21792 21793 21794
562 0 0 19183 19184 19185 19186 19187 19188 19189 19190 19191 19192
563 0 0 6146 9805 9919 9954 16625 16630 16631 16632 16633 16634
564 2 2 500 504 519 521 529 1501 3660 3667 3673 6083 6102 6111 7462 7467 7475 7502 7508
565 0 0 25912 26491 26513 26520 26531 26532 26533 26534 26535 26536 26537
566 0 0 25239 25244 25249 31558 31561 35710 37984 37986 37987 37988 37989 37990
567 3 3 16147 16152 34512 34528 34542 34546 34547 34548 34549 34550 34551 34552 34553 34554
568 4 4 13860 14006 14259 14260 14261 14262 14263 14264 14265 14266 14267 14268 14269
569 2 2 24111 24120 24128 34119 34955 37053 37070 38568 38829 38839 38844 38857 38990 39028 39032 39033 39034 39035 39036 39037 39038
570 1 1 22358 22957 22961 23000 23023 23036 26328 26344 26354 28141 28178 28180 28886 28995 29272 29280 29369 29396 29404 29405 29406 29407 29408 29409 29410 29411
571 3 3 32815 32816 32817 32818 32819 32820 32821 32822 32823 32824 32825 32826 32827 32828 32829
572 0 0 2187 5456 5469 5482 5491 5492 5493 5494 5495 5496 5497 5498 5499 39404
573 1 1 7114 12329 12346 12411 13228 13251 13273 16574 16598 16613 20237 20245 20447 20682 22266 27428 27438 27439 27440 27441 27442 27443 27444 27445 27446 27447 27448 27449 27450
574 2 2 17770 17779 17798 17811 17882 24637 24656 28498 30623 30652 30653 30654 30655 30656 30657 30658 30659 30660
575 0 0 3722 11039 11141 11170 16641 16656 16674 18199 18200 18201 18202 18203 18204 18205 18206 39405
576 0 0 4452 8459 8474 8490 8505 15438 15439 15440 15441 15442 15443 15444
577 0 0 715 1979 4461 4483 4486 15464 15470 16018 22603 22932 22939 24726 24730 24742 24756 24772 24778 24785 24786 24787 24788 24789 39406
578 0 0 16725 16764 16816 16823 16837 16844 16845 16846 16847 39407
579 2 2 92 124 131 150 2672 2904 2909 3592 5737 5749 5759 5760 5761 5762 5763 5764 5765 5766 5767 5768 5769 5770 5771
580 0 0 17364 17377 17493 17501 17813 24486 24495 24562 24573 24908 24923 24924 24925 24926 24927 24928 24929
581 0 0 6950 13291 16377 16378 16379 16380 16381 16382 16383 16384 16385
582 2 2 18195 20584 23573 25691 29714 29788 29792 29793 29794 29795 29796 29797 29798 29799 29800
583 0 0 5212 9657 9685 9709 9722 9724 9729 9730 9731 9732 9733
584 0 0 38833 38845 38992 39009 39029 39034 39042 39043 39044 39045
585 0 0 15629 23902 23912 26297 29326 37126 37128 37137 37144 37157 37158 37159
586 0 0 19906 19907 19908 19909 19910 19911 19912 19913 19914 19915 19916 19917 19918 19919
587 3 3 12592 12593 12594 12595 12596 12597 12598 12599 12600 12601 12602 12603 12604
588 0 0 749 774 804 810 811 812 813 814 815 816 817 818 819 820 821
589 0 0 3552 3558 7121 7122 7123 7124 7125 7126 7127 7128 7129 7130 39408 39409
590 0 0 14155 14161 14353 14374 14384 14385 14386 14387 14388 14389 14390 14391 14392 14393 14394
591 0 0 727 15333 15542 15543 15544 15545 15546 39410
592 0 0 6068 6096 7451 7459 7469 7479 7504 7505 7506 7507
593 3 3 520 526 530 6063 6086 6087 6101 6110 7447 7454 7467 7468 7469 7470 7471
594 3 3 20383 20389 21460 21468 22155 22157 28067 28083 28084 28085 28086 28087 28088
595 0 0 3569 6567 6577 6578 6589 6599 39411
596 0 0 31172 31178 32494 33985 38117 38322 38332 38338 38354 38360 38386 38389 38394 38396
597 1 1 14123 14132 14145 18777 18799 19626 19639 22024 26148 27985 27989 32582 32583 32584 32585 32586 32587 32588 32589 32590 32591
598 0 0 531 532 533 534 535 536 537 538 539 540 39412
599 3 3 14581 14582 14583 14584 14585 14586 14587 14588 14589 14590 14591 14592 14593 14594 14595 14596
600 3 3 17052 23374 23384 24846 24856 30984 30985 30986 30987 30988 30989 30990 30991
601 0 0 16078 16086 16643 16665 18229 25733 25736 25737 25738 25739 25740 39413
602 2 2 36236 37830 37842 38169 38193 38200 38209 38216 38229 38242 38270 38713 38739 38746 38870 38887 38906 38913 38917 38918 38919 38920 38921 38922
603 0 0 1202 1221 1222 1223 1224 1225 1226 1227 1228 1229 1230 1231 39414
604 4 4 7100 12949 13203 13225 14669 14677 20147 20152 20670 20687 20695 20696 20697 20698
605 0 0 3257 3526 6608 7188 7197 7317 11275 11276 11277 11278 11279 11280 11281 39415
606 3 3 15555 17739 22912 23422 23448 23470 23480 23499 23511 23512 23513 23514 23515
607 2 2 24433 24434 24435 24436 24437 24438 24439 24440 24441 24442 24443 24444 24445 24446 24447 24448 24449 24450 24451 24452 24453
608 0 0 13517 15800 15821 15826 15827 15828 15829 15830 15831 15832
609 0 0 4737 6013 6025 6032 6035 6036 6037 6038 6039 6040 6041 6042 39416 39417
610 0 0 11865 11866 11867 11868 11869 11870 11871 11872 11873 11874
611 0 0 2182 3221 3227 5349 5354 5355 5356 5357 5358 5359 5360 39418
612 0 0 29445 29488 29502 29509 29510 29511 29512 29513 29514
613 0 0 5328 5395 5401 10125 16809 16812 16813 16814 16815 16816 16817 39419
614 0 0 447 448 449 450 451 452 453 454 455 39420
615 0 0 7527 7696 9835 14148 14149 14150 14151 14152 14153 14154 14155 14156 14157 14158
616 3 3 10450 16282 17152 17163 17183 17185 23697 23807 23815 24243 30002 30005 30015 30029 31065 31077 31078 31079 31080 31081 31082 31083 31084
617 0 0 36193 36945 36956 37291 38286 38300 38319 38535 38556 38562 38563 38564 38565
618 0 0 16002 16023 17701 23290 23307 23308 23309 23310 23311 23312 23313 23314 39421
619 0 0 20699 20700 20701 20702 20703 20704 20705 20706 20707 20708 20709 20710 20711
620 3 3 27043 27054 27061 27069 27080 27088 27110 27114 27120 27121 27122 27123 27124
621 3 3 31807 35702 35726 35730 35740 35757 35769 35776 35781 35790 37997 38005 38012 38015 38016 38017 38018 38019
622 0 0 5547 10128 10141 10150 24336 24362 30439 30454 30458 30459 30460 30461 30462 30463
623 0 0 4298 4300 4301 4302 4303 4304 4305 4306 4307 4308 39422
624 0 0 11535 11546 11558 18664 26175 26184 26185 26186 26187 26188
625 2 2 7651 7720 11389 14507 14516 18324 18340 18354 18593 22044 22066 22075 22081 22082 22083 22084 22085 22086 22087
626 3 3 24835 29071 29223 29245 29250 29257 30092 30881 30917 30921 30922 30923 30924 30925
627 0 0 3066 8404 8565 8585 8611 8614 8615 8616 8617 8618 8619 8620 8621
628 0 0 6699 6729 6779 7757 7764 7765 7766 7767 7768 7769 7770 7771 7772 7773 7774
629 0 0 15580 26438 29658 30944 32898 32911 32920 32928 37391 37420 37436 37440 37449 37450 37451 39423
630 0 0 38 431 1393 1419 6884 11676 11682 11689 11720 11735 18987 18991 24011 24039 24058 24059 24060 24061 39424
631 0 0 22212 22220 22229 22234 22237 26213 26219 27022 27314 27315 27316 27317 27318 27319 27320
632 0 0 23921 23932 23933 23934 23935 23936 23937 23938 23939 23940
633 0 0 3724 3727 11139 11153 11165 11168 11169 11170 39425
634 0 0 11004 16287 16292 16966 16974 16975 16976 16977 16978 16979 16980 16981 16982 39426
635 0 0 27907 31267 31437 31447 31448 31449 31450 31451
636 0 0 15371 15372 15373 15374 15375 15376 15377 15378 15379 15380
637 0 0 26630 26637 26648 27584 33005 33006 33007 33008 33009 33010 33011 33012
638 4 4 25685 31876 31898 31913 31950 31976 33832 35898 35899 35900 35901 35902 35903 35904
639 0 0 28503 28504 28505 28506 28507 28508 28509 28510 28511 28512 28513 28514 28515 28516 28517 28518
640 0 0 259 270 273 274 275 276 277 278 39427
641 4 4 34102 34121 37097 38579 38832 38846 38993 39011 39042 39124 39130 39144 39156 39174 39177 39185 39188 39189
642 1 1 18909 21825 21830 27028 27044 27146 27151 30579 30584 31452 31463 31465 32435 32444 32445 32446 32447 32448 32449 32450 32451 32452 32453 32454
643 3 3 15741 20903 20963 20975 20984 20988 20995 21020 21181 33462 33467 33473 33477 34322 36577 36585 36593 36597 36599
644 0 0 25661 25675 31816 35818 35828 36904 36908 38494 38502 38508 38512 38519 38525 38526
645 2 2 6190 6205 9199 17369 17408 17476 17497 17502 18065 24475 24570 24572 24925 24935 25053 25067 25070 25071 25072 25073 25074 25075 25076 25077 25078 25079
646 0 0 35268 35285 37316 37321 37365 37818 37821 37828 38696 38714 38722 38723 38724 38725 38726 38727
647 3 3 28335 28591 29534 33748 33757 33759 33776 34060 34085 34101 36672 38463 38592 38598 39001 39007 39125 39176 39183 39186 39189 39190
648 0 0 25702 27303 30389 30414 36088 36093 36104 36105 36106 36107 36108 36109 36110 36111 39428
649 3 3 36478 36479 36480 36481 36482 36483 36484 36485 36486 36487 36488 36489 36490 36491 36492 36493
650 2 2 5149 16387 16405 16427 16444 16447 16451 28185 28230 33555 33577 33582 33587 33588 33589 33590 33591
651 2 2 4248 8284 15372 15384 15392 15395 15402 15410 15835 23052 23068 23088 23097 23111
652 3 3 6343 11747 14909 15198 15223 15227 15228 15229 15230 15231 15232 15233 15234 15235
653 3 3 3490 7119 9466 11018 20179 21558 27571 33267 33279 33322 33327 33329 33330
654 3 3 16661 23551 23592 29623 29645 30296 30315 31877 31973 33821 33830 33833 34659 35786 36802 36807 36818 36829 36833 36838
655 0 0 674 4574 8657 8666 9086 9096 9116 9125 9126 9127
656 0 0 11262 11268 11269 11270 11271 11272 11273 11274 39429
657 2 2 26377 28748 30163 30169 33542 36655 36691 37480 37528 37553 37577 37590 37591 37592 37593 37594 37595 37596
658 3 3 10686 14034 17312 17344 21646 21709 24973 24977 24982 24983 24984 24985 24986 24987
659 3 3 11936 14651 19175 21397 21426 21436 21459 21465 22112 22135 22147 22151 22152 22153 22154 22155 22156
660 0 0 4553 4597 8308 8574 8587 8630 8637 8650 8651 8652 8653 8654 39430
661 0 0 3524 7190 7196 11280 11298 11299 11300 11301 11302 11303 11304 11305 11306 11307 39431
662 0 0 553 566 579 587 588 589 590 39432 39433
663 2 2 14629 14649 22122 22554 23885 26276 26301 26360 26361 26362 26363 26364 26365 26366 26367 26368
664 0 0 3255 11279 11287 11302 13624 14292 14307 14334 14338 14339 14345 14347 14348 14349 39434
665 4 4 33850 34049 36927 36938 36949 37003 38298 38528 38537 38960 38967 38975 38982 38988
666 0 0 12303 19078 19433 19439 19440 19441 19442 19443 19444 19445 19446
667 2 2 8143 8333 8346 8361 8376 13512 15839 15848 21007 21018 21115 21141 21159 21163 21180 21183 21184 21185
668 0 0 27755 28720 31528 35656 35668 35671 35676 35681 35682 35683 35684 35685 39435
669 0 0 1657 1658 1659 1660 1661 1662 1663 1664
670 3 3 15936 16396 20734 28235 33623 33632 33644 33657 33658 33659 33660
671 4 4 17591 25170 25184 31810 35700 35741 35758 35767 38022 38036 38041 38042 38043 38044
672 0 0 24951 24955 24961 25264 25306 25325 25332 25336 25337 25338 25339 25340 25341
673 0 0 15946 15951 15952 15953 15954 15955 15956 15957 15958 15959 39436
674 0 0 8402 8564 8579 8607 8609 8610 8611 8612 8613
675 0 0 32005 32008 32009 32010 32011 32012 32013 39437
676 0 0 23336 23342 23349 23354 23361 23376 23395 23401 23402 23403 23404 23405 39438
677 3 3 15529 22832 22852 29075 29233 29239 29241 29247 29248 29249 29250 29251 29252
678 3 3 22737 22752 22754 29069 29254 34129 34210 34243 34279 34284 34297 34298 34299
679 3 3 146 461 1340 1356 1363 2698 2918 3099 3111 3129 3133 3134 3135 3136 3137 3138 3139
680 1 1 3402 3628 6094 6115 7394 7399 7400 7401 7402 7403 7404 7405 7406 7407 7408 7409 7410 7411 7412 7413 7414 7415 7416 7417 7418
681 0 0 4882 4888 4896 4903 4918 9318 9341 9346 20829 23826 23832 27828 27841 27842 27843 27844 27845 27846
682 0 0 12190 19464 19507 19511 19516 19517 19518 39439
683 3 3 12351 13073 14589 14601 14621 22303 26638 26703 26704 26705 26706 26707 26708 26709 26710 26711 26712 26713 26714
684 0 0 677 686 687 688 689 690 691 692 39440
685 0 0 567 580 589 591 592 593 594 595 596 597 39441 39442
686 4 4 30136 34418 34445 34456 34459 34464 37169 37184 37189 37190 37191 37192
687 3 3 28288 28289 28290 28291 28292 28293 28294 28295 28296 28297 28298
688 2 2 3843 4074 4093 6342 6344 7897 7911 11746 11747 11748 11749 11750 11751 11752 11753 11754 11755 11756 11757
689 0 0 2528 2549 2567 3770 3773 3774 3775 3776 3777 3778 3779 3780
690 0 0 12582 19791 19792 19793 19794 19795 19796 19797 19798 19799 19800
691 0 0 287 299 304 305 306 307 308 309 310 311 312 313 39443 39444
692 2 2 10747 14116 18900 18901 18902 18903 18904 18905 18906 18907 18908 18909 18910 18911 18912
693 0 0 32408 33847 33987 34009 34018 34038 34048 36301 36928 36999 37002 37003 37004 37005 37006
694 2 2 2602 6442 7653 11340 17301 18299 18323 18333 18334 18335 18336 18337
695 0 0 2816 2855 5866 5873 5890 8821 8827 8834 8838 17560 17622 17640 17642 17643 17644 17645 17646 17647 17648 39445
696 0 0 28370 28371 28372 28373 28374 28375 28376 28377 28378 28379
697 4 4 34570 34571 34572 34573 34574 34575 34576 34577 34578
698 0 0 9495 9500 9512 9520 9531 9545 9547 9553 9554 9555 9556 39446
699 0 0 1335 2684 2690 3184 3189 3190 3191 3192 3193 3194 3195 3196 39447
700 0 0 4446 8318 8489 13386 13392 13393 13394 13395 13396 13397 13398 39448
701 2 2 15573 15952 15970 15973 16033 16140 16141 16142 16143 16144 16145 16146 16147
702 4 4 24646 24657 31029 31030 31031 31032 31033 31034 31035 31036 31037 31038
703 3 3 2049 4654 4990 8719 8753 8792 9219 9221 9222 9223 9224 9225 9226 9227 9228 9229 9230 9231
704 3 3 14137 18702 18731 18747 19614 19628 19642 19647 26556 36323 36327 36337 36355 36365 36378 36388 36393 36397 36398
705 2 2 1735 4377 7059 7964 7978 7990 8185 11808 11819 11845 15142 15207 15259 15275 15278 15279 15280 15281 15282 15283
706 0 0 7564 7571 10269 10292 10300 10304 10305 10306 10307
707 0 0 29718 29719 29720 29721 29722 29723 39449 39450
708 3 3 6675 6682 11597 11602 11609 11623 11642 18836 18845 18863 18864 18877 21039 21072 21083 21086 21090
709 0 0 16662 30297 31881 31897 31911 31948 31972 31973 31974 31975 31976 31977 31978 31979
710 2 2 14816 14823 14828 14832 14836 14844 14846 14851 14856 14863 14867 14870 14932 14948 14995 15010 15040 15041 15042
711 2 2 6076 7310 7314 7488 14073 14087 14092 21781 21785 21793 21803 21804 21805 21806 21807 21808 21809
712 0 0 31813 35735 35754 35763 35765 38021 38037 38038 38039 38040 38041
713 0 0 22300 30180 34832 34836 34849 36681 37505 37509 37510 37511 37512 37513 37514
714 0 0 20958 20977 20991 34217 34289 34304 34310 34314 34315 34316
715 0 0 25613 25614 25615 25616 25617 25618 25619 25620 25621 25622
716 0 0 17923 17932 20546 25039 25040 25041 25042 25043 25044 25045 25046 39451
717 2 2 15991 23634 25433 25445 25463 25479 25655 29596 29818 29835 29840 29844 29849 29850 29851 29852 29853 29854 29855 29856 29857
718 2 2 7556 10811 14127 14140 14144 21817 22031 26154 27986 27994 30587 32588 33862 33869 33884 33915 33920 33921 33922 33923 33924
719 0 0 6163 16083 16090 16649 16657 23548 23586 23590 23591 23592 23593 23594 23595 23596 23597 23598 23599 23600 39452 39453
720 0 0 8819 23285 23297 23307 23321 23324 23325 23326 39454
721 0 0 4751 4755 17585 23521 23529 25157 25163 25164 25165 25166 25167 25168 25169 25170 25171
722 0 0 4952 13428 13438 13445 13446 13447 13448 13449 13450 13451 13452 39455
723 3 3 33547 33548 33549 33550 33551 33552 33553 33554 33555 33556 33557 33558 33559 33560 33561
724 0 0 17989 18001 18009 18022 18034 18035 18036 39456
725 2 2 14671 14675 20097 20681 22264 22277 22287 30174 30184 30191 30192 30193 30194 30195 30196 30197 30198
726 0 0 3547 7091 7131 7132 7133 7134 7135 7136 7137 7138 7139 39457
727 0 0 15315 15316 15317 15318 15319 15320
728 3 3 23132 23144 23153 23158 23165 23174 23175 23187 29316 29336 34219 34254 34294 34306 34319 34320
729 0 0 4211 4260 8058 8078 8079 8080 8081 8082 8083 8084 8085 8086 39458
730 0 0 15474 17100 17110 22647 22653 22654 22655 22656 22657 22658 22659 39459
731 2 2 12378 12382 12407 12408 12409 12410 12411 12412 12413 12414 12415 12416 12417 12418 12419 12420 12421 12422
732 0 0 35362 35414 35839 37182 37231 37234 37236
733 1 1 23636 25640 29586 29601 29613 29830 29845 29851 29863 31636 34471 34490 34499 34533 34593 34602 34616 34908 34912 35341 37241 37251 37267 37268 37269 37270 37271 37272
734 0 0 1026 2608 2617 6433 6441 6448 10588 10589 10590 10591 10592 10593 10594 10595 10596
735 3 3 1581 7293 7446 14357 14380 14406 14411 14412 14413 14414 14415 14416 14417
736 0 0 2620 2631 5722 6468 6475 10589 10597 10598 10599 10600 10601
737 0 0 17086 17087 17088 17089 17090 17091 17092 17093 17094 17095
738 3 3 14082 14108 18521 20081 25985 26029 26036 26042 26060 26064 26068 26069 26070 26071 26072 26073 26074
739 0 0 10737 10755 10756 10757 10758 10759 10760 10761 10762 10763 10764 10765
740 0 0 2716 2735 2770 2838 6007 6017 6019 6043 6044 6045 6046 6047 6048 6049 6050 6051 6052 6053 6054 6055 6056 39460
741 3 3 2099 4813 4836 5002 7042 7258 7270 7271 7272 7273 7274 7275 7276 7277 7278 7279
742 0 0 11869 11880 11891 11892 11893 11894 11895 11896 11897 11898
743 0 0 5550 10205 10219 24206 24338 24346 24355 30451 30459 30482 30498 30501 30503 30504 30505
744 4 4 28743 28751 33539 33540 33541 33542 33543 33544 33545 33546
745 0 0 1087 1130 1560 1561 1562 1563 1564 1565 1566 1567 1568 1569
746 1 1 26304 29525 30177 30187 32829 32857 32869 32880 32885 32886 32887 32888 32889 32890 32891 32892 32893 32894 32895
747 3 3 6960 10772 10782 11293 14331 17359 26163 32535 32536 32537 32538 32539 32540
748 0 0 3232 5502 5598 5609 6405 6406 6407 6408 6409 6410 39461
749 0 0 1692 1782 1790 1804 3933 3942 3955 3960 3961 3962 3963
750 2 2 15003 15009 15015 15024 15029 15032 15039 15042 15047 15054 15058 15153 22429 22434 22454 22458 22459 22460 22461
751 4 4 11103 15983 17034 23670 23671 23672 23673 23674 23675 23676 23677 23678 23679
752 2 2 24176 29665 32903 32907 32921 32934 34581 34650 35241 36233 37417 37810 37843 38198 38208 38881 38910 38917 38933 38943 38951
753 3 3 3400 7400 7434 7437 11401 11408 11419 13866 14099 18634 18640 18651 18652 18653 18654
754 0 0 17898 20560 20594 29670 29692 29743 29756 31542 31878 34618 34632 34642 34657 34684 34685 34686 34687 39462
755 0 0 28401 31474 31475 31476 31477 31478 31479 31480 31481 31482 31483 31484 31485 31486 31487
756 0 0 4383 8182 8206 8218 8241 8254 8292 8677 8683 8693 8694 8695 8696 8697
757 0 0 17612 18053 18061 18078 18079 18080 18081 18082 18083 18084 18085
758 0 0 457 467 1348 1352 1472 3108 3126 3149 3156 3178 39463
759 3 3 7155 13543 13572 13580 14749 15612 17226 17250 22342 22352 22353 22354 22355 22356 22357
760 0 0 12244 12253 19481 26847 26851 26881 26890 26894 26895 26896 26897
761 0 0 1101 1106 1113 1136 1137 1138 1139 1140 1141 1142 1143 1144
762 0 0 3288 4419 5223 7054 7056 7057 7058 7059 7060 7061 7062 7063 7064 7065
763 2 2 7207 7218 11020 11569 17913 18817 21560 26379 26447 27386 27561 28732 28744 28745 28746 28747 28748 28749 28750 28751
764 0 0 120 421 1384 1385 1386 1387 1388 1389 1390 1391 39464
765 0 0 243 824 4761 4769 16342 16368 16370 16371 16372 39465 39466
766 0 0 34727 36194 36951 36952 36953 36954 36955 36956 36957
767 0 0 9575 9582 9594 20406 20421 20433 26954 26963 26975 26996 33117 33139 33143 33152 33153 33154 33155 39467
768 0 0 3540 4784 4785 4786 4787 4788 4789 4790 4791 4792 4793 39468
769 0 0 4609 4616 5066 8761 8781 9445 15349 15360 15367 15368 15369 15370 39469
770 3 3 24666 24671 24672 24673 24674 24675 24676 24677 24678 24679 24680 24681 24682 24683
771 3 3 2056 2107 4626 4987 8169 8718 8730 8741 8755 8778 8786 8787 8788 8789 8790 8791 8792 8793 8794 8795 8796 8797 8798 8799
772 0 0 6963 7554 7555 7556 7557 7558 7559 7560 7561 7562
773 0 0 15995 16005 23358 23366 23391 23408 23426 23432 23435 23436 23437 23438
774 2 2 6766 7742 7743 7744 7745 7746 7747 7748 7749 7750 7751 7752 7753
775 0 0 6021 6045 6204 9013 17373 17390 17415 17421 17468 17503 17511 25054 25068 25070 25080 25081 39470
776 0 0 663 4458 4464 4465 4466 4467 4468 4469 4470 4471 4472 4473 4474 4475 39471 39472
777 2 2 2999 3020 6265 6278 6292 6323 10147 11207 16781 16798 16803 18366 18380 18382 18383 18384 18385 18386
778 0 0 22216 27023 27318 30221 30225 30226 30227 30228 30229 30230
779 0 0 256 278 2522 2523 2524 2525 39473
780 4 4 24974 24981 24987 24991 24995 25001 25005 25011 31496 31509 31510 31511 31512 31513 31514
781 0 0 30760 30768 30775 30788 38877 38893 38946 38947 38948
782 4 4 32154 36140 36142 38065 38085 38088 38089 38090 38091 38092
783 0 0 7288 7300 7305 7306 7307 7308 7309 7310 7311 39474
784 2 2 8485 8495 15443 15452 15486 15489 22580 22599 22617 22621 22622 22623 22624 22625 22626 22627 22628 22629 22630 22631 22632 22633 22634
785 0 0 23004 23027 24695 26348 29260 29266 29272 29273 29274 29275 29276 29277
786 0 0 1132 1578 5294 7537 7693 14355 14378 14406 14407 14408 14409 14410
787 2 2 1608 1654 1769 3823 3838 3852 3853 3854 3855 3856 3857 3858 3859 3860 3861
788 0 0 37345 37351 37360 37367 38522 38709 38716 38740 38756 38761 38762 38763 38764
789 2 2 2266 2303 2319 2327 2357 5338 5389 5413 5422 5427 9988 10041 10056 10062 10074 10075 10076 10077 10078 10079 10080 10081
790 0 0 2095 3502 3503 3504 3505 3506 3507 3508 39475
791 0 0 12986 20424 26992 27621 28006 28025 28035 28052 28056 28058 28060 28061 39476
792 0 0 7084 9585 9601 9602 9603 9604 9605 9606 9607 9608 39477
793 0 0 1338 3197 5720 5733 6460 6464 6465 6466 6467 6468 6469 6470 6471 6472
794 0 0 25039 25049 25484 25500 25507 25508 25509 39478
795 0 0 28365 29885 34711 34726 36205 37337 37339 37340 37341 37342 37343 37344 37345
796 0 0 6055 10829 10862 17523 17535 17543 17545 17546 17547
797 0 0 31040 35488 35495 35496 35497 35498 35499 35500 35501 35502 35503 35504 35505
798 4 4 8517 8708 15930 16457 16517 16533 20732 23845 23858 23875 23892 23896 23897
799 2 2 6693 7788 11704 18969 18986 19097 22330 24010 24025 24032 24041 24047 24051 24063 24076 26873 28762 34150 34176 34183 34189 34190 34191 34192
800 2 2 24201 24211 24216 24263 24354 30449 30486 30495 30499 30505 30518 30526 30527 30528 30529 30530 30531 30532 30533 30534 30535 30536 30537 30538 30539
801 0 0 923 941 943 944 945 946 947 948 949 950 951 952 953 954 39479
802 0 0 1000 1705 3921 7845 8440 8444 14818 14830 14834 14839 14847 14848 14849 14850 14851 39480
803 3 3 31374 31380 31386 31390 31397 31403 31409 31419 31423 31430 31432 31436 35609 35621 35622 35623 35624 35625 35626
804 0 0 36093 36094 36095 36096 36097 36098 36099 36100 36101 36102 36103 39481
805 3 3 22238 29304 29331 29353 29358 34844 34856 37111 37114 37120 37132 37504 37522 37530 37543 37544 37545 37546 37547 37548
806 0 0 18134 18138 18157 25247 25287 25470 31554 35712 37983 37987 37991 37992 37993 37994
807 0 0 838 1061 2725 2737 2767 2776 2777 2778 2779 2780 39482
808 3 3 2087 4944 4950 4974 8977 9348 9364 9373 9396 13469 13478 13479 16338 16349 16354 16357 16358 16359 16360
809 2 2 28356 28374 28384 32228 32230 32262 33807 33814 36778 36784 38305 38411 38416 38436 38438 38474 38481 38482
810 0 0 31228 31229 31230 31231 31232 31233 31234 31235 31236 31237 31238 31239 31240
811 0 0 12850 13825 20498 27735 27737 27738 27739 27740 27741 27742 39483
812 0 0 27395 27403 28629 28648 28659 28742 29771 30210 34754 36553 36561 36562 36563 36564
813 0 0 4054 4686 4693 4694 4695 4696 4697 4698 4699 4700 4701
814 0 0 36357 36358 36359 36360 36361 36362 36363 36364 36365 36366 36367
815 0 0 7849 7860 8434 8442 14810 14822 14824 14825 14826 14827 14828 39484
816 0 0 19293 19305 19312 19324 19338 19339 19340 19341 19342 39485
817 3 3 23198 23208 26265 28998 28999 29000 29001 29002 29003 29004 29005 29006 29007
818 3 3 14664 14673 14682 20103 20133 22188 22201 30186 30195 30200 30213 30214 30215 30216
819 3 3 24182 24194 26196 26205 30571 32487 35098 35121 35131 35141 35147 35148 35149 35150
820 0 0 10362 10363 10364 10365 10366 10367 10368 10369 10370 10371 10372 10373 10374 10375
821 4 4 7627 7628 7629 7630 7631 7632 7633 7634 7635 7636 7637
822 0 0 12372 16589 19218 26649 26663 26664 26665 26666 26667 26668
823 0 0 18464 18467 25901 25916 25929 25937 25938 25939 25940 25941 25942 25943 25944
824 3 3 22630 23712 29101 30059 30086 30090 30107 30128 30129 30141 30157 34439 34449 34453 34455 34456 34457
825 3 3 26390 26401 26432 27772 34745 34780 34790 34794 34795 34796 34797
826 0 0 2863 5987 5995 5996 5997 5998 5999 6000 39486 39487
827 0 0 16040 17103 17116 23399 23419 23457 23465 23483 23493 23500 23501 23502 39488
828 2 2 29697 29707 29801 30337 34626 34637 34682 35237 35246 37808 38165 38176 38177 38178 38179 38180 38181 38182
829 0 0 35804 35840 36469 37325 38521 38770 38787 38788 38789 38790 38791
830 0 0 4520 4556 4582 4585 4586 4587 4588 4589 4590 4591
831 0 0 5308 6159 6160 6161 6162 6163 6164 6165 6166 6167 6168 6169 39489 39490
832 2 2 5530 10191 10209 10222 10228 16862 24198 24207 24212 24213 24214 24215 24216
833 3 3 24450 29439 29460 29474 29481 29482 29483 29484 29485 29486 29487 29488 29489
834 3 3 8164 8324 8339 8356 8363 8372 8374 15840 21008 21111 21132 21143 21149 21163 21164 21165 21166 21167
835 0 0 11110 18115 18176 18183 31591 31622 31626 31629 31635
836 0 0 8482 8493 8506 15451 16254 16270 22607 22616 22627 22635 22636 22637 39491
837 2 2 12564 13736 18424 18430 18678 18718 18727 18885 19763 26516 26536 27067 27094 27103 27111 27112 27113
838 0 0 11078 11108 11109 11110 11111 11112 11113 11114 11115
839 4 4 342 347 889 1258 2202 2203 2204 2205 2206 2207 2208 2209 2210 2211 2212
840 0 0 27203 27211 27227 33206 33216 33231 33241 39492
841 2 2 3763 7710 18345 18358 25767 25797 25806 25807 25808 25809 25810 25811 25812 25813
842 0 0 1230 1234 2821 2834 2849 2865 5969 5981 6001 6002 6003 6004 39493 39494
843 3 3 7000 20115 20124 20504 20517 20524 22218 24113 24121 26960 26969 27024 30217 30218 30219 30220 30221 30222 30223 30224
844 0 0 37467 37468 37469 37470 37471 37472 37473 37474 37475 37476
845 3 3 7717 17809 18394 25807 28488 30627 30653 30664 30668 30673 30674 30675 30676 30677 30678 30679
846 0 0 6316 10155 11196 11210 11212 11213 11214 11215 11216 11217 11218 11219 11220
847 0 0 2181 2472 2522 5344 5355 5454 5468 5479 5483 5489 5490 5491 39495
848 0 0 28206 33548 33567 33572 33612 33617 33627 33635 36700 36708 36713 36714
849 0 0 10587 11582 11619 13535 14753 17217 17225 17235 17241 17243 17244 17245
850 0 0 14365 14388 14428 18554 20042 21765 21768 21799 26052 26056 26063 26076 26083 26087
851 0 0 20663 27465 27472 27484 27520 27521 27522 27523 27524 27525 27526 27527
852 0 0 1245 1253 2923 2938 2942 2943 2944 2945 2946 2947 39496 39497
853 2 2 1065 2713 2736 5663 5920 6047 10846 10854 10866 10867 10868 10869 10870 10871 10872 10873 10874 10875 10876
854 0 0 3207 6980 13632 13643 13676 13688 13691 13698 21499 21511 21517 21522 21523 21524 21525 21526 21527 21528 39498
855 0 0 1703 1807 3891 3901 3907 3913 3924 3925 3926 3927 3928 3929 39499
856 0 0 15505 15513 15518 15522 15533 15534 15535 15536 15537 15538 15539 15540 15541 39500
857 0 0 6791 6812 6822 12032 12078 12083 12432 12442 19258 19316 19317 19398 19401 19406 19407 19408 19409 19410 39501
858 4 4 8674 15136 22373 22384 22406 22420 23057 23063 23083 23090 23103 23109 23115 23117 23119 23123
859 0 0 412 1380 6243 6256 10491 18274 18284 18308 24305 24315 24332 24333 24335 39502
860 0 0 4608 5050 15343 15353 15361 15368 22736 22745 22746 22747 22748 22749 22750 22751 22752 22753 39503
861 2 2 7982 7994 8005 15132 15145 21154 21232 22376 22383 22393 22536 22559 23112 23213 23218 23219 23220 23221 23222 23223 23224 23225 23226
862 3 3 23926 27339 27348 28517 28555 28568 28576 28577 28578 28579 28580 28581 28582 28583 28584 28585
863 0 0 2209 2214 3012 5544 10135 10624 11192 16739 16751 16753 16760 16777 16793
864 0 0 2660 2668 3602 5803 5842 5851 10499 10502 10528 10536 10541 10542 39504
865 3 3 26967 26985 26997 27016 28012 28027 28049 28062 28129 33118 33138 33151 33153 33156 33157
866 0 0 2349 2377 5398 9021 9034 10449 16200 16282 16283 16284 16285 16286 16287 16288 16289 16290 16291 39505
867 2 2 14081 18495 18518 18527 18551 21759 21773 21777 21788 25991 25999 26011 26041 26057 26061 26062 26063 26064 26065 26066 26067
868 2 2 14196 14219 16678 16712 21888 30267 31923 31925 31926 31927 31928 31929 31930 31931 31932 31933 31934
869 0 0 6061 6995 9580 20123 20412 20417 20526 26950 26958 26959 26960 26961 26962 26963 26964 26965 26966 26967 26968 39506
870 0 0 13635 13654 13663 13674 13675 13686 13698 13699 13700 39507
871 3 3 14880 18935 22955 22960 22984 22987 22988 22989 22990 22991 22992 22993 22994 22995 22996
872 0 0 4911 4919 4924 4926 9324 9327 9328 9329 9330 39508
873 0 0 8680 8692 8697 23043 23066 23078 23081 23082 23083 23084 23085
874 0 0 817 3516 4872 4873 4874 4875 4876 4877 4878 4879 4880 4881 4882
875 2 2 1593 3745 6127 6500 7628 7638 7639 7640 7641 7642 7643 7644 7645 7646 7647
876 0 0 6979 13628 21522 21597 21608 21640 21981 28266 33727 33736 33737 33738 33739 33740 39509
877 0 0 18584 18588 22043 22062 22065 22068 22078 22079 22080
878 0 0 189 190 191 192 193 194 195 196
879 0 0 36573 36574 36575 36576 36577 36578 36579 36580 36581
880 0 0 33820 34665 34696 34702 36793 36804 36805 36806 36807 36808 36809 36810
881 3 3 2597 2931 2969 5672 5673 5674 5675 5676 5677 5678 5679 5680
882 2 2 12486 12502 12513 12517 19152 19429 21414 21420 26773 26787 26808 26813 26814 26820 26941 33030 33060 33069 33088 33092 33093 33094 33095
883 0 0 3447 6913 6918 9526 19230 26656 26680 26681 26691 26692 26693 26694 26695
884 0 0 34845 37131 37533 37537 37544 37556 37575 37583 37604 37605 37606
885 0 0 12277 12291 12698 12770 12811 12832 12838 12839 12840 12841 12842 12843 12844
886 0 0 13835 14237 27156 27157 27158 27159 27160 27161 27162 27163 27164 27165 27166 39510
887 0 0 41 1420 11675 18990 19017 19026 24013 24045 24055 24060 24067 24068 39511
888 0 0 34858 34859 34860 34861 34862 34863 34864 34865 34866 34867
889 0 0 35184 35185 35186 35187 35188 35189 35190 35191 35192 35193 35194
890 0 0 12232 12248 12679 12732 12737 12738 12739 12740 12741 12742 12743 12744 12745 39512
891 2 2 11885 12120 12271 12287 12700 12710 12771 12840 19386 19414 19426 19493 26589 26596 26603 26605 26606 26607
892 0 0 9351 9361 9362 9363 9364 9365 9366 9367 9368 9369 9370 9371
893 3 3 37237 37238 37239 37240 37241 37242 37243 37244 37245 37246 37247 37248
894 2 2 30425 30737 34914 34915 34916 34917 34918 34919 34920 34921 34922 34923 34924 34925
895 0 0 4604 5061 5062 5063 5064 5065 5066 5067 5068 39513
896 2 2 27384 27566 28651 28729 28730 28731 28732 28733 28734 28735 28736 28737 28738 28739 28740 28741 28742 28743
897 4 4 24223 24289 30444 30470 30483 30484 30485 30486 30487 30488 30489 30490
898 0 0 14568 22072 22083 22096 22104 28453 32309 32330 34007 34026 34032 34035 34040
899 0 0 31240 31251 31264 31272 31291 31447 31472 32440 32459 32474 32475 32476 32477 32478 32479
900 0 0 1095 1096 1097 1098 1099 1100 1101 1102 39514
901 0 0 10237 10489 24311 24321 32127 35538 35566 35575 35587 35595 35597 39515
902 2 2 10314 10338 10745 10779 11662 16899 18487 18903 18913 18914 18915 18916 18917 18918 18919 18920 18921
903 0 0 4691 4695 8011 8156 8332 8343 8353 8370 8384 8389 8390 8391 8392
904 2 2 23633 23648 25273 25313 25357 25469 25604 29597 29854 29870 31805 34479 34489 34498 34505 35718 35728 37271 37980 37995 38003 38004 38005 38006 38007
905 0 0 6971 12775 12791 13590 19170 20330 21408 28040 28075 28097 28099 28118 28119 28120 28121 28122 28123
906 3 3 22744 22753 22761 22854 29072 29247 29253 29254 29255 29256 29257 29258
907 2 2 2273 2287 2295 5372 5374 5421 5425 5434 9973 9983 9987 9988 9989 9990 9991 9992 9993 9994 9995 9996 9997 9998
908 3 3 12553 12587 13730 18717 18758 19757 19804 19815 19836 21968 26212 26245 26246 26247 26248
909 0 0 23609 23983 27754 28702 28712 28713 28714 28715 28716 28717 28718 28719 28720 28721 28722 28723 39516
910 0 0 329 1266 2634 5710 10629 10639 10653 10675 10676 39517
911 0 0 26565 26574 28416 30588 33865 33910 33915 33916 33917 33918 33919
912 3 3 17666 17675 17682 18156 23629 25192 25198 25426 25436 25437 25438 25439 25440 25441 25442 25443 25444 25445
913 0 0 13547 13559 13560 13561 13562 13563 13564 13565 13566 13567 13568 13569
914 2 2 248 820 825 835 2085 4768 4945 8957 8975 9349 9394 16340 16356 16358 16363 16365 16366 16367 16368
915 0 0 24426 30823 30856 33770 33784 34073 34081 35253 36637 37456 37501 39056 39077 39089 39095 39098 39102
916 0 0 3692 6498 7591 7604 9785 9786 9787 9788 9789 9790 9791
917 0 0 28910 28911 28912 28913 28914 28915 28916 28917 28918
918 0 0 12000 12006 12014 12017 12099 19251 19261 19277 19279 19286 19287 19288 19289 39518
919 0 0 12294 12301 12302 12303 12304 12305 12306 12307 12308 12309 12310
920 0 0 26908 26909 26910 26911 26912 26913 26914 26915 26916 26917 39519
921 3 3 12727 19673 19716 19743 19747 19780 19790 19912 19929 19931 19936 19945 19946 19951 19952 19953
922 2 2 2643 2648 2746 2756 5700 10346 10358 10659 10668 10678 10679 10680 10681 10682 10683 10684 10685
923 3 3 16663 18205 25679 31869 31882 31894 31896 31897 31898 31899 31900 31901 31902 31903
924 0 0 9473 15725 15727 16458 16471 16492 16493 16498 16499 16500 16501
925 0 0 6659 7214 7217 18816 26442 26443 26444 26445 26446 26447 26448 26449 26450 39520
926 0 0 11649 18410 19679 19744 19745 19746 19747 19748 19749 19750 19751 19752 19753 19754 39521
927 0 0 4927 4928 4929 4930 4931 4932 39522
928 3 3 14666 20134 20145 20275 20672 20679 28655 30191 30199 30200 30201 30202
929 2 2 9355 9362 13455 13480 15732 15733 15734 15735 15736 15737 15738 15739 15740 15741 15742 15743 15744 15745 15746 15747
930 0 0 18 340 344 372 895 1280 1297 1315 2220 2227 2228 39523 39524
931 0 0 9568 9578 9599 20406 20407 20408 20409 20410 20411 20412 20413 20414 20415 20416 39525
932 2 2 18888 18898 21814 21831 27880 27918 27953 27968 27971 27979 27980 27981 27982 27983 27984 27985 27986 27987
933 0 0 9819 9820 9821 9822 9823 9824 9825 9826 9827 9828
934 3 3 3258 6604 11277 11289 11299 13617 13618 13619 13620 13621 13622 13623 13624 13625 13626
935 2 2 12560 14130 18693 18719 18733 18740 18880 18881 18882 18883 18884 18885 18886 18887 18888 18889
936 0 0 12376 12418 13071 13243 13254 13266 13267 13268 13269 13270
937 3 3 15535 15550 22675 22698 22821 22856 22859 22860 22861 22862 22863 22864
938 3 3 5441 5645 9998 10052 10060 10081 10085 10109 10115 10118 10119 10120 10121 10122
939 0 0 5368 5477 5521 5523 9979 10011 10022 10023 10024 10025 10026 10027 10028
940 3 3 1116 1135 1179 1191 2813 6170 6171 6172 6173 6174 6175 6176 6177 6178
941 0 0 8925 14560 17287 21905 21906 21907 21908 21909 21910 21911 21912
942 0 0 321 322 323 324 325 326 39526
943 3 3 12852 12862 12871 20110 20494 20505 20520 20522 24116 27733 27739 27743 30217 39020 39027 39036 39039 39040 39041
944 2 2 1099 1120 1139 1146 1183 1194 6209 6215 7299 11129 21845 21854 21872 21873 21874 21875 21876
945 3 3 1507 1523 3627 6093 7381 7415 7439 7441 7464 7500 7506 7509 7514 7516 7517
946 0 0 12022 12093 12107 19085 19253 19272 19282 19286 19290 19291 19292 39527
947 3 3 18707 18775 18790 18791 18792 18793 18794 18795 18796 18797 18798 18799 18800 18801
948 2 2 22913 23424 23484 23496 23504 23511 24761 24780 24787 24798 24804 24805 24806 24807 24808 24809 24810 24811 24812
949 0 0 10754 14115 14123 14124 14125 14126 14127 14128 14129 14130 14131
950 2 2 3217 6983 12566 12594 12614 12822 13634 13636 13637 13638 13639 13640 13641 13642 13643 13644 13645 13646 13647 13648 13649 13650 13651 13652 13653 13654
951 3 3 5524 5565 10009 10023 10033 10193 10202 10223 10233 16861 24196 24197 24198 24199 24200 24201
952 0 0 1336 2616 2622 3201 5717 6414 6437 6459 6469 6473 6474 6475 6476 6477
953 3 3 21893 24079 32159 32177 32195 34886 34905 36216 36878 36881 36889 38163 38221 38237 38247 38253 38254 38255 38256 38257
954 0 0 8848 8863 8877 8911 17564 17588 25176 25177 25178 25179 25180 25181 25182 25183 25184 25185 39528
955 0 0 1016 1588 5664 6126 6127 6128 6129 6130 6131 6132 6133 6134 6135 6136 6137 6138 6139 6140 6141 6142 39529
956 0 0 14 109 414 1378 5852 5853 5854 5855 5856 5857 5858 39530 39531
957 2 2 30707 32453 32468 32489 34961 35052 35071 35125 35395 35404 37758 37765 37777 37956 38127 38155 38351 38379 38381 38390 38392 38393 38394 38395
958 0 0 10 13 98 99 100 101 102 103 39532 39533
959 0 0 11539 17143 18462 18672 18834 18842 18850 18858 18864 18865 18866 18867 18868 18869 18870 18871 18872 39534
960 3 3 12591 12604 12611 19688 19712 19718 19764 19767 19806 19813 19820 19821 19822 19823
961 0 0 29775 33377 33399 34762 34784 36565 37018 37023 37041 37042 37043 37044 37045 37046 37047
962 0 0 919 2263 2317 2325 2362 2374 5416 10050 10054 10080 10086 10103 10114 39535
963 0 0 1584 3696 6136 6151 6154 6155 6156 6157 6158 39536
964 0 0 13057 13329 14600 16481 20710 20752 20759 20760 20761 20762 20763 20764
965 0 0 742 3498 8636 13363 13368 13369 13370 13371 13372 13373 13374 39537
966 0 0 16113 16124 16130 16139 17671 23649 23650 23651 23652 23653 23654 23655 23656 23657
967 0 0 14871 14872 14873 14874 14875 14876 14877 14878 14879 14880 14881 14882
968 2 2 24429 26391 26416 27766 28685 30766 33386 33401 34743 34755 34778 34781 34782 34783 34784 34785 34786 34787 34788 34789 34790 34791 34792 34793
969 0 0 27013 27996 28015 28020 28041 28076 28096 28110 28121 28124 28125
970 2 2 22884 22896 22901 23722 23729 29171 29961 29982 30041 30065 30096 30112 30113 30114 30115 30116 30117 30118
971 0 0 29721 29733 29734 29735 29736 29737 39538 39539
972 0 0 1695 1696 1697 1698 1699 1700 1701 1702 1703 1704 39540
973 0 0 4770 8810 8954 8965 9244 9259 15854 16316 16319 16326 16344 16352 16365 16372 16373 23249 23261 23264 23265 39541
974 0 0 12555 13730 13731 13732 13733 13734 13735 13736 13737 13738
975 0 0 25718 25724 31997 35847 35855 35856 35857 35858 35859 35860 35861
976 2 2 1653 1758 1768 3053 3842 3854 3994 4056 4077 4080 4081 4082 4083
977 0 0 20396 22120 26980 27368 27577 33130 33147 33175 33186 33191
978 0 0 11427 14103 18516 18523 18540 32565 32570 32576 32619 32646 32654 32658 32659 32660 32661
979 2 2 30619 30720 31142 31156 31170 31177 31192 33989 36305 38070 38099 38105 38109 38115 38116 38117 38118 38119 38120 38121 38122
980 0 0 19886 19895 19904 19918 19961 19965 19978 19984 19985 19986
981 2 2 7741 7753 10577 14707 14724 14729 14734 14754 14768 14778 14792 14799 14805 14987 15008 15028 15030 15031 15032
982 3 3 4398 4405 4410 4422 5233 5239 5252 7044 7045 7046 7047 7048 7049 7050 7051 7052 7053 7054 7055
983 0 0 6894 6898 12128 12206 12208 12218 25861 25870 25871 25872 25873 25874
984 2 2 31002 32785 34330 34337 34426 34430 34431 34432 34433 34434 34435 34436 34437 34438
985 0 0 10368 11000 11005 11222 16964 16980 16987 23817 23819 23820 23821 23822 23823 23824 23825 39542
986 0 0 1494 6620 6627 11518 21594 21619 21640 21641 21642 21643 21644 39543
987 1 1 11431 18794 22021 25990 25994 26005 28351 28382 30432 32227 32231 32264 32400 32564 32569 32583 33791 33798 33804 33805 33806 33807 33808 33809 33810
988 0 0 20664 27510 27526 27532 27533 27534 27535 27536 27537 27538 27539
989 3 3 7358 7542 7680 11378 13892 14031 14444 18547 21645 21646 21647 21648 21649 21650 21651 21652 21653 21654 21655
990 3 3 6607 7187 7200 11276 11298 13609 13619 19900 26505 26525 26562 32541 32548 32549 32550 32551
991 0 0 11485 11486 11487 11488 11489 11490 11491
992 0 0 14886 14942 14949 14960 14961 14962 14963 14964 14965
993 0 0 12224 12242 12246 12247 12248 12249 12250 12251 12252 12253 12254 39544
994 0 0 13010 13316 16437 20776 20800 20802 28187 33583 33621 33625 33646 33651 33654 33655 33656 39545
995 0 0 15981 17030 18168 18179 23673 25476 25622 25632 25636 25644 25649 25655 25656 25657 25658 25659
996 0 0 2820 5864 5893 5953 5976 5985 8835 10909 17559 17560 17561 17562 17563 17564 17565 17566 17567 17568 17569 39546
997 3 3 11673 11680 11687 11692 11708 11716 11717 11718 11719 11720 11721 11722 11723 11724 11725
998 0 0 12086 12284 12428 12449 12455 12458 12459 12460 12461 12462 12463 12464 12465
999 4 4 26386 34773 37381 37392 37442 37460 37481 37495 37563 37593 37621 37623 37624 37625
1000 0 0 12615 19714 19858 19865 19907 19923 19927 19928 19929
1001 0 0 27995 27996 27997 27998 27999 28000 28001 28002 28003 28004 28005 28006 28007 28008 28009
1002 2 2 6557 7339 7348 7428 10723 11410 11415 13838 13848 13849 13850 13851 13852 13853 13854 13855 13856 13857 13858 13859 13860 13861
1003 0 0 661 662 663 664 665 39547 39548
1004 0 0 16260 16262 16280 23737 23759 23767 23778 23779 23780 23781 23782 23783 23784 23785
1005 0 0 1468 1937 1942 4366 7069 8204 8221 8222 8223 8224 8225
1006 0 0 11023 17910 17941 17971 21553 21556 21576 21579 21580
1007 0 0 4748 4749 4750 4751 4752 4753 39549 39550
1008 0 0 15185 15189 15193 22472 22482 22483 22484 22485 22486
1009 0 0 20556 20599 25047 25486 25491 25505 25508 25510 25511 25512 25513 39551
1010 0 0 7171 7875 7876 7877 7878 7879 7880 7881 7882 7883 7884 7885 7886 7887
1011 0 0 3582 3611 3612 3613 3614 3615 3616 3617
1012 0 0 13063 13068 13079 13080 13081 13082 13083 13084
1013 0 0 97 130 1058 2655 2663 2669 2670 2671 2672 2673 2674
1014 2 2 24453 29137 29141 30885 30949 30962 31000 31007 32786 34437 37216 37400 37424 37571 37632 37645 37648 38672 38676 38691 38693
1015 0 0 10375 10388 11224 17057 17071 17160 17174 17196 17197 17198 17199 17200 17201 17202 17203
1016 2 2 848 2422 2451 2475 2498 2510 2515 2518 5409 5431 10043 10068 10073 10088 10089 10090 10091
1017 0 0 4997 5013 5215 5216 5217 5218 5219 5220 5221 5222 39552
1018 0 0 15794 15824 21176 22375 22404 22413 23054 23062 23091 23102 23107 23116 23117 23118
1019 0 0 23618 27748 34952 37663 37678 37689 37725 37726 37727 37728 37729 37730 37731 39553
1020 0 0 33010 33098 36482 36506 36508 36514 36515 36516
1021 3 3 14635 20400 22108 26306 32881 32892 33127 33176 33184 33185 33186
1022 3 3 2541 2563 3047 3794 6384 6398 10096 10110 11629 14711 14728 14732 14739 14740 14741 14742 14743
1023 4 4 17538 17620 17647 17651 17653 17663 18135 18153 18154 18155 18156 18157 18158 18159 18160
1024 3 3 6845 6932 11999 12004 12013 12015 12066 19284 19287 26775 26793 26803 26811 26816 26823 26824
1025 0 0 996 1004 1705 1706 1707 1708 1709 1710 1711 1712 1713 1714 1715 39554
1026 0 0 12137 12138 12139 12140 12141 12142 12143 12144 12145 12146 39555 39556
1027 0 0 11092 18163 24576 24591 24608 24609 24610 24611 24612 24613 24614 24615
1028 4 4 20570 20601 20602 20603 20604 20605 20606 20607 20608 20609 20610
1029 0 0 91 92 93 94 95 96 97 39557
1030 2 2 18690 18723 18803 18893 19634 23924 23942 23957 27874 27886 27895 27921 27922 27923 27924 27925 27926 27927 27928 27929 27930 27931
1031 3 3 7167 7177 7881 11231 18429 18440 18447 18448 18449 18450 18451 18452 18453 18454 18455 18456 18457
1032 2 2 12395 12543 13048 13259 13288 13318 13327 13340 16380 16400 16407 16408 16409 16410 16411 16412 16413 16414 16415 16416 16417
1033 0 0 315 2882 2891 2894 2908 2911 5740 5743 5744 5745 5746 5747 39558
1034 0 0 9203 11062 17407 18064 25060 25077 25085 25095 25104 25576 25590 25591 25592 25593 25594 25595
1035 0 0 6847 6863 6928 6929 6930 6931 6932 6933 6934 6935 6936 6937 6938 6939 39559
1036 0 0 4045 4131 4132 4133 4134 4135 4136 4137 4138 4139 4140 4141
1037 0 0 5507 5604 9977 10002 10007 10014 10015 10016 10017 10018 10019 10020 10021
1038 3 3 11460 11475 13846 13991 13998 18648 26157 26162 26167 26168 26169 26170 26171 26172 26173 26174
1039 0 0 1081 1105 1137 1173 1570 6091 6208 7292 7293 7294 7295 7296 7297 7298 7299 7300 7301 7302 7303 7304 39560
1040 0 0 2828 5878 5881 5882 5883 5884 5885 5886 5887
1041 0 0 4246 4253 4279 8259 8265 8277 8289 15373 15381 15382 15383 15384 15385 39561
1042 0 0 11656 11657 11658 11659 11660 11661 11662 11663
1043 0 0 16959 16967 17001 17013 17014 17015 17016 17017 17018 17019 17020 17021 17022
1044 2 2 28711 28723 28728 30348 30352 30777 35697 37024 37027 37032 37033 37034 37035 37036 37037 37038 37039 37040
1045 0 0 2063 4854 9018 9025 9027 9028 9029 9030 9031 39562
1046 0 0 31834 31835 31836 31837 31838 31839 31840 31841 31842 31843 31844 31845
1047 1 1 3876 3884 3896 3904 3910 3914 3929 3958 3966 4063 4102 4115 4118 14893 14911 14914 14924 14925 14926 14927 14928
1048 2 2 30523 32481 34963 35047 35066 35070 35095 35113 35120 35124 35125 35126 35127 35128 35129 35130 35131 35132
1049 0 0 16432 16438 16445 16450 16455 28185 28186 28187 28188 28189 39563
1050 3 3 3435 5080 5090 7006 7014 7024 12892 12900 12908 20210 20224 20226 20227 20228 20229 20230
1051 0 0 2197 2198 2199 2200 2201 39564
1052 0 0 1486 1517 3170 3568 3653 3678 3686 3689 3690 3691 39565
1053 2 2 21896 24078 30268 31931 32160 34699 34706 34884 34891 34904 36215 36804 36815 36824 38160 38203 38223 38238 38243 38251 38254 38258 38259
1054 2 2 15584 15980 24461 29150 29155 29167 30908 30982 31025 35277 35369 35380 37375 37401 37422 37439 37440 37441
1055 0 0 26662 26730 26745 33032 33050 33061 33066 33077 33082 33102 33103
1056 0 0 11758 11766 11774 11775 11776 11777 11778 11779 11780
1057 3 3 25487 25495 26388 26389 26390 26391 26392 26393 26394 26395 26396
1058 0 0 1331 2589 2613 2621 2622 2623 2624 2625 2626 2627 2628 2629 2630 2631 39566
1059 0 0 5055 6639 6651 9461 13746 13762 15638 15643 15649 15650 15651 15652 15653 15654 15655 15656 15657 39567
1060 0 0 25539 26023 27187 27208 27210 27211 27212 27213 27214 27215
1061 0 0 32173 32184 32192 36839 36861 36863 36864 36865 36866 36867 36868 36869
1062 3 3 20596 23577 29675 29691 29729 31539 34686 35985 35995 36012 36021 36028 36035
1063 3 3 21302 29195 29206 29432 31214 31224 31285 32732 32746 32756 32773 32810 35448 35459 35463 35464 35465
1064 0 0 22633 22640 22924 24791 24802 30104 30144 30145 30146 30147 30148
1065 3 3 26570 26576 28406 28422 30582 30589 31481 32445 33864 33880 33907 33912 33916 33925 33926 33927 33928 33929
1066 0 0 12820 13646 13662 13664 13687 13700 13706 13709 13710 13711 13712 13713 13714 13715 39568
1067 0 0 3626 3642 6525 7380 7390 7465 7492 7499 7515 7518 7519
1068 0 0 8902 8913 16106 16107 16108 16109 16110 16111 16112 16113
1069 0 0 14074 21776 21777 21778 21779 21780 21781 21782 21783
1070 2 2 917 951 1720 2388 2397 4033 5632 7149 7736 7744 7923 7927 7935 10579 13578 14750 15004 15013 15021 15030 15033 15034 15035 15036 15037 15038 15039
1071 1 1 20558 20567 20579 20589 20600 20610 23570 26407 27757 27759 28700 28724 29693 29702 29713 29777 29778 29779 29780 29781 29782 29783 29784 29785 29786 29787 29788 29789 29790 29791
1072 3 3 12262 12267 12571 12616 12645 12818 13701 19735 19972 19997 20022 20028 20031 20032 20033 20034
1073 0 0 14281 14282 14283 14284 14285 14286 14287 14288 14289 14290 14291 14292 39569
1074 3 3 32793 32799 32804 32811 32814 36408 36429 36444 36450 36458 36459 36460 36461 36462 36463 36464
1075 3 3 26472 26477 26485 29347 29361 32972 34124 34132 34140 34853 37109 37110 37111 37112 37113
1076 0 0 30373 30400 33196 33250 37697 37716 37739 37743 37747 39570
1077 0 0 16080 25726 25727 25728 25729 25730 25731 25732 39571
1078 0 0 1403 3367 5254 5260 5283 7053 13090 13100 13111 13117 13118 13119 13120 13121
1079 2 2 11034 11042 16655 18199 18209 23549 31893 31899 31908 31917 31935 34693 34703 36801 36810 36823 36834 36837
1080 0 0 12876 12883 20107 20121 20297 20300 20322 20323 20324 20325 20326 20327 20328
1081 0 0 6370 6387 6393 11592 11600 11609 11610 11611 11612 11613 11614 11615
1082 2 2 24444 29505 29513 30827 30848 33539 34732 36640 36649 36650 36651 36652 36653 36654 36655 36656 36657 36658 36659
1083 0 0 4988 8740 8750 8751 8752 8753 8754 8755 8756 8757 8758 8759 8760
1084 0 0 975 994 2399 2439 2492 2533 2542 2550 2551 2552 2553 2554 2555 2556
1085 1 1 5789 7573 10294 10700 10712 13905 13912 13964 13968 13982 13996 14252 14283 14294 14300 14303 14315 14316 14323 17333 17338 17350 17356 21684 25025 25033 25035 25036 25037 25038
1086 0 0 12794 13717 13718 13719 39572
1087 0 0 16874 16875 16876 16877 16878 16879 16880 16881 16882 16883 16884
1088 1 1 24821 24838 24850 29220 30058 30071 30076 30091 30130 30999 31013 34336 34427 34432 34439 34440 34441 34442 34443 34444 34445 34446 34447
1089 3 3 5771 5776 5782 5796 10735 13871 13872 13873 13874 13875 13876 13877 13878 13879
1090 4 4 29029 29064 29183 29184 29185 29186 29187 29188 29189 29190
1091 0 0 22351 22357 22369 28162 28176 28900 28902 28906 28923 28941 28957 28975 28991 28992 28993
1092 2 2 13367 13372 13380 13399 13494 13495 13496 13497 13498 13499 13500 13501 13502 13503
1093 0 0 15945 15957 15978 15993 15994 15995 15996 15997 15998 15999 16000 39573
1094 3 3 20842 20843 20844 20845 20846 20847 20848 20849 20850 20851 20852
1095 0 0 16007 23411 23427 23434 23439 23455 23456 23457 23458 23459 39574
1096 0 0 23579 29712 29795 29809 31980 31981 31982 31983 31984
1097 0 0 7302 7309 21771 21791 21796 21805 21810 21847 21877 21881 21882 21883 21884 21885 21886
1098 0 0 697 707 1998 2003 2004 2005 2006 2007 2008 2009 2010 2011 2012 39575
1099 1 1 21296 21324 21360 22889 23719 29058 29193 29205 29206 29207 29208 29209 29210 29211 29212 29213 29214 29215 29216
1100 0 0 541 542 543 544 545 546 547 39576
1101 3 3 7175 18448 21487 25852 28135 28136 28137 28138 28139 28140
1102 0 0 1027 1028 1029 1030 1031 1032 1033 1034 1035 39577
1103 0 0 8302 8321 8654 13364 13386 13387 13388 13389 13390 13391 39578
1104 0 0 13630 13655 13656 13657 13658 13659 13660 13661 13662 13663 39579
1105 4 4 29294 29295 29296 29297 29298 29299 29300 29301 29302 29303 29304 29305 29306
1106 3 3 29667 34584 34649 35234 36237 36819 38157 38170 38196 38198 38199 38200 38201 38202
1107 4 4 25805 25813 25822 25829 25836 28499 30624 30651 30661 30662 30663 30664 30665
1108 3 3 24099 24124 27001 34106 34112 36543 36626 37101 38566 38581 38619 38829 38830 38831 38832 38833 38834
1109 0 0 20287 20413 20434 20438 27607 27615 27616 27617 27618 39580
1110 0 0 6538 6590 7377 7406 7433 7522 11397 11411 11419 11420 11421 11422 39581
1111 2 2 18802 23937 23941 23962 27885 27894 27924 28299 28300 28301 28302 28303 28304 28305 28306 28307 28308
1112 3 3 14647 20402 21391 21393 21394 21395 21396 21397 21398 21399 21400 21401 21402 21403 21404 21405 21406
1113 3 3 35093 35094 35095 35096 35097 35098 35099 35100 35101 35102 35103 35104 35105 35106 35107 35108 35109 35110 35111
1114 0 0 15882 23131 23182 23185 23908 29295 29307 29316 29317 29318 29319 29320
1115 0 0 75 236 805 2083 4933 4957 4961 4966 4967 4968 39582 39583
1116 1 1 10434 11567 17177 21249 24180 24237 24250 24863 26202 32482 35102 35130 35139 35149 35165 35166 35167 35168 35169 35170 35171
1117 0 0 9007 10371 10670 11001 11004 11005 11006 11007 11008 11009 11010 11011 11012 11013 11014 39584
1118 3 3 11886 12117 18982 19378 19484 19494 26578 26588 26593 26594 26595 26596 26597 26598 26599 26600 26601
1119 0 0 6141 6143 6144 6145 6146 6147 6148 6149 6150 6151 6152 6153
1120 3 3 29153 30878 30901 30902 30903 30904 30905 30906 30907 30908 30909 30910 30911
1121 2 2 29585 29598 29604 29614 29620 29638 29653 29655 34486 34509 34529 34530 34531 34532 34533 34534 34535 34536
1122 0 0 205 229 4149 4159 4166 4171 4183 4188 4231 4280 4282 4283 4284 4285 4286 4287 4288 39585
1123 2 2 962 2455 2469 2483 2561 3219 3792 3802 5432 10044 10069 10089 10092 10093 10094 10095 10096 10097 10098
1124 2 2 30331 30386 30786 31966 34916 34931 36229 37685 37698 37699 37700 37701 37702 37703 37704 37705 37706 37707
1125 4 4 12148 12640 12803 13722 13725 19992 20004 20009 20011 20012 20013
1126 0 0 215 1915 1922 1944 1949 1953 1954 1955 1956 1957 39586
1127 0 0 35887 35897 35904 35909 35916 35921 35928 35934 35938 35957 36051 36063 36075 36082 36084 36092
1128 0 0 7702 9821 9842 14169 14173 14464 14469 14478 14487 14494 14495 14496 14497 14498 14499 14500
1129 0 0 26040 26041 26042 26043 26044 26045 26046 26047 26048 26049 26050 26051 26052
1130 0 0 11425 18501 18524 18534 18535 18536 18537 18538 18539
1131 0 0 7260 7264 13799 33562 33571 33584 33610 33616 33625 33626 33627 33628 33629 33630 39587
1132 0 0 2163 3356 3358 3365 3472 5271 5273 5274 5275 5276 5277 5278 5279 5280
1133 0 0 154 1357 1361 3115 3575 3586 3587 3588 3589 39588
1134 0 0 27235 27236 27237 27238 27239 27240 27241 27242 27243 27244 27245 27246
1135 3 3 2100 4989 5001 7274 8731 8740 8741 8742 8743 8744 8745 8746 8747 8748 8749
1136 0 0 5448 5458 5465 5471 5481 5485 5490 5496 5508 5509 5510 5511
1137 3 3 36609 36615 36622 36632 36636 36678 36697 38611 38616 38625 38627 38628 38629 38630 38631 38632
1138 4 4 18786 25555 27181 28592 37671 38468 38478 38999 39012 39120 39166 39173 39176 39177 39178 39179
1139 0 0 11441 14244 20084 21951 32611 32625 32633 32634 32635 32636
1140 2 2 33863 33872 33882 33888 33895 33902 33908 33914 33919 33924 33929 33933 33934 36247 36250 36257 36258 36259 36260 36261 36262 36263
1141 4 4 2411 2412 2413 2414 2415 2416 2417 2418 2419 2420 2421 2422 2423
1142 0 0 2635 5703 5714 10345 10346 10347 10348 10349 10350 10351 10352
1143 2 2 21826 21838 30585 31462 32433 32447 33864 33865 33866 33867 33868 33869 33870 33871 33872
1144 3 3 37168 37169 37170 37171 37172 37173 37174 37175 37176 37177 37178 37179 37180 37181 37182
1145 3 3 8858 8896 8909 23520 25180 25203 25206 29589 29652 35704 35722 35723 35724 35725 35726 35727
1146 3 3 15347 22739 26479 32976 34124 34125 34126 34127 34128 34129 34130 34131
1147 2 2 4427 8124 8326 8345 8366 8380 8388 8394 13383 13509 15847 20837 21007 21008 21009 21010 21011 21012 21013 21014
1148 0 0 8529 13520 15681 15703 15762 15790 15792 15793 15794 15795 15796 15797 15798 15799 15800 15801
1149 0 0 15960 15961 15962 15963 15964 39589
1150 0 0 9168 9176 9184 22809 29899 29925 29944 29947 29948 29949 29950 29951
1151 2 2 3585 3611 3624 3636 6520 6524 7337 7345 7346 7347 7348 7349 7350 7351 7352 7353 7354 7355
1152 4 4 3789 14802 14859 14900 14937 14938 14939 14940 14941 14942
1153 0 0 5122 9535 9550 16567 16576 16582 20239 20247 27423 27432 27438 27451 27452 27453 39590
1154 0 0 20557 20591 27751 29783 31528 31529 31530 31531 31532 31533 39591
1155 2 2 7166 7172 7173 7174 7175 7176 7177 7178 7179 7180 7181 7182 7183 7184 7185 7186
1156 2 2 4178 4273 4283 4292 4704 8103 8114 8119 8120 8121 8122 8123 8124 8125 8126 8127
1157 0 0 418 1387 1649 1757 3052 3053 3054 3055 3056 3057 3058 39592
1158 0 0 15618 37133 37140 37149 37161 37538 37547 37557 37585 37604 37607 37608 37609 37610
1159 2 2 17162 17166 17794 17887 24655 30626 30658 30701 30716 30724 30727 30732 31128 31133 31139 31141 31142 31143 31144 31145 31146 31147 31148 31149 31150 31151
1160 0 0 29151 30866 30867 30868 30869 30870 30871 30872 30873 30874
1161 0 0 110 250 351 352 353 354 355 356
1162 0 0 2875 5624 10457 10472 10513 10546 10552 10553 10554 10555 10556
1163 4 4 5229 6686 6726 6727 6728 6729 6730 6731 6732 6733 6734 6735 6736 6737 6738 6739
1164 0 0 31050 31120 31262 32496 32507 32515 32516 32517 32518 32519 32520 32521 32522
1165 0 0 4434 8568 8598 8629 8630 8631 8632 8633 39593
1166 0 0 24457 24469 24470 24471 24472 24473 24474
1167 0 0 17774 17783 17806 17828 17845 17846 17847 17848 17849 17850 17851 17852
1168 0 0 5016 5039 5107 5169 5178 5180 5181 5182
1169 0 0 18219 18224 18241 25704 31996 32006 35867 35873 35874 35875 35876 35877
1170 0 0 1488 6563 6574 6581 6582 6583 6584 39594 39595
1171 2 2 11051 11060 25363 29592 29631 30276 31804 34488 34534 34893 35732 35775 35782 35787 37996 38003 38011 38012 38013 38014
1172 0 0 26268 32753 32766 32776 32778 32789 32794 32795 32796 32797 32798 32799
1173 0 0 989 2402 2415 2427 2432 2433 2434 2435 2436 2437 2438 2439 2440 2441 39596 39597
1174 0 0 14663 20137 22170 22180 22187 22188 22189 22190 22191 22192 22193
1175 0 0 15531 22645 22707 22715 22717 22817 22828 22837 22839 22845 22846 22847
1176 3 3 12559 12600 18704 18710 18725 18751 19613 19629 19644 19645 19646 19647 19648 19649 19650
1177 4 4 25851 25860 25869 25874 25879 25883 25888 25890 25897 25898 25926 25946 25962 25976 25978 25980 25981 25983 25984
1178 0 0 16466 20704 20743 20749 23840 23855 23862 23873 23874 23875
1179 3 3 14278 18572 21665 21678 21692 21693 21694 21695 21696 21697 21698 21699 21700 21701 21702 21703
1180 0 0 6029 8818 10931 15943 16052 17611 23287 23293 23294 23295 23296 23297 23298 39598
1181 3 3 3749 7629 7645 7648 7649 7650 7651 7652 7653 7654 7655 7656 7657 7658
1182 2 2 15318 15780 23141 23160 23171 23204 26291 29015 29030 29036 29040 29041 29042 29043 29044 29045
1183 0 0 8801 9390 9402 9408 16343 16347 16355 16369 16371 23250 23262 23265 23266 23267 39599 39600
1184 0 0 12949 12950 12951 12952 12953 12954 12955 12956 12957 12958 12959 12960
1185 0 0 6991 11479 11480 11481 11482 11483 11484 39601
1186 0 0 16055 16073 22619 22928 22936 24803 34360 34405 34410 34412 34413 39602
1187 0 0 18012 18054 18080 18103 25102 25581 25583 31652 31709 31714 31719 31720 31721
1188 2 2 2332 2353 10391 10443 10446 10447 10448 10449 10450 10451 10452 10453 10454 10455 10456
1189 0 0 9006 10671 11010 16947 16962 17374 17389 17398 17416 17419 17420 17421 17422 17423 17424 39603
1190 2 2 17921 25504 26389 26397 26412 27761 27765 27766 27767 27768 27769 27770 27771 27772 27773 27774 27775
1191 0 0 31999 32007 32013 35860 35865 35871 35876 35894 35914 35929 35930 35931 35932 35933 35934 39604
1192 3 3 35800 36407 36435 36452 36453 36454 36455 36456 36457
1193 2 2 4249 4259 5210 9265 9737 13045 15371 15383 15388 15685 15689 15836 23041 23061 23067 23068 23069 23070 23071 23072 23073 23074
1194 4 4 22592 22596 29047 29081 29109 29124 29125 29126 29127 29128 29129
1195 0 0 16262 16263 16264 16265 16266 16267 16268
1196 4 4 34343 34344 34345 34346 34347 34348 34349 34350 34351 34352 34353 34354 34355 34356 34357 34358 34359 34360
1197 2 2 13402 13498 20852 20877 20883 20892 20893 20894 20895 20896 20897 20898 20899 20900 20901 20902 20903
1198 0 0 5053 5064 6652 8725 8764 9449 13741 13751 13757 13760 13761 13762 13763 13764 13765 39605
1199 4 4 11451 11477 11510 18647 18656 18659 21626 21631 28282 33671 33672 33673 33674 33675 33676 33677 33678
1200 2 2 22906 22919 29180 30045 30049 30069 30074 31668 31674 31686 31744 31791 34344 34361 34365 34366 34367 34368 34369
1201 0 0 9707 9710 9727 9730 12999 13021 13029 13031 13034 13035 13036 13037 39606
1202 4 4 25250 25251 25252 25253 25254 25255 25256 25257 25258 25259 25260 25261 25262 25263 25264 25265 25266 25267 25268
1203 0 0 5859 5860 5861 5862 5863 39607 39608
1204 2 2 357 397 2982 3006 6272 6280 10184 10243 10250 24296 24309 24318 24350 24357 30548 32086 32121 32129 32134 32140 32142 32143 32144 32145 32146
1205 0 0 7243 7250 8988 8994 9652 13769 13774 13777 28227 33561 33565 33569 33578 33595 33606 39609 39610
1206 0 0 10970 10981 10988 11002 17406 17769 17785 17790 17869 17892 24517 24523 24531 24565 24566 24567
1207 3 3 30803 30818 30844 30855 33743 33752 33763 33764 33765 33766 33767 33768 33769 33770 33771
1208 1 1 7955 7979 8001 13604 14767 14903 15050 15141 15154 15159 15206 15245 15258 15267 15268 15269 15270 15271 15272 15273 15274 15275 15276 15277
1209 0 0 19852 19854 19894 19905 19915 19924 19944 19957 19963 19964 19965 19966 19967 19968
1210 3 3 15138 15149 16510 22377 22381 22382 22383 22384 22385 22386 22387 22388 22389
1211 0 0 23606 23607 23608 23609 23610 23611 23612 23613 23614 39611
1212 0 0 2830 2856 5870 5873 5874 5875 5876 5877 5878 5879 5880
1213 3 3 17692 18142 23634 23635 23636 23637 23638 23639 23640 23641 23642 23643 23644 23645 23646 23647 23648
1214 3 3 17062 17077 18066 22785 22791 22792 22793 22794 22795 22796 22797 22798 22799 22800 22801
1215 2 2 30490 30533 30688 30710 31166 32153 34968 35223 36136 38072 38090 38095 38113 38122 38125 38130 38131 38132 38133
1216 4 4 16097 23597 23602 29635 29749 29764 30304 30311 30318 30321 30322
1217 3 3 6760 6761 6762 6763 6764 6765 6766 6767 6768 6769 6770 6771 6772
1218 0 0 808 2090 2097 3512 4940 4967 4969 4970 4971 39612
1219 0 0 19990 19991 19992 19993 19994 19995 19996 19997 19998 19999 20000
1220 0 0 5558 6318 10144 10152 10153 10154 10155 10156
1221 3 3 26414 27765 28684 28709 30340 30756 30761 30762 30763 30764 30765 30766 30767 30768
1222 2 2 3748 3755 3756 3757 3758 3759 3760 3761 3762 3763 3764 3765
1223 4 4 16853 18601 18608 25779 25793 26133 31312 31319 31327 31333 31336 31339 32074 32095 32096 32097 32098 32099 32100 32101
1224 0 0 4328 4730 8212 12546 13174 15079 15084 15110 15120 15122 15123 15124 15125 15126 15127
1225 2 2 4581 9043 9059 9072 9075 9099 9123 16218 16240 21354 22566 23717 23727 23736 23750 23771 23772 23773 23774 23775 23776 23777
1226 0 0 10415 21275 21353 31273 31274 31275 31276 31277 31278 31279 31280
1227 2 2 14615 14633 22281 22296 22309 23850 23869 23878 23883 23890 26282 26299 26300 26301 26302 26303 26304 26305 26306 26307 26308 26309 26310 26311
1228 3 3 24878 31230 31246 32438 32455 32463 32464 32465 32466 32467 32468 32469 32470 32471 32472 32473
1229 0 0 28201 33609 36701 36711 36713 36715 36716 36717 36718 36719
1230 0 0 714 15471 16017 16038 17112 22941 23497 23508 24743 24755 24774 24778 24779 24780 24781 24782 24783 24784 39613
1231 2 2 1724 2380 3797 4040 5630 5631 5632 5633 5634 5635 5636 5637 5638 5639 5640 5641 5642 5643 5644 5645 5646
1232 0 0 11753 14887 14956 14964 14973 14979 14990 14991 14992 14993
1233 2 2 14386 14399 14450 18552 20045 21760 26012 26046 26058 26061 26079 26084 26087 32204 32225 32254 32255 32256 32257 32258 32259
1234 0 0 18596 22045 22067 22080 22084 26088 26089 26090 26091 26092 26093 26094 26095
1235 2 2 27583 27595 27599 27606 27614 27618 27623 28031 28065 28134 33070 33079 33112 33113 33131 33132 33133 33134 33135 33136
1236 4 4 24295 24296 24297 24298 24299 24300 24301 24302 24303 24304 24305
1237 3 3 9083 9105 9106 9107 9108 9109 9110 9111 9112 9113 9114
1238 3 3 9462 9650 12919 12922 20233 20260 27489 27501 27512 27528 27529 27530 27531
1239 0 0 615 616 617 618 619 620 621 622 623 624 625 626 627 39614
1240 0 0 7157 13526 15607 21251 21266 21288 21309 21326 21327 21328 21329 21330 21331 21332
1241 0 0 36780 36792 38308 38403 38419 38430 38437 38438 38439 38440 38441
1242 2 2 24714 27888 27896 27919 27925 27948 28305 28313 31204 31210 32740 35456 35466 35467 35468 35469 35470 35471 35472
1243 0 0 6988 20057 20072 20075 20076 20077 20078 20079 39615
1244 0 0 34098 34115 37013 37055 37076 37081 37094 37097 37098 37099 37100 37101 37102 37103 37104 37105 37106 37107 37108
1245 0 0 22813 23779 29174 29908 29963 29975 29991 29995 30121 31768 34349 34374 34382 34388 34389
1246 0 0 10175 10229 10238 10255 10265 10279 10298 30543 30551 30569 34977 35040 35540 35556 35564 35590 35593 35596 35598 35599 35605 39616
1247 0 0 7528 7692 9837 9849 14154 14181 14182 14183 14184 14185
1248 3 3 18811 22974 22990 27899 27927 27959 28304 29286 31202 31203 31204 31205 31206 31207
1249 2 2 4048 4136 4167 4242 4274 4697 4705 8147 8279 8281 8341 8375 9263 9293 15381 15411 15833 15834 15835 15836 15837 15838 15839 15840 15841
1250 0 0 19188 19194 20490 20817 27778 27787 27794 27799 27804 27811 27815 36488 36502 36503 36532 36534 36535
1251 0 0 17150 17151 17152 17153 17154 17155 17156 17157 17158 17159 17160 17161 17162
1252 0 0 837 1013 1060 2728 2779 2783 2789 2790 2791 39617
1253 0 0 15767 15775 23138 23145 23154 23155 23156 23157 23158
1254 0 0 28633 29770 33371 33372 33373 33374 33375 33376 33377 33378 33379 33380
1255 3 3 4646 4666 5201 5202 5203 5204 5205 5206 5207 5208 5209 5210 5211 5212 5213 5214
1256 2 2 14696 14703 18761 18784 21919 21927 21997 22206 25546 25558 25568 27321 28329 28589 32600 38467 38477 38599 38997 38998 38999 39000 39001 39002 39003 39004 39005 39006
1257 0 0 12906 20216 20219 33273 33286 33311 33336 33345 33352 33358 33359 33360 33361 39618
1258 0 0 763 777 788 789 790 791 792 39619 39620
1259 0 0 1621 3034 3091 3237 3246 3828 6365 6373 6374 6375 6376 6377 6378 6379 6380 39621
1260 2 2 12415 13072 13242 14586 14613 14632 22269 22285 22302 22303 22304 22305 22306 22307 22308 22309 22310 22311
1261 4 4 691 693 700 701 702 703 704 705 706 707 708 709 710 711
1262 3 3 13967 13968 13969 13970 13971 13972 13973 13974 13975 13976 13977 13978
1263 3 3 6811 12028 12029 12030 12031 12032 12033 12034 12035 12036
1264 2 2 3470 13126 19088 19114 19229 19238 32986 32995 32999 33041 33056 33108 36484 36498 36509 36518 36523 36524
1265 0 0 1097 1115 1143 1145 1146 1147 1148 1149 1150 1151 1152 1153 1154 39622
1266 0 0 12305 19546 19559 19580 32989 32990 32991 32992 32993 32994 32995 32996
1267 0 0 5075 5095 5096 5097 5098 5099 5100
1268 3 3 27876 27891 27917 27931 27938 27939 27940 27941 27942 27943 27944 27945 27946 27947 27948 27949 27950 27951 27952 27953
1269 0 0 7565 7572 10299 10307 10710 10714 10715 10716 10717 10718 10719 10720
1270 0 0 18606 18615 18620 24971 24992 24996 24997 24998 24999 25000 25001
1271 0 0 6781 7756 7765 7775 7776 7777 7778 7779 7780 7781 7782
1272 3 3 6237 6271 6275 6277 6290 18385 24302 24313 32085 32125 32130 32132 32135 32139 32140 32141
1273 4 4 17599 25217 25233 25241 31549 31556 31562 31571 35715 37986 38026 38049 38052 38055 38056 38057
1274 2 2 2390 2398 2410 3781 3799 3803 5630 7738 7930 10102 14803 14853 14857 14998 15004 15005 15006 15007 15008 15009
1275 2 2 29708 29802 31942 31960 34675 34700 36059 36071 36223 38164 38177 38185 38205 38218 38234 38240 38243 38244 38245
1276 3 3 20048 21844 21869 24129 26015 26077 27226 27235 27247 27248 27249 27250 27251 27252 27253 27254 27255 27256 27257
1277 0 0 452 4327 4348 4363 7031 7032 7033 7034 7035 7036 7037 39623
1278 0 0 8924 8934 8935 8936 8937 8938 8939 8940 8941 8942 8943 8944 8945
1279 0 0 36958 36959 36960 36961 36962 36963 36964 36965 36966
1280 0 0 16553 16585 16607 19219 19235 26665 26670 26748 26753 26757 26758 26759 26760
1281 3 3 9631 9646 12923 20167 20170 20178 20196 27554 27557 27570 33265 33278 33325 33329
1282 3 3 29791 29800 29814 30333 30356 30368 30406 30780 37690 37702 37709 37732 37733 37734 37735
1283 3 3 1851 7962 7963 7964 7965 7966 7967 7968 7969 7970 7971 7972 7973
1284 0 0 25480 25481 25482 25483 25484 25485 25486 25487 25488 25489 39624
1285 2 2 886 894 906 909 1317 2230 2977 2988 5683 6241 6251 6259 6262 6263 6264 6265 6266 6267 6268 6269 6270 6271
1286 4 4 9820 9831 9910 14175 14499 14525 14569 16718 21901 22055 24150 24153 24159 24160 24161 24162 24163 24164 24165
1287 0 0 913 2599 6298 6303 6304 6305 6306 39625
1288 3 3 18804 22982 23913 23938 23941 23942 23943 23944 23945 23946 23947 23948
1289 2 2 12557 13731 18679 18691 18709 18710 18711 18712 18713 18714 18715 18716 18717 18718 18719 18720 18721 18722 18723 18724
1290 0 0 22337 23210 28934 29373 29383 29399 29414 29420 29421 29422 29423
1291 3 3 5373 5380 5387 5512 5516 9978 9989 10027 10158 24227 24242 24251 24252 24253 24254 24255
1292 0 0 10257 10258 10259 10260 10261 10262 10263 10264 10265 10266 10267 10268 10269 39626
1293 2 2 27156 27205 27216 27289 27307 30387 30408 30426 33192 33220 33233 33248 34914 36228 37650 37661 37693 37699 37711 37714 37724 37741 37742
1294 0 0 3643 6526 6534 7379 7387 7388 7389 7390 7391 7392 7393 7394 7395 7396 7397 7398
1295 0 0 1762 1763 1764 1765 1766 1767 1768 1769 1770 1771 1772
1296 2 2 4863 6203 9008 9201 10983 11011 11063 17372 17407 17408 17409 17410 17411 17412 17413 17414 17415 17416 17417 17418
1297 0 0 8025 8032 8037 15184 15188 15192 22475 22483 22494 22495 22496
1298 3 3 10010 10016 10024 10034 24197 24205 24230 24252 24257 24261 24262 24263 24264 24265 24266
1299 0 0 3216 21604 28237 28249 28252 28253 28254 28255
1300 0 0 30620 30630 30642 30654 30672 30676 30717 30722 30723 30724 30725
1301 0 0 17214 17215 17216 17217 17218 17219 17220 17221
1302 0 0 5994 6023 6033 8815 10930 16051 16052 39627
1303 2 2 8511 15622 15925 15928 20730 22411 23125 23849 23852 23863 23897 23898 23906 23907 23908 23909 23910 23911 23912
1304 2 2 922 936 952 991 1002 2389 2392 2408 7922 7925 7926 7927 7928 7929 7930 7931 7932
1305 0 0 6835 6844 6845 6846 6847 6848 6849 6850 6851 6852 6853 6854 6855
1306 0 0 2633 2646 10663 10665 10666 10667 10668 10669 10670 10671 10672 10673 10674 39628
1307 3 3 1837 1854 1868 1869 1870 1871 1872 1873 1874 1875 1876 1877 1878 1879
1308 0 0 4470 8458 8459 8460 8461 8462 8463 8464 8465 8466
1309 3 3 30865 35291 35308 35321 35330 35334 35356 35415 35806 35838 37181 37200 37222 37230 37233 37235 37236
1310 0 0 739 747 1831 2079 3500 4290 8112 8128 8129 8130 8131
1311 4 4 29815 29816 29817 29818 29819 29820 29821 29822 29823 29824 29825
1312 0 0 34959 37683 37703 37719 37726 38836 38850 38859 38860 38861 38862 38863
1313 0 0 2827 2850 5881 5896 5939 5963 5971 5972 5973
1314 0 0 2102 4993 4996 5221 8744 9232 9425 9668 9669 9670 9671 9672 9673 9674
1315 4 4 29136 30890 30910 30951 37369 37395 37398 37424 37425 37426 37427 37428 37429 37430 37431
1316 0 0 12859 12867 12870 12871 12872 12873 12874 12875 12876 12877
1317 3 3 34332 34342 34433 37568 37616 37631 37638 37641 37642 37643 37644 37645 37646
1318 2 2 8959 8966 9256 15750 16305 16309 16310 16311 16312 16313 16314 16315 16316 16317 16318
1319 0 0 28357 28358 28359 28360 28361 28362 28363 28364 28365 28366 28367 28368 28369
1320 0 0 3324 3325 3326 3327 3328 3329 39629
1321 0 0 28442 28455 28491 34002 34021 34022 34023 34024 34025 34026
1322 0 0 10126 16757 16814 16819 16823 16824 16825 16826 16827 16828 16829 16830 39630
1323 0 0 8980 8981 8982 8983 8984 8985
1324 0 0 12118 26591 26599 26610 26614 26617 26875 26876 26877 26878 26879 26880
1325 0 0 1603 1630 1648 1649 1650 1651 1652 1653 1654 1655 1656 39631
1326 0 0 11137 11160 16673 18202 18208 25684 31842 31848 31855 31864 31865 31866 31867
1327 0 0 1463 1911 1929 1935 1939 1940 1941 1942 1943 1944 1945 1946 1947
1328 0 0 30003 30008 30014 30019 30024 30025 30030 30034 30037 30040 31068 31074 31080 31093 31094 31095
1329 0 0 18923 18936 22989 27049 27875 27905 27932 27933 27934 27935 27936 27937
1330 0 0 475 479 1325 1574 2700 14027 14048 14054 14055 14056 14057 14058 39632
1331 0 0 22814 22815 22816 22817 22818 22819 22820 22821 22822 22823 22824
1332 0 0 4661 5202 8525 15679 15680 15681 15682 15683 15684 15685 15686 15687
1333 0 0 25677 31814 31815 31816 31817 31818 31819 31820 31821 31822 31823
1334 2 2 14638 22109 26307 27352 28573 32826 32842 32858 32868 32872 32877 32878 32879 32880 32881 32882 32883 32884
1335 0 0 29527 33761 34060 34061 34062 34063 34064 34065 34066 34067 34068
1336 4 4 11637 17146 18670 18875 21041 21074 21085 21091 21092 21093 21094
1337 0 0 34736 34793 34805 34810 34812 37382 37387 37413 37433 37452 37467 37477 37478 37479
1338 0 0 2233 2234 2235 2236 2237 2238 2239 2240 2241
1339 2 2 4453 15454 15462 15472 15477 15491 22602 22624 22682 22685 22688 22701 22867 23709 24721 24728 24729 24730 24731 24732 24733 24734 24735 24736
1340 0 0 4734 8210 8689 15064 15080 15085 15113 15115 15118 15119 15120 15121
1341 0 0 17727 17749 17759 18096 25147 29576 31646 31660 31693 31694 31695 31696 31697
1342 0 0 11126 25712 25723 32034 35848 35855 35863 36100 36122 36126 36128 36129 36130 39633
1343 0 0 625 641 1901 1902 1903 1904 1905 1906 1907 1908 1909 39634
1344 0 0 28737 34734 36612 36620 37474 37485 38631 38644 38648 38651 38652 38653
1345 0 0 1425 6870 6871 6872 6873 6874 6875 6876 6877 6878 6879 6880 6881 39635
1346 3 3 14445 18574 21651 21698 21731 21746 22032 25998 26002 26008 26009 26010
1347 0 0 757 764 775 784 793 794 795 796 797 798 799
1348 0 0 9169 9175 9185 16250 16299 22802 22803 22804 22805 22806 22807 22808 22809 22810 22811 22812 22813 39636
1349 0 0 12475 12484 12494 12498 12506 12511 12512 12513 12514
1350 2 2 11095 11097 15982 16008 17023 17024 17025 17026 17027 17028 17029 17030 17031 17032 17033 17034 17035 17036 17037 17038 17039
1351 0 0 14279 21677 21696 21730 21739 22012 22020 32415 33937 33958 33965 33975 33977 33979 33980
1352 0 0 25426 25427 25428 25429 25430 25431 25432 25433 25434 25435
1353 3 3 22270 22280 22290 22301 22311 23880 26310 30174 30175 30176 30177 30178 30179 30180 30181 30182
1354 3 3 29189 29196 29209 30133 30142 34414 34450 34452 34455 34458 34459 34460 34461
1355 3 3 32406 32502 32513 33984 36267 36284 36300 37000 37004 38116 38321 38330 38331 38332 38333 38334 38335 38336
1356 2 2 23197 23206 26256 26257 26258 26259 26260 26261 26262 26263 26264 26265 26266 26267 26268
1357 3 3 31173 31184 35400 37940 37958 38107 38119 38124 38337 38350 38356 38380 38387 38389 38390 38391
1358 0 0 291 2729 2738 2769 2773 6010 6016 6017 6018 39637
1359 1 1 15634 15646 15938 20714 20735 22243 22252 22295 23857 27504 27541 28216 28221 28232 29315 29325 29351 33603 34837 34850 36723 36726 36730 37507 37512 37519 37521 37522 37523
1360 2 2 1839 1870 1886 3283 4210 8081 8094 8097 8270 15208 15239 15264 15283 15284 15285 15286 15287 15288 15289
1361 2 2 4238 4250 4256 4644 5204 9262 9263 9264 9265 9266 9267 9268 9269 9270 9271 9272 9273 9274 9275 9276
1362 0 0 6057 6999 9577 20510 20515 20640 20644 20645 20646 20647 39638
1363 1 1 7176 11232 11247 12228 18404 18444 18450 19685 19700 19754 19774 19788 19951 21062 21488 25838 25852 25853 25854 25855 25856 25857 25858 25859 25860
1364 3 3 5131 6951 12537 13260 13294 16379 16414 16420 16426
1365 0 0 15566 15570 15571 15572 15573 15574 15575 15576 15577 15578 15579 15580 15581 15582 15583 15584 39639
1366 2 2 24854 30873 30961 30990 30992 30993 30994 30995 30996 30997 30998 30999 31000 31001 31002 31003 31004 31005 31006
1367 2 2 7953 14766 14888 14992 15002 15026 15043 15048 15049 15050 15051 15052 15053 15054
1368 0 0 15570 15963 15965 16156 23555 26419 26435 26436 26437 26438 26439 26440 26441 39640
1369 0 0 17707 17718 17722 17762 18086 23318 25429 25438 25448 25453 25454 25455 25456 25457 25458 25459
1370 2 2 28290 28347 30742 32238 32281 36855 36870 36898 38265 38283 38301 38309 38314 38408 38440 38455 38457 38469 38470 38471 38472 38473 38474 38475
1371 0 0 1554 1595 6483 6488 6489 6490 6491 6492 39641
1372 0 0 10327 16881 16888 16896 16910 16916 16917 16918 39642
1373 0 0 7087 7100 7101 7102 7103 7104 7105 7106 7107 7108 7109 7110 7111 7112 7113 7114
1374 4 4 14068 14078 18497 18513 18529 18562 21762 21780 21786 21788 21789
1375 0 0 8843 8853 8880 8883 8916 16116 25179 25194 25200 25201 25202 25203 25204
1376 0 0 10362 10382 10972 10977 10986 10987 10988 10989 10990 10991 10992 10993 10994
1377 2 2 19801 20361 20366 20379 21438 22148 26211 26223 26234 26250 26983 27008 27009 27010 27011 27012 27013 27014 27015 27016 27017 27018 27019 27020 27021
1378 0 0 12586 19674 19692 19698 19718 19719 19720 19721 19722 19723 19724 19725
1379 0 0 1066 2714 2730 2731 2732 2733 2734 2735 2736 2737 2738 2739 2740 2741 2742 2743 39643
1380 0 0 8754 8770 8782 8794 8962 15857 15872 23254 23260 23269 23276 23278 23279
1381 2 2 11541 11556 11588 11624 11627 11633 11634 11635 11636 11637 11638 11639 11640 11641 11642 11643
1382 0 0 2305 2326 2337 2347 2355 2363 2364 2365 2366 2367 2368 2369 39644
1383 0 0 3923 7844 7848 7861 14814 14817 14818 14819 14820 14821 14822 14823 39645
1384 2 2 22977 23915 23935 23947 26312 26313 26314 26315 26316 26317 26318 26319 26320 26321 26322 26323 26324 26325 26326 26327
1385 2 2 6692 9742 16622 19096 24005 24023 24026 24031 24032 24033 24034 24035 24036 24037 24038
1386 3 3 17363 17364 17365 17366 17367 17368 17369 17370 17371 17372 17373 17374
1387 0 0 3525 7191 7196 7197 7198 7199 7200 7201 7202 7203 39646
1388 3 3 6964 7557 26153 26165 26168 32539 33698 36362 36373 36390 36391
1389 3 3 16688 21861 21864 24132 27236 27252 27258 27259 27260 27261 27262 27263 27264 27265 27266 27267 27268 27269
1390 0 0 20405 21401 27575 27576 27577 27578 27579 27580 27581 27582 27583
1391 2 2 7713 18316 25798 26130 28437 28450 28461 28493 30617 30659 30661 30669 30678 31152 33990 33992 36165 36174 36302 38067 38087 38097 38099 38100 38101 38102 38103
1392 0 0 27426 27437 27450 27453 27459 27462 33335 33348 33350 33353 33354 33355 33356 39647
1393 1 1 6982 12596 13640 13669 14687 18754 19624 19805 20373 21956 21965 21966 21967 21968 21969 21970 21971 21972 21973
1394 3 3 1499 3144 3172 3570 3607 3620 3641 3682 6518 6524 6525 6526 6527 6528 6529 6530
1395 3 3 13285 13302 13312 13320 16403 20768 20781 20790 20801 20805 33642 33650 33655 33657 33664 33667 33668
1396 2 2 7160 7884 11236 12589 18417 18445 19669 19695 19697 19698 19699 19700 19701 19702 19703 19704 19705 19706 19707 19708 19709
1397 4 4 1228 2739 2793 2805 5915 5929 5937 5943 5944 5945 5946 5947
1398 2 2 29501 29511 29518 30849 32894 36646 36650 36660 36661 36662 36663 36664
1399 0 0 293 300 2724 2749 2758 2763 2765 2773 2774 2775 39648
1400 0 0 10379 17054 17055 17056 17057 17058 17059 17060 17061 17062 17063
1401 2 2 4557 8310 13506 20885 21107 21121 21137 21155 21191 22572 22587 22594 22595 22596 22597
1402 0 0 1015 1583 1584 1585 1586 1587 1588 1589 1590 1591 1592 1593 39649
1403 0 0 6319 11200 11209 11217 16776 18364 24404 24411 24417 24418 24419 24420 24421
1404 3 3 9536 12333 13276 16538 16566 16568 16571 16572 16573 16574 16575 16576 16577 16578
1405 0 0 11443 25515 25528 25529 25530 25531 25532 25533 25534 25535
1406 3 3 36790 38294 38312 38450 38470 38710 38749 38758 38759 38765 38766 38767 38768
1407 0 0 15655 28193 28200 28201 28202 28203 28204 28205 28206 28207
1408 0 0 1873 8042 8059 8069 8071 8082 8093 8096 8263 8268 8269 8270 8271 8272 8273 8274 8275 39650
1409 3 3 1866 4415 8183 8203 8230 8240 8291 8292 8293 8294 8295 8296 8297 8298 8299 8300 8301
1410 0 0 1240 1534 1537 1538 1539 1540 1541 1542 39651 39652
1411 3 3 8675 15137 21146 21178 22370 22371 22372 22373 22374 22375 22376 22377 22378 22379 22380
1412 0 0 13661 13670 13709 20291 20312 20317 20341 20343 20344 20345 20346 20347
1413 0 0 3267 6687 6732 9749 15204 15224 15260 15261 15262 15263 15264
1414 4 4 18073 22784 24629 31647 31684 31697 31698 31699 31700 31701 31702 31703 31704 31705
1415 1 1 26286 29469 29495 29504 29519 32825 32848 32853 32867 32886 36649 36661 36682 36688 37525 37541 37554 37578 37591 37597 37598 37599 37600 37601
1416 0 0 28671 28672 28673 28674 28675 28676 28677 28678 28679 28680 28681 28682
1417 0 0 413 1378 1379 1380 1381 1382 1383 39653 39654
1418 0 0 16933 16945 17383 17395 17396 17420 17426 17830 17839 17859 17860 17861 17862
1419 3 3 13442 13462 15512 15514 15742 20927 20934 20939 20940 20941 20942 20943 20944 20945 20946 20947
1420 0 0 1978 8437 8438 8439 8440 8441 8442 8443 39655
1421 0 0 7096 12929 12942 12943 12944 12945 12946 12947 12948 39656
1422 0 0 1495 6510 6536 6554 6570 6571 6584 6592 6596 6602 6619 11398 11417 11471 11502 11505 11512 13868 18638 18655 18659 18660 18661 18662 39657
1423 2 2 22916 22943 23507 24779 24788 24805 25597 29568 31641 31656 31665 31667 31668 31669 31670 31671 31672 31673
1424 3 3 11903 11937 11955 11980 11990 19159 19176 19727 20382 21453 21455 21456 21457 21458 21459 21460 21461
1425 0 0 20966 20974 20987 20988 20989 20990 20991 20992
1426 0 0 8018 14943 15053 15055 15150 22423 22434 22435 22436 22437 22438 22439
1427 0 0 4776 4777 8769 8784 8809 15871 23257 23266 23275 23279 23282 23284 39658
1428 4 4 70 204 732 1830 4177 4284 4289 4290 4291 4292 4293 4294 4295 4296
1429 0 0 885 900 908 909 910 911 912 913 914 915 39659
1430 0 0 10448 16198 16290 23696 23807 23808 23809 23810 23811 23812 23813
1431 4 4 3033 3829 3836 3863 4019 6373 6388 6397 14714 14737 14743 14759 14760 14761 14762
1432 0 0 643 1838 1862 1874 1888 4201 4401 8075 8077 8084 8093 8094 39660
1433 0 0 294 306 336 839 2642 2727 2745 2766 2774 2776 2781 2782 2783 2784 2785 2786 2787 2788 39661
1434 0 0 403 406 407 408 409 410 411 39662
1435 0 0 20283 20661 20693 27409 27420 27471 27522 33263 33302 33307 33315 33316 33321
1436 2 2 14881 22978 23916 26318 26338 26355 27964 28550 28565 28580 32823 32834 32840 32875 32876 32877
1437 0 0 4168 4233 4245 4278 8062 8065 8070 8257 8264 8268 8276 8277 8278 8279 8280 39663
1438 1 1 31895 31903 31910 31916 31924 31934 31937 31954 31978 32041 33837 34668 34681 34689 34692 34693 34694 34695 34696 34697 34698 34699 34700 34701
1439 0 0 2129 3409 3417 3418 3419 3420 3421 3422 3423 3424 3425 39664 39665
1440 2 2 17266 24492 24555 24644 25371 25414 28481 28495 31396 31399 31404 31414 31421 31424 31425 31426 31427 31428 31429 31430
1441 2 2 11873 11887 11910 11941 11957 11965 11978 11984 11985 11986 11987 11988 11989 11990 11991 11992 11993
1442 0 0 36310 37796 37801 38078 38110 38139 38150 38152 38343 38358 38364 38365 38366 38367
1443 4 4 16653 16664 16676 18204 25679 25680 25681 25682 25683 25684 25685 25686 25687 25688 25689
1444 0 0 11093 17736 17750 24578 31645 31661 31663 31682 31690 31691 31692 31693
1445 3 3 943 1985 7939 9047 9137 10403 10422 21257 21263 21271 21279 21297 21307 21339 21348 21355 21380
1446 3 3 6401 11583 11601 11610 11616 11617 11618 11619 11620 11621 11622 11623 11624 11625 11626
1447 0 0 264 271 279 280 281 282 39666
1448 0 0 10826 10885 17452 17457 17458 17459 17460 17461 17462 17463 17464 17465 17466
1449 0 0 17628 17723 17758 18086 18087 18088 18089 18090 18091 18092 18093 18094 18095 18096 18097
1450 4 4 9932 9948 11032 16626 24086 30283 30284 30285 30286 30287 30288 30289
1451 0 0 4859 4860 4861 4862 4863 4864 4865 4866 4867 39667
1452 0 0 6367 6674 11593 11613 18831 18837 18848 18854 18855 18856 39668
1453 3 3 6921 9503 9519 9528 9555 9557 12328 12339 12363 12364 12365 12366 12367 12368 12369 12370 12371 12372
1454 0 0 20506 20651 22165 22177 22185 23966 23967 23968 23969 23970 23971 23972 23973 23974
1455 0 0 16095 29582 29616 29636 29654 30308 34510 34527 34529 34537 34538 34539 34540 39669
1456 0 0 1063 2740 2778 5662 5914 5915 5916 5917 5918 5919 5920 5921 5922 5923 5924 5925 5926 39670
1457 3 3 2702 7445 7477 7486 7491 14012 14015 14025 14059 14064 14065 14066 14067 14068 14069 14070
1458 0 0 565 572 583 596 1791 3937 3960 4069 4108 4113 4119 4123
1459 0 0 12296 12301 19424 19437 19443 19456 26776 26779 26783 26802 26817 26825
1460 3 3 2384 2537 2548 2557 3773 3791 3792 3793 3794 3795 3796 3797 3798 3799 3800 3801
1461 0 0 8304 8638 8652 13360 13361 13362 13363 13364 13365 13366 13367 39671
1462 2 2 10595 10597 11343 11367 11386 11387 11388 11389 11390 11391 11392 11393 11394 11395 11396
1463 4 4 24395 25827 30641 30648 32075 36153 36157 36172 36178 36179 36180
1464 0 0 11132 18226 18244 18250 18251 18252 39672 39673
1465 0 0 3188 3194 3202 6417 6428 6458 11313 11322 11332 11345 11346 11347 11348 11349 11350
1466 3 3 29813 30381 31938 31939 31940 31941 31942 31943 31944 31945 31946
1467 0 0 12205 12217 18403 18859 18866 21079 25845 25868 25875 25876 25877 25878 25879 39674
1468 0 0 8297 15435 22507 22508 22509 22510 22511 22512 22513 22514 22515 22516 22517 22518 22519 22520
1469 0 0 2871 6217 6218 6219 6220 6221 6222 39675 39676
1470 0 0 5000 5014 5215 7039 7271 8737 8742 8758 8797 8968 9233 13786 15852 15857 15858 15859 15860 15861 15862 15863 39677
1471 0 0 13529 15606 21326 21373 28878 28884 28890 28891 28892 28893
1472 3 3 3704 9945 11026 11027 11028 11029 11030 11031 11032 11033 11034
1473 0 0 31722 31723 31724 31725 31726 31727 31728 31729 31730 31731 31732 31733 31734 31735 31736 31737
1474 0 0 13443 13458 15498 15506 15507 15508 15509 15510 15511 15512 15513
1475 3 3 7530 7540 9853 14148 14181 14186 14198 14370 14379 16677 16696 16705 16710 16711 16712 16713 16714 16715
1476 0 0 35846 35847 35848 35849 35850 35851 35852 35853 35854
1477 0 0 19539 19540 19541 19542 19543 19544 19545 19546 19547 19548 19549
1478 4 4 12348 12349 12350 12351 12352 12353 12354 12355 12356 12357 12358 12359 12360 12361 12362
1479 0 0 15619 23190 26292 37139 37145 37158 37160 37161 37162
1480 3 3 32157 37239 37254 37264 37356 38162 38219 38236 38246 38247 38248 38249
1481 0 0 36316 38345 38362 38367 38371 38372 38373 38374 38375 38376
1482 3 3 17139 17149 18673 26180 26193 27152 35062 35081 35091 35104 35115 35122 35142 35155 35159 35163
1483 0 0 24459 24470 29159 29164 29165 29166 29167 29168 29169 29170
1484 3 3 12353 12402 13178 13301 19189 19199 19202 19203 19204 19205 19206 19207 19208 19209
1485 0 0 339 345 893 1316 2203 2217 2228 2229 2230 2231 2232 39678
1486 4 4 12602 19615 19760 19844 19854 19855 19856 19857 19858 19859 19860 19861 19862 19863
1487 1 1 15614 16473 16487 16514 22553 23848 23871 23882 23891 23904 26272 26276 26277 26278 26279 26280 26281 26282 26283 26284
1488 4 4 26373 30972 34744 34769 34771 34804 34813 37380 37381 37382 37383 37384 37385 37386
1489 3 3 12573 12616 12617 12618 12619 12620 12621 12622 12623 12624 12625 12626
1490 0 0 316 1028 1050 2877 2882 2883 2884 2885 2886 39679
1491 0 0 6334 6335 6336 6337 6338 6339 6340 6341 6342 6343
1492 2 2 24589 24601 24670 24679 24689 25391 25405 25648 25660 25661 25662 25663 25664 25665 25666 25667 25668 25669
1493 0 0 14396 20037 20038 20039 20040 20041 20042 20043 20044 20045 20046 20047 20048
1494 4 4 23292 23298 23306 23314 23323 23326 23475 23487 23509 29552 29558 29566 29570 29571 29572
1495 0 0 23813 23818 23825 30001 30004 30005 30006 30007 30008
1496 0 0 8138 8145 8357 8358 8595 21106 21130 21139 21140 21141 21142 21143 21144
1497 0 0 4506 4507 4508 4509 4510 4511 4512 4513 4514 4515 4516 4517
1498 2 2 228 1816 2026 2041 4044 4137 4144 4152 4153 4154 4155 4156 4157 4158 4159 4160 4161
1499 2 2 7971 8150 8162 8344 8671 15134 15147 15397 15407 15838 21148 21165 21236 22372 22381 22394 23053 23071 23081 23096 23106 23111 23112 23113 23114 23115
1500 2 2 2609 6440 7649 10592 11339 11393 17305 18302 18323 18324 18325 18326 18327 18328 18329 18330 18331 18332
1501 0 0 18465 18470 18870 21076 25843 25878 25891 25924 25931 25942 25947 25972 25979 25980
1502 3 3 4619 4991 8717 8772 8783 8787 9411 9422 9432 9443 15752 15875 15890 15899 20904 20918 20937 20938
1503 0 0 32353 32422 32423 33896 33939 33957 33979 36958 36967 36968 36969 36970
1504 0 0 9967 10138 16727 16735 16754 16761 16762 16763 16764 16765 16766 16767 16768 16769 16770 16771 39680
1505 3 3 18732 18737 19611 26496 26523 26547 26556 26557 26558 26559 26560
1506 3 3 10363 10387 10990 10998 11221 16965 16986 17169 17202 17793 17873 17877 17883 24375 24384 30591 30703 30728 30730 30731 30732 30733 30734 30735
1507 0 0 28752 28764 28777 28800 28801 28802 28803 28804 28805 28806 28807 28808
1508 3 3 7325 21600 21611 21616 28246 32553 33697 33703 33704 33705 33706 33707 33708 33709 33710 33711
1509 0 0 24894 31356 34974 35527 35548 35552 35553 35554 35555 35556 35557
1510 0 0 17320 18290 18298 18327 18333 18361 18600 18613 25768 25776 25782 25787 25788 25789
1511 0 0 11202 16779 18365 24405 24414 24420 30599 30600 30601 30602 30603 30604 30605
1512 0 0 17691 18117 25252 25272 25280 25366 25380 31418 31587 31593 31599 31606 31625 31631 31632
1513 0 0 33750 33780 33785 34091 38940 39118 39158 39170 39171 39172
1514 2 2 2712 2742 2753 5666 10864 10870 10950 10962 17253 17429 17438 17445 25300 35618 35635 35637 35640 35646 35650 35651
1515 2 2 16849 18270 18281 18292 18304 18309 25752 25770 25775 25784 25787 32079 32090 32097 32106 32110 32111
1516 4 4 1726 4032 7150 7745 10584 13557 13570 13577 13578 13579 13580 13581 13582 13583 13584 13585 13586
1517 0 0 10852 10873 10878 10949 10959 10960 10961 10962 10963 10964 10965 10966
1518 0 0 183 221 1818 2028 3867 4438 7854 7863 7864 7865 7866 7867 7868 39681
1519 2 2 18787 18791 28296 28316 28330 33758 33775 33800 38407 38418 38446 38460 38462 38463 38464 38465 38466 38467 38468
1520 0 0 8215 8245 8681 13137 13147 13153 13351 15059 15060 15061 15062 15063 15064 15065 15066 15067
1521 3 3 26094 26115 28463 28475 30511 32302 34045 36187 36304 36987 38075 38096 38101 38134 38141
1522 2 2 13537 17227 19657 21027 21042 21043 21044 21045 21046 21047 21048 21049 21050 21051 21052 21053 21054 21055
1523 2 2 31031 31046 31116 31237 31253 32477 32500 32521 35454 35487 35493 35495 35822 37903 37937 37950 37962 37965 37966 37967 37968
1524 0 0 6969 12784 12793 12824 13707 13711 13718 13729 20001 20020 20332 20340 20348 20349 20350 20351 39682
1525 3 3 31062 31071 31076 31084 31092 31095 31097 31100 31107 31111 37857 37859 37873 37884 37885 37888 37889
1526 4 4 8720 8759 8786 9223 9257 15749 16315 20909 20912 20917 20918 20919 20920 20921 20922
1527 0 0 3697 5302 5303 5304 5305 5306 5307 5308 5309 5310 5311 5312 5313 5314 39683
1528 0 0 7353 10722 13849 13934 13962 13975 13983 13993 13995 13996 13997
1529 0 0 472 477 478 479 480 481 482 483 39684
1530 0 0 22926 22935 22942 24759 24781 24786 24790 24794 24795 24796 24797 24798 24799 24800 24801 24802 24803
1531 2 2 5791 5826 5839 10166 10301 10706 10714 13910 17206 17335 17347 24979 24988 31361 31513 31516 31521 31522 31523 31524 31525 31526 31527
1532 0 0 5859 7137 17931 17936 17950 17978 20527 20528 20529 20530 20531 20532 20533 20534 20535 39685
1533 0 0 12221 18402 18403 18404 18405 18406 18407 18408 18409 18410 18411 18412 39686
1534 2 2 23006 26347 29203 29275 29283 29378 29407 29430 29433 32730 32745 32748 32755 32756 32757 32758 32759
1535 0 0 38615 38622 38626 38632 38637 38645 38650 38653 38658 38659 38663 39046 39059 39060 39061 39062
1536 0 0 887 907 908 6269 6286 6305 6307 6308 6309 6310 6311 39687
1537 0 0 26239 27333 27362 28566 28577 29544 32667 32685 32691 32693 32704 32705 32706 32707
1538 0 0 11918 11982 12256 12264 12782 12830 20025 20393 21450 28079 28089 28114 28116
1539 0 0 20507 20649 22182 22197 23972 23975 23997 24001 24002 39688
1540 3 3 15585 19651 19652 19653 19654 19655 19656 19657 19658 19659 19660
1541 0 0 849 979 2419 2430 2446 2447 2461 2499 2503 2506 2514 2517 2518 2519 2520 2521 39689
1542 0 0 25046 25051 25501 25509 25510 31535 35652 35663 35664 35665 35666 35667 35668
1543 0 0 3550 3556 3557 3558 3559 3560 3561 39690 39691
1544 0 0 735 741 1829 2075 3491 4310 4885 4905 4912 4913 4914 4915 4916 4917 4918 4919 39692 39693
1545 3 3 20380 21439 22144 22153 22160 26231 26241 26249 26250 26251 26252 26253 26254 26255
1546 0 0 159 6883 11698 12182 16619 19001 19022 24016 24054 24066 24069 24072 24073 24074 39694
1547 0 0 23189 23190 23191 23192 23193 23194 23195 23196 23197 23198
1548 0 0 16698 21891 24080 32197 36217 36874 36876 36881 36882 36883 36884 36885
1549 0 0 20493 24118 27736 27738 30326 34951 37074 37679 37725 38835 39016 39023 39024 39025 39026 39027 39028 39029 39030 39031 39695
1550 2 2 5054 6636 6648 6650 15359 15641 15654 15918 22245 22253 26459 26460 26461 26462 26463 26464 26465 26466 26467 26468 26469 26470 26471 26472
1551 3 3 11929 14640 21431 22136 26623 26631 26632 26633 26634 26635 26636 26637
1552 2 2 15579 16141 24455 29660 34548 34564 34579 35305 35316 35345 35351 35370 35376 35377 35378 35379 35380 35381
1553 0 0 17608 18105 23296 23304 23322 29549 29556 29557 29558 29559 29560
1554 2 2 4648 5213 9264 13515 15827 15837 15846 23049 23072 23092 23098 23099 23100 23101 23102 23103 23104 23105 23106
1555 0 0 1088 1111 1124 1125 1126 1127 1128 1129 1130 1131 1132 1133 1134 1135
1556 0 0 920 2301 2318 2323 2324 2325 2326 2327 2328 2329 2330 39696
1557 0 0 4467 4962 13408 13415 13416 13417 13418 13419 13420 39697 39698
1558 0 0 10729 13948 13950 13951 13952 13953 13954 39699
1559 3 3 22415 22561 23134 23219 23228 23238 23241 23242 23243 23244 23245 23246 23247
1560 3 3 8247 8298 15437 15721 16508 20455 20807 20821 22511 22521 22522 22523 22524 22525 22526 22527 22528 22529
1561 0 0 30808 30817 30832 30833 30834 30835 30836 30837 30838 30839 30840
1562 3 3 30239 30246 30253 30265 30273 30282 32165 32171 32178 34495 34858 34868 34869 34870 34871 34872 34873 34874
1563 0 0 30429 30745 32203 32223 32244 32248 32249 32250 32251 32252 32253
1564 0 0 17617 18055 18081 18091 18099 18108 18109 18110 18111 18112 18113
1565 2 2 2981 3005 5552 6276 6322 10149 18383 24340 24349 30550 32076 32093 32115 32137 32139 32143 32147 35585 35591 35604 36145 36148 36149 36150 36151
1566 4 4 22100 22107 32288 32310 32324 32331 33843 34004 34030 34033 34034 34035 34036 34037 34038 34039
1567 0 0 6 7 8 9 10 39700 39701 39702
1568 0 0 8985 9436 15886 16176 16177 16178 16179 16180 16181 16182
1569 0 0 10464 10467 10484 16849 16850 16851 16852 16853 16854 16855 16856 16857 16858 16859
1570 0 0 1057 2654 2663 2664 2665 2666 2667 2668 39703
1571 3 3 6168 8893 16103 23517 23582 23583 23584 23585 23586 23587 23588 23589
1572 0 0 8556 8707 9471 9472 9473 9474 9475 9476 9477 9478 9479 9480 9481 9482 9483 9484
1573 0 0 16202 29998 30009 30010 30011 30012 30013 30014 39704
1574 0 0 7090 7138 20529 21585 21586 21587 21588 21589 21590 21591 21592 21593 39705
1575 2 2 15194 15195 15196 15197 15198 15199 15200 15201 15202 15203 15204 15205 15206 15207 15208 15209 15210 15211 15212 15213 15214 15215 15216 15217 15218
1576 0 0 4050 4134 4162 4179 4275 4677 4684 4702 4703 4704 4705 4706
1577 3 3 2115 4662 4712 8532 8539 8555 9692 13307 13789 13810 13816 13818 13819 13820 13821 13822 13823 13824
1578 2 2 11297 11300 13617 14340 14344 14348 18484 26498 26524 26539 26553 26555 26561 26562 26563 26564
1579 0 0 4444 4445 4446 4447 4448 4449 4450 4451 4452 39706
1580 4 4 23194 23199 23200 23201 23202 23203 23204 23205 23206 23207 23208
1581 2 2 26260 26325 29438 29457 29466 29469 29470 29471 29472 29473 29474 29475 29476 29477 29478 29479 29480
1582 0 0 10740 10766 10792 10796 10797 10798 10799 10800 10801 10802 10803 10804
1583 0 0 9493 9499 9501 9544 9551 9553 9562 12327 12366 16534 16547 16548 16549 16550 16551
1584 1 1 27350 28572 29521 29538 29540 30189 32865 32884 32890 33172 34056 36627 36647 36662 36665 36666 36667 36668 36669 36670 36671
1585 2 2 30748 34927 34943 36222 36231 38173 38186 38195 38213 38224 38225 38226 38227 38228 38229 38230 38231 38232 38233 38234 38235
1586 0 0 1018 1064 5660 5661 5662 5663 5664 5665 5666 5667 5668 5669 5670 5671 39707
1587 0 0 15523 16047 22644 22694 22704 22717 22718 22719 39708
1588 2 2 11090 11105 15561 17024 17697 17713 17726 17731 17732 17733 17734 17735 17736 17737 17738 17739 17740 17741 17742 17743 17744 17745
1589 0 0 627 631 1896 4254 4725 8073 8076 8249 8257 8258 8259 8260 8261 39709
1590 2 2 18423 18735 19676 19709 19751 19756 19856 19938 19942 19953 19968 25965 26488 26502 26510 26516 26517 26518 26519 26520 26521 26522 26523
1591 0 0 1663 1673 1674 1675 1676 1677
1592 0 0 11106 15981 15982 15983 15984 15985 15986 15987 15988 15989 15990 15991 15992
1593 0 0 37312 38698 38721 38726 38729 38735 38772 38786 38794 38796 38797 38798 38799
1594 3 3 6333 6338 6358 6695 6705 6737 11746 11763 11803 15217 15219 15228 15308 15312 15313 15314
1595 0 0 24964 30510 31329 31351 31488 31489 31490 31491 31492 31493 31494 31495 31496 31497
1596 3 3 537 3186 7371 7579 11349 11357 11361 14023 14040 14042 14043 14044 14045 14046
1597 0 0 3227 3228 3229 3230 3231 3232 3233 3234 3235 3236 39710
1598 0 0 2080 3499 8130 9311 9345 20825 20829 20830 20831 20832 20833 20834 20835
1599 0 0 503 504 505 506 507 39711
1600 4 4 12139 12156 12627 12628 12629 12630 12631 12632 12633 12634 12635 12636 12637 12638
1601 0 0 3263 3285 4416 5223 5224 5225 5226 5227 5228 5229 5230 5231
1602 2 2 20574 20604 28704 29705 29784 30329 30345 30354 30752 30772 30776 30777 30778 30779 30780 30781 30782 30783 30784 30785 30786 30787 30788
1603 0 0 18197 29731 35977 36005 36008 36013 36014 36015 36016 36017 39712
1604 2 2 13909 13917 13937 13965 13974 13997 14250 17329 17337 17349 21670 21680 21681 21682 21683 21684 21685 21686 21687 21688 21689 21690 21691
1605 0 0 21627 21633 21639 21644 28282 28283 28284 28285 28286 28287
1606 4 4 8013 14815 14901 14923 14933 14943 14944 14945 14946 14947 14948
1607 0 0 19595 19605 26661 26700 26930 26949 33025 33052 33062 33065 33066 33067 33068
1608 3 3 2131 2141 2142 2143 2144 2145 2146 2147 2148 2149 2150 2151 2152
1609 0 0 6939 12496 12498 12499 12500 12501 12502 12503 12504 12505 39713
1610 0 0 1753 1761 1773 1774 1775 1776 1777 1778 1779 1780 39714
1611 0 0 6962 7559 10741 10763 10784 10805 10806 10807 10808 10809 10810 10811 10812 10813
1612 3 3 15759 15791 15801 15810 15814 22402 22416 23128 23133 23134 23135 23136 23137 23138 23139 23140 23141 23142 23143 23144
1613 0 0 4921 9206 9242 9271 9279 9303 9335 9663 9720 16320 16328 16331 16332 16333 16334 16335 39715
1614 0 0 8844 8852 8874 8881 8883 8884 8885 8886 39716
1615 0 0 22513 27702 27722 28787 32861 33500 33511 33524 33537 33538
1616 0 0 5158 5166 5174 5193 5195 8991 9613 9619 9636 9637 9638 9639
1617 0 0 1617 1642 3826 3831 3832 3833 3834 3835 3836 3837
1618 0 0 2645 2721 2762 6020 6044 10666 17370 17391 17436 17449 17467 17468 17469 17470 17471 39717
1619 0 0 17802 28501 30673 31385 31387 31398 31399 31400 31401 31402 31403
1620 2 2 13252 13265 13270 13278 16389 16401 16415 16419 16449 20248 20702 20727 20741 20744 20745 20746 20747 20748
1621 3 3 5922 10845 10857 10868 10954 17533 17600 25209 25234 31565 31567 31571 31572 31573 31574
1622 0 0 255 256 257 258 259 260 261 262 263 264 265 266 39718
1623 0 0 17380 17397 17833 17844 17859 17866 17867 17868
1624 4 4 7164 7883 11233 13737 18416 18426 18427 18428 18429 18430 18431 18432 18433 18434 18435
1625 4 4 9563 12322 12323 12324 12325 12326 12327 12328 12329 12330 12331 12332 12333 12334
1626 0 0 8463 8472 13412 15439 15460 20870 22673 22679 22680 22681 22682 22683
1627 0 0 28 104 105 106 107 108 109 110 39719
1628 0 0 17147 18406 18458 18459 18460 18461 18462 18463 18464 18465 39720
1629 0 0 934 990 1001 2258 2386 2391 2409 2411 2424 2433 3804 7842 7929 10046 10084 10098 10099 10100 10101 10102 39721
1630 0 0 17689 23645 25288 25367 31582 31597 31598 31605 31606 31607 31608 31609
1631 0 0 5024 5029 5030 5031 5032 5033 5034 5035 39722 39723
1632 0 0 8239 8300 13139 13352 20453 20476 20811 20814 20820 20821 20822
1633 3 3 32504 33851 36261 36264 36283 36997 38330 38433 38530 38542 38544 38545 38546 38547 38548
1634 3 3 6147 8948 9773 9801 9921 9955 10918 11047 11052 16159 16628 16631 30235 30240 30241 30242 30243 30244 30245 30246
1635 0 0 5134 12391 12538 13258 16546 16592 16596 16601 16605
1636 3 3 8521 8533 8540 8545 8546 8547 8548 8549 8550 8551 8552 8553 8554 8555 8556 8557 8558 8559 8560
1637 2 2 11133 11154 18246 18250 18255 25708 25711 25712 25713 25714 25715 25716 25717 25718 25719 25720
1638 0 0 4355 7036 12530 13300 13314 20773 20787 20794 20798 20799 20800 20801 39724
1639 0 0 20052 21950 32607 32621 32622 32623 32624 32625 32626 32627
1640 2 2 27366 28324 28333 29523 29532 29541 30851 33756 33760 34057 34061 34107 36645 36663 36667 36672 36673 36674 36675 36676
1641 2 2 15765 15784 20997 21171 22585 23146 23156 23172 29051 33479 34222 34250 34308 34318 34323 34325
1642 4 4 14117 18746 18911 21821 21836 27034 27045 27075 27122 27127 27132 27142 27146 27147
1643 0 0 5991 5998 6012 6026 6028 6029 6030 6031 6032 6033 6034 39725
1644 3 3 15532 15541 15546 15551 16050 22697 22718 22758 22818 22830 22840 22846 22848 22849 22850 22851 22852 22853 22854 22855 22856 22857 22858
1645 3 3 702 1977 3074 3080 7915 7916 7917 7918 7919 7920 7921 7922 7923 7924
1646 4 4 6926 9560 12345 20442 26690 26697 26909 26918 26919 26920 26921 26922 26923
1647 0 0 14706 22207 22228 27314 27328 38997 39017 39192 39204 39207 39208 39209 39210
1648 0 0 3734 11142 11146 11147 11148 11149 11150 11151 11152 11153 11154 11155 39726
1649 0 0 3484 7118 7221 9454 9466 9467 9468 9469 9470 39727
1650 2 2 12111 18968 18972 19046 19084 19335 19350 19361 19372 19384 19393 19419 19496 19539 19550 19551 19552 19553 19554 19555 19556
1651 0 0 18191 18192 18193 18194 18195 18196 18197 18198 39728
1652 3 3 32114 34986 34994 35580 35601 35607 36169 36188 37785 38079 38094 38136 38141 38145 38146
1653 0 0 34117 36544 36556 36571 36606 36617 37007 37086 38609 38617 38623 38624 38625 38626
1654 0 0 11574 17906 17918 17966 26398 26433 27771 34746 34766 34779 34795 34798 34799 39729
1655 4 4 13426 13427 13428 13429 13430 13431 13432 13433 13434 13435 13436 13437
1656 2 2 4041 10431 17221 17237 17247 21239 21258 21261 21281 24177 24178 24179 24180 24181 24182 24183 24184 24185
1657 4 4 31042 32508 35485 35504 36995 38510 38531 38547 38551 38954 38964 38970 38971 38972 38973 38974
1658 0 0 12681 12717 12745 12748 12749 39730
1659 3 3 15157 15171 15179 21218 21223 22426 22439 22442 22446 22447 22448 22449 22450 22451
1660 3 3 20085 27228 27248 33200 33211 33212 33213 33214 33215 33216 33217 33218 33219
1661 0 0 4747 6040 15944 16015 16036 16037 16038 16039 16040 16041 39731
1662 0 0 1742 1751 1773 1781 1782 1783 1784 1785 1786 1787
1663 0 0 1473 1474 1475 1476 1477 1478 1479 1480 1481 39732
1664 0 0 36041 36042 36043 36044 36045 36046 36047 36048 36049 36050 36051 36052
1665 0 0 29664 32897 32912 32918 32919 32920 32921 32922 32923
1666 0 0 4142 4143 4144 4145 4146 4147 4148 4149 4150 4151 39733
1667 0 0 23714 29104 29110 29116 29117 29118
1668 0 0 4325 4340 4356 12536 12549 13158 13170 13171 13172 13173 13174 13175 13176
1669 0 0 2867 5989 5995 8817 10816 10834 10936 10945 17631 23299 25087 25115 25126 25132 25136 25138 25153 39734
1670 3 3 3772 3780 3790 3801 3810 7740 14723 14725 14733 14735 14796 14800 14801 14802 14803 14804 14805
1671 0 0 17094 24817 24826 24835 24836 24837 24838 24839 24840 24841 24842 24843
1672 0 0 2154 2176 3294 3295 3296 3297 3298 3299 3300 3301 3302 39735
1673 0 0 31239 31259 31471 32441 32457 32471 32474 32524 32530 32531 32532 32533 32534
1674 0 0 1658 1665 1666 1667 1668 1669 1670 1671 1672
1675 0 0 30616 30637 30713 30714 30715 30716 30717 30718 30719 30720 30721
1676 0 0 1697 3887 3916 3969 3983 3986 3987 3988 3989 3990 3991
1677 0 0 4444 8494 13393 15482 15483 15484 15485 15486 15487
1678 0 0 3362 3372 3453 3477 7078 9517 12002 12097 19090 19224 19225 19226 19227 19228 19229 19230 19231 39736
1679 0 0 3406 7432 11403 11420 13862 13863 13864 13865 13866 13867 13868 13869 13870 39737
1680 2 2 7029 16390 16423 16454 20246 20264 22249 27490 27506 28209 28222 28231 33559 33590 33598 33602 33603 33604 33605
1681 0 0 13061 20711 20728 20755 20761 22282 22291 23841 23859 23865 23876 23877 23878 23879 23880
1682 0 0 1474 3563 6503 6541 6543 6555 6568 6572 6579 6588 6599 6600 6601 6602 6603 39738
1683 3 3 15616 20726 22293 23839 23854 23861 23863 23864 23865 23866 23867 23868 23869 23870 23871 23872
1684 0 0 37039 37049 37060 37068 37077 37083 37091 37103 38661 38851 39055 39066 39082 39091 39101
1685 0 0 11598 11608 11615 11626 11632 11643 18828 18836 18837 18838 18839 18840 18841 18842
1686 0 0 16852 24326 24885 24896 31332 32078 32094 32096 32102 32103 32104 32105 32106 32107 32108 32109
1687 0 0 18139 25291 25347 31555 31563 31569 31578 37992 37999 38008 38009 38010
1688 0 0 1110 1111 1112 1113 1114 1115 1116 1117 1118 1119 1120 1121 1122 1123 39739
1689 0 0 28473 32346 32374 32383 32384 32385 32386 32387 32388 32389 32390 32391 32392 32393 32394
1690 0 0 3711 3729 11116 11117 11118 11119 11120 11121 11122 11123 11124
1691 2 2 26264 29011 29025 29187 29201 29426 32752 32755 32761 32771 32790 32797 32805 32806 32807 32808 32809 32810 32811
1692 0 0 647 1405 1409 1443 2157 2161 2172 3353 5241 5250 5256 5259 5260 5261 5262 39740
1693 0 0 80 81 82 83 84 85 86 87 39741 39742
1694 1 1 16388 16399 16424 20250 20700 20712 20736 20746 22268 27478 27493 27503 28215 28224 28230 28231 28232 28233 28234 28235 28236
1695 2 2 15510 15517 15536 20931 20943 22670 22858 22860 29094 34204 34242 34271 34272 34273 34274 34275 34276
1696 0 0 649 1402 1446 1950 1962 3351 3368 4395 5255 5259 7050 13089 13094 13100 13101 13102 13103 13104 13105
1697 3 3 17947 17969 17973 20545 21551 21564 21566 21576 21577 21578
1698 0 0 5309 9942 11035 16089 16642 16654 16655 16656 16657 16658 16659 16660 16661 16662 16663 16664 39743
1699 0 0 32728 32735 32741 32747 32751 32767 32774 32778 32779 32780 32781
1700 0 0 24713 27870 27889 27894 27895 27896 27897 27898 27899 27900 27901 27902 27903
1701 4 4 27241 27258 27275 27283 27297 27298 27299 27300 27301 27302 27303 27304 27305 27306
1702 0 0 6802 6818 6841 19244 19259 19265 19267 19268
1703 3 3 28752 28753 28754 28755 28756 28757 28758 28759 28760 28761
1704 2 2 11663 16900 17136 18490 18900 18920 25012 26569 26572 27137 27143 27154 28417 30576 30577 30578 30579 30580 30581 30582 30583
1705 1 1 11099 15956 15976 15999 16010 16144 16154 17037 23672 29837 29874 29877 34563 35307 35343 35349 35371 35375 35378 35382
1706 2 2 16685 21894 24149 27262 31926 32210 32250 32265 32273 32278 32285 32286 36210 36211 36212 36213 36214 36215 36216 36217 36218
1707 0 0 33465 33471 33476 33480 33483 33486 36573 36582 36583 36584 36585 36586
1708 0 0 18922 18923 18924 18925 18926 18927 18928 18929 18930 18931 18932 18933
1709 0 0 1643 3248 3811 3832 7823 7888 7889 7890 7891 7892 7893 7894 7895 7896 7897 7898
1710 0 0 36699 36700 36701 36702 36703 36704 36705 36706 36707
1711 3 3 27946 27974 33886 36273 36777 36791 38401 38424 38425 38426 38427 38428 38429 38430
1712 0 0 186 549 557 566 567 568 569 570 571 572 573 574 575 39744
1713 3 3 4435 8010 8348 8386 8392 8413 8592 14812 14864 14945 22425 22437 22440 22443 22444 22445 22446
1714 2 2 14013 14019 14029 14037 14041 14046 14052 14055 14060 14069 18507 18531 18548 18557 18558 18559 18560 18561 18562
1715 2 2 22920 24758 24799 24812 24832 30047 30049 30050 30051 30052 30053 30054 30055 30056 30057 30058 30059 30060
1716 2 2 22018 22033 32357 32403 32417 32590 33851 33852 33853 33854 33855 33856 33857 33858 33859 33860 33861 33862 33863
1717 0 0 23338 23343 23344 23345 23346 23347 23348 23349 39745
1718 0 0 16961 16973 16982 16988 17003 17021 17875 23820 24373 24379 24381 24382 24383 24384 24385 39746
1719 0 0 8450 8454 8577 8620 8641 8645 8660 8661 39747
1720 3 3 3210 12565 12593 13642 19610 19646 19846 19862 19867 19871 19872 19873 19874 19875 19876 19877 19878 19879 19880
1721 0 0 3391 12114 12286 12674 12707 12708 12709 12710 12711 12712 12713 12714 12715 39748
1722 0 0 35061 35067 35077 35084 35092 35101 35114 35136 35153 35158 35163 35164
1723 0 0 10206 16863 24208 24212 24342 24345 24346 24347 24348
1724 0 0 22667 22714 22844 22866 24725 24732 24739 24746 24747 24748 24749
1725 0 0 7334 11468 13939 13940 13941 13942 13943
1726 4 4 948 1989 2001 2007 2066 2067 2068 2069 2070 2071 2072 2073
1727 3 3 4448 8492 15441 15450 15483 15488 15489 15490 15491 15492 15493 15494 15495 15496 15497
1728 0 0 926 932 2258 2259 2260 2261 2262 2263 2264 2265 2266
1729 3 3 14876 23928 26356 27961 28511 28527 28543 28548 28549 28550 28551 28552 28553 28554 28555 28556
1730 2 2 13497 13511 20881 20892 21158 22571 22579 22586 22595 22722 29052 29078 29079 29080 29081 29082 29083 29084
1731 2 2 14688 14697 18753 19802 20358 20367 21967 22209 22232 22235 26207 26208 26209 26210 26211 26212 26213 26214 26215
1732 3 3 15665 15671 15678 15687 15694 15701 15707 15713 15716 22421 23040 23058 23059 23060 23061 23062 23063 23064 23065 23066
1733 0 0 28472 32304 32344 32368 32370 32371 32372 32373 32374 32375 32376 32377
1734 0 0 6645 6653 6654 6655 6656 6657 6658 6659 39749
1735 0 0 13681 13684 13690 13697 13708 13715 20019 20349 21496 21509 21510 21511 21512 21513 39750
1736 0 0 305 2782 2936 2949 2952 2970 2971 2972 39751
1737 3 3 6759 6784 7758 7771 7775 7787 7805 7814 7815 7816 7817 7818 7819 7820 7821 7822
1738 0 0 1451 1456 3375 3448 6943 9532 9534 39752 39753
1739 4 4 10718 17340 31490 31507 31517 31524 34999 35008 35009 35010 35011 35012 35013 35014 35015
1740 3 3 4668 8530 9695 12990 13040 13811 13818 15691 15695 15706 15711 15714 15715 15716
1741 2 2 12030 12040 12094 12103 19083 19252 19274 19285 19290 19367 19391 19403 19435 19447 19448 19449 19450 19451 19452
1742 3 3 12421 13056 13076 13083 13241 14593 14597 14610 14611 14612 14613 14614 14615 14616
1743 2 2 181 655 2036 4682 8090 14907 14920 15160 15201 15235 15242 15243 15244 15245 15246 15247
1744 0 0 10942 10948 17615 18031 18051 18108 23305 25086 25111 25127 25130 25136 25137 39754
1745 0 0 29084 29113 29122 29128 34220 34259 34266 34311
1746 0 0 9483 13348 15059 15075 15092 15097 15098 15099 15100 15101 15102
1747 0 0 1699 1709 3908 3912 3926 3984 3987 4000 4003 7843 7844 7845 7846 39755
1748 0 0 21929 21942 21962 21991 22002 28259 28272 28273 28274 28275 28276 28277
1749 0 0 26649 26650 26651 26652 26653 26654 26655 26656 26657 26658 26659 26660 26661 26662
1750 0 0 1457 3442 6862 6908 6931 6940 6941 6942 6943 6944 6945 6946 6947 39756
1751 0 0 16699 21892 24078 24079 24080 24081 24082 24083 24084 24085
1752 3 3 20910 20916 20922 20930 20936 20938 20947 20948 20949 20950 20951 20952 20953
1753 4 4 13530 13558 15602 21254 21294 21329 21334 21367 21372 21373 21374 21375 21376 21377 21378 21379
1754 3 3 1074 1221 1237 2792 2832 2846 5906 5912 5927 5932 5933 5934 5935 5936 5937 5938 5939 5940 5941 5942
1755 0 0 5122 5123 5124 5125 5126 5127 5128 5129 5130 39757
1756 2 2 11875 11961 11973 12311 12487 12519 19155 19168 19173 19427 21384 21411 21418 21464 26627 26818 27587 27603 27647 32993 33006 33013 33029 33055 33074 33088 33089 33090 33091
1757 0 0 17048 17118 22914 23381 24818 24828 24842 24844 24845 24846 24847 24848
1758 0 0 18196 20581 25690 25691 25692 25693 25694 25695 25696 25697 25698 25699 25700 25701 25702 39758
1759 0 0 433 445 1431 3337 3463 3464 3465 3466 3467 3468 39759
1760 0 0 9868 14201 14224 16638 16691 24093 30236 30247 30248 30249 30250 30251 30252 30253
1761 4 4 21208 22334 22392 23209 23210 23211 23212 23213 23214 23215 23216 23217
1762 3 3 24466 34551 34565 34588 35283 35344 35376 35436 36240 37322 37363 37819 37827 37828 37829 37830 37831 37832
1763 0 0 2047 2118 2120 2121 2122 2123 2124 2125 2126
1764 0 0 1199 1225 2731 2772 2777 2798 2801 2802 2803 2804 2805 2806 39760 39761
1765 4 4 6752 7806 7821 7833 7835 11246 11249 11250 11251 11252 11253 11254
1766 0 0 26374 26431 30946 30971 34747 34770 34797 34799 34800 34801 34802 34803 34804 34805 39762
1767 0 0 681 2006 2016 4537 4845 8999 9000 9001 9002 9003 9004 9005 39763
1768 0 0 13918 13919 13920 13921 13922 13923 13924
1769 0 0 3398 3399 3400 3401 3402 3403 3404 3405 3406 3407 39764
1770 0 0 636 644 1846 1861 1877 1887 1888 1889 1890
1771 0 0 3040 3093 6364 6365 6366 6367 6368 6369 6370 6371 6372 39765
1772 0 0 669 4514 4573 8667 9074 9082 9096 9097 9098 9099 9100 9101 9102 9103 9104
1773 0 0 26136 31314 31324 31337 31338 31339 31340 31341 31342 31343 31344 31345
1774 2 2 20 346 371 891 1281 1292 1302 1312 1313 1314 1315 1316 1317 1318 1319 1320 1321 1322
1775 0 0 2924 2941 2948 2949 2950 2951 39766
1776 0 0 938 999 1970 7928 7936 8439 14843 14850 14852 14853 14854 14855 14856 39767
1777 0 0 13516 15761 15789 15799 15819 15820 15821 15822 15823 15824 15825
1778 4 4 27767 28718 33374 33387 33397 35658 35674 35684 35689 35690 35691 35692 35693 35694
1779 2 2 29610 29833 34532 34544 34553 34567 34572 34585 34587 34588 34589 34590 34591 34592 34593 34594 34595 34596 34597
1780 0 0 2286 2312 5318 5326 5327 5328 5329 5330 5331 5332 5333 39768
1781 2 2 19545 19572 19587 26870 27643 27670 27679 27712 27726 28757 28779 28790 28793 28801 28815 28826 28832 28852 28857 28858 28859 28860 28861
1782 0 0 73 734 1828 1829 1830 1831 1832 1833 1834 1835 39769 39770
1783 0 0 5671 24943 24959 25267 25296 25326 25329 25339 25353 25354 25355 25356
1784 0 0 3322 6719 6740 6741 6742 6743 6744 6745 6746 6747 6748 6749
1785 0 0 32389 36266 36278 36286 36291 36306 36315 37802 38138 38327 38333 38344 38361 38366 38368 38369 38370 38371
1786 3 3 10440 10445 10456 17153 17176 17177 17178 17179 17180 17181 17182 17183
1787 0 0 13201 14658 14665 14666 14667 14668 14669 14670 14671 14672 14673
1788 2 2 6742 6758 6769 6782 7759 7776 7800 7818 11239 11251 21474 21481 21494 22319 22320 22321 22322 22323 22324 22325 22326 22327
1789 0 0 11834 13113 13168 19128 19144 20458 20460 20470 20471 20472 20473 20474
1790 2 2 17901 18823 20549 20576 25489 25498 26394 26400 26405 26406 26407 26408 26409 26410 26411 26412 26413 26414 26415 26416 26417 26418
1791 0 0 4 30 46 63 115 169 185 186 187 188 39771
1792 0 0 29728 35976 36001 36006 36007 36008 36009 36010 36011 36012
1793 2 2 15569 15950 15971 16000 16031 16045 23328 23334 23350 23369 29160 30877 30897 30902 30915 30945 31012 31024 31025 31026 31027 31028
1794 0 0 14588 20395 20396 20397 20398 20399 20400 20401 20402 20403 20404 20405
1795 3 3 26376 27388 28735 28750 30168 33543 34730 34737 34756 34764 34776 36693 37380 37468 37477 37480 37481 37482 37483 37484 37485 37486 37487
1796 3 3 13869 20061 20070 21636 33677 33688 33716 36739 36746 36752 36761 36766 36768 36769
1797 0 0 6830 6834 6840 11998 12007 19243 19256 19261 19262 19263 19264 19265 19266
1798 2 2 726 4493 4497 4614 8172 8774 15331 15332 15333 15334 15335 15336 15337 15338 15339 15340
1799 2 2 6161 8859 8887 8910 17589 23516 23517 23518 23519 23520 23521 23522 23523 23524 23525 23526 23527 23528
1800 0 0 5300 7526 7689 7690 7691 7692 7693 7694 7695 7696 7697 7698 7699 7700
1801 0 0 3419 5069 5085 5108 5151 7009 7019 7020 7021 7022 7023 7024 7025 7026 7027 7028 7029 7030 39772
1802 0 0 1498 1513 1524 3567 3625 3685 3687 3691 6517 6527 6531 6544 6587 6593 7376 7377 7378 7379 7380 7381 7382 7383 7384 7385 7386 39773
1803 0 0 24869 24880 31234 31241 31242 31243 31244 31245 31246 31247 31248 31249 31250 31251
1804 0 0 16264 16273 22642 22929 23785 30152 34351 34378 34381 34394 34395 34396
1805 0 0 6809 12073 12084 12432 12433 12434 12435 12436 39774
1806 0 0 6057 6058 6059 6060 6061 6062 39775
1807 2 2 29615 29616 29617 29618 29619 29620 29621 29622 29623 29624 29625 29626 29627 29628 29629 29630 29631 29632
1808 0 0 11123 11157 14218 31905 32023 32039 32050 32051 32052 32053 32054
1809 0 0 1482 1543 1547 3652 3658 3677 3688 3689 39776 39777
1810 3 3 4453 4454 4455 4456 4457 4458 4459 4460 4461 4462 4463
1811 0 0 11528 11536 11545 18663 18664 18665 18666 18667 18668
1812 0 0 29779 30357 30361 30364 30365 30366 30367 30368 30369 30370 30371 30372 30373 30374 39778
1813 0 0 23216 23223 23233 28956 28967 28980 28994 29370 29384 29387 29400 29412 29413
1814 0 0 12381 12390 12406 12422 13253 13266 13275 16542 16557 16573 16594 16595 16596 16597 16598
1815 3 3 2133 2148 5143 7017 9540 16443 20237 20238 20239 20240 20241 20242 20243 20244
1816 3 3 24217 24218 24219 24220 24221 24222 24223 24224 24225 24226 24227 24228 24229 24230
1817 0 0 4752 23532 23541 25160 25165 25215 25220 25221 25222 25223 25224 39779
1818 3 3 9574 20407 20427 20451 33115 33136 33140 33142 33143 33144 33145
1819 2 2 34987 34995 35001 35007 35015 35021 35024 35031 35037 35042 35045 36190 37752 37778 37782 37783 37784 37785 37786 37787 37788 37789
1820 0 0 23922 23939 26317 27346 29448 29452 29493 29524 29537 29538 29539
1821 0 0 7389 7420 7496 14009 14010 14011 14012 14013
1822 3 3 23591 29739 29745 29758 29763 30295 30296 30297 30298 30299 30300 30301 30302 30303 30304 30305 30306
1823 0 0 2272 2289 5371 5374 5375 5376 5377 5378 5379 5380
1824 0 0 9711 13001 13003 13032 13035 13043 13780 13802 13803 13804 13805 39780
1825 0 0 7051 13109 13118 19055 19073 19095 19106 19107 19108 19109 19110
1826 0 0 712 713 714 715 716 717 718 719 720 721 722 39781 39782
1827 0 0 18145 25342 25362 31800 37982 37991 37995 37996 37997 37998 37999 38000 38001 38002
1828 4 4 25259 25307 25333 25338 31379 31391 31392 31393 31394 31395 31396 31397
1829 0 0 31348 31358 32118 34989 35531 35542 35553 35571 35572 35573 35574
1830 2 2 37683 37684 37685 37686 37687 37688 37689 37690 37691 37692 37693 37694 37695 37696 37697
1831 0 0 840 1007 1008 1009 1010 1011 1012 1013 1014 1015 1016 1017 1018 1019 1020 39783
1832 0 0 6690 6706 6738 7786 11758 11759 11760 11761 11762 11763 11764 11765
1833 3 3 29007 29019 32782 34230 34326 34327 34328 34329 34330 34331 34332
1834 2 2 8961 8974 8979 9358 15746 15755 16311 16345 16350 16364 16366 16373 16374 16375 16376
1835 4 4 8324 8325 8326 8327 8328 8329 8330 8331 8332 8333 8334 8335 8336 8337
1836 0 0 2200 9965 10611 10612 10613 10614 10615 10616 10617 39784
1837 0 0 902 914 6235 6247 6248 6249 6250 6251 6252 6253
1838 0 0 5272 5280 5288 11714 19044 19059 19060 19061 19062 19063 19064 19065 19066 19067
1839 3 3 24710 27897 27915 27938 31269 31441 31469 35461 35466 35473 35474 35475 35476 35477 35478 35479
1840 0 0 12172 12176 18956 19002 19004 19005 19006 19007 19008 19009
1841 0 0 8840 8854 16024 16118 16132 17667 17668 17669 17670 17671 17672 17673 17674 17675 39785
1842 0 0 995 1712 2404 2555 2569 3784 3973 3980 3999 4002 4006 4008 4009 4010 4011 4012 39786
1843 2 2 11929 11930 11931 11932 11933 11934 11935 11936 11937 11938 11939 11940 11941 11942 11943 11944
1844 0 0 10748 10800 18919 22010 25013 26567 26571 26572 26573 26574 26575 26576
1845 0 0 16077 16085 16086 16087 16088 16089 16090 39787 39788
1846 0 0 664 1981 4460 4480 4481 4482 4483 4484 39789
1847 2 2 321 490 493 514 1075 1571 6071 6088 7295 7313 7443 7444 7445 7446 7447 7448 7449 7450 7451 7452 7453
1848 0 0 17263 17685 25260 25277 25305 25313 25314 25315 25316 25317 25318 25319 25320 25321 25322
1849 0 0 58 114 155 156 157 158 159 160 161 162 163 164 165 166 167 168 39790
1850 3 3 10290 10340 10770 10785 11292 14289 14297 14312 14324 14325 14326 14327 14328 14329 14330 14331 14332
1851 0 0 11644 11645 11646 11647 11648 11649 11650 11651 11652 11653 11654 11655 39791
1852 0 0 26826 26827 26828 26829 26830 26831 26832 26833 26834 26835
1853 0 0 5918 17601 17604 23542 25161 25173 25209 25210 25211 25212 25213 25214 25215 25216 25217 25218 25219 39792
1854 2 2 11396 18313 18341 22086 26114 26129 28448 28461 28462 28463 28464 28465 28466 28467
1855 0 0 16096 16102 23588 23603 29583 29629 29633 29650 29654 29655
1856 0 0 17325 17326 17327 17328 17329 17330 17331 17332 17333
1857 0 0 28400 31485 32418 32425 33873 33893 33897 33942 33952 33956 33957 33958 33959 33960 33961 33962
1858 0 0 34970 35005 37756 37775 38083 38112 38129 38131 38147 38153 38154 38155
1859 0 0 10849 10861 10886 17458 17521 17530 17537 17538 17539 17540 17541 17542
1860 0 0 24396 30628 30713 35185 35198 35201 35202 35203 35204 35205 35206 35207 35208
1861 0 0 1353 1480 1518 3112 3150 3168 3572 3588 3596 3605 3606 3607 3608 3609 3610 39793
1862 0 0 983 2445 2493 2501 2502 2503 2504 39794 39795
1863 0 0 3304 3359 6865 6866 6867 6868 6869 39796
1864 0 0 17559 17635 17636 17637 17638 17639 17640 17641
1865 0 0 650 1399 1400 1401 1402 1403 1404 1405 1406 1407 39797
1866 2 2 4354 9480 12521 12534 12550 13132 13162 13175 13187 13197 13289 13326 13334 13335 13336 13337 13338 13339 13340 13341 13342 13343 13344 13345
1867 2 2 11889 18975 19336 19352 19376 19377 19378 19379 19380 19381 19382 19383 19384 19385 19386 19387 19388 19389 19390
1868 0 0 481 1324 2683 2693 2694 2695 2696 2697 2698 2699 2700 2701 2702 2703 39798
1869 0 0 22964 22983 22994 23030 23038 24706 26339 26345 29259 29266 29267 29268 29269 29270 29271
1870 3 3 8163 8337 8355 8369 15169 21104 21128 21144 21153 21164 21212 21223 21224 21225 21226 21227 21228 21229
1871 0 0 684 2015 4510 4535 4536 4547 8663 9001 9071 9078 16210 16232 16235 16236 16237 16238 16239
1872 0 0 32896 32897 32898 32899 32900 32901 32902 32903 32904 32905 32906
1873 4 4 30335 30753 30779 34930 38184 38868 38884 38891 38896 38909 38911
1874 3 3 12419 16611 26726 26732 26743 27448 27592 33122 33133 33145 33158 33169 33170
1875 2 2 3635 6095 6119 7392 7411 7419 7463 7482 7497 7504 7510 7512 7516 7521 14065 14072 14084 14085 14086 14087 14088 14089 14090
1876 0 0 16953 16960 16968 17019 17831 17841 17855 17863 17864 17865
1877 0 0 10319 10342 11255 11265 11268 16875 16887 16891 16892 16893 16894 39799
1878 4 4 7587 7605 9788 9856 9877 9879 9887 9920 9957 16630 16635 16636 16637 16638 16639 16640
1879 3 3 11225 16984 17151 17163 17164 17165 17166 17167 17168 17169 17170 17171 17172 17173 17174 17175
1880 0 0 1256 1269 2210 2215 2959 3013 5688 10611 10618 10619 10620 10621 10622 10623 10624 10625 10626 39800
1881 0 0 6561 6562 6563 6564 6565 6566 6567 6568 6569 6570 39801
1882 0 0 25687 31844 31849 31864 31868 31869 31870 31871 31872 31873
1883 0 0 2996 3017 3031 5546 6279 6321 10133 10143 10144 10145 10146 10147 10148 10149 10150 10151
1884 2 2 29615 34487 34507 34526 34531 34539 34575 34592 34601 34608 34610 34611 34612 34613 34614 34615 34616 34617
1885 4 4 37850 37866 37872 37892 37910 37918 37919 37920 37921 37922 37923
1886 0 0 10036 10161 10216 24275 24278 24279 24280 24281 24282 24283
1887 0 0 5141 5148 6949 7021 16378 16392 16422 16434 16441 16446 16451 16452 16453 16454 16455
1888 0 0 6911 6942 9529 19592 19600 26936 26942 39802
1889 3 3 11865 11876 11959 11960 11961 11962 11963 11964 11965 11966 11967 11968 11969 11970
1890 0 0 6638 7220 9451 9452 9453 9454 9455 9456 9457 9458 9459 9460 9461 9462 9463 9464 9465 39803
1891 0 0 18477 19744 25904 25911 26487 26507 26508 26509 26510 26511 26512 26513 26514 26515 39804
1892 3 3 6293 6302 6306 6311 6315 11186 16804 18257 18265 18367 18375 18376 18377 18378 18379 18380 18381
1893 2 2 1012 1589 3741 3742 3743 3744 3745 3746 3747 3748 3749 3750 3751 3752 3753 3754
1894 0 0 144 456 457 458 459 460 461 462 463 39805
1895 0 0 2103 4986 8745 8793 9417 9420 9421 9422 9423 9424 9425 9426 9427 9428
1896 4 4 32465 32480 35129 35166 35383 35394 35403 35404 35405 35406 35407
1897 0 0 3487 6653 7117 7219 11015 11571 18812 18813 18814 18815 18816 18817 18818 18819 18820 18821 39806
1898 0 0 20465 20815 27668 27706 27730 27790 27807 27810 36486 36507 36520 36528 36531 36532 36533
1899 0 0 5799 5823 5824 5825 5826 5827 5828 5829 5830 5831 5832 5833 5834 5835
1900 3 3 11911 11950 11985 12685 12734 12754 12755 12756 12757 12758 12759 12760 12761 12762 12763 12764
1901 0 0 17962 20540 28599 28605 28606 28607 28608 28609 28610 28611 28612 28613
1902 0 0 7095 12934 12946 14662 20131 20154 20619 20635 20642 20650 21590 22172 22179 22181 22192 22194 22195 22196 22197 22198 22199 39807
1903 2 2 12670 12671 12672 12673 12674 12675 12676 12677 12678 12679 12680 12681 12682 12683 12684 12685 12686 12687 12688 12689 12690
1904 0 0 13004 13787 13798 13804 13809 20775 20792 20796 20803 33614 33628 33649 33654 33666 39808
1905 0 0 14229 16693 21902 24084 32183 32194 36849 36858 36873 36877 36884 36894
1906 3 3 25543 26026 27158 27168 27186 27198 27207 27210 27216 27217 27218 27219 27220 27221 27222
1907 0 0 20181 33256 33276 33280 33292 33294 33295 33296 33297
1908 0 0 23560 23561 23562 23563 23564 23565 23566 23567 23568 23569 39809
1909 0 0 28369 29882 34723 36207 36952 38486 38491 38516 38556 38557 38558 38559 38560 38561
1910 4 4 22298 23868 26299 30179 32888 36684 37510 37515 37516 37517 37518 37519 37520
1911 1 1 5495 5527 5611 10006 10017 10226 10263 10273 10281 24200 24204 24213 30536 30540 30541 30542 30543 30544 30545 30546 30547
1912 0 0 22905 29177 30041 30042 30043 30044 30045 30046 30047 30048
1913 3 3 13050 13287 13321 13322 13323 13324 13325 13326 13327 13328 13329 13330 13331 13332 13333
1914 0 0 28441 28458 28490 33995 34010 34019 34022 34027 34042 34047
1915 0 0 15552 17124 22910 23398 23415 23452 23460 23464 23480 23481 23482 23483 23484 23485
1916 2 2 7924 7932 7942 9139 9146 15007 15012 15016 15017 15018 15019 15020 15021 15022 15023 15024
1917 0 0 27165 33246 37651 37660 37661 37662 37663 37664 37665 37666 37667 39810
1918 0 0 724 4488 4489 4490 4491 4492 4493 4494 39811
1919 2 2 8669 8687 15093 15128 15664 15676 15719 15729 16506 16518 16525 16526 16532 22386 22410 22539 23045 23059 23080 23084 23089 23090 23091
1920 3 3 7130 7139 7144 17939 17953 17955 17956 17957 17958 17959 17960 17961 17962 17963 17964 17965
1921 0 0 9507 12359 12386 12396 16544 16554 16565 16586 16595 16600 16602 16603 16604 16605 16606 16607
1922 0 0 2529 2547 2552 3766 3767 3768 3769 3770 3771 3772
1923 3 3 22766 22800 24541 24586 24599 24600 24601 24602 24603 24604 24605 24606 24607
1924 3 3 13613 19881 19902 19975 19984 21540 21605 21610 21611 21612 21613 21614
1925 4 4 15594 15595 15596 15597 15598 15599 15600 15601
1926 0 0 2852 8812 8820 8821 8822 8823 8824 8825 39812
1927 2 2 14192 14202 14208 14212 14220 16677 16678 16679 16680 16681 16682 16683 16684 16685 16686 16687 16688
1928 3 3 23728 23732 23757 23763 23776 23784 29172 29962 29971 29977 29983 29992 30098 30115 30119 30120 30121
1929 0 0 3489 6642 6655 7116 7210 7217 7218 7219 7220 7221 7222 7223 7224 7225 39813
1930 3 3 7667 11312 11330 11335 11337 11348 11358 11365 11384 14437 14481 14501 14538 14541 14542 14543 14544
1931 0 0 31483 33875 33894 33909 33917 33928 36242 36250 36251 36252 36253 36254 36255 36256
1932 0 0 2091 4942 4960 4966 4970 4972 4979 4980 4981 4982 4983 39814
1933 0 0 8861 8868 8869 8870 8871 8872 39815
1934 3 3 1506 3623 3640 3666 3681 7383 7458 7473 7490 7498 7499 7500 7501 7502 7503
1935 0 0 7676 7701 11380 14166 14178 14367 14385 14436 14442 14479 14483 14495 14552 14557 14558 14559
1936 0 0 17258 17432 24912 35613 35630 35636 35639 35640 35641
1937 0 0 17295 17299 17307 17317 17324 18303 18326 18597 18598 18599 18600 18601 18602 18603 18604 18605 18606
1938 2 2 28288 28343 30424 30736 30737 30738 30739 30740 30741 30742 30743 30744 30745 30746 30747 30748
1939 4 4 3968 3969 3970 3971 3972 3973 3974 3975 3976 3977 3978 3979
1940 0 0 1010 1585 2966 3746 3758 5652 5658 5675 5696 11188 18352 18357 25761 25772 25806 25818 25830 25831 25832 25833 25834 25835 25836 39816
1941 1 1 7365 7375 11375 14022 14030 14045 14051 14364 14389 14426 14430 14449 18504 18546 18547 18548 18549 18550 18551 18552 18553 18554 18555 18556
1942 0 0 620 1458 1459 1460 1461 1462 1463 1464 1465 1466 1467 1468
1943 0 0 20532 21586 23978 23982 23983 23984 23985 23986 23987 23988 23989 23990 23991 23992 23993 23994 23995 23996 39817
1944 0 0 12125 12197 12212 12222 12241 12247 19465 19479 19505 19514 19517 19519 19520 19521 19522 19523 19524 39818
1945 0 0 22128 28504 28520 28526 28527 28528 28529 28530
1946 2 2 20105 22187 22200 27003 30185 30194 30215 33171 33188 34055 36547 36550 36608 36619 36623 36624 36625 36626 36627 36628 36629 36630 36631 36632
1947 0 0 31186 32464 35393 35406 37901 37935 37941 37951 37956 37957 37958 37959 37960
1948 3 3 10386 17066 17081 17787 24510 24521 24532 24534 24535 24536 24537 24538 24539
1949 0 0 2341 2351 2364 2375 2376 2377 2378 2379 39819
1950 0 0 13660 13667 20295 20301 20310 20314 20318 20319 20320 20321
1951 3 3 31642 31658 31666 31673 31675 31683 31704 31712 31716 31720 31722 31738 31739 31740 31741 31742 31743 31744 31745 31746 31747
1952 0 0 4235 4240 4241 4242 4243 4244 4245 4246 4247 4248 4249 4250 4251 4252 39820
1953 0 0 1416 6880 11665 11677 11685 11724 12018 12019 12020 12021 12022 12023 39821
1954 4 4 12100 19093 19283 19292 19450 26764 26781 26789 26792 26793 26794 26795 26796 26797
1955 2 2 28295 28340 28680 30739 34921 34928 34939 34940 34941 34942 34943 34944 34945 34946 34947 34948 34949 34950
1956 0 0 5012 8752 8964 9207 9229 9237 9242 9243 9244 9245 9246 9247 9248 39822
1957 0 0 680 4544 8315 8481 8500 16211 16233 16253 16254 16255 16256 16257 16258 16259 16260 16261 39823
1958 0 0 4756 5903 17573 17582 17584 17594 17602 17605 25159 25167 25172 25173 25174 25175 39824 39825
1959 0 0 2816 2817 2818 2819 2820 39826
1960 0 0 22971 22981 26323 26336 29269 29284 29289 29292 29293
1961 0 0 5069 5070 5071 5072 5073 5074 5075 5076 5077 5078 5079
1962 0 0 22651 22665 22706 22711 22814 22825 22826 22827 22828 22829
1963 3 3 18767 23949 23950 23951 23952 23953 23954 23955 23956
1964 0 0 11435 11447 14101 18537 18544 25996 32562 32563 32564 32565 32566 32567
1965 0 0 1399 1411 2158 2161 2162 2163 2164 2165 2166 2167 2168 2169 39827
1966 3 3 24424 28683 28684 28685 28686 28687 28688 28689 28690 28691 28692 28693 28694 28695 28696 28697
1967 0 0 4521 4540 4586 8305 8316 8575 8586 8642 8648 8650 8655 39828
1968 0 0 22772 22870 22895 22897 22898 22899 22900 22901 22902 22903 22904 22905 22906
1969 0 0 2112 4625 4653 4659 4660 4661 4662 4663 4664 4665 4666 4667 4668 4669
1970 3 3 31482 33871 33905 33927 35056 36242 36243 36244 36245 36246 36247 36248 36249
1971 0 0 15782 23170 29034 29041 29049 29124 34223 34234 34252 34312 34324 34325
1972 2 2 20577 26409 27760 27773 28698 28699 28700 28701 28702 28703 28704 28705 28706 28707 28708 28709 28710 28711
1973 0 0 12158 12159 12160 12161 12162 12163 12164 39829
1974 0 0 1408 1409 1410 1411 1412 1413 39830
1975 4 4 753 810 4874 4895 4906 8960 9325 16303 16304 16305 16306 16307 16308
1976 0 0 33411 33419 33426 33429 33434 33438 33444 33448 33453 33457 33458 33459 33475 33481 33482 33483
1977 0 0 17899 18824 20569 20607 24166 26427 29680 29689 29703 32936 34618 34619 34620 34621 34622 34623 34624 39831
1978 2 2 29020 29033 29039 29045 29054 29067 29097 29111 29127 34197 34224 34225 34226 34227 34228 34229 34230 34231 34232 34233 34234
1979 0 0 16 249 369 1280 1281 1282 1283 1284 1285 39832 39833 39834
1980 0 0 15633 28197 28214 28215 28216 28217 28218 28219 28220
1981 3 3 5617 6410 10257 10270 10271 10272 10273 10274 10275 10276 10277
1982 0 0 3403 6116 7283 7405 7436 14079 14086 14093 14097 20089 21808 26072 27229 33210 33214 33236 33244 33251 33252 39835
1983 2 2 930 946 1717 1986 2393 4037 5643 7148 7937 10427 11566 15033 21245 21262 21274 21279 21280 21281 21282 21283 21284
1984 3 3 3317 11703 12133 12163 12165 12186 12187 12195 19471 19487 19532 19534 19535 19536 19537 19538
1985 3 3 22726 22731 23710 24771 29091 29102 29117 29120 34203 34239 34262 34268 34269 34270 34271
1986 0 0 27829 27845 27854 33414 33421 33430 33431 33432 33433 33434
1987 0 0 11301 13618 14341 14349 26489 26504 26514 26524 26525 26526 26527 26528 26529 39836
1988 0 0 3412 3425 3426 3427 3428 3429 3430 3431 3432 3433 39837
1989 1 1 21204 21300 21323 22339 22998 28879 28887 28917 28931 28936 28942 28944 29057 29198 29212 29375 29393 29406 29423 29428 29431 29432 29433
1990 3 3 3759 7724 7731 8928 17278 17288 21907 22103 24947 24953 25334 25337 28482 28494 31375 31383 31395 31401 31420 31421 31422 31423
1991 0 0 15635 15641 15642 15643 15644 15645 15646 15647 15648
1992 0 0 1478 3577 3605 3612 6519 6545 7336 7345 10721 10722 10723 10724 10725 10726 10727 10728 10729 39838
1993 0 0 26173 32579 32620 32659 33685 33693 33718 36359 36370 36376 36383 36384
1994 4 4 8102 15194 15220 15236 15251 15255 15265 15285 22478 22490 22492 22497 22503 22504 22505
1995 0 0 4715 8513 8537 13305 15816 15911 15923 15924 15925 15926 15927
1996 0 0 1496 1497 1498 1499 1500 1501 1502 1503 1504 1505 1506 1507 1508 1509 39839
1997 0 0 370 382 389 396 1284 1287 1291 1292 1293 1294 1295 1296 1297 1298 1299
1998 0 0 6977 12856 13627 13656 13668 20311 20313 20319 21972 21975 21978 21979 21980 21981 21982 21983 21984 21985 21986 39840
1999 2 2 22 361 373 1314 2975 2979 3009 6245 6257 6267 6272 6273 6274 6275
2000 0 0 30313 30319 33817 33818 33819 33820 33821 33822 33823
2001 0 0 430 1392 1393 1394 1395 1396 1397 1398 39841
2002 0 0 1520 3396 3627 3628 3629 3630 3631 3632 3633 3634 3635 39842
2003 0 0 17362 21680 25023 25028 25029 25030 25031 25032 25033 25034
2004 0 0 23580 29674 29682 29683 29684 29685 29686 29687 29688
2005 0 0 10650 10657 10664 10674 10677 10685 16788 16949 16954 16955 16956 16957 16958 16959 16960 16961 39843
2006 0 0 31308 31309 31310 31311 31312 31313 31314 31315 31316
2007 0 0 9174 9178 9179 9180 9181 9182 9183 9184 9185 9186 9187 9188 39844
2008 0 0 27159 27204 27273 27293 27311 30410 33193 33228 33232 33245 33246 33247 33248 33249 33250 39845
2009 0 0 247 9374 9395 16341 16348 16359 16367 16369 16370 39846
2010 0 0 4329 4351 12528 12535 12545 12546 12547 12548 12549 12550 12551 12552
2011 0 0 17915 17916 17917 17918 17919 17920 17921 17922 17923 17924 17925 17926 17927 17928 39847
2012 0 0 5030 12885 12886 12887 12888 39848 39849
2013 0 0 33749 33779 34065 34079 34093 34096 39123 39155 39171 39179 39184 39185 39186 39187
2014 0 0 3543 4830 8727 8771 13750 13764 15874 23258 23270 23278 23281 23283 23284 39850
2015 0 0 6048 10817 10823 10833 17453 17464 25116 25124 25139 25152 25153 25154 39851
2016 3 3 7098 20140 20157 20267 21589 22196 27377 27412 28622 28641 28647 28656 28661 28662 28663
2017 0 0 1602 1603 1604 1605 1606 1607 1608 1609 1610 1611 1612 39852
2018 0 0 1491 6507 6597 6617 6618 6619 6620 6621 6622 39853 39854
2019 3 3 4437 8327 8347 8348 8349 8350 8351 8352 8353 8354 8355 8356 8357
2020 0 0 532 1167 1551 7582 7606 7613 7622 9885 9899 11353 14462 14466 14472 14476 14488 14489 39855
2021 0 0 4959 4960 4961 4962 4963 4964 4965 39856 39857
2022 0 0 37848 37849 37850 37851 37852 37853 37854 37855 37856 37857 37858
2023 0 0 303 2640 2650 2719 2748 2755 2756 2757 2758 2759 2760
2024 0 0 10341 11258 11266 11270 11284 14290 14295 14332 14335 14336 14337 14338 39858
2025 0 0 27324 27365 28334 28588 32689 38591 38596 38597 38598 38599 38600 38601
2026 1 1 34197 34198 34199 34200 34201 34202 34203 34204 34205 34206 34207 34208 34209 34210 34211 34212 34213 34214 34215 34216 34217 34218 34219 34220 34221 34222 34223
2027 0 0 11195 11196 11197 11198 11199 11200 11201 11202 11203 11204 11205
2028 3 3 11702 16617 24017 24020 24036 24053 24071 24072 24075 24076 24077
2029 0 0 6616 11453 11469 11485 11492 11493 11494 11495 11496
2030 0 0 1398 9758 9768 11729 11734 24009 24022 24030 24042 24057 24058 39859
2031 0 0 3218 19607 19645 19871 28237 28238 28239 28240 28241 28242 28243 28244
2032 0 0 2046 9215 9227 9239 9249 9250 9251 9252
2033 2 2 469 3183 3192 6456 6465 7364 7366 7367 7368 7369 7370 7371 7372 7373 7374 7375
2034 0 0 12046 12053 19036 19306 19322 19325 19341 19343 19344 19345 19346 19347
2035 0 0 135 317 2885 2893 2894 2895 2896 2897 2898 39860 39861
2036 0 0 36272 36314 38326 38340 38348 38363 38368 38373 38383 38384 38385
2037 3 3 14680 20095 20096 20097 20098 20099 20100 20101 20102 20103 20104 20105
2038 0 0 4384 7970 8196 8679 8696 15375 15389 15394 15404 15406 23044 23067 23079 23085 23086 23087 23088
2039 0 0 15737 20926 20955 20961 20962 20963 20964 20965 20966 20967
2040 2 2 1257 2208 2957 2986 3014 5681 5687 6263 6313 10623 10632 11178 11185 11190 11191 11192 11193 11194
2041 2 2 30578 31479 32449 32490 33903 33926 35046 35047 35048 35049 35050 35051 35052 35053 35054 35055 35056 35057 35058 35059 35060 35061
2042 3 3 25987 26020 26035 26071 27190 27200 27233 30431 30432 30433 30434 30435 30436 30437
2043 0 0 14511 14521 14530 14535 14540 14544 14545 22034 22046 22047 22048 22049 22050
2044 0 0 16923 16924 16925 16926 16927 16928 16929 16930 16931 16932 16933 16934 16935
2045 4 4 1836 1837 1838 1839 1840 1841 1842 1843 1844 1845 1846 1847
2046 0 0 5363 5464 5475 5510 5514 5516 5517 5518 5519 5520 5521
2047 0 0 10176 10236 35534 35562 35576 35587 35588 35589 35590 39862
2048 3 3 5654 16934 16944 17255 25833 31367 35612 35627 35634 35636 35637 35638
2049 0 0 5023 5033 5097 5114 5116 5184 5188 9625 12885 12893 12898 20165 20170 20171 20172 20173 39863 39864
2050 0 0 1481 1487 1496 1510 1511 1512 1513 1514 1515 1516 1517 1518 1519 39865
2051 0 0 7204 27507 27535 27543 27548 34815 34823 34830 34831 34832 34833
2052 0 0 11899 11926 12670 12691 12692 12693 12694 12695 12696 12697
2053 0 0 39 1415 1416 1417 1418 1419 1420 1421 1422 1423 1424 1425 1426 1427 39866 39867
2054 0 0 845 854 866 2296 2309 2315 2520 5406 5409 5410 5411 5412 39868
2055 3 3 28946 28947 28948 28949 28950 28951 28952 28953 28954 28955 28956 28957 28958 28959
2056 0 0 11652 12225 12676 12724 12726 12727 12728 12729 12730 12731 12732 12733 12734 12735 12736 39869
2057 0 0 24918 24922 24929 24941 31406 31415 31435 35614 35623 35629 35639 35642 35643 35644
2058 0 0 325 512 1077 6089 6210 7292 39870 39871
2059 0 0 8840 8841 8842 8843 8844 8845 8846 8847 39872
2060 1 1 22555 22956 23236 23246 26274 26277 26330 26346 26351 26363 27699 28142 28563 28981 29365 29385 29388 29397 29403 29408 29412 32763 32820 32831 32843 32852 32859 32860 32861 32862 32863
2061 3 3 21839 21840 21841 21842 21843 21844 21845 21846 21847 21848 21849 21850 21851 21852
2062 0 0 1274 2191 2233 2245 5450 5461 5540 5561 5580 5587 5590 5591 5592 39873 39874
2063 0 0 17994 25584 25596 31734 31749 31760 31767 31786 31793 31794 31795 31796
2064 2 2 9208 9228 9247 9258 9306 16310 16321 16326 16327 16328 16329 16330
2065 0 0 5325 5333 5365 16810 16821 24267 24268 24269 24270 24271 24272
2066 2 2 6077 7449 7456 7471 7478 7479 7480 7481 7482 7483 7484 7485 7486 7487 7488
2067 0 0 19476 19489 26883 26889 26896 28855 34145 34157 34165 34167 34168 34169 34170 34171
2068 2 2 14261 14273 18568 21700 21743 22015 22019 22020 22021 22022 22023 22024 22025 22026 22027 22028 22029 22030 22031 22032 22033
2069 2 2 15553 17043 17119 22907 22908 22909 22910 22911 22912 22913 22914 22915 22916 22917 22918 22919 22920 22921
2070 0 0 4559 4565 4566 4567 4568 4569 4570 4571 4572
2071 0 0 9165 16231 23742 23765 23788 23792 23796 23797 23798 23799
2072 0 0 22238 22239 22240 22241 22242 22243 22244 22245 22246 22247
2073 0 0 19598 19606 26699 26917 26924 26933 26937 26943 26947 26948 26949
2074 2 2 12065 12089 12278 12279 12280 12281 12282 12283 12284 12285 12286 12287 12288 12289 12290 12291
2075 0 0 800 814 3509 4872 4883 4898 4908 4916 4925 4926 39875
2076 3 3 30562 34981 35019 35035 35082 35090 37751 37773 37780 37781 37782
2077 0 0 16042 23331 23339 23350 23351 23352 23353 23354 39876
2078 2 2 14077 14105 20090 21778 21807 26047 26054 26066 26068 26082 26085 27225 32275 33209 33212 33238 33242 33251
2079 0 0 10262 10276 10283 10308 10321 10322 10323 10324 10325 39877
2080 0 0 20611 20612 20613 20614 20615 20616 20617 20618 20619 39878
2081 4 4 22267 22279 27405 27463 27464 27465 27466 27467 27468 27469 27470
2082 0 0 402 407 3086 3087 3088 3089 3090 3091 3092 3093 3094 3095 3096 39879
2083 3 3 20208 20209 20210 20211 20212 20213 20214 20215 20216 20217
2084 1 1 492 513 527 1326 2693 3141 3665 7443 7455 7468 7472 7473 7474 7475 7476 7477 7478
2085 0 0 126 134 139 151 1359 2907 2912 3117 3138 3153 3177 3584 5738 5744 5748 5749 5750 5751 5752 5753 39880
2086 3 3 9855 9856 9857 9858 9859 9860 9861 9862 9863 9864 9865 9866 9867 9868 9869 9870 9871
2087 0 0 9937 10926 23535 23544 35745 35748 35777 35779 35780 39881
2088 3 3 27164 27178 34920 34940 37654 37666 37668 37669 37670 37671 37672 37673 37674 37675 37676
2089 0 0 7106 12933 12944 12950 12964 12970 13206 13215 13221 13222 13223 13224 13225 13226
2090 2 2 6234 6252 6282 6289 18258 18276 18379 18384 25750 32083 32088 32111 32133 32135 32136 32137 32138
2091 0 0 10974 17082 18067 22787 22792 24481 24514 24529 24545 24559 24563 24564 24565
2092 2 2 6761 7803 13597 14748 21052 21060 21479 21486 22343 22352 28136 28161 28162 28163 28164 28165 28166 28167
2093 2 2 24665 24675 24691 29958 31053 31091 31105 31110 35510 35523 37858 37860 37877 37887 37889 37907 37917 37919 37927 37963 37971 37976
2094 2 2 15487 15497 16214 16224 20858 20873 22565 22581 22621 22721 23701 23702 23703 23704 23705 23706 23707 23708 23709 23710 23711 23712 23713 23714 23715
2095 0 0 7231 7239 7240 7241 7242 7243 7244 7245 7246 39882
2096 4 4 2206 2989 2993 2994 2995 2996 2997 2998 2999 3000
2097 0 0 7172 12229 19773 25859 26829 26836 26837 26838 26839 26840 26841 26842
2098 0 0 17050 17122 23359 23386 23396 23412 23433 23436 23440 23450 23460 23461 23462 23463
2099 0 0 626 1458 1898 4373 4722 4723 4724 4725 4726 4727 4728 39883
2100 3 3 19400 19405 19410 19415 19418 19425 19432 19436 19448 19453 19454 19455 19456 19457
2101 0 0 19154 21389 21413 21417 21418 21419 21420 21421 21422 21423 21424
2102 3 3 23689 29896 29916 29929 29930 29931 29932 29933 29934 29935 29936 29937
2103 0 0 18313 18314 18315 18316 18317 18318 18319 18320 18321 18322
2104 0 0 15627 23866 37134 37517 37531 37535 37536 37537 37538 37539
2105 0 0 6914 6940 19590 19591 19592 19593 19594 19595 19596 19597 19598 39884
2106 4 4 2708 2913 5734 5736 5737 5738 5739 5740 5741 5742
2107 0 0 32662 32663 32664 32665 32666 32667 32668 32669 32670 32671 32672 32673 32674 32675
2108 2 2 5337 5390 9992 10075 10164 16808 16815 17192 24225 24240 24248 24254 24270 24278 24284 24285 24286 24287 24288 24289 24290 24291
2109 0 0 11115 17686 18114 18185 25279 25468 25478 31586 31605 31621 31627 31628 31629 31630 31631
2110 0 0 23622 25183 25190 25197 25202 35705 35714 35718 35719 35720 35721
2111 0 0 6637 9457 9640 9653 13747 13765 13770 13775 13776 15639 15644 15650 22254 28190 28208 28223 28226 28227 28228 28229 39885
2112 2 2 671 3071 7917 7941 9036 9048 9090 9121 9129 9133 9134 9135 9136 9137 9138 9139
2113 0 0 4220 4223 4227 4269 8019 8020 8021 8022 8023 8024 8025
2114 0 0 987 988 989 990 991 992 993 994 995 996 997 998 39886
2115 0 0 32391 32428 33877 36252 36279 36287 36291 36292 36293 36294 36295 36296 36297 36298
2116 2 2 13075 14583 14598 14614 14619 14646 22307 26633 26638 26639 26640 26641 26642 26643 26644 26645 26646 26647 26648
2117 3 3 30182 30190 30198 30202 30212 30216 32895 34838 36630 36635 36668 36677 36696 36697 36698
2118 0 0 23989 24110 28594 28595 28596 28597 28598 28599 28600 28601 28602 28603 28604
2119 0 0 23341 23347 23371 23404 24858 29221 29226 29227 29228 29229 29230
2120 0 0 925 932 933 934 935 936 937 938 939 940 941 942 39887
2121 4 4 27381 28603 28627 28658 36540 36549 36553 36554 36555 36556 36557 36558 36559 36560
2122 0 0 5313 9938 9943 11036 16654 23547 23548 23549 23550 23551 23552 23553 23554 39888
2123 0 0 38533 38543 38548 38553 38555 38561 38565 38821 38827 38952 38962 38963 38964 38965 38966 38967
2124 0 0 25934 27032 27076 27082 27109 27115 27120 27148
2125 0 0 4798 4811 4818 4833 4834 4835 4836 4837 39889
2126 0 0 38664 38665 38666 38667 38668 38669 38670 38671 38672
2127 0 0 17764 17765 17766 17767 17768 17769 17770 17771 17772 17773 17774 17775
2128 0 0 1634 1639 3316 6704 6714 7888 7902 7912 11770 11791 11794 11797 11798 11799
2129 3 3 25802 25825 26126 30663 36164 36174 36175 36176 36177
2130 0 0 4459 4475 4476 4477 4478 4479 39890
2131 3 3 14139 18694 18748 18776 18797 18880 18896 19625 19633 19634 19635 19636 19637 19638 19639 19640 19641 19642 19643
2132 0 0 4791 4795 4817 4824 7038 15851 15860 15864 15865 15866 15867 39891
2133 3 3 11100 15988 17698 17712 17733 18167 23471 25435 25439 25450 25457 25474 25475 29819 29842 29848 29850 29858
2134 1 1 5678 5705 5708 6294 10357 10648 11173 11182 16989 18266 18371 18377 18391 18397 25754 25766 25774 25803 25811 25814 25815 25816 25817 25818 25819 25820 25821 25822
2135 1 1 18805 28307 28312 29434 29453 29462 29486 30792 30800 30843 31203 32720 33751 33768 35471 36413 36418 36440 36451 36474 37302 38447 38777 38792 38802 38814
2136 0 0 9968 9969 9970 9971 9972 9973 9974 9975 9976 9977
2137 0 0 16009 17036 17049 23382 23444 23451 23463 30986 35304 35350 35354 35372 35374 35375
2138 2 2 3508 3523 4936 9353 13376 13401 13460 13484 13492 13501 15733 20876 20902 20969 22727 27831 27848 27858 27864 27865 27866 27867 27868
2139 0 0 12845 12846 12847 12848 12849 12850 12851 12852 12853 12854 12855 12856 12857 12858 12859 12860 39892
2140 0 0 7083 7108 9572 9585 9586 9587 9588 9589 9590 9591 9592 9593 39893
2141 3 3 21098 21189 21202 21203 21204 21205 21206 21207 21208 21209 21210 21211
2142 1 1 24677 31236 31254 31293 32478 35452 35455 35478 35483 35491 35499 35799 35824 36434 36454 37214 37227 37905 37939 37947 37965 37969 37972 37973 37974
2143 0 0 9419 9428 9435 9444 9450 15877 15893 15896 15897 15898 15899 15900 15901 15902
2144 0 0 3536 3537 3538 3539 3540 3541 3542 3543 3544 39894
2145 0 0 16302 17990 17996 25580 25587 31730 31751 31758 31769 31775 31777 31785 31786
2146 0 0 33819 33826 34654 34667 34672 34673 34674
2147 4 4 20601 23567 24166 24167 24168 24169 24170 24171 24172 24173 24174 24175 24176
2148 4 4 7714 18317 18339 18355 22081 25799 28444 28446 28447 28448 28449 28450 28451 28452
2149 0 0 11459 11488 11496 11509 11515 32560 33672 33681 33701 33712 33713 33714
2150 4 4 302 2647 2720 2750 2755 2761 2762 2763 2764
2151 0 0 11701 12184 19538 24052 24062 24074 24075 34154 34187 34190 34193 34194 34195
2152 0 0 17282 22093 32190 36925 36931 36940 36941 36942
2153 2 2 7949 7954 15044 15049 15156 15158 15273 21220 21226 22398 22431 22436 22447 22461 22463 22464 22465 22466 22467
2154 2 2 2651 2711 2752 2759 2764 6054 10860 10867 10961 16938 17251 17392 17428 17434 17435 17436 17437 17438 17439 17440
2155 0 0 5548 6325 10152 10204 24336 24337 24338 24339 24340 24341 24342 24343 24344
2156 0 0 6851 6933 12503 26768 26795 26803 26804 26805 26806 26807 26808 26809
2157 3 3 5231 5236 5243 5251 5258 5262 5266 5285 7045 9746 9756 9762 13117 19049 19059 19068 19069 19070 19071 19072
2158 0 0 3261 3524 3525 3526 3527 3528 3529 3530 3531 3532 3533 3534 3535 39895
2159 2 2 1852 1869 7962 8155 8189 8272 8282 15143 15162 15210 15241 15257 15266 15267 15282 15287 15310 15378 15391 15400 15401 15402
2160 0 0 17824 24488 24513 24528 24547 24554 24556 24557 24558 24559 24560 24561 24562
2161 3 3 24584 24608 24624 30864 31678 35294 35323 35327 35328 35329 35330 35331
2162 0 0 12860 12869 12877 12882 20109 20289 20298 20299 20300 20301 20302 20303 20304 20305 39896
2163 2 2 17158 17182 24246 30687 30696 30700 30708 31131 31145 31161 31162 31163 31164 31165 31166 31167 31168
2164 0 0 12143 12657 12662 13695 21500 21512 21528 21529 21530 21531 21532 39897
2165 0 0 18933 18948 21837 27036 27044 27045 27046 27047 27048 27049 27050 27051 27052 27053 27054
2166 0 0 16650 16665 16666 16667 16668 16669 16670 16671 16672 16673 16674 16675 16676
2167 3 3 2306 2328 2336 2355 2356 2357 2358 2359 2360 2361 2362
2168 3 3 14405 20044 24133 26017 27251 27268 27288 32208 32219 32258 32268 32271 32272 32273
2169 0 0 851 852 2268 2285 2294 2517 5404 5410 5417 5419 5424 9995 10040 10053 10059 10071 10072 10073 39898
2170 2 2 24639 28439 28480 28497 30656 30675 31153 31400 31405 31425 33983 33992 33993 33994 33995 33996 33997 33998 33999 34000
2171 0 0 9055 10409 22894 23716 23724 23725 23726 23727 23728 23729 23730
2172 2 2 5059 15365 22735 22748 26460 26474 26482 29342 30927 30939 32945 32959 32972 32973 32974 32975 32976 32977 32978 32979
2173 0 0 26428 26434 26441 32899 32913 32924 32925 32926 32927 32928 32929 39899
2174 0 0 28309 33796 33802 38410 38414 38434 38445 38453 38462
2175 0 0 10939 10946 17613 18015 18029 18046 18047 18048 18049 18050 18051 18052 18053 18054 18055 39900
2176 0 0 15994 16004 16030 23327 23335 23353 23355 23365 23366 23367 23368 23369 23370 23371 23372 23373 23374 23375 23376 23377 23378 23379 39901
2177 0 0 11818 11829 15422 15423 21471 22312 22313 22314 22315 22316 22317 22318
2178 0 0 961 976 2454 2468 2478 2483 2484 2485 2486
2179 3 3 2815 6176 14207 14401 16687 20047 21862 21866 24129 24130 24131 24132 24133 24134
2180 2 2 26261 29003 29010 29021 32782 32783 32784 32785 32786 32787 32788 32789 32790 32791 32792 32793
2181 0 0 24490 24927 24939 25370 25371 25372 25373 25374 25375 25376 25377 25378 25379 25380 25381
2182 0 0 12959 12969 12978 20185 33309 33339 33357 33361 33365 33367 33368 39902
2183 2 2 11104 15562 16003 17023 17696 17738 23291 23311 23414 23445 23449 23470 23471 23472 23473 23474 23475 23476 23477 23478 23479
2184 0 0 924 933 2264 2324 2372 2416 2426 2519 10047 10055 10071 10087 10091 10099 10103 10104 39903
2185 0 0 34865 34888 34894 34901 34909 36796 36811 36821 36826 36827
2186 0 0 5907 5913 5933 5948 5959 10898 10900 10901 10902 10903
2187 0 0 4474 15458 15479 22686 22692 22696 22701 22702 22703 39904 39905
2188 3 3 7981 8004 15146 15167 15272 21150 21230 21231 21232 21233 21234 21235 21236 21237 21238
2189 0 0 30867 31004 31021 35364 35413 35419 35444 35843 36467 37180 37199 37203 37224 37229 37232 37233 37234
2190 0 0 26396 26404 26418 26422 26429 32925 32931 34749 34796 34800 34808 34811 34812
2191 0 0 3599 5787 7563 7574 10295 10699 10700 10701 10702 10703 10704 10705 39906
2192 2 2 2685 2914 3123 3136 3155 3193 3200 3579 5730 5736 5751 5769 5778 6457 6466 7369 10691 13877 13880 13887 13888 13889 13890 13891 13892 13893
2193 2 2 11445 13832 14234 14235 14236 14237 14238 14239 14240 14241 14242 14243 14244 14245 14246 14247
2194 0 0 4239 4257 9270 9277 9278 9279 9280 9281 9282 9283 9284 9285 39907
2195 3 3 7886 12556 12584 13735 18418 18684 19670 19690 19702 19717 19759 19795 19807 19816 19822 19830 19833 19834 19835 19836 19837 19838 19839
2196 0 0 15341 15342 15343 15344 15345 15346 15347 15348
2197 0 0 21025 27816 27832 27837 27850 27867 33410 33418 33439 36579 36587 36590 36598 36600 36603
2198 0 0 2591 5626 10550 10555 10557 10558 10559 10560 10561 10562 10563 39908
2199 0 0 2128 2142 5133 6954 12393 12525 12537 12538 12539 12540 12541 12542 12543 12544 39909
2200 0 0 27659 27660 27661 27662 27663 27664 27665 27666 27667 27668 27669 27670
2201 0 0 12578 12603 12605 12606 12607 12608 12609 12610 12611 12612 12613 12614 12615
2202 3 3 29678 29754 30298 31888 31947 33824 33836 34630 34656 34666 34672 34679 34688 34689 34690 34691
2203 3 3 22771 22782 22871 22900 29179 30066 31101 31677 31685 31705 31733 31745 31781 31788 31789 31790 31791 31792
2204 0 0 5127 9549 9564 12326 12344 16569 16578 16583 20448 26919 26934 27430 27447 27451 33346 33349 33350 39910
2205 3 3 17456 17466 17471 17496 17504 17506 17507 17508 17509 17510 17511 17512
2206 3 3 13355 15129 15717 16472 16494 16501 16502 16503 16504 16505 16506 16507 16508 16509 16510
2207 0 0 172 173 174 175 176 177 178 179 180 181 182 183 184 39911
2208 0 0 3078 3079 3080 3081 3082 3083 3084 3085
2209 0 0 36 165 231 427 428 429 430 431 432 39912 39913
2210 3 3 26334 26342 29279 29410 32722 32729 32738 32744 32748 32749 32750 32751 32752 32753 32754
2211 1 1 3405 7403 11433 11442 14104 14239 18520 20059 20067 20080 20081 20082 20083 20084 20085 20086 20087 20088 20089 20090 20091 20092 20093 20094
2212 2 2 12561 14112 18720 18728 18739 18886 21823 26499 26517 26537 26551 26560 27070 27104 27112 27125 27126 27127 27128 27129 27130 27131
2213 2 2 8486 8498 8503 16222 16257 16277 22578 22615 22622 22635 23708 23746 23758 23783 30109 30122 30148 30149 30155 30158 30159
2214 0 0 816 3514 4878 4890 4897 4898 4899 4900 4901 4902 4903
2215 3 3 11621 13540 13545 13569 13582 14756 14783 17215 17222 17226 17227 17228 17229 17230 17231 17232 17233 17234 17235 17236
2216 0 0 6560 7408 11407 11474 13839 14098 18635 18640 18641 18642 18643 18644 18645
2217 0 0 5367 5518 5528 5564 10022 10029 10030 10031 10032 10033 10034 10035 10036 10037
2218 3 3 23217 23226 23232 23240 23247 29363 29379 29380 29381 29382 29383 29384 29385 29386
2219 0 0 7168 7878 11947 12583 19697 19721 19728 19766 19798 19814 19825 19834 19840 19841 19842 19843
2220 0 0 1490 6625 7327 11514 21507 21524 21546 21594 21595 21596 21597 21598 21599 21600 21601 21602 39914 39915
2221 0 0 2595 2963 6297 18267 18278 18279 18280 18281 18282 18283 39916
2222 0 0 1308 2190 2225 3024 5532 5555 5575 5584 5588 5591 10187 10192 10198 10213 10214 10215 39917
2223 3 3 9974 9981 9996 10012 10019 10026 24229 24233 24255 24256 24257 24258 24259 24260
2224 0 0 11087 24577 24612 24620 24628 24634 25419 31653 31688 31692 31717
2225 3 3 556 569 601 3939 4129 4213 8029 8033 8034 8035 8036 8037
2226 0 0 27626 27644 27652 27653 27654 27655 27656 27657 27658
2227 0 0 31943 31952 31990 34633 34677 36027 36044 36056 36068 36069 36070 36071 36072
2228 1 1 13606 21482 22348 28143 28164 28175 28955 28973 28978 28992 28997 29395 29402 29405 32862 33496 33504 33508 33528 33531 33534 33535
2229 0 0 1700 2573 3982 3992 4012 7843 39918 39919
2230 0 0 16091 16092 16093 16094 16095 16096 16097 16098 39920
2231 0 0 13131 19120 19131 19134 19135 19136 19137
2232 0 0 178 225 1823 4186 4189 4191 39921
2233 2 2 4495 8171 9367 9377 9384 9399 13463 13474 13483 15336 15511 15516 15519 15540 15549 16357 16362 20906 20911 20923 20931 20932 20933 20934 20935 20936
2234 0 0 35255 35269 35280 35290 37813 37814 37815 37816 37817 37818 37819 37820
2235 2 2 8713 16476 16505 16511 16512 16513 16514 16515 16516 16517 16518 16519 16520 16521
2236 0 0 20608 24167 34622 34625 35240 35243 35244 35245 35246 35247
2237 0 0 4815 4822 4832 4837 7041 7253 7276 8736 8743 15850 15859 15865 15868 15869 39922
2238 0 0 5345 5430 9972 9985 10004 11530 11551 11558 11559 11560 11561
2239 3 3 1730 4380 7976 7992 7995 7996 7997 7998 7999 8000 8001 8002 8003 8004 8005
2240 2 2 15558 17040 17121 22907 24816 24827 24831 24845 24853 30046 30051 30067 30073 30074 30075 30076 30077 30078 30079 30080 30081 30082
2241 0 0 4526 4532 4543 8317 8484 8499 8500 8501 8502 8503
2242 0 0 551 4196 4197 39923 39924
2243 0 0 14572 24138 28350 28390 32300 32327 32333 32337 32338 32339
2244 0 0 1484 1515 1537 1549 3107 3145 3165 3168 3169 3170 3171 3172 3173 3174 3175 3176 39925
2245 2 2 15326 15773 21114 21162 21169 21190 21195 22567 22584 22585 22586 22587 22588 22589 22590 22591 22592 22593
2246 0 0 3531 6615 6624 7192 7202 7317 7318 7319 7320 7321 7322 7323 7324 7325 7326 7327 7328 7329 39926
2247 0 0 6792 6796 6804 6805 6806 6807 6808 6809 6810 6811 6812 6813 6814 6815 39927 39928
2248 3 3 18781 21917 25520 25546 25547 25548 25549 25550 25551 25552 25553 25554 25555 25556 25557
2249 3 3 1182 2808 21853 21874 32022 32025 32026 32027 32028 32029 32030
2250 3 3 1186 2812 6175 6180 14189 14203 14204 14205 14206 14207 14208
2251 3 3 1177 1178 1179 1180 1181 1182 1183 1184 1185 1186 1187 1188 1189
2252 3 3 2811 14203 14215 16684 21863 24130 27260 27302 31969 32014 32015 32016 32017 32018 32019 32020 32021 32022 32023 32024
2253 0 0 15434 22519 22528 22532 22542 22546 28983 33495 33522 33532 33533 33534
2254 0 0 15412 15413 15414 15415 15416 15417 15418 15419 15420 15421 15422
2255 0 0 2170 3272 3278 4202 4403 5232 5237 5238 5239 5240 5241 5242 5243 39929
2256 0 0 1392 2171 3295 4206 5245 9744 9759 9763 9765 9766 9767 9768 9769 9770 39930
2257 0 0 1637 1646 7891 7901 7910 11741 11755 11768 11779 11783 11788 11789 11790 11791 11792 11793
2258 0 0 6708 6723 7762 7785 7814 11760 11772 11775 11785 11795 11799 11801 11802
2259 0 0 16994 17005 17012 17022 18368 18392 18400 24388 25820 30618 30633 30638 30639 30640 30641 30642 30643 30644 30645
2260 0 0 25758 25800 25817 25823 25824 25825 25826 25827 25828 25829
2261 0 0 12477 12984 13592 20285 21404 21407 21423 21446 27582 27601 27608 27616 27619 28007 28034 28038 28057 28064 28081 28103 28111 28120 28127 28131 28132 28133 28134
2262 0 0 19160 19181 21381 21382 21383 21384 21385 21386 21387 21388 21389 21390 21391 21392
2263 0 0 13092 13099 13105 13116 13121 13130 19058 19105 19109 19124 19129 19136 19138 19139 19140 19141
2264 0 0 3363 3469 3470 3471 3472 3473 3474 3475 3476 3477 3478 3479 3480 3481 3482
2265 0 0 3474 13127 19052 19091 19113 19118 19132 19134 19560 28784 32994 32998 36489 36512 36522 36524 36530 36536 36537
2266 0 0 1444 1958 3355 3479 7077 13086 13093 13094 13095 13096 13097 13098 13099 39931
2267 0 0 25389 25662 25674 35829 36900 36901 36902 36903 36904 36905 36906 36907
2268 0 0 25614 25626 25672 28358 31618 31820 31825 34716 35814 36909 36920 37248 37266 37280 37283 37287 37297 37299 37300 37301
2269 0 0 11204 16840 24372 24402 30443 30462 30467 30479 30484 30535 30680 30681 30682 30683 30684 30685 30686 30687 30688 30689 30690
2270 0 0 10132 10142 10151 10156 11203 11211 11212 16826 16833 24361 30438 30453 30454 30455 30456 30457
2271 0 0 5057 6634 6649 22750 26459 30926 30937 32941 32952 32958 32959 32960 32961 39932
2272 0 0 6633 6637 6638 6639 6640 6641 6642 6643 6644 6645 6646 6647 6648 39933
2273 0 0 6632 6644 6658 7209 26442 26465 27555 32942 32953 32961 32962 32963 32964 39934
2274 0 0 5052 6635 6640 6649 6650 6651 6652 39935
2275 3 3 24391 24412 36138 36146 36154 36159 36178 38068 38084 38089 38103 38104 38105
2276 3 3 26121 26128 28465 30556 32112 32151 35579 35603 36143 36149 36162 36170 36175 36184 36186 38066 38086 38088 38093 38094 38095 38096 38097 38098
2277 0 0 957 2467 2477 2484 3219 3220 3221 3222 3223 3224 3225 3226 39936
2278 0 0 955 970 2564 3041 3042 3043 3044 3045 3046 3047 39937
2279 0 0 4595 8134 8140 8141 8142 8143 8144 8145 8146
2280 0 0 4558 4593 8136 8428 8589 8603 13504 21105 21117 21131 21135 21136 21137 21138 21139
2281 0 0 24638 24650 30622 30657 31035 31118 31125 31138 31141 31152 31153 31154 31155 31156 31157 31158 31159 31160
2282 0 0 31037 31048 31113 31176 31182 32494 32495 32496 32497 32498 32499 32500 32501 32502 32503
2283 0 0 31121 31127 31159 31175 31183 31191 32498 32519 37908 37943 37948 37955 37960 37964 37977
2284 0 0 24641 31032 31114 31154 31179 32495 33981 33982 33983 33984 33985 33986 33987 33988 33989 33990 33991
2285 0 0 22333 28763 28804 28809 28853 28874 34147 34163 34172 34176 34177 34178 34179 34180
2286 0 0 22318 22327 28771 28776 28806 28812 28834 28836 28837 28838 28839 28840 28841
2287 0 0 23731 23732 23733 23734 23735 23736 23737 23738 23739 23740 23741 23742 23743 23744 23745
2288 0 0 683 4546 9002 16208 16226 16227 16228 16229 16230 16231 16232 16233 16234 39938
2289 0 0 1994 2008 2059 2066 4838 4839 4840 4841 4842 4843 4844 4845 4846 4847 4848 4849 4850 39939
2290 0 0 9022 9027 9155 9172 9178 16191 16192 16193 16194 16195 16196 39940
2291 0 0 1996 2060 4839 4851 4852 4853 4854 4855 4856 4857 4858 39941
2292 0 0 9159 9170 9177 9188 29898 29923 29938 29943 29944 29945 29946
2293 0 0 1704 1715 3918 3971 3985 3986 4000 4001 4002 39942
2294 0 0 1711 3785 3893 3917 3977 3990 4004 4010 4014 4025 4026 4027 4028 4029
2295 0 0 2119 2126 4633 4638 4707 4708 4709 4710 4711 4712 4713 4714
2296 0 0 2053 2114 2124 4636 4664 9434 9677 9693 13790 13807 13814 13816 13817
2297 3 3 16682 31928 31968 32016 32042 34698 36057 36087 38222 38244 38250 38258
2298 3 3 16686 27259 27279 27306 30375 31963 32015 32266 36210 36219 36220 36221 36222 36223 36224 36225
2299 0 0 3892 3919 4028 14895 14927 14929 14936 14941 14954 14960 14966 14982 14984 14985 14986
2300 0 0 4070 4091 11752 14884 14912 14951 14965 14969 14972 14973 14974
2301 0 0 1763 3849 3856 4017 4088 14787 14798 14953 14967 14975 14980 14981 14982 14983
2302 0 0 14883 14884 14885 14886 14887 14888 14889 14890 14891 14892 14893 14894 14895 14896 14897 14898 14899 14900 14901
2303 3 3 9211 9274 9284 9289 9296 9304 9315 9332 9666 16324 16329 16332 23829 27855 33425 33430 33445 33449 33450 33451 33452 33453
2304 3 3 4241 4647 9262 9283 9288 9292 15834 15845 23100 23120 33423 33427 33435 33436 33437 33438
2305 0 0 1244 1245 1246 1247 1248 1249 1250 39943 39944
2306 0 0 1250 1255 1262 1263 39945 39946
2307 0 0 12145 12631 12656 12662 12663 12664 12665 12666 12667
2308 0 0 12155 12629 12643 13693 13705 20018 21501 21513 21515 21529 21533 21534
2309 0 0 4637 4643 8515 8536 8544 15769 15809 15811 15812 15813 15814 15815 15816 15817 15818
2310 0 0 4714 4721 8543 9427 9429 13794 15877 15878 15879 15880 15881 15882 15883 15884 15885
2311 4 4 11235 18436 18449 21028 21042 21063 21491 25837 25854 25894 25922 25951 25956 25958 25973 25974 25975 25976
2312 4 4 18415 18428 18443 19708 25919 25943 25953 25959 25971 26521 27065 27093 27101 27102 27103 27104 27105 27106
2313 4 4 18412 18425 19684 19704 19750 19786 25848 25855 25920 25950 25957 25958 25959 25960 25961 25962 25963 25964 25965 25966
2314 4 4 18438 19659 19666 21044 25896 25935 25954 25975 27039 27066 27083 27090 27097 27105 27107 27108 27109 27110
2315 0 0 5009 5205 9210 9218 9240 9269 9281 9302 9657 9658 9659 9660 9661 9662 9663 9664 9665 9666 9667 39947
2316 0 0 9674 9682 9690 9691 9699 9703 9714 9725 13042 13779 13791 13802 13806 13814 13815
2317 0 0 9667 9683 9708 9715 9721 9724 9725 9726 9727 9728
2318 0 0 2052 4994 9217 9226 9234 9249 9308 9661 9672 9675 9687 9691
2319 3 3 20404 21395 21440 22110 22138 26228 26233 26252 26982 27019 27331 27368 27369 27370 27371 27372 27373 27374 27375
2320 3 3 21400 21442 26979 27014 28028 28112 28128 28132 33121 33149 33156 33165 33168
2321 0 0 3384 12112 18964 18979 19038 19333 19351 19371 19382 19412 19460 19474 19483 19493 19494 19495 19496 19497 19498 19499 19500 19501 19502
2322 0 0 3381 12115 12683 12709 12743 12753 19508 19515 26595 26606 26608 26609 26610 26611 26612 39948
2323 0 0 731 4489 4495 4496 4497 4498 4499 4500 4501 4502 4503 4504 4505 39949
2324 0 0 4783 8178 8800 8801 8802 8803 8804 8805 8806 8807 8808 8809 8810 8811 39950
2325 0 0 4500 8175 8800 9370 9382 9384 9385 9386 9387 9388 9389 9390 9391 9392 9393
2326 0 0 4494 4505 4773 4777 4778 4779 4780 4781 4782 4783 39951
2327 0 0 11476 13841 18636 18643 18646 18647 18648 18649 18650
2328 0 0 11399 11421 13862 18633 18652 18661 20064 21621 21629 21634 21635 21636 21637 21638 21639
2329 0 0 2297 2307 2316 5404 5405 5406 5407 5408 39952
2330 0 0 2277 2280 2292 2302 2310 2314 2322 5327 5392 5415 5420 5424 5425 5426 5427 5428 39953
2331 0 0 3262 3534 6604 6605 6606 6607 6608 6609 6610 6611 6612 6613 6614 6615 6616
2332 0 0 3256 3529 11278 13956 14308 14333 14334 39954
2333 0 0 6976 11853 12451 12772 12773 12774 12775 12776 12777 12778 12779 12780 12781 12782 12783 12784 12785 12786 12787
2334 0 0 6968 20331 20350 28042 28070 28091 28094 28098 28099
2335 0 0 4665 5203 9697 9738 12997 13016 13024 13039 13044 15668 15686 15688 15689 15690 15691 15692 15693 15694
2336 0 0 9706 9718 9732 9735 12996 13014 13023 13027 13028 13029 13030 39955
2337 0 0 1779 3878 3890 3897 3898 3899 3900 3901 3902 3903 3904
2338 0 0 1770 3882 3894 3922 4060 4078 4085 4089 4103 14928 14959 14968 14983 14986 14994
2339 0 0 11699 12173 12183 18960 18995 19000 19009 19015 19022 19023 19024 19025 19026 19027 19028 19029 19030 39956
2340 0 0 11693 12159 12165 12166 12167 12168 12169 12170 12171 12172
2341 0 0 6487 6492 6501 7632 7640 7659 9774 9794 9816 9872 9880 9913 14490 14506 14514 14527 14531 14532 14533 14534 14535
2342 0 0 1553 6481 6491 7606 7607 7608 7609 7610 39957
2343 0 0 1555 1597 6484 6488 7636 7662 7668 11333 11360 14493 14502 14531 14539 14541 14545 39958
2344 0 0 3701 6478 6494 7586 7603 7609 9787 9855 9872 9873 9874 9875 9876 9877 9878 39959
2345 0 0 16245 16300 22805 23680 29988 31726 31755 31761 31762 31763 31764 31765 31766 31767 31768 31769 31770
2346 0 0 9189 9190 9191 9192 9193 9194 9195 39960
2347 0 0 9191 16069 16245 16246 16247 16248 16249 16250 16251 16252 39961
2348 0 0 9195 9205 11068 16301 17982 17983 17984 17985 17986 17987 17988 17989 17990 17991 39962
2349 3 3 2104 2116 4710 7272 9423 9430 9679 13782 13789 13790 13791 13792 13793 13794 13795 13796 13797
2350 3 3 33615 33624 33630 33636 33641 33648 33653 33656 33660 33665 33666 33668 33670 36702 36712 36714 36715 36720 36721
2351 3 3 13788 13797 13801 13805 13813 13815 13817 13824 20769 20782 20795 20797 33613 33629 33637 33645 33649 33650 33651 33652 33653
2352 3 3 2105 7259 7273 8733 9416 9424 13758 13795 15656 15879 15894 15897 15910 15914 28191 28202 29310 33607 33640 36707 36718 36728 36731
2353 4 4 2854 5877 5968 8824 10815 17461 17528 17552 17555 17619 17620 17621 17622 17623 17624 17625 17626 17627 17628 17629 17630 17631 17632 17633 17634
2354 0 0 2825 2837 2866 5961 6003 6008 6018 6052 10818 10824 10833 10834 10835 10836 39963
2355 4 4 10822 10832 10836 17463 17551 17554 17619 25117 25141 25151 25154
2356 0 0 2826 2852 2853 2854 2855 2856 2857 2858 2859 2860 2861 2862 2863 2864 2865 2866 2867 39964 39965
2357 0 0 3469 6868 12091 12102 12299 12304 19051 19065 19077 19078 19079 19080 19081 19082 19083 19084 19085 19086 19087 19088 19089 19090 19091 19092 19093 19094
2358 0 0 26761 26762 26763 26764 26765 26766 26767 26768 26769 26770 26771 26772 26773 26774 26775 26776
2359 0 0 12101 12298 12302 19080 19396 19422 19433 19434 19435 19436 19437 19438
2360 0 0 3452 3476 12005 12096 19089 19224 19281 19288 19291 26682 26692 26765 26790 26792 26805 26824 33003 33035 33045 33058 33086 33106 33108 33109
2361 0 0 17259 17284 25317 25365 25375 25388 25413 28485 31411 31426 31431 31601 31613 36905 36910 36915 36919 36920 36921 36922 36923
2362 0 0 8930 16167 17265 17271 17272 17273 17274 17275 17276 17277 17278 17279
2363 0 0 17270 17279 17289 24949 25308 25335 25336 28486 31391 31410 31420 31427 31431 31432
2364 0 0 16166 16175 17262 17274 17283 25316 25611 30258 31603 31617 34477 34483 34500 34504 36919 36934 37245 37257 37273 37282 37284 37285 37286 37287 37288
2365 0 0 3455 7080 7081 7082 7083 7084 7085 7086 7087 39966
2366 0 0 3456 20431 20441 27431 27458 33337 33349 33355 33362 39967
2367 0 0 19792 19831 22143 26243 28507 28523 28540 28546 32671 32696 32702 32708 32712 32713 32714
2368 0 0 22141 26238 27335 28518 28567 28585 32673 32697 32705 32716 32717 32718
2369 0 0 9567 9586 9594 9595 9596 9597 9598 9599 9600 39968
2370 0 0 9608 13217 20626 20657 26952 26974 26989 26990 39969
2371 0 0 26371 30891 30906 30931 30947 30959 30970 30971 30972 30973 30974 30975 30976 39970
2372 0 0 11575 18814 26369 26381 26455 30940 32980 34750 34768 34772 34798 34802 34813 39971
2373 0 0 35289 35310 35361 35410 35420 35433 35798 35811 35831 35832 35833 35834 35835 35836 35837 35838 35839 35840 35841 35842 35843 35844 35845
2374 0 0 37319 37324 37332 37338 37340 37348 37359 37366 38523 38700 38717 38725 38743 38761 38776 38784 38796 38804 38815
2375 0 0 31823 31833 35791 35813 35837 37228 37278 37317 37325 37326 37327 37328 37329 37330 37331 37332
2376 0 0 24462 35264 35274 35281 35282 35283 35284 35285 35286 35287 35288 35289 35290
2377 0 0 24438 29442 29467 29481 30789 30790 30791 30792 30793 30794 30795 30796 30797 30798 30799
2378 0 0 24433 29144 29440 29459 29473 29485 29500 30966 31193 31194 31195 31196 31197 31198 31199 31200 31201
2379 0 0 6997 20499 20501 20513 20514 20515 20516 20517 20518 20519 20520 39972
2380 0 0 20495 20502 23969 23991 23999 24103 24112 24113 24114 24115 24116 24117 24118 24119 24120 39973
2381 3 3 18955 18973 19004 19383 19502 19525 19555 24065 26597 26868 28850 34148 34161 34169 34179 34181 34182 34183 34184
2382 3 3 6876 11670 11710 11717 12105 18963 18978 19011 19043 19067 19094 19112 19334 19353 19363 19369 19372 19373 19374 19375
2383 3 3 18949 18950 18951 18952 18953 18954 18955 18956 18957 18958 18959 18960 18961 18962 18963 18964 18965 18966 18967 18968
2384 3 3 18971 19014 19041 19375 19551 19563 19566 24046 26867 26868 26869 26870 26871 26872 26873 26874
2385 3 3 6775 7812 7820 7832 7896 7905 11737 11738 11739 11740 11741 11742 11743 11744 11745
2386 3 3 14707 14708 14709 14710 14711 14712 14713 14714 14715 14716 14717 14718 14719 14720 14721 14722 14723
2387 3 3 3833 3864 7895 7906 7908 11738 14720 14762 14777 14780 14791 14793 14794
2388 3 3 6765 7746 7808 7829 7952 11739 13595 14715 14758 14763 14764 14765 14766 14767 14768 14769 14770 14771 14772
2389 0 0 158 1625 3311 3312 3313 3314 3315 3316 3317 3318 3319 3320 3321 3322 3323 39974
2390 0 0 12129 12209 12214 12233 18402 19519 25861 25862 25863 25864 25865 25866 25867 25868 25869 39975
2391 0 0 400 1629 3321 6889 12199 12200 12201 39976
2392 0 0 3323 6724 6740 12124 12125 12126 12127 12128 12129 12130 12131 12132 12133 12134 12135 12136
2393 0 0 11883 11960 12317 19377 19577 26577 26587 26600 26602 26603 26604
2394 0 0 12320 19380 19542 19552 19564 19565 19566 19567 19568 19569 19570 19571 19572 19573 19574 19575
2395 3 3 4426 4672 8008 8331 8350 8367 8378 8381 8382 8383 8384 8385 8386 8387 8388
2396 0 0 4429 4439 4675 7863 7870 8396 8435 8446 8447 8448 8449 8450 8451 8452 39977
2397 3 3 26958 27340 27359 27371 30222 30231 33167 38574 38585 38589 38602 38603 38604 38605
2398 3 3 27342 27353 27367 27375 28569 28581 29543 32704 32883 33173 33190 34054 34055 34056 34057 34058 34059
2399 4 4 7552 11370 11388 17308 18582 18585 18586 18587 18588 18589 18590 18591 18592 18593 18594 18595 18596
2400 4 4 7687 18622 21741 32296 32314 32336 32345 32361 32366 32373 32378 32379 32380 32381 32382
2401 4 4 7551 7679 14448 17309 18580 18587 18621 18622 18623 18624 18625 18626 18627 18628 18629 18630 18631 18632
2402 4 4 26095 26101 26106 26112 28476 32291 32303 32312 32343 32363 32365 32366 32367 32368 32369
2403 0 0 21548 21549 21550 21551 21552 21553 21554
2404 0 0 17907 17922 17967 20539 21583 27389 27402 27770 29769 33381 34742 34753 34765 34777 34778 34779 34780 39978
2405 0 0 17965 17972 17981 20536 21552 21565 21577 21584 27394 27396 27397 27398 27399 27400 27401 27402 27403
2406 0 0 11025 11572 17905 17906 17907 17908 17909 17910 17911 17912 17913 17914 39979
2407 0 0 32540 32547 32551 32557 32561 33695 33703 33721 36324 36335 36342 36345 36350 36364 36368 36375 36383 36387 36391 36394 36395 36396
2408 0 0 19608 26542 26559 28242 28248 36319 36326 36327 36328 36329 36330 36331 36332 36333
2409 0 0 10168 17204 24895 31355 31523 34982 35023 35038 35529 35551 35555 35561 35562 35563 35564 35565
2410 0 0 5802 5830 5841 10504 10521 10534 10603 17208 24887 24892 24901 24902 24903 24904 24905 24906 24907
2411 0 0 38587 38595 38601 38605 38606 39005 39014 39191 39201 39202 39203 39204 39205 39206
2412 0 0 20112 20525 22219 24114 24122 30218 30227 38570 39021 39035 39040 39195 39208 39215 39216 39217 39218 39219
2413 0 0 27320 27330 27354 30229 30233 38593 38596 38604 39197 39206 39212 39219 39220 39221
2414 0 0 38575 38842 38989 39037 39200 39213 39216 39222 39224
2415 0 0 2054 2111 2123 4617 4618 4619 4620 4621 4622 4623 4624 4625 4626 4627 4628 4629 4630 4631 4632 4633 4634 4635 4636 4637
2416 0 0 9213 9214 9215 9216 9217 9218 9219 9220
2417 0 0 2050 4623 4644 4645 4646 4647 4648 4649 4650 4651 4652 4653 4654 4655 4656 4657 4658
2418 0 0 2048 2122 4618 4984 4985 4986 4987 4988 4989 4990 4991 4992 4993 4994 4995
2419 0 0 7185 15417 27625 27654 28759 28778 28792 28795 28800 28818 28825 28828 28829 28830 28831 28832 28833 28834 28835
2420 0 0 11944 11958 11967 11991 12315 12754 19179 19573 19583 26579 26584 27634 27638 27639 27640 27641 27642 27643 27644 27645
2421 0 0 7183 12756 19569 19778 26580 26585 26616 26843 26878 26891 26898 26901 26904 27640 27652 28816 28821 28822 28823 28824 28825 28826 28827
2422 0 0 11934 22133 27624 27625 27626 27627 27628 27629 27630 27631 27632 27633 27634 27635 27636 27637
2423 0 0 24432 28687 30816 30838 35248 35266 35272 37405 37415 37455 37814 37834 37845 38872 38898 38915 38920 38929 38932 38933 38934 38935 38936
2424 0 0 37820 37826 37832 37839 37847 38702 38711 38722 38728 38733 38738 38882 38918 38937 38942
2425 0 0 15476 15481 22655 22695 22702 22708 22710 22868 24727 24728 24737 24745 24748
2426 0 0 17088 17108 17115 22658 22660 23498 24720 24736 24741 24744 24752 24768 24772 24773 24774 24775 24776 24777 39980
2427 0 0 4456 15463 15469 17111 22657 24724 24735 24738 24742 24743 24744 24745 39981
2428 0 0 17091 17099 22650 22654 22660 22661 22662 22663 22664 22665 22666 22667 22668
2429 0 0 6664 11523 11543 17132 17145 18667 18669 18670 18671 18672 18673 18674 18675 18676 18677
2430 0 0 3231 5595 5596 5597 5598 5599 5600 5601 39982
2431 0 0 12169 18961 19005 19470 19482 19501 19526 19531 19534 26598 28854 34156 34166 34167 34181 34186 34194 34196
2432 0 0 12123 12240 12246 19458 19472 19473 19474 19475 19476 19477 19478 19479 19480 19481
2433 0 0 24423 28689 34070 34788 37064 37498 38928 39054 39080 39086 39092 39094 39098 39099 39100
2434 0 0 24430 28688 34785 37373 37405 37406 37407 37408 37409 37410 37411 37412 37413 37414
2435 0 0 16979 16985 17171 17191 23824 24368 24375 24376 24377 24378 24379 24380
2436 0 0 10366 10996 11221 11222 11223 11224 11225 11226 11227 11228 11229
2437 0 0 3427 3440 5047 7005 12889 12890 12891 39983
2438 0 0 3411 3422 3441 5072 5080 5081 5082 5083 5084 5085 5086 5087 5088
2439 0 0 3415 3424 3428 3434 5087 7001 7002 7003 7004 7005 7006 7007 7008 39984
2440 0 0 3410 3418 3426 3438 5027 5032 5036 5043 5044 5045 5046 5047 5048 5049 39985 39986
2441 0 0 16623 24003 24018 24019 24020 24021 24022 24023 24024 24025
2442 0 0 11696 18950 18976 18996 18999 19007 19025 24012 24040 24050 24062 24063 24064 24065 24066 24067
2443 0 0 33741 33742 33743 33744 33745 33746 33747 33748 33749 33750
2444 0 0 28301 29447 29451 29516 29526 29527 29528 29529 29530 29531 29532 29533 29534 29535 29536
2445 0 0 25612 30256 34478 34485 34494 34497 34503 34504 34505
2446 0 0 30260 32155 32167 34470 34481 34900 34913 36201 36888 37238 37249 37250 37251 37252 37253 37254 37255 37256 37257 37258
2447 0 0 36249 36256 36263 36276 36282 36290 36298 36308 36309 36310 36311 36312 36313 36314 36315 36316
2448 0 0 32349 32382 32405 32416 32424 33857 33881 33892 33896 33897 33898 33899 33900 33901 33902
2449 0 0 28408 31474 32429 33861 33873 33874 33875 33876 33877 33878 33879 33880 33881 33882
2450 0 0 32342 32359 32385 32404 32411 33853 33900 34052 36258 36268 36281 36283 36284 36285 36286 36287 36288 36289 36290
2451 0 0 543 1021 1022 1023 1024 1025 1026 39987
2452 0 0 6436 6444 6453 7648 7664 10591 11311 11328 11336 11337 11338 11339 11340 11341 11342 11343 11344
2453 4 4 448 1445 1959 4396 7076 13095 13102 13115 13156 13164 13184 13190 13191 13192 13193 13194 13195
2454 4 4 19190 19195 19208 19215 20461 20473 20479 20484 20486 20816 36487 36499 36517 36533 36534
2455 4 4 3481 13097 13123 13188 13192 19137 19141 19143 19192 19202 19210 19211 19212 19213 19214 19215 19216 19217
2456 4 4 13144 13150 13154 13163 13169 13176 13189 13195 13199 13342 13346 15070 15082 20456 20475 20476 20477 20478 20479 20480 20481
2457 0 0 4055 4056 4057 4058 4059 4060 4061 4062 4063 4064 4065 4066 4067 4068 4069 4070 4071 4072 4073 4074 4075
2458 0 0 1390 1611 1636 1655 1764 3052 3838 3839 3840 3841 3842 3843 3844 3845 3846 3847 3848 3849 3850 3851
2459 4 4 30539 30547 30557 30564 30570 31364 34971 34972 34973 34974 34975 34976 34977 34978 34979 34980 34981 34982 34983 34984 34985 34986 34987
2460 4 4 31345 31354 31366 32116 34988 35525 35542 35543 35544 35545 35546 35547 35548
2461 4 4 30534 30552 34976 35539 35574 35582 35594 35599 35600 35601 35602 35603 35604
2462 4 4 30513 31346 31357 31492 31518 34985 34988 34989 34990 34991 34992 34993 34994 34995
2463 0 0 23557 23565 34508 34517 34518 34519 34520 34521 34522 34523 34524 34525 34526 34527 34528
2464 0 0 16155 29579 29608 29832 29867 29876 29879 34511 34535 34540 34541 34542 34543 34544 34545 39988
2465 0 0 11715 11725 11731 11736 18952 18980 18983 18984 18985 18986 18987 18988 18989
2466 0 0 24003 24004 24005 24006 24007 24008 24009 24010 24011 24012 24013 24014 24015 24016 24017
2467 0 0 3432 3436 5031 5048 5091 7007 12889 12892 12893 12894 12895 12896 12897 39989
2468 0 0 3408 3417 5020 5040 5049 5077 5082 5094 5101 5102 5103 5104 5105 5106 5107 5108 5109 5110 5111 39990
2469 0 0 3408 3409 3410 3411 3412 3413 3414 3415 3416 39991 39992
2470 0 0 5022 5035 5044 5078 5092 5096 5110 5112 5113 5114 5115
2471 3 3 6523 6530 6542 6549 6553 6569 6585 6594 6600 7330 7429 10730 11402 11413 11415 11416 11417 11418
2472 3 3 6511 6552 7333 11450 11462 11463 11464 11465 11466 11467 11468 11469 11470 11471 11472 11473 11474 11475 11476 11477 11478
2473 3 3 6513 6521 6548 6550 6603 7330 7331 7332 7333 7334 7335 7336 7337 7338 7339 7340 7341 7342 7343 7344
2474 3 3 6556 11405 11412 11416 11473 11511 18637 18641 18649 18655 18656 18657 18658
2475 0 0 32940 32941 32942 32943 32944 32945 32946 32947 32948 32949 32950 32951
2476 0 0 7205 22244 26444 26457 26470 27499 27549 30161 32962 32966 34814 34815 34816 34817 34818 34819 34820 34821
2477 3 3 10038 10039 10040 10041 10042 10043 10044 10045 10046 10047 10048 10049 10050 10051 10052
2478 3 3 1723 2380 2381 2382 2383 2384 2385 2386 2387 2388 2389 2390
2479 3 3 2381 2474 2560 3791 3806 5437 5638 10049 10066 10094 10106 10107 10108 10109 10110 10111 10112 10113
2480 3 3 918 935 1718 2259 2387 2391 2392 2393 2394 2395 2396 2397 2398
2481 0 0 4034 7152 13527 13554 13570 13571 13572 13573 13574 13575 13576
2482 0 0 7147 13581 15023 15035 15610 21267 21283 21310 21321 21328 22346 22356 28894 28898 28902 28903 28904 28905
2483 0 0 6185 6193 6194 6195 6196 6197 6198 39993
2484 0 0 25052 25053 25054 25055 25056 25057 25058 25059 25060 25061 25062 25063 25064
2485 0 0 15564 15575 15948 15959 15967 15974 16030 16031 16032 16033 16034 16035 39994
2486 0 0 15568 15576 15969 15972 16043 30887 30907 30912 30938 30942 30943 30944 30945 30946 30947 30948 39995
2487 0 0 15567 15574 15949 15958 15971 15972 15973 15974 15975 15976 15977 15978 15979 15980
2488 0 0 15565 16035 16042 16043 16044 16045 16046 39996
2489 0 0 19121 19548 19589 20467 27669 27704 27732 28783 28858 33014 36485 36513 36516 36519 36525 36526 36527 36528 36529 36530
2490 0 0 11838 13096 13104 13114 13167 13194 19108 19126 19138 19142 19143 19144 19145 19146 19147
2491 0 0 11840 11848 13108 19042 19072 19075 19103 19107 19117 19130 19139 19147 20466 20470 24049 26871 27677 27725 28756 28767 28774 28779 28780 28781 28782 28783 28784 28785
2492 0 0 3482 13125 19127 19211 19237 20463 20482 36483 36497 36517 36518 36519 36520 36521 36522
2493 0 0 4265 8038 8047 8048 8049 8050 39997
2494 0 0 657 1878 4262 8043 8050 8056 8060 8083 8092 8095 8096 8097 8098 8099 8100 8101 8102
2495 0 0 4215 4260 4261 4262 4263 4264 4265 4266 4267 4268 4269 4270 39998
2496 0 0 8038 8039 8040 8041 8042 8043 8044 8045 8046 39999
2497 0 0 8847 8855 8899 16028 16122 17669 23652 23658 23663 23664 23665 23666 40000
2498 0 0 15954 16001 16022 16149 23308 23476 23667 29824 29836 29859 29868 29873 29874 29875 29876 40001
2499 0 0 23657 23662 23666 23669 29612 29822 29860 29864 29867 29868 29869 40002
2500 0 0 16020 16021 16022 16023 16024 16025 16026 16027 16028 16029 40003
2501 0 0 1048 1366 1375 1376 1377 40004 40005
2502 0 0 1370 10476 10479 10488 10509 10510 10511 10512 40006 40007
2503 0 0 8892 9928 23519 23550 23584 29625 29643 29644 29649 34898 35746 35773 35774 35778 35780 35781 35782 35783 35784 35785 35786
2504 0 0 10927 23531 23534 23540 23541 23542 23543 23544 23545 23546 40008
2505 0 0 5307 6165 9934 9959 10920 10925 10926 10927 10928 10929 40009
2506 0 0 23527 23538 23545 25227 35742 35753 35761 35771 35772 35773
2507 0 0 4378 7975 7983 7984 7985 7986 7987 7988 7989 7990 7991 7992 7993 7994
2508 0 0 1728 1729 1730 1731 1732 1733 1734 1735 1736
2509 0 0 17893 17894 17895 17896 17897 17898 17899 17900 17901 17902 17903 17904 40010
2510 0 0 18827 20572 23564 25494 26395 26399 26417 26419 26420 26421 26422 26423 26424 26425 26426 26427 26428 40011
2511 0 0 10486 10496 10501 10508 10512 10522 10526 10535 10537 10540 10542 10602 24325 24883 24884 24885 24886 24887 24888 24889 24890 24891 40012
2512 0 0 5797 5798 5799 5800 5801 5802 5803 5804 5805 5806 5807
2513 4 4 6768 7751 7945 7951 7952 7953 7954 7955 7956 7957 7958 7959 7960 7961
2514 4 4 7742 7946 13577 15019 15037 15045 21311 21320 22345 22469 28903 28906 28907 28908 28909
2515 4 4 7743 7947 7951 14769 15022 15025 15031 15036 15043 15044 15045 15046 15047
2516 4 4 7950 7959 21221 22344 22464 22471 28908 28910 28919 28920 28921 28922 28923 28924 28925 28926
2517 0 0 1426 3330 6872 12025 12050 18959 18994 19013 19015 19016 19017 19018 19019 19020 19021 40013
2518 0 0 3336 3378 3379 3380 3381 3382 3383 3384 3385 3386 3387 3388 3389 3390 3391 40014
2519 0 0 3332 3387 18966 19016 19029 19031 19355 19462 19492 19495 19504 19509 19510 19511 40015
2520 0 0 3386 18962 18981 19021 19034 19327 19345 19348 19350 19351 19352 19353 19354 19355 19356 19357 19358
2521 0 0 32290 32311 32341 32364 32369 32377 32388 32412 33845 34011 34013 34034 34044 34048 34049 34050 34051 34052 34053
2522 0 0 7722 28437 28438 28439 28440 28441 28442 28443 28444 28445
2523 0 0 28440 28449 28464 32384 32410 33988 33996 34020 34043 34047 34053 36288 36299 36300 36301 36302 36303 36304 36305 36306 36307
2524 0 0 14566 22077 22098 28457 32297 32307 32317 32329 34005 34025 34031 34033 34040 34041
2525 0 0 36218 36225 36232 36882 38215 38235 38249 38252 38253 38259 38260 38261 38262 38263 38264 38265 38266
2526 0 0 38166 38175 38182 38189 38197 38202 38206 38211 38217 38227 38236 38237 38238 38239 38240 38241 38242
2527 3 3 21925 21928 21960 21990 26145 28257 28276 28278 32597 32612 32631 32637 32638 32639 32640 32641 32642 32643
2528 3 3 14685 18703 18736 18750 18770 19617 19622 19623 19624 19625 19626 19627 19628 19629 19630 19631 19632
2529 3 3 19621 19632 19643 19650 26149 28239 28256 32586 32602 32642 36321 36330 36366 36382 36392 36397 36399
2530 3 3 14683 14699 18757 18772 19623 21923 21954 21955 21956 21957 21958 21959 21960 21961 21962 21963 21964
2531 0 0 5538 5553 5578 10123 10124 10125 10126 10127 10128 10129 10130 10131 10132 40016
2532 0 0 1305 2194 2223 2998 3003 3010 3022 3023 3024 3025 3026 3027 3028 3029 3030 3031 3032 40017
2533 0 0 14691 14697 14698 14699 14700 14701 14702 14703 14704 14705 14706
2534 0 0 12845 13828 20116 21957 21978 21987 22001 22203 22213 22221 22222 22223 22224 22225 22226 22227 22228 22229
2535 3 3 10252 24301 24310 24322 32084 32104 32120 32126 32141 32144 35530 35546 35559 35566 35567 35568 35569 35570
2536 3 3 10234 10248 16864 24215 24351 24356 30532 30544 30548 30549 30550 30551 30552 30553 30554 30555 30556 30557
2537 3 3 10179 10232 10239 10246 10248 10249 10250 10251 10252 10253 10254 10255 10256
2538 3 3 30555 32122 35533 35543 35570 35573 35579 35580 35581 35582 35583 35584 35585 35586
2539 3 3 8518 13281 13303 15907 15923 15928 15929 15930 15931 15932 15933 15934 15935 15936 15937 15938 15939
2540 3 3 8559 13284 13309 13793 13820 15712 15905 20767 20780 20783 33638 33652 33661 33667 33669 33670
2541 3 3 8522 8548 8703 13279 13280 13281 13282 13283 13284 13285
2542 3 3 4711 4716 8538 13306 13792 13822 15880 15903 15904 15905 15906 15907 15908 15909 15910 15911 15912 15913
2543 0 0 2003 4844 8999 9152 9160 9161 9162 9163 9164 9165 9166 9167 9168 9169 9170 40018
2544 0 0 4847 9054 9067 10420 23726 23739 23775 23787 23798 29904 29941 29965 29969 29971 29972 29973 29974 29975 29976
2545 0 0 4850 4858 9158 9166 23695 29897 29928 29938 29939 29940 29941 29942
2546 0 0 9005 9163 16226 22810 23741 23764 23789 23790 23791 23792 23793 23794 23795 40019
2547 0 0 16732 16733 16734 16735 16736 16737 16738 16739 16740 16741 16742 16743 16744 16745
2548 0 0 9963 9964 9965 9966 9967 40020
2549 0 0 2213 3030 5536 5543 9963 10129 10134 10625 16733 16750 16752 16753 16754 16755 16756 16757 40021
2550 0 0 2199 10613 10620 10634 10642 10655 11177 16738 16747 16759 16772 16788 16789 16790 16791 16792 40022
2551 0 0 12580 12819 13689 13701 13702 13703 13704 13705 13706 13707 13708
2552 0 0 12576 13652 13679 13682 13683 13684
2553 0 0 5290 7608 7617 9852 9860 9876 9884 9889 9890 9897 9898 9899 9900 9901
2554 0 0 9828 9844 9854 9864 9892 9902 9922 9923 9924 9925
2555 0 0 10783 10806 14005 14267 14270 14271 14272 14273 14274 14275 14276 14277 14278 14279 14280
2556 0 0 10795 10798 13969 14248 14249 14250 14251 14252 14253 14254 14255 14256 14257 14258
2557 0 0 5926 10891 17575 17597 17598 17599 17600 17601 17602 17603 40023
2558 0 0 5949 10894 10901 10908 17566 17571 17577 17578 17579 17580 17581 17582 17583
2559 0 0 3097 3098 3099 3100 3101 3102 3103 3104 3105 3106 3107 3108 3109 40024
2560 0 0 463 468 1340 1341 1342 1343 1344 1345 1346 1347 1348 1349
2561 0 0 6130 11044 11055 16171 25344 25349 25360 25606 30263 30277 31575 31800 31801 31802 31803 31804 31805 31806 31807
2562 0 0 10919 16172 17271 24942 24958 25262 25299 25310 25322 25323 25324 25325 25326 25327 25328
2563 0 0 18925 21828 23034 24715 27029 27046 27904 27934 31445 31453 31461 31465 31466
2564 0 0 21815 21834 27949 27976 27981 31443 31460 32434 33868 33883 33884 33885 33886 33887 33888
2565 0 0 18889 18899 18908 21813 21827 21828 21829 21830 21831 21832 21833 21834 21835 21836 21837 21838
2566 0 0 27901 27906 27914 27944 27978 31270 31437 31438 31439 31440 31441 31442 31443 31444 31445 31446
2567 0 0 16256 16263 16269 16270 16271 16272 16273 16274 16275 16276 16277 16278 16279 16280 16281
2568 0 0 22608 22620 22634 22637 22643 22923 30108 30145 30150 30154 30158
2569 0 0 2868 6220 6227 6228 6229 6230 6231 6232 6233 40025 40026
2570 0 0 6224 18215 32001 32008 35943 35952 35960 35961 35962 35963 40027 40028
2571 0 0 6231 18217 18231 18239 25741 31995 32002 35874 35888 35926 35946 35953 35955 35963 35965 35966
2572 0 0 6217 6223 6224 6225 6226 40029 40030
2573 0 0 35053 35068 35069 35070 35071 35072 35073 35074 35075 35076 35077
2574 0 0 37748 37749 37750 37751 37752 37753 37754 37755 37756 37757 37758 37759 37760 37761
2575 0 0 35734 35764 37978 38006 38013 38016 38020 38032 38033 38034 38035 38036 38037
2576 0 0 35735 35736 35737 35738 35739 35740 35741 35742 35743 35744 35745 35746 35747
2577 3 3 173 1820 2027 2033 2034 2035 2036 2037 2038 2039 2040 2041 2042 2043
2578 3 3 182 222 1817 2024 3871 4049 4133 4153 4180 4190 4442 4673 4690 7857 7864 7869 7870 7871 7872 7873 7874
2579 4 4 24448 29131 29146 35265 35279 35440 37368 37369 37370 37371 37372 37373 37374 37375 37376 37377 37378 37379
2580 4 4 29139 29143 30870 30889 30960 30961 30962 30963 30964 30965 30966 30967 30968 30969
2581 4 4 24442 29145 30795 30869 30965 30981 31197 35257 35271 35417 35424 35430 35439 35440 35441 35442 35443 35444 35445
2582 4 4 24447 29130 29131 29132 29133 29134 29135 29136 29137 29138 29139 29140
2583 0 0 434 441 442 443 444 445 446 40031
2584 0 0 1430 1437 3340 3348 12149 13720 13721 13722 13723 40032 40033
2585 0 0 439 442 1435 1436 40034 40035
2586 0 0 1434 3344 3465 12788 12799 12805 13721 13724 13725 13726 13727 13728 13729 40036
2587 0 0 24144 24152 24158 24165 32212 32241 32259 32260 32276 32277 32278 32279
2588 0 0 14158 14171 14180 14185 16695 16703 16704 16705 16706 16707 16708 16709
2589 0 0 473 482 2675 2676 2677 2678 2679 2680 2681 2682 2683 2684 2685 2686 40037
2590 0 0 1330 2623 2688 2704 2705 2706 2707 2708 2709 2710 40038
2591 0 0 35242 35247 37811 38172 38180 38188 38190 38191 38192 38193 38194 38195 38196 38197
2592 0 0 38864 38865 38866 38867 38868 38869 38870 38871 38872 38873 38874 38875 38876 38877 38878 38879 38880 38881 38882
2593 0 0 3087 3240 3820 6669 6681 6750 6897 7836 11249 12207 21067 21087 25846 25871 25882 25886 25898
2594 0 0 3095 12204 12216 18860 18868 21035 21082 21089 21090 25840 25865 25876 25881 25889 25890 40039
2595 0 0 17 343 883 889 890 891 892 893 894 895 896 897 898 40040 40041
2596 0 0 338 339 340 341 342 40042 40043
2597 0 0 660 8100 8271 8286 15205 15237 15252 15256 15265 15266
2598 0 0 172 656 1821 2035 3870 3947 4052 4146 4155 4228 4689 8046 8051 8087 8088 8089 8090 8091 8092
2599 0 0 24597 25377 25382 25383 25384 25385 25386 25387 25388 25389 25390 25391 25392 25393 25394 25395 25396
2600 0 0 18177 18182 25398 25409 25422 25624 25646 31589 31611 31620 31630 31633 31634 31635
2601 0 0 6970 12268 12577 12623 12785 12815 12816 12817 12818 12819 12820 12821 12822 12823 12824 12825 12826 12827 12828
2602 0 0 11919 12255 12256 12257 12258 12259 12260 12261 12262 12263
2603 0 0 10378 17068 17778 17788 24534 24640 24647 24648 24649 24650 24651 24652 24653 24654 24655 24656 24657
2604 0 0 10380 10992 17059 17076 22798 24658 30028 31058 31066 31072 31073 31074 31075 31076
2605 0 0 17073 17196 24651 31055 31069 31122 31123 31124 31125 31126 31127 31128 31129
2606 0 0 10384 10971 10994 17069 17078 17789 22795 24509 24522 24529 24530 24531 24532 24533
2607 0 0 858 2276 2283 2291 2292 2293 2294 2295 2296 2297
2608 0 0 855 865 2250 2279 2311 2312 2313 2314 2315 40044
2609 0 0 127 138 139 140 141 142 143 144 145 146 40045 40046
2610 0 0 123 147 148 149 150 151 152 153 154 40047
2611 0 0 93 122 123 124 125 126 127 128 129 40048
2612 0 0 145 152 462 466 1345 1350 1351 1352 1353 1354 1355 1356 1357 1358 40049
2613 0 0 24374 24380 24385 30595 30730 35194 35215 35226 35231 35233
2614 0 0 10644 11174 16789 16954 16991 16995 16996 16997 16998 16999 17000 17001 17002 17003 17004 17005
2615 0 0 2198 10656 16728 16742 16767 16773 16790 16955 16972 16976 17004 17010 24369 24381 30593 30606 30611 30612 40050
2616 0 0 16997 17014 17881 17884 30596 30632 30718 30723 30726 30731 31148 35193 35202 35218 35225 35228 35232 35233
2617 0 0 27869 27870 27871 27872 27873 27874 27875 27876 27877 27878 27879 27880 27881 27882 27883 27884
2618 0 0 18692 18713 18882 18890 18891 18892 18893 18894 18895 18896 18897 18898 18899
2619 4 4 1396 3265 3292 4203 5227 5235 5237 6688 6731 9740 9741 9742 9743 9744 9745 9746 9747 9748 9749 9750 9751 9752 9753 9754
2620 4 4 1845 1885 3269 3276 3277 3278 3279 3280 3281 3282 3283 3284
2621 4 4 11932 22129 27633 27655 27684 27695 28529 28532 28562 28796 32871 33493 33512 33518 33525 33529 33530
2622 4 4 22507 27659 27671 27672 27673 27674 27675 27676 27677 27678 27679 27680
2623 4 4 27637 27645 27651 27658 27674 27683 27708 28761 28789 28793 28794 28795 28796 28797 28798 28799
2624 4 4 22123 22514 22527 22551 26362 27661 27673 27688 27691 27692 27693 27694 27695 27696 27697 27698 27699 27700 27701 27702 27703
2625 0 0 34469 34470 34471 34472 34473 34474 34475 34476 34477 34478 34479
2626 0 0 11050 11057 25608 30240 30255 30274 30275 30276 30277 30278 30279 30280 30281 30282
2627 0 0 11056 16162 16174 25610 30241 30254 30255 30256 30257 30258 30259 30260 30261 30262 30263 30264 30265
2628 0 0 25609 29591 29602 29632 29857 30280 31806 34474 34486 34487 34488 34489 34490 34491 34492 34493 34494
2629 4 4 27244 27277 27287 27305 27309 30376 30408 30409 30410 30411 30412
2630 4 4 27221 27240 27257 27271 27280 27289 27290 27291 27292 27293 27294 27295 27296
2631 0 0 27879 27913 27916 27937 27941 27971 27972 27973 27974 27975 27976 27977 27978
2632 0 0 27869 27885 27886 27887 27888 27889 27890 27891 27892 27893
2633 0 0 4743 6037 10932 10947 15941 17614 18016 18026 18042 18046 18056 18057 18058 18059 18060 18061 18062 18063
2634 0 0 717 4746 4868 4869 4870 4871 40051
2635 0 0 4869 10940 10943 18007 18020 18025 18026 18027 18028 18029 18030 18031 18032 18033 40052
2636 0 0 718 4737 4738 4739 4740 4741 4742 4743 4744 4745 4746 4747 40053
2637 0 0 491 492 493 494 495 496 497 498 499 500 501 502 40054
2638 0 0 508 509 510 511 40055 40056
2639 0 0 14439 14573 24139 26006 28350 28351 28352 28353 28354 28355 28356
2640 0 0 7688 14446 14549 14575 18621 21745 24135 26003 26102 26107 32299 32316 32320 32332 32333 32334 32335 32336
2641 0 0 6657 26443 26452 30162 30172 32940 32952 32953 32954 32955 32956 32957 40057
2642 0 0 18812 26370 26382 26456 30886 30916 30928 30930 30931 30932 30933 30934 30935 30936 30937 30938 30939 30940 30941 40058
2643 4 4 26746 33021 33047 33049 33050 33051 33052 33053
2644 4 4 14590 21430 26622 26634 26640 26709 26723 27580 27584 27585 27586 27587 27588 27589 27590 27591 27592 27593 27594 27595
2645 4 4 19153 21417 26916 26940 27586 27602 27611 33005 33026 33069 33070 33071 33072 33073 33074 33075 33076 33077
2646 4 4 14591 22302 26639 26703 26723 26724 26725 26726 26727 26728 26729 26730 26731
2647 3 3 24702 24717 24881 29261 31218 31226 31233 31247 31288 31291 31292 31293 31294 31295 31296 31297 31298 31299
2648 3 3 35515 35519 35524 37893 37911 37916 37922 37924 37925 37926 37927 37928
2649 3 3 24870 24882 31244 31294 31301 31306 35388 35507 37894 37912 37925 37929 37930 37931
2650 3 3 24673 24692 29192 29214 31278 31287 34466 35451 35514 35518 35521 36424 37213 37904 37926 37946 37969 37970 37971
2651 0 0 20493 20494 20495 20496 20497 20498 20499 20500 40059
2652 0 0 12853 12864 12872 27734 27737 27743 40060
2653 0 0 11082 17472 17473 17474 17475 17476 17477 17478 17479 17480 17481 17482 17483 17484 17485 17486
2654 0 0 11084 11096 11107 15985 17029 17717 17732 17746 17757 18161 18162 18163 18164 18165 18166 18167 18168 18169 18170
2655 0 0 11074 17475 18071 18172 18186 24477 24598 24630 24633 24930 25071 25399 25418 25419 25420 25421 25422 25423 25424 25425
2656 0 0 11079 11108 15987 17473 17706 17708 17709 17710 17711 17712 17713 17714 17715 17716 17717 17718
2657 3 3 4594 8132 8133 8134 8135 8136 8137 8138 8139
2658 0 0 4425 4599 8362 8569 8588 8599 8631 8634 8635 8636 8637 8638 8639 40061
2659 3 3 4436 4563 4598 8132 8144 8347 8359 8412 8422 8562 8584 8589 8590 8591 8592 8593 8594 8595 8596 8597 8598 8599 8600
2660 3 3 4424 4551 4592 8135 8141 8307 8364 8634 8653 13360 13371 13384 13495 13504 13505 13506 13507 13508 13509 13510 13511 13512 13513
2661 0 0 4324 4729 4730 4731 4732 4733 4734 4735 4736
2662 0 0 4252 4255 4724 8252 8260 9736 13015 13025 13030 15382 15387 15669 15693 23047 23064 23070 23076 23094 23095 40062
2663 0 0 4728 4736 8209 8250 8690 8694 15119 15124 15667 23055 23075 23095 23110
2664 0 0 4335 4733 12993 13009 13013 13014 13015 13016 13017 13018 13019 13020 40063
2665 0 0 10028 10037 10157 24209 24228 24251 24265 24282 24287 24292 30446 30473 30491 30497 30498 30499
2666 0 0 3028 5531 5549 5570 5573 10123 10140 10197 10211 10213 10218 16820 16827 24271 24273 24337 30442 30453 30458 30475 30480 30481 30482
2667 0 0 5566 10030 10162 10195 10201 10208 10216 10217 10218 10219 10220 10221 10222 10223 10224 10225
2668 0 0 24272 24277 24283 24291 24294 30441 30457 30464 30470 30471 30472 30473 30474 30475 30476 30477 30478 30479
2669 0 0 23606 23617 27747 28707 30351 30372 30781 34957 37036 37058 37075 37691 37729 37733 37736 37737 37738
2670 0 0 23613 23620 28701 28715 28724 28725 28726 28727 28728
2671 0 0 30487 30492 30530 30685 30709 32152 34966 35003 36135 38082 38130 38144 38151 38153
2672 0 0 30514 30538 34965 34971 35004 35020 35069 35128 35135 37750 37764 37772 37775 37776 37777 37778 37779 37780
2673 0 0 10615 10618 11190 16732 16746 16747 16748 16749 16750 16751
2674 0 0 11180 11189 11194 16783 16794 16801 16805 16993 17008 18363 18364 18365 18366 18367 18368 18369 18370 18371 18372 18373 18374
2675 0 0 2990 3018 6262 6283 6291 6309 6312 11184 11191 16745 16748 16786 16793 16799 16800 16803 16804 16805
2676 0 0 11175 16741 16770 16775 16791 16797 16802 16992 17000 17006 17007 17008 17009 17010 17011 17012
2677 0 0 35849 35862 35915 35933 36098 36108 36116 36124 36126 36127 40064
2678 0 0 31945 31961 32018 32044 36042 36055 36067 36069 36080 36085 36094 36107 36112 36113 36114
2679 0 0 32024 32030 32037 32049 32054 32059 32060 32063 32068 35880 36060 36089 36096 36106 36112 36118 36119 36120 36121 36122 36123
2680 0 0 18198 25698 32011 35852 35911 35930 35949 35972 35994 36004 36016 36032 36040 36046 36066 36077 36083 36086 36097 36104 36114 36117 36124 36125 40065
2681 0 0 0 1 2 3 4 5 40066 40067
2682 0 0 31 45 59 111 155 169 170 171 40068
2683 0 0 7588 7610 7619 7626 9858 9878 9885 9886 9887 9888 9889 40069
2684 0 0 3693 3706 5303 7590 7595 7596 7597 7598 7599 7600 7601 7602 7603 7604 7605 40070
2685 0 0 8993 9616 9635 9638 9652 9653 9654 9655 9656 40071
2686 0 0 5098 5121 5190 9459 9610 9617 9625 9626 9627 9628 9629 9630 9631 9632 9633 9634 40072
2687 0 0 5194 5200 9609 9617 9618 9619 9620 9621 9622 9623 9624
2688 0 0 9460 9612 9629 9641 9654 13776 13777 13778 40073
2689 0 0 38342 38343 38344 38345 38346 38347 38348 38349 38350 38351 38352 38353 38354 38355
2690 0 0 35057 36248 36312 37759 37763 37794 37795 37796 37797 37798 37799
2691 0 0 15415 22533 27624 27656 27685 28788 28799 28828 28865 33490 33515 33518 33519 33520 33521 33522 33523 33524
2692 0 0 14877 22950 26353 28144 28153 32860 33488 33503 33506 33507 33508 33509 33510 33511 33512 33513
2693 3 3 21027 21028 21029 21030 21031 21032 21033 21034 21035 21036 21037 21038 21039 21040 21041
2694 3 3 3819 6680 6754 7831 7835 7836 7837 7838 7839 7840 7841
2695 3 3 6670 6676 11596 11603 18857 21036 21066 21071 21084 21086 21087 21088 21089
2696 3 3 7810 7838 11243 11252 14752 14784 17231 21029 21046 21056 21057 21058 21059 21060 21061 21062 21063 21064 21065
2697 0 0 541 1021 1594 2606 2611 6420 6432 6445 6448 6449 6450 6451 6452 6453 6454 40074
2698 0 0 1334 3180 3190 3204 6416 6422 6425 6426 6427 6428 6429 6430 40075
2699 0 0 1333 2615 2621 3203 6411 6412 6413 6414 6415 6416 6417 6418 40076
2700 0 0 1024 1552 1596 6421 6425 6443 6452 6489 7663 7669 11310 11324 11329 11333 11334 11335 11336 40077
2701 0 0 190 560 570 587 597 598 599 600 601 602 603 604 605 606 40078
2702 0 0 196 197 198 199 200 201 202 40079 40080
2703 0 0 200 576 591 607 610 611 612 613 614 40081 40082 40083
2704 0 0 192 598 1678 1693 4193 4195 4214 4221 4222 4223 40084
2705 0 0 1211 1213 2851 5982 6004 6005 40085 40086
2706 0 0 1204 1215 1217 1226 1233 2835 6002 6006 40087
2707 0 0 20459 20469 20474 20481 20485 20492 20809 20813 20814 20815 20816 20817 20818 20819
2708 0 0 14643 22124 26364 27663 27690 27692 27711 27720 27724 27779 27789 27796 27797 27798 27799 27800 27801
2709 0 0 8301 11837 11846 20454 20468 20471 20806 20813 20820 22510 22524 27666 27678 27707 27716 27725 27726 27727 27728 27729 27730 27731 27732
2710 0 0 13333 13345 13359 16488 16495 19200 20480 20491 20810 20818 27777 27785 27791 27792 27793 27794 27795
2711 0 0 5323 5331 5577 10124 16807 16812 16818 16819 16820 16821 16822 40088
2712 0 0 2288 5319 5329 5370 5378 5391 5426 9993 10074 10160 16806 24241 24253 24267 24274 24279 24288 24292 24293 24294
2713 0 0 2240 2255 2282 2313 5315 5316 5317 5318 5319 5320 5321 5322 5323 5324 5325 40089
2714 0 0 16811 16817 16822 16830 16843 16847 16848 17195 24269 24284 24293 30448 30456 30465 30474 30480 30502
2715 0 0 246 765 786 789 797 822 4758 4759 4760 4761 40090 40091
2716 0 0 77 84 88 238 761 770 777 778 779 780 781 782 40092 40093 40094
2717 0 0 760 773 781 791 798 4759 4767 4771 40095
2718 0 0 76 240 245 766 778 787 790 828 2082 4758 4934 4956 4957 4958 40096 40097
2719 4 4 7961 15168 15270 21151 21228 21234 22395 22449 22463 28952 28960 28969 28987
2720 4 4 8003 13602 15276 15303 21230 28954 28968 28979 28988 28990
2721 0 0 11651 11917 12259 12684 12723 12730 19678 19691 19724 19733 19734 19735 19736 19737 19738 19739 19740 19741 19742 19743
2722 0 0 11922 12257 12693 12706 12834 12838 19784 19996 20006 20014 20027 20030 20031
2723 4 4 25755 25771 25777 25786 25789 25796 26127 32072 32087 32088 32089 32090 32091 32092 32093 32094 32095
2724 4 4 26134 31340 32069 32101 32105 32113 32142 35560 36148 36155 36167 36168 36169 36170 36171 36172 36173
2725 0 0 15829 15843 21010 21174 21183 23099 23121 27818 27839 33404 33405 33406 33407 33408 33409 33410 33411
2726 0 0 13503 13513 20901 20993 21013 21015 21016 21017 21018 21019 21020 21021 21022 21023 21024 21025 21026
2727 0 0 19164 19172 19182 21385 21415 21425 21443 21458 21462 21463 21464 21465 21466 21467 21468 21469
2728 0 0 28067 28068 28069 28070 28071 28072 28073 28074 28075 28076 28077 28078 28079 28080 28081 28082
2729 3 3 7186 18447 21492 22323 28138 28151 28156 28830 28844 28864 33489 33502 33509 33514 33515 33516 33517
2730 3 3 6770 7801 11240 13596 21059 21477 21479 21480 21481 21482 21483 21484
2731 3 3 7178 11241 18451 21050 21064 21480 21485 21486 21487 21488 21489 21490 21491 21492 21493 21494 21495
2732 3 3 13607 15420 21476 21483 22317 22530 22547 28862 28982 33494 33505 33516 33520 33527 33531 33532
2733 0 0 1995 2057 2058 2059 2060 2061 2062 2063 2064 2065 40098
2734 0 0 9023 9026 9031 16193 16197 16198 16199 16200 16201 16202 16203 16204 40099
2735 0 0 2058 4855 9019 9024 9025 9026 40100
2736 0 0 2064 2346 4853 9020 9029 9154 10397 10451 16194 16199 16286 23690 23691 23692 23693 23694 23695 23696 23697 23698 23699 23700
2737 0 0 30807 37306 37822 37838 38697 38720 38723 38728 38729 38730 38731 38732
2738 0 0 28337 37309 37836 38703 38712 38734 38744 38750 38767 38812 38819 38875 38912 38919 38938 38942
2739 0 0 4336 7031 12992 13003 13004 13005 13006 13007 13008 13009 13010 13011 13012 40101
2740 3 3 8558 13812 13819 15697 15709 15714 20766 20779 20782 20783 20784 20785 20786
2741 3 3 4332 4347 7033 13011 15698 20771 20786 20788 20791 20792 20793 20794 20795
2742 3 3 9694 12991 13006 13033 13037 13041 13781 13803 13806 13807 13808 13809 13810 13811 13812 13813
2743 0 0 6958 10759 10788 14120 14136 18744 26558 36329 36337 36338 36339 36340 36341 36342 36343
2744 0 0 10757 10774 11295 13625 14113 18482 18741 26494 26528 26545 26548 26549 26550 26551 26552 26553 26554
2745 0 0 7673 7703 11382 14486 14496 14546 14547 14548 14549 14550 14551 14552 14553 14554 14555 14556
2746 0 0 22034 22035 22036 22037 22038 22039 22040 22041 22042 22043 22044 22045
2747 0 0 7674 14547 18581 18594 22058 22078 26088 26099 26102 26103 26104 26105 26106
2748 0 0 7704 9824 9908 14484 14491 14498 14529 14533 14537 14551 22036 22049 22051 22052 22053 22054 22055 22056 22057
2749 0 0 2443 2448 2459 2465 2476 2494 2504 2505 2506 2507 2508 2509 2510 40102
2750 0 0 972 2418 2431 2434 2442 2456 2458 2480 2487 2488 2489 2490 2491 2492 40103 40104
2751 0 0 978 2423 2429 2432 2442 2443 2444 2445 2446 40105 40106
2752 0 0 2447 2448 2449 2450 2451 2452 2453 2454 2455 2456
2753 0 0 1083 1125 1158 1185 1190 3713 3736 6172 6179 6180 6181 6182 6183
2754 0 0 1086 1160 3707 3719 3732 7597 7612 7620 7621 7622 7623 40107
2755 0 0 534 1085 1118 1127 1157 1160 1161 1162 1163 1164 1165 1166 1167 1168 1169 40108
2756 0 0 1091 1564 3702 3703 3704 3705 3706 3707 3708 3709 3710 3711 3712 3713 3714 3715 3716 3717 3718 40109
2757 0 0 13878 13885 13900 13902 13923 13930 13932 14017 18564 21657 21663 21687 21711 21720 21750 21757
2758 0 0 13852 13919 13929 13989 14007 14259 18506 18517 18532 18536 18542 18566 18571 21660 21693 21705 21719 21749 21752 21753 21754 21755 21756
2759 4 4 24220 24231 24260 24261 30488 30496 30514 30515 30516 30517 30518 30519 30520 30521 30522 30523 30524 30525
2760 4 4 10439 11564 24234 26201 35108 35138 35148 35169 35177 35178 35179 35180
2761 4 4 5340 9968 9982 9991 10079 10122 10430 11562 24218 24231 24232 24233 24234 24235 24236 24237 24238 24239 24240 24241 24242
2762 4 4 30524 34964 35073 35096 35112 35132 35133 35134 35135 35136 35137 35138 35139 35140
2763 0 0 6396 7809 7830 7840 11244 11577 11606 11617 14718 14745 14757 14771 14775 14781 14782 14783 14784 14785
2764 0 0 3244 3253 3815 6378 6666 6676 6677 6678 6679 6680 6681 6682
2765 0 0 2174 3297 5242 5244 5245 5246 5247 5248 5249 5250 5251
2766 0 0 9754 9761 9764 9770 11712 11726 11732 18988 19070 19099 24004 24021 24026 24027 24028 24029 24030
2767 0 0 7153 13524 13556 13573 15603 17240 17249 21240 21251 21252 21253 21254 21255 21256 21257 21258 21259 21260
2768 0 0 7154 13548 15608 21331 22349 22355 22367 28177 28883 28891 28895 28898 28899 28900 28901
2769 0 0 13542 13543 13544 13545 13546 13547 13548 13549 13550 13551 13552 13553 13554 13555 13556 13557 13558
2770 0 0 7151 15611 21285 21312 21319 21327 21337 21379 28877 28892 28894 28895 28896 28897
2771 0 0 30167 30173 32949 32955 32971 32981 34819 34824 36690 37555 37574 37588 37594 37602 37603
2772 0 0 32950 32968 34846 37115 37545 37550 37579 37581 37582 37583 37584 37585 37586 37587
2773 3 3 6142 6153 6158 6496 7641 9777 9790 9792 9793 9794 9795 9796 9797 9798 9799
2774 3 3 8931 8939 9810 10913 11054 16160 16167 16168 16169 16170 16171 16172 16173 16174 16175
2775 3 3 3744 6126 7635 7642 8920 8941 9775 9795 9807 9808 9809 9810 9811 9812 9813 9814 9815 9816 9817 9818
2776 3 3 6140 6145 9797 9804 10916 11046 11052 11053 11054 11055 11056 11057 11058 11059 11060
2777 0 0 27749 34951 34952 34953 34954 34955 34956 34957 34958 34959 40110
2778 0 0 23612 23990 23998 24108 24115 27744 28712 34116 37011 37030 37051 37052 37053 37054 37055 37056 40111
2779 0 0 1509 1519 3164 3175 3619 3650 3668 3674 3679 3681 3682 3683 3684 3685
2780 0 0 1536 1542 1546 1550 3167 3644 3654 3655 3656 3657 3658 40112
2781 0 0 1485 1539 1544 1548 3166 3169 3649 3655 3670 3677 3678 3679 3680 40113
2782 0 0 1502 1529 3648 3661 3669 3671 3672 3673 3674 3675 3676 40114
2783 0 0 17896 20553 20559 20560 20561 20562 20563 20564 20565 20566 20567 40115
2784 0 0 20592 25512 27753 29726 29790 31530 31534 31539 31540 31541 31542 31543 31544 31545 31546 40116 40117
2785 0 0 3215 6981 13644 21523 21598 21606 21966 21976 21982 28253 28262 28265 28266 28267 28268 28269 28270 28271
2786 0 0 6978 13627 13628 13629 13630 13631 13632 13633 13634 13635 40118
2787 0 0 1562 9838 9846 9865 9893 9914 9925 14182 14188 14193 14194 14195 14196 14197 14198 14199 14200 14201 14202
2788 0 0 1092 1155 1161 1565 3708 5291 7592 7598 7611 7612 7613 7614 7615 7616 7617 7618 7619 40119
2789 0 0 1089 1131 1156 1163 1568 5289 5290 5291 5292 5293 5294 5295 5296 5297 5298 5299 5300 5301
2790 0 0 1566 3703 7589 7595 7614 7624 9866 9886 9915 11026 11038 14195 16635 24088 24092 24093 24094 24095 24096 24097 24098
2791 0 0 7545 10690 14032 17313 18627 21649 21710 21723 21735 24985 24994 25002 25003 25004 25005
2792 0 0 7549 14443 18628 21653 21702 21717 21725 21726 21727 21728 21729 21730 21731 21732
2793 0 0 1035 1044 1053 2872 2873 2874 2875 2876 2877 2878 2879 2880 2881
2794 0 0 2580 2889 5621 5718 5726 5755 5781 5821 10544 10568 10692 17291 17314 18611 18616 18617 18618 18619 18620
2795 4 4 18441 18929 18947 19663 27041 27053 27057 27063 27084 27087 27088 27089 27090 27091
2796 4 4 18433 18437 18455 19655 19662 21043 21065 21485 22949 25974 27098 27107 28137 28150 28157 28165 28168 28169 28170 28171 28172
2797 4 4 11238 18413 18426 18436 18437 18438 18439 18440 18441 18442 18443 18444 18445 18446
2798 4 4 14874 15587 18941 19652 19664 22947 22967 22993 26358 27042 27056 27086 27091 27099 27957 28147 28159 28169 28181 28183 28184
2799 0 0 29676 29740 29746 29753 29754 29755 29756 29757 29758 29759 29760 40120
2800 0 0 29741 29748 29761 29762 29763 29764 29765 29766 40121
2801 0 0 2110 4629 4639 4667 4713 4719 8516 8527 8537 8538 8539 8540 8541 8542 8543 8544
2802 0 0 4621 4642 4718 15803 15812 15883 15889 23124 23137 23151 23178 23184 23185 23186 23187 23188
2803 0 0 2300 2316 2317 2318 2319 2320 2321 2322 40122
2804 0 0 5408 5412 5418 5423 5428 9987 10038 10053 10054 10055 10056 10057 10058 40123
2805 0 0 720 16053 16054 16055 16056 16057 16058 16059 16060 16061 16062 16063 40124
2806 0 0 18005 18006 18007 18008 18009 18010 18011 18012 18013 18014 18015 18016 18017 18018 40125
2807 0 0 9189 16060 16064 16296 17983 17999 18001 18002 18003 18004 40126
2808 0 0 721 4741 4868 16057 18014 18033 18037 18041 18042 18043 18044 18045 40127
2809 0 0 32288 32289 32290 32291 32292 32293 32294 32295 32296 32297 32298 32299 32300
2810 0 0 7683 14548 22056 22059 24155 26100 26104 26107 26108 26109 26110 26111 26112
2811 0 0 26993 28000 28013 28026 28027 28028 28029 28030 28031 28032 28033 28034 28035 28036 28037
2812 0 0 12879 20119 20322 20346 20353 20362 20370 20422 26225 26964 26986 26998 27018 27026 28002 28016 28018 28046 28047 28048 28049 28050
2813 0 0 21448 27015 27995 28010 28029 28045 28063 28078 28104 28109 28123 28124 28126 28127 28128 28129
2814 0 0 6994 9579 20126 20411 20417 20418 20419 20420 20421 20422 20423 20424 20425 20426 40128
2815 4 4 4841 9040 9053 9054 9055 9056 9057 9058 9059 9060 9061 9062 9063 9064 9065
2816 4 4 675 9039 9051 9069 9073 9085 9103 9121 9122 9123 9124 9125
2817 4 4 678 2011 2020 2070 4840 8662 9041 9045 9057 9066 9067 9068 9069 9070 9071 9072
2818 4 4 9038 9065 9080 9104 9113 9122 9133 10412 10424 21292 21314 21315 21352 21354 21355 21356 21357 21358 21359 21360 21361 21362 21363
2819 0 0 6188 6196 6206 9196 11061 17985 18006 18019 18020 18021 18022 18023 18024 40129
2820 0 0 6184 6195 6199 25052 25065 25066 25067 25068 25069 40130
2821 0 0 6186 6199 6200 6201 6202 6203 6204 6205 6206 40131
2822 0 0 6192 6193 9200 18005 18021 18028 18047 25061 25075 25082 25089 25092 25093 25094 25095 25096 25097 25098 40132
2823 3 3 13907 13916 17332 17334 17344 17345 17346 17347 17348 17349 17350 17351
2824 0 0 2659 3593 3604 5768 5775 5783 5784 5785 5786 5787 5788 5789 5790 5791 5792 5793 5794 5795 5796 40133
2825 4 4 22605 22629 23706 24718 24734 24753 24767 24777 24793 24794 29100 30055 30083 30084 30085 30086 30087 30088
2826 4 4 17086 17125 22909 23485 23491 24750 24770 24776 24784 24800 24810 24814 24823 24831 24832 24833 24834
2827 0 0 5038 5153 5161 5168 5176 5177 5178 5179 40134 40135
2828 0 0 5156 5165 5196 8986 8987 8988 8989 8990 8991 8992 8993 40136 40137
2829 0 0 5041 5106 5154 5161 5162 5163 5164 5165 5166 5167 40138
2830 0 0 5155 5176 5198 8986 8998 40139 40140
2831 0 0 14231 32182 32188 32196 36840 36860 36864 36876 36877 36878 36879 36880
2832 0 0 21904 24163 33842 36845 36847 36848 36849 36850 36851 36852 36853 36854 36855 36856
2833 0 0 13739 13740 13741 13742 13743 13744 13745 13746 13747 40141
2834 0 0 4803 4814 7226 7227 7228 7229 7230 7231 7232 7233 7234 7235 40142 40143
2835 0 0 4785 4804 4807 4826 7227 7245 7257 7266 8735 13740 13748 13754 13755 13756 13757 13758 13759
2836 0 0 7228 8995 13744 13767 13768 13769 13770 40144
2837 0 0 25914 25915 25916 25917 25918 25919 25920 25921 25922 25923 25924 25925 25926
2838 0 0 21030 21045 21081 25842 25891 25892 25893 25894 25895 25896 25897
2839 3 3 9110 15177 21102 21124 21134 21207 21212 21213 21214 21215 21216 21217 21218 21219 21220 21221 21222
2840 3 3 3076 3078 7918 8401 8409 8427 9092 9130 9134 9140 9141 9142 9143 9144 9145 9146 9147
2841 3 3 7948 9143 15020 15046 15173 21219 21322 22433 22450 22457 22460 22466 22468 22469 22470 22471
2842 3 3 8424 8606 9091 9112 9147 9150 15175 21099 21122 21123 21124 21125 21126
2843 0 0 28341 30744 30833 34932 34944 37311 37835 38226 38747 38869 38886 38900 38912 38913 38914 38915 38916
2844 0 0 34937 38187 38194 38230 38865 38885 38889 38890 38891 38892
2845 0 0 13356 15718 16474 16497 16509 20808 22522 22552 27696 27718 27723 27728 27782 27786 27793 27800 27812 27813
2846 0 0 14592 14618 14634 14645 19184 19197 26365 26642 26716 27713 27780 27795 27797 27802 27803 27804 27805 27806 27807 27808
2847 0 0 27667 27710 27715 27731 27781 27788 27798 27806 27809 27810 27811 27812
2848 0 0 13321 13358 14606 14624 14636 16467 16483 16496 22556 23881 23893 26281 26302 26360 27700 27783 27792 27801 27808 27813 27814
2849 0 0 24185 24195 26191 27035 27150 30574 31456 32446 32484 35065 35094 35117 35119 35120 35121 35122 35123
2850 0 0 26183 26188 26197 26200 26206 35106 35144 35150 35162 35175
2851 0 0 1531 3647 3657 3663 3671 40145
2852 0 0 1239 1240 1241 1242 1243 40146 40147
2853 0 0 1239 1532 1541 1543 1544 1545 1546 40148 40149 40150
2854 0 0 502 507 511 523 528 1243 1535 3162 3645 3656 3659 3660 3661 3662 3663 40151 40152
2855 0 0 10617 10626 10636 11176 11187 11193 16744 16746 16792 16796 16800 16801 16802
2856 0 0 5713 10631 10637 11172 11181 16989 16990 16991 16992 16993 16994
2857 0 0 3377 3442 3443 3444 3445 3446 3447 3448 3449 3450 3451 3452 3453 3454
2858 0 0 1449 1450 1451 1452 1453 40153
2859 0 0 1450 1455 3374 3445 6846 6857 6946 9533 9534 11994 12001 12002 12003 12004 12005 12006 40154
2860 0 0 1449 3373 3451 9496 9510 9513 9514 9515 9516 9517 9518 9519 9520 40155 40156
2861 0 0 7563 7564 7565 7566 7567 7568 40157
2862 0 0 7569 10266 10285 10286 10287 10288 10289 10290 10291 10292 10293 10294 10295 40158
2863 3 3 30328 37668 37681 39030 39109 39129 39136 39139 39140 39141 39142
2864 3 3 34954 37662 37677 37696 37720 37728 37746 38835 38836 38837 38838 38839 38840 38841
2865 0 0 19379 19488 19556 19567 26581 26593 26867 26879 26884 26902 28823 28848 28849 28850 28851 28852 28853 28854 28855 28856
2866 0 0 34143 34144 34145 34146 34147 34148 34149 34150 34151 34152 34153 34154 34155 34156
2867 0 0 7104 9589 9605 12940 12963 13207 13213 13221 13227 13239 13240
2868 0 0 9606 13216 13235 20100 20612 20621 20626 20627 20628 20629 20630 20631 20632 40159
2869 0 0 1842 1863 1868 1884 3281 3287 4413 7056 7989 8184 11844 15216 15278 15288 15295 15307 15310 15311
2870 0 0 1841 1849 1880 1933 3276 3289 4399 4406 4407 4408 4409 4410
2871 0 0 3335 3378 12049 18965 19020 19031 19032 19033 19034 19035 19036 19037 19038 40160
2872 0 0 19293 19294 19295 19296 19297 19298 19299 19300 40161
2873 0 0 3334 3388 12047 19295 19303 19308 19309 19310 19311 19312 40162
2874 0 0 19324 19325 19326 19327 19328 19329 19330 19331 19332 19333 19334 19335 19336 19337
2875 0 0 3742 3756 7647 7730 8922 9813 14512 18356 21906 22101 24948 24952 24953 24954 24955
2876 0 0 3764 7710 7711 7712 7713 7714 7715 7716 7717 7718 7719 7720 7721 7722 7723 7724 7725 7726
2877 0 0 11657 16914 18475 18492 25902 25910 25941 25970 26511 26532 27079 27106 27116 27134 27140 27149 27153
2878 0 0 18479 18485 18494 25908 26492 26515 26535 26538 26539 26540
2879 0 0 21913 21914 21915 21916 21917 21918 21919
2880 0 0 13833 14236 14705 21989 22205 22224 25522 25534 25551 25559 25562 25563 25564 25565 25566 25567 25568 25569
2881 4 4 25514 25528 25544 26024 26033 27171 27174 27185 27186 27187 27188 27189 27190 27191 27192
2882 4 4 26030 27194 30421 30436 32202 32220 32235 32243 32244 32245 32246 32247
2883 0 0 12061 12074 12081 12082 12083 12084 12085 12086 12087 12088 12089 12090
2884 0 0 12290 12430 12441 12444 12445 12446 12447 12448 12449 12450 40163
2885 4 4 916 1716 1717 1718 1719 1720 1721 1722 1723 1724 1725 1726 1727
2886 4 4 4035 13571 13585 17216 17223 17234 17237 17238 17239 17240 17241 17242
2887 4 4 1727 4042 5636 7735 10577 10578 10579 10580 10581 10582 10583 10584 10585 10586 10587
2888 4 4 1719 4030 7145 13525 13575 15034 17242 21248 21253 21261 21262 21263 21264 21265 21266 21267 21268
2889 0 0 11456 11508 26164 26172 32538 32545 32556 32558 33675 33690 33692 33693 33694 33695 33696 33697 33698 33699 33700 33701 33702
2890 0 0 33731 33735 33740 36735 36747 36750 36754 36755 36756 36757 36758
2891 0 0 11507 11516 21624 28283 33671 33679 33680 33681 33682
2892 0 0 21934 28258 28275 32606 32626 32630 32637 33689 33694 33710 33724 36318 36381 36394 36399 36737 36745 36755 36761 36762 36763
2893 0 0 304 332 1265 2781 2922 2932 2933 2934 2935 2936 2937 2938 2939 2940 2941 40164
2894 3 3 5715 10350 10359 10633 10637 10638 10639 10640 10641 10642 10643 10644 10645 10646 10647 10648 10649 10650
2895 0 0 335 1270 2939 5689 5695 5709 10621 10627 10628 10629 10630 10631 10632 10633 10634 10635 10636 40165
2896 3 3 313 331 2639 2744 2788 2932 2970 5648 5657 5693 5698 5699 5700 5701 5702 5703 5704 5705 5706
2897 0 0 426 4072 4111 4121 4127 6339 6345 6354 6361 6362 6363
2898 0 0 117 419 1384 6329 6336 6347 6353 6356 6357 6358 6359 6360
2899 0 0 24508 24509 24510 24511 24512 24513 24514 24515 24516 24517 24518 24519
2900 0 0 24536 24544 24550 24600 24645 24647 24668 25390 25402 25415 25664 31424 33994 35820 36902 36914 36915 36916 36917 36918
2901 0 0 17766 17777 17786 24494 24506 24515 24520 24537 24552 24637 24638 24639 24640 24641 24642 24643 24644 24645 24646
2902 0 0 24482 24548 24551 24560 24594 24599 24625 25384 25397 25398 25399 25400 25401 25402 25403 25404 25405 25406
2903 0 0 18221 18236 18249 18252 18256 25703 25704 25705 25706 25707 25708 25709 25710 40166
2904 0 0 6230 18216 18223 18230 18238 18239 18240 18241 18242 18243 40167 40168
2905 0 0 1313 2973 2974 2975 2976 2977 2978
2906 0 0 365 375 386 393 1291 1300 1319 2980 3001 3005 3006 3007 3008 3009 3010 3011
2907 0 0 37071 37090 37102 38854 38861 39074 39083 39101 39103 39111 39137 39145 39147 39148 39149 39150
2908 0 0 28675 28694 30749 30815 30837 33790 34069 34089 38871 38897 38923 38924 38925 38926 38927 38928 38929 38930 38931
2909 0 0 28672 34067 34076 34087 34095 37100 38926 39073 39113 39132 39143 39150 39154 39155 39156 39157 39158
2910 0 0 28682 28693 30342 30755 30767 30783 37034 37066 38856 38901 38931 39057 39079 39084 39097 39099 39103 39104 39105 39106
2911 0 0 34074 34084 36638 38927 39053 39076 39090 39094 39095 39096 39097
2912 0 0 36648 36659 36664 36671 36676 36686 36695 36698 38576 38620 38627 38633 38634 38635 38636 38637
2913 0 0 29529 30850 34064 34075 34083 34105 36637 36638 36639 36640 36641 36642 36643 36644 36645 36646 36647 36648
2914 0 0 38613 38639 38656 39048 39060 39065 39069 39070 39071
2915 3 3 29478 29483 29508 31200 32723 32801 36405 36421 36431 36441 36442 36443 36444
2916 3 3 35416 35422 35429 35438 35445 35801 35844 36411 36436 36445 36455 36465 36466 36467 36468
2917 3 3 36400 36401 36402 36403 36404 36405 36406 36407 36408 36409 36410 36411 36412 36413 36414 36415
2918 3 3 24439 29147 29465 30790 31193 35258 35423 35424 35425 35426 35427 35428 35429
2919 0 0 433 434 435 436 437 438 439 440 40169 40170
2920 0 0 3341 3346 6899 6900 6901 6902 6903 6904 6905 40171
2921 0 0 436 441 1438 3339 3346 3347 3348 3349 40172
2922 0 0 1433 3343 3464 12055 12796 12798 12799 12800 12801 12802 12803 12804
2923 3 3 1975 3060 3085 8399 8418 8429 8566 8597 8605 8618 8622 8623 8624 8625 8626 8627 8628
2924 3 3 8351 8411 8430 8591 15174 21123 21133 21213 21224 22428 22441 22443 22448 22453 22455 22456 22457
2925 3 3 3084 8417 8624 14840 14865 14869 15011 15040 22430 22445 22452 22455 22459 22462
2926 3 3 8408 8415 8421 8422 8423 8424 8425 8426 8427 8428 8429 8430 8431 8432
2927 0 0 12821 13637 13673 13678 13685 13686 13687 13688 13689 13690 40173
2928 0 0 3206 12574 13647 13680 13683 21498 21509 21516 21517 21518 21519 21520 21521
2929 0 0 12985 20284 20285 20286 20287 40174
2930 0 0 12488 12981 19151 28004 28022 28036 28043 28054 28055 28056 28057 40175
2931 4 4 5765 5792 5811 5819 5832 5836 10533 10696 10707 13914 17209 17348 21708 24969 24975 24976 24977 24978 24979 24980 24981
2932 4 4 2873 5623 5816 10519 10532 10538 10602 10603 10604 10605 10606 10607 10608 10609 10610
2933 0 0 30894 30936 30953 30975 34775 37384 37394 37430 37442 37443 37444 37445 37446 37447 37448
2934 0 0 29134 30955 37370 37403 37426 37462 37567 37622 37624 37629 37634 38669 38677 38683 38690 38691 38692
2935 0 0 27195 30423 30740 32246 32282 33815 34917 37657 38412 38421 38461 38472 38476 38483
2936 0 0 28386 30431 32201 32221 32226 32230 32231 32232 32233 32234 32235 32236 32237 32238 32239 32240 32241 32242
2937 0 0 38996 39006 39015 39022 39031 39038 39041 39045 39175 39194 39205 39207 39213 39214 39215
2938 0 0 34059 34104 36629 36642 36665 36675 38572 38576 38577 38578 38579 38580 38581 38582 38583 38584 38585 38586 38587
2939 0 0 30224 30230 30234 38573 38586 38603 38843 39198 39202 39218 39221 39222 39223
2940 0 0 28593 34108 36673 38578 38588 38600 38994 39003 39007 39008 39009 39010 39011 39012 39013 39014 39015
2941 3 3 13565 15585 15586 15587 15588 15589 15590 15591 15592 15593
2942 3 3 13544 13568 14751 17230 21054 21061 22350 22353 22363 28146 28161 28171 28173 28174 28175 28176 28177 28178 28179
2943 4 4 13532 21246 21259 21289 21313 21332 21333 21334 21335 21336 21337
2944 4 4 10435 21244 21265 21277 21282 21340 21347 24177 24866 31243 31274 31300 32486 35165 35383 35384 35385 35386 35387 35388 35389 35390 35391 35392
2945 4 4 15599 21239 21240 21241 21242 21243 21244 21245 21246 21247 21248 21249 21250
2946 4 4 10408 21273 21291 21306 21342 21346 21347 21348 21349 21350 21351 21352 21353
2947 0 0 28681 30344 30758 30784 34933 37705 37721 38853 38859 38902 39104 39112 39135 39141 39148 39151 39152 39153
2948 0 0 28671 34090 34946 38904 38924 38939 39117 39157 39159 39167 39168 39169 39170
2949 3 3 265 861 874 2254 2271 2278 5364 5377 5383 5443 5455 5463 5474 5480 5484 5508 5512 5513 5514 5515
2950 3 3 2274 2471 2509 5346 5375 5381 5429 5430 5431 5432 5433 5434 5435 5436 5437 5438 5439 5440 5441
2951 3 3 2463 5343 5384 5440 5447 5467 5478 5483 5484 5485 5486 5487 5488
2952 3 3 2267 2268 2269 2270 2271 2272 2273 2274 2275 2276 2277
2953 0 0 867 871 2238 2247 2249 2250 2251 2252 2253 2254 2255 2256 2257 40176
2954 0 0 1279 2193 2236 2244 5541 5576 5582 5586 5587 5588 5589 40177
2955 0 0 1272 2235 2242 2249 5320 5539 5540 5541 40178
2956 0 0 2256 5321 5361 5451 5460 5511 5519 5522 5561 5562 5563 5564 5565 5566 5567 5568 5569 5570 5571
2957 0 0 7212 26446 26454 28744 30160 30161 30162 30163 30164 30165 30166 30167
2958 0 0 18815 26372 26376 26377 26378 26379 26380 26381 26382 26383 26384 26385 26386 26387
2959 0 0 8944 8947 14223 16161 30237 30243 30250 30264 32162 32167 32168 32169 32170 32171 32172 32173 32174 32175
2960 0 0 8942 8949 9771 9772 9773 9774 9775 9776 9777 9778 9779 9780 9781 9782 9783 9784
2961 0 0 633 1858 1879 1897 4387 8066 8072 8248 8258 8262 8263 8264 8265 8266 8267 40179
2962 0 0 634 1461 1848 1899 1932 4374 4390 4408 4420 4722 7066 8188 8200 8201 8202 8203 8204 8205 8206 8207 8208
2963 0 0 621 628 629 630 631 632 633 634 635 636 637 638
2964 0 0 1900 4389 4726 8200 8217 8248 8249 8250 8251 8252 8253 8254 8255 8256
2965 0 0 262 843 853 986 2269 2284 2497 2508 2511 2516 5382 5436 5445 5515 10045 10063 10072 10090
2966 0 0 280 283 847 857 865 866 867 868 869 40180
2967 0 0 284 842 843 844 845 846 847 848 849 850 851 40181
2968 0 0 864 869 876 2252 2267 2278 2279 2280 2281 2282 2283 2284 2285 2286 2287 2288 2289 2290
2969 4 4 10413 22881 22887 24674 24685 29215 29957 31109 34465 35513 35516 35520 35521 35522 35523 35524
2970 4 4 23692 23810 29894 29915 29927 29931 29942 29960 29968 29984 31061 31077 31085 31086 31087 31088 31089 31090 31091 31092
2971 4 4 10399 10416 10421 10426 10454 21269 23690 29966 31086 31108 35522 37856 37861 37878 37886 37887 37888
2972 4 4 22768 22878 22888 22899 23718 23725 24686 29173 29902 29955 29956 29957 29958 29959 29960 29961 29962 29963 29964 29965
2973 3 3 15772 21095 21120 21161 21168 21186 21187 21188 21189 21190 21191 21192 21193 21194
2974 3 3 15316 15321 15322 15323 15324 15325 15326 15327 15328 15329 15330
2975 0 0 252 352 368 380 385 386 387 388 389 390
2976 0 0 377 1286 1298 1309 2189 2221 10181 10186 10187 10188 10189 40182
2977 0 0 1383 10460 10487 10548 10554 10565 16858 17318 18273 18285 18290 18291 18292 18293 18294 18295 18296 18297 40183
2978 0 0 1373 10459 10467 10468 10469 10470 10471 10472 10473 10474 10475 10476 10477 40184
2979 0 0 12431 12436 12443 12450 12457 12465 12469 12474 12490 12495 12506 12507 12508 12509 12510 40185
2980 0 0 11849 11850 11851 11852 11853 11854 11855 11856 11857 11858 11859 11860 11861 11862 11863 11864
2981 0 0 11860 12289 12426 12445 12451 12452 12453 12454 12455 12456 12457 40186
2982 0 0 11862 12424 12476 12477 12478 12479 12480 12481 12482 12483 12484 12485 12486 12487 12488 12489 12490 12491 40187
2983 0 0 584 1740 1749 1755 3058 4059 4083 4086 4096 4097 4098 40188
2984 0 0 422 561 574 581 1388 3055 3844 3938 4064 4095 4104 4106 4107 4108 4109 4110 4111 4112 40189
2985 0 0 3488 7115 7215 7222 11015 11016 11017 11018 11019 11020 11021 11022 11023 11024 11025 40190
2986 0 0 3483 6654 7115 7116 7117 7118 7119 7120 40191
2987 0 0 1 32 43 44 45 46 47 48 49 50 51 52 53 54 55 40192
2988 0 0 34 61 111 112 113 114 115 116 117 118 119 120 121 40193
2989 4 4 38064 38065 38066 38067 38068 38069 38070 38071 38072 38073 38074 38075 38076 38077 38078 38079 38080 38081 38082 38083
2990 4 4 34969 37757 37770 37776 37795 38111 38128 38148 38154 38347 38357 38365 38378 38380 38381 38382
2991 4 4 35006 37753 37779 37786 37798 37804 38080 38114 38140 38142 38147 38148 38149 38150 38151
2992 4 4 30711 30719 31143 31162 31187 34960 35222 35396 37942 38071 38108 38120 38123 38124 38125 38126 38127 38128 38129
2993 0 0 17695 17725 17734 18089 23312 23319 23325 23479 25452 25454 29553 29561 29572 29573 29574
2994 0 0 11083 17700 17710 17721 17731 17747 17755 17756 17757 17758 17759 17760 17761 17762 17763
2995 0 0 17928 17934 17940 17949 17954 17964 17968 17980 20534 20536 20537 20538 20539 20540 20541 20542 20543 20544 20545 20546 20547
2996 0 0 20528 23985 28714 33395 35657 35666 35680 35682 35686 35687 35688 35689 40194
2997 0 0 20535 20547 23982 28637 28721 33371 33382 33394 35660 35677 35685 35686 35691 35696
2998 0 0 5862 17924 17929 17930 17931 17932 17933 17934 40195 40196
2999 3 3 28140 28152 28160 28167 28172 28179 28182 28184 29404 33487 33501 33502 33503 33504 33505
3000 3 3 14872 22946 22947 22948 22949 22950 22951 22952 22953 22954 22955 22956 22957 22958
3001 0 0 25701 30413 36105 36125 36131 40197
3002 0 0 20580 25694 29806 30364 30379 30391 30392 30393 30394 30395 30396 30397 30398 40198
3003 0 0 23011 24696 29274 31219 31221 31222 31223 31224 31225 31226 31227
3004 0 0 21298 21344 21349 21366 23010 29213 31215 31276 31281 31282 31283 31284 31285 31286 31287 31288 31289 31290
3005 3 3 30096 30097 30098 30099 30100 30101 30102 30103 30104 30105 30106 30107 30108 30109 30110 30111
3006 3 3 16212 16219 16225 16238 16243 22564 23707 23731 23746 23747 23748 23749 23750 23751 23752 23753 23754 23755 23756 23757
3007 0 0 14456 14457 14458 14459 14460 14461 14462 14463 14464
3008 0 0 533 1166 1573 7578 7579 7580 7581 7582 7583 7584 7585
3009 0 0 6955 12403 12524 12544 13177 13198 13257 13286 13287 13288 13289 13290 13291 13292 13293 13294 13295 13296 13297 13298 13299 13300 13301 13302
3010 0 0 4350 7035 12523 12530 12531 12532 12533 12534 12535 12536 40199
3011 0 0 4237 4251 4253 4254 4255 4256 4257 4258 4259 40200
3012 0 0 4236 4244 8106 9268 9278 9286 9287 9288 9289 9290 40201
3013 0 0 239 750 772 780 783 795 803 819 827 834 2081 2082 2083 2084 2085 2086 2087
3014 0 0 74 75 76 77 78 79 80 40202
3015 0 0 401 1632 3312 3814 6717 6887 6888 6889 6890 6891 6892 6893 6894 40203
3016 0 0 404 409 3090 3237 3238 3239 3240 3241 3242 3243 3244
3017 0 0 399 3086 6890 6895 12200 12202 12203 12204 12205 12206 12207 40204
3018 0 0 410 1635 1645 3243 3251 3811 3812 3813 3814 3815 3816 3817 3818 3819 3820 3821
3019 0 0 971 2535 2546 2551 2565 2572 3036 3046 3048 3049 3050 3051 40205
3020 0 0 959 967 2453 2457 2466 2476 2477 2478 2479 2480 2481 2482 40206
3021 0 0 958 968 2479 2487 2571 3042 3048 40207
3022 4 4 964 969 2420 2438 2482 2486 2490 2534 2545 2557 2558 2559 2560 2561 2562 2563 2564 2565 2566 2567 2568
3023 0 0 8159 15148 15170 15409 21108 21145 21146 21147 21148 21149 21150 21151 21152 21153 21154
3024 0 0 8158 8167 8329 8338 8368 8369 8370 8371 8372
3025 3 3 14247 21913 21920 21932 21996 25526 25531 25560 25566 25575 26146 32592 32593 32594 32595 32596 32597 32598 32599
3026 3 3 14686 14702 18701 18759 18761 18762 18763 18764 18765 18766 18767 18768 18769 18770 18771 18772 18773
3027 3 3 11484 13829 14243 14701 18762 21924 21930 21946 21947 21958 21979 21987 21988 21989 21990 21991 21992 21993 21994 21995 21996 21997 21998 21999
3028 3 3 18706 18766 18778 19622 19641 21916 21921 25547 26147 32585 32595 32600 32601 32602 32603 32604 32605
3029 0 0 28407 31477 32431 33950 35014 35025 35043 35058 36296 36992 37755 37766 37788 37790 37791 37792 37793
3030 0 0 31499 33948 33960 36959 36969 36971 36972 36973 36974 36975 36976
3031 0 0 10821 17624 18095 23303 25112 25123 25131 25137 25138 25139 25140 25141 25142 25143
3032 0 0 6022 6043 17455 17467 17508 25056 25069 25080 25090 25109 25121 25124 25125 25126 25127 25128 40208
3033 4 4 12355 13052 13054 13074 13261 13325 14595 14597 14598 14599 14600 14601 14602 14603 14604 14605 14606 14607 14608 14609
3034 4 4 13331 14617 16482 19196 20487 26643 26715 27784 27791 27802 27814 27815
3035 0 0 36209 36842 36866 36892 36943 37290 38273 38281 38290 38317 38318
3036 0 0 28370 28380 33840 36776 36853 36896 36948 38280 38287 38294 38295 38296 38297 38298 38299 38300 38301 38302 38303 38304
3037 0 0 4449 8460 8471 8480 8487 8504 8505 8506 8507 40209
3038 0 0 15444 15453 15461 15466 15488 22598 22599 22600 22601 22602 22603 22604 22605 22606 22607 22608 40210
3039 0 0 3397 3634 6079 6098 6106 6113 6122 6123 6124 6125 40211
3040 0 0 503 515 524 3392 6064 6080 6081 6082 6083 6084 6085 6086 40212
3041 0 0 6063 6064 6065 6066 6067 6068 6069 6070 6071 6072 6073 6074 6075 6076 6077 6078 6079
3042 0 0 1522 3392 3393 3394 3395 3396 3397 40213
3043 4 4 4271 8122 8377 9291 15833 15842 15843 15844 15845 15846 15847 15848 15849
3044 4 4 8109 8116 8121 9299 20823 20839 33408 33413 33420 33421 33422 33423 33424 33425 33426
3045 0 0 1606 1613 1614 1615 1616 1617 1618 1619 1620 1621 1622 40214
3046 0 0 1610 1651 2530 2576 3038 3051 3824 3853 3976 3995 4015 4019 4020 4021 4022 4023 4024 40215
3047 0 0 1604 1620 1650 3033 3034 3035 3036 3037 3038 3039 3040 40216
3048 0 0 3830 3837 3852 3862 4022 14719 14736 14759 14786 14787 14788 14789 14790 14791 14792
3049 0 0 35939 35940 35941 35942 35943 35944 35945 35946 35947 40217
3050 0 0 25732 25735 25740 25747 35890 35905 35922 35923 35924 35925 35926 35927 35928 40218
3051 0 0 20148 20155 20266 20674 20696 27407 27411 27412 27413 27414 27415 27416 27417
3052 0 0 20271 20659 20676 20690 20691 20692 20693 20694
3053 0 0 3393 6069 6080 6090 6108 6124 7289 7291 40219
3054 0 0 6075 6097 6120 7281 7287 7306 7312 7404 7480 7505 14075 14085 14091 14092 14093
3055 0 0 3398 6118 6123 7280 7281 7282 7283 7284 7285 40220
3056 0 0 6070 6092 7286 7291 7303 7305 7312 7313 7314 7315 7316 40221
3057 0 0 850 982 2496 2501 2512 2514 2515 2516 40222 40223
3058 0 0 255 268 285 846 859 984 985 986 40224 40225
3059 0 0 3446 6909 6919 9516 9521 9522 9523 9524 9525 9526 9527 9528 9529 9530 9531 40226
3060 0 0 6927 9558 12341 12371 19604 26659 26678 26688 26696 26697 26698 26699 26700 26701 26702
3061 0 0 19187 19209 19217 19240 26710 26718 32985 33044 36479 36494 36497 36498 36499 36500 36501 36502
3062 0 0 13185 14625 19183 19193 19194 19195 19196 19197 19198 19199 19200 19201
3063 0 0 25907 25913 25940 25963 25969 26512 26519 26530 26533 27072 27102 27111 27119 27128 27134 27135 27136
3064 0 0 26486 26487 26488 26489 26490 26491 26492 26493 26494 26495 26496 26497 26498 26499 26500
3065 0 0 31551 31560 35716 37981 37988 38029 38048 38057 38059 38061 38062
3066 0 0 10837 18137 25235 25248 31552 31553 31554 31555 31556 31557 31558 31559
3067 3 3 16146 16153 29831 29878 34515 34543 34547 34559 34562 34563 34564 34565 34566 34567
3068 3 3 16145 16157 23556 26440 29656 34524 34546 34560 34568 34571 34579 34580 34581 34582 34583 34584 34585 34586
3069 4 4 13861 13978 13988 13998 13999 14000 14001 14002 14003 14004 14005 14006 14007 14008
3070 4 4 14269 14280 18510 18534 18541 18567 18568 18569 18570 18571 18572 18573 18574 18575 18576
3071 3 3 26256 26316 29475 29491 32764 32816 32832 32837 32838 32839 32840 32841 32842
3072 3 3 26275 26284 26298 26311 26366 32819 32835 32845 32850 32851 32852 32853 32854 32855 32856 32857 32858
3073 0 0 16722 16723 16724 16725 16726 16727 16728 16729 16730 16731
3074 0 0 10130 10137 16756 16762 16824 16835 16844 16848 40227
3075 0 0 17375 17403 17812 17813 17814 17815 17816 17817 17818 17819 17820 17821 17822 17823 17824
3076 0 0 17382 17485 17489 18123 18173 24478 24915 24926 24930 24931 24932 24933 24934 24935 24936 24937 24938 24939 24940 24941
3077 0 0 2149 5140 6948 6949 6950 6951 6952 6953 6954 6955
3078 0 0 16385 16394 16406 16417 16425 16426 16433 16446 16447 16448 16449 16450
3079 0 0 5207 9684 9696 9702 9712 9726 9733 13000 13026 13036 13038 13039 13040 13041 13042 13043
3080 0 0 9280 9662 9705 9716 9718 9719 9720 9721 9722 40228
3081 0 0 4258 5209 9267 9282 9659 9719 9729 9734 9735 9736 9737 9738 9739 40229
3082 0 0 5222 9664 9669 9688 9704 9710 9711 9712 9713 9714 9715 9716 9717 40230
3083 0 0 38834 38841 38849 38858 38863 39008 39025 39032 39043 39107 39127 39128 39129 39130 39131 39132 39133
3084 0 0 38847 38989 38990 38991 38992 38993 38994 38995 38996
3085 0 0 15628 22419 23130 23140 23159 23903 23910 26269 26290 29043 29303 29319 29322 29416 37123 37143 37151 37157 37163 37164
3086 0 0 15621 29327 37125 37129 37137 37138 37139 37140 37141
3087 0 0 11647 12726 19683 19741 19746 19781 19789 19911 19930 19940 19946 19947 19948 19949 19950
3088 0 0 12625 19850 19878 19887 19893 19914 19922 19935 19959 19960 19961 19962 19963
3089 0 0 11654 19749 19913 19941 19949 19954 19955 19956 19957 19958 40231
3090 0 0 12572 12605 12622 19675 19694 19710 19738 19868 19879 19908 19920 19927 19930 19931 19932 19933 19934 19935
3091 0 0 748 749 750 751 752 753 754 755 756 757 758
3092 0 0 809 821 831 836 2086 3513 4889 4897 4909 4941 8956 8975 8976 8977 8978 8979
3093 0 0 3545 3546 3547 3548 3549 3550 3551 3552 3553 3554 3555 40232
3094 0 0 3556 7122 7143 17956 17979 20192 20201 20206 20272 21572 33269 33319 33324 33331 33333
3095 0 0 14152 14159 14373 14392 14403 14454 16703 16720 24137 24148 32214 32254 32261 32279 32284 32285
3096 0 0 14350 14351 14352 14353 14354 14355 14356 14357 14358 14359 14360 14361 14362 14363 14364 14365 14366 14367 14368 14369
3097 0 0 725 4496 15338 15520 15537 15544 15547 15548 15549 15550 15551 40233
3098 0 0 728 4611 15332 15352 15528 15542 16049 22746 22754 22755 22756 22757 22758 22759 22760 22761 40234
3099 3 3 21454 21461 21469 28071 28083 28100 28101 28102 28103 28104 28105 28106
3100 3 3 11954 19696 19719 19726 19765 19809 19817 19820 19824 19840 20368 20378 20379 20380 20381 20382 20383 20384 20385 20386 20387 20388
3101 3 3 11902 11915 11981 19730 19771 20387 20392 21449 21457 28073 28086 28093 28105 28114 28115
3102 3 3 20378 21386 21437 21467 22154 22161 26253 27009 28072 28084 28102 28107 28108 28109 28110 28111 28112 28113
3103 0 0 6512 6559 6561 6571 6572 6573 6574 6575 6576 6577 40235
3104 0 0 1477 1483 1514 3563 3564 3565 3566 3567 3568 3569 40236 40237
3105 0 0 31169 31170 31171 31172 31173 31174 31175 31176
3106 0 0 38329 38336 38341 38349 38359 38370 38385 38386 38387 38388
3107 3 3 17053 23388 30985 35303 35339 35355 35365 35372 35373
3108 3 3 23372 23385 24822 24839 24848 24849 24859 29162 29222 29229 30875 30896 30901 30918 30924 30963 30983 30984 30997 31007 31008 31009 31010 31011 31012 31013 31014 31015
3109 3 3 30991 31006 31015 31023 31028 35301 35312 35336 35358 35365 35366 35367
3110 3 3 17045 17127 23356 23373 23380 23381 23382 23383 23384 23385 23386 23387 23388 23389 23390 23391
3111 0 0 6229 8908 16087 18232 18243 25736 25741 25742 25743 25744 25745 25746 25747 40238 40239
3112 0 0 16079 16644 16667 18235 25730 25733 25734 25735 40240
3113 0 0 1203 1208 1218 1229 1232 1233 1234 1235 1236 1237 1238 40241
3114 0 0 1223 2797 2801 2823 2832 2833 2834 2835 2836 2837 2838 2839 2840 2841 2842 40242
3115 3 3 15552 15553 15554 15555 15556 15557 15558 15559 15560 15561 15562
3116 3 3 17737 17753 22911 23473 23512 24808 29564 31640 31657 31663 31664 31665 31666
3117 0 0 8524 13518 15680 15792 15808 15822 15828 22400 22417 23050 23065 23093 23104 23107 23108 23109
3118 0 0 15778 15820 15830 20999 21022 21113 21160 21167 21168 21169 21170 21171 21172 21173 21174 21175 21176 21177 21178 21179 21180 21181 21182
3119 0 0 15825 15832 15841 15849 21112 21145 21166 21182 21185 22370 22390 22403 23056 23101 23108 23113 23118 23119 23120 23121 23122
3120 0 0 4655 8715 13519 15763 15785 15798 15806 15823 15831 20980 20996 21172 23150 33463 33472 33477 33478 33479 33480
3121 0 0 4738 6024 6028 6036 10933 15940 15941 15942 15943 15944 40243
3122 0 0 719 4745 6011 6012 6013 6014 6015 40244 40245
3123 0 0 11866 11890 11904 11921 11968 11972 11978 11979 11980 11981 11982 11983
3124 0 0 11861 11878 11894 11908 11923 11976 12270 12271 12272 12273 12274 12275 12276 12277
3125 0 0 24443 29444 29458 29472 29484 29496 29498 29499 29500 29501 29502 29503 29504 29505 29506 29507 29508
3126 0 0 29514 29515 29536 30828 30845 30848 30849 30850 30851 30852 30853 30854 30855 30856 30857 30858
3127 0 0 27345 29446 29489 29497 29503 29512 29515 29516 29517 29518 29519 29520 29521 29522 29523 29524 29525
3128 0 0 24446 29468 29482 29506 29509 30791 30813 30825 30826 30827 30828 30829 30830 30831
3129 0 0 453 1916 1940 1955 1961 4338 4357 4360 4368 8222 13148 13151 13155 13156 13157 13158 13159 13160 13161 13162 13163
3130 0 0 449 1440 1960 7072 7073 7074 7075 7076 7077 7078 7079 40246
3131 0 0 216 450 1442 1948 1953 1958 1959 1960 1961 1962 1963 1964 1965 40247
3132 0 0 455 4352 4361 7032 7072 12399 12522 12533 12542 13157 13170 13182 13190 13196 13197 13198 13199 40248
3133 0 0 7523 7524 7525 7526 7527 7528 7529 7530
3134 0 0 9832 14153 14160 14174 14183 16697 16704 16714 16716 16717 16718 16719 16720 16721
3135 0 0 20707 20722 20756 22286 22292 23838 23856 23859 23860 23861 23862
3136 0 0 16398 16416 16463 16491 20705 20740 20748 20749 20750 20751 20752 20753
3137 0 0 15929 16397 16456 20701 20713 20730 20731 20732 20733 20734 20735 20736 20737 20738 20739 20740 20741 20742 20743
3138 0 0 13060 13080 13250 13264 20706 20719 20745 20754 20755 20756 20757 20758 20759
3139 3 3 19653 21047 24192 25932 26195 27028 27029 27030 27031 27032 27033 27034 27035 27036 27037 27038 27039 27040 27041 27042 27043
3140 3 3 27062 27063 27064 27065 27066 27067 27068 27069 27070 27071 27072 27073 27074 27075 27076 27077 27078 27079
3141 3 3 11658 16906 17131 17141 18489 18674 18901 25900 25928 25937 26194 27033 27078 27118 27121 27138 27144 27147 27148 27150 27151 27152 27153 27154 27155
3142 3 3 19660 19667 27040 27060 27062 27080 27081 27082 27083 27084 27085 27086
3143 0 0 30438 30439 30440 30441 30442 30443 30444 30445 30446 30447 30448 30449 30450 30451 30452
3144 0 0 5557 6317 10148 10153 11213 24339 24360 24361 24362 24363 24364 24365
3145 0 0 4307 4922 8108 9277 9287 9297 9316 9329 9331 9332 9333 9334 9335 9336 9337 9338 40249
3146 0 0 1834 2077 4295 4304 4312 4314 4315 4316 4317 4318
3147 0 0 5353 5360 5506 5613 10000 10014 11521 11532 11559 18663 26186 35086 35103 35146 35151 35160 35172 35173 35174
3148 0 0 3226 11527 11533 11544 11547 11590 11633 13536 18665 18675 18843 18873 21092 26177 26185 26190 26198 26199 26200
3149 0 0 3236 5357 5504 5599 5602 6660 11521 11522 11523 11524 11525 11526 11527 11528
3150 0 0 11557 11561 11568 26179 26184 26198 26203 35107 35145 35147 35161 35170 35174 35175 35176 35177
3151 3 3 24836 29073 29086 29224 29244 29251 30093 30921 30996 31010 34235 34245 34339 34435 34440 37644 38671 38675 38685 38688 38694
3152 3 3 29225 29230 29234 29240 29246 29252 29258 30880 30899 30913 30917 30918 30919 30920
3153 0 0 1968 3065 8571 8616 8628 8632 8640 8641 8642 8643 8644 40250
3154 0 0 8406 8419 8425 8567 8608 8612 8617 8622 9093 9117 9132 9141 9148 9149 9150
3155 0 0 704 1974 3059 3060 3061 3062 3063 3064 3065 3066 3067
3156 0 0 8561 8562 8563 8564 8565 8566 8567 8568 8569 8570 8571 8572 8573 8574 8575 8576 8577 8578 40251
3157 0 0 6726 6780 7755 7764 7777 7793 7794 7795 7796 7797 7798 7799
3158 0 0 6701 6712 6725 6739 6749 6777 7760 7772 7783 7784 7785 7786 7787 7788 7789 7790 7791 7792
3159 0 0 20117 20122 20326 20360 22217 22230 26218 26965 26984 27020 27022 27023 27024 27025 27026 27027
3160 0 0 14692 14700 22208 26208 26220 27317 27321 27322 27323 27324 27325 27326 27327 27328 27329 27330
3161 0 0 20359 20375 22233 26207 26216 26217 26218 26219 26220 26221 26222 26223 26224 26225 26226 26227 26228 26229 26230 26231 26232
3162 0 0 12847 20113 22211 22214 22222 27315 30226 39018 39039 39196 39209 39211 39217 39220
3163 0 0 11136 11137 11138 11139 11140 11141 11142 11143 11144 11145 40252
3164 0 0 3716 3719 3720 3721 3722 3723 3724 3725 3726 40253
3165 0 0 24708 24871 27898 27908 31265 31266 31267 31268 31269 31270 31271 31272
3166 0 0 31446 31451 31459 31464 31466 31473 32433 32434 32435 32436 32437 32438 32439 32440 32441 32442 32443
3167 0 0 8256 8261 8267 8275 8280 8290 15374 15385 15386 15387 15388 15389 15390 15391 15392
3168 0 0 7973 15377 15393 15394 15395 15396 15397 15398 15399
3169 0 0 21429 26622 26623 26624 26625 26626 26627 26628 26629 26630
3170 0 0 26636 26647 26713 27585 33007 33031 33076 33081 33091 33096 33097 33098 33099 33100 33101
3171 4 4 29673 29686 29757 30300 31874 31912 31947 31948 31949 31950 31951 31952 31953 31954 31955 31956 31957 31958
3172 4 4 16652 16675 25681 31887 35898 35906 35917 35918 35919 35920 35921
3173 4 4 25689 31870 31890 31900 31909 31914 31955 31975 32046 32064 34692 35899 35918 36048 36053 36061 36076 36081 36082
3174 4 4 16084 16648 16660 23590 25680 25726 29672 29752 29759 30295 31874 31875 31876 31877 31878 31879 31880 31881 31882 31883 31884 31885 31886 31887 31888 31889
3175 0 0 25676 31817 31826 35815 36906 36911 37300 38490 38512 38513 38514 38515
3176 0 0 25660 31045 35502 35795 35817 35819 35820 35821 35822 35823 35824 35825 35826 35827 35828 35829 35830
3177 0 0 37361 37831 38695 38711 38712 38713 38714 38715 38716 38717 38718 38719 38720 38721
3178 0 0 24441 30796 30809 35250 35256 35257 35258 35259 35260 35261 35262 35263 35264 35265 35266 35267 35268 35269
3179 0 0 35282 35432 35834 37314 37320 37321 37322 37323 37324
3180 0 0 30810 30834 35252 37307 37815 37823 37833 37834 37835 37836 37837 37838 37839
3181 3 3 7120 7213 7224 9464 9469 11017 20175 21563 27550 27558 27565 27570 27571 27572 27573 27574
3182 0 0 3486 9467 11021 17943 17976 20176 20202 21555 21570 33266 33320 33323 33328 33330 33331 33332 40254
3183 3 3 23589 23600 23605 29621 29639 29648 29751 30303 30307 30315 30316 30317 30318 30319 30320
3184 3 3 16658 23552 23595 31901 31974 33829 33834 34664 34704 36800 36808 36831 36836 36837 36838
3185 0 0 670 2019 4511 4580 8664 9042 9046 9070 9073 9074 9075 9076 9077 9078 9079
3186 0 0 4568 4583 8580 8604 8613 8656 8665 9095 9115 9126 9128 9148 9151
3187 0 0 668 3063 3070 8405 8610 8658 9076 9089 9098 9120 9124 9127 9128 9129 9130 9131 9132
3188 0 0 4506 4518 4554 4565 4573 4574 4575 4576 4577 4578 4579 4580 4581 4582 4583 4584
3189 0 0 10332 11256 11261 11262 11263 11264 11265 11266 11267 40255
3190 0 0 11273 14342 18474 18481 26495 26508 26526 26540 26555 40256
3191 3 3 5620 5732 5767 5779 5812 5817 10609 10686 10687 10688 10689 10690 10691 10692 10693 10694 10695 10696 10697 10698
3192 3 3 17331 17336 17346 21685 21712 21722 21727 21736 24980 24984 25003 31505 31512 31521 33940 33966 33970 33971 33972 33973 33974
3193 3 3 10698 18619 24967 24975 24982 24989 24992 24993 24994 24995
3194 3 3 5764 5777 10693 13873 13884 13887 13908 13915 14033 17345 21647 21656 21686 21708 21709 21710 21711 21712 21713 21714
3195 0 0 11267 11274 11281 11283 11306 14335 14339 14340 14341 14342 14343 40257
3196 0 0 3254 6605 11291 13622 14291 14306 14329 14333 14337 14344 14345 14346 40258
3197 0 0 12292 12293 12294 12295 12296 12297 12298 12299 12300
3198 0 0 19081 19441 26767 26784 26788 26819 26825 33001 33037 33059 33094 33105 33109
3199 0 0 194 202 1659 1669 1675 1678 1679 1680 1681 1682 1683 1684 1685 1686 40259 40260
3200 0 0 1660 1667 1676 1805 1812 3875 3925 3930 3950 3954 3955 3956 3957 3958 3959
3201 0 0 195 197 611 1657 1671 1674 1681 1688 1793 1799 1800 1801 1802 1803 1804 1805 1806 40261
3202 0 0 177 1661 1666 1682 1809 1825 3872 3934 3940 3945 3946 3947 3948 3949 3950 3951 3952 3953
3203 3 3 16386 16395 16396 16397 16398 16399 16400 16401 16402 16403 16404 16405 16406
3204 3 3 13311 15903 15935 20733 28214 28233 33622 33631 33647 33659 33663 36703 36709 36720 36722 36723 36724
3205 4 4 25162 25171 25175 25210 25223 25225 25230 31550 31808 31809 31810 31811 31812 31813
3206 4 4 35709 35717 35721 35727 35733 35762 35768 37979 38004 38015 38031 38035 38042 38058 38062 38063
3207 4 4 17592 25169 25178 25187 25213 31548 31811 35701 35713 38027 38043 38054 38055 38058 38059
3208 4 4 8857 17590 23525 25156 25164 25182 25228 31808 35707 35724 35737 35752 35758 35759 35760 35761 35762 35763
3209 0 0 3741 6137 7643 8927 9811 10914 16168 17277 24942 24943 24944 24945 24946 24947 24948 24949 24950 24951
3210 0 0 24960 25263 25309 25329 25330 25331 25332 25333 25334 25335
3211 0 0 666 690 3061 3069 8403 8576 8582 8609 8615 8647 8656 8657 8658 8659
3212 0 0 4562 4569 8416 8426 8563 8581 8590 8601 8602 8603 8604 8605 8606 8607 8608
3213 0 0 3067 3077 3083 8398 8399 8400 8401 8402 8403 8404 8405 8406 8407 8408
3214 0 0 4564 4572 4584 4591 4600 8311 8561 8579 8580 8581 8582 8583 8584 8585 8586 8587 8588
3215 0 0 29734 32003 32009 35932 35950 35982 36014 36018 36030 36031 36032 40262
3216 0 0 31998 32004 32010 35875 35892 35929 35940 35948 35949 35950 35951 35952 35953 35954
3217 0 0 18213 31993 32000 32001 32002 32003 32004 32005 32006 32007 40263
3218 0 0 29722 29736 32012 35941 35951 35960 35968 35984 36020 36030 36034 36036 36037 40264 40265
3219 3 3 22757 22850 29074 29256 34199 34225 34238 34243 34244 34245 34246 34247 34248 34249
3220 3 3 15342 22732 22733 22734 22735 22736 22737 22738 22739 22740 22741 22742 22743 22744
3221 0 0 143 460 1341 1360 2675 2699 2916 3103 3131 3133 3143 3152 3153 3154 3155 40266
3222 3 3 1349 1358 1364 2696 3097 3110 3111 3112 3113 3114 3115 3116 3117 3118 3119 3120 3121 3122 3123 3124
3223 0 0 9326 9330 9338 9342 9347 16307 16322 16334 23826 23827 23828 23829 23830 23831
3224 0 0 3494 3520 4879 4884 4899 4915 9319 9343 13375 20831 23834 27825 27843 27847 27848 27849 27850 27851
3225 0 0 3385 12113 12226 12252 12751 19461 19480 19497 19503 19504 19505 19506 19507 19508 40267
3226 0 0 12161 12180 12187 12188 12189 12190 12191 12192 40268
3227 0 0 12192 12198 12213 19469 19503 19516 19523 19529 19533 40269
3228 0 0 19458 19459 19460 19461 19462 19463 19464 19465 19466 19467 19468 19469 19470 19471
3229 0 0 673 687 695 708 2004 2013 2014 2015 2016 2017 2018 2019 2020 2021 40270
3230 0 0 692 699 711 1973 3064 3073 8573 8614 8644 8647 8648 8649 40271
3231 0 0 688 693 694 695 696 697 698 699 40272
3232 0 0 666 667 668 669 670 671 672 673 674 675 676 677 678
3233 0 0 590 593 603 607 608 609 40273 40274
3234 0 0 562 568 576 577 578 579 580 581 582 583 584 585 586 40275
3235 4 4 22875 24687 24851 30070 30079 30135 31001 34443 34458 34463 35340 37172 37189 37197 37208 37209 37210
3236 4 4 34423 34429 34438 34447 34451 34454 34457 34461 34468 37168 37183 37184 37185 37186 37187 37188
3237 3 3 28289 30741 33778 34922 34939 37675 38406 38454 38456 38457 38458 38459 38460 38461
3238 3 3 28292 28337 28338 28339 28340 28341 28342 28343 28344 28345 28346 28347 28348 28349
3239 0 0 997 2385 2401 2413 2428 2441 2532 2544 2556 2558 3768 3774 3782 3796 3802 3803 3804 3805 3806 3807 3808 3809 3810
3240 0 0 2539 2568 3776 3793 7739 14708 14724 14725 14726 14727 14728
3241 0 0 2526 2527 2528 2529 2530 2531 2532 2533 2534 2535 2536 2537 2538 2539 2540 2541
3242 0 0 2383 3777 3787 3800 3807 5631 7735 7736 7737 7738 7739 7740 7741
3243 0 0 11945 19794 19818 19824 19825 19826 19827 19828 19829 19830 19831 19832
3244 0 0 18681 19797 19838 26246 27956 28547 32668 32677 32700 32708 32709
3245 0 0 32351 32383 32406 32407 32408 32409 32410 32411 32412 32413 32414
3246 0 0 33991 34000 34017 36926 36932 36994 37005 38961 38974 38977 38984 38985 38987 38988
3247 0 0 28371 28385 32398 33806 36773 36774 36775 36776 36777 36778 36779 36780
3248 0 0 28293 28345 28373 28381 32237 36785 36854 36897 38284 38295 38305 38306 38307 38308 38309 38310 38311 38312 38313
3249 4 4 34573 34591 34598 34599 34600 34601 34602 34603 34604 34605
3250 4 4 29609 34506 34522 34530 34541 34552 34566 34574 34586 34594 34606 34607 34608 34609
3251 0 0 5124 9489 9527 9538 9547 9548 9549 9550 9551 9552 40276
3252 0 0 2130 9486 9496 9497 9498 9499 9500 40277 40278
3253 4 4 24654 31034 31112 31113 31114 31115 31116 31117 31118 31119 31120 31121
3254 4 4 24642 24648 31033 31041 33982 33998 35503 35821 36903 36916 36937 36996 37967 37975 38507 38513 38525 38958 38969 38972 38978 38981 38985 38986
3255 0 0 5835 5844 5845 7567 7570 10174 10267 10278 10291 10296 10297 10298 10299 10300 10301 10302 10303 40279
3256 0 0 7576 10286 10304 10318 10335 10701 10711 10716 17342 25016 25021 25036 28409 28413 28429 28435 30566 33951 35013 35026 35034 35039 35043 35044 35045
3257 0 0 29719 29733 35968 35969 40280 40281
3258 0 0 29720 29732 29737 31543 35983 35996 36007 36015 36019 36033 36034 36035 40282 40283
3259 0 0 30302 31875 31949 31972 33827 33832 33833 33834 33835 33836 33837 33838
3260 0 0 31880 31896 31911 31912 31913 31914 31915 31916
3261 0 0 25219 25224 25226 25231 31812 35755 38025 38038 38044 38052 38053 38054
3262 0 0 35738 35756 35766 35789 38000 38017 38024 38033 38040 38046 38050 38051
3263 0 0 20953 20960 20967 20978 20986 20992 21001 21006 34218 34288 34295 34307 34313 34315 34317 34318
3264 0 0 20882 20893 20944 20972 20990 22723 22728 29079 29119 34212 34265 34269 34300 34301 34302 34303 34304
3265 0 0 13500 15783 20895 20976 20989 20994 21019 21157 21170 22584 22594 29050 29078 34221 34256 34302 34309 34316 34317 34321 34322 34323 34324
3266 0 0 20928 20935 20941 20948 20956 20971 34216 34275 34287 34301 34305 34313 34314
3267 0 0 18170 18187 25394 25613 25623 25624 25625 25626 25627 25628 25629 25630 25631 25632 25633 25634
3268 0 0 25620 25641 25653 25671 30860 31822 31831 34714 35300 35309 35322 35342 35807 35835 37235 37243 37262 37272 37275 37276 37277 37278 37279 37280 37281
3269 0 0 25392 25616 25629 25647 25666 25670 25671 25672 25673 25674 25675 25676 25677 25678
3270 0 0 23677 25617 25634 25635 25636 25637 25638 25639 25640 25641
3271 0 0 25155 25156 25157 25158 25159 25160 25161 25162
3272 0 0 4748 4754 8860 8879 17563 17584 17585 17586 17587 17588 17589 17590 17591 17592 17593 40284 40285
3273 0 0 4929 4948 4975 9366 9375 13431 13449 13470 13473 13474 13475 13476 13477 13478
3274 0 0 13439 13447 13488 15498 15499 15500 15501 15502 15503 15504 15505 40286
3275 0 0 4954 4963 4977 4982 13415 13424 13436 13448 13477 13487 13488 13489 13490 13491 40287
3276 0 0 4927 4947 9381 13427 13441 13451 13464 13472 13473 13482 15499 15508 15514 15515 15516 15517 15518
3277 0 0 3545 7088 7089 7090 7091 7092 7093 7094 7095 7096 7097 7098 7099 40288
3278 0 0 7136 17935 17936 17937 17938 17939 17940 40289
3279 0 0 15317 15324 23207 29012 29021 29022 29023 29024 29025 29026 29027 29028 29029 29030 29031 29032 29033
3280 0 0 15319 15329 15760 15772 15773 15774 15775 15776 15777 15778 15779 15780 15781 15782 15783 15784 15785 15786 15787 15788 15789 15790 15791
3281 0 0 15315 15322 15771 15787 22379 22401 23135 23163 23205 23229 23242 26270 26293 29014 29028 29042 29372 29381 29390 29416 29417 29418 29419 29420
3282 0 0 15320 15330 15781 22590 23169 29031 29034 29035 29036 29037 29038 29039
3283 3 3 22418 23129 23142 23164 23166 23911 29298 29317 29321 29337 34141 34255 34293 34319 37122 37153 37163 37165 37166 37167
3284 3 3 4632 8721 15804 15815 20982 20998 21004 23149 23157 23173 23177 23186 33478 34214 34251 34291 34292 34306 34307 34308
3285 3 3 15770 15777 23136 23152 23154 23159 23160 23161 23162 23163 23164 23165
3286 3 3 8983 9437 16180 16188 21002 23147 23176 29335 34136 34138 34209 34282 34290 34292 34293 34294 34295 34296
3287 0 0 35338 35408 35796 35812 35825 35842 37178 37195 37204 37221 37225 37228 37229 37230 37231
3288 0 0 30866 30992 31022 35299 35313 35333 35356 35357 35358 35359 35360 35361 35362 35363 35364
3289 3 3 14359 14402 14412 14427 20037 21767 21792 21795 21796 21797 21798 21799 21800 21801 21802
3290 0 0 485 535 1076 1104 1119 1129 1141 1165 1172 1174 1570 1571 1572 1573 1574 1575 1576 1577 1578 1579 1580 1581 1582 40290
3291 3 3 1582 7452 14047 14057 14061 14362 14414 14419 14421 14422 14423 14424 14425 14426 14427 14428
3292 3 3 1108 1123 1138 1175 1579 6174 7294 7532 14358 14381 14397 14410 14413 20038 21797 21811 21849 21857 21868 21878 21884 21887
3293 0 0 2618 6434 6449 6471 6476 10588 10598 11318 11327 11344 11366 11367 11368 11369 11370 11371
3294 0 0 2579 2619 2630 5721 5729 10590 10599 11395 17290 17291 17292 17293 17294 17295
3295 0 0 17089 17096 22661 22822 22825 22834 22841 24766 29087 29217 29231 29238 29241 29242 29243 29244 29245 29246
3296 0 0 17095 17109 17117 17128 22915 23392 23482 23492 23500 24773 24813 24823 24824 24825 24826 24827 24828 24829 24830
3297 0 0 17090 24754 24764 24815 24824 24834 24840 24855 29090 29103 29218 29243 30057 30075 30085 30089 30090 30091 30092 30093 30094 30095
3298 0 0 17093 17096 17097 17098 17099 17100 17101 17102 17103 17104 17105 17106 17107 17108 17109 40291
3299 0 0 10749 10761 10813 14110 14111 14112 14113 14114 14115 14116 14117 14118 14119 14120 14121 14122
3300 0 0 10738 10756 10766 10767 10768 10769 10770 10771 10772 10773 10774 10775 10776 10777 10778 10779
3301 4 4 28731 28745 30165 30206 33544 34822 36656 36683 36687 36688 36689 36690 36691 36692 36693 36694 36695
3302 4 4 28736 33540 34729 34730 34731 34732 34733 34734 34735
3303 0 0 1090 1134 1567 3714 5295 6182 7535 9850 14186 14187 14188 14189 14190 14191 14192
3304 0 0 1563 3715 5293 7594 7615 7624 7625 7626
3305 3 3 6957 10762 10771 10787 11288 13620 14330 26554 26564 32536 32543 36339 36344 36349 36350 36351 36352
3306 3 3 6966 10780 11457 11462 13843 13976 13992 13999 14322 17360 26151 26161 26162 26163 26164 26165 26166
3307 3 3 6609 11290 11455 13621 14310 14318 14321 14328 14346 17358 26161 32535 32541 32542 32543 32544 32545 32546 32547
3308 3 3 6956 6957 6958 6959 6960 6961 6962 6963 6964 6965 6966
3309 0 0 582 595 613 1687 1738 1784 1788 1789 1790 1791 1792 1793 1794
3310 0 0 3935 3944 3953 3959 3963 3967 4068 4101 4106 4114 4116 4117 4118 4119 4120 4121 4122
3311 4 4 11101 15984 23646 23674 25637 25658 29817 29827 29838 29843 29844 29845 29846 29847 29848
3312 4 4 11102 17035 23678 25652 35297 35320 35325 35347 35349 35350 35351 35352 35353
3313 4 4 23670 25635 25651 25657 29829 29843 29880 34550 34562 34587 35296 35319 35326 35341 35342 35343 35344 35345 35346 35347 35348
3314 4 4 11097 11098 11099 11100 11101 11102 11103 11104 11105 11106 11107
3315 0 0 28396 28397 28398 28399 28400 28401 28402 28403 28404 28405 28406 28407 28408 28409 28410
3316 0 0 31476 32432 33878 35059 36246 36253 36297 37761 37767 37792 37800
3317 0 0 1856 1893 4383 4384 4385 4386 4387 4388 4389 4390 4391
3318 0 0 8199 8208 8220 8225 8242 8668 8681 8682 8683 8684 8685 8686 8687 8688 8689 8690 8691 8692
3319 0 0 18013 18030 18040 18045 18049 18059 18078 18102 25103 25586 25599 29565 29569 31649 31655 31667 31710 31713 31714 31715 31716
3320 0 0 17616 17625 18052 18084 18092 18109 23301 25059 25091 25100 25110 25122 25125 25129 25130 25131 25132 25133 25134 25135
3321 0 0 18008 18023 18027 18050 18083 18110 25064 25088 25092 25099 25100 25101 25102 25103 25104 25105 25106 25107
3322 0 0 17607 18062 18079 18098 18099 18100 18101 18102 18103 18104 18105 18106 18107
3323 0 0 458 1344 3104 3128 3156 3157 3158 3159 3160 40292
3324 0 0 464 1347 1351 1469 1470 1471 1472 40293 40294
3325 0 0 12136 12239 19477 19522 26827 26853 26859 26860 26866 26886 26894 26906 28838 28843 28871 34153 34159 34168 34174 34188
3326 0 0 12116 12251 12688 12739 19473 19485 19499 19512 26594 26608 26619 26846 26852 26875 26881 26882 26883 26884 26885
3327 0 0 12238 12245 12254 26831 26839 26848 26850 26851 26852 26853 26854
3328 0 0 26880 26885 26893 26897 26900 26903 26907 28821 28846 28851 34143 34157 34158 34159 34160
3329 0 0 1114 1142 1154 1177 1197 6171 7301 7531 21846 21855 21871 21873 21877 21878 21879 21880
3330 0 0 1102 1109 1122 1136 1145 1171 1173 1174 1175 1176
3331 0 0 5226 7061 8229 11810 11830 11843 13107 15296 19101 28758 28768 28773 28785
3332 0 0 1865 1882 3291 4409 4411 4412 4413 4414 4415 4416 4417 4418 4419 4420 4421 4422
3333 0 0 121 166 171 1386 1623 1652 3057 3841 6327 6328 6329 6330 6331 6332 6333 40295
3334 0 0 64 116 188 417 418 419 420 421 422 423 424 425 426 40296
3335 0 0 29891 36195 36947 36955 37292 38275 38286 38287 38288 38289 38290 38291 38292 38293
3336 0 0 36907 36913 36918 36923 36936 37286 37295 37301 38484 38489 38514 38559 38959 38980 38983 38986 38987
3337 0 0 36930 36939 36942 36950 36957 37293 38297 38487 38540 38560 38562 38957 38962 38976 38979 38982 38983 38984
3338 0 0 28362 34713 34719 34720 34721 34722 34723 34724 34725 34726 34727 34728
3339 0 0 4788 4799 4801 4802 4803 4804 4805 4806 40297 40298
3340 0 0 3542 4786 4808 4816 4823 4824 4825 4826 4827 4828 4829 4830 4831 4832
3341 0 0 4793 4800 4806 4807 4808 4809 4810 4811 4812 4813 4814 4815 40299
3342 0 0 3541 4790 4801 7230 7236 7237 7238 40300 40301
3343 0 0 4601 4602 4603 4604 4605 4606 4607 4608 4609 40302
3344 0 0 4613 8776 15337 15345 15349 15350 15351 15352 15353 15354 15355 15356 15357 40303
3345 3 3 17063 17075 17085 24538 24543 24652 24662 24667 24676 25663 31029 31052 35819 36901 36917 37219 37223 37906 37920 37928 37961 37966 37970 37972 37975 37976
3346 3 3 22765 22877 24585 24606 24619 24664 24669 24672 24684 24685 24686 24687 24688 24689 24690 24691 24692 24693 24694
3347 0 0 6965 7558 10781 10812 13977 14000 14262 14270 17357 21674 21704 22028 26151 26152 26153 26154 26155 26156 26157 26158 26159 26160
3348 0 0 6961 7554 10758 10791 10807 14119 14132 14133 14134 14135 14136 14137 14138 14139 14140 14141
3349 0 0 6959 10739 10760 10769 10780 10781 10782 10783 10784 10785 10786 10787 10788 10789 10790 10791 10792 10793 10794 10795
3350 0 0 7562 14133 14143 14260 18570 19640 22025 26156 27992 32571 32587 32603 33808 33920 33931 36363 36371 36380 36385 36389 36392 36393
3351 0 0 16013 17027 23367 23390 23409 23429 23435 23439 23440 23441 23442 23443 23444 23445 23446
3352 0 0 23355 23356 23357 23358 23359 23360 23361 23362 23363 23364 40304
3353 0 0 26217 26959 26987 27025 27319 27327 27332 27355 27373 30220 30225 30231 30232 30233 30234
3354 0 0 20118 20129 20328 22213 22214 22215 22216 22217 22218 22219 22220
3355 0 0 28677 28695 30346 30749 30750 30751 30752 30753 30754 30755 30756 30757 30758 30759 30760
3356 0 0 24169 30770 32904 32923 32935 37437 37809 38210 38878 38908 38945 38947 38949 38950 38951
3357 0 0 23005 23028 26335 26343 29267 29273 29278 29279 29280 29281 29282 29283 29284 29285
3358 0 0 23007 23021 23025 24695 24696 24697 24698 24699 24700 24701 24702
3359 0 0 13564 22360 23001 23016 23023 23024 23025 23026 23027 23028 23029 23030 23031
3360 0 0 23012 24697 29263 29276 29282 31222 32733 32736 32742 32743 32744 32745 32746 32747
3361 0 0 1128 1164 1577 5292 7539 7580 7611 7621 7697 14360 14407 14416 14418 14429 14457 14465 14471 14472 14473
3362 0 0 5299 7525 7534 7691 9851 14352 14372 14377 14378 14379 14380 14381 14382 14383
3363 0 0 38695 38696 38697 38698 38699 38700 38701 38702 38703 38704 38705 38706 38707 38708 38709 38710
3364 0 0 28368 34721 36199 37334 37339 37346 37347 37348 37349 37350 37351
3365 0 0 29892 37330 37342 38517 38764 38774 38785 38788 38797 38804 38805 38806 38807 38808 38809
3366 0 0 34595 34603 36239 37354 37362 37829 37841 38159 38167 38269 38705 38715 38738 38739 38740 38741 38742 38743 38744 38745
3367 0 0 2093 2098 3505 3511 4937 4969 4979 9354 13422 13437 13467 13485 13492 13493 40305
3368 0 0 2094 3504 3522 13365 13379 13387 13397 13399 13400 13401 13402 13403 13404 13405 13406 40306
3369 0 0 12988 20415 20419 26995 27620 28009 28033 28055 28059 28060 28064 28065 28066
3370 0 0 12880 20120 20338 20352 20423 28003 28019 28046 28051 28052 28053 40307
3371 0 0 12983 20333 28005 28024 28044 28051 28054 28058 28059 40308
3372 0 0 20127 20414 20418 26966 26991 26992 26993 26994 26995 26996 26997 26998 26999
3373 0 0 1332 2678 2689 2709 3189 3197 3198 3199 3200 3201 3202 3203 3204 3205
3374 0 0 5723 5724 6467 7362 7543 10600 10687 11366 11372 11391 14035 17293 17308 17309 17310 17311 17312 17313 17314 17315 17316 17317
3375 0 0 1337 2679 2691 2705 2915 3199 5719 5724 5725 5726 5727 5728 5729 5730 5731 5732 5733 5734 5735
3376 0 0 6463 6472 6477 7359 7366 11319 11325 11363 11368 11372 11373 11374
3377 0 0 25043 25047 25048 25049 25050 25051 40309
3378 0 0 17916 25044 25483 25499 25500 25501 25502 25503 25504 25505 25506 40310
3379 0 0 28360 31827 34710 34711 34712 34713 34714 34715 34716 34717 34718
3380 0 0 29886 36206 37343 37347 37357 38268 38274 38289 38707 38718 38742 38754 38755 38756 38757 38758
3381 0 0 28364 29882 29883 29884 29885 29886 29887 29888 29889 29890 29891 29892
3382 0 0 34596 34604 35348 36197 37237 37253 37260 37270 37281 37333 37349 37352 37353 37354 37355 37356 37357 37358 37359 37360
3383 0 0 10850 10865 10876 10890 17519 17529 17530 17531 17532 17533 17534 17535 17536
3384 0 0 2839 6051 10823 10824 10825 10826 10827 10828 10829 10830 10831 10832
3385 0 0 6056 10825 10858 10884 17439 17443 17451 17457 17513 17522 17534 17542 17543 17544
3386 0 0 2842 5941 5966 6050 10814 10831 10835 10906 17524 17536 17546 17548 17549 17550 17551 17552 17553
3387 0 0 31043 31252 32509 35477 35480 35481 35482 35483 35484 35485 35486 35487 35488 35489 35490
3388 0 0 31039 35498 35823 37968 37974 38496 38501 38507 38508 38509 38510 38511
3389 4 4 8519 8557 8698 9477 13280 13297 13335 15071 15934 16409 16456 16457 16458 16459 16460 16461 16462 16463 16464 16465 16466
3390 4 4 8510 8712 15615 16520 22412 23846 23870 23895 23896 23898 23899 23900 23901 23902 23903 23904 23905
3391 4 4 8706 16460 16468 16485 16499 16516 16523 16530 23844 23874 23884 23888 23890 23891 23892 23893 23894 23895
3392 4 4 8508 8509 8510 8511 8512 8513 8514 8515 8516 8517 8518 8519 8520 8521 8522
3393 0 0 931 954 1983 1984 1985 1986 1987 1988 1989 1990 1991 40311
3394 0 0 710 927 937 944 1967 1999 3072 7915 7926 7933 7934 7935 7936 7937 7938 7939 7940 7941 7942 40312
3395 0 0 18140 23626 23643 25276 25285 25361 25467 29871 35711 35719 35729 37978 37979 37980 37981 37982 37983 37984 37985
3396 0 0 10838 10888 17539 17656 17664 18132 18143 18153 25236 25242 25245 25246 25247 25248 25249
3397 0 0 10848 10881 10956 10960 17693 18133 18137 18138 18139 18140 18141 18142 18143 18144 18145 18146 18147 18148 18149 18150 18151 18152
3398 0 0 17638 17660 18158 23625 25191 25243 25246 25437 25466 31547 31557 35706 35710 35711 35712 35713 35714 35715 35716 35717
3399 0 0 20278 21575 27393 27396 27567 28638 28642 28645 28646 28647 28648 28649 28650 28651 28652
3400 0 0 27383 28738 34760 36561 36570 36610 36611 36612 36613 36614 36615
3401 0 0 2032 2043 4051 4674 4680 4681 4682 4683 4684 4685 4686 4687 4688 4689 4690 4691 4692
3402 0 0 4693 8147 8148 8149 8150 8151 8152 8153 8154 8155 8156 8157 8158
3403 0 0 26150 32596 32601 32618 32640 33684 33692 36322 36358 36369 36375 36376 36377 36378 36379 36380 36381 36382
3404 0 0 6956 7561 14138 26152 32537 36341 36351 36361 36374 36386 36387 36388 36389 36390
3405 0 0 8441 8445 14824 14831 14833 14834 14835 14836 40313
3406 0 0 7847 7848 7849 7850 7851 7852 7853 7854 7855 7856 7857 40314
3407 0 0 7850 7858 7859 7860 7861 7862 40315
3408 0 0 8436 8443 8452 8457 8661 14806 14825 14837 14845 14846 40316
3409 0 0 3380 12121 12713 19033 19300 19309 19331 19340 19349 19357 19370 19371
3410 0 0 6807 12031 12045 19298 19301 19315 19317 19318 19319 19320 19321 19322 19323 40317
3411 0 0 6879 12041 12051 19294 19301 19302 19303 19304 19305 19306 19307 40318
3412 0 0 3390 12062 12119 12278 12711 12767 19299 19311 19313 19320 19332 19339 19360 19365 19370 19385 19395 19407 19411 19412 19413 19414 19415
3413 0 0 9016 10372 10385 10976 10978 10989 11008 11227 17409 23821 24569 24574 30016 30021 30026 30027 30028 30029 30030
3414 0 0 10364 10980 10986 10995 10996 10997 10998 10999 11000 11001 11002 11003
3415 0 0 12330 12338 12367 16590 16614 26650 26666 26669 26670 26671 26672 26673 26674 26675
3416 0 0 7073 9508 9514 12365 12397 13183 13196 16560 16584 16599 16606 19221 19226 19232 19233 19234 19235 19236 40319
3417 0 0 19223 19231 19236 19241 26653 26667 26683 26691 26704 26721 26755 26759 32984 33002 33020 33039 33040 33041 33042 33043 33044 33045 33046 33047 33048
3418 0 0 9502 12331 12368 12398 16540 16550 16555 16581 16584 16585 16586 16587 16588 16589 16590
3419 3 3 30048 30060 30072 30082 30088 30095 30102 30112 30129 30130 30131 30132 30133 30134 30135 30136 30137 30138
3420 3 3 22570 23713 23756 24763 29056 29095 29099 29112 30084 30089 30110 30125 30140 34231 34333 34425 34444 34448 34449 34450 34451
3421 0 0 6000 6015 6027 6034 6042 10941 10943 10944 10945 10946 10947 10948 40320 40321
3422 0 0 2864 5987 5988 5989 5990 5991 5992 5993 5994 40322 40323
3423 0 0 17106 23363 23397 23403 23413 23430 23456 23461 23464 23465 23466 23467 23468 23469 40324
3424 0 0 15467 16016 16039 17105 17110 17111 17112 17113 17114 17115 17116 17117 40325
3425 0 0 29889 35797 36473 37327 38499 38518 38778 38789 38803 38807 38816 38817 38818
3426 0 0 35836 36472 37315 37331 38727 38769 38783 38784 38785 38786 38787
3427 0 0 4507 4518 4519 4520 4521 4522 4523 4524 4525 4526 4527 40326
3428 0 0 4550 4590 8302 8303 8304 8305 8306 8307 8308 8309 8310 8311 8312 8313 8314 40327
3429 0 0 11076 11114 15986 18165 18171 18179 18180 18181 18182 18183 18184 18185 18186 18187 18188 18189 18190
3430 0 0 11111 17483 17498 17510 17517 18114 18115 18116 18117 18118 18119 18120 18121 18122 18123 18124 18125 18126
3431 0 0 8319 8477 8478 8479 8480 8481 8482 8483 8484 8485 8486 40328
3432 0 0 15447 16255 16269 22606 22609 22610 22611 22612 22613 22614 22615 22616 22617 22618 22619 22620 40329
3433 0 0 341 349 1260 2207 2213 2214 2215 2216 2217 2218 2219 40330
3434 4 4 348 890 1318 2204 2229 2976 2985 2986 2987 2988 2989 2990 2991 2992
3435 0 0 27209 27215 27222 27234 27296 33203 33215 33221 33226 33231 33232 33233 40331
3436 0 0 13834 14240 20086 25540 25574 26037 27172 27202 27212 27223 33208 33218 33241 33243 33244 40332
3437 0 0 34735 37377 37472 37484 37493 37502 37630 38638 38649 38651 38654 38655 38656 38657 38658
3438 0 0 24431 34738 34757 34777 34786 37044 37407 37469 37478 37487 37488 37489 37490 37491 37492
3439 0 0 2462 2505 2525 5342 5446 5453 5466 5478 5479 5480 5481 5482 40333
3440 0 0 2180 2181 2182 2183 2184 2185 2186 2187 40334
3441 0 0 7247 7265 33549 33562 33563 33564 33565 33566 33567 33568 40335
3442 0 0 28199 28207 28213 28220 28225 28229 28236 33554 33575 33592 33601 33605 33618 33634 36699 36708 36709 36710 36711 36712
3443 0 0 28189 33547 33568 33586 33591 33616 33617 33618 33619 33620 33621 33622 33623 33624
3444 0 0 7246 7252 7263 13772 28195 28203 28228 33550 33566 33569 33570 33571 33572 33573 33574 33575
3445 0 0 14356 14387 14400 20041 21801 26049 26059 26075 26083 26084
3446 0 0 14368 14425 18553 21758 21767 21768 21769 21770 21771 21772 21773 21774 21775
3447 0 0 27485 27496 27511 27519 27527 27531 27539 27545 27556 27560 27569 27574 33260 33281 33298 33301 33313 33314 33315
3448 0 0 20667 22276 27404 27468 27471 27472 27473 27474 27475
3449 0 0 1248 1261 1263 2927 2943 2953 2955 40336 40337
3450 0 0 337 1252 1264 2921 2940 2945 2951 2958 5679 5682 5687 5688 5689 5690 5691 40338
3451 0 0 350 896 1247 1251 1252 1253 1254 1255 1256 1257 1258 1259 1260 40339 40340
3452 0 0 2921 2922 2923 2924 2925 2926 2927 2928 2929 2930 2931 40341
3453 0 0 27 415 1382 5852 6255 10492 18311 24304 24316 24323 24330 24333 24334
3454 0 0 6238 6247 6260 18260 18270 18271 18272 18273 18274 18275 18276 18277 40342
3455 3 3 22979 23913 23914 23915 23916 23917 23918 23919 23920 23921 23922 23923 23924 23925 23926 23927 23928 23929 23930 23931
3456 3 3 22119 22140 26237 27334 27351 27369 28515 28525 28554 28566 28567 28568 28569 28570 28571 28572 28573 28574 28575
3457 3 3 23925 28584 32672 32688 32703 32706 32710 32715 32716
3458 3 3 23927 26314 27349 28553 28571 28576 29537 32828 32841 32864 32874 32876 32879
3459 0 0 1059 2657 2665 2674 2900 5808 10497 10507 10524 10529 10536 10537 40343
3460 0 0 3598 5798 5825 5843 5845 5846 5847 5848 5849 5850 5851 40344
3461 0 0 2662 2667 3597 5807 5848 10497 10498 10499 10500 10501 40345
3462 0 0 2658 2902 3603 5788 5806 5809 5820 5838 10503 10520 10525 10527 10528 10529 10530 10531 10532 10533 10534 10535
3463 3 3 14878 18682 18715 18808 18894 18938 22980 22991 23919 23944 26357 27096 27877 27921 27935 27954 27955 27956 27957 27958 27959 27960 27961 27962 27963 27964 27965 27966 27967
3464 3 3 13567 15590 18944 22361 22948 22959 22960 22961 22962 22963 22964 22965 22966 22967 22968 22969 22970 22971 22972 22973
3465 3 3 15591 18687 18716 18895 18924 18934 18935 18936 18937 18938 18939 18940 18941 18942 18943 18944 18945 18946 18947 18948
3466 3 3 18810 22970 22974 22975 22976 22977 22978 22979 22980 22981 22982 22983 22984 22985 22986
3467 0 0 4881 4887 4910 4917 4925 9318 9319 9320 9321 9322 9323 9324 9325 9326
3468 0 0 4765 4904 4920 4921 4922 4923 4924 40346
3469 0 0 7965 8193 8668 8669 8670 8671 8672 8673 8674 8675 8676 8677 8678 8679 8680
3470 0 0 23040 23041 23042 23043 23044 23045 23046 23047 23048 23049 23050 23051 23052 23053 23054 23055 23056 23057
3471 0 0 7360 7546 7675 11321 11369 11373 11377 14554 17311 18577 18578 18579 18580 18581 18582 18583 18584
3472 0 0 18589 22041 22063 22069 22079 26091 26096 26097 26098 26099 26100 26101
3473 0 0 189 599 1668 1683 1691 1801 1826 3932 3941 3948 4194 4217 4221 4224 4225 4226 4227
3474 0 0 193 199 606 1680 1689 4195 40347
3475 0 0 15732 20897 20968 27866 33469 36580 36586 36594 36599 36601 36604
3476 0 0 21026 27821 33404 33461 36575 36584 36588 36590 36591 36592 36593
3477 0 0 31902 31915 31977 33828 33835 34660 34690 34694 34702 34703 34704 34705 34706 34707 34708 34709
3478 0 0 36793 36794 36795 36796 36797 36798 36799 36800 36801 36802 36803
3479 3 3 5680 5686 5691 5697 5706 5707 6299 6308 6314 10630 10649 11171 11181 11182 11183 11184 11185 11186 11187 11188 11189
3480 0 0 2594 2929 2944 2961 2962 2963 2964 2965 2966 2967 2968 2969 40348
3481 0 0 2600 2962 5676 6294 6295 6296 6297 6298 6299 6300 6301 6302 40349
3482 0 0 2926 2934 2950 2954 2960 2967 2972 5653 5656 5674 5684 5690 5692 5693 5694 5695 5696 5697 40350
3483 0 0 3449 6907 6917 6944 9523 19596 19601 26658 26679 26693 26701 33028 33043 33064 33065 33084 33085 33086 33087
3484 0 0 3371 3450 6922 9515 9525 12363 19220 19225 19233 26652 26663 26676 26681 26682 26683
3485 0 0 11925 12276 12672 12692 12698 12699 12700 12701 12702 12703 12704 12705 12706 12707
3486 0 0 3468 11855 12054 12280 12768 12786 12798 12807 12810 12811 12812 12813 12814
3487 0 0 6901 12063 12279 12689 12703 12712 12721 12752 12765 12766 12767 12768 12769 12770 12771 40351
3488 0 0 11856 11893 11927 12255 12275 12701 12772 12808 12813 12829 12830 12831 12832 12833 12834 12835 12836 12837
3489 0 0 42 1423 6886 16618 19023 24014 24019 24056 24059 24068 24069 24070 24071 40352
3490 0 0 1427 6871 11668 11678 11722 12024 18953 18989 18990 18991 18992 18993 18994 18995 18996 18997 18998 40353
3491 0 0 30261 32158 32168 32179 34614 34866 34870 34882 34900 34901 34902 34903 34904 34905 34906 34907 34908
3492 0 0 9939 9952 9962 11049 16627 30244 30274 30287 30290 34860 34869 34875 34878 34879 34880 34881
3493 0 0 24091 24098 30248 30272 30293 31920 31930 34862 34871 34876 34881 34883 34889 34890 34891
3494 0 0 9926 29630 30245 30275 30283 34493 34615 34864 34873 34878 34892 34893 34894 34895 34896 34897 34898 34899
3495 0 0 16995 17006 30597 30604 30609 30636 35189 35197 35201 35217 35225
3496 0 0 17170 17188 24367 24376 30689 30693 30699 30734 31146 31167 35192 35214 35221 35227 35229 35231 35232
3497 0 0 16726 16766 16831 17186 24371 24383 24399 30592 30600 30607 30611 30684 30692 35190 35209 35216 35226 35227
3498 0 0 30721 30725 30729 30735 31147 35191 35205 35219 35228 35229 35230
3499 0 0 9360 9371 9378 9391 15745 16339 16353 16360 16361 16362 16363 16364
3500 0 0 9352 9363 13432 13457 13471 13475 13479 13480 13481 13482 13483 13484
3501 3 3 34473 34484 34502 37242 37249 37267 37273 37274
3502 3 3 34718 34728 36208 36886 37240 37255 37259 37260 37261 37262 37263 37264 37265 37266
3503 0 0 4606 5061 8724 8765 9415 9445 9446 9447 9448 9449 9450
3504 0 0 4605 5051 5063 13763 15355 15358 15359 15360 15361 15362 15363 15364 15365 15366 40354
3505 4 4 17181 24221 24247 24290 30471 30483 30519 30686 30694 30705 30706 30707 30708 30709 30710 30711 30712
3506 4 4 24226 24264 24286 30445 30478 30485 30491 30492 30493 30494 30495 30496
3507 0 0 14510 14520 14522 14564 22040 22046 22070 22071 22072 22073 22074 22075 22076 22077
3508 0 0 34001 34002 34003 34004 34005 34006 34007 34008 34009 34010 34011
3509 0 0 22042 22076 22082 26092 26096 26113 28446 28459 28466 28477 32293 32301 32302 32303 32304 32305 32306 32307 32308 32309 32310 32311
3510 0 0 7732 8921 9812 14518 14526 14562 21905 22071 22095 22101 22102 22103 22104 22105 22106 22107
3511 0 0 1080 1096 1103 1140 1147 1176 6207 6208 6209 6210 6211 6212 40355 40356
3512 0 0 1098 1107 1121 1148 1169 1170 1171 1172 40357
3513 0 0 484 1079 1100 1103 1104 1105 1106 1107 1108 1109 40358
3514 0 0 1095 1149 1170 3738 6211 6213 6214 6215 6216 40359 40360
3515 0 0 5800 5824 5846 10170 10495 10506 24319 24327 24886 24897 32108 32131 35532 35550 35558 35565 35567 35575 35576 35577 35578 40361
3516 0 0 881 5857 10180 10230 10235 10236 10237 10238 10239 10240 10241 10242 40362
3517 0 0 4679 4692 4701 4706 8017 8157 8335 8342 8373 8383 8389
3518 0 0 8016 8165 8336 8354 8368 8391 15151 15165 21127 21225 22424 22438 22440 22441 22442
3519 0 0 2029 2039 4671 4688 4696 7869 8006 8007 8008 8009 8010 8011 8012 8013 8014 8015 8016 8017 8018
3520 0 0 8151 8166 8325 8338 8339 8340 8341 8342 8343 8344 8345 8346
3521 0 0 6967 12816 13713 20334 20339 20345 20348 20371 20391 28021 28039 28069 28088 28092 28094 28095 28096 28097
3522 0 0 11852 12423 12476 12774 12795 13587 13588 13589 13590 13591 13592 13593
3523 0 0 6972 11859 12776 13591 19163 19167 21451 21463 28074 28090 28098 28106 28115 28116 28117 28118
3524 0 0 6974 12483 12792 13589 13719 20329 21410 28001 28023 28037 28038 28039 28040 28041 28042 28043 28044 28045 40363
3525 3 3 22741 22760 22855 29068 29069 29070 29071 29072 29073 29074 29075 29076 29077
3526 0 0 15526 22734 22749 22759 22853 23346 26484 29235 29248 29253 30884 30900 30914 30920 30926 30927 30928 30929 40364
3527 3 3 12554 12598 13732 14684 18700 18709 18749 18750 18751 18752 18753 18754 18755 18756 18757 18758 18759 18760
3528 3 3 19800 19812 19819 19823 19832 19839 19843 20381 26210 26226 26247 26249 27008 28541 32670 32676 32694 32709 32712
3529 3 3 12588 12595 12612 13653 18755 19758 19801 19802 19803 19804 19805 19806 19807 19808 19809 19810 19811 19812
3530 3 3 13738 14695 18688 18698 18714 18760 18768 19630 19835 23951 23960 26214 26245 27923 27955 28586 32662 32676 32677 32678 32679 32680 32681 32682
3531 0 0 327 2637 5698 5712 10348 10360 10628 10640 10652 10661 10676 10677 40365
3532 0 0 330 1264 1265 1266 1267 1268 1269 1270 1271 40366
3533 0 0 18912 18921 21824 26568 30581 30584 30585 30586 30587 30588 30589 30590
3534 0 0 22011 26575 28399 28415 31478 33874 33889 33909 33910 33911 33912 33913 33914
3535 3 3 8826 17644 17665 17679 18155 23317 25188 25427 25442 25446 25447 25448
3536 3 3 16128 16135 17674 17678 23630 23656 25444 25471 29595 29823 29853 29861 29866 29870 29871 29872
3537 3 3 18126 18136 18152 18160 23628 23642 25284 25431 25436 25462 25463 25464 25465 25466 25467 25468 25469 25470 25471 25472
3538 0 0 8830 8837 8851 16020 17668 17676 17677 17678 17679 17680 17681 17682 40367
3539 0 0 13542 13563 15592 15605 21375 22354 22358 22359 22360 22361 22362 22363 22364 22365 22366 22367 22368 22369
3540 0 0 13551 13559 15586 17236 18930 18939 19651 22972 23014 23032 24187 27037 27052 27055 27056 27057 27058 27059 27060 27061
3541 0 0 24449 30826 30857 36641 36652 37378 37454 37497 37500 37626 38635 38643 38655 39058 39071 39088 39093 39100 39102
3542 0 0 24427 28692 30811 30815 30816 30817 30818 30819 30820 30821 30822 30823 30824
3543 0 0 24425 24452 30797 30822 30829 30846 30854 35249 35256 35273 36651 37372 37409 37416 37454 37455 37456 37457 37458
3544 0 0 34068 34078 34086 34094 34097 36639 37084 37098 39049 39064 39072 39073 39074 39075 39076 39077 39078 39079 39080 39081
3545 0 0 9784 9791 9799 9806 9818 9863 9882 9905 9916 9917 9918 9919 9920 9921
3546 0 0 3692 3693 3694 3695 3696 3697 3698 3699 3700 3701 40368
3547 0 0 3700 6479 6495 9783 9785 9792 9802 9817 9857 9873 9879 9880 9881 9882 9883 9884
3548 0 0 3694 5312 6149 6156 6493 7602 9789 9803 9917 9935 9951 9953 9954 9955 9956 9957 9958 9959 9960 9961 9962 40369
3549 0 0 22341 28888 28913 28926 28933 28940 28946 28963 28971 28976 28993 28996 29367 29393 29394 29395 29396 29397 29398 29399
3550 0 0 9109 15176 21216 21318 22470 28881 28896 28904 28907 28915 28921 28928 28935 28936 28937
3551 0 0 28882 28889 28893 28897 28901 28905 28909 28916 28925 28935 28938 28939 28940 28941 28942
3552 0 0 21205 21214 22335 23212 28912 28922 28927 28928 28929 28930 28931 28932 28933 28934
3553 0 0 6854 6856 11994 11995 11996 11997 11998 11999 12000 40370
3554 0 0 12095 19250 19263 19276 19278 19279 19280 19281 19282 19283 19284 19285 40371
3555 0 0 12297 12306 19047 19092 19421 19541 19550 19557 19558 19559 19560 19561 19562 19563 19564
3556 0 0 19445 26762 26778 26782 26783 26784 26785 26786 26787
3557 0 0 12109 12295 19079 19362 19373 19390 19394 19419 19420 19421 19422 19423 19424 19425
3558 0 0 12308 19440 19581 26822 32990 33000 33017 33023 33042 33054 33055 33056 33057 33058 33059 33060
3559 0 0 12479 12980 19149 20284 20437 20444 21412 21421 26687 26910 26920 26935 26939 27604 27607 27608 27609 27610 27611 27612 27613 27614 40372
3560 0 0 19597 19602 26914 26927 26931 26936 26937 26938 40373
3561 0 0 8705 9475 15089 15728 16459 16477 16498 16521 16522 16523 16524 16525
3562 0 0 9484 13357 15724 16470 16489 16493 16494 16495 16496 16497
3563 0 0 11655 19745 19939 19950 19952 19958 19987 25905 25964 25968 26490 26506 26509 26518 26530 26531 40374
3564 0 0 11648 12219 12728 12746 18411 19687 19748 19776 19786 19787 19788 19789 19790 40375
3565 0 0 4928 4947 4948 4949 4950 4951 4952 4953 4954 4955 40376
3566 0 0 4502 4931 9376 9387 9398 9399 9400 9401 40377
3567 3 3 14665 20142 20269 20668 20670 20671 20672 20673 20674 20675 20676 20677 20678
3568 3 3 20135 28650 28654 28739 30201 30211 30214 36551 36554 36562 36610 36621 36631 36633 36634 36635 36636
3569 3 3 14657 14672 20130 20131 20132 20133 20134 20135 20136 20137 20138 20139 20140 20141
3570 3 3 20277 20658 20673 20680 20691 22271 27392 27562 28646 28653 28661 28729 30192 30199 30203 30204 30205 30206 30207 30208 30209 30210 30211 30212
3571 0 0 7694 9822 9829 9830 9831 9832 9833 9834 9835 9836 9837 9838 9839 9840 9841 9842 9843 9844
3572 0 0 6485 9779 9825 9861 9875 9881 9891 9901 9902 9903 9904 9905 9906 9907 9908 9909 9910 9911 9912 9913
3573 0 0 12379 12412 13247 13267 13271 13272 13273 13274 13275 13276 13277 13278
3574 0 0 5132 12360 12375 12385 12394 12541 13047 13064 13069 13082 13246 13253 13254 13255 13256 13257 13258 13259 13260 13261 13262 13263 13264 13265
3575 3 3 4038 5640 10112 10117 10120 10428 11550 11562 11563 11564 11565 11566 11567 11568
3576 3 3 2270 5433 9997 10039 10058 10059 10060 10061 10062 10063 10064 10065 10066 10067 10068 10069 10070
3577 0 0 8926 8934 14561 17285 21908 22088 22089 22090 22091 22092 22093 22094 22095 22096 22097 22098 22099 22100
3578 0 0 17260 17286 21910 28479 28480 28481 28482 28483 28484 28485 28486 28487
3579 0 0 7726 7734 21909 22099 22106 28456 28483 28492 31422 33997 34003 34016 34023 34027 34028 34029 34030 34031 34032
3580 0 0 8929 8935 16165 16170 17261 17275 17280 17281 17282 17283 17284 17285 17286 17287 17288 17289
3581 0 0 324 484 485 486 487 488 489 490 491 40378
3582 0 0 322 517 525 1078 6065 6082 6087 6088 6089 6090 6091 6092 40379
3583 0 0 323 486 494 510 512 513 514 515 516 517 518 519 520 40380 40381
3584 0 0 326 489 1075 1076 1077 1078 1079 1080 1081 40382
3585 3 3 1500 1528 3630 3672 6104 6112 7460 7470 7483 7501 7507 7508 7509 7510
3586 3 3 7386 7398 7418 7430 7435 7440 7442 7466 7498 7513 7517 7518 7520 7521 7522
3587 3 3 18792 28317 33794 33798 33799 33800 33801 33802 33803
3588 3 3 18705 18764 18774 18775 18776 18777 18778 18779 18780 18781 18782 18783 18784 18785 18786 18787 18788 18789
3589 0 0 7555 10743 10765 10808 14118 14125 14135 14142 14143 14144 14145 14146 14147
3590 0 0 10753 14114 14126 18742 18884 18906 21813 21814 21815 21816 21817 21818 21819 21820 21821 21822 21823 21824 21825 21826
3591 0 0 3196 3205 6412 6429 6455 6456 6457 6458 6459 6460 6461 6462 6463
3592 0 0 2610 2611 2612 2613 2614 2615 2616 2617 2618 2619 2620
3593 0 0 1329 2590 2624 2704 3198 5716 5717 5718 5719 5720 5721 5722 5723
3594 0 0 6418 6424 6430 6438 6447 6454 6473 11308 11322 11323 11324 11325 11326 11327 11328
3595 0 0 6 11 12 13 40383 40384
3596 0 0 103 1070 1204 1205 1206 1207 1208 1209 1210 1211 1212 40385
3597 0 0 34763 34791 36557 36567 36616 37012 37017 37025 37041 37065 37088 37476 37492 38608 38623 38646 38660 38661 38662 38663
3598 0 0 29776 33375 33390 33399 33400 33401 33402 33403
3599 0 0 1592 3695 6135 6150 6157 6480 6493 6494 6495 6496 6497 6498 6499 6500 6501 40386
3600 0 0 1009 1583 3698 5311 6134 6155 9956 10920 10921 10922 10923 10924 40387
3601 0 0 13055 13330 14604 14610 16484 20763 23847 23877 23886 23889 23894
3602 0 0 13053 13065 13078 13084 13262 13324 14599 16407 16480 20708 20744 20753 20758 20760
3603 0 0 743 3492 3521 4886 4914 8639 13361 13368 13375 13376 13377 13378 13379 13380 13381 40388
3604 0 0 213 745 3497 4433 4443 8111 8395 8447 8635 13370 13382 13383 13384 13385 40389
3605 0 0 8841 16119 16126 16131 16132 16133 16134 16135 16136 16137 16138 16139
3606 0 0 8905 16120 23650 23661 23663 29581 29603 29605 29606 29607 29608 29609 29610 29611 29612 29613 29614 40390
3607 0 0 8914 16106 16129 23632 23654 25207 29586 29587 29588 29589 29590 29591 29592 29593 29594 29595 29596 29597 29598
3608 0 0 16029 16123 16133 17670 23653 23658 23659 23660 23661 23662
3609 0 0 14871 22951 28148 28154 28516 28536 28552 28557 28559 33497 33506 33526 33529 33536
3610 0 0 14875 22952 22959 22985 22987 26320 26329 26350 26351 26352 26353 26354 26355 26356 26357 26358 26359
3611 0 0 12553 12554 12555 12556 12557 12558 12559 12560 12561 12562 12563 12564
3612 0 0 13733 18421 18432 18678 18679 18680 18681 18682 18683 18684 18685 18686 18687 18688 18689
3613 0 0 25719 31834 31851 31863 32033 32057 32061 32067 35853 35858 35869 35878 35879 35880 35881 35882 35883 35884 35885 35886 35887
3614 0 0 11125 25721 31992 35850 35856 35862 35863 35864 35865 35866 40391
3615 0 0 11135 25711 32032 35846 35859 35882 36099 36115 36123 36127 36128
3616 0 0 25710 25720 25725 31843 31860 31994 35857 35864 35867 35868 35869 35870 35871 35872
3617 0 0 7401 7426 11432 13840 14080 14089 14094 14095 14096 14097 14098 14099 14100 14101 14102 14103 14104 14105 14106 14107 14108 14109
3618 0 0 14008 14264 18538 18543 18569 21752 22029 25993 26158 32566 32568 32569 32570 32571 32572 32573
3619 0 0 13847 13858 13990 14004 14094 14263 18514 18545 21755 26159 26167 32568 32574 32575 32576 32577 32578 32579 32580 32581
3620 0 0 11424 11446 14083 14106 18498 18519 18520 18521 18522 18523 18524 18525 18526 18527
3621 0 0 19851 19891 19892 19893 19894 19895 19896
3622 0 0 12626 12638 12649 12654 12661 12667 12669 19903 19917 19954 19960 19966 19974 19975 19976 19977 19978 19979 19980 19981 19982 19983 40392
3623 0 0 6893 12199 12203 12211 12214 12215 12216 12217 12218 40393
3624 0 0 3817 6716 6747 6751 6891 6896 11245 11250 11800 12130 12210 22321 25849 25873 25884 25885 25886 25887 25888
3625 0 0 1488 1489 1490 1491 1492 1493 1494 1495 40394 40395
3626 0 0 6630 11519 21595 21620 21641 28286 33708 33728 33733 33736 36736 36749 36751 36758 36759 36760
3627 0 0 6646 9463 12925 20724 22248 26466 27483 27494 27497 27498 27499 27500 27501 27502 27503 27504 27505 27506 27507 27508 27509 27510 27511
3628 0 0 7208 20282 20660 21561 27387 27525 27533 27547 27561 27562 27563 27564 27565 27566 27567 27568 27569
3629 0 0 20665 20723 22272 27466 27473 27482 27508 27523 27537 27540 27564 30207 33313 34827 34830 34835 34848 34849 34850 34851 34852
3630 0 0 6643 7211 7223 9458 12927 22251 26467 27502 27518 27534 27544 27546 27547 27548 27549 27550 27551 27552 27553 27554 27555 27556
3631 3 3 21655 21659 21666 21688 21699 21713 21715 21716 21717 21718 21719 21720 21721 21722 21723 21724
3632 3 3 5731 6462 6464 7363 7368 7544 10689 13889 14021 14030 14031 14032 14033 14034 14035 14036 14037
3633 3 3 7357 7541 7542 7543 7544 7545 7546 7547 7548 7549 7550 7551 7552 7553
3634 3 3 13879 13886 13893 13901 13922 14018 14020 14036 18555 18559 18563 21645 21656 21657 21658 21659
3635 0 0 6622 6631 7328 11491 11497 11504 11512 11513 11514 11515 11516 11517 11518 11519 11520
3636 0 0 3533 6612 7320 11454 11486 11495 11499 13957 32546 32555 32558 32559 32560 32561
3637 0 0 12223 12239 12240 12241 12242 12243 12244 12245
3638 0 0 12122 12227 12249 12737 12747 12750 19463 19475 19500 19506 19512 19513 19514 19515 40396
3639 0 0 1417 3299 3303 11672 11679 11681 11682 11683 11684 11685 11686 11687 40397
3640 3 3 11667 11709 11721 18958 18974 18983 18993 19010 19011 19012 19013 19014
3641 3 3 1424 6873 11664 11665 11666 11667 11668 11669 11670 11671 11672 11673
3642 3 3 3301 3308 5265 11683 11690 11706 11707 11708 11709 11710 11711 11712 11713 11714 11715
3643 0 0 11851 11881 11964 11974 12272 12285 12429 12454 12460 12515 12806 12812 12833 12842 19166 19387 19399 19411 19416 19426 19427 19428 19429 19430 19431 19432
3644 0 0 12077 12085 12435 12440 12448 12463 12466 12470 12471 12472 12473 12474 12475
3645 0 0 6794 12064 12081 12282 12437 12459 12468 19314 19406 19413 19416 19417 19418
3646 0 0 11850 12427 12461 12473 12480 12509 12511 12515 12516 12517 12518 12519 12520
3647 4 4 24445 29133 29507 30825 33541 34733 36654 37371 37393 37399 37428 37443 37461 37482 37494 37564 37592 37598 37623 37626 37627 37628 37629 37630
3648 4 4 26385 30171 30932 30974 32983 34774 37385 37445 37463 37562 37595 37603 37620 37621 37622
3649 0 0 20336 20342 20347 20351 20356 20369 27999 28017 28018 28019 28020 28021 28022 28023 28024 28025 40398
3650 0 0 27017 27997 28010 28011 28012 28013 28014 28015 28016
3651 0 0 662 1980 4462 4465 4478 4482 4485 4486 4487 40399 40400
3652 0 0 661 713 1979 1980 1981 1982 40401 40402
3653 0 0 16252 16261 16267 16279 22609 22807 23743 23769 23778 23793 23800 23801 23802 23803 23804 40403
3654 0 0 16268 16281 23735 23752 23762 23766 23780 29176 29993 30097 30118 30120 30123 30153 30159 34347 34363 34375 34376 34380 34381 34382
3655 0 0 623 1466 1910 1923 1928 1941 4330 4362 4365 4366 4367 4368 4369 4370 40404
3656 0 0 7071 8207 8224 8232 8238 8291 8684 8693 13132 13133 13134 13135 13136 13137 13138 13139 13140 13141 13142 13143 13144
3657 0 0 1867 1883 1918 1930 1936 1946 4397 4402 4407 4411 7044 7066 7067 7068 7069 7070 7071
3658 0 0 4326 4343 4359 4370 8216 8691 13141 13145 13146 13147 13148 13149 13150
3659 0 0 17905 17927 17945 17966 17967 17968 17969 17970 17971 17972 40405
3660 0 0 7216 7225 11019 17909 17946 17974 21548 21555 21556 21557 21558 21559 21560 21561 21562 21563 21564
3661 0 0 11024 17911 21549 21557 21574 21579 21581 27382 27383 27384 27385 27386 27387 27388 27389 27390 27391 27392 27393 27394 27395
3662 0 0 11022 11573 17912 17917 17941 17942 17943 17944 17945 17946 17947 17948 17949 40406
3663 0 0 4750 4754 4755 4756 4757 40407 40408
3664 0 0 4749 6160 8865 17587 23522 23529 23530 23531 23532 23533 40409 40410
3665 0 0 52 60 118 168 6330 6351 6356 6694 6707 9740 11764 15182 15190 15196 15222 15234 15263 15313 16615 22477 22485 22496 22499 22500 22501 22502 22503
3666 0 0 53 4199 4216 4263 8022 8028 8036 8085 15180 15186 15187 15188 15189 40411
3667 0 0 55 66 554 4212 8035 15180 15181 15182 15183 15184 15185
3668 0 0 4270 8086 8101 15250 15286 22473 22486 22487 22488 22489 22490
3669 0 0 7877 11949 14873 18420 18431 18456 18685 19665 22954 27095 27958 28158 28168 28183 28513 28535 28542 28548 28557 28558
3670 0 0 7159 7160 7161 7162 7163 7164 7165 7166 7167 7168 7169 7170 7171
3671 0 0 3617 5794 7350 10726 10734 13872 13882 13896 13904 13911 13933 13946 13961 13962 13963 13964 13965 13966
3672 0 0 3113 3151 3570 3571 3572 3573 3574 3575 3576 3577 3578 3579 3580 3581 3582 3583 3584 3585
3673 0 0 3581 3589 3608 3615 5772 5795 10724 10733 10734 10735 10736 40412
3674 0 0 3580 3613 7352 13875 13881 13890 13894 13895 13896 13897 13898 13899 13900 13901
3675 0 0 13054 13055 13056 13057 13058 13059 13060 13061 13062 13063 13064 13065
3676 0 0 12377 12410 13067 13079 13241 13242 13243 13244 13245 13246 13247 13248 13249 13250 13251 13252
3677 0 0 96 132 2656 2666 2671 2899 3595 3600 5759 5783 5808 5809 5810 5811 5812 5813 5814
3678 0 0 95 136 1054 1055 1056 1057 1058 1059 40413
3679 0 0 10389 17070 17159 17167 17201 17797 24649 30660 30702 30733 31124 31134 31137 31138 31139 31140
3680 0 0 10374 10381 11226 17058 17161 17173 17198 30018 30027 31054 31063 31064 31065 31066 31067 31068 31069 31070 31071
3681 0 0 5010 5218 9236 9665 9670 9689 9713 9723 40414
3682 0 0 4996 4997 4998 4999 5000 5001 5002 5003 5004 5005 5006
3683 0 0 19549 19586 26626 27639 27648 27709 28794 28857 33008 33015 33090 33100 36490 36511 36515 36526 36538 36539
3684 0 0 19186 26646 26711 26719 27803 33096 36480 36495 36501 36503 36504 36505 36506 36507
3685 3 3 14584 14631 20398 22116 22308 26309 27575 27598 33129 33146 33160 33182 33185 33191
3686 3 3 20095 20403 22118 22145 26235 26981 27338 27370 28574 30183 30197 32882 32889 33123 33148 33163 33168 33171 33172 33173 33174 33175 33176 33177 33178
3687 3 3 14587 14627 14648 20399 21398 22108 22109 22110 22111 22112 22113 22114 22115 22116 22117 22118 22119 22120 22121
3688 3 3 12408 13230 14676 20101 20688 22265 22288 22305 26305 27446 30178 30188 30193 32891 33125 33161 33177 33181 33182 33183 33184
3689 3 3 2526 3775 4020 6390 14710 14727 14734 14735 14736 14737 14738 14739
3690 3 3 5646 6381 6402 10106 11554 11585 11599 11614 11620 11627 11628 11629 11630 11631 11632
3691 0 0 2538 2566 3035 3045 3050 3827 4024 6371 6374 6381 6382 6383 6384 6385 6386 6387 6388 6389 6390 6391 40415
3692 3 3 3795 5639 7737 10113 10585 11586 11630 14709 14726 14729 14730 14731 14732 14733
3693 4 4 10889 17459 17480 17509 17514 17526 17537 17556 17632 17654 18124 18127 18128 18129 18130 18131 18132 18133 18134 18135 18136
3694 4 4 17641 17648 17652 17658 17659 17660 17661 17662 17663 17664 17665 17666
3695 0 0 12140 12147 12148 12149 12150 12151 12152 12153 12154 12155 12156 12157 40416 40417
3696 0 0 12144 12630 12655 12656 12657 12658 12659 12660 12661 40418
3697 0 0 18164 18188 24593 24615 24636 25386 25404 25423 25618 25625 25642 25643 25644 25645 25646 25647 25648
3698 0 0 11091 22764 22874 24575 24592 24607 24610 24616 24617 24618 24619 24620 24621 24622 24623 24624
3699 0 0 24585 24586 24587 24588 24589 24590 24591 24592 24593 24594 24595 24596 24597 24598
3700 0 0 11077 11085 11086 11087 11088 11089 11090 11091 11092 11093 11094 11095 11096
3701 4 4 20573 20609 23568 24175 26405 26426 30769 32902 32915 32930 32934 32935 32936 32937 32938 32939
3702 4 4 20571 20605 29687 29690 29697 29698 29699 29700 29701 29702 29703 29704 29705 29706
3703 4 4 20603 24168 29699 30774 30782 34627 35239 35244 37806 37807 37808 37809 37810 37811 37812
3704 4 4 17900 18825 20550 20565 20568 20569 20570 20571 20572 20573 20574 20575 20576 20577 20578 20579
3705 0 0 91 125 130 131 132 133 134 135 136 137 40419
3706 0 0 94 122 147 1054 2669 3590 3591 3592 3593 3594 3595 40420
3707 3 3 7159 7182 7879 11230 11231 11232 11233 11234 11235 11236 11237 11238
3708 3 3 7887 18453 21490 22953 25973 27100 28139 28149 28153 28154 28155 28156 28157 28158 28159 28160
3709 0 0 6189 6200 9011 9196 9197 9198 9199 9200 9201 9202 9203 9204 9205
3710 0 0 11070 17411 18069 22789 25073 25094 25594 31701 31706 31732 31771 31780 31787
3711 0 0 4141 4150 4157 4162 4163 4164 4165 4166 4167 4168 4169 4170
3712 0 0 2031 2040 4044 4045 4046 4047 4048 4049 4050 4051 4052 4053 4054
3713 0 0 5472 5488 5499 5505 5525 5603 9976 9980 10003 10006 10007 10008 10009 10010 10011 10012 10013
3714 0 0 5618 9999 10018 24259 24262 30517 30526 35018 35083 35085 35099 35116 35134 35151 35152 35153 35154 35155 35156 35157
3715 0 0 5872 5880 5887 5891 5898 5978 5984 5985 5986
3716 0 0 1231 1238 2824 2841 2843 2844 2845 2846 2847 2848 2849 2850 2851 40421
3717 0 0 1227 2822 2836 2847 2858 5879 5884 5938 5961 5962 5963 5964 5965 5966 5967 5968 5969 5970
3718 0 0 2831 2845 5868 5883 5888 5892 5893 5894 5895 5896 5897 5898 40422
3719 0 0 10751 11659 18905 18913 27073 27117 27130 27136 27137 27138 27139 27140 27141
3720 0 0 11294 11656 16883 16901 16912 17130 18472 18480 18486 18487 18488 18489 18490 18491 18492 18493 18494
3721 0 0 11149 11164 25715 31835 31858 31861 32038 32051 32055 32061 32062 32063
3722 0 0 16672 25686 31838 31846 31847 31848 31849 31850 31851 31852 31853
3723 0 0 7028 16427 16428 16429 16430 16431 16432 40423
3724 0 0 13290 13319 16381 16402 16410 16435 16448 20799 20804 28188 33585 33589 33620 33626 33633 33642 33643 33644 33645 33646 33647 33648
3725 0 0 2138 2143 6952 12527 12540 13292 13313 16382 16430 16433 16434 16435 16436 16437 16438 40424
3726 0 0 16431 28186 33552 33563 33579 33582 33583 33584 33585 33586 40425
3727 0 0 2201 9964 10614 16736 16758 16769 16772 16773 16774 16775 40426
3728 0 0 1268 2197 10612 10622 10627 10641 10651 10652 10653 10654 10655 10656 10657 40427
3729 0 0 1508 1516 3171 3651 3675 3680 3683 3686 3687 3688 40428
3730 0 0 1476 1482 1483 1484 1485 1486 1487 40429 40430
3731 0 0 26660 26684 26702 26741 26908 26921 26926 26929 26944 26948 27594 27610 33038 33067 33071 33080 33102 33110 33111 33112
3732 0 0 26714 26722 26731 26738 26747 26752 26756 26760 32987 33019 33046 33051 33063 33075 33083 33099 33103 36478 36494 36495 36496
3733 0 0 33019 33020 33021 33022 33023 33024 33025 33026 33027 33028 33029 33030 33031 33032 33033 33034 33035 33036 33037 33038
3734 0 0 12336 16609 26657 26673 26685 26728 26733 26739 26740 26741 26742 26743 26744 26745 26746 26747
3735 0 0 11745 11757 11765 11778 11784 11788 11804 15218 15227 15300 15305 15309 15314
3736 0 0 6702 6722 11759 11769 11774 11786 11794 11795 11796
3737 0 0 1328 1329 1330 1331 1332 1333 1334 1335 1336 1337 1338 1339 40431
3738 0 0 2585 2614 2628 10561 10569 10575 10594 17292 17296 17297 17298 17299
3739 0 0 1030 1036 1328 2587 2629 2706 2888 5628 5716 5727 5746 5754 5755 5756 5757 40432
3740 0 0 2612 2625 6411 6419 6431 6432 6433 6434 6435 6436 6437 6438 40433
3741 0 0 13837 14246 25541 25572 27157 27167 27202 27203 27204 27205 27206 27207 27208 27209 40434
3742 0 0 25536 26015 26016 26017 26018 26019 26020 26021 26022 26023 26024 26025 26026 26027 26028 26029 26030 26031
3743 0 0 25519 25535 25536 25537 25538 25539 25540 25541 25542 25543 25544 25545
3744 0 0 26025 27206 27213 27217 27231 27245 27247 27281 27291 30418 32267 33201 33217 33220 33221 33222 33223
3745 0 0 32191 36839 36840 36841 36842 36843 36844 36845 36846
3746 0 0 32166 32175 32185 32193 32198 36200 36863 36879 36886 36887 36888 36889 36890 36891 36892 36893
3747 3 3 18193 20563 20587 20598 23574 29695 29730 29787 29792 30404 31540 35980 35989 36003 36010 36023 36028 36029
3748 0 0 23576 29668 29727 31544 34684 35974 35995 35996 35997 35998 35999 36000 36001 40435
3749 3 3 21304 23009 29431 31213 31223 31284 32729 32730 32731 32732 32733 32734 32735
3750 3 3 29194 29207 31216 31286 32772 34420 34467 35449 35460 35463 36402 36416 36424 36425 36426 36427 36428
3751 0 0 16275 22612 22638 22639 22640 22641 22642 22643
3752 0 0 22623 23711 24792 24795 29105 30054 30087 30106 30127 30137 30144 30154 30155 30156 30157
3753 0 0 3622 3636 3637 3638 3639 3640 3641 3642 3643
3754 0 0 7454 7455 7456 7457 7458 7459 7460 7461 7462 7463 7464 7465 7466
3755 0 0 8919 16110 16114 16125 16126 16127 16128 16129 16130
3756 0 0 8904 16108 16121 23651 29584 29588 29599 29600 29601 29602 29603 29604
3757 0 0 14071 14072 14073 14074 14075 14076 14077 14078 14079 14080 14081 14082 14083
3758 0 0 21766 21775 21783 21787 21789 21794 21802 21809 21812 21886 26051 26053 26062 26081 26085 26086
3759 0 0 7577 10289 10343 10704 11260 14281 14293 14294 14295 14296 14297 40436
3760 0 0 3259 6606 13623 13951 13958 14285 14301 14304 14305 14306 14307 14308 14309 14310 14311 14312 14313 14314 14315 40437
3761 3 3 24435 29499 31195 36415 36442 36449 36460 36475 36476 36477
3762 3 3 29186 29199 32770 32792 32807 32812 34421 34428 34430 34446 36410 36427 36430 36461 37173 37183 37193 37206 37211 37212
3763 3 3 32777 32781 32794 32802 32813 36403 36420 36426 36429 36430 36431 36432
3764 3 3 24434 29142 30967 30998 31194 32788 34431 34441 35441 36448 36459 36476 37175 37186 37194 37207 37212 37216 37217 37218
3765 0 0 30371 33195 37687 37701 37710 37713 37714 37715 37716 37717
3766 0 0 20583 30365 30394 30399 30400 30401 30402 40438
3767 0 0 30374 30390 30398 30402 30407 30412 30417 31985 33192 33193 33194 33195 33196 33197 33198 33199 40439
3768 0 0 23615 30353 30360 30370 30399 30403 37695 37717 37730 37737 37740 37744 37747 40440
3769 0 0 25729 29669 29723 29760 31879 34685 35924 35936 35944 35959 35967 35969 35986 35997 36022 36033 36036 36038 36039 40441
3770 0 0 16075 16076 16077 16078 16079 16080 16081 16082 16083 16084 40442
3771 0 0 16082 16651 16666 25727 25734 25737 31883 35907 35917 35922 35935 35936 35937 35938
3772 0 0 16081 23599 25728 29747 29753 30301 31886 35967 40443
3773 0 0 12866 12874 12878 12879 12880 12881 12882 12883 12884 40444
3774 0 0 20106 20302 20324 20357 22215 22226 22230 22231 22232 22233 22234
3775 0 0 20288 20289 20290 20291 20292 20293 20294 20295 20296 20297
3776 0 0 6993 12868 12873 12878 20114 20119 20120 20121 20122 20123 20124 20125 20126 20127 20128 20129 40445
3777 0 0 966 2562 3044 3224 6382 6392 10092 10107 11534 11537 11555 11612 11625 11628 11634 14742 18829 18838 18843 18844 18845 18846 18847 18848 18849
3778 0 0 3094 3239 3245 6364 6375 6385 6399 6665 6666 6667 6668 6669 6670 6671 6672 6673 6674 6675
3779 0 0 18828 18829 18830 18831 18832 18833 18834 18835 40446
3780 0 0 6377 6383 6392 6393 6394 6395 6396 6397 6398 6399 6400 6401 6402 6403 6404
3781 0 0 974 2400 2417 2440 2491 2531 2542 2543 2544 2545 2546 2547 2548 2549
3782 0 0 973 993 2405 2435 2488 2540 2550 2569 2570 2571 2572 2573 2574 2575 2576 2577 40447 40448
3783 0 0 6975 12780 12790 13717 20329 20330 20331 20332 20333 20334 20335 20336 40449
3784 0 0 11858 12425 12446 12453 12489 12508 12777 12788 12789 12790 12791 12792 12793 12794 12795 12796 12797 40450
3785 0 0 10313 10337 11296 14326 16870 16877 16885 16894 16898 16899 16900 16901 16902 16903 16904 16905
3786 0 0 16879 16895 16906 16907 16908 16909 16910 16911 16912 16913 16914 16915
3787 3 3 3120 3137 3583 3614 5748 5761 5773 10736 13876 13880 13881 13882 13883 13884 13885 13886
3788 3 3 3594 5770 5774 5784 13871 13902 13903 13904 13905 13906 13907 13908 13909
3789 4 4 21303 29063 29185 29191 29192 29193 29194 29195 29196 29197 29198 29199 29200 29201 29202 29203 29204
3790 4 4 29022 29065 29183 29427 32791 32805 34233 34334 34416 34424 34425 34426 34427 34428 34429
3791 0 0 6760 7747 7802 7944 13579 13605 14747 14772 22342 22343 22344 22345 22346 22347 22348 22349 22350 22351
3792 0 0 22366 28163 28174 28885 28890 28899 28924 28938 28959 28972 28991 28995 28996 28997
3793 0 0 15955 15993 16001 16002 16003 16004 16005 16006 16007 16008 16009 16010 16011 16012 16013 16014 40451
3794 0 0 15947 15997 16032 23327 23328 23329 23330 40452
3795 0 0 13391 13398 13406 13414 13420 13425 20845 20853 20861 20862 20863 20864 20865 20866 20867 40453
3796 3 3 13454 15509 15739 20848 20874 20886 20888 20896 20942 20970 22672 22724 22727 22728 22729 22730 22731
3797 3 3 20843 20857 20862 20880 22577 22676 22720 22721 22722 22723 22724 22725 22726
3798 3 3 3503 9356 13405 13409 13417 13423 13435 13461 13468 13486 13490 13493 20847 20863 20874 20875 20876 20877 20878 20879
3799 0 0 23364 23401 23416 23425 23431 23459 23469 23486 40454
3800 0 0 16014 23289 23313 23417 23446 23458 23478 23487 23488 23489 23490 40455
3801 0 0 23406 23407 23408 23409 23410 23411 23412 23413 23414 23415 23416 23417 23418 23419 23420 23421 23422 23423 23424
3802 0 0 16041 23423 23455 23468 23486 23490 23502 23510 40456
3803 0 0 23575 25700 29799 29810 31981 31987 35973 35988 35989 35990 35991 35992 35993 35994
3804 0 0 29685 29709 29803 31944 31956 31980 31989 34635 34670 34675 34676 34677 34678 34679 34680 34681 34682 34683
3805 0 0 25690 29715 29794 29801 29802 29803 29804 29805 29806 29807 29808 29809 29810 29811 29812 29813 29814
3806 0 0 23578 29671 29684 29711 31885 31953 31982 34634 34680 35979 35988 35998 36021 36022 36023 36024 36025 36026 36027
3807 0 0 7304 7311 7316 7450 14411 21790 21795 21803 21810 21811 21812
3808 0 0 20039 21800 21806 21848 21867 21880 21883 21887 26050 26078 26086 27232 32274 33207 33211 33237 33239 33242
3809 0 0 542 1022 2601 2602 2603 2604 2605 2606 2607 2608 2609 40457
3810 0 0 544 1023 1594 1595 1596 1597 1598 1599 1600 1601 40458
3811 0 0 1033 1052 2879 2883 2887 2888 2889 2890 2891 2892 40459
3812 0 0 1032 1036 1037 1038 1039 1040 1041 1042 1043 1044 40460
3813 0 0 6984 13631 13639 13658 13664 13665 13666 13667 13668 13669 13670 13671 13672 13673 13674
3814 0 0 13629 13657 13699 13710 13716 40461
3815 4 4 29301 29330 29350 29362 34134 34139 37110 37120 37121 37122 37123 37124 37125 37126 37127
3816 4 4 15885 15895 15902 15913 15922 15927 15939 16177 23126 23179 23184 29294 29307 29308 29309 29310 29311 29312 29313 29314 29315
3817 4 4 15924 15937 20737 22240 23127 23851 23909 29296 29308 29318 29321 29322 29323 29324 29325 29326 29327 29328 29329 29330 29331 29332 29333
3818 4 4 16182 16190 23181 29300 29334 29339 29346 34133 34138 34139 34140 34141 34142
3819 3 3 29666 34570 34583 34590 34600 34647 36233 36234 36235 36236 36237 36238 36239 36240 36241
3820 3 3 24173 34652 35235 37806 38174 38181 38191 38199 38204 38207 38208 38209 38210 38211
3821 3 3 36241 37840 38156 38167 38168 38169 38170 38171 38172 38173 38174 38175
3822 3 3 23560 29662 32908 34523 34569 34576 34580 34605 34606 34643 34645 34646 34647 34648 34649 34650 34651 34652 34653
3823 4 4 18395 18401 25812 25821 25835 28500 30625 30645 30649 30662 30666 30667 30668 30669 30670 30671 30672
3824 4 4 7712 18319 18338 25760 25797 25798 25799 25800 25801 25802 25803 25804 25805
3825 3 3 24105 24117 24123 27000 36628 38569 38580 38830 38842 38843 38844 38845 38846 38847 38848 38849
3826 3 3 24104 34100 34111 34112 34113 34114 34115 34116 34117 34118 34119 34120 34121 34122 34123
3827 0 0 12987 20286 20410 20420 27609 27615 27619 27620 27621 27622 27623 40462
3828 0 0 20409 20432 20436 20437 20438 20439 40463
3829 0 0 3401 7378 7413 7431 7432 7433 7434 7435 40464
3830 0 0 6535 6591 7384 11397 11398 11399 11400 11401 11402 11403 11404 11405 11406 40465
3831 0 0 4641 4717 8512 8541 15813 15881 15912 15926 22409 23124 23125 23126 23127 23128 23129 23130 23131 23132
3832 0 0 23183 23188 29297 29312 29320 29328 29334 29335 29336 29337 29338
3833 0 0 3699 6144 6499 9782 9786 9793 9800 9801 9802 9803 9804 9805 9806
3834 0 0 6139 6152 6154 9796 9961 10922 11043 11044 11045 11046 11047 11048 11049 11050 11051
3835 0 0 30875 30876 30877 30878 30879 30880 30881 30882 30883 30884 30885 30886 30887 30888 30889 30890 30891 30892 30893 30894 30895 40466
3836 3 3 15583 15977 29156 30904 30948 30958 30973 31026 37388 37402 37427 37439 37449 37459
3837 0 0 1904 1910 1911 1912 1913 1914 1915 1916 1917 1918 1919 1920 40467
3838 0 0 214 215 216 217 218 219 40468
3839 0 0 219 651 1447 1905 1913 1921 1948 1949 1950 1951 1952 40469
3840 0 0 214 451 1912 1945 1954 1963 4321 4345 4353 4359 4360 4361 4362 4363 4364 40470
3841 0 0 25682 31837 31850 31871 32066 35885 35895 35900 35908 35919 36052 36062 36081 36092
3842 0 0 31889 35886 35896 35903 35910 35920 35927 35931 35937 35939 35948 35958 35970 35999 36024 36031 36037 36038 36049 36064 36073 36083 36084
3843 0 0 7686 7701 7702 7703 7704 7705 7706 7707 7708 7709
3844 0 0 7700 9819 9839 14163 14172 14173 14174 14175 14176 14177 14178 14179 14180
3845 0 0 20043 21851 26018 26044 26069 26080 27224 27250 32209 32217 32224 32257 32271 32274 32275
3846 0 0 21772 21776 26040 26053 26054 26055 26056 26057 26058 26059 26060
3847 0 0 11426 13856 14109 14265 18503 18515 18522 18535 18540 18541 18542 18543 18544 18545
3848 0 0 11423 18500 18525 18539 18567 21753 22030 25988 25993 25994 25995 25996 25997 25998 25999 26000
3849 0 0 2159 2167 3305 3361 3471 5263 5273 5284 6866 12092 13129 19057 19064 19086 19111 19113 19114 19115 19116
3850 0 0 1400 2164 3354 3365 3366 3367 3368 3369 3370
3851 0 0 149 1354 3586 3596 40471
3852 0 0 153 1362 3116 3576 3587 3590 3609 3616 5750 5760 5772 5773 5774 5775 5776 40472
3853 0 0 27237 27256 27264 27270 27271 27272 27273 27274 27275 27276 27277
3854 0 0 26016 27238 27254 27267 27278 27279 27280 27281 27282 27283 27284 27285 27286 27287 27288
3855 0 0 273 1276 2184 2523 5442 5449 5450 5451 5452 5453 5454 5455 5456 5457 5458 40473
3856 0 0 5466 5467 5468 5469 5470 5471 5472 5473 5474 5475 5476 5477
3857 4 4 25554 27180 30327 38995 39004 39010 39019 39023 39044 39119 39127 39162 39173 39174 39175
3858 4 4 27182 28332 34941 37673 38458 38464 38479 39002 39126 39164 39178 39180 39182 39187 39190
3859 0 0 11434 11440 14102 20083 32563 32598 32615 32636 32645 32649 32652 32653 32654
3860 0 0 11483 13830 14242 20053 20093 21935 21945 21947 21948 21949 21950 21951 21952 21953
3861 0 0 14100 20060 20094 21949 32577 32613 32621 32634 32644 32645 32646 32647 32648
3862 0 0 11439 14245 21937 21953 21993 25532 25567 25570 32592 32614 32632 32635 32639 32649 32650 32651
3863 0 0 980 987 2412 2424 2425 2426 2427 2428 2429 2430 2431 40474
3864 4 4 977 2414 2437 2450 2460 2481 2485 2489 2521 2559 3805 10048 10088 10095 10100 10104 10105
3865 0 0 2636 5701 5711 10349 10353 10354 10355 10356 10357 10358 10359 10360 10361
3866 0 0 2638 10347 10643 10651 10658 10659 10660 10661 10662 10663 10664 40475
3867 3 3 34422 36409 36457 36462 37171 37188 37191 37201 37202 37203 37204 37205 37206 37207
3868 3 3 30994 34442 35335 35357 37170 37185 37192 37193 37194 37195 37196 37197 37198 37199 37200
3869 3 3 15348 15357 15366 15370 16189 26476 26483 29341 29343 32973 34125 34132 34133 34134 34135 34136 34137
3870 3 3 22742 26480 29068 32948 32974 34127 34297 37117 37569 37581 37636 37647 38665 38679 38680 38681 38682
3871 3 3 34131 34137 34142 34211 34253 34285 34296 34320 37112 37118 37121 37154 37165 37570 37586 37618 37637 37647
3872 3 3 15346 22732 22751 26473 26478 26479 26480 26481 26482 26483 26484 26485
3873 0 0 4652 8526 13514 13515 13516 13517 13518 13519 13520 13521 13522 13523
3874 0 0 15758 15759 15760 15761 15762 15763 15764 15765 15766 15767 15768 15769 15770 15771
3875 0 0 15758 15786 15795 15819 21177 22378 22400 22401 22402 22403 22404 22405 22406 22407 22408
3876 0 0 4634 4650 8528 8714 13522 15679 15704 15766 15797 15802 15803 15804 15805 15806 15807 15808 15809 15810
3877 0 0 15563 15577 15951 15964 15965 15966 15967 15968 15969 15970 40476
3878 0 0 15961 16148 23558 29873 29881 34514 34525 34545 34549 34559 34560 34561 40477
3879 0 0 15571 15953 15962 15966 16142 16148 16149 16150 16151 16152 16153 16154 16155 16156 16157 16158 40478
3880 0 0 15960 15968 16151 23555 23556 23557 23558 23559 40479
3881 0 0 9167 22808 23745 23794 23797 29905 29946 29947 29972 29977 29978 29979 29980
3882 0 0 9183 22812 23687 29907 29917 29934 29949 29952 29985 29986 40480
3883 0 0 9156 9162 9173 9179 16192 23694 29895 29914 29923 29924 29925 29926 29927 29928
3884 0 0 9187 22804 23688 23795 29909 29933 29948 29979 29985 29987 29988 29989 29990 29991
3885 4 4 14721 14764 14774 14790 14794 14801 14858 14892 14939 14958 14961 14976 14988 14991 15000 15006 15025 15026 15027 15028 15029
3886 4 4 1707 3920 4025 7856 14807 14819 14829 14835 14848 14861 14899 14922 14930 14932 14933 14934 14935 14936 14937
3887 4 4 3771 3788 3979 4016 4026 14786 14797 14800 14860 14935 14940 14955 14962 14977 14981 14984 14987 14988 14989
3888 4 4 14847 14855 14862 14896 14934 14938 14947 14995 14996 14997 14998 14999 15000 15001 15002 15003
3889 0 0 31533 31538 31546 35655 35665 35672 35679 35680 35681 40481
3890 0 0 20555 20566 20585 20593 27750 27751 27752 27753 27754 27755 27756 27757 27758 40482
3891 0 0 15623 23907 29323 37124 37128 37129 37130 37131 37132 37133 37134 37135 37136
3892 0 0 37549 37550 37551 37552 37553 37554 37555 37556 37557 37558 37559 37560 37561 37562 37563 37564 37565 37566 37567 37568 37569 37570 37571 37572 37573
3893 0 0 37113 37119 37127 37136 37141 37150 37156 37159 37162 37164 37167 37546 37560 37584 37608 37612 37618 37619
3894 0 0 37508 37514 37520 37523 37529 37534 37539 37542 37548 37561 37580 37600 37606 37609 37617
3895 0 0 359 379 390 392 879 1289 1296 1303 10177 10178 10179 10180 10181 10182 10183 10184 10185 40483
3896 0 0 26 104 254 351 363 367 368 369 370 371 372 373 374 375 376 40484
3897 0 0 251 355 367 383 387 877 1283 1288 1294 1311 40485
3898 0 0 25 106 354 357 358 359 360 361 362 363 364 365 366
3899 0 0 2872 5622 10463 10471 10518 10545 10553 10570 10606 10694 17323 18296 18607 18616 24889 24902 24962 25778 31315 31317 31326 31336
3900 0 0 1038 1049 1367 1375 2584 2880 5625 10458 10474 10511 10514 10549 10552 10557 10564 10565 10566 40486
3901 0 0 1041 1045 1371 2874 5818 10473 10481 10509 10513 10514 10515 10516 10517 10518 10519 10520 10521 10522
3902 0 0 2581 5627 10543 10560 10564 10567 10568 10569 10570 10571
3903 4 4 3264 3286 5228 6727 7057 7768 7796 9745 11806 11821 15211 15226 15261 15280 15292 15293 15294 15295 15296 15297 15298 15299
3904 4 4 112 167 6683 6684 6685 6686 6687 6688 6689 6690 6691 6692 6693 6694 6695 6696 6697 6698 6699 6700 6701
3905 0 0 31117 31228 31257 32470 32515 32525 37899 37933 37936 37944 37948 37949 37950 37951 37952 37953
3906 0 0 31044 31263 32497 32504 32505 32506 32507 32508 32509 32510 32511 32512 32513 32514
3907 0 0 31174 31189 32501 32512 32518 32528 37949 37959 37977 38325 38337 38338 38339 38340 38341
3908 0 0 31047 31232 31252 31253 31254 31255 31256 31257 31258 31259 31260 31261 31262 31263 31264
3909 0 0 24468 24474 29165 31019 35292 35308 35309 35310 35311 35312 35313 35314 35315 35316 35317 35318 35319 35320
3910 0 0 24440 24458 24469 29149 29158 29168 30979 35263 35270 35271 35272 35273 35274 35275 35276 35277 35278 35279 35280
3911 0 0 24460 24472 35260 35276 35286 35318 35360 35412 35418 35426 35430 35431 35432 35433 35434 35435 35436 35437 35438
3912 0 0 24463 29153 29154 29155 29156 29157 29158 29159 29160 29161 29162 29163
3913 0 0 17773 17781 17799 17800 17801 17802 17803 17804 17805 17806 17807 17808 17809 17810 17811
3914 0 0 11003 11014 16969 17401 17423 17782 17792 17834 17840 17848 17865 17866 17869 17870 17871 17872 17873 17874
3915 0 0 17775 17780 17791 17805 17836 17845 17858 17872 17878 17882 17883 17884 17885 17886 17887
3916 0 0 17379 17405 17804 17817 17832 17851 17860 17868 17890 24500 24503 24526 24910 24919 24920 24921 24922
3917 0 0 5026 5036 5037 5038 5039 5040 5041 5042 40487 40488
3918 0 0 5017 5120 5173 5181 5185 5187 5188 5189 5190 5191 5192 5193 5194 40489
3919 0 0 5018 5042 5103 5118 5157 5163 5168 5169 5170 5171 5172 5173 5174 5175 40490
3920 0 0 5021 5029 5037 5046 5177 5180 5183 5184 5185 5186 40491 40492 40493
3921 0 0 18218 18225 18242 25705 25722 31992 31993 31994 31995 31996 31997 31998 31999 40494
3922 0 0 18220 18237 18238 25707 25743 35868 35873 35878 35888 35889 35890 35891 35892 35893 35894 35895 35896 35897
3923 0 0 32754 32759 32768 32769 32795 32808 32812 32813 32814
3924 0 0 26259 29480 32724 32765 32779 32796 32800 32801 32802 32803 32804
3925 0 0 20138 22168 22189 27005 27378 28626 28657 30213 36542 36549 36550 36551 36552
3926 0 0 13210 14654 14681 20104 20136 20616 20623 20636 20643 22173 22178 22190 22199 22200 22201 22202
3927 0 0 12237 18405 25856 25862 25875 25880 25889 25925 25960 25977 25981 25982 40495
3928 4 4 11248 11254 21031 21057 21069 21078 25837 25838 25839 25840 25841 25842 25843 25844 25845 25846 25847 25848 25849 25850 25851
3929 0 0 16465 16490 20709 20742 20750 20762 23843 23860 23873 23876 23888 23889
3930 0 0 20703 20715 20731 23837 23851 23852 23853 23854 23855 23856 23857 23858
3931 3 3 1601 6446 7633 7654 7660 7664 7665 7666 7667 7668 7669 7670
3932 3 3 3751 3761 7655 7716 7733 14513 18344 18350 18354 18355 18356 18357 18358 18359
3933 0 0 546 1587 1599 2601 3750 3760 6439 7630 7638 7650 7661 7666 11342 18330 18336 18343 18349 18350 18351 18352 18353 40496
3934 3 3 3754 7627 7646 7657 7719 7727 9807 14509 14512 14513 14514 14515 14516 14517 14518 14519 14520 14521
3935 0 0 12936 12941 12948 12954 12965 12968 12969 12970 12971 12972 12973 40497
3936 0 0 7101 12955 20151 20686 20695 22262 22275 27408 27414 27435 27442 27460 27463 27481 33289 33300 33304 33308 33342 33356 33363 33367 33369 33370
3937 0 0 3461 7085 12937 12953 12962 12968 12979 27436 27456 27461 33341 33354 33362 33364 33368 33370 40498
3938 0 0 7099 12945 12956 12973 12974 13205 13224 14660 20130 20146 20150 20151 20152 20153 20154 20155 20156 20157 20158 20159 20160 20161
3939 0 0 3407 6990 11480 13831 14241 20058 20066 20074 20088 21939 21948 33243 33252 40499
3940 0 0 6989 11479 12858 13826 20075 21941 21980 21995 22000 22001 22002 22003 40500
3941 0 0 6986 6987 6988 6989 6990 6991 40501
3942 0 0 11481 12848 13825 13826 13827 13828 13829 13830 13831 13832 13833 13834 13835 13836 13837 40502
3943 0 0 16056 16064 16065 16066 16067 16068 16069 16070 16071 16072 16073 16074 40503
3944 0 0 16274 22601 22613 22632 22641 22922 22923 22924 22925 22926 22927 22928 22929 22930 22931
3945 0 0 16067 16248 16266 16272 22610 22922 23804 23805 34358 34392 34395 34400 34403 34407 34409 34412 40504
3946 0 0 4481 15448 15465 16054 16068 22604 22618 22927 22932 22933 22934 22935 22936 22937 22938 40505
3947 3 3 24683 24694 34417 34462 35450 36401 36423 36428 36432 36433 36452 36464 37174 37187 37190 37201 37210 37211 37213 37214 37215
3948 3 3 35791 35792 35793 35794 35795 35796 35797 35798 35799 35800 35801 35802 35803 35804 35805
3949 3 3 35453 35462 35465 35472 35479 35490 35494 35505 35802 36404 36417 36425 36433 36434 36435 36436 36437 36438 36439 36440
3950 3 3 24681 24693 35409 35794 35816 35827 35845 36453 36468 37177 37205 37209 37215 37220 37223 37224 37225 37226 37227
3951 4 4 22639 22930 24801 30053 30101 30138 30146 30151 30156 34346 34362 34367 34376 34377 34378 34379
3952 4 4 31754 31765 31794 31797 34352 34373 34383 34391 34397 34398 34399 34400 34401
3953 4 4 16265 23782 23802 29996 34350 34380 34388 34390 34391 34392 34393 34394
3954 4 4 22917 24804 30050 30081 31669 31741 31753 34348 34366 34379 34383 34384 34385 34386 34387
3955 0 0 12998 13005 13019 13028 13031 13032 13033 40506
3956 0 0 5214 9728 9731 9734 13002 13022 13027 13034 13038 13044 13045
3957 0 0 12989 12990 12991 12992 12993 12994 12995 12996 12997 12998 12999 13000 13001 13002
3958 0 0 9704 9705 9706 9707 9708 9709 40507
3959 0 0 17404 17771 17784 17796 17822 17837 17847 17867 17870 17888 17889 17890 17891 17892
3960 0 0 10967 10968 10969 10970 10971 10972 10973 10974 10975 10976
3961 0 0 10377 10982 10987 10999 17067 17765 17776 17786 17787 17788 17789 17790 17791 17792 17793 17794 17795 17796 17797 17798
3962 0 0 9010 10369 10967 10979 10995 11009 17367 17376 17394 17400 17410 17424 17812 17871 17889 24487 24519 24525 24556 24567 24571 24572 24573 24574
3963 3 3 28306 29441 29454 29487 29510 29517 29526 30793 30801 30830 30841 30842 30843 30844 30845 30846 30847
3964 3 3 28298 28348 30802 30835 33744 33755 33765 33772 33773 33774 33775 33776 33777 33778 33779 33780 33781 33782
3965 3 3 28308 28320 28326 28336 29530 29545 30841 33741 33751 33752 33753 33754 33755 33756 33757 33758
3966 3 3 30794 30800 30801 30802 30803 30804 30805 30806 30807 30808 30809 30810 30811 30812 30813 30814
3967 0 0 19855 19910 19925 19937 19939 19940 19941 19942 19943 19944 19945
3968 0 0 7199 11304 12652 13608 19853 19882 19896 19897 19898 19899 19900 19901 19902 19903 19904 19905
3969 0 0 11307 12653 19898 19943 19955 19967 19982 19988 26486 26501 26502 26503 26504 26505 26506 26507 40508
3970 0 0 19847 19861 19870 19880 19890 19892 19906 19920 19921 19922 19923 19924 19925 19926
3971 3 3 22380 22389 22399 22408 22422 22558 23114 23116 23123 23133 23218 23227 23228 23229 23230 23231 23232
3972 3 3 7966 7984 8187 8673 15128 15129 15130 15131 15132 15133 15134 15135 15136 15137 15138
3973 0 0 23611 23994 27746 28708 28713 28726 30350 34956 37029 37035 37051 37057 37058 37059 37060 37061
3974 0 0 23607 23615 23616 23617 23618 23619 23620 23621 40509
3975 0 0 23608 23616 27744 27745 27746 27747 27748 27749 40510
3976 0 0 20588 23610 23619 27756 28703 28716 28725 29781 30355 30359 30360 30361 30362 30363 40511
3977 0 0 2829 2861 5869 5874 5886 5888 5889 5890 5891 40512
3978 0 0 2857 5867 5876 5885 5967 5977 5984 10819 10910 17553 17561 17629 17639 17643 17649 17650 17651 17652
3979 3 3 10969 10985 17083 17414 18076 22779 22796 24476 24518 24530 24557 24563 24566 24568 24569 24570 24571
3980 3 3 17060 17079 22773 22788 22793 24540 24602 24632 24658 24659 24660 24661 24662 24663 24664 24665 24666
3981 3 3 17064 17084 22794 24480 24511 24533 24539 24540 24541 24542 24543 24544 24545 24546 24547 24548 24549
3982 3 3 4864 11067 17413 18075 22774 22779 22780 22781 22782 22783 22784 22785 22786 22787 22788 22789 22790
3983 4 4 29618 29640 29761 30305 30307 30308 30309 30310 30311 30312 30313 30314
3984 0 0 16091 16101 23594 23601 29634 29738 29745 29746 29747 29748 29749 29750 29751 29752 40513
3985 3 3 1728 6767 6785 7750 7957 8002 11826 13594 13595 13596 13597 13598 13599 13600 13601 13602 13603 13604 13605 13606 13607
3986 3 3 6762 6774 7800 7801 7802 7803 7804 7805 7806 7807 7808 7809 7810 7811 7812 7813
3987 0 0 79 85 235 767 800 801 802 803 804 805 806 807 808 809 40514
3988 0 0 2088 2089 2090 2091 2092 2093 40515
3989 0 0 806 2088 2094 2095 2096 2097 2098 40516
3990 0 0 807 2084 2092 3518 4933 4934 4935 4936 4937 4938 4939 4940 4941 4942 4943 4944 4945 4946
3991 0 0 6905 12702 12720 12765 12836 12839 19993 20007 20010 20014 20015 20016 20017
3992 0 0 12154 12570 12641 12825 13696 13704 13723 13728 19994 20002 20011 20018 20019 20020 20021 20022 20023 20024 40517
3993 0 0 3345 3349 6904 12147 12716 12801 13720 13726 19998 20008 20013 20015 20035 40518
3994 0 0 12787 12797 12804 12809 12814 12828 12837 12844 13727 19990 20001 20002 20003 20004 20005 20006 20007
3995 3 3 26413 28686 30751 30763 30771 32906 32939 34809 37406 37432 38879 38899 38930 38935 38944 38948 38950
3996 3 3 28710 30339 30340 30341 30342 30343 30344 30345 30346 30347 30348 30349
3997 3 3 28697 30339 30754 30764 34781 37038 37042 37048 37062 37063 37064 37065 37066 37067 37068 37069
3998 3 3 20575 20602 24170 26406 28705 29785 30347 30759 30761 30769 30770 30771 30772 30773 30774 30775
3999 0 0 15096 15102 15106 15114 15117 15121 15127 15658 15659 15660 15661 15662 15663 15664 15665
4000 0 0 4319 4320 4321 4322 4323 4324 4325 4326 4327 4328 4329 4330 4331 4332 4333 4334 4335 4336 4337 40519
4001 0 0 4322 4342 4729 8211 13146 13173 15063 15078 15084 15085 15086
4002 0 0 4337 4732 12552 12994 13008 13018 15111 15122 15662 15666 15692 15695 15696 15697 15698 15699 15700 15701
4003 0 0 31277 31303 35384 35506 35507 35508 35509 35510 35511 35512 35513 35514 35515
4004 0 0 21285 21286 21287 21288 21289 21290 21291 21292 21293 21294 21295 21296 21297 21298 21299 21300 21301 21302 21303 21304
4005 0 0 21247 21341 21346 24868 24879 31275 31282 31300 31301 31302 31303 31304
4006 0 0 10407 21272 21299 21350 21357 21380 22890 23721 29208 31273 31283 35512 35516 35517 35518 35519
4007 0 0 4065 4087 14883 14913 14925 14950 14963 14966 14967 14968 14969 14970 14971
4008 0 0 7898 7907 7914 11744 11754 11790 14763 14773 14978 14990 15027 15051 15213 15232 15277 15291 15302 15305
4009 0 0 3851 3861 3866 4090 7893 7913 11743 11756 14776 14789 14793 14952 14971 14972 14975 14976 14977 14978 14979
4010 0 0 4075 11749 14885 14904 14917 14970 14974 14993 15052 15155 15161 15209 15230 15247 15269 15290 15291
4011 4 4 24 360 5853 6244 6258 6274 10244 24297 24307 24313 24314 24315 24316 24317 24318
4012 4 4 10485 10494 16855 18306 24303 24320 24325 24326 24327 24328 24329 24330 24331 24332
4013 0 0 5858 10241 10245 10490 24300 24306 24314 24319 24320 24321 24322 24323 24324 40520
4014 4 4 6236 6253 6261 16851 18262 18272 18307 24299 24317 24331 24334 24335 25751 32082 32092 32107 32110 32128 32132 32133 32134
4015 3 3 9106 21096 21119 21126 21186 21200 21206 21215 21325 22568 28918 28927 28937 28943 28944 28945
4016 3 3 9080 9081 9082 9083 9084 9085 9086 9087 9088 9089 9090 9091 9092 9093 9094 9095
4017 3 3 9088 9111 9136 9144 15018 15178 21287 21308 21315 21316 21317 21318 21319 21320 21321 21322 21323 21324 21325
4018 3 3 4561 4571 8431 8601 9087 9114 9118 9149 9151 21097 21116 21117 21118 21119 21120 21121 21122
4019 3 3 12920 12928 20236 20256 27488 27500 27512 27513 27514 27515 27516 27517 27518 27519
4020 3 3 9453 9643 12924 22250 27495 27505 27530 28208 28209 28210 28211 28212 28213
4021 3 3 20252 20262 27477 27486 27487 27488 27489 27490 27491 27492 27493 27494 27495 27496
4022 3 3 9452 9648 12921 12922 12923 12924 12925 12926 12927 12928
4023 0 0 38400 38401 38402 38403 38404 38405 38406 38407 38408 38409 38410 38411 38412 38413
4024 0 0 28375 36779 36781 36782 36783 36784 36785 36786 36787 36788 36789 36790 36791 36792
4025 0 0 20079 21936 21940 21983 22000 28265 28272 28279 32629 33738 36741 36756 36764 36769 36770 36772 40521
4026 0 0 6986 13864 20055 20063 20068 20069 20070 20071 20072 20073 20074 40522
4027 0 0 13863 20068 20076 21642 21985 28267 33737 36738 36753 36757 36759 36764 36765 36766 36767 40523
4028 0 0 6987 11482 13836 20049 20071 20077 21931 21939 21940 21941 21942 21943 21944 21945 21946
4029 0 0 34110 34123 37008 37079 37080 37081 37082 37083 37084 37085 37086 37087
4030 0 0 34103 34114 37054 37072 37095 37099 38831 38838 38855 38862 39033 39075 39110 39131 39138 39143 39144 39145 39146
4031 0 0 22769 23685 29175 29910 29932 29964 29990 31103 31736 31762 31779 31783 31789 34345 34364 34369 34370 34371 34372 34373 34374 34375
4032 0 0 22811 23740 23781 23789 23799 23800 23806 29911 29951 29976 29978 29987 29992 29993 29994 29995 29996
4033 3 3 22965 22975 22992 24707 27872 27900 27909 27929 27936 27966 29264 29268 29288 31202 31208 31209 31210 31211 31212
4034 3 3 18802 18803 18804 18805 18806 18807 18808 18809 18810 18811
4035 0 0 17156 17168 17193 24378 30697 30699 30700 30701 30702 30703 30704
4036 0 0 17150 17175 17180 17203 24244 30695 31067 31078 31123 31130 31131 31132 31133 31134 31135 31136
4037 0 0 837 838 839 840 841 40524
4038 0 0 1014 2785 2789 2968 5647 5648 5649 5650 5651 5652 5653 5654 5655 40525
4039 0 0 15776 23155 23162 23166 23167 23168 23169 23170 23171 23172 23173 23174
4040 0 0 15764 15796 15802 15818 23139 23145 23146 23147 23148 23149 23150 23151 23152 23153
4041 0 0 27774 28699 30341 30765 33376 33385 33402 34782 35693 35699 37022 37028 37032 37043 37048 37049 37050
4042 0 0 27397 28602 28608 28634 29767 29768 29769 29770 29771 29772 29773 29774 29775 29776
4043 0 0 28596 28612 28666 29772 33378 33393 36566 37010 37016 37017 37018 37019 37020
4044 0 0 17920 20538 27401 27769 28635 29767 33372 33381 33382 33383 33384 33385 33386 33387 33388 33389 33390 33391
4045 0 0 12909 20186 20217 20220 33274 33310 33351 33357 33358 40526
4046 0 0 20215 20225 33290 33312 33338 33347 33360 33363 33364 33365 33366 40527
4047 4 4 667 689 694 700 2010 2013 3062 3068 3069 3070 3071 3072 3073 3074 3075 3076 3077
4048 0 0 698 703 939 953 1966 1967 1968 1969 1970 1971 1972 1973 1974 1975 1976 1977 1978 40528
4049 3 3 10775 10789 10803 13967 14003 14248 14311 14319 14324 17352 17353 17354 17355 17356 17357 17358 17359 17360 17361 17362
4050 3 3 7340 11463 13844 13850 13927 13935 13973 13984 13986 13987 13988 13989 13990 13991 13992 13993 13994
4051 3 3 11458 11465 13971 13985 13987 14288 14314 14317 14319 14320 14321 14322 14323
4052 3 3 13928 13936 13970 13994 13995 14002 14253 14266 14272 17353 18575 21671 21689 21692 21704 21705 21706 21707
4053 0 0 6806 6878 12021 12027 12035 12037 12038 12039 12040 12041 12042 12043 12044 12045 12046 40529 40530
4054 3 3 6813 6825 12033 19255 19275 19321 19368 19392 19401 19402 19403 19404 19405
4055 0 0 12300 12307 19077 19442 19557 26791 32989 32997 32998 32999 33000 33001 33002 33003 33004
4056 0 0 12312 19174 19547 19561 19578 19585 26629 26821 27646 32991 33013 33014 33015 33016 33017 33018
4057 0 0 11882 12292 12310 12318 19381 19420 19543 19554 19562 19570 19576 19577 19578 19579 19580 19581 19582
4058 0 0 32988 32996 33004 33012 33018 33022 33040 33054 33089 33101 36481 36496 36500 36505 36508 36509 36510 36511 36512 36513
4059 0 0 5019 5079 5095 5111 5115 5116 5117 5118 5119 5120 5121
4060 0 0 5073 5100 5113 9630 9645 12899 12914 20171 20196 20197 20198 20199 20200
4061 0 0 10167 10268 10302 10306 10715 17343 30542 30561 30565 31522 34983 35000 35010 35022 35030 35033 35038 35039 35040 35041 35042
4062 0 0 3601 5793 5834 5837 5849 7568 7575 10296 10527 10541 10702 10706 10707 10708 10709 10710 10711 10712 10713 40531
4063 0 0 10607 10697 18605 18612 18618 24962 24963 24964 24965 24966 24967 24968 24969 24970 24971 24972 24973 24974
4064 0 0 5725 7550 10688 11387 17310 18586 18599 18614 18617 18623 24986 24993 25000 25002 25006 25007 25008 25009 25010 25011
4065 0 0 6764 6773 6774 6775 6776 6777 6778 6779 6780 6781 6782 6783 6784 6785 6786 6787
4066 0 0 7763 7774 7782 7792 7799 11828 21472 22313 22322 22328 28770 28810 28836 28866 28870 28873 28874 28875 28876
4067 0 0 6720 6745 6756 7754 7755 7756 7757 7758 7759 7760 7761 7762 7763
4068 0 0 1733 4376 6771 6786 7779 7795 11809 11819 11820 11821 11822 11823 11824 11825 11826 11827 11828 11829
4069 4 4 38020 38021 38022 38023 38024 38025 38026 38027 38028 38029 38030 38031
4070 4 4 5925 10839 10874 10892 10907 17531 17558 17570 17579 17597 17655 25232 25233 25234 25235 25236 25237 25238 25239
4071 4 4 10843 18147 25238 31553 31560 31561 31562 31563 31564 31565 31566
4072 4 4 17569 17576 17583 17593 17596 17603 17606 17635 25168 25174 25177 25186 25211 25232 25240 31547 31548 31549 31550 31551
4073 0 0 8920 8921 8922 8923 8924 8925 8926 8927 8928 8929 8930 8931 8932 8933
4074 0 0 8940 8951 9778 9906 14222 14563 21900 22088 32169 32181 32186 32187 32188 32189 32190 32191 32192 32193
4075 0 0 8923 8936 9776 9809 9907 14519 14524 14534 14560 14561 14562 14563 14564 14565 14566 14567 14568 14569 14570 14571
4076 0 0 8933 8937 8952 9771 10917 11059 16159 16160 16161 16162 16163 16164 16165 16166
4077 0 0 18625 21726 21734 25004 25006 28468 31501 31511 33938 33945 33967 33973 36962 36974 36983 36984 36985 36986
4078 0 0 30507 31493 31500 34993 34996 35012 35029 36191 36294 36964 36976 36978 36988 36991 36993 37783 37791 37805 38081 38135 38143 38146 38149 38152
4079 0 0 31495 31498 31499 31500 31501 31502 31503 31504 31505 31506 31507 31508
4080 0 0 18629 28469 32355 32370 32393 32396 32426 33901 33935 36277 36295 36960 36967 36972 36977 36978 36979 36980 36981 36982 36983
4081 0 0 12364 16587 19218 19219 19220 19221 19222 19223
4082 0 0 12334 12347 12362 16552 16579 16588 16602 16608 19234 26672 26736 26740 26748 26749 26750 26751 26752
4083 0 0 9465 9470 9633 9647 12926 20174 27497 27517 27552 27557 27558 27559 27560 40532
4084 0 0 20169 20173 20180 20189 20195 20200 20205 20207 33264 33270 33277 33294 33325 33326 33327 33328 40533
4085 3 3 9644 12913 12921 20199 20234 27515 27528 27553 27559 27572 33254 33271 33277 33278 33279 33280 33281 33282 33283 33284 33285
4086 0 0 9455 9468 9628 20162 20174 20175 20176 20177 20178 20179 20180 40534
4087 3 3 29704 29710 29786 29796 29808 30329 30330 30331 30332 30333 30334 30335 30336 30337 30338
4088 3 3 29804 30369 30388 30392 30405 31938 31965 31986 33194 37686 37700 37708 37709 37710 37711 37712
4089 3 3 7967 7980 7983 8186 15133 15139 15140 15141 15142 15143 15144 15145 15146 15147 15148 15149
4090 3 3 1853 1875 1894 4386 7968 8191 8253 8262 8274 15379 15390 15398 15401 15403 15404 15405
4091 3 3 7969 8154 8161 8283 15140 15163 15268 15380 15396 15400 15403 15406 15407 15408 15409 15410 15411
4092 3 3 1855 1871 4388 4414 7963 7985 8181 8182 8183 8184 8185 8186 8187 8188 8189 8190 8191 8192 8193 8194 8195 8196 8197 8198 8199
4093 0 0 17893 20551 20564 20595 25481 25490 25491 25492 25493 40535
4094 0 0 17915 25485 25496 25499 26388 26397 26398 26399 26400 26401 26402 26403 26404 40536
4095 0 0 17904 20548 20578 25480 25492 25497 25506 26393 26402 26408 27759 27760 27761 27762 27763 27764
4096 0 0 17894 18822 25482 25490 25494 25495 25496 25497 25498 40537
4097 4 4 7706 14164 14176 14497 14555 14558 16716 22051 24143 24147 24153 24154 24155 24156 24157 24158
4098 4 4 9823 9833 9904 9923 14221 14528 14567 16689 16719 21897 21898 21899 21900 21901 21902 21903 21904
4099 0 0 888 898 2592 5673 5685 6268 6300 6304 6310 6312 6313 6314 6315 40538
4100 0 0 904 910 2598 6287 6296 6303 6307 18259 18264 18265 18266 18267 18268 18269 40539
4101 0 0 905 915 6242 6270 6281 6286 6287 6288 6289 6290 6291 6292 6293
4102 0 0 2592 2593 2594 2595 2596 2597 2598 2599 2600 40540
4103 0 0 21194 21201 21202 22334 22335 22336 22337 22338 22339 22340 22341
4104 0 0 29363 29364 29365 29366 29367 29368 29369 29370 29371 29372 29373 29374 29375 29376 29377 29378
4105 0 0 5608 10231 10259 10271 10278 10279 10280 10281 10282 10283 10284 40541
4106 0 0 10261 10287 10303 10305 10309 10324 16868 30541 30560 30565 30566 30567 30568 30569 30570
4107 0 0 7393 7417 7461 7485 7494 7511 7512 7513 7514 7515
4108 0 0 3638 6522 6529 6533 7338 7346 7382 7388 7412 7419 7420 7421 7422 7423 7424 7425 7426 7427 7428 7429 7430
4109 0 0 1765 3850 3857 3888 3974 3989 3998 4018 4023 4029 14795 14957 14980 14985 14989 14994
4110 0 0 1772 3848 3880 3889 3903 3993 4055 4076 4077 4078 4079
4111 0 0 49 234 3274 4204 4264 8079 9748 15181 15187 16621 22479 22482 22488 22493 22500 22506 40542
4112 0 0 4122 4126 6350 6363 8024 8027 8033 14905 15191 15244 15249 22476 22491 22495 22497 22498 22499
4113 0 0 48 62 119 420 555 1385 4125 6352 6357 8034 15183 15190 15191 15192 15193
4114 0 0 4268 8023 8078 15186 15248 22474 22484 22489 22491 22492 22493 22494
4115 0 0 3206 3207 3208 3209 3210 3211 3212 3213 3214 3215 3216 3217 3218
4116 0 0 28244 28251 28255 28264 28271 28277 28280 28281 33726 33739 36317 36740 36754 36760 36763 36767 36770 36771
4117 0 0 17016 17808 17856 17879 17885 18390 18399 30631 30643 30652 30671 30677 30722 30726 30727 30728 30729
4118 0 0 30613 30614 30615 30616 30617 30618 30619 30620 30621 30622 30623 30624 30625 30626 30627
4119 0 0 4043 5642 10581 13534 13584 14755 17214 17222 17223 17224 17225
4120 0 0 13541 13555 15589 17218 17232 17244 17246 19658 21048 24183 24186 24187 24188 24189 24190 24191 24192 24193 24194 24195
4121 0 0 5633 10580 11548 11589 11638 13533 13534 13535 13536 13537 13538 13539 13540 13541
4122 0 0 13546 13576 13586 17219 17233 17239 17246 17247 17248 17249 17250
4123 0 0 6848 6934 11996 12011 12015 12016 12017
4124 0 0 1454 6832 6849 6856 6857 6858 6859 6860 6861 6862 6863 6864 40543 40544
4125 0 0 4450 4466 8464 8467 8468 8469 8470 8471 8472 8473 8474 8475 8476 40545
4126 0 0 4454 4468 4479 8461 15445 15454 15455 15456 15457 15458 15459 15460 15461
4127 0 0 746 3496 8113 8123 8129 8393 13369 13382 20824 20834 20836 20837 20838 20839 20840 20841
4128 0 0 733 1833 2074 2075 2076 2077 2078 2079 2080
4129 0 0 68 210 736 740 741 742 743 744 745 746 747 40546
4130 0 0 8110 8118 8127 8131 9294 9310 20823 20824 20825 20826 20827 20828
4131 4 4 11098 16011 16027 17032 17703 23310 23472 23675 25451 29816 29826 29836 29837 29838 29839 29840 29841 29842
4132 4 4 16112 23649 29587 29599 29611 29821 29834 29855 29862 29863 29864 29865 29866
4133 4 4 23679 29606 29815 29826 29827 29828 29829 29830 29831 29832 29833 29834 29835
4134 4 4 16025 16131 17667 17677 23655 23659 23665 23668 25443 25449 29820 29841 29856 29858 29859 29860 29861 29862
4135 0 0 30338 30349 30776 34958 37033 37057 37073 37092 37684 37704 37727 37734 37736 38840 38850 38851 38852 38853 38854 38855 38856 38857 38858
4136 0 0 37658 37664 37688 37706 37718 37719 37720 37721 37722 37723 37724
4137 0 0 2843 5871 5882 5892 5909 5940 5954 5964 5972 5974 5975 5976 5977 5978 5979
4138 0 0 2821 2822 2823 2824 2825 2826 2827 2828 2829 2830 2831 40547
4139 4 4 29135 30888 30909 30941 30949 30950 30951 30952 30953 30954 30955 30956 30957 30958 30959
4140 4 4 29138 29148 29154 30893 30905 30968 30977 31017 37368 37396 37398 37399 37400 37401 37402 37403 37404
4141 0 0 12851 12870 20106 20107 20108 20109 20110 20111 20112 20113 20114 20115 20116 20117 20118
4142 0 0 12857 12861 12862 12863 12864 12865 12866 12867 12868 12869 40548
4143 3 3 30882 30923 30950 30995 31008 34331 34338 34434 37425 37642 37649 38670 38674 38687 38689 38692 38693 38694
4144 3 3 22743 29004 34128 34200 34224 34246 34257 34286 34299 34328 34341 37147 37152 37166 37566 37613 37619 37635 37636 37637 37638 37639 37640
4145 3 3 28999 29018 32783 34329 34335 34436 37148 37155 37573 37614 37633 37639 37643 37648 37649
4146 3 3 29077 34244 34298 34340 37635 37641 38667 38673 38681 38685 38686 38687
4147 0 0 28361 34717 34725 36202 36891 36954 37247 37258 37265 37288 37289 37295 37296 37297 37298
4148 0 0 28366 29883 31815 31830 34712 35809 37326 37336 37341 37350 37364 38492 38498 38516 38517 38518 38519 38520 38521 38522 38523 38524
4149 0 0 28357 31814 31824 34724 36912 37298 37299 38485 38489 38490 38491 38492 38493 38494 38495 38496 38497
4150 0 0 28367 31829 34710 34720 36203 37261 37277 37333 37334 37335 37336 37337 37338
4151 0 0 3329 6800 6820 6828 6833 6839 6840 6841 6842 6843
4152 0 0 3325 6797 6810 6823 6929 12069 12072 12073 12074 12075 12076 12077 12078 12079 12080 40549
4153 0 0 3328 6795 6796 6797 6798 6799 6800 6801 6802 6803 40550
4154 0 0 3327 6827 6836 6850 6858 6930 12008 12016 12066 12067 12068 12069 12070 12071 40551
4155 0 0 28487 28502 32413 33986 33999 34001 34012 34013 34014 34015 34016 34017 34018 34019 34020 34021
4156 0 0 7721 7728 14517 22073 22087 22102 28443 28447 28453 28454 28455 28456 28457 28458 28459 28460
4157 0 0 12690 12741 12763 26618 26845 26876 26882 26892 26895 26898 26899 26900
4158 0 0 26583 26592 26601 26604 26607 26612 26615 26621 26877 26901 26902 26903
4159 0 0 11144 11159 16647 16670 18201 31840 31847 31854 31855 31856 31857 31858
4160 0 0 18206 18212 25688 31865 31868 31890 31891 31892 31893 31894 31895
4161 0 0 616 639 1464 1903 1917 1924 1926 1927 1928 1929 1930 1931
4162 0 0 1919 1943 1956 1964 4394 7047 7068 8221 8231 11836 13103 13112 13136 13152 13155 13164 13165 13166 13167 13168 13169
4163 0 0 1909 1920 1925 1931 1938 1947 1952 1957 1965 4392 4393 4394 4395 4396 4397 4398
4164 0 0 1467 1939 4367 4371 8205 8214 8223 8686 13142 13145 13151 13152 13153 13154
4165 0 0 9015 10373 11006 23819 30007 30010 30017 30020 30021 30022 30023 30024 40552
4166 0 0 23700 23812 29919 29929 29999 30013 30031 30039 31075 31083 31089 31093 31096 31097
4167 0 0 18711 18887 18890 18928 18946 21832 27047 27133 27882 27932 27960 27970 27984 27988
4168 0 0 18922 18934 22988 24712 27871 27892 27902 27904 27905 27906 27907 27908 27909 27910 27911 27912 27913
4169 0 0 487 496 1323 1580 2694 7444 7474 14028 14054 14059 14060 14061 14062 14063 40553
4170 0 0 474 478 1575 14026 14038 14044 14047 14048 14049 14050 14051 14052 14053 40554
4171 0 0 22663 22712 22816 22827 22835 22838 22839 22840 22841 22842 22843 22844
4172 0 0 22819 22833 22847 22857 22862 29093 34206 34240 34264 34270 34273 34278 34281
4173 0 0 4658 4669 5201 8523 9266 13521 15682 15688 23046 23060 23074 23092 23093
4174 0 0 4659 8531 8553 8700 13823 15672 15684 15690 15702 15703 15704 15705 15706 15707
4175 0 0 28359 31818 31824 31825 31826 31827 31828 31829 31830 31831 31832 31833
4176 0 0 25669 25678 30863 31819 35331 35792 35806 35807 35808 35809 35810 35811 35812 35813 35814 35815 35816 35817 35818
4177 0 0 29535 34062 34095 34096 34097 34098 34099 34100 34101 34102 34103 34104 34105 34106 34107 34108 34109 34110
4178 0 0 29528 30819 30853 33745 33762 33769 33783 34063 34071 34079 34080 34081 34082 34083 34084 34085 34086
4179 4 4 11542 11635 17148 18669 18835 18840 18849 18851 18865 18873 18874 18875 18876 18877 18878 18879
4180 4 4 11639 13539 17144 18671 21037 21053 21073 21091 24190 25927 26178 26189 26190 26191 26192 26193 26194 26195 26196 26197
4181 0 0 37379 37386 37397 37404 37414 37423 37431 37438 37441 37448 37451 37453 37458 37459 37466 37471 37479 37483 37489 37493 37494 37495 37496 37497
4182 0 0 34736 34737 34738 34739 34740 34741 34742 34743 34744 34745 34746 34747 34748 34749 34750 34751 34752
4183 0 0 872 1275 2234 2242 2243 2244 2245 2246 2247 2248 40555
4184 0 0 2196 2222 2237 3026 5316 5534 5539 5569 5572 5573 5574 5575 5576 5577 5578 5579 40556
4185 0 0 4385 8219 8255 8670 8688 8695 15065 15098 15116 15118 15126 15660 15670 15730 23042 23058 23073 23075 23076 23077 23078 23079 23080
4186 0 0 4339 12547 13134 13149 13159 13172 13339 15066 15072 15078 15079 15080 15081 15082 15083
4187 0 0 1462 4323 4344 4369 4372 4727 4731 8201 8209 8210 8211 8212 8213 8214 8215 8216 8217 8218 8219 8220 40557
4188 0 0 9476 15074 15087 15101 15103 15104 15105 15106
4189 0 0 11071 11088 17716 17735 17746 17747 17748 17749 17750 17751 17752 17753 17754
4190 0 0 18077 18085 18097 18107 18113 25063 25072 25093 25106 25135 25146 29578 31648 31659 31694 31699 31706 31707 31708 31709 31710 31711 31712
4191 0 0 11072 17472 17708 17748 17760 18070 25074 25118 25149 25421 31654 31695 31700 31708 31718
4192 0 0 17730 17745 17754 17763 18100 23477 24807 29567 29577 31639 31655 31656 31657 31658 31659 31660 31661 31662
4193 0 0 619 1902 1914 1921 1922 1923 1924 1925 40558
4194 0 0 615 629 639 640 641 642 643 644 645 646 40559
4195 0 0 28740 34758 36569 36613 36618 37045 37470 37486 37488 38610 38624 38630 38646 38647 38648 38649 38650
4196 0 0 28734 33545 34729 36611 36634 36685 36692 38628 38634 38641 38652 38657 38659
4197 3 3 14453 18502 18546 18576 21650 21661 21695 21716 21747 21754 21764 25995 26008 26011 26012 26013 26014
4198 3 3 7685 14447 14576 21701 21744 22027 25997 26001 26002 26003 26004 26005 26006 26007
4199 0 0 81 89 769 779 792 799 4766 4771 40560
4200 0 0 244 785 794 822 823 824 825 826 827 828 829 830 831
4201 0 0 752 768 796 823 833 4760 4762 4763 4764 4765 4766 4767 4768 4769 4770 40561
4202 0 0 241 762 776 782 783 784 785 786 787 788
4203 0 0 12491 12497 12505 12510 12514 12520 12982 19148 19149 19150 19151 19152 19153 19154 40562
4204 0 0 6936 12070 12076 12462 12472 12485 12493 12499 12507 12512 12516 19430 26771 26800 26807 26810 26814 26815
4205 0 0 14274 18573 21697 22012 22013 22014 22015 22016 22017 22018
4206 0 0 18632 21725 21733 21738 32350 32372 32378 32395 32421 33899 33935 33936 33937 33938 33939 33940 33941 33942 33943 33944
4207 0 0 14258 14276 21676 22013 28396 28420 28425 32419 33891 33932 33943 33954 33956 33963 33975 33976
4208 0 0 7684 14452 18631 21654 21664 21694 21715 21729 21738 21739 21740 21741 21742 21743 21744 21745 21746 21747 21748
4209 3 3 22880 22891 22903 24680 24684 29191 29210 30043 30063 30117 30131 30143 34419 34460 34462 34463 34464 34465 34466 34467 34468
4210 3 3 21362 23772 29060 29188 29197 29205 30111 30126 30139 34415 34424 34448 34452 34453 34454
4211 3 3 21363 22883 22892 22904 23720 23754 23774 29061 29211 30103 30116 30124 30132 30139 30140 30141 30142 30143
4212 3 3 29190 29204 29216 34414 34415 34416 34417 34418 34419 34420 34421 34422 34423
4213 0 0 292 2732 2771 2802 2840 6007 6008 6009 6010 40563
4214 0 0 295 301 2644 2726 2761 2768 2775 6016 6019 6020 6021 6022 40564
4215 0 0 17478 17621 17645 18088 18125 18130 18159 23316 25145 25150 25430 25441 25446 25456 25460 25461 25462
4216 0 0 17695 17696 17697 17698 17699 17700 17701 17702 17703 17704 17705 17706 17707
4217 0 0 11112 17482 17704 17715 17719 17755 18090 18118 18129 18175 25148 25432 25455 25461 25472 25473 25474
4218 0 0 8833 16026 17676 17702 23309 23320 23324 25428 25440 25447 25449 25450 25451 25452 25453 40565
4219 0 0 1551 1552 1553 1554 1555 1556 1557 1558 1559 40566
4220 0 0 1591 1598 6486 6490 6497 7631 7639 7659 7660 7661 7662 7663 40567
4221 0 0 10317 10326 16876 16890 16891 16895 16896 16897 40568
4222 0 0 6408 10329 16884 16889 16909 16917 16919 16920 16921 16922 40569
4223 0 0 7105 9573 9587 9598 13208 13214 13227 13228 13229 13230 13231 13232 13233 13234 13235 13236 13237 13238
4224 0 0 3462 7081 7102 12938 12951 12961 13223 20683 20697 27434 27443 27455 27460 27461 27462
4225 4 4 18495 18496 18497 18498 18499 18500 18501 18502 18503 18504 18505 18506 18507 18508 18509 18510
4226 4 4 7453 7487 14062 14064 14071 14088 14423 18512 18528 18558 21761 21774 21779 21784 21785 21786 21787
4227 4 4 7395 7410 7423 7493 7511 13842 13857 14067 14076 14084 14107 18496 18511 18512 18513 18514 18515 18516 18517 18518 18519
4228 4 4 14053 14058 14063 14070 14369 14422 14431 18508 18550 18557 21758 21759 21760 21761 21762 21763 21764 21765 21766
4229 0 0 8836 8842 8849 8878 16117 16134 17567 17673 17680 23624 25176 25189 25194 25195 25196 25197 25198 25199 40570
4230 0 0 8867 8872 8876 8882 8886 8895 8906 8909 8910 8911 8912 8913 8914 8915 8916 8917 8918 8919
4231 0 0 8915 16109 16115 16125 16138 23631 25195 25200 25205 25206 25207 25208
4232 0 0 8850 8856 8873 8877 8878 8879 8880 8881 8882 40571
4233 0 0 10370 10968 10977 10978 10979 10980 10981 10982 10983 10984 10985
4234 0 0 10365 10376 10377 10378 10379 10380 10381 10382 10383 10384 10385 10386 10387 10388 10389
4235 0 0 12590 12613 19668 19688 19689 19690 19691 19692 19693 19694 19695 19696
4236 0 0 7169 11907 11956 11986 12761 19677 19699 19722 19726 19727 19728 19729 19730 19731 19732
4237 0 0 8739 8749 8760 8773 8785 8798 9410 15858 15870 15871 15872 15873 15874 15875 15876
4238 0 0 8799 8811 8972 15853 15861 23248 23259 23260 23261 23262 23263
4239 0 0 2338 2352 2368 2378 5335 5388 5398 5399 5400 5401 5402 5403 40572
4240 0 0 921 1983 1993 2323 2339 2344 2356 2366 2370 2371 2372 2373 2374 40573
4241 0 0 2298 2299 2300 2301 2302 2303 2304 2305 2306 40574
4242 0 0 2000 2062 2331 2343 2344 2345 2346 2347 2348 2349 2350 2351 2352 2353 2354
4243 0 0 7862 14817 14827 14829 14830 14831 14832 40575
4244 0 0 3911 3927 7846 7853 7859 14820 14897 14921 14926 14929 14930 14931 40576
4245 3 3 17366 17417 17469 17487 17501 17502 17503 17504 17505
4246 0 0 2653 10665 16951 17368 17384 17386 17387 17388 17389 17390 17391 17392 17393 17394 17395 40577
4247 0 0 3530 7187 7188 7189 7190 7191 7192 7193 7194 7195
4248 0 0 7198 7322 11303 12650 12651 12652 12653 12654 40578
4249 0 0 14581 14641 20401 21402 21433 22117 26635 26645 27578 27589 27596 27597 27598 27599
4250 0 0 20395 21393 26978 27576 28026 28131 33116 33132 33137 33146 33147 33148 33149 33150 33151
4251 0 0 33334 33335 33336 33337 33338 33339 33340 33341 33342 40579
4252 0 0 20244 20446 27425 27427 27428 27429 27430 27431 27432 27433 27434 27435 27436 27437 40580
4253 3 3 1503 3106 3118 3146 3173 3574 3610 3618 3619 3620 3621 3622 3623 3624 3625 3626
4254 3 3 1479 1497 1510 3174 3571 3606 3684 6515 6516 6517 6518 6519 6520 6521 6522 6523
4255 3 3 13279 13296 13304 13317 15933 16395 16408 16462 20739 20751 20778 33643 33658 33661 33662 33663 33664 33665
4256 3 3 20765 20766 20767 20768 20769 20770 20771 20772 20773 20774 20775 20776
4257 0 0 1069 2743 2795 2803 5904 5921 5928 5932 5946 5951 5958 5959 5960 40581
4258 4 4 1222 2733 2796 2804 2833 5916 5936 5944 6009 6046 10863 10872 10895 10904 17527 17532 17545 17548 17557 17558
4259 0 0 2711 2712 2713 2714 2715 2716 2717 2718 2719 2720 2721 2722 2723 2724 2725 2726 2727 2728 2729
4260 0 0 287 288 289 290 291 292 293 294 295 40582 40583
4261 0 0 289 296 297 298 299 300 301 302 303 40584
4262 0 0 290 311 2722 2730 2765 2766 2767 2768 2769 2770 2771 2772 40585 40586
4263 0 0 10383 10975 10991 17061 17065 17076 17077 17078 17079 17080 17081 17082 17083 17084 17085
4264 0 0 17056 17074 17197 24659 24678 31052 31053 31054 31055 31056 31057 31058 31059 31060 31061 31062
4265 0 0 3016 6324 10139 10145 11197 11206 11220 16730 16737 16752 16765 16776 16777 16778 16779 16780 16781 16782 16783 16784 16785 16786 16787
4266 0 0 11205 11214 24364 24392 24401 24409 24418 30461 30468 30537 30681 32150 35195 35204 35211 35224 36135 36136 36137 36138 36139 36140 36141
4267 0 0 6320 11215 16782 18373 18382 24343 24360 24394 24410 24417 32148 36139 36142 36143 36144 36145 36146 36147
4268 0 0 11199 16731 16778 16832 24399 24400 24401 24402 24403 24404 24405 24406 24407 24408
4269 0 0 11444 14238 20091 25524 25533 25545 25569 25570 25571 25572 25573 25574 25575
4270 0 0 11429 11438 18779 18793 21915 25516 25530 25552 25561 25989 26032 27191 27196 30433 32236 32245 32562 32589 32594 32604 32650 32653 33792 33801 33804 33811 33812 33813 33814 33815 33816
4271 0 0 11430 11436 11437 11438 11439 11440 11441 11442 11443 11444 11445 11446 11447
4272 0 0 25514 25515 25516 25517 25518 25519 25520 25521 25522 25523 25524 25525 25526 25527
4273 3 3 38266 38272 38278 38285 38293 38304 38313 38316 38318 38320 38469 38708 38745 38753 38754 38759 38760
4274 3 3 28339 36786 37304 38311 38452 38704 38730 38736 38752 38765 38775 38795 38799 38800 38809 38810 38811 38812 38813 38814
4275 3 3 28377 29890 36781 37344 38288 38296 38306 38564 38755 38760 38763 38766 38781 38805 38813 38820 38823 38825
4276 3 3 28291 28338 30743 38214 38224 38264 38271 38310 38315 38451 38471 38706 38741 38746 38747 38748 38749 38750 38751 38752 38753
4277 0 0 7262 7269 7279 13754 13771 13783 13800 28194 28200 33570 33607 33608 33609 33610 33611 33612 33613 33614 33615
4278 0 0 15632 15653 15908 15916 15932 28198 28205 28219 29311 29333 29349 29352 36706 36717 36725 36729 36730 36731
4279 0 0 13310 15904 33611 33639 33662 33669 36705 36716 36721 36724 36727 36728 36729
4280 0 0 8732 13743 13755 13761 13773 15637 15647 15649 15915 28190 28191 28192 28193 28194 28195 28196 28197 28198 28199
4281 3 3 4421 7048 7064 7070 8202 8226 8227 8228 8229 8230 8231 8232 8233 8234
4282 3 3 4382 7986 8198 8246 8294 11817 11842 15311 15418 15428 15431 15432 15433 15434 15435 15436 15437
4283 3 3 4412 7060 7988 8197 8228 8293 11811 11839 11841 11842 11843 11844 11845 11846 11847 11848
4284 3 3 8181 8233 8235 8236 8237 8238 8239 8240 8241 8242 8243 8244 8245 8246 8247
4285 0 0 1540 1545 1547 1548 1549 1550 40587 40588
4286 0 0 1242 1469 1533 1538 3105 3130 3147 3158 3161 3162 3163 3164 3165 3166 3167 40589 40590
4287 0 0 12823 13649 13665 13714 19803 20293 20316 20318 20343 20355 20364 20366 20367 20368 20369 20370 20371 20372 20373 20374 20375 20376 20377
4288 0 0 13659 13671 13712 13716 20308 20315 20335 20337 20338 20339 20340 20341 20342 40591
4289 0 0 3275 3284 3293 6685 6735 9750 15214 15260 15279 15289 15299 15306 15307
4290 0 0 6696 6733 15195 15219 15220 15221 15222 15223 15224 15225 15226
4291 4 4 11073 11085 17752 18074 24582 24626 24635 25420 31650 31689 31691 31696 31698 31717 31718
4292 4 4 25097 25101 25577 25591 31651 31702 31707 31721 31731 31742 31757 31772 31782 31787 31788
4293 4 4 17412 17477 18064 18065 18066 18067 18068 18069 18070 18071 18072 18073 18074 18075 18076 18077
4294 4 4 31639 31640 31641 31642 31643 31644 31645 31646 31647 31648 31649 31650 31651 31652 31653 31654
4295 0 0 1365 1379 5855 10461 10470 10478 10487 10488 10489 10490 10491 10492 10493 10494 10495 10496 40592 40593
4296 0 0 19 412 413 414 415 416 40594 40595
4297 0 0 16923 16948 16971 17399 17419 17427 17825 17838 17839 17840 17841 17842 17843 17844
4298 0 0 17365 17375 17376 17377 17378 17379 17380 17381 17382 17383 17384 17385
4299 0 0 8438 8444 8445 40596
4300 0 0 1969 8437 8625 14826 14833 14837 14838 14839 14840 14841 14842 14843 14844 40597
4301 0 0 7093 12942 12958 12971 12974 12975 12976 12977 12978 12979 40598
4302 0 0 7094 12929 12930 12931 12932 12933 12934 12935 12936 40599
4303 0 0 8015 14894 14919 14944 14997 15055 15056 15057 15058
4304 0 0 22423 22424 22425 22426 22427 22428 22429 22430 22431 22432 22433
4305 0 0 4778 8168 8775 8790 8803 8973 9407 15748 15873 23253 23259 23267 23275 23276 40600
4306 0 0 4610 4772 4773 4774 4775 4776 40601
4307 0 0 69 203 4287 4293 4297 4298 4299 40602
4308 4 4 211 738 740 4174 4289 8105 8111 8112 8113 8114 8115 8116 8117 8118
4309 0 0 67 203 204 205 206 207 208 209 210 211 212 213 40603 40604
4310 0 0 4281 4288 4296 4299 4308 4313 4318 8103 8104 8105 8106 8107 8108 8109 8110 40605
4311 0 0 882 883 884 885 886 887 888 40606
4312 0 0 899 900 901 902 903 904 905 906 907 40607
4313 0 0 398 399 400 401 402 403 404 405 40608
4314 0 0 406 1609 1613 1626 1644 3039 3092 3238 3245 3246 3247 3248 3249 3250 3251 3252 3253 40609
4315 0 0 27410 27417 27421 27469 27474 27521 33258 33285 33287 33299 33301 33302 33303 33304 33305
4316 0 0 17959 20143 20156 20266 20267 20268 20269 20270 20271 20272 20273 20274 20275 20276 20277 20278 20279 20280 20281 20282 20283
4317 0 0 20281 20658 20659 20660 20661 20662 20663 20664 20665 20666 20667 20668 20669
4318 0 0 3553 7088 7126 7131 12977 17952 17955 20153 20182 20274 21573 27416 27418 28669 33261 33297 33305 33306 33316 33317 33318 33319 33320 40610
4319 3 3 947 7146 7920 7938 9135 13531 15017 15038 21252 21264 21280 21286 21305 21306 21307 21308 21309 21310 21311 21312 21313 21314
4320 3 3 945 1988 2069 7940 9050 10393 10405 10423 10436 10442 10447 21269 21270 21271 21272 21273 21274 21275 21276 21277 21278
4321 3 3 11581 11591 11607 11622 11641 13538 14782 17228 17245 18844 18876 21033 21055 21058 21068 21071 21072 21073 21074 21075
4322 3 3 6395 10586 11576 11587 11604 11616 11631 14712 14731 14741 14744 14745 14746
4323 3 3 6403 6672 6677 11578 11595 11599 11600 11601 11602 11603 11604 11605 11606 11607 11608
4324 3 3 5634 10583 11549 11582 11583 11584 11585 11586 11587 11588 11589 11590 11591
4325 0 0 261 272 277 279 860 868 870 871 872 873 874 875 876 40611 40612
4326 0 0 266 267 281 283 284 285 286 40613
4327 0 0 17618 17634 17729 18087 18098 18112 23300 23315 25133 25140 25459 25460 29554 29556 29571 29573 29575
4328 0 0 17474 17627 17709 17720 17756 18094 25062 25078 25096 25107 25113 25119 25129 25143 25144 25145 25146 25147 25148 25149
4329 4 4 30289 30294 31919 34863 34879 34887 34889 34899 36803 36820 36827 36830 36835
4330 4 4 5302 7601 9936 9940 9941 9942 9943 9944 9945 9946 9947 9948 9949 9950 9951 9952
4331 4 4 6148 9949 9960 11048 16624 16625 16626 16627 16628 16629
4332 4 4 9933 9944 11033 11040 23553 30284 31922 34897 35784 36799 36825 36828 36834 36835 36836
4333 0 0 4867 9171 9186 9192 11064 16251 16294 22802 23680 23681 23682 23683 23684 23685 23686 23687 23688 23689 40614
4334 0 0 4860 6202 9006 9007 9008 9009 9010 9011 9012 9013 9014 9015 9016 40615
4335 0 0 4859 9014 11007 30009 30023 30033 30035 30036 30037 40616
4336 0 0 4866 6201 9012 9193 9202 11061 11062 11063 11064 11065 11066 11067 11068 11069 11070 40617
4337 0 0 3096 6369 6671 11594 18833 18839 18853 18856 18857 18858 18859 18860 18861 18862 18863 40618
4338 0 0 3043 3049 6366 6386 11611 18832 18847 18852 18855 40619
4339 0 0 956 3041 6368 11538 11636 18830 18841 18846 18850 18851 18852 18853 18854 40620
4340 0 0 6372 6380 6391 6404 6673 11592 11593 11594 11595 11596 11597 11598
4341 0 0 20617 20633 20654 22166 22174 22175 22176 22177 22178 22179 22180
4342 0 0 23974 23981 23996 24000 24002 24099 24100 24101 24102 24103 24104 24105 24106 24107 24108 24109 24110 24111
4343 0 0 20509 20519 20638 20646 20653 22163 22174 22186 23966 24100 24112 24121 24122 24123 24124 24125 24126 24127 24128
4344 0 0 20139 21591 22171 22184 22191 22195 23967 23976 24001 24109 27376 27377 27378 27379 27380 27381
4345 0 0 585 1737 1752 1783 1792 3961 3965 4066 4098 4100 4105 4112 4113 4114 4115
4346 0 0 564 571 594 602 608 614 1670 1690 1789 1800 3931 3936 3937 3938 3939 3940 3941 3942 3943 3944
4347 0 0 11877 11962 12293 12309 12313 19389 19397 19423 19428 19439 19455 19579 26602 26774 26786 26799 26815 26817 26818 26819 26820 26821 26822
4348 0 0 19438 19446 19452 19457 26761 26777 26778 26779 26780 26781
4349 4 4 18370 24386 24387 24388 24389 24390 24391 24392 24393 24394 24395 24396 24397 24398
4350 4 4 18376 25749 25759 25773 25815 25824 26124 30647 32070 32087 32138 36152 36160 36171 36176 36179 36181 36182
4351 4 4 18374 18381 18386 24386 24413 25748 25814 30640 30646 32073 32089 32136 36144 36150 36152 36153 36154 36155 36156
4352 4 4 24389 25823 26123 30613 30634 30638 30650 30665 30670 36157 36158 36159 36160 36161 36162 36163 36164 36165 36166
4353 0 0 11127 18227 18240 18251 18254 18255 18256 40621 40622
4354 0 0 1153 3737 6214 11131 11148 18244 18245 18246 18247 18248 18249 40623 40624
4355 0 0 3182 3195 6413 6455 6474 7361 7367 11316 11326 11345 11359 11361 11362 11363 11364 11365
4356 0 0 3187 6423 6426 11309 11323 11329 11330 11331 11332 40625
4357 3 3 25697 29798 29805 30382 30393 31940 31983 31985 31986 31987 31988 31989 31990 31991
4358 3 3 27301 29812 30384 31939 31959 31960 31961 31962 31963 31964 31965 31966 31967 31968 31969 31970 31971
4359 0 0 22517 22526 22562 27665 27671 27689 27691 27719 27721 27722 27723 27724
4360 0 0 8295 11815 11841 15413 15429 15432 22509 22534 27675 27686 27717 27727 28760 28775 28780 28786 28787 28788 28789 28790 28791 28792
4361 0 0 6222 6226 6233 8907 25739 25745 35925 35945 35956 35961 35964 35965 40626 40627
4362 0 0 2868 2869 2870 2871 40628 40629 40630
4363 0 0 2870 6219 6225 6228 18213 18214 18215 18216 18217 18218 18219 40631 40632
4364 0 0 2869 6218 6227 8907 8908 40633 40634
4365 0 0 3705 3723 5310 7596 7620 9941 11027 11035 11036 11037 11038 11039 11040 11041 11042 40635
4366 3 3 11029 14193 18211 24089 24096 30266 30285 30291 31917 31918 31919 31920 31921 31922 31923 31924
4367 3 3 5304 7593 7599 9940 11028 11037 16636 24086 24087 24088 24089 24090 24091
4368 3 3 3718 3726 3740 11030 11041 11120 11136 11163 11169 18200 18207 18208 18209 18210 18211 18212
4369 0 0 9204 11069 17987 25578 25590 31727 31759 31770 31771 31772 31773 31774 31775
4370 0 0 29181 31104 31735 31746 31784 31790 34353 34368 34371 34401 34402
4371 0 0 4865 11065 22776 22783 23682 25592 31098 31102 31687 31703 31729 31747 31773 31776 31780 31781 31782 31783 31784
4372 0 0 25588 25602 31671 31715 31724 31738 31748 31749 31750 31751 31752 31753 31754 31755 31756
4373 0 0 15503 15506 15534 20842 20856 20867 20872 20879 20891 20946 22669 22670 22671 22672 22673 22674 22675 22676 22677 22678
4374 0 0 13426 13438 13439 13440 13441 13442 13443 13444
4375 0 0 12321 19177 19544 19571 19582 19583 19584 19585 19586 19587 19588 19589
4376 0 0 19045 19122 19133 19540 19553 19558 19565 26872 28782 28859 32992 32997 33016 36493 36510 36525 36537 36539
4377 4 4 12352 12401 13051 13077 14603 14622 16604 19206 20488 26707 26717 26737 26751 26753 26754 26755 26756
4378 4 4 12348 12373 12382 12383 12384 12385 12386 12387 12388 12389 12390
4379 0 0 23192 26296 28998 37138 37142 37143 37144 37145 37146 37147 37148 37149 37150
4380 0 0 15614 15615 15616 15617 15618 15619 15620 15621 15622 15623 15624 15625 15626 15627 15628 15629
4381 3 3 37353 38158 38168 38212 38232 38239 38248 38261 38267 38268 38269 38270 38271 38272
4382 3 3 32155 32156 32157 32158 32159 32160 32161 32162 32163 32164 32165 32166
4383 3 3 32161 36198 36868 36887 37256 37259 37346 37358 38246 38257 38260 38267 38273 38274 38275 38276 38277 38278
4384 3 3 32156 34598 34617 34663 34705 34907 36238 36813 37250 37269 37355 38156 38157 38158 38159 38160 38161 38162 38163 38164 38165 38166
4385 0 0 24473 29157 29166 30868 30895 30903 30960 30978 31005 31009 31016 31017 31018 31019 31020 31021 31022 31023
4386 0 0 15582 24454 24455 24456 24457 24458 24459 24460 24461 24462 24463 24464 24465 24466 24467 24468
4387 0 0 24471 29169 30871 30980 31016 35267 35270 35315 35359 35411 35417 35418 35419 35420 35421 35422
4388 0 0 15578 15975 16140 24465 29161 29164 31011 31018 31024 35302 35314 35367 35368 35369 35370 35371
4389 3 3 447 7075 12400 13160 13177 13178 13179 13180 13181 13182 13183 13184 13185 13186 13187 13188 13189
4390 3 3 14607 14620 19185 19198 19207 20489 26644 26706 26715 26716 26717 26718 26719 26720 26721 26722
4391 3 3 7079 12405 13180 16603 19204 19216 19222 19227 19232 19239 26705 26720 26750 26754 26757 32984 32985 32986 32987 32988
4392 3 3 12354 12404 13046 13179 13256 13286 13328 13344 14608 14623 16412 19193 19205 20478 20483 20486 20487 20488 20489 20490 20491 20492
4393 4 4 13610 18734 19612 19755 19849 19860 19872 19889 19899 19964 26493 26501 26522 26529 26541 26542 26543 26544 26545 26546 26547
4394 4 4 12608 19672 19706 19715 19761 19837 19857 19866 19909 19926 19928 19936 19937 19938
4395 4 4 19844 19845 19846 19847 19848 19849 19850 19851 19852 19853
4396 4 4 12562 12601 12609 18422 18726 18756 19616 19644 19680 19707 19713 19755 19756 19757 19758 19759 19760 19761 19762 19763 19764
4397 4 4 30943 30957 30970 34751 34803 37383 37387 37388 37389 37390 37391 37392 37393 37394 37395 37396 37397
4398 4 4 26375 26387 30930 30976 34741 34767 34771 34772 34773 34774 34775 34776
4399 3 3 12565 12566 12567 12568 12569 12570 12571 12572 12573 12574 12575 12576 12577 12578 12579 12580 12581
4400 3 3 11653 12618 12635 12647 19739 19916 19933 19947 19959 19969 19970 19971 19972 19973 19974
4401 0 0 314 1029 1039 1045 1046 1047 1048 1049 1050 1051 1052 1053 40636
4402 0 0 2881 2886 2892 2898 2906 2910 2920 5619 5739 5745 5752 5756 5763 5780 5813 5815 5816 5817 5818 5819 5820 5821 5822
4403 0 0 320 1027 1051 1368 1377 2876 2884 2893 2905 5810 5815 10515 10523 10531 10538 10539 10540 40637
4404 0 0 1031 1037 2586 2680 2687 2707 2890 2917 5728 5741 5743 5754 5758 40638
4405 0 0 6337 6355 6360 6361 11748 14908 15197 15229 15246 15253 15290 15312 22481 22498 22501 22505
4406 0 0 1391 3840 4071 4094 4109 6327 6334 6344 6345 6346 6347 6348 6349
4407 0 0 6173 7536 14354 14376 14383 14391 14395 14396 14397 14398 14399 14400 14401 14402 14403 14404 14405
4408 0 0 20040 21770 21798 21852 21870 21885 26048 26055 26075 26076 26077 26078 26079 26080 26081 26082
4409 4 4 29549 29550 29551 29552 29553 29554 29555
4410 0 0 23285 23286 23287 23288 23289 23290 23291 23292 40639
4411 0 0 16291 16977 17194 23811 23814 23815 23816 23817 23818 40640
4412 0 0 16197 23699 23809 29920 29997 29998 29999 30000 30001 30002 30003
4413 0 0 21095 21096 21097 21098 21099 21100 21101 21102 21103 21104 21105 21106 21107 21108 21109 21110 21111 21112 21113 21114 21115
4414 0 0 4423 4596 8133 8140 8328 8349 8358 8359 8360 8361 8362 8363 8364 8365 8366 8367
4415 0 0 8352 8360 8423 8596 21100 21116 21125 21127 21128 21129 21130 21131 21132 21133 21134
4416 0 0 8137 8142 8365 13502 13505 21023 21109 21136 21140 21155 21156 21157 21158 21159 21160 21161 21162
4417 0 0 4509 4519 4529 4555 4566 4577 4585 8313 9101 16206 16213 16214 16215 16216 16217 16218 16219
4418 0 0 682 2017 4515 4523 4531 4536 4537 4538 4539 4540 4541 40641
4419 0 0 676 686 2018 4508 4524 4538 4575 4587 8578 8583 8649 8655 8659 8662 8663 8664 8665 8666 8667 40642
4420 0 0 4516 4533 4548 8501 16205 16206 16207 16208 16209 16210 16211 16212
4421 0 0 18861 18867 18878 21034 21075 21076 21077 21078 21079 21080 21081 21082 21083 21084 21085
4422 0 0 18408 18460 18468 19752 19787 25903 25921 25938 25952 25961 25967 25968 25969 25970 25971 25972
4423 0 0 18407 18458 18469 18872 21080 25844 25877 25906 25923 25949 25966 25967 25977 25978 25979 40643
4424 0 0 17140 18463 18466 18871 18874 21040 21051 21077 21093 25892 25899 25915 25927 25928 25929 25930 25931 25932 25933 25934 25935 25936
4425 3 3 12558 18697 18724 18725 18726 18727 18728 18729 18730 18731 18732 18733 18734 18735 18736
4426 3 3 18738 26497 26546 26550 26557 27126 36328 36338 36346 36353 36355 36356
4427 0 0 19039 19102 19575 24048 26869 28753 28766 28781 28802 28819 28848 28860 34151 34162 34173 34177 34182 34191
4428 0 0 15419 15430 21473 22316 22325 28772 28807 28831 28837 28845 28862 28863 28864 28865 28866 28867
4429 0 0 28808 28814 28820 28827 28835 28841 28847 28856 28861 28867 28872 28876 34146 34160 34164 34170 34172 34173 34174 34175
4430 0 0 11814 11847 15412 15424 22315 28755 28769 28772 28773 28774 28775 28776 28777 28778
4431 3 3 7193 7319 13612 19885 21612 21617 26541 28247 32550 32552 33706 33730 36320 36326 36334 36335 36336
4432 3 3 7329 11513 21599 21615 21623 28284 33680 33709 33712 33720 33729 33732 33733 33734 33735
4433 3 3 3535 6610 7189 7318 11275 11501 13615 32544 32548 32552 32553 32554 32555 32556 32557
4434 3 3 21602 21609 21614 21618 28250 28252 28270 33705 33723 33724 33725 33726 33727 33728 33729 33730 33731
4435 0 0 17211 24893 31325 31343 31349 31355 31356 31357 31358 31359 31360 31361 31362 31363 31364 31365 31366
4436 0 0 35525 35526 35527 35528 35529 35530 35531 35532 35533 35534 35535 35536 35537 35538 35539 35540 35541
4437 0 0 16857 17321 18291 18310 18331 18604 18609 25769 25778 25779 25780 25781 25782 25783 25784 25785 25786
4438 0 0 10573 17304 17319 18282 18288 18293 18298 18299 18300 18301 18302 18303 18304 18305 40644
4439 0 0 16729 16740 16768 16780 16795 16834 16998 17007 18372 24400 30594 30601 30606 30607 30608 30609 30610
4440 0 0 24398 24408 24416 24421 30599 30635 35184 35195 35196 35197 35198 35199 35200
4441 0 0 17499 18116 18174 24479 24931 25282 25379 25403 25410 25418 31585 31594 31607 31619 31624 31625 31626 31627
4442 0 0 17683 18149 23641 25250 25269 25270 25271 25272 25273 25274 25275 25276 25277 25278
4443 0 0 17694 23637 25320 25364 25376 25393 31413 31581 31592 31598 31599 31600 31601 31602 31603 31604
4444 0 0 10887 10963 17495 17516 17688 18121 18131 18141 23644 24934 25245 25251 25269 25279 25280 25281 25282 25283 25284 25285 25286 25287 25288 25289
4445 0 0 28297 28344 33777 34945 38456 38465 38941 39122 39165 39169 39172 39181 39182 39183 39184
4446 0 0 28673 33747 33782 33786 34066 34072 34080 34087 34088 34089 34090 34091 34092 34093 34094
4447 0 0 10853 10882 10959 17437 17441 17442 17443 17444 17445 17446 17447
4448 0 0 5661 5923 10840 10855 10871 10877 10949 10950 10951 10952 10953 10954 10955 10956 10957 10958
4449 0 0 10880 10951 10964 17442 17491 17515 18151 24938 25256 25283 25290 25300 25301 25302 25303
4450 0 0 2715 2734 6053 10841 10851 10852 10853 10854 10855 10856 10857 10858 10859 10860 10861 10862 10863 10864 10865
4451 3 3 11386 18314 18342 18592 22085 25008 25764 25790 26093 26113 26114 26115 26116 26117 26118 26119 26120 26121 26122
4452 3 3 28462 28474 30508 32301 32376 32387 34046 36189 36303 36980 36989 37803 38073 38098 38100 38118 38134 38135 38136 38137 38138 38139 38140
4453 4 4 2055 4628 4656 4992 8714 8715 8716 8717 8718 8719 8720 8721 8722 8723
4454 4 4 8179 8756 8789 8804 8970 9224 9253 15748 15749 15750 15751 15752 15753 15754 15755 15756 15757
4455 0 0 7344 7355 10721 13859 13941 13945 13961 13972 13979 13980 13981 13982 13983 13984 13985
4456 0 0 7351 13848 13874 13883 13897 13903 13926 13932 13933 13934 13935 13936 13937 13938
4457 0 0 469 470 471 472 473 474 475 476 40645
4458 0 0 480 497 1323 1324 1325 1326 1327 40646
4459 0 0 22600 22631 22925 22934 24723 24729 24757 24775 24783 24789 24790 24791 24792 24793
4460 0 0 22921 22931 22938 22945 24760 24796 24811 24833 30052 30083 34354 34377 34387 34396 34403 34404 34405 34406
4461 0 0 33546 34731 36653 36694 37627 38629 38636 38638 38639 38640 38641 38642 38643 38644 38645
4462 0 0 37087 37096 37108 38607 38621 38662 39047 39059 39063 39064 39065 39066 39067 39068
4463 0 0 34099 34111 36546 36607 36625 36643 36669 36679 36696 37079 37104 38577 38614 38616 38617 38618 38619 38620 38621 38622
4464 0 0 34787 37046 37063 37093 37473 37491 37499 38612 38640 38647 38654 38660 39052 39062 39068 39069 39087 39091 39092 39093
4465 0 0 22142 26229 26233 26234 26235 26236 26237 26238 26239 26240 26241 26242 26243 26244
4466 0 0 23930 23955 23961 27363 28579 29546 32663 32680 32683 32684 32685 32686 32687 32688
4467 0 0 23918 27962 28512 28545 28556 28583 32674 32699 32711 32714 32715 32717 32719
4468 0 0 26221 27325 27337 27354 27355 27356 27357 27358 27359 27360 27361 27362 27363 27364 27365 27366 27367
4469 0 0 11916 12260 12266 12575 12606 12621 12817 13650 19693 19711 19725 19737 19772 19808 19821 19864 19932 19973 20032 20376 20385 20389 20390 20391 20392 20393 20394
4470 0 0 11864 11871 11891 11928 11971 11979 12274 12778 12831 19158 19165 21449 21450 21451 21452 21453 21454
4471 0 0 11874 11892 11912 11913 11914 11915 11916 11917 11918 11919 11920 11921 11922 11923 11924 11925 11926 11927 11928
4472 0 0 6973 12265 12783 12815 20026 20390 28068 28087 28089 28090 28091 28092 28093
4473 0 0 20503 20513 20648 23973 23977 23992 23997 23998 23999 24000 40647
4474 0 0 20652 22169 22176 22181 22182 22183 22184 22185 22186
4475 0 0 20508 20514 20618 20634 20644 20648 20649 20650 20651 20652 20653 20654 40648
4476 0 0 21585 22183 22198 23971 23975 23976 23977 23978 23979 23980 23981 40649
4477 0 0 20552 20590 25488 25493 25502 25507 25513 27750 27762 29778 31532 31536 31545 35653 35667 35669 35670 35671 35672
4478 0 0 17929 20527 25041 25050 31537 35659 35663 35678 35679 35687 35695 40650 40651
4479 0 0 17919 20544 25045 25503 27763 27768 33388 35654 35664 35670 35673 35674 35675 35676 35677 35678
4480 0 0 25042 25048 25511 31529 31534 31535 31536 31537 31538 40652 40653
4481 0 0 3557 7124 7140 17944 17977 20166 20177 20193 20201 20202 20203 20204 20205 40654
4482 0 0 3549 3559 3562 40655 40656
4483 0 0 3555 3561 3562 5860 7121 7140 7141 7142 7143 7144 40657 40658
4484 0 0 3551 3560 7125 20163 20190 20204 20206 20207 40659 40660
4485 3 3 19796 19827 20386 22146 22159 26227 26240 26251 27010 28506 28522 28531 28538 28539 28540 28541
4486 3 3 21387 21396 21427 21436 21437 21438 21439 21440 21441 21442 21443 21444 21445 21446 21447 21448
4487 3 3 11942 11953 11989 19826 19842 20384 21445 21456 22152 22157 22158 22159 22160 22161 22162
4488 3 3 21399 21444 22111 22138 22139 22140 22141 22142 22143 22144 22145 22146 22147 22148 22149 22150
4489 3 3 11930 14644 22125 26625 26631 26641 27628 27649 27682 27705 27796 27805 27809 33009 33097 36491 36504 36514 36527 36531 36535 36538
4490 3 3 11935 14642 19178 21381 21403 21425 21426 21427 21428 21429 21430 21431 21432 21433 21434 21435
4491 3 3 11931 19180 19584 21382 21428 26624 26632 27605 27629 27638 27646 27647 27648 27649 27650 27651
4492 3 3 14582 14628 14640 14641 14642 14643 14644 14645 14646 14647 14648 14649 14650 14651 14652 14653
4493 0 0 10937 17607 17608 17609 17610 17611 17612 17613 17614 17615 17616 17617 17618
4494 0 0 17724 17744 18063 18101 23420 23454 23474 23488 23494 23503 23515 24809 25598 29550 29560 29561 29562 29563 29564 29565 29566 29567 29568
4495 0 0 17728 17761 18082 18093 18104 18111 25134 29555 29557 29562 29574 29575 29576 29577 29578
4496 0 0 10934 15940 17609 18060 18106 23288 23293 23505 25600 29551 29559 29563 29569 29570 40661
4497 0 0 1094 1117 1124 1155 1156 1157 1158 1159
4498 0 0 1110 1133 1144 1196 1576 5297 6170 6181 7531 7532 7533 7534 7535 7536 7537 7538 7539 7540
4499 0 0 3260 3527 6505 6611 6626 7332 10731 11449 11467 11494 11500 13940 13944 13953 13955 13956 13957 13958 13959 13960 40662
4500 0 0 5786 10699 10727 10733 13947 13950 13963 13980 14282 14293 14298 14299 14300 14301 40663
4501 0 0 13952 13959 14298 14309 40664
4502 0 0 13943 13949 13954 13960 13966 13979 14284 14299 14302 14303 14304
4503 3 3 23230 23239 23245 29364 29379 29387 29388 29389 29390 29391 29392
4504 3 3 16503 16512 16528 22385 22414 22550 23089 23143 23220 23231 23237 23241 23900 26269 26270 26271 26272 26273 26274 26275
4505 0 0 28342 28679 30839 33773 33789 34092 34949 37310 38874 38905 38914 38923 38936 38939 38940 38941
4506 0 0 30799 30814 30824 30831 30840 30847 30858 33767 33787 34082 35248 35249 35250 35251 35252 35253 35254 35255
4507 0 0 28349 30812 30832 33764 33772 35254 37302 37303 37304 37305 37306 37307 37308 37309 37310 37311 37312
4508 0 0 24422 28696 30821 33788 34069 34070 34071 34072 34073 34074 34075 34076 34077 34078
4509 0 0 30428 30747 32213 32239 32252 32280 32281 32282 32283
4510 0 0 24134 26019 27255 27269 27282 27294 27312 30420 32207 32222 32243 32253 32265 32266 32267 32268 32269 32270
4511 0 0 32199 32200 32201 32202 32203 32204 32205 32206 32207 32208 32209 32210 32211 32212 32213 32214 32215 32216
4512 0 0 27286 27308 30377 30409 30427 30736 31967 32249 32269 34915 34934 36211 36219 36226 36227 36228 36229 36230 36231 36232
4513 0 0 8 101 1200 1205 1214 1217 1218 1219 1220 40665
4514 0 0 12 99 1067 1068 1069 1070 1071 1072 1073 1074 40666 40667
4515 0 0 9 11 98 1067 1199 1200 1201 1202 1203 40668 40669
4516 0 0 7 100 1206 1213 1214 1215 1216 40670 40671
4517 0 0 15892 15900 15920 16178 16186 23180 29299 29309 29338 29339 29340 29341
4518 0 0 4627 8716 8981 9438 15891 15898 16181 20908 20919 20937 20950 20983 21002 21003 21004 21005 21006
4519 0 0 4631 8984 15817 15884 15888 16176 21005 23148 23175 23176 23177 23178 23179 23180 23181 23182 23183
4520 0 0 5067 8762 8777 9413 9442 9446 15335 15350 15362 15367 15887 15901 15919 16179 16183 16184 16185 16186 16187 16188 16189 16190
4521 0 0 1381 10462 10469 10483 10493 16850 18271 18294 18306 18307 18308 18309 18310 18311 18312 40672
4522 0 0 10465 10468 10482 16854 24329 24883 24905 31313 31318 31331 31332 31333 31334 31335
4523 0 0 2654 2655 2656 2657 2658 2659 2660 2661 2662
4524 0 0 1055 2661 2664 2670 3591 3597 3598 3599 3600 3601 3602 3603 3604 40673
4525 0 0 5305 6167 8890 9930 9946 16659 23518 23537 23547 23582 23598 29624 29641 29644 29645 29646 29647 29648 40674
4526 0 0 6164 8862 8888 16100 23516 23585 23593 23601 23602 23603 23604 23605 40675 40676
4527 0 0 8546 8699 9471 12548 13133 13171 13338 13347 15062 15068 15069 15070 15071 15072 15073 15074 15075 15076 15077
4528 0 0 15726 15731 16478 16500 16502 16511 16524 16526 16527 16528 16529
4529 0 0 8243 9479 13138 13343 13346 13347 13348 13349 13350 13351 13352 13353 13354 13355 13356 13357 13358 13359
4530 0 0 8547 8711 9472 15073 15087 15088 15089 15090 15091 15092 15093 15094 15095 15096
4531 0 0 9024 9030 9180 16191 16203 29921 29953 30000 30011 30031 30032 30033 30034 40677
4532 0 0 16201 16288 23808 23814 23823 29997 30004 30012 30020 30025 40678
4533 0 0 206 227 4132 4151 4154 4164 4171 4172 4173 4174 4175 4176 4177 4178 4179 4180 4181
4534 0 0 4047 4135 4276 4678 4685 4700 4702 8125 8152 8330 8340 8373 8374 8375 8376 8377 8378 8379 8380
4535 0 0 2030 4053 4131 4175 4440 4670 4671 4672 4673 4674 4675 4676 4677 4678 4679
4536 0 0 4139 4163 4181 4243 4271 4272 4273 4274 4275 4276 4277 4278 4279 4280 4281
4537 4 4 15626 23191 23203 23243 23901 26271 26279 26285 26286 26287 26288 26289 26290 26291 26292 26293 26294 26295 26296 26297 26298
4538 4 4 23201 26263 29006 29008 29009 29010 29011 29012 29013 29014 29015 29016 29017 29018 29019 29020
4539 4 4 23195 23200 26266 26287 29005 29017 32818 32837 32844 32846 32847 32848 32849 32850
4540 4 4 23161 23168 23193 23202 26289 29001 29009 29032 29044 34232 34260 34326 37142 37151 37152 37153 37154 37155 37156
4541 0 0 10737 10738 10739 10740 10741 10742 10743 10744 10745 10746 10747 10748 10749 10750 10751 10752 10753 10754
4542 0 0 14256 21669 22005 25018 25022 25029 26573 28398 28411 28412 28413 28414 28415 28416 28417 28418 28419 28420 28421 28422 28423 28424
4543 0 0 10316 10336 10744 10767 10799 11286 14327 16898 18486 18917 22009 25012 25013 25014 25015 25016 25017 25018 25019 25020
4544 0 0 10742 10793 10802 10810 14128 14142 21819 22007 26566 26571 28424 30586 33913 33918 33922 33930 33934
4545 0 0 2140 9494 9497 9501 9502 9503 9504 9505 9506 9507 9508 9509 9510 9511 9512 40679
4546 0 0 9546 9552 9556 9566 16537 16551 16561 16567 16568 16569 16570
4547 0 0 15468 15480 15504 15521 15533 16048 22677 22691 22694 22695 22696 22697 22698 22699 22700 40680
4548 0 0 15523 15524 15525 15526 15527 15528 15529 15530 15531 15532 40681
4549 0 0 15475 22649 22656 22699 22704 22705 22706 22707 22708 22709 40682
4550 0 0 15525 15538 15545 15547 16047 16048 16049 16050 40683
4551 0 0 1662 1665 1673 1684 1802 1807 1808 1809 1810 1811 1812 1813 40684
4552 0 0 1664 1672 1677 1686 1694 1799 3930 3931 3932 3933 3934 3935
4553 0 0 38701 38719 38737 38751 38757 38762 38768 38779 38798 38808 38810 38815 38819 38820
4554 0 0 30798 30806 35261 35284 35427 35434 35831 36470 37305 37313 37323 37824 38724 38732 38771 38783 38791 38792 38793 38794 38795
4555 0 0 38769 38770 38771 38772 38773 38774 38775 38776 38777 38778 38779 38780 38781 38782
4556 0 0 30805 35251 35259 37816 37821 37822 37823 37824 37825 37826
4557 0 0 24963 26139 30512 31328 31344 31346 31347 31348 31349 31350 31351 31352 31353 31354
4558 0 0 31497 31508 31514 31520 31527 33971 35008 35027 36965 36973 36985 36990 36991
4559 0 0 10610 17210 24972 24978 24990 31330 31350 31360 31491 31509 31515 31516 31517 31518 31519 31520
4560 0 0 18595 24965 24996 25009 25792 26118 26140 28470 30506 31353 31494 31510 36963 36982 36986 36987 36988 36989 36990
4561 0 0 470 477 538 3181 7372 11347 11356 14024 14038 14039 14040 14041 40685
4562 3 3 540 7370 7584 11350 11354 11362 11376 14042 14050 14363 14420 14421 14429 14430 14431 14432 14433 14434 14435 14436 14437 14438
4563 0 0 737 744 2074 3491 3492 3493 3494 3495 3496 3497 3498 3499 3500 3501 40686
4564 0 0 4301 9300 9314 9334 20827 20833 27824 27852 33412 33422 33431 33447 33450 33458
4565 0 0 1832 2078 4291 4302 4314 8107 8117 8128 9295 9310 9311 9312 9313 9314 9315 9316 9317
4566 0 0 3501 3519 13373 13377 20832 20840 27823 27824 27825 27826 27827 27828 27829 27830 27831 27832 27833
4567 0 0 505 1526 3395 3662 3676 6072 6084 6103 6105 6110 6111 6112 40687
4568 0 0 501 506 509 516 521 522 523 524 525 526 40688
4569 0 0 12634 12660 12665 19979 21505 21531 21536 21539 21541 21542 21543 21544 40689
4570 0 0 11645 12137 12153 12569 12619 12628 12639 12640 12641 12642 12643 12644 12645 12646 12647 12648 12649 40690
4571 0 0 12138 12151 12632 12644 12655 12668 12669 40691
4572 4 4 12568 12620 12633 12642 13703 19969 19980 20021 21502 21514 21519 21533 21535 21536 21537
4573 0 0 1881 3268 3280 3285 3286 3287 3288 3289 3290 3291 3292 3293
4574 0 0 4417 5224 5234 6700 6730 7052 7062 9753 11812 11831 13106 15297 19053 19068 19074 19095 19096 19097 19098 19099 19100 19101 19102 19103
4575 0 0 29724 29725 29726 29727 29728 29729 29730 29731 29732 40692 40693
4576 0 0 35970 35971 35972 35973 35974 35975 35976 35977 35978 35979 35980 35981 35982 35983 35984 35985 35986 35987
4577 0 0 18192 20586 27752 29724 29789 31541 35987 36002 36009 36017 36029 36040 40694
4578 0 0 29718 29725 29735 35978 36011 36013 36018 36019 36020 40695
4579 0 0 28287 33673 33679 33732 36733 36743 36748 36749 36750
4580 0 0 1493 6598 6621 6628 11400 11506 11517 13867 18657 18660 21619 21620 21621 21622 21623 21624 21625 21626 21627 40696
4581 4 4 8014 14891 14918 15001 15048 15056 15150 15151 15152 15153 15154 15155 15156 15157
4582 4 4 7847 7866 7874 8006 8385 8433 8448 8456 14806 14807 14808 14809 14810 14811 14812 14813 14814 14815 14816
4583 4 4 2023 2034 3874 4681 7855 7872 8009 14808 14890 14906 14914 14915 14916 14917 14918 14919 14920 14921 14922 14923
4584 4 4 14813 14866 14946 14999 15041 15057 22427 22435 22444 22452 22453 22454
4585 3 3 2150 5131 5132 5133 5134 5135 5136 5137 5138 5139 5140 5141 5142
4586 0 0 2127 2128 2129 2130 2131 2132 2133 2134 2135 2136 2137 2138 2139 2140 40697
4587 0 0 2127 2141 5139 9506 12392 12539 16543 16564 16593 16599 16600 16601 40698
4588 0 0 2137 2144 3421 5137 5144 6953 7012 7019 9491 16383 16429 16436 16439 16440 16441 16442 16443 16444 16445 40699
4589 0 0 1756 1776 3883 3899 3906 3997 4057 4076 4082 4084 4085 4086
4590 0 0 1746 1760 1774 1785 1795 1796 1797 1798 40700 40701
4591 0 0 1745 1746 1747 1748 1749 1750 1751 1752 1753 40702
4592 0 0 1702 1778 1797 3886 3898 3905 3906 3907 3908 3909 3910 40703
4593 0 0 14882 22515 26350 27636 27687 27698 28560 28791 28797 32863 33498 33507 33521 33530 33536 33537
4594 0 0 22520 22529 22535 22543 22549 22563 27701 27721 28786 28985 32859 33499 33510 33519 33533 33535 33538
4595 0 0 5160 5167 5175 5179 5182 5186 5187 5195 5196 5197 5198 5199 5200 40704
4596 0 0 9614 9624 9639 9642 9655 13778 28212 28226 33556 33574 33592 33593 33594 33595
4597 0 0 5101 5119 5164 5170 5192 5199 8989 9623 9637 9656 12918 33560 33580 33594 33597 33600 33606
4598 0 0 5159 5183 5189 5197 8992 8998 9611 9618 9626 9635 9636 40705
4599 0 0 1607 1618 3822 3834 3859 3862 3863 3864 3865 3866
4600 0 0 1616 1641 3247 3825 3835 6376 6389 6394 6668 7827 7892 7900 11579 14717 14740 14746 14761 14779 14780 14781
4601 0 0 17772 17801 24493 24504 24643 28496 30655 30674 31398 31404 31405 31406 31407 31408 31409
4602 0 0 3765 7718 17810 18393 25808 25830 28489 30667 30679 31370 31377 31381 31382 31383 31384 31385 31386
4603 0 0 257 267 268 269 270 271 272 40706 40707
4604 0 0 258 276 862 875 984 2470 2500 2507 2513 2524 5385 5435 5442 5443 5444 5445 5446 5447 5448 40708
4605 0 0 11013 17371 17378 17393 17396 17397 17398 17399 17400 17401 17402 17403 17404 17405 17406
4606 0 0 17825 17826 17827 17828 17829 17830 17831 17832 17833 17834 17835 17836 17837
4607 4 4 7885 18427 18442 18454 18686 18722 18937 19661 27064 27085 27089 27092 27093 27094 27095 27096 27097 27098 27099 27100
4608 4 4 7165 7882 11234 12563 13734 18413 18414 18415 18416 18417 18418 18419 18420 18421 18422 18423 18424 18425
4609 4 4 9561 12322 12335 12336 12337 12338 12339 12340 12341 12342 12343 12344 12345 12346 12347
4610 4 4 9565 12325 12369 16539 16548 16558 16570 16577 16579 16580 16581 16582 16583
4611 0 0 8466 8476 15442 15449 15457 15493 20868 22598 22628 22681 22688 22689 22690
4612 0 0 4469 8462 8469 13411 15459 15478 20865 20869 20889 22671 22679 22684 22685 22686 22687
4613 0 0 14 15 16 17 18 19 20 21 22 23 24 25 26 27 28 40709 40710
4614 0 0 108 253 353 362 381 388 391 877 878 879 880 881 40711
4615 0 0 15 105 249 250 251 252 253 254 40712
4616 0 0 23 107 358 880 5854 10178 10235 10243 10244 10245 10246 10247 40713
4617 0 0 16907 16921 17142 18409 18459 18478 18869 19753 25899 25900 25901 25902 25903 25904 25905 25906 25907 40714
4618 0 0 18461 18466 18467 18468 18469 18470 18471
4619 0 0 17683 17684 17685 17686 17687 17688 17689 17690 17691 17692 17693 17694
4620 0 0 31580 31581 31582 31583 31584 31585 31586 31587 31588 31589 31590 31591
4621 0 0 8234 8237 8299 11833 13135 13166 20453 20454 20455 20456 20457 20458 20459
4622 0 0 8244 13140 13353 15722 20477 20806 20807 20808 20809 20810 20811 20812
4623 3 3 27940 27972 31440 32439 32505 33854 33870 33885 36260 36264 36265 36266 36267 36268 36269 36270 36271 36272 36273 36274 36275 36276
4624 3 3 28393 32358 32401 32407 33846 33852 34051 36285 36998 37002 38331 38431 38527 38528 38529 38530 38531 38532 38533
4625 3 3 8554 13821 15091 15109 15661 15675 15700 15705 15708 15709 15710 15711 15712 15713
4626 3 3 8508 8535 8549 8698 8699 8700 8701 8702 8703 8704 8705 8706 8707 8708 8709 8710 8711 8712 8713
4627 3 3 8552 8710 15094 15659 15672 15673 15674 15675 15676 15677 15678
4628 3 3 8551 8702 13283 13298 13308 13341 15076 15108 15708 16461 20765 20777 20778 20779 20780 20781
4629 0 0 4346 7037 13012 20774 20793 20798 20802 20803 20804 20805 40715
4630 0 0 4358 7034 12529 12532 13293 13313 13314 13315 13316 13317 13318 13319 13320 40716
4631 0 0 7399 14096 18644 18653 20056 20065 20092 21630 21638 26170 32575 32616 32622 32644 32655 32656 32657
4632 0 0 20051 21933 21944 21952 21994 32593 32610 32624 32628 32629 32630 32631 32632 32633
4633 0 0 32606 32607 32608 32609 32610 32611 32612 32613 32614 32615 32616 32617 32618 32619 32620
4634 0 0 20049 20050 20051 20052 20053 20054 20055 20056 20057 20058 20059 20060
4635 4 4 10752 14111 18902 18918 21820 27074 27123 27129 27139 27142 27143 27144 27145
4636 4 4 18680 18712 18881 18891 18910 18932 18945 21822 21835 27051 27071 27087 27092 27113 27124 27131 27132 27133
4637 0 0 5990 5999 6030 6038 10930 10931 10932 10933 10934 10935 10936 10937 10938 10939 10940 10941 10942
4638 0 0 5992 5997 6023 6024 6025 6026 6027 40717 40718
4639 4 4 12342 20443 26655 26675 26677 26684 26685 26686 26687 26688 26689 26690
4640 0 0 6925 9559 20450 26696 26913 26918 26932 26934 26935 40719
4641 0 0 6924 9530 19599 26689 26698 26912 26923 26925 26929 26930 26931 26932 26933 40720
4642 0 0 12332 12343 20430 20436 20440 20441 20442 20443 20444 20445 20446 20447 20448 20449 20450 20451 20452 40721
4643 0 0 27316 27323 28590 30228 38594 38597 38998 39193 39203 39210 39211 39212
4644 0 0 12846 14704 22204 22223 25553 25562 27741 30323 39000 39016 39017 39018 39019 39020 39021 39022
4645 0 0 3733 11150 11162 18247 25716 31862 32031 32040 32052 32055 32056 32057 32058 32059
4646 0 0 3710 3720 3728 7623 11143 11146 11166 11168 18253 40722
4647 0 0 1082 1151 1168 1192 3709 3721 3727 3728 3729 3730 3731 3732 3733 3734 3735 3736 3737 3738 3739 3740 40723
4648 0 0 11145 11155 11167 16646 16669 18203 18233 18248 18253 25706 25714 31841 31852 31857 31859 31860 31861 31862 31863 40724
4649 0 0 18191 25699 29797 35975 35990 36002 36003 36004 36005 36006
4650 0 0 18194 20580 20581 20582 20583 20584 20585 20586 20587 20588 20589 40725
4651 3 3 24358 30531 30554 32149 34975 35002 35586 35600 35608 37784 38077 38091 38093 38132 38142 38143 38144 38145
4652 3 3 26122 26132 26142 30509 31347 32117 34992 35547 35571 35583 35606 36161 36168 36183 36186 36187 36188 36189 36190 36191 36192
4653 0 0 34122 36545 36555 36605 36606 36607 36608 36609
4654 0 0 37014 37085 37089 38607 38608 38609 38610 38611 38612 38613 38614 38615
4655 4 4 4943 4973 4981 9350 9365 13430 13465 13466 13467 13468 13469 13470 13471 13472
4656 4 4 13410 13418 13433 13440 13450 13459 13489 15500 15507 20851 20864 20875 20888 20889 20890 20891
4657 4 4 9357 13429 13444 13453 13454 13455 13456 13457 13458 13459 13460 13461 13462 13463 13464 13465
4658 4 4 4978 4983 13421 13434 13452 13466 13476 13485 13486 13487
4659 4 4 37001 37006 38334 38532 38541 38955 38963 38973 38975 38976 38977 38978
4660 4 4 31036 31039 31040 31041 31042 31043 31044 31045 31046 31047 31048 31049 31050 31051
4661 4 4 31038 31051 31119 32409 32499 32511 33981 36299 36994 36995 36996 36997 36998 36999 37000 37001
4662 4 4 35484 35501 38504 38509 38538 38552 38817 38822 38826 38953 38965 38968 38969 38970
4663 0 0 12220 12680 12718 12733 12738 12746 12747 12748 40726
4664 0 0 3383 6902 12682 12714 12719 12742 12749 12750 12751 12752 12753 40727
4665 0 0 33200 33201 33202 33203 33204 33205 33206 33207 33208 33209 33210 40728
4666 3 3 20087 21850 25538 26022 26038 26045 26070 27214 27223 27224 27225 27226 27227 27228 27229 27230 27231 27232 27233 27234
4667 0 0 4739 6041 15942 16036 17114 18044 18056 23286 23421 23489 23495 23501 23503 23504 23505 23506 23507 23508 23509 23510 40729
4668 0 0 716 4744 6014 6035 16015 16016 16017 16018 16019 40730 40731
4669 0 0 1744 1748 1754 1775 1781 3879 3900 3964 4061 4084 4097 4099 4100 4101 4102 4103
4670 0 0 198 577 592 612 1741 1750 1786 1788 1795 1803 1814 40732 40733
4671 0 0 578 1737 1738 1739 1740 1741 1742 1743 1744 1745 40734
4672 0 0 1780 1787 1794 1798 1806 1813 1814 3877 3902 3909 3924 3954 3962 3964 3965 3966 3967 40735
4673 0 0 31884 31957 35902 35971 35993 36000 36025 36039 36045 36058 36072 36073 36074 36075 36076 36077 36078
4674 0 0 31839 32047 32065 35881 35912 36043 36054 36060 36061 36062 36063 36064 36065 36066 36067
4675 0 0 15572 16143 16150 24456 26437 29656 29657 29658 29659 29660 29661 29662 29663 29664 29665 29666 29667
4676 0 0 26410 28691 32900 32918 32929 32933 32938 34792 34806 37389 37410 37421 37432 37433 37434 37435 37436 37437 37438
4677 0 0 15581 24454 29657 32919 35278 35377 37374 37412 37415 37416 37417 37418 37419 37420 37421 37422 37423
4678 0 0 23566 24174 26425 26436 29663 32896 32907 32908 32909 32910 32911 32912 32913 32914 32915 32916 32917 40736
4679 0 0 1822 4143 4160 4182 4183 4184 4185 4186 4187 40737
4680 0 0 4140 4145 4158 4165 4228 4229 4230 4231 4232 4233 4234 40738
4681 0 0 22575 22582 22720 22730 23703 29080 29114 29116 29119 29120 29121 29122 29123
4682 0 0 22626 23704 24765 29092 29097 29098 29099 29100 29101 29102 29103 29104 29105 29106 29107 29108
4683 0 0 24813 24814 24815 24816 24817 24818 24819 24820 24821 24822
4684 0 0 17092 17097 24829 24837 24861 29217 29218 29219 29220 29221 29222 29223 29224 29225
4685 0 0 1410 2155 2170 2171 2172 2173 2174 2175 2176 2177 2178 2179 40739
4686 0 0 3302 3310 11681 11688 11689 11690 11691 11692 40740
4687 0 0 27920 27939 27977 31261 31271 31439 31449 31467 31468 31469 31470 31471 31472 31473
4688 0 0 31231 31258 32458 32472 32510 32516 32523 32524 32525 32526 32527 32528 32529
4689 0 0 24876 31238 31250 31265 31448 31457 32436 32455 32456 32457 32458 32459 32460 32461 32462
4690 0 0 27942 27973 31049 31260 31438 31467 32442 32506 32520 32523 32531 35474 35480 35492 36265 38324 38399 38546 38549 38550 38551 38552 38553
4691 0 0 1696 1766 3881 3885 3886 3887 3888 3889 3890 3891 3892 3893 3894 3895 3896
4692 0 0 1698 3968 3980 3981 3982 3983 3984 3985 40741
4693 0 0 1648 1701 1759 1767 1777 1796 2575 3056 3855 3885 3897 3905 3970 3981 3988 3992 3993 3994 3995 3996 3997 3998 3999 40742 40743
4694 0 0 1695 1714 3895 3911 3912 3913 3914 3915 3916 3917 3918 3919 3920 3921 3922 3923
4695 0 0 4445 8322 8470 8478 8487 8488 8489 8490 8491 8492 8493 8494 8495 8496 8497 8498 40744
4696 0 0 13390 13396 15484 15495 20844 20853 20854 20855 20856 20857 20858 20859 20860
4697 0 0 8314 8323 8477 8496 13389 13392 15485 15490 16220 20859 20887 22574 22577 22578 22579 22580 22581 22582 22583
4698 0 0 4451 8473 13395 13413 15438 15482 15494 20846 20854 20866 20868 20869 20870 20871 20872 20873
4699 0 0 23837 23838 23839 23840 23841 23842 23843 23844 23845 23846 23847 23848 23849 23850
4700 0 0 13062 13081 13244 14612 20721 20757 22259 22281 22282 22283 22284 22285 22286 22287 22288 22289 22290
4701 0 0 13058 13323 14605 14611 14637 16486 20764 22283 22310 23842 23872 23879 23881 23882 23883 23884 23885 23886 23887
4702 0 0 20699 20712 20713 20714 20715 20716 20717 20718 20719 20720 20721 20722 20723 20724 20725 20726 20727 20728 20729
4703 0 0 1473 1511 3566 6516 6539 6543 6544 6545 6546 6547 6548 6549
4704 0 0 6502 6503 6504 6505 6506 6507 6508 6509 6510 6511 6512 6513 6514 40745
4705 0 0 1475 6504 6546 6601 7331 10725 10730 10731 10732 40746
4706 0 0 3564 3690 6540 6547 6564 6580 6583 6585 6586 6587 6588 6589 40747 40748
4707 0 0 30343 37037 37062 37105 38852 39050 39067 39078 39082 39083 39084 39085 39086 39087
4708 0 0 37015 37020 37026 37031 37040 37047 37050 37056 37061 37069 37078 37082 37088 37089 37090 37091 37092 37093 37094 37095 37096
4709 0 0 16859 24298 24312 24324 24328 31331 32081 32109 32119 32126 32127 32128 32129 32130 32131
4710 0 0 24891 24900 24907 31308 31321 31335 31337 32077 32098 32102 32123 35528 35544 35549 35558 35559 35560 35561
4711 0 0 5924 10842 10856 10869 10883 10955 18148 25292 31552 31564 31567 31568 31569 31570
4712 0 0 18146 23647 25268 25271 25298 25319 25346 25351 25357 25358 25359 25360 25361 25362 25363
4713 0 0 10958 10966 18150 25253 25270 25289 25290 25291 25292 25293 25294 25295 25296 25297 25298 25299
4714 0 0 31559 31566 31570 31574 31579 37989 37993 38001 38009 38023 38034 38045 38046 38047 38048 38049
4715 0 0 1569 3702 11031 11118 14190 14194 14211 14214 16679 18207 24092 31906 31918 31932 31935 31936 31937
4716 0 0 1189 1198 2810 3730 11119 11152 11161 14209 14216 32021 32029 32035 32050 32058 32060
4717 0 0 1093 1187 1195 3712 3731 6179 11117 14191 14205 14209 14210 14211 14212
4718 0 0 11124 11156 14217 18210 31867 31872 31891 31904 31905 31906 31907 31908 31909 31910
4719 0 0 78 82 88 89 90 40749 40750
4720 0 0 83 237 748 759 767 768 769 770 771 772 773 774 775 776 40751
4721 0 0 646 652 1906 1951 4392 4404 5240 5252 5253 5254 5255 5256 5257 5258 40752
4722 0 0 1448 3350 3369 3478 5279 5281 13085 13086 13087 13088 13089 13090 13091 13092
4723 0 0 5278 5282 13091 13110 13120 19054 19062 19076 19104 19105 19106
4724 0 0 218 648 1404 1440 1441 1442 1443 1444 1445 1446 1447 1448 40753
4725 0 0 31201 31207 31212 32726 32734 32739 32742 32775 32780 32800 35458 35464 35469 36400 36416 36417 36418 36419 36420 36421 36422 36423
4726 0 0 26257 26326 26332 26341 29278 29377 29409 29429 29476 32721 32749 32758 32760 32761 32762 32763 32764 32765 32766 32767 32768
4727 0 0 18807 23932 26321 26333 29281 29287 29292 29435 29456 29463 29479 29490 31198 31205 31211 32720 32721 32722 32723 32724 32725 32726 32727 32728
4728 0 0 29200 32731 32750 32757 32769 32770 32771 32772 32773 32774 32775 32776 32777
4729 4 4 21859 27239 27261 27276 27284 27298 32017 32028 33229 36090 36103 36111 36119 36133 36134
4730 4 4 25696 27246 27265 27278 27299 30375 30376 30377 30378 30379 30380 30381 30382 30383 30384 30385 30386 30387 30388 30389 30390
4731 0 0 6795 6816 6817 6818 6819 6820 6821 40754 40755
4732 0 0 19242 19243 19244 19245 19246 19247 19248 19249 19250 19251 19252 19253 40756
4733 0 0 6798 6804 6816 12044 19246 19257 19267 19270 19271 40757 40758 40759
4734 0 0 3324 6799 6819 6829 6832 6833 6834 6835 6836 6837 6838 40760
4735 0 0 4657 8722 9221 9255 9273 9307 9700 13514 16317 16327 20917 20979 21000 23105 33435 33446 33449 33460 33466 33472 33473 33474 33475 33476
4736 0 0 20899 21016 34321 36576 36592 36594 36595 36596 36597 36598
4737 0 0 13523 15826 15842 21021 21173 23098 27819 33405 33428 33437 33459 33460 33461 33462 33463 33464 33465
4738 0 0 15747 15757 16313 16374 20914 20920 20961 20985 27859 33466 33467 33468 33469 33470 33471
4739 0 0 1614 1627 1639 1640 1641 1642 1643 1644 1645 1646 1647
4740 0 0 7817 7828 7890 7899 7900 7901 7902 7903 7904 7905 7906 7907
4741 3 3 27893 27945 27979 27993 28311 33793 35467 38404 38423 38428 38435 38442 38443 38444 38445
4742 3 3 28376 28392 32397 33849 33859 36274 36773 36788 38426 38432 38527 38534 38544 38554 38555
4743 3 3 22022 27947 27982 28389 32399 32584 33795 33805 33855 33883 33923 36262 36275 36774 38402 38415 38427 38431 38432 38433 38434 38435 38436 38437
4744 3 3 27943 31468 35470 35473 35486 35497 36269 36782 38425 38441 38443 38449 38505 38539 38545 38550 38554 38780 38801 38811 38818 38821 38822 38823 38824
4745 0 0 23333 23337 23338 23339 23340 23341 23342 40761
4746 0 0 15527 17104 22648 22836 23344 29228 29232 29235 29236 29237 29238 29239 29240 40762
4747 0 0 4432 8449 8455 8572 8600 8621 8629 8643 8645 8646 40763
4748 0 0 1976 4431 8387 8414 8451 8453 8570 8593 8619 8626 8633 8640 8646 8660 14809 14838 14845 14864 14865 14866 14867 40764
4749 0 0 17137 30577 35051 35063 35076 35078 35079 35080 35081 35082 35083 35084
4750 0 0 30575 31455 32451 32483 35055 35064 35075 35093 35112 35113 35114 35115 35116 35117 35118
4751 0 0 16865 24210 24214 24347 24352 24354 24355 24356 24357 24358 24359
4752 0 0 5551 10199 10204 10205 10206 10207 10208 10209 10210 10211 10212
4753 0 0 7335 10728 10732 13942 13944 13945 13946 13947 13948 13949 40765
4754 0 0 6614 7343 11448 11466 13939 13955 13981 13986 14287 14302 14305 14316 14317 14318
4755 4 4 1991 2002 2061 2072 2334 2348 2373 4838 4856 9033 10390 10391 10392 10393 10394 10395 10396 10397 10398 10399
4756 4 4 672 706 950 1997 2005 2014 2068 3068 7934 9037 9045 9046 9047 9048 9049 9050 9051 9052 9053
4757 0 0 696 705 949 1966 1990 1992 1993 1994 1995 1996 1997 1998 1999 2000 2001 2002 40766
4758 4 4 2071 9035 9049 9061 9138 10392 10404 10418 10422 10423 10424 10425 10426
4759 0 0 916 917 918 919 920 921 922 923 924 925 926 927 928 929 930 931 40767
4760 0 0 2260 2394 10042 10057 10067 10077 10082 10083 10084 10085 10086 10087
4761 0 0 18585 18630 25007 26090 26116 28468 28469 28470 28471 28472 28473 28474 28475 28476 28477 28478
4762 0 0 32340 32341 32342 32343 32344 32345 32346 32347 32348 32349 32350 32351 32352 32353 32354 32355 32356
4763 0 0 309 2784 2933 2961 2971 5650 5656 5657 5658 5659 40768
4764 0 0 307 334 2925 2937 2947 2948 2952 2953 2954 40769 40770
4765 0 0 1454 1455 1456 1457 40771 40772
4766 0 0 1452 3376 3444 6910 6945 9513 9521 9532 9533 40773 40774
4767 4 4 10719 31362 31488 31515 31525 34979 34998 35011 35022 35023 35024
4768 4 4 17328 17339 28430 31503 31526 33949 33968 33972 35009 35025 35026 35027 35028 35029 35030 35031
4769 2 2 184 2042 3869 3951 3956 4067 4116 4130 6341 6348 6362 8026 8089 11750 14889 14902 14903 14904 14905 14906 14907 14908 14909 14910 14911 14912 14913
4770 2 2 654 2038 4683 4699 8091 8285 15164 15203 15243 15254 15255 15256 15257 15258 15259
4771 0 0 22588 29053 29082 29121 29125 34215 34261 34267 34303 34309 34310 34311 34312
4772 0 0 22576 22583 22593 22597 23702 23755 29046 29055 29083 29098 29109 29110 29111 29112 29113 29114 29115
4773 0 0 15067 15077 15083 15086 15100 15104 15112 15115 15116 15117
4774 0 0 8685 9474 13349 15060 15088 15097 15103 15658 15677 15720 15727 15728 15729 15730 15731
4775 0 0 21964 21973 21977 21986 21999 22003 22225 22236 26144 28261 28268 28274 28278 28279 28280
4776 0 0 21928 21929 21930 21931 21932 21933 21934 21935 21936 21937 21938
4777 0 0 26654 26668 26669 26695 26735 26744 26749 26758 33024 33039 33049 33061 33062 33063 33064
4778 0 0 6916 12340 12370 26651 26664 26671 26676 26677 26678 26679 26680
4779 0 0 14200 16692 16713 21888 21889 21890 21891 21892 21893 21894 21895 21896
4780 0 0 14227 16701 24081 30269 32176 32194 32195 32196 32197 32198
4781 3 3 9439 15339 16184 20905 20933 20951 20957 21003 34208 34276 34277 34283 34287 34288 34289 34290 34291
4782 3 3 8174 8807 9369 9386 9406 15744 15751 16312 16351 16361 16376 20907 20911 20912 20913 20914 20915 20916
4783 3 3 15736 20924 20940 20952 20954 20955 20956 20957 20958 20959 20960
4784 3 3 8180 8780 8788 9392 9441 15334 15754 16183 20904 20905 20906 20907 20908 20909 20910
4785 4 4 15613 21372 22368 22997 28880 28883 28884 28885 28886 28887 28888 28889
4786 4 4 15594 21243 21255 21293 21335 21338 21351 21364 21365 21366 21367 21368 21369 21370 21371
4787 4 4 7158 13524 13525 13526 13527 13528 13529 13530 13531 13532
4788 4 4 21301 21336 21368 21377 22365 22997 22998 22999 23000 23001 23002 23003 23004 23005 23006 23007 23008 23009 23010 23011 23012
4789 3 3 5931 5942 5947 5957 5960 5970 5973 5979 5983 5986 10893 10904 10905 10906 10907 10908 10909 10910 10911 10912
4790 0 0 102 1072 1201 1210 1219 1224 1232 2792 2793 2794 2795 2796 2797 2798 2799 2800 40775
4791 3 3 2800 2806 5927 5928 5929 5930 5931
4792 0 0 1073 1209 1236 2799 2844 5894 5899 5910 5935 5955 5971 5974 5980 5981 5982 5983 40776
4793 0 0 5130 9542 12905 20238 27424 27429 27441 27452 33334 33343 33344 33345 33346 33347 33348 40777
4794 0 0 2134 3416 3423 3430 5088 5126 7001 7011 9485 9486 9487 9488 9489 9490 9491 9492 9493 9494 9495 40778 40779
4795 0 0 2132 2146 5123 9488 9535 9536 9537 9538 9539 9540 9541 9542 9543 9544 9545 9546
4796 0 0 3431 5129 7002 9490 12904 33344 33351 33352 40780
4797 0 0 17047 17126 23370 23380 23393 24820 24825 24841 24847 24858 24859 24860 24861
4798 0 0 17051 23389 24819 24843 24844 24849 24850 24851 24852 24853 24854 24855 24856 24857
4799 0 0 443 3338 3347 3463 6790 6900 12054 12055 12056 12057 12058 12059 12060 12061 12062 12063 12064 12065 40781
4800 0 0 438 1428 1429 1430 1431 1432 1433 1434 40782
4801 0 0 440 446 1432 1435 3466 6788 6789 6790 6791 6792 6793 6794 40783 40784
4802 0 0 3342 6899 12059 12766 12802 12810 12835 12841 13724 19991 20005 20008 20009 20010
4803 0 0 9871 14197 14232 16690 21895 24082 24095 30247 30266 30267 30268 30269 30270 30271 30272 30273
4804 0 0 8946 9781 9867 9918 14226 16632 16637 30235 30236 30237 30238 30239
4805 4 4 22336 23211 28930 28951 28965 29371 29382 29398 29401 29413 29414 29415
4806 4 4 21101 21147 21209 21217 21227 21237 22371 22390 22391 22392 22393 22394 22395 22396 22397 22398 22399
4807 4 4 21211 21222 21229 21238 22397 22467 23214 23222 28914 28919 28929 28947 28960 28961 28962 28963 28964 28965 28966 28967 28968
4808 4 4 15321 15779 21103 21175 21192 21196 21203 22338 22374 22391 22407 23122 23209 23225 23227 29376 29380 29392 29415 29418 29421 29425
4809 3 3 24464 29659 34554 34582 34589 35275 35287 35381 36234 37418 37817 37827 37840 37841 37842 37843 37844 37845 37846 37847
4810 3 3 24467 31832 34597 35281 35317 35346 35379 35431 35833 37275 37318 37320 37329 37335 37352 37361 37362 37363 37364 37365 37366 37367
4811 4 4 3821 6718 6743 6750 6751 6752 6753 6754 6755 6756 6757 6758 6759
4812 4 4 7813 7822 7834 7841 11239 11240 11241 11242 11243 11244 11245 11246 11247 11248
4813 0 0 7354 13851 13899 13921 13925 13926 13927 13928 13929 13930 13931
4814 0 0 13918 18505 18533 18549 18560 18565 21648 21658 21660 21661 21662 21663 21664 21665 21666
4815 0 0 624 635 642 1889 1901 8074 8076 8077 40785
4816 0 0 638 1836 1848 1849 1850 1851 1852 1853 1854 1855 1856 1857 1858 1859 1860 1861 1862 1863 1864 1865 1866 1867
4817 0 0 628 645 1843 1859 1887 1907 1934 4200 4393 4399 4400 4401 4402 4403 4404 4405 40786
4818 0 0 637 1860 1872 1890 1895 8044 8067 8070 8071 8072 8073 8074 8075 40787
4819 0 0 10608 17212 18603 18610 24903 24966 24999 25794 26137 31311 31320 31323 31324 31325 31326 31327 31328 31329 31330
4820 0 0 26135 31316 31338 31352 32080 32099 32103 32112 32113 32114 32115 32116 32117 32118 32119 32120 32121 32122 32123 32124 32125
4821 0 0 17213 24890 24899 24906 31309 31322 31323 31334 31342 31365 35526 35545 35549 35550 35551 35552
4822 0 0 18320 18347 18602 24970 24997 25765 25783 25791 26117 26131 26133 26134 26135 26136 26137 26138 26139 26140 26141 26142
4823 0 0 940 992 999 1000 1001 1002 1003 1004 1005 1006 40788
4824 0 0 709 1971 3082 7916 7931 7933 14842 14852 14868 14996 15005 15010 15011 15012 15013 15014 15015
4825 0 0 20533 20541 23984 28595 28607 28614 28636 28665 28722 29773 33373 33383 33392 33393 33394 33395 33396 33397 33398 40789
4826 4 4 27758 27764 27775 28698 28717 29777 30362 31531 35661 35669 35675 35683 35690 35697 35698 35699
4827 4 4 23993 28594 28719 33379 33396 35692 35698 37009 37019 37021 37027 37028 37029 37030 37031
4828 4 4 35652 35653 35654 35655 35656 35657 35658 35659 35660 35661 35662
4829 0 0 71 1828 4294 4297 4306 4309 4310 4311 4312 4313 40790
4830 0 0 72 209 732 733 734 735 736 737 738 739 40791
4831 0 0 67 68 69 70 71 72 73 40792 40793
4832 0 0 1835 2076 3493 4303 4311 4316 4912 9313 9320 9339 9343 9344 9345 9346 9347 40794
4833 0 0 5670 10952 25261 25293 25303 25330 25341 25355 31378 31392 31577 35615 35624 35633 35645 35646 35647 35648
4834 0 0 1017 1590 3743 3762 5665 6128 7644 9815 24944 24954 24956 24957 24958 24959 24960 24961
4835 0 0 3311 6709 6713 6714 6715 6716 6717 6718 6719 6720 6721 6722 6723 6724 6725
4836 0 0 6744 6757 7761 7773 7791 12132 22320 25884 26856 26861 28813 28840 28842 28868 28869 28870 28871 28872
4837 3 3 2333 2354 2361 5336 5394 5399 10432 10441 10452 16283 17154 17165 17178 17189 24222 24239 24243 24244 24245 24246 24247 24248 24249 24250
4838 3 3 10438 10444 10446 17179 21276 31079 31130 35168 35389 35397 37854 37870 37876 37881 37882 37883 37884
4839 0 0 13200 14654 14655 14656 14657 14658 14659 14660 14661 14662 14663 14664
4840 0 0 7109 13231 14667 14674 20671 20679 20680 20681 20682 20683 20684 20685 20686 20687 20688 20689
4841 0 0 7110 13202 13236 13239 14661 14670 14674 14675 14676 14677 14678 14679 14680 14681 14682
4842 0 0 13204 14659 14668 20132 20142 20143 20144 20145 20146 20147 20148 20149
4843 0 0 19125 19145 19214 20460 20461 20462 20463 20464 20465 20466 20467 20468 20469
4844 0 0 7055 7065 7067 8227 8296 11830 11831 11832 11833 11834 11835 11836 11837 11838 11839 11840
4845 0 0 13870 20069 21622 21632 21634 21643 28285 33674 33715 36734 36744 36748 36751 36752 36753 40795
4846 3 3 20050 20062 20073 20078 21637 21938 21943 28273 32608 32623 32628 32656 33687 33717 36742 36762 36765 36768 36771 36772
4847 0 0 6817 6837 6842 6852 6859 12010 19245 19266 19268 19269 19270 40796 40797
4848 0 0 6826 12009 12068 12079 19248 19254 19262 19273 19280 19289 19402 19408 19447 19453 26772 26796 26798 26812 26816
4849 0 0 6803 6815 6821 6824 6839 12034 12043 19242 19254 19255 19256 19257 19258 19259 19260
4850 0 0 6831 6838 6843 6855 6864 11995 12007 12008 12009 12010 12011 12012 12013 12014
4851 0 0 5296 7616 7690 9830 9848 9895 9898 14177 14408 14456 14465 14466 14467 14468 14469 14470
4852 0 0 7524 7695 14150 14170 14351 14370 14371 14372 14373 14374 14375 14376
4853 0 0 7585 7699 9829 14156 14167 14172 14350 14375 14377 14384 14409 14434 14455 14459 14468 14473 14477 14478 14479 14480
4854 0 0 1560 5298 7529 7533 7689 9840 9845 9846 9847 9848 9849 9850 9851 9852 9853 9854
4855 0 0 2136 3420 5083 5109 5146 7004 7009 7010 7011 7012 7013 7014 7015 7016 7017 7018
4856 0 0 5104 5150 7020 12917 16393 16439 16452 20263 27492 33557 33576 33588 33596 33597 33598 33599
4857 0 0 15598 23020 24705 24865 24871 24872 24873 24874 24875 24876 24877 24878 24879 24880 24881 24882
4858 0 0 31235 31248 31296 32467 37896 37930 37932 37936 37937 37938 37939
4859 0 0 6789 6808 12057 12082 12433 12437 12438 12439 12440 12441 12442 12443 40798
4860 0 0 6937 12072 12088 12434 12470 12492 12493 12494 12495 12496 12497 40799
4861 0 0 6059 6992 9576 9577 9578 9579 9580 9581 9582 9583 9584 40800
4862 0 0 6060 6996 9581 20511 20518 20521 20641 20645 24127 26951 26962 26969 26970 26971 26972 26973
4863 0 0 6058 6992 6993 6994 6995 6996 6997 6998 6999 7000 40801
4864 0 0 6062 9576 20615 20629 20639 20647 20656 26950 26951 26952 26953 26954 26955 26956 26957 40802
4865 0 0 11121 14213 16681 31904 31929 31936 31964 32020 32038 32039 32040 32041 32042 32043 32044 32045 32046 32047 32048 32049
4866 0 0 3717 3725 3739 11116 11138 11147 11156 11157 11158 11159 11160 11161 11162 11163 11164 11165 11166 11167
4867 0 0 1188 2814 11122 14204 14210 14213 14214 14215 14216 14217 14218 14219 14220
4868 0 0 11158 31836 31853 31854 31866 31873 31892 31907 32048 32053 32056 32062 32064 32065 32066 32067 32068
4869 0 0 18668 18677 18879 21094 26175 26176 26177 26178 26179 26180 26181 26182 26183
4870 0 0 3225 3230 5348 5358 11522 11529 11530 11531 11532 11533 11534 11535 11536
4871 0 0 20582 25692 29782 29793 29811 30332 30359 30366 30391 30401 30403 30404 30405 30406 30407 40803
4872 0 0 30358 30363 30367 33197 37692 37708 37715 37735 37738 37739 37740
4873 0 0 7996 21233 22538 22548 22560 23221 23233 23234 23235 23236 23237 23238 23239 23240
4874 0 0 23215 28949 28966 28977 29368 29386 29394 29400 29401 29402 29403
4875 0 0 12373 12374 12375 12376 12377 12378 12379 12380 12381
4876 0 0 16534 16535 16536 16537 16538 16539 16540 16541 16542 16543 16544 16545 16546
4877 0 0 12323 12335 12356 12380 12383 12413 13274 16545 16556 16575 16580 16597 16608 16609 16610 16611 16612 16613 16614
4878 0 0 2151 5135 9543 13255 13269 13277 16421 16541 16562 16571 16591 16592 16593 16594
4879 3 3 2147 5138 5145 7010 7026 9537 13249 13272 16418 16453 16563 16572 16591 20242 20245 20246 20247 20248 20249 20250 20251 20252 20253 20254
4880 3 3 2139 5125 5147 7016 9487 9541 12907 16442 20227 20243 20255 27422 27423 27424 27425 27426
4881 0 0 4753 4757 25158 25166 25172 25214 25220 25225 25226 40804
4882 0 0 23528 23533 23539 23546 25155 25163 25222 25227 25228 25229 25230 25231 40805
4883 3 3 33113 33114 33115 33116 33117 33118 33119 33120 33121 33122 33123 33124 33125 33126 33127 33128 33129 33130
4884 0 0 3457 9570 20408 20427 20428 20429 20430 20431 20432 20433 20434 20435 40806
4885 3 3 20416 20426 20435 20439 20452 26994 27613 27617 27622 28032 28066 33114 33134 33137 33138 33139 33140 33141
4886 3 3 7113 9571 9595 12407 13229 20428 20445 27445 27454 33124 33144 33155 33159 33170 33179 33180 33181
4887 0 0 18806 23933 23943 26324 28302 29290 29436 29450 29451 29452 29453 29454 29455 29456 29457
4888 0 0 23929 26312 27343 27344 27345 27346 27347 27348 27349 27350 27351 27352 27353
4889 0 0 23931 23940 23948 23956 23965 27347 27364 28299 28322 28578 29449 29450 29522 29531 29539 29540 29541 29542 29543 29544 29545 29546 29547 29548
4890 0 0 23936 26315 27343 29443 29455 29471 29490 29491 29492 29493 29494 29495 29496 29497
4891 0 0 7396 7457 7476 7484 7489 7490 7491 7492 7493 7494 7495 7496 7497
4892 0 0 7349 7422 13854 13895 13920 13925 14011 14016 18509 18530 18561 18563 18564 18565 18566
4893 0 0 2695 3119 3140 3573 3618 3637 3664 7347 7387 7421 7472 7489 7503 7519 13855 13891 13894 14009 14014 14015 14016 14017 14018 14019
4894 0 0 7391 7427 7495 13853 14010 14066 14090 18499 18511 18528 18529 18530 18531 18532 18533
4895 0 0 7049 7063 8226 11832 13101 13106 13107 13108 13109 13110 13111 13112 13113 13114 13115 13116
4896 0 0 5253 5286 7046 13119 19050 19060 19069 19073 19074 19075 19076
4897 0 0 37985 37990 37994 38002 38007 38010 38014 38019 38030 38032 38045 38050 38060 38061 38063
4898 0 0 18144 25265 25278 25295 25328 25342 25343 25344 25345 25346 25347 25348
4899 0 0 113 157 1624 3320 6332 6683 6702 6703 6704 6705 6706 6707 6708 6709 6710 6711 6712
4900 0 0 6691 6736 6783 7767 7784 7798 11761 11776 11781 11802 15215 15225 15231 15292 15301 15308 15309
4901 0 0 6234 6235 6236 6237 6238 6239 6240 6241 6242 6243 6244 6245 6246
4902 0 0 882 901 911 6249 6254 18261 18275 18284 18285 18286 40807
4903 0 0 21 416 884 892 899 912 1320 5856 6240 6248 6254 6255 6256 6257 6258 6259 6260 6261 40808
4904 0 0 903 6239 6250 6266 6288 18257 18258 18259 18260 18261 18262 18263 40809
4905 0 0 19039 19040 19041 19042 19043 19044 19045 19046 19047 19048 19049 19050 19051 19052 19053 19054 19055 19056 19057 19058
4906 0 0 2160 2169 2179 3300 3309 5248 5263 5264 5265 5266 5267 5268 5269 5270 5271 5272
4907 0 0 11697 12175 18954 18997 18999 19000 19001 19002 19003
4908 0 0 12170 12177 18957 19006 19018 19028 19035 19354 19466 19490 19498 19509 19525 19526 19527 19528 40810
4909 0 0 10797 14249 17355 21672 22004 22005 22006 22007 22008 22009 22010 22011
4910 0 0 10746 14129 18907 18916 21818 25014 26565 26566 26567 26568 26569 26570
4911 0 0 11053 16164 16173 17264 17272 25304 25315 25324 25352 25359 25604 25605 25606 25607 25608 25609 25610 25611 25612
4912 0 0 17267 17690 25255 25275 25312 25318 25364 25365 25366 25367 25368 25369
4913 0 0 17268 17276 24950 25258 25304 25305 25306 25307 25308 25309 25310 25311 25312
4914 0 0 17684 23635 25274 25314 25358 25605 29852 31604 31614 31638 34476 34498 34499 34500 34501 34502 34503
4915 3 3 10293 10339 10768 10790 10804 14255 14286 14296 14313 14320 14325 17354 22006 25019 25021 25022 25023 25024 25025 25026 25027
4916 3 3 10334 10778 11259 11264 11271 11282 11283 11284 11285 11286 11287 11288 11289 11290 11291 11292 11293 11294 11295 11296 11297
4917 0 0 26826 26838 26849 26854 26886 26887 26888 26889 26890 26891 26892 26893
4918 0 0 7173 11242 12231 21489 22319 25841 25858 25887 25984 26832 26837 26855 26856 26857 26858 26859
4919 0 0 12134 12234 12243 19521 25863 26834 26842 26850 26864 26865 26866
4920 0 0 7181 21493 22324 26835 26855 26863 26887 26905 28822 28833 28839 28842 28843 28844 28845 28846 28847
4921 0 0 5790 10703 10709 10717 13913 17330 17334 17335 17336 17337 17338 17339 17340 17341 17342 17343
4922 0 0 14257 17327 17351 21675 21682 25031 28426 28432 31504 33941 33946 33961 33963 33964 33965 33966 33967 33968 33969
4923 0 0 33944 33955 33962 33969 33974 33976 33978 33980 36961 36970 36975 36979 36984
4924 0 0 14277 21667 22017 28397 28419 28428 31480 32420 33858 33876 33889 33890 33891 33892 33893 33894 33895
4925 0 0 17326 25032 28402 28412 28427 28431 28436 31486 31502 33945 33946 33947 33948 33949 33950 33951 33952 33953 33954 33955
4926 0 0 21740 22016 22019 32352 32379 32402 32415 32416 32417 32418 32419 32420 32421 32422
4927 0 0 10828 17460 17525 17541 17544 17547 17549 17554 17555 17556
4928 0 0 10837 10838 10839 10840 10841 10842 10843 10844 10845 10846 10847 10848 10849 10850
4929 0 0 10847 10851 10877 10878 10879 10880 10881 10882 10883 10884 10885 10886 10887 10888 10889 10890
4930 0 0 5943 5965 10844 10897 10905 17520 17529 17540 17550 17557 17577 17630 17649 17653 17654 17655 17656 17657 17658
4931 0 0 16999 17011 17018 18369 18398 24393 24415 30603 30608 30614 30628 30629 30630 30631 30632 30633 30634 30635 30636 30637
4932 0 0 30690 30698 30704 30712 30715 31149 31165 35188 35206 35213 35219 35220 35221 35222 35223 35224
4933 0 0 30598 30605 30610 30612 35187 35200 35208 35212 35215 35216 35217 35218
4934 0 0 24390 30615 30629 30639 30714 31150 35196 35203 35210 35220 35230 36137 36158 38074 38092 38102 38104 38121 38126 38133
4935 0 0 978 979 980 981 982 983 40811 40812
4936 0 0 2493 2494 2495 2496 2497 2498 2499 2500 40813
4937 0 0 5956 10911 17565 17572 17578 17636 17650 17657 17661 18154 25237 25240 25241 25242 25243 25244
4938 0 0 8829 8839 17568 17637 17646 17659 17681 23623 25181 25186 25187 25188 25189 25190 25191 25192 25193
4939 0 0 499 1327 2676 2697 3100 3122 3139 3140 3141 3142 3143 40814
4940 0 0 476 483 2681 2701 2919 3124 3135 3154 3179 3191 3578 7373 13888 13898 14014 14020 14021 14022 14023 14024 14025 14026 14027 14028 14029
4941 0 0 23022 23031 23039 24699 24716 29259 29260 29261 29262 29263 29264 29265
4942 0 0 22969 23026 23035 26331 26341 26342 26343 26344 26345 26346 26347 26348 26349
4943 0 0 13562 18926 18943 22359 22962 23013 23024 23032 23033 23034 23035 23036 23037 23038 23039
4944 0 0 29265 29271 29277 29285 29291 29293 31206 31208 32727 32736 32737 32738 32739 32740 32741
4945 0 0 4512 4579 9077 9097 16209 16213 16237 16240 16241 16242 16243 16244
4946 0 0 679 680 681 682 683 684 685 40815
4947 0 0 2012 2021 4848 9003 9044 9063 9068 9079 16230 16235 16242 23738 23749 23768 23771 23786 23787 23788
4948 0 0 4513 4525 4528 4529 4530 4531 4532 4533 4534 4535
4949 4 4 28676 30750 30787 34935 34947 38866 38883 38890 38893 38894 38895 38896 38897 38898 38899 38900 38901 38902 38903 38904 38905
4950 4 4 29807 30334 31959 34929 36220 36226 37698 37712 37732 38176 38183 38184 38185 38186 38187 38188 38189
4951 4 4 30330 30738 30785 34923 34926 34927 34928 34929 34930 34931 34932 34933 34934 34935 34936 34937 34938
4952 4 4 29698 30336 30757 30773 30778 35238 35243 37807 38178 38183 38192 38880 38889 38894 38907 38911 38946 38949
4953 3 3 12324 12337 12414 16610 20449 26686 26729 26739 27439 27457 27593 27612 33078 33111 33126 33135 33141 33142 33169 33179
4954 3 3 12409 13070 14585 22306 26725 26734 27449 27581 27590 27596 33119 33131 33150 33158 33159 33160 33161
4955 0 0 10667 10997 11012 11228 16952 16957 16962 16963 16964 16965 16966 16967 16968 16969 16970 16971 16972 16973 40816
4956 0 0 10352 10361 10660 10684 16930 16942 16950 16958 17020 17829 17838 17852 17853 17854 17855 17856 17857 17858
4957 0 0 16970 17015 17835 17857 17864 17874 17875 17876 17877 17878 17879 17880 17881
4958 0 0 10662 10672 10683 16929 16941 16945 16946 16947 16948 16949 16950 16951 16952 16953
4959 0 0 10285 10312 10331 10332 10333 10334 10335 10336 10337 10338 10339 10340 10341 10342 10343 10344 40817
4960 0 0 11257 11261 11272 16878 16893 16897 16911 16916 16922 18472 18473 18474 18475 18476 18477 18478 18479 40818
4961 0 0 10331 11255 11256 11257 11258 11259 11260 40819
4962 0 0 10320 10325 10330 10344 16867 16874 16885 16886 16887 16888 16889 16890
4963 0 0 6537 6565 6576 6582 6586 6590 6591 6592 6593 6594 6595 40820
4964 0 0 6506 6562 6575 6578 6579 6580 40821
4965 0 0 2994 3015 3029 5537 5542 5554 6285 10127 10133 10134 10135 10136 10137 10138 10139 10140 10141 10142
4966 0 0 5559 6284 6316 6317 6318 6319 6320 6321 6322 6323 6324 6325 6326
4967 4 4 35390 35508 37852 37865 37880 37891 37913 37916 37917 37918
4968 4 4 17054 17072 17199 24653 31030 31057 31063 31115 31126 31155 31180 37867 37871 37902 37921 37952 37954 37961 37962 37963 37964
4969 4 4 31056 31070 37848 37859 37860 37861 37862 37863 37864 37865 37866 37867
4970 4 4 37890 37891 37892 37893 37894 37895 37896 37897 37898 37899 37900 37901 37902 37903 37904 37905 37906 37907 37908
4971 0 0 10031 10163 10224 24202 24281 30450 30476 30497 30500 30503
4972 0 0 5322 5366 5567 5574 5593 10035 10159 10217 16818 24268 24273 24274 24275 24276 24277
4973 0 0 2152 5136 5143 5144 5145 5146 5147 5148 5149 5150 5151 5152
4974 0 0 16384 16386 16387 16388 16389 16390 16391 16392 16393 16394
4975 3 3 11888 11966 11987 12311 12312 12313 12314 12315 12316 12317 12318 12319 12320 12321
4976 3 3 11970 11977 11983 11993 19155 19156 19157 19158 19159 19160 19161 19162 19163 19164
4977 3 3 11867 11875 11876 11877 11878 11879 11880 11881 11882 11883 11884 11885 11886 11887 11888 11889 11890
4978 3 3 11938 11969 11992 12319 19156 19173 19174 19175 19176 19177 19178 19179 19180 19181 19182
4979 0 0 140 456 464 465 466 467 468 40822 40823
4980 0 0 142 459 1342 3132 3134 3152 3159 3177 40824
4981 0 0 2117 2120 4617 4709 4984 8796 9418 9420 9429 9430 9431 9432 9433 9434 9435
4982 0 0 2099 2100 2101 2102 2103 2104 2105 2106 2107 2108 2109
4983 4 4 24178 24862 24874 30573 31242 31458 32437 32450 32461 32463 32480 32481 32482 32483 32484 32485 32486 32487 32488 32489 32490 32491 32492 32493
4984 4 4 17176 24219 24238 24249 30522 30706 31135 31164 34962 35124 35140 35167 35183 35386 35393 35394 35395 35396 35397 35398 35399 35400 35401 35402
4985 0 0 5797 5833 5836 5837 5838 5839 5840 5841 5842 5843 5844
4986 0 0 5804 5827 10166 10167 10168 10169 10170 10171 10172 10173 10174 10175 10176
4987 3 3 11905 11988 12678 12697 12760 19783 26590 26609 26613 26616 26617 26618 26619 26620 26621
4988 3 3 7161 7179 11237 11952 12236 12686 12729 12744 12758 19682 19701 19732 19742 19770 19773 19774 19775 19776 19777 19778 19779 19780 19781 19782
4989 0 0 7135 17935 17961 20531 20542 21587 23987 28601 28605 28615 28664 28665 28666 28667 28668
4990 0 0 17963 20537 21571 27398 28606 28629 28630 28631 28632 28633 28634 28635 28636 28637 28638 28639
4991 0 0 36846 36856 36862 36869 36875 36880 36885 36893 36894 36899 38256 38262 38276 38279 38280 38281 38282 38283 38284 38285
4992 0 0 9836 9869 9924 14184 14199 14228 16689 16690 16691 16692 16693 16694 16695 16696 16697 16698 16699 16700 16701 16702
4993 0 0 16702 16709 16715 16721 21890 21903 24145 24164 32216 32240 32277 32287 36213 36847 36857 36870 36871 36872 36873 36874 36875
4994 0 0 14225 16694 24083 30251 30271 32164 32170 32176 32177 32178 32179 32180 32181 32182 32183 32184 32185
4995 0 0 12975 20181 20182 20183 20184 20185 20186 20187 20188 20189 40825
4996 0 0 33253 33254 33255 33256 33257 33258 33259 33260 33261 33262 33263 33264 33265 33266 33267 33268 33269
4997 0 0 23559 23569 26424 26435 29661 32914 34516 34517 34557 34561 34568 34569 40826
4998 0 0 18826 23562 24172 26421 29744 29766 32917 32937 34521 34556 34619 34636 34639 34640 34641 34642 34643 34644 40827
4999 0 0 34722 36921 36933 36951 37285 37294 37296 38484 38485 38486 38487 38488
5000 0 0 28378 29887 36196 36783 38292 38302 38493 38500 38520 38536 38557 38563 38782 38806 38816 38824 38825 38826 38827 38828
5001 0 0 38488 38497 38506 38511 38515 38524 38526 38558 38828 38956 38966 38968 38971 38979 38980 38981
5002 0 0 28363 29884 34719 36193 36194 36195 36196 36197 36198 36199 36200 36201 36202 36203 36204 36205 36206 36207 36208 36209
5003 4 4 30205 32885 34825 34834 34848 36680 36687 37509 37515 37524 37525 37526 37527 37528 37529
5004 4 4 20717 22289 22291 22292 22293 22294 22295 22296 22297 22298 22299 22300 22301
5005 4 4 15625 22297 23867 26278 26295 26300 32827 32854 32870 32887 37516 37524 37532 37535 37540 37541 37542
5006 4 4 20716 22258 22273 22284 22299 30175 30196 30209 34826 34834 34835 34836 34837 34838 34839 34840
5007 0 0 22872 22902 24621 30042 30061 30062 30063 30064 30065 30066 30067 30068 30069 30070 30071 30072
5008 0 0 29182 30044 30056 30073 30100 30113 30134 34343 34361 34362 34363 34364
5009 3 3 9481 13295 13322 13336 13354 16411 16464 16469 16480 16481 16482 16483 16484 16485 16486 16487 16488 16489 16490 16491 16492
5010 3 3 12361 13046 13047 13048 13049 13050 13051 13052 13053
5011 0 0 15554 17044 17118 17119 17120 17121 17122 17123 17124 17125 17126 17127 17128
5012 0 0 17113 22918 23418 23453 23466 23481 23491 23492 23493 23494 23495 23496 23497 23498 23499
5013 0 0 33199 33249 37653 37660 37694 37713 37723 37731 37741 37743 37744 37745 37746 40828
5014 0 0 27163 27177 27742 30325 33247 37656 37665 37670 37677 37678 37679 37680 37681 37682 40829
5015 0 0 729 4492 4499 4781 8176 8808 9388 9400 9402 9403 9404 40830
5016 0 0 723 4491 4602 4610 4611 4612 4613 4614 4615 4616 40831
5017 0 0 4490 4503 4603 4615 4774 4779 8170 8763 8774 8775 8776 8777 8778 8779 8780 8781 8782 8783 8784 8785 40832
5018 0 0 723 724 725 726 727 728 729 730 731 40833
5019 0 0 3554 5863 7092 7129 7133 7141 17938 17950 17951 17952 17953 17954 40834
5020 3 3 17958 17975 20273 21550 21559 21565 21566 21567 21568 21569 21570 21571 21572 21573 21574 21575
5021 3 3 7097 7134 17937 17960 20159 20276 21569 21588 28611 28618 28621 28632 28640 28662 28664 28669 28670
5022 0 0 5861 7123 7142 17925 17930 17942 17951 17957 17973 17974 17975 17976 17977 17978 17979 17980 17981 40835
5023 0 0 9505 12357 12384 12391 12392 12393 12394 12395 12396 12397 12398 12399 12400 12401 12402 12403 12404 12405 12406 40836
5024 0 0 9509 12358 12389 16535 16549 16552 16553 16554 16555 16556 16557 16558 16559 16560
5025 0 0 2527 2577 3766 3779 3858 3978 4013 4021 14722 14738 14760 14788 14795 14796 14797 14798 14799
5026 0 0 2403 2554 3769 3778 3781 3782 3783 3784 3785 3786 3787 3788 3789 3790
5027 3 3 3208 19875 19883 19977 19986 21506 21520 21526 21538 21543 21547 21596 21603 21604 21605 21606 21607 21608 21609
5028 3 3 7195 7203 7326 11305 12651 13608 13609 13610 13611 13612 13613 13614 13615 13616
5029 0 0 6623 7194 7201 7323 12650 13614 19901 19976 21542 21545 21601 21607 21610 21615 21616 21617 21618 40837
5030 3 3 3214 13611 19618 19848 19863 19873 19881 19882 19883 19884 19885 19886 19887 19888 19889 19890 19891
5031 4 4 13552 13560 15595 15609 21371 21376 22364 23003 23013 23014 23015 23016 23017 23018 23019 23020 23021 23022
5032 4 4 15597 21242 21343 21369 24179 24862 24863 24864 24865 24866 24867 24868 24869 24870
5033 4 4 13553 13561 15596 15604 17248 21241 21256 21370 21378 23017 24184 24186 24864 24875 27055 30571 30572 30573 30574 30575
5034 4 4 15601 21345 21364 23002 23019 24700 24703 24867 24873 31217 31221 31245 31281 31295 31302 31305 31306 31307
5035 0 0 2819 8820 8826 8827 8828 8829 8830 8831 8832 8833 40838
5036 0 0 2860 5993 8812 8813 8814 8815 8816 8817 8818 8819 40839
5037 0 0 8814 8823 8828 17626 17642 23295 23302 23315 23316 23317 23318 23319 23320 23321 23322 23323 40840
5038 0 0 2862 5875 5889 8816 8822 8831 8834 40841
5039 0 0 539 1556 3185 6427 7583 11315 11331 11334 11346 11351 11352 11353 11354 11355 11356 11357 11358 11359 11360 40842
5040 3 3 7709 11317 11385 14485 14504 14536 14542 14553 18577 22038 22050 22052 22060 22064 22065
5041 3 3 11308 11309 11310 11311 11312 11313 11314 11315 11316 11317 11318 11319 11320 11321
5042 3 3 1557 7705 11352 14433 14461 14475 14482 14489 14492 14500 14503 14532 14536 14537 14538 14539 14540
5043 0 0 2089 3502 4959 4980 13404 13416 13421 13422 13423 13424 13425 40843
5044 0 0 4946 4955 4958 4965 4968 4971 4972 4973 4974 4975 4976 4977 4978 40844 40845
5045 0 0 8868 8875 8885 8894 8898 8899 8900 8901 8902 8903 8904 8905 8906 40846
5046 0 0 6159 8856 8857 8858 8859 8860 8861 8862 8863 8864 8865 8866 8867 40847
5047 0 0 8866 8871 8887 8888 8889 8890 8891 8892 8893 8894 8895 8896 8897 40848
5048 0 0 8864 8870 8873 8874 8875 8876 40849
5049 0 0 7682 7707 11379 14168 14435 14460 14474 14480 14481 14482 14483 14484 14485 14486 14487
5050 0 0 7681 14162 14393 14441 14550 14557 14574 16708 24135 24136 24137 24138 24139 24140 24141 24142 24143 24144
5051 0 0 7547 7671 7672 7673 7674 7675 7676 7677 7678 7679 7680 7681 7682 7683 7684 7685 7686 7687 7688
5052 0 0 7698 9834 14151 14159 14160 14161 14162 14163 14164 14165 14166 14167 14168 14169 14170 14171
5053 0 0 16926 16940 17257 17430 24914 31369 31389 35610 35621 35627 35628 35629 35630 35631
5054 0 0 17433 17440 17447 17492 24911 24936 25301 35616 35641 35644 35648 35649 35650
5055 0 0 10596 10601 11390 17294 17298 17306 17316 18328 18346 18598 24998 25010 25763 25781 25788 25790 25791 25792 25793 25794 25795 25796
5056 0 0 2578 10547 10562 10567 17290 17297 17302 17315 17322 18597 18607 18608 18609 18610 18611 18612 18613 18614 18615
5057 0 0 618 1460 1892 1927 4331 4364 4365 4371 4372 4373 4374 40850
5058 0 0 617 630 640 1465 1850 1891 1908 1926 1932 1933 1934 1935 1936 1937 1938
5059 0 0 22121 22137 22150 22156 22162 26254 28503 28519 28520 28521 28522 28523 28524 28525
5060 0 0 14879 22131 26352 27697 28514 28528 28537 28551 28559 28560 28561 28562 28563 28564 28565
5061 0 0 11933 11948 19828 22130 22151 22158 27631 28505 28521 28530 28531 28532 28533 28534 28535 28536 28537
5062 0 0 14639 14653 22114 22134 22149 26367 27694 28510 28519 28526 28549 28561 28570 32822 32833 32871 32872 32873 32874 32875
5063 0 0 31229 31241 32466 32485 35391 35401 35403 37895 37914 37929 37932 37933 37934 37935
5064 0 0 31144 31158 31163 31171 31181 31184 31185 31186 31187 31188 31189 31190 31191 31192
5065 0 0 31129 31136 31140 31151 31160 31168 31190 35398 37869 37882 37900 37909 37923 37945 37954 37955
5066 0 0 31188 32456 32469 32517 32527 32533 37953 37957 38328 38339 38352 38376 38384 38388 38391 38393 38396 38397
5067 0 0 2350 2376 5402 9032 16285 16292 16293 40851
5068 0 0 2331 2332 2333 2334 2335 2336 2337 2338 2339 2340 2341 2342
5069 0 0 2299 2342 2367 2379 5326 5334 5388 5389 5390 5391 5392 5393 5394 5395 5396 5397 40852
5070 0 0 1992 2057 2343 2365 2370 2375 9017 9032 9033 9034 40853
5071 0 0 13655 13672 20292 20305 20307 20313 20314 20315 20316 20317 40854
5072 0 0 6985 13633 13638 13666 20320 20374 21955 21970 21974 21975 21976 21977
5073 0 0 8750 8967 9222 9246 9253 9254 9255 9256 9257 9258 9259 9260 9261
5074 0 0 5005 5007 5008 5009 5010 5011 5012 5013 5014 5015 40855
5075 0 0 5011 9206 9207 9208 9209 9210 9211 9212 40856
5076 0 0 5004 5007 8969 9235 9245 9254 15850 15851 15852 15853 15854 15855 15856 40857
5077 0 0 2818 5865 8832 8835 8836 8837 8838 8839 40858
5078 0 0 2817 5864 5865 5866 5867 5868 5869 5870 5871 5872 40859
5079 0 0 18809 22976 23914 23934 23945 26322 29270 29286 29287 29288 29289 29290 29291
5080 0 0 22958 22973 22986 22996 26319 26328 26329 26330 26331 26332 26333 26334 26335 26336 26337 26338 26339 26340
5081 0 0 3439 5028 5034 5043 5076 5089 5112 12894 12898 12899 12900 12901 12902 12903
5082 0 0 5070 5086 5099 5102 5117 5171 5191 7022 9622 9632 9651 12913 12914 12915 12916 12917 12918 12919 12920
5083 0 0 5071 5084 5093 7013 7023 12895 12901 12915 20198 20212 20221 20226 20231 20232 20233 20234 20235 20236
5084 0 0 5016 5017 5018 5019 5020 5021 5022 5023 5024 5025 5026 5027 5028
5085 0 0 15530 17102 22646 22666 22815 22826 22830 22831 22832 22833 22834 22835 22836 22837
5086 0 0 22678 22683 22687 22690 22693 22700 22703 22709 22716 22719 22824 22829 22838 22845 22848 22864 22865 22866 22867 22868 22869
5087 0 0 22820 22842 22861 22869 24749 24769 29085 29086 29087 29088 29089 29090 29091 29092 29093 29094 29095 29096
5088 0 0 15524 17101 22644 22645 22646 22647 22648 22649 22650 22651 22652 40860
5089 3 3 18696 18771 18782 18801 19636 23923 23946 23949 23957 23958 23959 23960 23961 23962 23963 23964 23965
5090 3 3 14694 23953 26209 26230 27326 27358 28323 28327 28587 29547 32664 32678 32686 32689 32690 32691 32692
5091 3 3 18721 23920 23958 27922 27965 28582 29548 32669 32679 32683 32698 32707 32710 32711
5092 3 3 18769 18788 18800 23950 23963 28315 28321 28327 28328 28329 28330 28331 28332 28333 28334 28335 28336
5093 0 0 32567 32573 32581 32591 32599 32605 32617 32638 32647 32651 32652 32661 33683 33809 33813 36360 36372 36379 36384 36385
5094 0 0 11423 11424 11425 11426 11427 11428 11429 11430 11431 11432 11433 11434 11435
5095 0 0 1412 2165 3307 3352 3358 3359 3360 3361 3362 3363 3364 40861
5096 0 0 1407 2156 2166 2178 3366 5249 5257 5261 5267 5276 5281 5282 5283 5284 5285 5286 5287 5288
5097 0 0 1413 2153 2168 2175 3298 3303 3304 3305 3306 3307 3308 3309 3310 40862
5098 0 0 1401 1441 2162 3350 3351 3352 3353 3354 3355 3356 3357 40863
5099 0 0 22770 22898 29171 29172 29173 29174 29175 29176 29177 29178 29179 29180 29181 29182
5100 0 0 22763 22870 22871 22872 22873 22874 22875 22876 22877 22878 22879 22880 22881 22882 22883 22884
5101 0 0 4624 4651 4660 8514 8523 8524 8525 8526 8527 8528 8529 8530 8531 8532 8533 8534 8535 8536
5102 0 0 2051 2113 2125 4635 4649 4663 5208 9681 9692 9693 9694 9695 9696 9697 9698 9699
5103 0 0 15788 22589 29035 29046 29047 29048 29049 29050 29051 29052 29053 29054
5104 0 0 23167 29037 29040 29126 34201 34229 34250 34251 34252 34253 34254 34255 34256 34257 34258 34259 34260 34261
5105 0 0 12158 12168 12178 12189 19027 19468 19486 19510 19518 19524 19528 19529 19530 19531 19532 40864
5106 0 0 164 3314 11700 12164 12166 12174 12181 12182 12183 12184 12185 12186 40865
5107 0 0 3315 12127 12162 12181 12188 12193 12194 12195 12196 12197 12198 40866
5108 0 0 11695 12171 12179 19003 19008 19030 19527 19535 24064 34155 34184 34192 34195 34196
5109 0 0 756 4764 4880 4907 4920 8955 9243 9260 9321 9328 9337 16303 16309 16319 16320 16321 16322 16323 16324 16325 40867
5110 4 4 3515 4893 4900 4938 8958 8976 9359 15740 16304 16314 16375 23833 27844 27847 27858 27859 27860 27861 27862 27863
5111 4 4 4876 4894 4901 9323 16306 16323 23828 23832 23833 23834 23835 23836
5112 4 4 754 811 826 832 4762 4891 8954 8955 8956 8957 8958 8959 8960 8961
5113 0 0 15636 15645 22256 28192 28210 28218 28221 28222 28223 28224 28225
5114 0 0 15906 15931 28196 28204 28217 29332 36704 36710 36719 36722 36725 36726 36727
5115 3 3 10258 10277 10284 10310 10322 16866 16867 16868 16869 16870 16871 16872 16873
5116 0 0 2186 3234 5497 5501 5600 5602 5603 5604 5605 5606 5607 5608 5609 5610 5611 5612 5613 5614 5615 5616 5617 5618 40868
5117 0 0 5607 6409 10270 10282 10311 10321 10326 10327 10328 10329 10330 40869
5118 3 3 5612 10020 10274 16871 16905 17134 30545 30558 35016 35036 35079 35085 35086 35087 35088 35089 35090 35091 35092
5119 3 3 29096 29108 29115 29118 29123 29129 34202 34228 34236 34258 34262 34263 34264 34265 34266 34267
5120 3 3 15496 20850 20855 20871 20945 22669 22680 22689 22725 22729 22859 22865 23701 24731 24747 24762 29085 29107 34213 34268 34272 34281 34300 34305
5121 0 0 27822 27835 33409 33417 33441 33455 33464 33481 33485 36574 36582 36587 36588 36589
5122 0 0 4300 4315 9312 9333 9340 9344 16333 20826 20830 23827 27823 27841 27849 27852 27853 27854 27855 27856 27857
5123 0 0 20828 20835 20841 27826 27836 33407 33412 33413 33414 33415 33416 33417 33418 33419
5124 0 0 16308 16318 16325 16330 16335 23830 23835 27856 27860 33443 33452 33454 33470 33474 33482 33484 33485 33486
5125 0 0 6647 9456 15642 15651 22246 22248 22249 22250 22251 22252 22253 22254 22255 22256 22257
5126 0 0 15630 15631 15632 15633 15634 15635 15636 15637 15638 15639 15640
5127 0 0 26160 26166 26171 32572 32578 32660 33700 36357 36368 36369 36370 36371 36372 36373 36374
5128 0 0 26174 32580 32609 32627 32641 32648 32657 32658 33683 33684 33685 33686 33687 33688 33689 33690 33691
5129 4 4 653 3946 4225 4266 8020 8030 8049 8054 8088 8095 14910 15202 15238 15242 15248 15249 15250 15251 15252 15253 15254
5130 4 4 3266 3282 4209 8080 9751 15199 15221 15240 15262 15284 15306 22480 22487 22502 22504 22506
5131 4 4 22472 22473 22474 22475 22476 22477 22478 22479 22480 22481
5132 4 4 659 1876 8098 8273 8287 15200 15236 15237 15238 15239 15240 15241
5133 0 0 356 364 374 384 385 391 392 393 394 395 396 397
5134 0 0 1285 1290 1299 1310 1311 1322 2192 2220 2221 2222 2223 2224 2225 2226 40870 40871
5135 0 0 378 878 1282 1286 1287 1288 1289 1290 40872 40873
5136 0 0 395 1293 1300 1301 1302 1303 1304 1305 1306 1307 1308 1309 1310
5137 0 0 30306 30314 30320 30322 33822 33824 33825 33826 33827 33828 33829 33830 33831
5138 0 0 29617 30309 30317 33818 34520 34538 34558 34578 34607 34613 34640 34645 34655 34662 34673 34708 36798 36809 36816 36832 36833
5139 0 0 1527 3629 6114 6125 7280 7416 7438 7441 7442 40874
5140 0 0 1530 3631 6066 6085 6093 6094 6095 6096 6097 6098 6099 6100 6101 6102 6103 6104
5141 0 0 1504 1520 1521 1522 1523 1524 1525 1526 1527 1528 1529 1530 40875
5142 0 0 3633 6078 6099 6109 6113 6114 6115 6116 6117 6118 6119 6120 6121
5143 0 0 14251 17361 21673 21683 22004 25024 25028 25037 28403 28418 28425 28426 28427 28428
5144 0 0 10705 10713 10720 17325 17341 21681 25026 25030 25035 28404 28421 28429 28430 28431 28432 28433 28434
5145 0 0 29681 29688 29696 29706 29717 31951 34620 34628 34630 34631 34632 34633 34634 34635 34636 34637 34638
5146 0 0 20562 23570 23571 23572 23573 23574 23575 23576 23577 23578 23579 23580 23581
5147 0 0 23571 29683 29694 29700 29707 29708 29709 29710 29711 29712 29713 29714 29715 29716 29717
5148 0 0 23581 29668 29669 29670 29671 29672 29673 29674 29675 29676 29677 29678 29679 29680 29681
5149 0 0 9157 9160 9171 9172 9173 9174 9175 9176 9177 40876
5150 0 0 9182 16195 29900 29913 29924 29937 29943 29950 29952 29953 29954
5151 0 0 9383 9393 9397 9401 9404 9409 16336 16346 16347 16348 16349 40877
5152 0 0 242 243 244 245 246 247 248 40878
5153 0 0 16336 16337 16338 16339 16340 16341 16342 16343 16344 16345
5154 0 0 242 829 2081 4935 4953 4956 4976 9372 9394 9395 9396 9397 40879
5155 0 0 8545 12545 13337 15069 15081 15090 15105 15107 15108 15109 15110 15111 15112 15113 15114
5156 0 0 454 4320 4341 4346 4347 4348 4349 4350 4351 4352 4353 4354 4355 4356 4357 4358 40880
5157 0 0 4319 4338 4339 4340 4341 4342 4343 4344 4345
5158 0 0 4333 4349 8560 12526 12531 12551 13299 13315 13334 15068 15107 15123 15699 15710 20770 20777 20784 20787 20788 20789 20790
5159 0 0 3536 4821 4825 8734 13749 15862 15866 15868 15870 23256 23271 23274 23277 23280 23283 40881
5160 0 0 4601 4612 4775 5062 8726 8761 8762 8763 8764 8765 8766 8767 8768 8769 8770 8771 8772 8773 40882
5161 0 0 2106 4827 7254 7278 8724 8725 8726 8727 8728 8729 8730 8731 8732 8733 8734 8735 8736 8737 8738 8739
5162 0 0 3537 4772 8768 13752 23255 23272 23280 23281 23282 40883
5163 3 3 20141 20149 20161 20268 22194 27376 27411 28624 28649 28653 28654 28655 28656 28657 28658 28659 28660
5164 3 3 20158 20279 21568 27391 27400 28610 28617 28620 28631 28640 28641 28642 28643 28644
5165 0 0 1492 6509 6566 6573 6581 6595 6596 6597 6598 40884 40885
5166 0 0 1489 3528 6502 6617 6623 6624 6625 6626 6627 6628 6629 6630 6631 40886 40887
5167 0 0 10398 10414 10425 10437 10453 21270 31279 35385 35511 35517 35520 37853 37864 37875 37876 37877 37878 37879 37880
5168 0 0 17200 31064 31081 31122 31132 31137 37849 37863 37868 37869 37870 37871 37872 37873 37874
5169 0 0 10455 23691 31082 31088 37855 37862 37874 37879 37881 37885 37886
5170 0 0 35392 35402 35407 35506 37851 37868 37875 37883 37890 37909 37910 37911 37912 37913 37914 37915
5171 0 0 288 298 312 2641 2717 2744 2745 2746 2747 2748 2749 2750 2751 2752 2753 2754
5172 0 0 296 2632 2644 2645 2646 2647 2648 2649 2650 2651 2652 2653 40888
5173 0 0 14693 18765 18789 23954 27322 28331 28586 28587 28588 28589 28590 28591 28592 28593
5174 0 0 27329 27356 28325 28328 29542 32690 34058 36674 38582 38588 38589 38590 38591 38592 38593 38594 38595
5175 0 0 10131 10136 10146 11198 11208 11218 16722 16763 16785 16825 16831 16832 16833 16834 16835 16836 16837 16838 16839 16840 16841 16842 16843
5176 0 0 11216 16784 18363 24387 24407 24409 24410 24411 24412 24413 24414 24415 24416
5177 0 0 6326 10143 10154 11195 11206 11207 11208 11209 11210 11211
5178 0 0 16838 24370 24406 30469 30602 30683 30691 35186 35199 35207 35209 35210 35211 35212 35213 35214
5179 0 0 3532 6508 6618 6629 7321 11470 11487 11493 11497 11498 11499 11500 11501 11502 11503
5180 0 0 6613 11448 11449 11450 11451 11452 11453 11454 11455 11456 11457 11458 11459 11460 11461
5181 0 0 432 1397 6885 9743 9769 16620 24015 24018 24028 24035 24057 24061 24070
5182 0 0 2177 3294 9765 11686 11688 11707 11719 11728 11732 11733 11734 11735 11736 40889
5183 0 0 19620 28241 28245 28260 32643 33707 33723 36317 36318 36319 36320 36321 36322 36323 36324 36325
5184 0 0 3213 12597 13645 18752 19648 19877 21518 21525 21965 28238 28254 28263 28269 28281
5185 0 0 3212 19609 19874 19884 21603 21613 26543 28243 28245 28246 28247 28248 28249 28250 28251
5186 0 0 18749 19619 19631 19649 21963 21971 26143 28240 28256 28257 28258 28259 28260 28261 28262 28263 28264
5187 0 0 2045 2121 4985 9214 9251 9421 9433 9671 9675 9676 9677 9678 9679 9680 9681 9682
5188 0 0 9212 9220 9231 9241 9248 9252 9261 9275 9302 9303 9304 9305 9306 9307 9308 9309
5189 0 0 2044 4645 5206 9213 9230 9250 9272 9305 9660 9678 9686 9698 9700 9701 9702 9703
5190 0 0 4995 5006 5015 5220 8746 8757 8963 9209 9225 9232 9233 9234 9235 9236 9237 9238 9239 9240 9241
5191 0 0 19296 19307 19323 19328 19342 19347 19359 19360
5192 0 0 6870 11666 12026 12039 12048 18967 18992 19010 19019 19037 19304 19330 19343 19356 19366 19369 40890
5193 0 0 3331 12047 12048 12049 12050 12051 12052 12053 40891
5194 0 0 6875 11671 12029 12038 12108 19318 19329 19344 19358 19359 19361 19362 19363 19364 19365 19366 19367 19368
5195 0 0 133 1056 2673 2896 2899 2900 2901 2902 2903 2904 2905 2906 40892
5196 0 0 314 315 316 317 318 319 320 40893
5197 0 0 319 1047 1369 1376 2897 2901 10498 10510 10516 10523 10524 10525 10526 40894 40895
5198 0 0 129 137 141 318 2895 2903 2907 2908 2909 2910 40896 40897
5199 0 0 32443 32454 32462 32473 32479 32493 32526 32532 33866 33887 33906 36243 36255 36259 36270 36308 38323 38355 38374 38383 38395 38397 38398 38399
5200 0 0 36307 38076 38106 38115 38123 38137 38335 38342 38356 38357 38358 38359 38360 38361 38362 38363
5201 0 0 32452 32491 33904 35054 35072 36244 36309 37768 37794 38353 38375 38377 38382 38392 38398
5202 0 0 32503 32514 32522 32529 32534 36271 38321 38322 38323 38324 38325 38326 38327 38328 38329
5203 0 0 4391 8190 8251 8266 15376 15386 15399 15405 23051 23069 23077 23087 23094 23110
5204 0 0 7972 8194 8672 15135 15144 15393 15408 23048 23082 23086 23096 23097
5205 0 0 8723 15743 15756 15805 20915 20921 20925 20949 20959 20962 20979 20980 20981 20982 20983 20984 20985 20986
5206 0 0 13453 15738 20894 20929 20939 20954 20965 20968 20969 20970 20971 20972 20973 20974 20975 20976 20977 20978
5207 0 0 20964 20973 20981 20987 20993 20994 20995 20996 20997 20998 20999 21000 21001
5208 0 0 9361 13456 13481 15735 20913 20923 20924 20925 20926 20927 20928 20929 20930
5209 3 3 11437 20082 25525 25529 25537 25571 25986 26021 26032 26033 26034 26035 26036 26037 26038 26039
5210 3 3 25992 26000 26007 26010 26014 26043 26065 26074 30435 32200 32218 32224 32225 32226 32227 32228 32229
5211 3 3 11428 11436 18526 20080 25985 25986 25987 25988 25989 25990 25991 25992
5212 3 3 26031 26039 26073 27189 27199 30419 30434 32199 32217 32218 32219 32220 32221 32222 32223
5213 0 0 7634 7656 7665 11341 14501 14502 14503 14504 14505 14506 14507 14508 14509 14510 14511
5214 0 0 9912 14523 14565 22035 22048 22054 22061 22074 22091 24154 24159 26098 26111 32298 32308 32315 32319 32328 32329 32330 32331
5215 0 0 7658 7670 11314 11338 11371 11392 14505 14543 18329 18583 18590 22039 22047 22064 22066 22067 22068 22069 22070
5216 0 0 7637 9808 9911 14508 14515 14522 14523 14524 14525 14526 14527 14528 14529 14530
5217 0 0 2649 2747 2757 10669 10680 16927 16936 16937 16938 16939 16940 16941 16942 16943 16944
5218 0 0 16924 17803 17826 17842 17849 17862 18389 24913 24921 31371 31382 31387 31388 31389 31390
5219 0 0 10351 10356 10647 10682 16925 16943 17807 17827 17843 17850 17854 17886 18387 18388 18389 18390 18391 18392 18393 18394 18395
5220 0 0 2652 2760 10673 16928 16939 16946 17252 17388 17422 17425 17426 17427 17428 17429 17430 17431 17432 17433
5221 0 0 10240 10254 24308 35536 35569 35578 35589 35592 35595 35596
5222 0 0 5823 5850 10173 10297 35537 35554 35563 35577 35588 35597 35598 40898
5223 3 3 1020 2791 5651 5668 25356 25834 31368 31376 31384 35611 35622 35628 35632 35633 35634 35635
5224 3 3 2723 2751 2787 5647 5704 10354 10681 16935 16937 17251 17252 17253 17254 17255 17256 17257 17258
5225 3 3 5655 5659 5692 5702 10353 10645 10679 11183 16931 16936 17256 18387 18396 25816 25832 30666 31367 31368 31369 31370 31371 31372 31373 31374
5226 3 3 1019 1062 2718 2741 2754 2780 2786 2790 5649 5667 5919 10866 10953 17254 35620 35632 35638 35647 35651
5227 0 0 27509 27536 27540 27541 27542 27543 27544 27545
5228 0 0 7206 27532 27551 27563 28730 28746 30166 30208 34820 34822 34823 34824 34825 34826 34827 34828 34829
5229 0 0 11897 11901 11924 12273 12671 12691 12699 12708 12843 26586 26605 26611 26613 26614 26615
5230 0 0 11906 11913 12677 12695 12735 12757 19686 19731 19733 19769 19777 19783 19784 19785
5231 0 0 35 36 37 38 39 40 41 42 40899 40900
5232 0 0 1414 1421 6874 11674 12020 12024 12025 12026 12027 40901 40902
5233 0 0 37 1414 1415 40903 40904
5234 0 0 40 1418 6877 11669 11674 11675 11676 11677 11678 11679 11680
5235 0 0 17816 24499 24909 24920 24928 24940 25370 31408 31417 31428 31433 31434 31435 31436
5236 0 0 35609 35610 35611 35612 35613 35614 35615 35616 35617 35618 35619 35620
5237 0 0 17799 24496 24502 24916 24919 31373 31381 31388 31402 31407 31434 35617 35625 35631 35642
5238 0 0 17494 24917 24937 25254 25286 25297 25302 25378 31394 31416 31433 31624 31632 35619 35626 35643 35645 35649
5239 0 0 8846 8884 8903 8917 16111 16114 16115 16116 16117 16118 16119 16120 16121 16122 16123 16124 40905
5240 0 0 8845 8848 8849 8850 8851 8852 8853 8854 8855 40906
5241 3 3 14395 20046 21843 21856 21864 21865 21866 21867 21868 21869 21870 21871
5242 0 0 7297 7308 21840 21876 21879 21882 27230 27249 33205 33213 33223 33225 33234 33239 33240 40907
5243 0 0 2241 2246 5462 5562 5580 5581 5582 5583 5584 5585
5244 0 0 275 870 1272 1273 1274 1275 1276 1277 1278 1279 40908 40909
5245 0 0 16062 16072 17998 31756 31795 31799 34357 34384 34393 34398 34406 34408 34409 34410 34411
5246 0 0 25582 25589 25595 25603 31711 31713 31719 31725 31739 31748 31757 31758 31759 31760
5247 0 0 31723 31740 31752 31766 31792 34355 34365 34370 34386 34397 34402
5248 0 0 16063 16074 17982 17992 17993 17994 17995 17996 17997 17998 17999 18000
5249 0 0 4570 4578 8602 9084 9102 9115 9116 9117 9118 9119 9120
5250 0 0 4549 4550 4551 4552 4553 4554 4555 4556 4557 4558 4559 4560 4561 4562 4563 4564
5251 0 0 15640 15648 15657 15917 22239 22255 26461 29305 29314 29329 29348 29351 29352 29353 29354 29355
5252 0 0 22247 22257 26471 27498 27542 29357 34814 34828 34831 34851 34855 37503 37504 37505 37506 37507 37508
5253 0 0 19593 26945 26947 33036 33068 33073 33085 33092 33107 33110
5254 0 0 19603 26911 26922 26924 26925 26926 26927 26928
5255 0 0 87 90 751 771 801 813 3510 4763 4877 4892 4902 4904 4905 4906 4907 4908 4909 4910 4911 40910 40911
5256 0 0 3495 3517 4873 4883 4884 4885 4886 4887 4888 40912
5257 3 3 5610 10008 10015 24196 24203 24266 30521 30527 30540 30563 34972 35016 35017 35018 35019 35020 35021
5258 3 3 10315 16869 16904 17138 18915 25017 28405 28414 28434 30567 30576 31484 33925 33953 35032 35041 35044 35050 35078 35088 37754 37771 37774 37781 37789 37790
5259 3 3 10260 10272 10280 16872 30546 30558 30559 30560 30561 30562 30563 30564
5260 3 3 30525 35017 35049 35074 35080 35089 35105 35133 35156 35164 37749 37769 37772 37773 37774
5261 0 0 16046 23337 23345 23351 23379 29237 30879 30898 30911 30912 30913 30914 30915 30916 40913
5262 0 0 16034 16044 23329 23331 23332 23333 23334 23335 23336 40914
5263 0 0 20613 20622 20630 20633 20634 20635 20636 20637 20638 20639 20640 20641 40915
5264 0 0 9603 12930 12947 12966 13209 13212 13222 14655 20160 20614 20624 20631 20642 20643 40916
5265 4 4 20669 20678 20689 20694 20698 22274 27404 27405 27406 27407 27408 27409 27410
5266 4 4 20254 20265 20725 22260 22278 27464 27476 27477 27478 27479 27480 27481 27482 27483 27484 27485
5267 4 4 20666 20677 20684 20729 22263 22271 22272 22273 22274 22275 22276 22277 22278 22279 22280
5268 4 4 27470 27475 27480 27486 27516 27520 33257 33284 33293 33298 33299 33300
5269 3 3 20213 20258 27467 27479 27487 27513 33255 33275 33283 33286 33287 33288 33289 33290 33291 33292 33293
5270 0 0 7008 12891 12896 12902 12910 20209 20218 20219 20220 20221 20222 20223 20224 20225 40917
5271 3 3 12912 20214 20222 20229 20240 20253 20259 22261 27422 27427 27440 27476 33291 33340 33343 33353 33359 33366 33369
5272 0 0 12888 12897 12903 20164 20172 20188 20191 20197 20211 20218 20230 20235 20257 27514 33253 33270 33271 33272 33273 33274 33275 33276 40918
5273 0 0 10924 23540 25218 25221 25229 31809 35736 35748 35749 35750 35751 35752 35753 35754 35755 35756 35757 40919
5274 0 0 5306 6166 9926 9927 9928 9929 9930 9931 9932 9933 9934 9935 9936 9937 9938 9939 40920
5275 0 0 6133 9927 9950 9953 10921 10925 11045 30278 31802 34880 34896 35747 35750 35779 35785 35787 35788 35789 35790 40921
5276 0 0 6162 9931 10928 23523 23530 23534 23535 23536 23537 23538 23539 40922
5277 3 3 27179 30324 37669 37680 39024 39115 39133 39139 39162 39163 39164 39165 39166
5278 3 3 27166 27173 27184 27192 27201 27220 30422 34918 36230 37650 37651 37652 37653 37654 37655 37656 37657 37658 37659
5279 3 3 25518 25549 25565 27161 27170 27174 27175 27176 27177 27178 27179 27180 27181 27182 27183 27184
5280 3 3 34925 34938 34950 37652 37672 37707 37722 37742 37745 39121 39134 39140 39152 39161 39163 39168 39180 39181
5281 0 0 7103 12932 12943 12957 12972 13200 13201 13202 13203 13204 13205 13206 13207 13208 13209 13210 13211
5282 0 0 7112 9601 12935 12939 12952 12961 12962 12963 12964 12965 12966 12967 40923
5283 0 0 7234 7240 7255 7268 8997 13745 13756 13766 13768 13771 13772 13773 13774 13775
5284 0 0 7232 7241 7247 7248 7249 7250 7251 7252 40924
5285 0 0 4805 4812 7226 7244 7248 7256 7263 7264 7265 7266 7267 7268 7269 40925
5286 0 0 7229 7242 7249 8990 8994 8995 8996 8997 40926 40927
5287 4 4 2978 2984 2992 3000 3004 3011 3021 3032 5545 6246 6264 6273 6276 6277 6278 6279 6280 6281 6282 6283 6284 6285
5288 0 0 2212 2219 2226 2232 2993 3002 3019 3025 5535 5542 5543 5544 40928
5289 0 0 1306 1321 2202 2216 2224 2227 2231 2973 2983 2985 2997 3001 3002 3003 3004 40929
5290 4 4 2211 2218 2991 2995 3012 3013 3014 3015 3016 3017 3018 3019 3020 3021
5291 0 0 12135 12230 25850 25857 25867 25872 25885 25982 25983 26833 26841 26858 26860 26861 26862 26863 26864
5292 0 0 7180 12235 12250 12687 12731 12740 12762 19513 19775 26620 26830 26836 26843 26844 26845 26846 26847 26848 26849
5293 0 0 12219 12220 12221 12222 12223 12224 12225 12226 12227 12228 12229 12230 12231 12232 12233 12234 12235 12236 12237 12238 40930
5294 0 0 7174 12764 19782 26828 26840 26844 26857 26888 26899 26904 26905 26906 26907
5295 0 0 15557 17025 17042 17120 17743 23410 23438 23442 23447 23448 23449 23450 23451 23452 23453 23454
5296 0 0 17046 17107 17123 23357 23377 23387 23392 23393 23394 23395 23396 23397 23398 23399 23400
5297 0 0 15556 17040 17041 17042 17043 17044 17045 17046 17047 17048 17049 17050 17051 17052 17053
5298 0 0 23360 23400 23407 23428 23430 23431 23432 23433 23434
5299 3 3 12028 12104 19319 19337 19364 19388 19391 19392 19393 19394 19395 19396 19397 19398 19399 19400
5300 3 3 12071 12080 12090 12464 12471 12492 19404 19409 19417 19431 19451 19454 26766 26780 26782 26797 26798 26799 26800 26801 26802
5301 0 0 12482 13587 19148 19161 19169 21388 21407 21408 21409 21410 21411 21412 21413 21414 21415 21416
5302 0 0 21383 21405 21419 21432 26628 27579 27588 27597 27600 27601 27602 27603 27604 27605 27606
5303 3 3 29893 29894 29895 29896 29897 29898 29899 29900 29901 29902 29903 29904 29905 29906 29907 29908 29909 29910 29911 29912
5304 3 3 4861 9009 10973 10984 10993 17080 17418 22786 22797 23686 24568 24661 29922 29930 30022 30026 30035 30038 31060 31073 31090 31094 31096 31098 31099 31100
5305 3 3 16196 16204 23698 29893 29913 29914 29915 29916 29917 29918 29919 29920 29921 29922
5306 3 3 22778 22790 22801 22879 22897 23684 24660 24690 29178 29901 29936 29959 31059 31072 31085 31099 31101 31102 31103 31104 31105 31106 31107
5307 0 0 18315 25757 25801 25826 26119 26123 26124 26125 26126 26127 26128 26129 26130 26131 26132
5308 0 0 7652 7715 11394 18318 18325 18335 18338 18339 18340 18341 18342 18343 18344 18345 18346 18347 18348
5309 0 0 15620 26294 32855 37135 37526 37536 37540 37559 37597 37605 37607 37611 37617
5310 0 0 15624 20718 20738 22294 23853 23864 23905 23906 29324 37130 37506 37511 37518 37521 37530 37531 37532 37533 37534
5311 0 0 12501 19150 19591 21422 26915 26928 26938 26939 26940 26941 26942 26943 26944 26945 26946 40931
5312 0 0 3443 6906 6907 6908 6909 6910 6911 6912 6913 6914 6915 40932
5313 0 0 6912 6938 6941 12500 19590 26809 26946 33034 33087 33093 33104 33107 40933
5314 0 0 6915 6923 9522 19594 19599 19600 19601 19602 19603 19604 19605 19606 40934
5315 4 4 5735 5742 5747 5753 5757 5758 5762 5777 5778 5779 5780 5781 5782
5316 0 0 2686 2692 2703 2710 2911 2912 2913 2914 2915 2916 2917 2918 2919 2920 40935
5317 0 0 18689 19791 23917 27954 28544 32666 32681 32687 32698 32699 32700 32701 32702 32703
5318 0 0 26215 26232 26244 26248 26255 27011 27336 27361 28539 32665 32682 32684 32692 32693 32694 32695 32696 32697
5319 0 0 11080 11109 17481 17711 18119 18171 18172 18173 18174 18175 18176 18177 18178
5320 0 0 15990 17687 18180 23639 25281 25464 25477 25633 25656 29847 29849 31590 31608 31615 31628 31634 31636 31637 31638
5321 0 0 18178 18190 25397 25408 25424 31584 31596 31619 31620 31621 31622 31623
5322 0 0 11081 11113 15989 17705 17714 18120 18162 18181 25434 25458 25465 25473 25475 25476 25477 25478 25479
5323 0 0 25185 25193 25199 25204 25208 35700 35701 35702 35703 35704 35705 35706 35707 35708 35709
5324 0 0 16137 17662 17672 23622 23623 23624 23625 23626 23627 23628 23629 23630 23631 23632 23633
5325 0 0 998 1006 1710 2399 2400 2401 2402 2403 2404 2405 2406 2407 2408 2409 2410
5326 0 0 942 988 1003 1706 2425 2436 2570 4009 7842 40936
5327 0 0 31475 32356 32392 32423 32424 32425 32426 32427 32428 32429 32430 32431 32432
5328 0 0 32394 35060 36245 36254 36280 36289 36292 36313 36981 37760 37762 37787 37793 37799 37800 37801 37802 37803 37804 37805
5329 3 3 20096 26303 30176 30183 30184 30185 30186 30187 30188 30189 30190
5330 3 3 28733 30181 30204 32893 34839 36633 36658 36660 36670 36677 36678 36679 36680 36681 36682 36683 36684 36685 36686
5331 0 0 23995 24106 28597 28623 34118 36541 36558 36568 37007 37008 37009 37010 37011 37012 37013 37014 37015
5332 0 0 21592 23980 23986 28600 28609 28614 28615 28616 28617 28618 28619
5333 0 0 17098 23348 23375 23394 23405 23467 24830 24860 29219 29227 29231 29232 29233 29234 40937
5334 0 0 23332 23340 23343 23352 23378 23402 29226 29236 30876 30896 30897 30898 30899 30900
5335 4 4 36548 36552 36560 36564 36572 36605 36614 36616 36617 36618 36619 36620 36621 36622
5336 4 4 21593 23979 23988 24107 27379 28598 28616 28620 28621 28622 28623 28624 28625 28626 28627 28628
5337 4 4 22167 23968 24102 27004 27380 28625 34113 36540 36541 36542 36543 36544 36545 36546 36547 36548
5338 4 4 28604 28613 28619 28628 28639 28644 28652 28660 28663 28668 28670 29774 34761 36559 36563 36565 36566 36567 36568 36569 36570 36571 36572
5339 0 0 38952 38953 38954 38955 38956 38957 38958 38959 38960 38961
5340 0 0 28379 28395 33848 36775 36787 38299 38529 38534 38535 38536 38537 38538 38539 38540 38541 38542 38543
5341 0 0 4796 4820 4835 4999 5008 5216 7038 7039 7040 7041 7042 7043 40938
5342 0 0 2108 4809 4819 4828 4833 7253 7254 7255 7256 7257 7258 7259 7260 7261 7262 40939
5343 0 0 4834 5003 5217 7040 7261 7267 7275 13785 13798 13799 13800 13801 40940
5344 0 0 4787 4794 4795 4796 4797 4798 4799 4800 40941
5345 0 0 37572 37640 37646 38664 38673 38674 38675 38676 38677 38678 38679
5346 0 0 22733 26481 29070 29255 30883 30919 30922 30929 30935 30954 32975 37446 37465 38668 38680 38684 38686 38688 38689 38690
5347 0 0 17768 17800 17818 17846 17891 24497 24502 24503 24504 24505 24506 24507
5348 0 0 17764 17776 17777 17778 17779 17780 17781 17782 17783 17784 17785
5349 0 0 1628 1640 3250 3313 3818 6721 6753 6888 7754 7815 7824 7889 7903 11771 11787 11792 11797 11800 11801
5350 0 0 1633 3839 6331 6340 6346 6359 6703 7909 11751 11762 11773 11777 11789 11796 11798 11803 11804
5351 0 0 156 398 408 1602 1615 1623 1624 1625 1626 1627 1628 1629 1630 1631 1632 1633 1634 1635 1636 1637 1638 40942
5352 0 0 6778 7769 7783 7816 7904 11737 11767 11780 11781 11782 11783 11784 11785 11786 11787
5353 3 3 18690 18691 18692 18693 18694 18695 18696 18697 18698 18699 18700 18701 18702 18703 18704 18705 18706 18707 18708
5354 3 3 14124 14134 14146 18743 18774 18796 18883 18897 19635 21816 27884 27928 27950 27969 27980 27989 27990 27991 27992 27993 27994
5355 0 0 4792 4797 4810 4816 4817 4818 4819 4820 4821 4822
5356 0 0 3539 4789 4794 4823 7236 15855 15864 23252 23268 23273 23274 40943 40944
5357 0 0 5352 5379 5386 5438 5473 5486 5500 5513 5517 9971 9978 9979 9980 9981 9982 9983 9984 9985 9986
5358 0 0 9969 10001 10013 10021 24235 24256 35110 35154 35173 35179 35181 35182
5359 0 0 15559 17026 17041 17741 23443 23447 23514 24583 24857 30078 30862 30988 31681 35298 35324 35328 35332 35353 35354 35355
5360 0 0 15979 15996 16012 23368 23383 23437 23441 23462 30987 31014 31027 35306 35352 35366 35368 35373 35374 35382
5361 0 0 3460 7080 7111 9569 9588 13237 20429 20440 27433 27444 27454 27455 27456 27457 27458 27459
5362 0 0 9584 9593 9600 9607 13218 20655 20656 20657 40945
5363 0 0 3459 7086 9567 9568 9569 9570 9571 9572 9573 9574 9575 40946
5364 0 0 3458 7082 7107 9591 9602 12931 12937 12938 12939 12940 12941 40947
5365 0 0 2109 8729 8748 8767 8791 9410 9411 9412 9413 9414 9415 9416 9417 9418 9419
5366 0 0 4630 4707 4720 8982 9431 9440 15878 15886 15887 15888 15889 15890 15891 15892 15893 15894 15895
5367 0 0 3544 4784 4802 4829 7233 7238 8738 13739 13748 13749 13750 13751 13752 13753 40948
5368 0 0 3538 4831 7237 23273 23277 40949 40950
5369 0 0 16066 16297 17984 17997 18002 31737 31763 31778 31785 31793 31797 31798 31799
5370 0 0 6191 6197 9197 17988 18019 18035 25083 25098 25099 25576 25577 25578 25579 25580 25581 25582
5371 0 0 9194 11066 16295 17986 23683 25593 31728 31761 31774 31776 31777 31778 31779
5372 0 0 17991 18000 18004 18010 18024 18036 18039 25105 25579 25583 25584 25585 25586 25587 25588 25589
5373 0 0 29679 29742 29755 29762 30299 30312 33817 33825 34519 34555 34631 34639 34651 34654 34655 34656 34657 34658
5374 0 0 33823 33831 33838 34659 34660 34661 34662 34663 34664 34665 34666 34667 34668 34669 34670 34671
5375 0 0 7324 11489 11498 11520 32554 32559 33696 33704 33713 33720 33721 33722
5376 0 0 11452 11472 11490 11492 11503 11504 11505 11506 11507 11508 11509 11510 11511
5377 0 0 11693 11694 11695 11696 11697 11698 11699 11700 11701 11702 11703 11704 11705
5378 0 0 163 3318 6689 6711 6713 6741 7790 12124 12185 12196 16616 19536 22331 24034 24073 24077 28869 28875 34152 34178 34185 34189 34193
5379 0 0 17280 21911 22092 28484 31429 33993 34015 34029 36914 36922 36929 36931 36932 36933 36934 36935 36936 36937 36938 36939
5380 0 0 14233 14570 21898 22090 24161 32174 32186 32323 32328 33841 34037 36844 36850 36859 36865 36895 36924 36940 36943 36944 36945 36946 36947 36948 36949 36950
5381 0 0 21912 22097 22105 32321 33844 34006 34014 34028 34036 34050 36924 36925 36926 36927 36928 36929 36930
5382 0 0 8945 8953 16163 17281 22094 30262 32172 32187 36204 36867 36890 36935 36941 36946 36953 37246 37252 37284 37289 37290 37291 37292 37293 37294
5383 0 0 24344 24348 24353 24359 24365 30452 30460 30504 30528 30553 30682 32145 32147 32148 32149 32150 32151 32152 32153 32154
5384 0 0 1304 3008 3023 5533 5545 5546 5547 5548 5549 5550 5551 5552 5553 5554 5555 5556 5557 5558 5559 5560
5385 0 0 6928 12067 12075 12504 26770 26794 26801 26804 26810 26811 26812 26813
5386 0 0 3454 6844 6861 6906 6935 6947 12003 26694 26769 26806 26823 33033 33048 33057 33084 33095 33104 33105 33106
5387 0 0 17402 17767 17795 17823 17888 24498 24505 24508 24520 24521 24522 24523 24524 24525 24526 24527 24528
5388 0 0 17484 17814 18072 22799 24475 24476 24477 24478 24479 24480 24481 24482 24483 24484 24485 24486 24487 24488 24489
5389 3 3 11094 17038 18166 24579 24590 24609 25621 25645 25654 25667 25670 30859 30860 30861 30862 30863 30864 30865
5390 3 3 24623 24852 30062 30080 30989 30993 31680 35295 35329 35332 35333 35334 35335 35336 35337 35338 35339 35340
5391 3 3 22762 22876 24588 24605 24611 24618 24682 24688 25668 30061 30861 31679 35327 35337 35810 35826 37176 37196 37208 37219 37220 37221 37222
5392 3 3 35291 35292 35293 35294 35295 35296 35297 35298 35299 35300 35301 35302 35303 35304 35305 35306 35307
5393 0 0 12884 20288 20303 20306 20327 20337 20344 20352 20353 20354 20355 20356 40951
5394 0 0 12854 14689 20108 20296 20298 20309 20321 20325 20363 20372 21954 21969 21974 21984 22210 22221 22231 22235 22236 22237
5395 0 0 12855 12865 20290 20299 20306 20307 20308 20309 20310 20311 20312 40952
5396 0 0 20128 20294 20304 20323 20354 20357 20358 20359 20360 20361 20362 20363 20364 20365
5397 0 0 12142 12152 12658 12664 13691 13692 13693 13694 13695 13696 13697 40953
5398 0 0 21496 21497 21498 21499 21500 21501 21502 21503 21504 21505 21506 21507 21508 40954
5399 0 0 11140 16075 16088 16641 16642 16643 16644 16645 16646 16647 16648 16649 16650 16651 16652 16653 40955
5400 0 0 16671 18234 25683 25709 25738 25744 31845 31846 31856 31859 35870 35879 35889 35905 35906 35907 35908 35909
5401 3 3 2304 2330 2340 2360 2363 5334 5335 5336 5337 5338 5339 5340
5402 3 3 928 1984 2261 2329 2335 2358 2369 2371 10078 10114 10390 10429 10441 10442 10443 10444 10445
5403 0 0 9056 10402 10417 22886 23724 29906 29956 29970 29973 29981 29982 29983 29984
5404 0 0 9064 10411 21358 22893 23716 23717 23718 23719 23720 23721 23722 23723
5405 0 0 26411 26423 32901 32916 32926 32930 32931 32932 32933
5406 0 0 26430 26439 30942 32910 32924 34752 34801 34807 34811 37390 37434 37450 37452 37453 40956
5407 0 0 33797 33803 33810 33816 38400 38414 38415 38416 38417 38418 38419 38420 38421 38422 38423 38424
5408 0 0 18708 18783 18798 19637 23959 27881 27887 27926 27951 27991 28303 28309 28310 28311 28312 28313 28314 28315 28316 28317 28318 28319 28320
5409 0 0 18780 18795 19638 27952 27983 27990 28314 32582 33791 33792 33793 33794 33795 33796 33797
5410 0 0 28294 28310 28346 33754 33766 33774 36789 37303 38307 38405 38422 38429 38439 38442 38446 38447 38448 38449 38450 38451 38452 38453 38454 38455
5411 0 0 6698 6734 11816 15298 19100 22314 22329 24031 28754 28762 28763 28764 28765 28766 28767 28768 28769 28770 28771
5412 0 0 6772 6787 7781 11827 13603 15421 15425 21470 21471 21472 21473 21474 21475 21476 21477 21478
5413 0 0 6697 6728 7766 7778 7789 7793 11807 11825 15294 22312 22328 22329 22330 22331 22332 22333
5414 0 0 11813 11822 15414 15423 15424 15425 15426 15427 15428 15429 15430
5415 0 0 17820 24484 24561 24923 24933 25374 25385 25400 25407 25408 25409 25410 25411 25412
5416 0 0 17269 25257 25311 25368 25372 31393 31410 31411 31412 31413 31414 31415 31416 31417 31418 31419
5417 0 0 17819 24490 24491 24492 24493 24494 24495 24496 24497 24498 24499 24500 24501
5418 0 0 25369 25381 25382 25411 25416 31412 31580 31592 31593 31594 31595 31596 31597
5419 0 0 30259 30281 34469 34480 34491 34496 34610 34867 34874 34892 34902 34909 34910 34911 34912 34913
5420 0 0 30288 31921 31933 34697 34885 34890 34906 36795 36806 36817 36820 36821 36822 36823 36824 36825
5421 0 0 24085 30252 30270 32163 32180 34861 34872 34877 34882 34883 34884 34885 34886 34887 34888
5422 0 0 23554 29627 34611 34895 34910 35783 36797 36812 36822 36826 36828 36829 36830 36831
5423 0 0 5908 5934 5948 5949 5950 5951 5952 5953 5954 5955 5956 5957
5424 0 0 5901 10896 10902 17574 17581 17595 17598 17604 17605 17606 40957
5425 0 0 5902 5914 5930 5945 5950 5958 10875 10891 10892 10893 10894 10895 10896 10897 10898 10899 40958
5426 0 0 5897 5905 5911 5952 5975 10900 17562 17580 17586 17594 17595 17596 40959
5427 0 0 4471 4964 13407 13419 13445 13491 15501 20890 22674 22684 22691 22692 22693 40960 40961
5428 0 0 4463 4473 4477 15455 15473 15477 15478 15479 15480 15481 40962
5429 0 0 30874 30964 31003 31020 31199 35428 35443 36414 36447 36456 36463 36466 36477 37179 37198 37202 37217 37226 37232
5430 0 0 35363 35408 35409 35410 35411 35412 35413 35414 35415 35416
5431 0 0 26392 26415 28683 30762 32927 32932 34748 34783 34794 34806 34807 34808 34809 34810
5432 0 0 26403 26420 26429 26430 26431 26432 26433 26434 40963
5433 0 0 15340 15341 15351 16187 22738 22745 22755 26478 34130 34135 34207 34249 34280 34282 34283 34284 34285 34286
5434 0 0 5058 15344 15356 15363 15369 22740 22747 26473 26474 26475 26476 26477
5435 0 0 13366 13378 13400 13496 13508 20898 21012 21015 27820 27830 27834 27864 36581 36591 36595 36602 36603 36604
5436 0 0 27833 27840 27846 27851 27857 27863 27868 33416 33432 33439 33440 33441 33442 33443 33444
5437 0 0 13374 13381 13385 13499 13507 20838 21009 21024 27817 27827 27834 27835 27836 27837 27838 27839 27840
5438 0 0 15734 20900 27861 27865 33440 33456 33468 33484 36578 36583 36589 36596 36600 36601 36602
5439 0 0 1042 2578 2579 2580 2581 2582 2583 2584 2585 2586 2587 2588 2589 2590 2591 40964
5440 0 0 10551 10556 10563 10566 10571 10576 17303 17318 17319 17320 17321 17322 17323 17324 40965
5441 0 0 5629 10543 10544 10545 10546 10547 10548 10549 10550 10551
5442 0 0 2588 2607 2610 2627 6431 6451 10558 10572 10593 17296 17300 17301 17302 17303 17304 17305 17306 17307
5443 0 0 22126 27627 27650 27662 27680 27681 27704 27705 27706 27707 27708 27709 27710 27711 27712 27713
5444 0 0 22512 22525 27664 27676 27693 27714 27715 27716 27717 27718 27719 27720
5445 0 0 12579 12592 12607 13641 19762 19810 19845 19859 19864 19865 19866 19867 19868 19869 19870
5446 0 0 12610 19671 19689 19710 19711 19712 19713 19714 19715 19716 19717
5447 3 3 17486 17500 17505 17512 17518 18122 18127 24932 25055 25079 25081 25108 25118 25119 25120 25121 25122 25123
5448 3 3 6049 10827 10859 17435 17444 17448 17449 17450 17451 17452 17453 17454 17455 17456
5449 3 3 17363 17381 17386 17431 17434 17446 17448 17470 17487 17488 17489 17490 17491 17492 17493 17494 17495 17496 17497 17498 17499 17500
5450 3 3 10830 17454 17462 17479 17507 17633 18128 25114 25120 25128 25142 25144 25150 25151 25152
5451 3 3 8195 8236 8676 8682 9482 13143 13350 15061 15099 15131 15717 15718 15719 15720 15721 15722 15723 15724 15725 15726
5452 3 3 16475 16504 16513 16529 22388 22523 22537 22544 22550 22551 22552 22553 22554 22555 22556 22557 22558 22559 22560 22561 22562 22563
5453 3 3 7974 7991 7999 8192 8235 8678 15130 15431 15723 16507 22382 22518 22521 22536 22537 22538 22539 22540 22541 22542 22543
5454 3 3 16467 16468 16469 16470 16471 16472 16473 16474 16475 16476 16477 16478 16479
5455 0 0 176 224 1810 2025 2037 3867 3868 3869 3870 3871 3872 3873 3874 3875 3876 40966
5456 0 0 174 223 1815 1816 1817 1818 1819 1820 1821 1822 1823 1824 1825 1826 1827
5457 0 0 701 1972 3059 3075 3081 7919 8398 8623 9131 9140 14841 14868 14869 14870
5458 0 0 3079 7921 8400 8410 8627 9145 15014 15016 15172 22432 22451 22456 22458 22462 22468
5459 0 0 755 812 4875 4889 4890 4891 4892 4893 4894 4895 4896
5460 0 0 802 815 2096 3507 3509 3510 3511 3512 3513 3514 3515 3516 3517 3518 3519 3520 3521 3522 3523 40967
5461 0 0 6532 6558 7342 7385 7397 7407 7424 7520 11404 11407 11408 11409 11410 11411 11412 11413 11414
5462 0 0 11461 11478 13845 14095 18642 18646 21628 21635 26169 32574 32655 33676 33686 33699 33715 33716 33717 33718 33719
5463 0 0 6551 7341 7414 7425 11409 11464 13838 13839 13840 13841 13842 13843 13844 13845 13846 13847
5464 0 0 11406 11414 11418 11422 18633 18634 18635 18636 18637 18638 18639
5465 0 0 10032 10207 10221 24199 24202 24203 24204 24205 24206 24207 24208 24209 24210 24211
5466 0 0 2253 2290 5315 5330 5361 5362 5363 5364 5365 5366 5367 5368 5369 5370 5371 5372 5373
5467 0 0 5457 5476 5493 5509 5520 5522 5523 5524 5525 5526 5527 5528 5529 5530
5468 0 0 5369 10025 10029 10157 10158 10159 10160 10161 10162 10163 10164 10165
5469 0 0 7163 7876 11940 11945 11946 11947 11948 11949 11950 11951 11952 11953 11954 11955 11956 11957 11958
5470 0 0 12585 19723 19768 19799 19811 19813 19814 19815 19816 19817 19818 19819
5471 0 0 11909 11914 19681 19720 19729 19736 19765 19766 19767 19768 19769 19770 19771 19772
5472 0 0 7170 7880 11946 18419 18434 18683 19703 19793 19829 19833 19841 27963 28508 28534 28538 28542 28543 28544 28545 28546 28547
5473 0 0 2596 6301 18264 18280 18287 18288 18289 40968
5474 0 0 1586 2964 3752 5677 6295 18268 18278 18301 18351 18360 18378 25753 25762 25772 25773 25774 25775 25776 25777 40969
5475 0 0 5560 5571 5579 5585 5589 5592 5594 10194 10197 10198 10199 10200 10201 10202 10203
5476 0 0 1278 1307 2188 2189 2190 2191 2192 2193 2194 2195 2196 40970 40971
5477 0 0 22775 22780 22873 24580 24616 24627 30064 31644 31676 31683 31684 31685 31686 31687 31688 31689 31690
5478 0 0 11075 11086 18161 18189 24596 24613 24631 24633 24634 24635 24636
5479 0 0 18068 22767 22781 22791 24483 24549 24564 24595 24603 24614 24617 24625 24626 24627 24628 24629 24630 24631 24632
5480 0 0 11089 17031 17742 17751 24575 24576 24577 24578 24579 24580 24581 24582 24583 24584
5481 0 0 54 552 558 573 588 605 4196 4198 4212 4213 4214 4215 4216 4217 4218 4219 4220 40972
5482 3 3 424 563 3936 4073 4107 4120 4123 4124 4125 4126 4127 4128 4129 4130
5483 0 0 47 65 187 423 548 554 555 556 557 558 559 560 561 562 563 564 565 40973
5484 3 3 604 3943 3949 4117 4128 4219 4226 8021 8026 8027 8028 8029 8030 8031 8032
5485 0 0 31946 31958 31971 31979 32043 34669 34678 34688 34695 35901 36041 36053 36054 36055 36056 36057 36058 36059
5486 0 0 31984 31991 34676 35981 35991 36026 36047 36068 36074 36079 36080
5487 0 0 8869 8889 8900 16092 16099 16100 16101 16102 16103 16104 16105 40974
5488 0 0 16094 23563 29637 29750 29765 30310 30321 34513 34518 34537 34555 34556 34557 34558 40975
5489 0 0 16098 16105 23587 23596 23604 29619 29633 29634 29635 29636 29637 29638 29639 29640 29641 29642 29643
5490 0 0 8898 16093 16099 29579 29580 29581 29582 29583 29584 29585 40976
5491 0 0 13124 19123 19135 19140 19146 19210 20464 36492 36521 36523 36529 36536
5492 0 0 5275 5287 13088 13128 19048 19061 19104 19110 19115 19119 19129 19130 19131 19132 19133
5493 0 0 230 1815 4148 4152 4176 4184 4188 4189 4190 40977
5494 0 0 179 226 1679 1808 1824 3868 3952 4187 4191 4192 4193 4194 40978 40979
5495 0 0 23561 24171 32909 34621 34641 34648 35234 35235 35236 35237 35238 35239 35240 35241 35242
5496 0 0 20606 29701 29716 34623 34625 34626 34627 34628 34629
5497 0 0 5351 5359 5503 5615 9975 9986 9999 10000 10001 10002 10003 10004 10005
5498 0 0 963 2473 3223 5341 5429 5635 10065 10093 10108 10121 11529 11546 11547 11548 11549 11550 11551 11552 11553 11554 11555 11556 11557
5499 0 0 2185 2464 3222 3228 5341 5342 5343 5344 5345 5346 5347 5348 5349 5350 5351 5352 5353 40980
5500 0 0 5439 9970 9984 9990 10005 10061 10118 11552 11560 11563 24236 35109 35172 35176 35178 35181
5501 3 3 7995 13599 22541 22545 22557 23235 28950 28974 28976 28977 28978 28979 28980 28981 28982 28983 28984 28985 28986
5502 3 3 1734 4379 7974 7975 7976 7977 7978 7979 7980 7981 7982
5503 3 3 1729 4381 7993 7998 11805 11823 13601 15426 15433 21475 22531 22540 22544 22545 22546 22547 22548 22549
5504 3 3 7997 21231 23224 23234 28958 28964 28984 28989 28990 28994
5505 0 0 4522 4530 4539 4542 4589 8306 8315 8316 8317 8318 8319 8320 8321 8322 8323 40981
5506 0 0 4545 8502 16207 16217 16223 16228 16236 16241 16258 16278 23733 23747 23758 23759 23760 23761 23762 23763
5507 0 0 685 4517 4534 4541 4542 4543 4544 4545 4546 4547 4548 40982
5508 0 0 4527 4528 4588 8312 8320 8479 8497 8499 16205 16216 16220 16221 16222 16223 16224 16225
5509 0 0 0 51 185 550 559 575 4197 4198 4199 40983 40984
5510 0 0 548 549 550 551 552 553 40985 40986
5511 0 0 14577 28353 28372 28380 28381 28382 28383 28384 28385 28386 28387 28388 28389 28390 28391 28392 28393 28394 28395
5512 0 0 14556 14559 14571 14580 22057 22089 24136 24156 24160 26110 32295 32318 32319 32320 32321 32322 32323 32324 32325 32326 32327
5513 0 0 14579 28391 32292 32326 32332 32338 32340 32357 32358 32359 32360 32361 32362 32363 32364
5514 0 0 24142 24157 24162 28354 28387 32232 32263 32276 32325 32337 33839 36851 36871 36895 36896 36897 36898 36899
