0 0 0 2049 2051 2057 2537 2538 2539 2540 2541 12513
1 0 0 12055 12063 12070 12076 12078 12081 12429 12458 12462 12470 12480 12514
2 3 3 7809 7817 7824 7827 9016 9471 9480 9505 9525 9530 9535 9538 9543 10461 10483 10487 10492 10496
3 0 0 2744 5728 5746 5752 5760 7587 7591 7592 7593 12515
4 0 0 642 663 1627 1636 1644 1646 1647 1648 1649 1650 12516
5 0 0 8569 8570 8571 8572 8573 8574 8575 8576
6 0 0 7160 7186 7202 7203 7204 7205 7206 7207 7208 7209 7210 7211 7212 7213 7214 7215
7 0 0 7370 7375 7379 7383 7390 7391 7408 7409 7410 7411 7412 7413
8 0 0 1907 1914 1921 3528 3529 3530 3531 3532 3533 3534 12517
9 0 0 886 3710 4088 4089 4090 4091 4092 4093 4094 4095
10 0 0 5835 5843 5850 6695 7461 7663 7682 7688 7689 7690 7691
11 0 0 85 163 365 671 672 673 674 675 676 677 678 679 680 681 12518
12 0 0 7772 9451 9511 10628 10642 10645 10646 10647 10648 10649 10650 12519
13 0 0 172 173 174 175 176 177 178 12520 12521
14 0 0 6612 6744 8629 8641 8654 8664 8665 8666 8667 8668 8669
15 0 0 6263 6269 6276 6286 6294 8083 8100 8130 8131 12522
16 0 0 852 3666 3679 5749 5761 7575 7582 7586 7592 7594 7596 7603 12523
17 0 0 3693 3701 5732 5757 7313 7316 7318 7329 7356 7357 7358 7359 7360
18 2 2 4111 5982 6112 6371 7141 8387 9342 11060 11970 11981 12035 12044 12047 12048 12049
19 0 0 534 967 2173 2181 2217 2718 2719 2720 2721 2722 2723 2724 2725 2726 2727 2728 2729 12524
20 0 0 1616 2840 2891 2892 2893 2894 2895 2896 2897 2898 2899
21 0 0 6233 7850 7868 7875 7876 7877 7878 7879 7880 7881 7882
22 0 0 9802 9803 9804 9805 9806 9807 9808 9809 9810 9811 12525
23 0 0 10699 10706 10714 10723 10746 10849 11341 11361 11365 11366 11367 11368 11369
24 0 0 1563 1570 2105 2106 2107 2108 2109 2110 2111 2112 12526
25 0 0 11066 11069 11073 12085 12096 12103 12104 12105 12106 12527
26 0 0 7799 7805 9010 9477 9534 9536 10457 10473 10479 10480 10481 10482 10483 10484 10485 10486 12528
27 0 0 6240 6261 6280 8067 8081 8090 8091 8092 8093 8094 8095 8096 8097 8098 8099 12529
28 0 0 4475 4476 4477 4478 4479 4480 4481 4482 4483 4484
29 0 0 9829 10907 11871 11875 11882 11883 11884 11885 11886 11887 12530
30 0 0 8366 8367 8368 8369 8370 8371 8372 8373
31 0 0 5922 5932 5938 5939 5940 5941 5942 5943 5944 12531
32 3 3 681 684 818 921 1679 1688 1696 2916 2929 2937 2947 2955 2967 2968 2969 2970 2971 2972 2973 2974 2975 2976
33 0 0 9245 9265 9276 9297 9308 10191 10197 10199 10205 10206 10207 12532
34 0 0 6766 10184 10226 11294 11298 11720 11728 12124 12138 12143 12144 12145 12146 12533
35 0 0 522 546 1066 1078 1090 1873 1887 1889 1890 1891 1892
36 0 0 9838 9880 9907 10046 10836 10950 10951 10952 10953 10954 10955 10956
37 0 0 754 762 769 774 959 1437 1446 1722 1733 1742 1743 1744 1745 1746 1747 1748 1749 1750 1751
38 0 0 2392 2401 2406 2407 2408 2409 2410 2411 2412 12534
39 0 0 4933 7294 7363 8142 8150 10094 10104 11107 11112 11117 11119 11120 11121 11122 12535
40 0 0 2350 2767 3428 5321 6012 6014 6022 6023 6024 6025 6026 6027 6028 6029
41 0 0 4529 6411 6421 6422 6423 6424 6425 6426 6427 6428 6429 6430 12536
42 2 2 420 1702 2964 2990 2991 2992 2993 2994 2995 2996 2997 2998 2999 3000 3001
43 3 3 6472 6489 7991 8504 9578 9839 9882 9904 10047 10066 10204 10212 10825 10831 10832 10833 10834 10835 10836 10837 10838
44 0 0 10 11 12 13 14 15 16 17 18 19 20 12537 12538 12539
45 0 0 4890 4918 7761 7771 9413 9542 10639 11436 11499 11506 11508 11509
46 0 0 488 505 508 1270 1290 1306 1315 2431 2462 2470 2476 2477 2478 2479 12540
47 0 0 4654 4662 4675 6962 7923 7934 7957 7965 7979 7980 7981 7982
48 0 0 5582 5605 5633 6974 7922 7933 7938 7972 7974 7975 7976 7977 7978
49 0 0 9965 9966 9967 9968 9969 9970 9971 9972 9973 9974
50 0 0 7704 7738 7789 9403 9449 9528 9531 10553 10565 10590 10597 10621 10622 10623 10624 10625 12541
51 0 0 9155 9161 9165 9169 9172 9178 9188 9194 9207
52 0 0 196 357 592 987 1007 1012 2208 2285 2737 4363 4823 7092 8861 8883 8885 8886 8887 8888 8889 12542 12543
53 0 0 4326 6493 7496 8491 9145 9278 9296 10201 10207 10218 10219 12544
54 0 0 2503 2516 2527 3291 3308 3309 3310 3311 3312
55 0 0 4500 6604 7950 9422 9428 9429 9430 9431 9432 9433
56 0 0 993 1280 1308 1316 2200 2219 2291 2301 2307 4376 4382 4393 4426 4427 4428 4429 4430 4431
57 0 0 50 75 116 126 136 140 147 148 149 150 151 152 153
58 0 0 4406 4413 4422 4425 4440 4782 4792 4793 4794 4795 4796 4797 4798 4799 4800
59 0 0 9768 9781 9789 9818 9853 9877 9886 9893 10048 10952 10957 10958 10959 10960 10961 10962 10963 10964 10965 10966 12545
60 0 0 568 576 641 642 643 644 645 646 647 648 649 650 651 652 653 654 655 656 657 658 12546
61 0 0 389 390 391 392 393 12547
62 0 0 3266 4599 4611 4619 4627 5082 5083 5084 5085 5086 5087 5088 5089 5090 12548
63 0 0 2005 2016 2030 2037 2045 2079 2660 2673 2675 2676 2677 2678
64 0 0 1450 1463 1475 1822 2494 2530 2531 2532 2533 2534 2535 2536 12549
65 0 0 9420 9427 9433 9446 10626 10636 10637 10638 10639 10640 10641 10642 10643 10644 12550
66 0 0 9548 9560 10704 10707 10708 10709 10710 10711 10712 10713 10714
67 0 0 511 972 996 1005 1020 1321 1329 2198 2206 2215 2218 2219 2220
68 0 0 4073 4749 4754 6244 6254 6279 8051 8058 8069 8074 8075 8076 12551
69 0 0 4655 4671 6740 8624 8634 8637 8648 8652 8653 8654 8655 8656
70 0 0 9137 9184 9213 9221 9226 9250 9280 9289 9290 9291
71 0 0 1482 1487 1925 1939 1993 2630 2631 2632 2633 2634 12552
72 4 4 9657 9959 10168 10677 10686 10863 11015 11028 11029 11030 11031 11032 11033 11034 11035 11036 11037 11038
73 0 0 445 746 755 756 757 758 759 760 761 762
74 3 3 260 1130 1304 1410 2116 2136 2150 2160 2168 2169 2170 2171 2172 2173 2174 2175 2176 2177 2178
75 0 0 4177 4219 4220 4221 4222 4223 4224 4225 4226
76 0 0 4807 4820 4829 4830 4831 4832 4833 12553
77 0 0 37 179 180 181 182 183 12554
78 0 0 2712 2880 4769 4816 4844 4856 4859 4864 4865 4866 12555
79 0 0 822 1336 1354 1356 1357 1358 1359 1360 1361
80 0 0 9027 9031 9038 9041 10410 10437 10444 10445 10449 10450 10451 10452
81 0 0 5960 6157 6174 6176 6182 6196 6199 6204 6205 6206 6207 12556
82 0 0 9662 9663 9664 9665 9666 9667 9668 9669 9670 12557
83 0 0 4172 4208 4214 4224 5889 5898 5907 5908 5909 5910 5911 5912 5913
84 3 3 9898 9913 10682 10716 10829 10841 10845 10854 10859 10860 10861 10862 10863 10864 10865 10866 10867
85 0 0 738 750 1439 1447 1470 1472 1717 1722 1723 1724 1725 1726 1727 1728
86 0 0 941 1864 3252 3360 3365 3376 3383 3395 3400 3401 3402 3403 3404 3405 3406 3407
87 0 0 4605 4633 4640 5110 5131 6934 6935 6936 6937 6938 6939 12558
88 0 0 77 96 200 216 228 229 230 231 232 233 234 12559
89 0 0 6577 6592 7217 7247 7264 8043 8054 8060 8178 8183 8197 8215 8224 8975 9093 10076 10090 10095 10103 10108
90 0 0 104 195 196 197 198 12560 12561
91 4 4 3547 4562 4563 4564 4565 4566 4567 4568 4569 4570 4571 4572 4573 4574 4575
92 2 2 404 891 938 2333 2908 2926 2928 2933 2944 2963 2980 3232 4336 4337 4338 4339 4340 4341 4342 4343
93 0 0 5089 5696 5717 7368 7378 7380 7381 7382 7383 12562
94 0 0 688 704 1189 1198 1199 1200 1201 1202 1203 1204 1205 1206 1207
95 0 0 9618 9955 10691 10943 12236 12246 12250 12253 12272 12273
96 0 0 2830 2839 2897 3699 4266 7235 7270 7277 7288 7295 7296 7297 7298
97 0 0 9132 9140 9149 9179 9186 9210 9211 9212 9213 9214 9215
98 0 0 11243 11278 11286 11302 11721 11742 11751 12169 12185 12200 12212 12213 12214 12215
99 0 0 9699 9743 10220 10223 11910 11919 11932 11935 11937 11940 11941 11942 12563
100 0 0 10635 10658 10667 10672 11387 11405 11406 11407 11408 11409 11410 11411 11412 11413
101 0 0 4128 6064 6076 6077 6078 6079 6080 6081 6082 6083 6084 6085
102 0 0 1454 1719 1731 1824 2533 5137 5138 5139 5140 5141 5142 5143 12564
103 0 0 11776 11783 11797 11957 12006 12016 12325 12369 12371 12386 12393 12394 12395
104 0 0 11769 11961 11989 11995 12003 12029 12030 12031 12032 12033 12034
105 0 0 3729 3738 3754 3764 3769 3780 3789 3799 5854 5863 5870 5874 5875
106 0 0 6609 6734 8644 8655 8665 8672 9431 9440 9445 11420 11456 11457 11458 11459 11460 11461 11462 11463 11464 12565
107 0 0 649 1580 1594 1598 2858 4812 4826 4829 4834 4853 4854 12566
108 0 0 177 464 492 1388 1414 1460 2424 2437 2447 2449 2450 2451 2452 12567 12568
109 3 3 947 1201 1243 1678 1740 1759 1770 1771 1772 1773 1774 1775 1776 1777 1778 1779 1780 1781 1782 1783 1784 1785
110 0 0 3541 4568 6635 6670 6680 6681 6682 6683 6684 6685 6686
111 0 0 2271 2280 2302 2371 3111 4369 4375 4384 4387 4388 4389 4390
112 0 0 1489 4531 4541 4665 4704 4711 4712 4713 4714 4715 4716 4717 12569
113 0 0 1150 2304 2347 2358 2783 2800 4373 4378 4379 4380 4381 4382 4383 4384 4385 4386
114 0 0 6699 7539 7550 7552 7553 7554 7555 7556 7557 7558 7559
115 0 0 4974 4975 4976 4977 4978 4979 4980 4981 4982 4983
116 0 0 2507 2510 2519 2520 2521 2522 2523 2524 2525 2526 2527 2528 2529
117 0 0 11026 11029 11055 11951 11971 11978 12058 12069 12071 12077 12078
118 3 3 5351 5394 5415 5431 5445 5818 5834 5842 5847 6691 7460 7461 7462 7463 7464 7465 7466
119 3 3 414 574 723 1120 1709 2362 2996 3011 3096 3097 3098 3099 3100 3101 3102 3103
120 0 0 8403 8413 8420 8427 8445 8451 8605 10236 10244 10256 10264 10267 10268 10269
121 0 0 10821 10830 10838 10842 10850 10855 10859 10868 10869 10870 10871 10872 10873 10874 10875 10876
122 0 0 626 793 798 802 803 804 805 806 807 12570
123 2 2 6475 6480 7560 8503 9122 9259 9299 9307 9352 9356 9365 9909 10050 10059 10061 10062 10063 10064 10065 10066 10067 10068
124 0 0 8119 8129 9102 9973 9981 10001 10016 10022 10023 10024 10025 10026 10027 10028 10029
125 3 3 7993 9714 9735 9749 9752 10781 10788 10797 10798 10799 10800 10801 10802 10803 10804 10805 10806
126 0 0 10758 10767 10771 10782 10814 10822 10847 10873 11689 11812 11826 11841 11854 11857 11860 11865
127 0 0 10777 10920 11692 11807 11835 11851 11852 11853 11854 11855 11856
128 0 0 9830 10887 10903 10904 10905 10906 10907 10908 10909 10910 10911 10912 12571
129 0 0 284 292 428 435 441 444 760 768 772 784 958 1193 1345 1395 1406 1432 1743 1755 3031 3044 3063 3082 3093 3094 12572
130 0 0 4045 4133 4139 6159 6169 6190 6203 6212 12573
131 0 0 2226 2235 3849 4151 5894 5899 5917 5918 5919 12574 12575
132 0 0 3606 3619 3632 3725 3767 3771 3781 3782 3783 3784 3785 3786 3787 3788 3789
133 0 0 4809 4828 4839 4847 6549 6560 6574 6583 7091 8863 8874 8891 8893 8894 8895
134 0 0 4886 4889 4890 4891 4892 4893 4894 4895 4896 4897 4898 4899 4900 4901
135 0 0 954 1238 1681 1854 2647 3254 3361 3371 3379 3399 3408 3409 3410 3411 3412 3413 12576
136 4 4 5441 5785 5801 5813 5822 7619 7639 7648 8340 8346 9127 9133 9134 9135 9136 9137 9138 9139 9140
137 3 3 9636 9656 9958 10174 10337 10349 10680 10685 10686 10687 10688 10689 10690 10691 10692 10693 10694 10695 10696 10697 10698 10699
138 0 0 2196 2197 2198 2199 2200 2201 2202 2203 2204
139 0 0 1059 1866 1867 1868 1869 1870 1871 1872 12577 12578
140 0 0 2612 3533 3537 5474 5546 7044 8769 8794 8805 8806 8807 8808 8809 8810 12579
141 0 0 6127 6141 7716 7732 7735 7736 7737 7738 7739 7740 7741 7742 7743 12580
142 0 0 2112 2255 3890 3894 4194 4239 6382 6511 6522 6523 6524 6525 6526 6527 6528 6529 6530 6531 6532 6533
143 3 3 9834 10890 10908 11873 11885 11896 12268 12295 12319 12341 12342 12343 12344 12345 12346 12347
144 0 0 1849 1853 1854 1855 1856 1857 1858 1859 1860 1861 1862 1863 1864 1865
145 0 0 3876 5387 7486 9126 9144 9157 9163 9166 9167 9168 9169
146 0 0 3514 3603 3623 3783 5401 5406 5407 5408 5409 5410 5411 5412 5413
147 0 0 648 1585 1592 1596 1619 2836 2845 2850 2855 2874 2878 4808 4825 4833 4834 4835 4836 4837 4838 4839 4840 4841 4842 4843 12581
148 0 0 2252 4156 6784 6804 6822 6824 6825 6826 6827 6828 6829 6830
149 0 0 4039 8037 8040 9825 9831 10880 10887 10888 10889 10890 10891 10892 12582
150 0 0 2227 2232 2233 2234 2235 2236 2237 2238 2239 2240 12583
151 0 0 1464 2496 2517 2531 3273 3274 3275 3276 3277 3278 3279
152 0 0 10702 10710 10715 10747 10826 10843 10844 10845 10846 10847 10848 10849 10850
153 0 0 9235 9256 9273 9286 9302 9316 9330 9341 9356 9357 9358 9359 9360 9361 9362 9363
154 0 0 346 618 1503 1512 1532 1533 1534 1535 1536 1537 1538 1539 1540
155 0 0 1442 1448 1458 1467 1471 1474 1477 1718 1725 1729 1730 1731 1732 12584
156 0 0 6053 7100 7114 7115 7116 7117 7118 7119 7120 7121 7122 7123 7124 7125 7126
157 0 0 4059 6573 6579 6587 6588 6589 6590 6591 6592 6593 6594 6595 6596 6597
158 0 0 2193 3904 3914 3925 7804 9537 10467 10482 10500 10505 10506 10507 12585
159 2 2 208 227 255 515 531 1019 1300 1320 2159 2166 2170 2179 2180 2181 2182 2183 2184
160 0 0 625 799 1832 1840 1841 1842 1843 1844 1845 1846 1847 1848 1849 1850 1851 1852 12586 12587
161 0 0 3167 3169 3185 3205 3306 3337 3350 3353 4980 4994 5001 5004 5007 5008
162 0 0 9865 9970 9991 10004 10015 10016 10017 10018 10019 10020 10021
163 0 0 955 1674 1781 2640 2653 2654 2655 2656 2657 2658
164 0 0 2555 4726 7009 8740 8743 8746 8747 8748 8749 8750 12588
165 4 4 2342 2990 3014 3426 3747 4971 5317 6025 6030 6031 6032 6033 6034 6035 6036 6037 6038 6039 6040
166 0 0 2253 4197 4233 4580 6507 6521 6533 6834 6839 6933 8399 8404 8405 8406 8407 8408 8409 8410 8411 8412 8413
167 0 0 2752 4784 6010 7163 7178 7211 7226 8171 8204 8222 8231 8243 8244 8245 8246 8247 8248
168 0 0 1682 2643 3557 3565 3628 5459 5494 5507 5520 5521 5522 5523 5524 5525 5526 5527
169 0 0 5289 5295 5307 5316 5328 5337 5344 5577 5613 5619 5620 5621 5622 5623 5624
170 1 1 4896 4905 5298 5315 5335 5580 5611 5621 5666 5685 5702 5712 5716 6111 6214 6215 6216 6217 6218 6219 6220 6221 6222 6223 6224
171 0 0 4702 5571 5599 5629 6969 7034 7063 7069 7070 7071 7072 7073 7074
172 0 0 9099 10032 10123 11064 11212 11219 11224 12091 12106 12108 12114 12116 12117 12589
173 0 0 2795 4408 4416 4437 4789 4799 4803 8950 8961 9043 9056 9059 9060 9061 9062 9063
174 0 0 2765 2773 2774 2775 2776 2777 2778 2779 2780 2781 2782
175 0 0 10511 10527 10558 11416 11437 11438 11439 11440 11441 11442 11443 11444 11445 11446 11447
176 0 0 1491 2622 4302 5608 5635 7056 7077 7925 7944 7964 7969 7977 7984 7985 7986 7987
177 0 0 351 1528 1947 1955 1969 1973 1974 1975 1976 1977 1978 1979 12590
178 0 0 6508 6531 6536 6546 6840 8410 8422 8438 8439 8466 8469 8470 8471 8472
179 0 0 9920 11771 11985 11986 11987 11988 11989 11990 12591
180 0 0 277 294 295 296 297 298 299 300 12592
181 0 0 1157 1158 1159 1160 1161 1162 1163 1164 12593
182 0 0 300 306 313 318 327 437 452 748 765 770 771 772 773 774
183 4 4 1146 2366 2468 2485 3006 3307 3343 3345 4981 4993 5003 5009 5010 5011 5012 5013 5014
184 0 0 1938 1950 1958 1962 1972 1980 1989 1990 1991 1992 1993 1994 12594
185 0 0 783 788 956 1191 1192 1193 1194 1195 1196 1197
186 0 0 77 78 79 80 81 82 83 84
187 0 0 6393 6402 6467 6468 6469 6470 6471 6472 6473 6474 6475 6476 6477 6478
188 0 0 8039 8042 9800 9810 9819 9824 9832 10884 10889 11895 11998 12355 12362 12380 12383 12390 12396 12406 12413 12417 12432 12438 12441 12442 12595
189 0 0 9806 11774 11789 11793 12366 12379 12384 12385 12386 12387 12388
190 0 0 10145 11087 11194 11209 11217 11228 11230 11231
191 0 0 143 578 654 714 732 839 857 867 1165 1180 2982 3101 3134 3143 3195 3196 3197 3198 3199 3200 12596
192 0 0 3003 3130 3156 3419 3750 4990 5009 5021 5065 5077 5159 5167 5177 5184 5185 5186
193 4 4 8146 8152 8157 10075 10092 10107 10119 10142 11080 11103 11106 11110 11111 11112 11113 11114
194 0 0 2375 3660 3980 4919 5708 7750 9414 9423 9434 12597
195 0 0 1881 1893 3470 3491 3494 3497 3498 3499 3500 12598
196 0 0 2356 3008 3421 5012 5158 5176 5177 5178 5179 5180 5181 5182 5183
197 0 0 3275 3283 5060 5071 5080 5169 5186 5205 5212 5213 5214 5215 5216 5217 5218 5219 5220 5221 5222
198 0 0 14 70 86 115 127 134 139 140 141 142 143 144 145 146 12599 12600
199 0 0 5151 5152 5153 5154 5155 5156 5157 5158 5159 5160 5161 5162 5163
200 0 0 1497 2626 3996 4001 4592 4645 4720 5097 5117 5133 6945 7052 7955 8698 8720 8726 8729 8730 8731 8732 8733 12601
201 0 0 1582 1598 1599 1600 1601 1602 1603 1604 1605 1606 12602 12603 12604
202 0 0 10654 11408 11427 11454 11473 11492 11513 11528 11529 11530 11531 11532
203 0 0 1623 1624 1625 1626 1627 1628 1629 1630 1631
204 0 0 3716 4089 5774 5782 5811 6359 7605 7615 7627 7641 7642 7643
205 3 3 677 682 816 944 1205 1240 1673 1674 1675 1676 1677 1678 1679 1680 1681 1682 1683
206 0 0 517 991 993 994 995 996 997 998 999 1000
207 0 0 3704 5733 7319 7328 7341 7353 7356 7362 7581 7602 8149 8270 8284 8315 8320 11094 11105 11115 11116 11117 11118 12605
208 0 0 979 1263 1271 1288 1292 1293 1294 1295 1296 1297 1298
209 0 0 256 1130 1131 1132 1133 1134 1135 1136 12606
210 0 0 6478 6491 6499 7568 8492 8502 9198 9257 9292 9301 9303 9304 9305 9306 9307 9308
211 0 0 10537 10562 10577 10598 10604 11570 11596 11605 11617 12607 12608
212 0 0 2762 2817 3422 4907 5157 5165 5181 5191 5195 5201 5288 5304 5645 5672 5684 5687 5700 5702 5703 5704
213 0 0 1952 1953 1954 1955 1956 1957 1958 1959 1960 1961 12609 12610
214 0 0 2019 2028 2056 2080 2098 2099 2100 2101 2102 2103 2104 12611
215 0 0 1561 1567 2105 2248 3867 4576 4577 4578 4579 4580 4581 4582 4583 4584 4585 4586 12612
216 2 2 2373 3645 3657 3941 3964 3982 4502 4882 4891 4911 4912 4913 4914 4915 4916 4917 4918 4919 4920 4921 4922 4923 4924
217 0 0 11186 11187 11188 11189 11190 11191 11192 11193 11194 11195 11196 11197
218 0 0 9591 9592 9593 9594 9595 9596 9597 9598 9599 9600
219 3 3 6224 7912 7928 7942 7954 8627 8640 8668 8670 10327 10357 10372 10375 10382 10383 10384 10385 10386 10387 10388
220 0 0 6259 6270 6282 8056 8068 8078 8087 8102 8130 8141 8473 8474 8475 8476 8477 8478 8479 12613 12614
221 0 0 10167 10677 10678 10679 10680 10681 10682 10683 10684
222 0 0 2289 2296 2305 2308 4367 4371 4372 4373 4374 4375 4376 4377
223 3 3 2322 3797 5263 5272 5425 5443 5479 5530 5574 5595 5844 6687 6688 6689 6690 6691 6692 6693 6694 6695 6696 6697 6698 6699 6700
224 0 0 4062 4074 4763 6565 6567 6587 7086 7111 7131 7162 7180 7181 7182 7183 7184 7185 7186 7187 12615
225 0 0 9309 9310 9311 9312 9313 9314 9315 9316 9317 9318 9319
226 0 0 7703 7778 7784 8022 9374 9402 9459 9489 9495 9503 9516 9524 9533 9648 10344 10518 10552 10565 10566 10567 10568 10569 10570 10571 10572 10573 10574 10575 10576 12616
227 0 0 961 1222 1735 1744 1752 1753 1754 1755 1756 1757
228 0 0 4551 6229 6732 6746 6747 6748 6749 6750 6751 6752 6753
229 0 0 4960 7245 8158 8175 8176 8177 8178 8179 8180 8181
230 0 0 4746 4752 4761 4770 4773 6568 6580 6593 6598 6599 6600
231 0 0 8095 8242 9983 10006 10025 10079 10086 10112 10118 10120 10148 10155 10156 10157 10158 10159 10160 10161
232 0 0 5265 5269 5270 5271 5272 5273 5274 5275 5276
233 0 0 9792 10810 10979 10982 10983 10984 10985 10986 10987 10988
234 0 0 5 9 42 53 54 55 56 57 58 59 60 61 12617
235 2 2 2945 2974 2991 3127 3151 3425 3734 3739 3740 3741 3742 3743 3744 3745 3746 3747 3748 3749 3750 3751 3752 3753 3754
236 0 0 579 722 1182 2381 3100 3105 3113 3137 3178 3199 3204 3208 3209 3210 12618
237 4 4 10886 10892 10902 10912 10921 10923 11868 12298 12329 12338 12345 12354 12355 12356 12357 12358
238 0 0 7467 7477 7506 7509 7512 7521 7531 7633 7647 8276 8296 9232 9244 9260 9261 9262 9263 9264 9265 9266 9267 12619
239 0 0 4735 6653 6661 6909 6984 6989 6993 6994 6995 6996 6997
240 0 0 2560 2580 2586 2587 2588 2589 2590 2591 2592 2593
241 0 0 11414 11445 11453 11474 11493 11515 11527 11532 11535 11536 11537
242 0 0 4791 4800 7107 7149 7164 7165 7166 7167 7168 7169 7170 7171 7172 7173
243 0 0 702 1157 1171 1176 1183 1184 1185 1186 1187 1188 1189 1190 12620
244 0 0 1842 2548 2553 2607 8755 8758 8763 8777 8805 8812 8831 8836 8837 8838 8839 8840 12621
245 0 0 1868 1885 1895 3446 3451 3488 3498 5764 5780 5789 5795 5796
246 0 0 2327 3626 3722 3782 3792 5257 5341 5429 5460 5477 5499 5527 5528 5529 5530 5531 5532
247 2 2 4517 6623 6703 6710 6902 6913 6964 8567 8619 8631 8651 8659 8673 8683 10274 10284 10292 10293 10294 10295 10296 10297 10298 10299 10300 10301 10302 10303 10304 10305
248 0 0 8987 8994 8998 10402 10418 10420 10421 10422 10423 10424 10425
249 0 0 2561 2565 2578 2579 2580 2581 2582 2583 2584 2585
250 3 3 869 2920 2960 2984 2987 3133 3195 3214 3224 3227 3228 3229
251 0 0 5345 5346 5347 5348 5349 5350 5351 5352 5353 5354 5355 5356 12622
252 0 0 342 352 614 615 616 617 618 619 620 621
253 0 0 623 1825 4600 4610 4621 4625 4627 4628 4629 4630 4631 12623
254 0 0 5920 5921 5922 5923 5924 5925 5926 5927 5928 5929
255 0 0 3135 3146 3160 3168 3180 3187 3194 3200 3207 3210 3216 3217 4974 4984 4985 4986 4987
256 0 0 1916 3456 3457 3458 3459 3460 3461 3462 3463 3464 12624
257 0 0 2 7 43 56 62 63 64 65 66 12625 12626
258 0 0 9945 10937 10948 11872 11882 11888 12264 12297 12307 12320 12344 12352 12353 12627
259 0 0 5971 5972 5973 5974 5975 5976 5977 5978 5979 5980
260 0 0 403 413 889 2917 2921 2977 2978 2979 2980
261 0 0 4937 4963 6308 6316 6317 6318 6319 6320 6321 6322 6323 6324 6325
262 0 0 9691 10610 10614 11559 11581 11589 11602 11611 11622 11631 11633 11634 11635 11636 11637
263 0 0 11306 12125 12133 12137 12145 12161 12176 12177 12178 12179 12180
264 0 0 11621 11622 11623 11624 11625 11626 11627 11628
265 0 0 19 23 28 29 30 31 32 33 34 35 36 37 38 12628
266 0 0 2121 2807 2823 4448 4456 4464 4465 4466 4467 4468 4469 4470
267 0 0 2565 2566 2567 2568 2569 2570 2571 2572 2573 2574 2575 2576 2577
268 0 0 12482 12483 12484 12485 12486 12487 12488 12489 12490
269 0 0 1573 1948 1985 1991 1998 2011 2036 2666 2670 2680 2697 2699 12629
270 0 0 4107 6363 8001 8394 9105 9106 9107 9108 9109 9110 9111 9112
271 0 0 884 906 908 920 929 1092 2329 3476 3495 3501 3502 3503 3504 3505 3506 12630
272 0 0 3978 7749 7766 7813 9417 9541 10640 10650 10651 10652 12631
273 0 0 4641 5102 5106 5135 6936 6940 6941 6942 6943 6944 6945 6946 6947 6948
274 0 0 11899 11900 11901 11902 11903 11904 11905 11906 11907 11908 11909 11910 12632
275 0 0 9383 9401 10516 10529 10554 10571 11392 11402 11439 11491 11543 11555 11564 11590 11591 11592 11593 11594
276 4 4 11061 11973 11982 12039 12048 12072 12080 12453 12456 12472 12475 12478 12480 12481
277 0 0 2065 2066 2067 2068 2069 2070 2071 2072 2073 2074 2075 2076 12633
278 0 0 7852 7864 7885 9686 11575 11579 11598 11615 11619 12634
279 0 0 8686 8691 9570 10311 10389 10741 11346 11364 11373 11377 11378 11379 11380 11381
280 0 0 4181 4196 4234 4238 4247 6383 6515 6527 6538 6544 6545 6546
281 0 0 4477 6227 7845 7856 7865 7873 7888 8590 9632 11237 11259 11269 11276 11283 11284 12635
282 3 3 560 887 1081 3235 3667 3711 4092 4096 4097 4098 4099 4100 4101 4102 4103 4104 4105 4106
283 0 0 6122 6135 7719 7723 7724 7725 7726 7727 7728 12636
284 0 0 5793 7478 7504 7523 7616 7626 7632 7633 7634 7635 7636 7637 7638 7639 7640 12637
285 0 0 6386 6399 6404 6409 6468 6485 6497 6512 6532 6534 6535 6536 6537 6538 6539 6540 6541 6542 6543
286 2 2 6293 6300 8004 8080 8090 8116 8120 8121 8122 8123 8124 8125 8126 8127 8128 8129
287 4 4 2378 3654 3993 4489 4495 4496 4497 4498 4499 4500 4501 4502 4503 4504 4505 4506
288 0 0 4438 4794 7151 7173 8904 8911 8937 8947 8953 8954 8955 8956
289 0 0 9846 9847 9848 9849 9850 9851 9852 9853 9854 9855 9856 9857
290 3 3 629 975 2199 2207 2214 2292 2719 2730 4428 4445 8902 8915 8921 8924 8939 8941 8942 8943 8944 8945
291 0 0 1733 1734 1735 1736 1737 1738 1739 1740 1741
292 0 0 1558 1564 1902 3549 3860 3898 5349 5358 5368 5377 5383 5827 5828 5829 5830 5831 5832 5833 5834 5835 12638
293 0 0 279 285 295 434 440 770 781 784 785 786 787 788 12639
294 0 0 792 797 1834 2608 3359 3378 3394 3396 3397 3398 3399 12640
295 0 0 1048 1054 3449 3467 5353 5367 5374 5376 5377 5378 5379 5380 5381 5382 12641
296 0 0 8506 9258 9306 10045 10064 10187 10195 10202 10211 10834 10953 10959 10969 11001 11072 11075 12084 12094 12100 12101 12102 12103 12642
297 0 0 6634 6669 6683 6921 7031 7039 8768 8790 8798 8802 8803 8804
298 0 0 7520 7529 7638 7646 8337 9139 9234 9246 9264 9268 9269 9270 9271 9272 9273
299 0 0 4057 4071 4082 8063 8132 8136 8137 8138 8139 8140
300 0 0 7118 9037 10409 10433 10440 10443 10445 10446 10447 10448
301 0 0 10733 10740 10745 10765 11372 11379 11683 11687 11702 11706 11707 11708 11709 11710 11711 11712
302 0 0 549 556 564 1067 1074 1075 1076 1077 1078 1079 1080 12643
303 0 0 1136 1417 2128 2138 2139 2140 2141 2142 2143 2144 2145 2146 2147 12644
304 0 0 3776 3785 3790 5399 5400 5401 5402 5403 5404 5405
305 0 0 10187 10188 10189 10190 10191 10192 10193 12645
306 0 0 11801 12012 12287 12310 12324 12327 12363 12371 12372 12373 12374 12375 12376
307 0 0 2629 4637 5099 6940 7053 8697 8698 8699 8700 8701 8702 8703 8704
308 0 0 3562 3571 3576 5463 5508 5521 5533 5534 5535 12646
309 0 0 3940 3983 4923 5707 7745 7746 7747 7748 7749 7750 7751 7752 7753 7754
310 0 0 6221 7953 10359 10383 11428 11478 11482 11494 11495 11496
311 2 2 4689 6626 6638 6858 6892 6906 6912 6918 8429 8446 8454 8525 8597 8677 8684 8690 10238 10245 10266 10267 10273 10274 10275 10276 10277 10278 10279
312 0 0 1711 2898 2902 3243 4940 4947 4948 4949 4950 4951 4952
313 0 0 8135 8140 8211 8240 8254 10069 10082 10083 10084 10085 10086
314 0 0 252 463 485 490 491 492 493 494 495 496 497 498 12647 12648
315 0 0 4488 4498 4914 9415 9421 9422 9423 9424 9425 9426 9427 12649
316 0 0 3519 3759 3774 5400 5438 5448 5806 5815 5822 5823 5824 5825 5826
317 0 0 372 378 692 695 706 707 708 709 710 711 712 713 12650
318 0 0 8024 8031 8034 10569 11051 11977 12064 12079 12459 12470 12471 12472 12473 12651
319 0 0 288 289 290 291 292 293 12652
320 3 3 6391 6474 7988 7989 7990 7991 7992 7993 7994 7995 7996 7997 7998 7999 8000
321 0 0 1493 2615 2616 2617 2618 2619 2620 2621 2622 2623 2624 2625 2626 2627 2628 2629
322 0 0 2659 2660 2661 2662 2663 2664 2665 2666 2667 2668 2669 12653
323 0 0 214 222 223 224 225 226 227 12654 12655
324 0 0 2563 2567 2584 2625 3268 4644 5085 5091 5092 5093 5094 5095 5096 5097 5098 5099 5100 5101 5102 5103 5104
325 0 0 10180 11287 11303 11717 12121 12166 12180 12186 12196 12197 12198 12199 12200 12201 12202 12656
326 0 0 2379 3655 3994 4007 4485 4486 4487 4488 4489 4490 4491 4492 4493 4494 12657
327 0 0 7195 7201 8977 9026 9040 10411 10423 10436 10449 10453 10454
328 0 0 3165 3170 3181 3206 4979 4985 4995 4997 5007
329 0 0 312 316 326 794 1786 1787 1788 1789 1790 1791 1792 12658
330 0 0 6068 6092 6095 9490 10351 10574 11042 11046 11047 11048 11049
331 0 0 2074 2085 2086 2087 2088 2089 12659
332 0 0 4946 4952 4953 4954 4955 4956 4957 4958 4959 4960
333 0 0 8115 9758 9787 9799 9804 9812 9813 9814 9815 9816 9817 9818 12660
334 0 0 11273 11285 12173 12181 12197 12213 12223 12224 12661
335 4 4 10173 10864 11025 11034 11787 11849 11943 11944 11945 11946 11947 11948 11949 11950 11951 11952 11953 11954 11955
336 0 0 1545 6416 6441 6443 6444 6445 12662 12663
337 0 0 5141 5149 7389 7394 7413 7417 7421 7422 7423
338 4 4 6067 6085 6093 8375 9653 10335 10346 10358 10377 10679 10688 11032 11039 11040 11041 11042 11043 11044 11045
339 0 0 1149 2342 2343 2344 2345 2346 2347 2348 2349 2350 2351 2352 2353 2354 2355 2356 2357
340 0 0 2727 2732 3924 3934 9014 10464 10475 10499 10502 10503 10504 10505 12664
341 2 2 2764 3427 3748 5281 5291 5305 5317 5318 5319 5320 5321 5322 5323 5324 5325 5326 5327 5328
342 0 0 8489 9553 9715 9746 9755 10734 10754 10759 10768 10769 10770 10771
343 0 0 8085 8096 8123 8477 9097 9982 10002 10022 10031 10080 10100 10110 10114 10120 10121 10122 10123 10124 12665
344 0 0 2224 3802 3810 3852 3883 4137 4213 4311 4319 4320 4321 4322 4323 4324 4325 4326 4327 4328 4329 12666
345 0 0 7521 7522 7523 7524 7525 7526 7527 7528
346 0 0 347 1513 1526 1539 1932 1975 1995 2023 2033 2040 2041 2046 2047 2048 2049 12667 12668
347 0 0 9767 9802 9816 9822 9889 9895 10878 10896 10950 10957 10972 10980 10993 11007 11778 11795 11823 11858 11911 12367 12378 12388 12389 12669
348 2 2 2914 2941 2950 2952 2953 2954 2955 2956 2957 2958 2959 2960 2961 2962 2963 2964 2965 2966
349 0 0 4895 6217 7755 7756 7757 7758 7759 7760 7761 7762 7763 7764
350 3 3 930 1069 1093 1880 2339 3485 3489 3493 3499 3502 5767 5771 5777 5778 5779 5780 5781 5782 5783
351 2 2 6469 6490 7988 9119 9544 9561 9579 9745 10707 10717 10756 10768 10804 10816 10822 10823 10824 10825 10826 10827 10828 10829 10830
352 0 0 2585 2593 2601 2614 3255 3409 5455 5489 5501 5502 5503 5504 5505 5506
353 2 2 720 733 860 870 1637 1642 1713 3196 3213 3218 3219 3220 3221 3222 3223 3224 3225 3226
354 0 0 6967 8522 8540 8593 8675 8685 8690 8691 8692 8693 8694 8695 8696
355 0 0 950 1235 1767 1807 3355 3367 3374 3375 3376 3377
356 0 0 2391 2396 3022 3058 3064 3065 3066 3067 3068 3069 3070 3071 3072
357 0 0 2618 4300 5116 5235 5313 5329 5330 5331 5332 5333 5334 5335 5336 5337
358 0 0 414 415 416 417 418 419 420 421 422 423
359 0 0 10820 10857 10868 10894 11005 11798 11803 11815 11823 11824 11825 11826 11827 11828 11829
360 0 0 6987 6992 6997 7003 8714 8786 8799 8815 8822 8844 8852
361 0 0 87 162 265 364 365 366 367 368 369 370 371 372 12670 12671
362 3 3 2907 2908 2909 2910 2911 2912 2913 2914 2915 2916 2917 2918 2919 2920
363 0 0 665 670 1646 1660 1671 3691 4255 4258 4273 4277 4278 4279 12672 12673
364 3 3 1386 1421 1466 2132 2441 2467 2497 2500 2509 2510 2511 2512 2513 2514 2515 2516 2517 2518
365 0 0 6305 7335 7343 7349 7350 7351 7352 7353 7354 7355
366 0 0 7113 7114 7135 7168 7793 8993 8999 9000 9001 9002 9003 9004 9005 9006 12674
367 0 0 7089 7152 8877 8900 8910 8927 8932 8934 8935 8936 8937
368 2 2 4195 4231 4243 6384 6389 6454 6526 6535 6544 6818 6832 6838 6839 6840 6841 6842 6843 6844 6845 6846 6847 6848
369 0 0 3846 3847 3848 3849 3850 12675 12676
370 0 0 599 603 2407 2413 2417 2418 2419 2420 2421
371 0 0 3226 3229 3237 3246 3680 4341 4355 5023 5024 5025 5026 5027 5028 5029
372 0 0 678 683 777 813 925 946 964 1203 1212 1218 1231 1233 1234 1235 1236 1237 1238 1239 1240 1241 1242 1243 1244 1245 1246 12677
373 0 0 6555 7095 7206 7225 8228 8881 8907 8949 8965 8966 8967 8968 8969 8970 8971
374 0 0 6716 6723 6903 8561 8563 8564 8565 8566 8567 8568
375 0 0 825 1335 1352 1357 1363 1369 1370
376 0 0 3824 3837 3843 3862 3875 3886 3897 5388 5833 6523 6540 7491 7679 9151 9156 9162 9163 9164 9165 12678
377 0 0 9929 9932 9939 9944 9963 10936 10939 11017 11869 11877 11888 11889 11890 11891 11892 11893 12679 12680
378 0 0 85 86 87 88 89 90 91 92 12681 12682
379 0 0 294 301 302 303 304 305 306 12683 12684
380 0 0 7698 9408 9598 9624 9635 9649 9650 9651 9652 9653 9654 9655 9656 9657 9658 9659 9660 9661
381 0 0 9797 9813 9820 9915 11763 11959 11986 11991 11992 11993 11994 11995 11996 11997 11998 11999 12000 12685
382 0 0 10909 10944 11691 11883 12241 12259 12264 12265 12266 12267 12268 12269 12270 12271 12686
383 0 0 2543 2550 2551 2552 2553 2554 2555 2556 12687
384 0 0 8118 9764 9779 9780 9781 9782 9783 9784 9785
385 0 0 7842 7875 9626 9669 9682 9688 9695 9696 9697 9698 12688
386 0 0 1030 1042 3818 3832 3838 3839 3840 3841 3842 12689 12690
387 0 0 829 1331 1349 1364 1377 2445 3296 3315 3322 3331
388 0 0 2138 2154 2185 3946 3954 3961 3969 3973 3974 3975 12691
389 0 0 1571 1942 1943 1944 1945 1946 1947 1948 1949 1950 1951 12692
390 0 0 310 314 319 320 321 322 323 324 325 326 327 12693
391 0 0 6503 7660 7667 7668 7669 7670 7671 7672 7673 7674 7675 7676
392 0 0 6034 6333 8329 8358 9328 10139 11079 11125 11136 11140 11142 11143 11144 11145 11146 11147 11148
393 0 0 3927 3932 3938 3957 3971 4774 4775 4776 4777 4778 4779
394 0 0 6148 9728 9790 9827 10787 10881 10888 10906 10916 10922 10923 12694 12695
395 0 0 9388 9396 9411 9601 9639 10365 10514 10522 10523 10524 10525 10526 10527 10528 10529 10530
396 0 0 6120 6126 6133 6139 6140 6141 6142 6143 6144 6145 12696
397 0 0 6728 6743 8647 8658 9384 9389 9390 9391 9392 9393 9394 9395 9396
398 2 2 6385 6392 6470 6479 6513 6534 6838 7989 8424 8461 8469 8518 8544 9200 9544 9545 9546 9547 9548 9549 9550 9551 9552 9553 9554 9555 9556
399 0 0 10935 12010 12025 12285 12301 12321 12375 12401 12411 12416 12420 12421 12422 12423 12424 12425
400 0 0 1618 1628 1645 1658 2826 2833 2834 2835 2836 2837 2838 2839 2840 2841
401 0 0 10580 10581 10582 10583 10584 10585 12697 12698
402 0 0 3912 3977 6130 6138 7745 7802 7803 7804 7805 7806 7807 7808 7809 12699 12700
403 2 2 3662 3985 4308 4491 4495 4591 4912 5121 5637 5651 5652 5653 5654 5655 5656 5657 5658 5659
404 0 0 262 268 269 270 271 272 273 274 12701
405 0 0 4972 6037 6311 6319 6332 8328 8329 8330 8331 8332 8333
406 0 0 11350 11666 11680 11698 11699 11700 11701 11702 11703 11704 11705
407 2 2 8625 8645 8663 8667 9376 10322 10354 10356 10367 10378 10386 10398 10508 11423 11446 11464 11475 11476 11477 11478 11479 11480 11481
408 0 0 3816 3827 3828 3829 3830 3831 3832 3833 3834 3835 3836 3837
409 0 0 8112 9101 9782 9846 9859 9874 9875 10005 10024 10035 10037 10038 10039 10040 10041 12702
410 0 0 4023 6048 7798 8012 8013 8014 8015 8016 8017 8018 8019 8020 8021 8022 8023 8024 12703
411 3 3 5770 5776 5783 5794 5796 5802 5808 5812 5821 5826 6348 6358 7480 7505 7614 7615 7616 7617 7618 7619 7620 7621 7622 7623 7624
412 0 0 2810 4450 4466 5197 7192 7196 8984 9024 9028 9039 9040 9041
413 0 0 4129 6065 6079 6086 6087 6088 6089 6090 6091 6092
414 0 0 4028 4034 4480 4545 4546 4547 4548 4549 4550 4551 4552 4553 4554 12704 12705
415 0 0 4020 4076 7130 7184 8020 8025 8026 8027 8028 8029 8030 8031 12706
416 0 0 1523 4528 6415 6422 6440 6708 8560 8564 11263 11271 11281 12156 12174 12187 12217 12219 12221 12225 12707
417 0 0 2863 2885 4744 4929 7236 7262 7274 7292 7299 7300 7301 7302 7303 7304 12708
418 0 0 4085 5989 5997 7140 8253 8261 11057 11058 11059 11060 11061
419 0 0 1501 1511 1512 1513 1514 1515 1516 1517 1518 1519 1520 1521 1522 1523 1524 1525 12709
420 0 0 5142 5148 7399 7423 7428 7435 7441 7442 7443 7444
421 0 0 341 615 1510 1536 1542 1550 1551 1552 1553 12710
422 0 0 1683 1687 2935 2968 3563 3584 5857 5871 5877 5881 5882 5883
423 0 0 217 224 235 236 237 238 12711
424 0 0 2717 4759 4762 4763 4764 4765 4766 4767 4768 4769 4770 12712
425 0 0 8475 10093 10115 11111 11120 11191 11211 11218 11219 11220 11221 12713
426 0 0 3718 3737 3739 5260 5293 5327 5340 5528 5620 5626 5851 5861 5862 5863 5864
427 2 2 161 168 374 672 685 711 1691 1700 2912 2923 2930 2938 2946 2947 2948 2949 2950 2951
428 0 0 6372 8003 9106 9117 9353 9773 9857 9860 9869 9901 9908 9909 9910 9911 9912 9913 9914
429 0 0 2866 4252 4264 4270 4925 7237 7276 7283 7290 7295 7303 7305 7306 7307
430 1 1 4109 5591 5981 6016 6109 6369 7548 7557 8386 8554 9108 9118 9313 9322 9333 9338 9342 9343 9344 9345 9346
431 0 0 6707 6709 6721 6856 6885 6887 6899 6900 6901 6902 6903 6904 6905 6906
432 0 0 1044 1045 1046 1047 1048 1049 1050 1051 12714
433 0 0 6273 6290 6299 8088 8117 8120 9798 9815 9915 9916 9917 9918 9919 9920 12715
434 0 0 5586 6074 6101 7939 7975 8376 8393 9584 10325 10332 10347 10355 10374 10375 10376 10377 10378
435 0 0 3560 3577 3612 5467 5525 5535 5539 5542 5545
436 0 0 466 490 1392 1408 1413 1425 1430 1444 1452 1459 1460 1461 1462 1463 1464 1465 1466 1467 12716
437 0 0 7528 7623 7634 7644 8273 8292 8294 8297 8304 8305 8306 8307
438 0 0 913 1689 1695 2330 2932 2939 3473 3505 3570 3586 3591 3592 3593 3594 3595 3596 3597 3598
439 0 0 7832 7891 7901 7902 7903 7904 7905 7906 7907 7908 7909 7910 7911 12717
440 0 0 2002 2686 4285 4731 6630 6643 6644 6645 6646 6647 6648 6649 6650
441 0 0 1491 1492 1493 1494 1495 1496 1497 1498 1499 1500
442 0 0 1037 1038 1039 1040 1041 1042 1043 12718 12719
443 4 4 9643 9658 10316 10339 10353 10363 10509 10690 11314 11317 11318 11319 11320 11321 11322 11323 11324 11325 11326 11327
444 0 0 12291 12357 12360 12374 12391 12399 12411 12412 12413 12414 12415
445 0 0 9927 9938 10932 11018 11880 11890 12065 12300 12302 12349 12353 12409 12420 12435 12437 12443 12445 12720
446 0 0 11657 11740 12205 12231 12242 12248 12262 12483 12492 12495 12496 12497 12498 12499
447 0 0 93 94 95 96 97 98 99 12721
448 0 0 1139 1151 2354 2482 2797 2798 2799 2800 2801 2802 2803 2804 2805 2806 2807 2808 2809
449 0 0 6165 6181 6195 6205 6209 8480 9702 9707 9710 9719 9733 9734 9735 9736 9737 9738 9739 9740 9741 9742 9743 9744 12722
450 0 0 10232 10233 10234 10235 10236 10237 10238 10239 10240 10241 10242 10243
451 0 0 811 878 904 911 919 920 921 922 923 924 925 926 927 928 12723
452 0 0 10231 10728 11295 11297 11669 11701 11724 11731 11735 12129 12135 12136 12137 12138 12139 12140 12141 12142
453 0 0 1105 1110 2870 2877 2889 4736 4840 4852 6552 6581 7238 7257 7275 7300 7308
454 0 0 1519 2059 2083 2090 2091 2092 2093 2094 2095 2096 2097
455 0 0 6295 8008 8104 8105 8106 8107 8108 8109 8110 8111 8112 8113 8114 8115 8116 8117 8118 8119 12724
456 0 0 4036 4037 4038 4039 12725 12726
457 0 0 3984 4889 4913 7751 7765 9412 9413 9414 9415 9416 9417 9418 9419 9420 12727
458 0 0 90 131 145 155 169 367 373 374 375 376 377 378 12728
459 0 0 646 1588 1595 1620 1639 1651 1656 1663 2828 2837 2842 2843 2844 2845 2846 12729
460 0 0 1035 2221 2222 2223 2224 12730
461 0 0 4483 4552 6433 8574 8578 8583 8584 8585 8586 12731
462 0 0 2588 2613 5469 5502 5550 5552 5553 5554
463 0 0 7514 7525 7529 7530 7531 7532 7533 7534
464 3 3 2334 2915 2942 2956 2975 2998 3126 3743 3758 4337 4344 4345 4346 4347 4348 4349 4350 4351 4352
465 0 0 11315 11326 11665 11676 11704 12128 12140 12151 12203 12229 12490 12499 12507 12508 12511 12512
466 0 0 3884 4136 4185 4216 4310 4321 5955 6160 6168 6202 6210 6213 6395 8495 9699 9700 9701 9702 9703 9704 9705 12732
467 0 0 10904 10918 11694 11811 11838 11856 11862 11866 12299 12316 12330 12335 12340 12358 12359 12733
468 0 0 39 63 851 2741 4283 5727 5739 12734
469 0 0 4021 6050 7124 7137 7146 7797 8016 8025 8032 8033 8034
470 0 0 6265 6271 6277 6285 6292 8066 8086 8093 8100 8101 8102 8103 12735
471 0 0 7899 7906 9617 9628 9940 9946 9947 9948 9949 9950 12736
472 0 0 6147 9723 9728 9729 9730 9731 9732 12737
473 0 0 11767 11782 11953 11958 11996 12001 12002 12003 12004 12005 12006 12007 12008
474 0 0 6116 6128 6145 6146 7720 7723 7729 7742 7744 12738
475 0 0 9936 11870 11875 11876 11877 11878 11879 11880 11881 12739
476 0 0 5790 7470 7474 7475 7476 7477 7478 7479 7480 7481 7482 7483
477 2 2 572 581 590 650 1116 1122 2266 2738 3110 4364 4801 4819 6548 7090 7091 7092 7093 7094 7095 7096 7097 7098
478 0 0 6152 6153 6154 6155 6156 6157 6158 6159 6160 6161 12740
479 0 0 6083 7776 9367 9368 9369 9370 9371 9372 9373 9374 9375 9376 9377
480 0 0 4806 4807 4808 4809 4810 4811 4812 4813 4814 4815 4816 4817 4818
481 0 0 8267 8278 8283 8316 8323 9237 9261 11095 11116 11119 11163 11174 11175 11176 11177 11178 12741
482 0 0 4875 4900 4902 4903 4904 4905 4906 4907 4908 4909 4910
483 0 0 9004 10400 10417 10424 10427 10431 10439 10460 10470 10478 10493 10494 10495
484 0 0 4141 4142 4143 4144 4145 4146 4147 4148 4149 4150 12742 12743
485 0 0 2309 2310 2311 2312 2313 2314 2315 2316 2317 2318 2319 2320
486 0 0 2144 3643 3652 3659 3942 3960 3974 3981 4911 5647 5657 5661 5693 5706 5707 5708 5709 5710 12744
487 0 0 4052 4053 4054 4055 4056 4057 4058 12745
488 0 0 8011 9763 9772 9784 9849 9858 9868 9869 9870 9871 9872 9873 9874
489 0 0 84 100 244 527 538 971 1002 1009 1011 1017 1022 1023 12746
490 0 0 4939 5032 6303 6329 7249 7266 7285 7310 7336 7346 7352 8147 8154 10102 11085 11097 11102 11103 11104
491 2 2 1142 1153 1307 1384 2119 2134 2428 2436 2451 2458 2464 2465 2466 2467 2468 2469 2470 2471 2472 2473
492 0 0 7705 7833 7836 7894 7908 9397 9623 9650 9678 9921 9922 9923 9924 9925 9926 9927 9928 9929 12747
493 0 0 2373 2374 2375 2376 2377 2378 2379 12748
494 3 3 1103 1112 1584 1602 1609 2710 2857 2873 2876 2877 2878 2879 2880 2881 2882 2883
495 0 0 1416 2124 2127 2142 2149 3646 3649 3650 3651 3652 3653
496 0 0 4041 4045 4046 4047 4048 4049 4050 4051 12749
497 0 0 12446 12447 12448 12449 12450 12451 12452 12453 12750
498 0 0 2377 3656 4004 4485 4504 4587 4588 4589 4590 4591 4592 4593 12751
499 0 0 2108 3826 3863 3866 3887 3894 3895 3896 3897 3898 12752
500 0 0 6366 8001 8002 8003 8004 8005 8006 8007 8008 8009 8010 8011
501 0 0 10041 10053 10060 10068 10964 11062 11068 11071 12082 12092 12093 12094 12095 12096
502 0 0 16 24 47 68 72 137 151 187 382 396 559 847 4280 7579 7599 7608 7613 12753
503 0 0 10772 10773 10774 10775 10776 10777 10778 10779 10780 10781 10782 10783 12754
504 3 3 4299 4516 4698 6616 6629 6649 6654 6701 6857 6893 6898 6905 6907 6908 6909 6910 6911 6912 6913 6914 6915 6916 6917
505 0 0 2668 2682 2698 6662 6675 6678 6685 6896 7000 8775 8808 8811 8821 8829 8830 8831 12755
506 0 0 4343 4352 4362 6344 6346 6357 8301 8311 8326 10125 10126 10127 10128 10129 10130
507 0 0 9840 9897 10823 10831 10840 10851 10852 10853 10854 10855 10856 10857 10858
508 0 0 7801 8018 9466 9474 9497 9515 9516 9517 12756
509 2 2 250 495 516 1305 1313 1385 1412 2135 2168 2180 2430 2450 2463 2469 2477
510 3 3 4130 6058 6081 6090 6096 7780 8015 9375 9462 9479 9484 9485 9486 9487 9488 9489 9490 9491 9492
511 4 4 1848 2559 2587 2609 3271 5547 5552 6949 6956 8737 8756 8779 8810 8827 8834 8838 8845 8846
512 0 0 4306 5112 5208 5222 5230 5231 5232 5233 5234 5235 5236 5237
513 0 0 3881 4240 4314 4328 4330 4331 4332 4333 4334 4335
514 0 0 6561 6571 7181 8857 8865 8870 8871 8872 8873 8874 12757
515 0 0 7026 7059 7973 8702 8705 8706 8707 8708 8709 8710
516 0 0 5153 5171 5206 5214 5223 5224 5225 5226 5227 5228 5229
517 0 0 6267 6274 6286 6287 6288 6289 6290 6291 6292 6293 12758
518 0 0 3900 3921 3928 3949 3953 3954 3955 3956 3957 3958 3959 12759
519 0 0 7835 7841 7904 9662 9671 9672 9673 9674 9675 9676 9677 9678 9679 12760
520 0 0 4699 5556 8417 8433 8444 8448 8455 8456 8457 8458 8459 8460
521 0 0 4093 4102 7610 7629 7653 7657 8269 8286 8288 8289 8290 8291 8292 12761
522 0 0 1555 1566 1903 3528 3541 3542 3543 3544 3545 3546 3547 3548 3549 3550 3551 3552 12762
523 0 0 1579 1587 1588 1589 1590 1591 1592 1593 12763
524 0 0 9726 9742 10786 10800 10807 10985 10990 10997 11755 11756 11757 11758 11759 11760
525 0 0 1061 1871 1878 1884 1893 1894 1895 1896 12764
526 0 0 1479 1490 2631 4288 4520 4532 4540 4541 4542 4543 4544 12765
527 0 0 89 112 128 156 162 163 164 165 166 167 168 169 170 171 12766
528 0 0 283 430 443 444 445 446 447 448 449 12767
529 0 0 3813 3833 3877 3888 4173 4186 4187 4188 4189 4190 4191
530 0 0 393 717 837 856 857 858 859 860 861 862 863 864
531 3 3 5356 5380 5389 5392 5792 5798 5817 5831 7460 7697 9125 9152 9156 9157 9158 9159 9160 9161
532 0 0 2780 2805 4397 4398 4399 4400 4401 4402 4403 4404 4405 4406
533 0 0 4027 4033 6234 6726 6749 6756 7859 7883 7889 9379 9437 10535 10563 11542 11566 11580 11592 11595 11596 11597 11598 11599 11600 12768
534 1 1 6073 6097 6374 8373 8378 8388 9113 9557 9902 9912 10678 10698 10718 10839 10861 11030 11043 11362 11791 11946 11962 11966 11967 11968 11969 11970 11971 11972
535 0 0 92 261 262 263 264 265 266 267 12769 12770
536 0 0 1692 1701 2340 2911 2931 2934 2935 2936 2937 2938 2939 2940 2941 2942 2943 2944 2945
537 0 0 3703 4262 4269 4270 4271 4272 4273 4274 4275 4276
538 0 0 529 536 632 968 1014 1022 2211 2718 2730 2731 2732 2733 2734 12771
539 1 1 5581 5594 6100 6694 6970 7062 7070 7546 7558 7978 8370 8383 8389 8520 8531 8535 8547 8551 9339 9345 9564 9573 9580 9584 9585 9586 9587 9588 9589 9590
540 0 0 6125 7711 7712 7713 7714 7715 7716 7717 7718 7719 7720 7721 7722 12772 12773
541 0 0 4036 8038 8041 9828 9829 9830 9831 9832 9833 9834 12774 12775
542 0 0 1031 1039 1046 1056 3434 3435 3436 3437 3438 3439 3440 3441 12776 12777
543 0 0 7773 9419 10627 10638 10648 10652 10665 11386 11406 11433 11448 11467 11502 11507 11509 12778
544 0 0 353 2736 4815 4821 4832 4858 4861 4862 4863 4864 12779
545 0 0 8379 9587 10317 10332 10333 10334 10335 10336 10337 10338 10339 10340 10341 10342
546 0 0 7714 10538 10555 10589 10593 10594 10595 10596 10597 10598 10599 12780 12781
547 0 0 9687 10615 11563 11576 11584 11585 11586 11587 11588 11589
548 0 0 595 2262 2385 2411 2414 2418 3104 3105 3106 3107 3108 3109 12782
549 0 0 359 360 361 362 363 12783 12784
550 0 0 423 566 567 568 569 570 571 572 573 574 575
551 0 0 2229 3811 3817 3846 3854 4040 4048 4138 4205 4212 4323 5926 5941 5945 5950 5962 5964 5965 5966 5967 12785 12786
552 0 0 4696 5557 5572 5601 6693 6975 7064 7073 8458 8510 8527 8530 8531 8532 8533 8534
553 0 0 2577 3259 5036 5037 5038 5039 5040 5041 5042 5043 5044
554 0 0 2818 4868 4869 4870 4871 4872 4873 4874 4875 4876
555 0 0 3590 3598 3608 3617 3624 3634 3637 3721 3765 3766 3767 3768 3769
556 0 0 8428 8429 8430 8431 8432 8433 8434 8435 8436 8437 8438
557 0 0 2751 2791 5306 5320 5992 6003 6015 6023 6108 7109 7145 7174 7175 7176 7177 7178 7179
558 0 0 9318 9329 9351 9360 9366 10013 10058 10062 11160 11167 11170 11179 11180 11181 11182 11183 11184 11185
559 4 4 8161 8181 8196 8235 9998 10070 10082 10088 10105 10116 10142 10143 10144 10145 10146 10147 10148 10149 10150 10151
560 2 2 6484 6506 6543 7567 8368 8462 8519 8542 8552 9120 9199 9201 9545 9562 9575 9577 9578 9579 9580 9581
561 0 0 301 307 308 309 310 311 312 313 12787 12788
562 0 0 737 1455 1473 1716 1717 1718 1719 1720 1721 12789
563 0 0 9850 9879 10037 10052 11065 11067 11068 11069 12790
564 0 0 7834 7836 7837 7838 7839 7840 7841 12791 12792
565 0 0 105 106 107 108 109 110 111 112 113 114 115 116 117
566 0 0 6463 6786 6812 6813 6814 6815 6816 6817 6818 6819 6820 6821 6822 6823
567 0 0 7698 7699 7700 7701 7702 7703 7704 7705 7706 7707 7708 7709 7710
568 0 0 26 33 187 188 189 190 191 192 193 194
569 2 2 4124 6055 6075 6086 6094 6103 7147 8374 8391 11041 11048 11059 11963 11966 11975 11980 11981 11982 11983 11984
570 0 0 6243 6250 6256 6260 6284 8052 8066 8067 8068 8069 8070 8071 8072 8073
571 0 0 1524 2024 2029 2046 2050 2051 2052 2053 2054 2055 2056 12793 12794
572 0 0 2256 4178 4192 4223 4227 4228 4229 4230 4231 4232 4233 4234 4235
573 0 0 1712 2894 3222 3244 4938 4950 4969 5028 5030 5031 5032 5033 5034 5035
574 0 0 7058 8703 8706 8716 8771 8788 8796 8815 8816 8817 8818 8819
575 0 0 7099 7126 7134 7169 8992 9000 10403 10416 10426 10427 10428 10429
576 0 0 2249 4158 4581 6802 6826 6836 8398 8601 8607 8615 10233 10250 10251 10252 10253 10254 10255
577 0 0 2319 2325 5259 5277 5278 5279 5280 5281 5282 5283
578 0 0 1134 1310 1411 2113 2114 2115 2116 2117 2118 2119 2120 2121 2122 2123 2124 2125
579 0 0 2541 4165 6771 6792 6793 6794 6795 6796 6797 6798 6799 12795
580 0 0 3276 3281 5041 5074 5217 5233 5252 5680 5695 7369 7374 7381 7393 7408 7416 7418 7419 7420
581 0 0 9935 11878 11886 11894 12346 12348 12410 12439 12442 12444 12796
582 0 0 8317 8321 9239 9358 11098 11162 11163 11164 11165 11166 11167 11168
583 0 0 7886 9667 9685 10581 10587 10601 10619 11571 11578 11588 11614 11618 11619 12797 12798
584 0 0 11992 12019 12027 12052 12056 12397 12402 12418 12423 12426 12427 12428
585 0 0 6730 6735 6759 9390 9435 9436 9437 9438 9439 9440 9441 9442 9443 12799
586 4 4 2323 5262 5273 5278 5330 5583 5594 5595 5596 5597 5598 5599 5600 5601 5602 5603 5604 5605 5606 5607
587 0 0 8479 10077 10097 10109 10113 10114 10115 10116 10117 10118 10119
588 3 3 1050 3443 3466 3490 5378 5385 5769 5781 5784 5785 5786 5787 5788 5789 5790 5791 5792 5793 5794
589 0 0 7014 8699 8711 8718 8722 8723 8724 8725 8726 8727 8728
590 0 0 7912 7913 7914 7915 7916 7917 7918 7919 7920 7921 7922 7923 7924 7925 7926
591 3 3 3806 3885 4325 4334 6407 6492 7489 7497 9141 9142 9143 9144 9145 9146 9147 9148 9149
592 0 0 4118 5975 5987 5995 6362 8208 8234 9111 9968 9985 9993 9994 9995 9996 9997 9998
593 0 0 1137 1138 1139 1140 1141 1142 1143 1144
594 0 0 680 815 915 922 1686 1693 1694 1695 1696 1697 1698 1699 1700 1701
595 0 0 9705 9709 9717 9738 10785 10797 10808 11757 11906 11924 11928 11929 11936 11937 11938
596 0 0 1727 1804 1813 1818 3389 5144 7406 7427 7438 7442 7454 7458 7459
597 0 0 7219 8218 9049 9069 9078 9083 9084 9085
598 0 0 6272 6289 6298 8108 9797 9798 9799 9800 9801 12800 12801
599 3 3 1484 1923 1936 2008 2630 4284 4285 4286 4287 4288 4289 4290 4291 4292 4293 4294 4295 4296 4297 4298 4299
600 0 0 1631 1653 1659 1666 2825 2826 2827 2828 2829 2830 2831 2832
601 0 0 5851 5852 5853 5854 5855 5856 5857 5858 5859 5860
602 0 0 1554 1555 1556 1557 1558 1559 1560 1561 1562 1563 12802
603 0 0 11748 11753 12261 12484 12491 12496 12500 12501 12502 12803
604 0 0 1339 1356 1362 1369 1375 1389 2422 2435 2436 2437 2438 2439 2440 2441
605 0 0 4571 4688 5560 5570 6923 7030 7043 7066 7069 7080 7081
606 0 0 12120 12157 12170 12189 12192 12202 12209 12210 12216 12217 12218
607 0 0 661 3672 3687 4278 5723 5740 5741 5742 5743 12804 12805
608 0 0 7998 10214 10970 11010 11076 11905 11915 11922 11930 11933 11934 11935
609 0 0 605 2389 2395 2406 2420 3028 3070 3076 3086 3087 3088 3089 3090 3091 3092
610 4 4 3520 5820 5824 6347 7519 7620 7636 7645 8299 8306 8310 8334 8335 8336 8337 8338 8339 8340 8341 8342 8343 8344
611 0 0 6186 6193 6461 6773 6774 6775 6776 6777 6778 6779 6780 6781 12806
612 0 0 6185 6198 6204 6457 6779 8480 8481 8482 8483 8484 8485 8486 8487 8488 8489
613 4 4 4312 4319 6396 6401 6467 6498 6539 7996 8490 8491 8492 8493 8494 8495 8496 8497 8498 8499 8500
614 0 0 6715 6770 6797 6811 8559 8566 10182 10230 12119 12148 12156 12157 12158 12159 12160 12807
615 3 3 9833 10891 10911 11897 12286 12303 12332 12334 12339 12342 12350 12356 12359 12376 12392 12407 12412 12422 12440 12441 12443 12444
616 0 0 4026 4030 4031 4032 4033 4034 4035 12808 12809
617 0 0 2525 3032 3037 3072 3088 3190 3294 3312 3320 3324 3325 3326 3327 3328 3329
618 0 0 78 102 197 204 230 246 247 986 1004 1007 1008 1009 1010 12810 12811
619 0 0 2013 2063 2072 2078 2094 2676 2684 2693 4284 6647 6705 6720 6853 6879 6883 6886 6887 6888
620 0 0 7722 7728 7734 7743 7744 9447 10632 10649 10660 10661 10662 10663 12812
621 0 0 4585 6861 6867 6930 8395 8396 8397 8398 8399 8400 8401 8402 8403
622 0 0 4318 4329 4335 6377 6398 6400 6401 6402 6403 6404
623 0 0 9948 10941 11747 12228 12234 12235 12236 12237 12238 12239 12240 12241 12242 12243 12244
624 0 0 7572 7573 7574 7575 7576 7577 7578 7579 12813
625 0 0 948 1764 1773 2642 2652 2655 3372 5043 5048 5055 5068 5078 5240 7404 7430 7446 7449 7453 7456
626 0 0 10910 12265 12294 12318 12333 12338 12339 12340 12341 12814
627 0 0 1033 1038 3438 3803 3840 3853 3873 5386 7472 7481 7484 7485 7486 7487 7488 7489 7490 7491 7492 7493 7494 12815
628 0 0 9722 10812 10984 10989 11755 11900 11916 11917 11918 12816
629 0 0 106 158 165 406 679 808 874 900 905 917 926 935 936 937 938 939 940
630 0 0 635 636 637 638 639 640 12817 12818
631 0 0 28 122 129 167 184 809 873 882 904 905 906 907 12819
632 0 0 7542 7552 7569 9182 9203 9219 9222 9223 9224 9225 9226
633 0 0 4117 5977 5986 5992 5993 5994 5995 5996 5997 5998 5999 6000 6001 6002
634 0 0 475 483 827 1331 1332 1333 1334 1335 1336 1337 1338 1339
635 0 0 2195 3907 3919 3931 3956 4774 7823 10463 10481 10490 10498 10500 10501 10502
636 0 0 1934 1941 1951 1957 1965 1983 1984 1985 1986 1987 1988 1989 12820
637 0 0 6772 6781 6791 6799 6807 10225 10226 10227 10228 10229 10230 10231 12821
638 3 3 415 1125 1147 2344 2363 2784 2995 3002 3003 3004 3005 3006 3007 3008 3009 3010 3011 3012 3013 3014 3015
639 0 0 1586 1593 1597 1606 1612 2259 2849 2852 2853 2854 2855 2856 2857 2858 2859 12822
640 0 0 1028 1104 2714 4750 4753 4754 4755 4756 4757 4758 4759 4760 4761 12823
641 0 0 7467 7468 7469 7470 7471 7472 7473 12824
642 0 0 11084 11090 11154 11165 11169 11174 11196 11203 11207 11225 11229 11231 11232 11233
643 2 2 3282 5174 5199 5216 5643 5654 5676 5689 5691 5692 5693 5694 5695 5696 5697
644 0 0 333 343 344 345 346 347 348 349 350 351 352 12825
645 0 0 5637 5638 5639 5640 5641 5642 5643 5644 5645 5646 5647 5648 5649 5650
646 0 0 10924 10925 10926 10927 10928 10929 10930 10931 10932 10933 10934 10935 10936 10937 10938
647 0 0 10305 10310 10315 10328 10361 10392 10397 11308 11321 11330 11333 11334 11335 11336 11337
648 0 0 10217 10974 11002 11074 11908 11913 11921 11934 11939 11941 12826
649 0 0 880 885 903 907 916 919 929 930 931 932 933 934 935
650 0 0 10186 11305 11722 12123 12143 12168 12176 12191 12199 12210 12211
651 0 0 210 249 250 251 252 253 254 255 256 257 258 259 260 12827
652 0 0 909 3477 3504 3555 3572 3580 3588 3596 3609 3633 3635 3636 3637 12828
653 0 0 3517 5345 5362 5375 5382 5395 5412 5419 5420 5421 5422
654 0 0 9835 9836 9837 9838 9839 9840 9841 9842 9843 9844 9845
655 0 0 3461 3479 3507 3508 3509 3510 3511 3512 3513 3514 3515 3516 3517
656 0 0 1255 2263 2279 2361 2453 2484 2489 2492 3102 3106 3115 3117 3175 3301 3314 3334 3340 3342 3343 3344 12829
657 0 0 8107 9766 9780 9786 9787 9788 9789 12830
658 0 0 631 7084 8875 8898 8913 8920 8924 8925 8926 8927 8928 12831
659 0 0 4931 7254 7281 7289 7306 7322 7338 7359 7364 8147 8148 8149 8150 8151 8152
660 0 0 251 497 513 995 1283 1289 1302 1313 1314 1315 1316 1317 1318 1319 1320 1321 1322 1323
661 3 3 4022 4120 6048 6049 6050 6051 6052 6053 6054 6055 6056 6057 6058 6059 6060 6061 6062 6063
662 0 0 8507 9255 9305 10065 10188 10194 10195 10196 10197 10198 12832
663 0 0 5561 6500 7673 8418 8435 8456 8463 8468 8514 8528 8533 8541 8542 8543 8544 8545
664 0 0 594 595 596 597 598 599 12833
665 0 0 8035 9811 9823 9824 9825 9826 9827 12834 12835 12836
666 0 0 997 1260 1274 1275 1276 1277 1278 1279 1280 1281 1282 1283 1284 1285
667 0 0 11390 11398 11404 11413 11421 11442 11449 11465 11466 11467 11468 11469 11470
668 0 0 3916 6119 6129 6130 6131 6132 6133 6134 6135 12837
669 0 0 328 329 330 331 332 12838
670 3 3 5974 6007 6018 6028 6334 8164 8195 8209 8236 8245 8355 9086 9092 9095 9320 9996 10008 10146 10152 10153 10154
671 0 0 1562 3858 3895 5832 5838 6504 6517 6525 6927 7661 7668 7677 7678 7679 7680 7681 7682 7683 7684
672 0 0 2422 2423 2424 2425 2426 2427 2428 2429 2430 2431 2432 2433 2434 12839
673 0 0 3676 3682 3688 5736 5742 5744 5748 5749 5750 5751 5752 5753 5754
674 0 0 1899 1909 1915 1916 1917 1918 1919 1920 1921 12840
675 3 3 3464 3472 3487 3492 3496 3500 3506 5355 5370 5373 5381 5391 5393 5408 5419 5433 5778 5786 5797 5798 5799 5800 5801 5802
676 0 0 399 834 843 893 2977 2989 3236 3663 3664 3665 3666 3667 3668 3669 3670
677 4 4 2355 2768 2787 3423 4962 6008 6022 6032 6312 6324 6336 7175 8192 9053 9081 9087 9090 9094 9095 9096
678 0 0 7209 7223 8168 8185 8218 8219 8220 8221 8222 8223
679 0 0 3527 6042 8343 8350 8360 9309 9325 9331 9335 10132 10140 11130 11133 11146 11158 11159
680 0 0 1049 1053 3448 3458 3465 3466 3467 3468 3469 3470 3471 3472 12841
681 0 0 2635 2649 5051 5244 5458 5488 5500 5510 5517 5518 5519 5520
682 0 0 3518 3519 3520 3521 3522 3523 3524 3525 3526 3527
683 0 0 807 1838 1845 1859 3270 3392 3414 4598 4607 4617 4623 4624 4625 4626
684 0 0 699 709 1163 1167 1177 1178 1179 1180 1181 1182 12842
685 0 0 8682 10300 10314 10390 11333 11349 11357 11381 11382 11383
686 0 0 7739 7782 7783 7784 7785 7786 7787 7788 7789 7790
687 0 0 7709 9399 9612 9642 10605 11610 11628 11636 11639 11642 11644 11647 11650 12843
688 3 3 332 1496 3991 4000 4013 4492 4503 4649 4666 4681 4718 6607 7023 7051 7918 7955 7956 7957 7958 7959 7960
689 0 0 6151 6162 9725 9731 9734 9796 10772 10784 10785 10786 10787 10788 10789 10790 10791 10792 10793 10794 10795 10796 12844
690 0 0 1044 1055 1062 1869 3437 3444 3451 3452 3453 3454 3455 12845 12846
691 0 0 4680 6620 6958 6959 6960 6961 6962 6963 6964 6965
692 0 0 9443 10545 10655 10668 11407 11514 11524 11531 11533 11534 12847
693 3 3 6483 7564 9115 9355 9558 9577 9842 9884 9899 9911 10049 10067 10720 10824 10832 10839 10840 10841 10842
694 0 0 2228 2233 2242 3814 3827 3870 3893 4175 4189 4199 4203 4204 4205 4206 4207 4208 4209 12848
695 0 0 10177 10934 11024 11820 11830 11844 11949 12280 12283 12304 12311 12312 12313 12314
696 0 0 2125 2137 2152 3644 3649 3951 3962 4454 4459 4460 4461 4462 4463
697 0 0 39 40 41 42 43 44 45 46 47 48 49 50 51 52
698 0 0 387 411 548 554 562 898 1068 1076 1081 1082 1083 1084 1085 1086 1087
699 0 0 11802 11803 11804 11805 11806 11807 11808 11809 11810 11811 11812 11813 11814
700 0 0 1128 2345 2367 2788 3012 4420 6036 9054 9060 9073 9079 9089 9094
701 3 3 9556 9567 9576 9581 9583 9590 10711 10738 10744 10757 11345 11359 11371 11372 11373 11374 11375 11376
702 0 0 9964 10928 11016 11892 12009 12022 12057 12066 12408 12424 12427 12433 12434 12445
703 3 3 1557 1905 3548 4573 5348 5357 5396 5424 5537 5564 5827 5836 5837 5838 5839 5840 5841 5842 5843
704 0 0 7540 7561 8335 8351 9121 9224 9228 9285 9298 9319 9337 9343 9354 9357 9364 9365 9366
705 0 0 11772 11781 11792 11956 11993 12005 12018 12370 12382 12385 12394 12396 12397 12398
706 2 2 728 1704 2961 3000 3098 3129 3179 3197 3209 3211 3212 3213 3214 3215 3216
707 0 0 474 476 477 478 479 480 481 482 483 12849
708 0 0 6301 6335 8155 8191 8331 8362 9096 10106 10144 10152 11077 11078 11079 11080 11081 11082 11083 11084 11085 11086 11087 11088 11089
709 0 0 10321 10341 10393 11336 11347 11353 11358 11380 11382
710 0 0 10130 10137 10141 11123 11132 11133 11134 11135 11136 11137 11138
711 0 0 2067 2704 4555 4556 4557 4558 4559 4560 4561 12850
712 3 3 6815 6847 8423 8431 8440 8471 8524 8598 8688 8695 9552 9572 9582 10269 10273 10289 10727 10739 10741 10742 10743 10744 10745
713 0 0 4361 6343 7344 7350 8319 10127 11096 11129 11137 11139 11149 11152 11155
714 0 0 1897 1898 1899 1900 1901 1902 1903 1904 1905 1906 1907 12851
715 0 0 977 1264 1269 1295 2429 2474 2475 2476 12852
716 4 4 6769 6789 6794 6806 6812 8556 8611 8616 8680 10225 10261 10279 10283 10287 10291 11292 11736 12118 12132 12141 12144 12147 12148 12149 12150
717 0 0 2760 2790 4785 9046 9059 9065 9068 9072 9073 9074
718 0 0 4149 4157 6783 6798 6800 6801 6802 6803 6804 6805 6806 6807 12853
719 0 0 12082 12083 12084 12085 12086 12087 12088 12089 12090 12091
720 0 0 664 667 1590 1649 1662 1668 1669 1670 1671 1672 12854
721 0 0 966 1214 1221 1241 1737 1746 1753 1763 1765 1766 1767 1768 1769 1770
722 0 0 6981 6999 7005 8761 8778 8801 8820 8830 8840 8841 8842 8843 8844
723 0 0 8661 9393 10295 10364 11239 11249 11311 11318 11328 11329 11330 11331 11332
724 1 1 2755 4121 4904 5302 5584 5701 5983 6020 6056 6070 6077 6087 6099 6100 6101 6102 6103 6104 6105 6106 6107 6108 6109 6110 6111 6112 6113
725 0 0 4561 4575 6636 6672 6854 6869 6878 6889 6890 6891 6892 6893 6894 6895
726 0 0 2015 2016 2017 2018 2019 2020 2021 2022 2023 2024 2025 2026
727 0 0 1778 3148 3188 5002 5016 5019 5061 5069 5076 5077 5078 5079 5080 5081
728 0 0 6150 6164 9718 9719 9720 9721 9722 9723 9724 9725 9726 9727 12855 12856
729 0 0 10877 10893 10894 10895 10896 10897 10898 10899 10900 10901 10902
730 0 0 1097 1107 1108 1109 1110 1111 1112 1113 1114
731 0 0 12161 12162 12163 12164 12165 12166 12167 12168 12169 12170 12171 12172 12173 12174 12175
732 3 3 4370 4377 4386 4390 4392 4396 4415 4432 4802 6547 7094 8886 8890 8893 8903 8930 8938 8946 8947 8948 8949 8950 8951 8952
733 0 0 1495 2624 3988 4303 5616 5670 5713 7926 7947 7961 7983 7985
734 0 0 9843 9887 9892 9906 10852 10958 11006 11777 11790 11793 11794 11795 11796 11797 11798 11799 11800 11801
735 0 0 9744 9756 10766 10789 11690 11707 11713 11714 11715 11716 12857
736 0 0 9461 9462 9463 9464 9465 9466 9467 9468 9469 9470 9471 9472 9473
737 0 0 2145 2530 3284 3661 4590 5088 5107 5120 5132 5650 5653 5675 5692 5705 5709 5717 5718 5719 5720 12858
738 0 0 1844 1858 2558 2611 3265 4595 4613 4616 4626 4647 5095 5105 6935 6943 6949 6950 6951 6952
739 0 0 2575 2636 5040 5049 5056 5203 5221 5228 5238 5239 5240 5241 5242 5243 5244 5245 5246 5247 5248 5249
740 0 0 9006 9012 10455 10469 10470 10471 10472 10473 10474 10475 12859
741 0 0 633 7085 8858 8864 8875 8876 8877 8878 8879 12860
742 2 2 6373 8006 8126 9771 9862 9903 9908 9989 10003 11762 11785 11947 11960 11969 11983 12032 12035 12036 12037 12038 12039 12040 12041
743 0 0 2085 2102 2706 4168 4508 6880 10242 10248 10270 10280 10285 10290 12861
744 0 0 11338 11339 11340 11341 11342 11343 11344 11345 11346 11347 11348 11349 11350 11351
745 0 0 580 589 1115 1116 1117 1118 1119 12862
746 0 0 392 644 659 716 730 836 862 1625 1632 1633 1634 1635 1636 1637 1638 12863
747 0 0 2164 2189 2190 2191 2192 2193 2194 2195 12864 12865
748 0 0 1509 1514 1546 4524 6418 6428 6439 6445 6446 6447 6448 12866
749 0 0 4570 4687 5567 6637 6681 6862 6890 6908 6918 6919 6920 6921 6922 6923 6924 6925 6926
750 0 0 1525 2050 2538 4163 6793 6810 6811 12867
751 0 0 2026 2054 2060 2081 2096 2103 2540 4169 6718 6795 6884 6900 8558 8614 10243 10263 10272 10281 10290 10291
752 0 0 1518 2048 2052 2058 2095 2537 6713 6717 6792 6810 8556 8557 8558 8559 8560 8561 8562 12868
753 0 0 2027 2053 2101 2539 2708 4163 4164 4165 4166 4167 4168 4169 12869 12870
754 0 0 659 660 661 662 663 664 665 12871
755 0 0 643 1629 1641 1650 1651 1652 1653 1654 1655 12872
756 0 0 4481 8570 8583 8589 8592 11247 11250 11256 11257 11258 11259 11260 11261 11262
757 0 0 4554 6431 6757 6763 8573 8577 8578 8579 8580 8581 8582 12873
758 0 0 5123 5230 5250 5659 5674 5697 5718 7366 7367 7368 7369 7370
759 0 0 5143 5150 7387 7398 7412 7421 7435 7436 7437 7438 7439 7440
760 0 0 2535 3277 3280 5140 5694 5719 7380 7384 7392 7411 7414 7415 7416 7417 12874
761 0 0 3261 3272 5036 5050 5084 5096 5129 7372 7376 7388 7401 7410 7429 7437 7448 7449 7450
762 0 0 1906 1908 1915 2606 3531 3535 3536 3537 3538 3539 3540 12875
763 0 0 1897 3529 3543 4569 6673 6684 6929 7047 8770 8792 8804 8806 8811 8812 8813 8814 12876
764 0 0 897 3709 4090 4101 4340 4354 5809 6338 6350 6355 6356 6357 6358 6359 6360 6361
765 0 0 1083 3712 4091 4103 7611 7628 7641 7652 7653 7654 7655
766 0 0 5829 6690 7463 7665 7675 7683 7689 7692 7693 7694 7695 7696 7697
767 0 0 4566 5566 5840 5848 6698 6928 7462 7662 7676 7678 7685 7686 7687 7688
768 0 0 7726 7753 7768 7810 9452 9512 9539 10645 10651 10662 10664 10665 12877
769 0 0 9460 10629 10647 10663 10674 11384 11385 11386 11387 11388 11389 11390
770 0 0 176 465 467 496 2426 2446 2449 2460 2461 12878 12879
771 0 0 174 290 462 472 1382 1398 1402 1423 1424 1425 1426 12880 12881
772 0 0 172 461 462 463 464 465 466 12882 12883
773 0 0 175 467 468 469 470 471 472 473 474 475 12884
774 0 0 4656 6603 6737 7914 7935 7949 7960 7963 7981 8630 8638 8653 8666 8670 8671 8672
775 0 0 6610 8628 8643 8656 8664 9430 11430 11459 11476 11496 11503 11504
776 0 0 6264 6287 6296 8084 8098 8101 8109 8121 8131 8473 9097 9098 9099 9100 9101 9102 9103 9104 12885
777 0 0 6262 6266 6267 6268 6269 6270 6271 12886
778 0 0 854 2748 3664 5751 5759 7576 7588 7591 7600 7603 12887
779 0 0 3670 3684 4105 5737 5750 7327 7572 7580 7581 7582 7583 7584 7585 12888
780 0 0 3685 3705 4274 5725 5730 5731 5732 5733 5734 5735 5736 5737 5738 12889
781 0 0 3698 4265 4269 4927 5722 7240 7278 7296 7307 7311 7315 7321 7357 7361 7362 7363 7364 7365 12890
782 0 0 3241 3681 3692 3706 5026 5034 5731 5755 7280 7312 7317 7318 7319 7320 7321 7322 7323 7324
783 0 0 3700 4271 4928 5721 5735 7358 7361 7583 7602 12891
784 0 0 658 724 1613 1623 1638 1643 1714 2838 2893 2901 3219 3238 3239 3240 3241 3242 3243 3244 3245 3246
785 0 0 1622 2834 2895 2905 4836 4942 4953 6553 7230 7248 7258 7266 7267 7268 7269 7270 7271 7272
786 0 0 652 725 1613 1614 1615 1616 1617 1618 1619 1620 1621 1622
787 0 0 2892 3240 3694 4943 5033 7241 7256 7269 7279 7298 7309 7310 7311 7312 7313 7314
788 0 0 6230 6731 6752 7846 7867 7881 8591 9378 9392 9605 9630 10366 10520 10522 11237 11238 11239 11240 11241 11242 11243 11244 11245 11246 11247 11248
789 0 0 7866 7877 7897 9385 9610 9627 9646 9690 9698 10609 10617 11556 11561 11577 11624 11635 11638 11641 11642 11643
790 0 0 6235 6724 7860 7882 9378 9379 9380 9381 9382 9383 9384 9385 9386 9387 9388
791 0 0 7844 7876 7892 7907 9596 9607 9625 9626 9627 9628 9629 9630 9631 9632 9633 9634 12892
792 0 0 9805 10885 11780 12364 12377 12378 12379 12380 12381
793 0 0 9801 9807 9812 9819 9820 9821 9822 9823 12893 12894
794 0 0 10172 10692 10700 10748 10843 11322 11365 11662 11673 11682 11846 12230 12251 12253 12254 12255 12256 12257 12258
795 0 0 9566 10712 10753 11342 11363 11367 11370 11371
796 0 0 10338 10697 11323 11339 11356 11360 11366 11658 11659 11660 11661 11662 11663 11664
797 0 0 10684 10693 10700 10701 10702 10703 10704 10705 10706
798 0 0 1565 2109 2239 2244 3822 3857 3865 3866 3867 3868 3869 3870 3871 12895
799 0 0 1560 1568 2106 2254 3859 3896 4579 5828 5839 6510 6517 6518 6519 6520 6521 6522
800 0 0 2111 2234 2241 2242 2243 2244 2245 2246 2247 2248 2249 2250 2251 2252 2253 2254 2255 2256 2257
801 0 0 1569 2107 3821 3857 3858 3859 3860 3861 3862 3863 3864 12896
802 0 0 4479 4550 6434 7855 7856 7857 12897 12898
803 0 0 4476 4547 6226 6750 6758 7872 8575 8582 8587 8588 8589 8590 8591
804 0 0 4482 6410 6430 6437 6442 7857 8584 11257 11267 11268 11269 11270 11271 11272 12899
805 0 0 4029 4035 4475 4546 6225 6748 7849 7855 7869 7870 7871 7872 7873 7874 12900
806 0 0 8367 8384 8521 8555 9116 9549 9557 9558 9559 9560 9561 9562 9563 9564 9565 9566 9567
807 0 0 4114 5589 6104 6370 7549 8372 8377 8386 8387 8388 8389 8390 8391 8392 8393 8394
808 0 0 6072 6102 8371 8374 8375 8376 8377 8378 8379 8380 8381 8382 8383 8384 8385
809 0 0 6376 6482 7556 7563 8369 8392 8553 9107 9113 9114 9115 9116 9117 9118 9119 9120 9121 9122 9123
810 0 0 3848 4042 4051 5918 5929 5934 5939 5952 5964 5968 5970 12901
811 0 0 5896 5911 5920 5930 5944 5947 5959 6156 6173 6177 6191 6199 6200 6201 6202 6203 12902
812 0 0 5885 5921 5930 5931 5932 5933 5934 5935 5936 5937 12903
813 0 0 4043 4050 4132 5942 5951 5965 5970 6154 6163 6178 6189 6190 6191 12904
814 0 0 6765 6766 6767 6768 6769 6770 6771 6772 12905
815 0 0 10185 11297 11298 11299 11300 11301 11302 11303 11304 11305 11306 11307
816 0 0 6768 10181 12118 12119 12120 12121 12122 12123 12124 12125 12126 12127 12906
817 0 0 6765 6775 10178 10229 10726 11299 11708 11714 11718 11728 11729 11730 11731 11732 11733 12907
818 0 0 524 544 1077 1870 1873 1874 1875 1876 1877 1878 1879 12908 12909
819 0 0 547 553 1064 1065 1066 1067 1068 1069 1070 1071 1072 1073
820 0 0 9845 10044 10216 10828 10837 10875 10955 10965 10967 10968 10969 10970 10971 10972 10973 10974 10975 10976
821 0 0 9835 9854 9871 9880 9881 9882 9883 9884 9885 9886 9887 9888 9889
822 0 0 1160 1253 2398 2403 3027 3054 3077 3081 3084 3085 12910
823 0 0 597 604 612 2384 2399 2409 2417 3090 3104 3117 3118 3119 3120 3121 12911
824 0 0 601 611 1342 2408 2415 2419 3030 3043 3083 3085 3086 3094 3095 3300 3319 3324 3330 3336 12912
825 0 0 1164 1177 1247 2380 2381 2382 2383 2384 2385 2386 2387 2388 2389 2390 2391 2392 2393 12913
826 0 0 1507 1516 1535 1548 4515 4524 4525 4526 4527 4528 4529 4530
827 0 0 6412 6427 6436 6449 6452 6761 8571 8577 8585 11251 11256 11264 11270 11281 11282 12914
828 0 0 6410 6411 6412 6413 6414 6415 6416 6417 6418 6419 6420 12915 12916
829 0 0 4523 4530 4539 4544 4667 6423 6453 6714 6742 6762 8563 8569 8579 8632 8650 8652 10293 11252 11260 11263 11264 11265 11266
830 0 0 4659 4672 7929 7980 8621 8635 8637 8638 8639 8640 8641
831 0 0 4295 4653 4661 4673 4674 4675 4676 4677 4678 4679 4680 4681 4682 4683 4684
832 0 0 4012 4292 4521 4533 4540 4650 4660 4661 4662 4663 4664 4665 4666 4667 4668 4669 4670 4671 4672
833 0 0 4684 6627 6958 6977 7913 7927 7928 7929 7930 7931 7932 7933 7934 7935 7936
834 0 0 5604 5617 5629 5630 5631 5632 5633 5634 5635 5636
835 0 0 6978 7917 7930 7941 7974 9589 10306 10330 10374 10381 10388 10394 10396
836 0 0 5593 5607 5618 5624 5628 5636 6223 7076 7915 7937 7938 7939 7940 7941 7942 7943 7944
837 0 0 5600 5631 6966 6967 6968 6969 6970 6971 6972 6973 6974 6975 6976 6977 6978
838 0 0 5830 6516 6524 6541 7667 7680 7693 9150 9151 9152 9153 9154 9155
839 0 0 7493 9130 9148 9160 9166 9170 9173 9186 9187 9188 9189 9190 9191 9192
840 0 0 7997 8493 9295 10193 10200 10209 10218 10220 10221 10222 12917
841 0 0 3801 4324 7468 7488 7495 7496 7497 7498 7499 7500 7501 12918
842 0 0 6494 7499 8490 9141 9181 9187 9195 9215 9251 9277 9283 9292 9293 9294 9295 9296 9297
843 0 0 3800 4320 7495 8494 9700 10219 10221 10223 10224 12919
844 0 0 4501 4897 4915 6214 7758 7945 9416 9426 9429 10636 11429 11455 11483 11494 11497 11498 11499 11500 11501 11502
845 0 0 3998 4008 4016 4493 4505 4657 6601 6602 6603 6604 6605 6606 6607 6608 6609 6610 6611 6612
846 0 0 4494 4506 6611 9421 9432 9439 9444 10641 11434 11452 11458 11500 11510 11511 12920
847 0 0 3989 4496 4898 4921 5655 5667 5714 6215 6602 7916 7943 7945 7946 7947 7948 7949 7950 7951 7952 7953 7954
848 0 0 17 51 76 113 118 133 134 135 136 137 138
849 0 0 52 147 380 394 395 396 397 398 399 400 401 402 403
850 0 0 61 391 660 832 1634 3671 3672 3673 3674 3675 3676 12921
851 0 0 389 653 714 715 716 717 718 719 720 12922
852 0 0 3263 4589 4594 4606 4622 4643 5086 5103 5105 5106 5107 5108 5109 5110 5111
853 0 0 1828 3387 3400 4603 4614 4631 4635 5083 5139 5146 7377 7382 7384 7385 7386 7387 7388 7389 7390 12923
854 0 0 4594 4595 4596 4597 4598 4599 4600 4601 4602 4603
855 0 0 5090 5104 5111 5124 5130 5136 5720 7366 7371 7376 7377 7378 7379 12924
856 0 0 1977 1996 2017 2031 2044 2100 2662 2672 2678 2688 12925
857 0 0 1928 1937 1986 2000 2001 2002 2003 2004 2005 2006 2007 2008 2009 2010 2011 2012 2013 2014
858 0 0 1571 1572 1573 1574 1575 12926
859 0 0 2014 2015 2069 2077 2098 2663 2677 2687 2688 2689 2690 2691 2692 2693 12927
860 0 0 4066 4753 4771 6244 6245 6246 6247 6248 6249 6250 12928
861 0 0 635 1029 1096 1107 4737 4751 4756 6283 8044 8050 8051 8052 8053 8054 8055 8056 8057 12929
862 0 0 4015 4649 4650 4651 4652 4653 4654 4655 4656 4657 4658 4659
863 0 0 6739 8622 8633 8642 8643 8644 8645 8646 8647 8648 8649 8650 8651
864 0 0 4014 4536 4651 4663 6605 6734 6735 6736 6737 6738 6739 6740 6741 6742 6743 6744 6745 12930
865 0 0 8618 8619 8620 8621 8622 8623 8624 8625 8626 8627 8628 8629 8630
866 0 0 6486 7570 9147 9174 9191 9193 9202 9223 9253 9282 9291 9294 9300 9303
867 0 0 8336 8349 9136 9220 9230 9236 9249 9270 9281 9284 9285 9286 9287 9288 9289
868 0 0 9138 9180 9205 9209 9214 9216 9217 9218 9219 9220 9221
869 0 0 9243 9244 9245 9246 9247 9248 9249 9250 9251 9252 9253 9254 9255 9256 9257 9258 9259
870 0 0 336 620 1480 1486 1924 1935 1936 1937 1938 1939 1940 1941 12931
871 0 0 1488 2633 4294 4538 4543 4703 4704 4705 4706 4707 4708 4709 4710 12932
872 0 0 337 1481 1486 1487 1488 1489 1490 12933
873 0 0 1935 1984 1990 2010 2546 2632 2679 2695 2699 4291 4706 4728 4729 4730 4731 4732 4733 4734 4735 12934
874 0 0 431 454 741 743 744 745 746 747 748 749 750 751 752 753 754
875 0 0 281 291 446 757 767 1399 1404 1405 1406 1407 1408 1409
876 0 0 424 425 426 427 428 429 430 431 432 12935
877 0 0 761 1371 1400 1404 1432 1433 1434 1435 1436 1437 1438 1439 1440 1441 1442
878 0 0 4180 4220 4230 4244 4316 5956 6197 6206 6208 6387 6455 6843 8481 9703 9706 9707 9708 9709
879 0 0 4170 4222 4235 5892 5902 5913 5914 5915 5916
880 0 0 36 182 184 185 186 12936
881 0 0 38 124 179 192 385 409 520 543 552 876 883 902 932 1070 1084 1088 1089 1090 1091 1092 1093 1094
882 0 0 30 121 183 185 384 879 881 882 883 884 885 12937
883 0 0 21 34 181 186 191 519 520 521 522 523 524 525 12938
884 0 0 2711 2881 4768 4811 4842 4844 4845 4846 4847 4848 4849 4850 4851 4852
885 0 0 354 4818 4857 4860 4862 4866 4867 12939
886 0 0 358 2735 4767 4817 4848 4861 4865 4867 6562 8860 8871 8883 8884 12940
887 0 0 1583 1600 2709 2856 2879 4814 4831 4841 4845 4853 4855 4859 4860 12941 12942
888 0 0 828 1333 1353 1359 1362 1363 1364 1365 1366 1367 1368
889 0 0 470 476 820 1337 1343 1348 1360 1374 1381 1396 1402 1403 12943
890 0 0 4219 5890 5906 5908 5914 5957 6155 6171 6175 6180 6192 6193 6194 6195 6196 6197 6198 12944
891 0 0 5961 6158 6167 6179 6200 6207 6208 6209 6210 6211
892 0 0 5885 5886 5887 5888 5889 5890 5891 5892 5893 5894 5895 5896 12945
893 0 0 4170 4171 4172 4173 4174 4175 4176 4177 4178 4179 4180 4181 4182 4183 4184 4185
894 0 0 2231 2240 2257 4145 4161 4171 4191 4202 4203 4227 5888 5897 5898 5899 5900 5901 5902 5903 5904 5905 5906
895 0 0 4179 4210 4226 5907 5925 5948 5955 5956 5957 5958 5959 5960 5961 5962 5963
896 0 0 747 758 766 1405 1429 1433 1443 1444 1445 1446 1447 1448
897 0 0 742 753 1720 1726 1795 1799 1812 1815 1816 1817 1818 1819 1820 1821
898 0 0 739 752 1457 1468 1472 1473 1474 12946
899 0 0 460 751 773 960 1438 1723 1742 1756 1760 1766 1800 1809 1819 7403 7426 7443 7445 7454 7455
900 0 0 3354 3355 3356 3357 3358 3359 3360 3361 3362 3363 3364
901 0 0 943 3250 3267 3366 3386 3402 4618 5047 5087 7386 7402 7433 7439 7448 7451 7452 7453
902 0 0 1792 1798 1806 1814 1821 1829 1831 3357 3373 3377 3380 3382 3383 3384 3385 3386 3387 3388 3389 3390
903 0 0 1861 2576 2596 3247 3248 3249 3250 3251 3252 3253 3254 3255 3256 3257 3258 3259 3260 3261
904 0 0 4648 5134 6938 6946 8731 8735 8744 8748 8751 8752 8753 12947
905 0 0 1846 4596 4604 4605 4606 4607 4608 4609 4610 4611 4612 4613 12948
906 0 0 4003 4587 4609 4628 4642 5082 5109 5131 5132 5133 5134 5135 5136 12949
907 0 0 1847 4612 4634 6934 6947 6950 8734 8751 8754 8755 8756 8757 12950
908 0 0 83 211 229 241 243 501 512 526 532 970 1001 1017 1018 1019 1020 1021 12951
909 0 0 93 199 231 245 247 248 12952
910 0 0 99 201 212 233 254 486 493 499 500 501 502 503 504 505 506
911 0 0 81 101 220 232 240 242 243 244 245 246 12953 12954
912 0 0 4742 6578 6594 6598 7265 7301 8043 8044 8045 8046 8047 8048 8049
913 0 0 6595 7246 8059 8165 8177 8182 8197 8198 8199 8200 8201 8202
914 0 0 91 264 269 364 671 687 779 1204 1213 1224 1229 1231 1232 12955
915 0 0 693 705 713 1198 1227 1783 2946 2971 3017 3038 3045 3046 3047 3048 3049 3050 3051
916 0 0 1190 1197 1207 1211 1217 1223 1228 1230 1232 1246 1739 1752 1769 1774 3023 3048 3059 3061 3073
917 0 0 164 366 376 673 682 683 684 685 686 687 688 689 690 691 692 693
918 0 0 9956 10171 10696 10930 10946 11014 11847 12238 12254 12267 12272 12275 12279 12280 12281
919 0 0 9599 9660 9961 10689 11325 11654 12226 12237 12247 12250 12251 12252
920 0 0 1617 1657 2825 2835 2843 2867 4251 4259 4837 7231 7259 7267 7273 7274 7275 7276 7277
921 0 0 2832 2841 2891 3242 3695 3702 4260 7242 7271 7287 7297 7309 7315 7316 7317
922 0 0 3441 3450 3455 5384 5788 5800 5816 7474 7490 7507 9124 9125 9126 9127 9128 9129 9130 9131 9132
923 0 0 9173 9174 9175 9176 9177 9178 9179 9180 9181 9182 9183 9184 9185
924 0 0 7466 7694 9131 9153 9158 9177 9192 9196 9206 9207 9208 9209 9210
925 0 0 7479 7487 7498 9128 9135 9142 9183 9189 9211 9217 9231 9248 9267 9269 9275 9279 9280 9281 9282 9283
926 0 0 11277 11285 11286 11287 11288 11289 11290 11291 12956
927 0 0 11245 11301 11651 11725 11746 12162 12179 12182 12196 12208 12214 12488 12493 12497 12505 12510 12511
928 0 0 6390 7994 8496 9701 9708 9713 9740 10213 10222 10224 10803 11011 11907 11931 11933 11938 11939 11940 12957
929 0 0 6166 6211 9704 9718 9739 11909 11920 11936 11942 12958
930 0 0 9438 10543 10643 10653 10669 11409 11418 11451 11457 11510 11512 11523 11524 11525 11526 11527 11528 12959
931 0 0 7718 9453 10539 10560 10595 10634 10659 10661 10666 10671 10672 10673 10674 10675 10676 12960
932 0 0 10541 10544 10633 10657 10666 10667 10668 10669 10670 12961
933 0 0 10673 11389 11397 11412 11422 11450 11466 11471 11472 11473 11474
934 0 0 9774 9844 9894 9896 10851 10865 11766 11775 11782 11783 11784 11785 11786 11787 11788 11789 11790 11791 11792
935 0 0 11994 12013 12361 12373 12395 12398 12400 12414 12416 12417 12418 12419
936 0 0 10856 10866 11788 11796 11817 11834 11850 11945 12014 12288 12309 12313 12321 12322 12323 12324 12325 12326
937 0 0 8110 9759 9808 9814 9821 9916 11761 11773 11991 12365 12381 12382 12383 12384
938 0 0 9919 11770 11987 12029 12050 12074 12431 12455 12461 12462 12962
939 0 0 11765 11779 11786 11952 11956 11957 11958 11959 11960 11961 11962 11963 11964 11965
940 0 0 11955 11965 11972 11979 11984 11988 12002 12031 12038 12054 12060 12071 12072 12073 12074 12075 12076
941 0 0 8005 8105 8122 9761 9770 9917 11761 11762 11763 11764 11765 11766 11767 11768 11769 11770 11771 11772
942 0 0 3568 3581 3616 3635 3766 5859 5872 5878 5883 5884
943 0 0 2313 3724 3730 3731 3732 3733 3734 3735 3736 3737 3738
944 0 0 3625 3718 3719 3720 3721 3722 3723 3724 3725 3726 3727 3728 3729
945 0 0 2337 2943 3585 3595 3604 3733 3745 3755 3756 3757 3758 3759 3760 3761 3762 3763 3764
946 0 0 588 1118 2270 2273 2287 4363 4364 4365 4366 4367 4368 4369 4370
947 0 0 1126 1145 2267 2278 2348 2358 2359 2360 2361 2362 2363 2364 2365 2366 2367 2368 2369 2370 2371 2372
948 0 0 1258 1274 2268 2272 2273 2274 2275 2276 2277 2278 2279 2280
949 0 0 1119 1127 2260 2369 3112 4365 4379 4387 4395 4418 4433 4801 4802 4803 4804 4805
950 0 0 2357 2372 2785 2804 4381 4397 4411 4414 4429 4432 4433 4434 4435 4436 4437 4438 4439 4440 4441
951 0 0 1140 1154 2277 2298 2365 2480 2799 4374 4380 4388 4391 4393 4394 4395 4396
952 0 0 6505 6688 7547 7555 7565 7670 8366 8390 8517 8539 8541 8548 8549 8550 8551 8552 8553 8554 8555
953 0 0 5450 6696 7535 7536 7537 7538 7539 7540 7541 7542 7543 7544
954 0 0 3171 4976 4987 4991 4994 4995 4996
955 0 0 3132 3144 3152 3164 3186 3192 3351 4977 4984 4988 4997 4998 4999 5000 5001 5002
956 0 0 1440 1741 1750 1761 1772 2501 2522 3035 3191 3323 5017 5020 5063 5067 5076 7400 7425 7432 7434 7445 7446 7447
957 0 0 1155 2465 2487 2504 2509 2528 3302 3308 3313 3344 3345 3346 3347 3348
958 0 0 1378 1390 1435 1749 2438 2495 2499 2500 2501 2502 2503 2504 2505 2506 2507 2508
959 0 0 2521 3005 3158 3347 4983 4989 4998 5006 5011 5015 5018 5019 5020 5021 5022
960 0 0 11027 11028 11054 11950 12007 12026 12053 12056 12057 12058 12059 12060 12061 12062 12063 12963
961 0 0 11038 11045 11049 11056 11954 11967 11976 12068 12075 12077 12079 12080 12081
962 0 0 8408 8416 8421 8428 8439 8440 8441 8442 8443 8444 8445 8446 8447
963 0 0 4583 8397 8406 8450 8600 10234 10246 10252 10256 10257 10258 10259
964 0 0 627 806 1796 1805 1820 1823 3384 3393 3407 3417 4602 4620 4624 4630 4632 4635 4636 12964
965 0 0 622 791 797 798 799 800 801 12965 12966
966 0 0 622 623 624 625 626 627 628 12967
967 0 0 796 801 802 1790 1797 1833 3358 3381 3382 3391 3392 3393 3394 3395 12968
968 0 0 9104 9974 9975 10023 10030 10031 10032 10033 10034 10035 10036 12969
969 0 0 8091 8113 8125 9867 9971 9978 9990 9999 10000 10001 10002 10003 10004 10005 10006 10007
970 0 0 9750 9757 10755 10762 10770 10780 10805 10814 10815 10816 10817 10818 10819 10820 10821
971 0 0 11693 11810 11843 11855 11860 11861 11862 11863 11864
972 0 0 4046 4140 4215 4322 5928 5940 5954 5958 5967 6161 6170 6189 6201 6212 6213 12970
973 0 0 4044 4049 4132 4133 4134 4135 12971 12972
974 0 0 2225 2226 2227 2228 2229 2230 2231 12973
975 0 0 2236 4141 4152 4162 5886 5903 5919 5935 5969 6194 6462 6773 6782 6808 12974
976 0 0 2225 2237 4142 4151 4152 4153 12975 12976
977 0 0 2230 3850 4206 5887 5897 5910 5917 5927 5937 5946 5953 5966 5968 5969 12977 12978
978 0 0 3512 3620 3631 3781 3795 5364 5397 5407 5416 5421 5423 5424 5425 5426 5427 5428 5429 5430 5431 5432
979 0 0 3582 3592 3600 3756 3765 3772 3787 5436 5804 5860 5873 5875 5879 5884
980 0 0 3515 3554 3613 3618 3625 3626 3627 3628 3629 3630 3631 3632 3633 3634
981 0 0 3605 3757 3770 3786 5402 5411 5417 5436 5437 5438 5439
982 0 0 2740 4810 4822 4850 4863 6563 7090 8862 8873 8884 8888 8890 8891 8892
983 0 0 575 657 1621 2882 2900 4827 4838 4846 6547 6548 6549 6550 6551 6552 6553 6554 6555 6556 6557
984 0 0 942 1855 2651 3249 3354 3365 3366 3367 3368 3369 3370 3371 3372 3373
985 0 0 1244 1862 2597 2602 2646 3256 3364 3398 3410 3418 5471 5490 5501 5509 5533 5544 5549 5554 12979
986 0 0 1281 1301 1322 2117 2171 2179 2202 2216 2218 2299 2483 2724 2798 4383 4394 4404 4426 4435 4442 4443 4444 4445 4446 4447 4448 4449 4450 4451
987 0 0 976 992 1000 1006 1010 1016 1021 1023 1328 2196 2205 2206 2207 2208 2209 2210 2211 2212 2213
988 0 0 514 530 969 1018 1299 1319 2182 2197 2205 2214 2215 2216 2217
989 0 0 988 2201 2212 2281 2290 2291 2292 2293 2294 2295 2296
990 0 0 1860 2564 2572 2578 2590 2594 2595 2596 2597 2598 2599 2600 2601
991 0 0 1836 1840 1853 2605 3258 3363 3370 3397 3403 3413 3415 3418
992 0 0 2232 2241 4150 4155 4193 4204 4228 5901 5916 6456 6788 6817 6824 6831 6832 6833 6834 6835 6836 6837
993 0 0 6785 6805 6820 6828 8603 8607 8608 8609 8610 8611 8612
994 0 0 2498 2508 2518 2529 2536 3274 5073 5173 5187 5219 7397 7415 7419 7424 7431 7434
995 0 0 1419 1465 1476 2130 2139 2512 2532 3273 3280 3281 3282 3283 3284 3285 3286 3287 3288 3289 3290 12980
996 0 0 10751 10761 10844 11685 11688 11711 11840 11848 11861 11865 12243 12255 12274 12275 12276 12277 12278
997 0 0 8385 9559 10681 10695 10703 10708 10715 10716 10717 10718 10719 10720 10721 10722 10723
998 0 0 9550 10705 10709 10721 10737 10746 10747 10748 10749 10750 10751 10752 10753 10754 10755 10756 10757 10758
999 0 0 10169 10683 10694 10701 10722 10846 10862 11037 11806 11821 11833 11839 11844 11845 11846 11847 11848 11849 11850
1000 0 0 339 349 616 1485 1540 1922 1923 1924 1925 1926 1927 1928 1929 1930 1931 1932 1933 1934
1001 0 0 1501 1502 1503 1504 1505 1506 1507 1508 1509 1510 12981
1002 0 0 343 1502 1511 1526 1527 1528 1529 1530 1531 1532 12982 12983
1003 0 0 621 1483 1508 1522 1534 1552 1931 2064 2090 4287 4513 4514 4515 4516 4517 4518 4519 4520 4521 4522 4523
1004 0 0 4017 6060 7115 7136 7791 7792 7793 7794 7795 7796 7797 7798 7799 7800 7801 12984
1005 0 0 7102 7122 7166 10404 10419 10429 10430 10431 10432 10433
1006 0 0 4122 6051 7117 7792 9008 9020 9034 9476 9518 10441 10442 10448 10451 10458 10472 10477 10484 10487 10488
1007 0 0 4019 4086 7101 7121 7127 7128 7129 7130 7131 7132 7133 7134 7135 7136 7137 7138 7139 12985
1008 0 0 4060 4760 4762 4772 6247 6558 6567 6568 6569 6570 6571 6572 6573 6574 6575 12986
1009 0 0 4070 6589 8062 8137 8167 8200 8211 8212 8213 8214 8215 8216 8217
1010 0 0 4068 6572 6588 7161 7182 7203 8217 8226 8252 8859 8866 8870 8880 8881 8882
1011 0 0 4061 4741 4748 4758 6248 6569 6590 6599 8045 8055 8058 8059 8060 8061 8062 8063 8064 8065
1012 0 0 3020 3051 3057 3069 3078 3141 3161 3162 3163 3164 3165 3166 3167 3168
1013 0 0 2359 3010 3097 3114 3173 3203 3304 3338 3342 4978 4992 4996 5000 5003 5004 5005 5006
1014 0 0 2526 3036 3189 3297 3311 3325 3348 3352 4982 4999 5005 5008 5013 5015 5016 5017
1015 0 0 3103 3109 3116 3121 3169 3170 3171 3172 3173 3174 3175 3176 3177 3178 3179 3180
1016 0 0 9965 9975 9976 9977 9978 9979 9980 9981 9982 9983 9984
1017 0 0 9349 9861 9914 9992 10012 10019 10043 10054 10055 10056 10057 10058 10059 10060
1018 0 0 4115 6364 9109 9347 9866 9966 9979 9985 9986 9987 9988 9989 9990 9991 9992
1019 0 0 9969 9976 10011 10017 10028 10033 10055 10164 11182 11188 11199 11206 11213 11220 11223 11236 12090 12111 12113 12115 12117
1020 0 0 953 1675 1771 2639 2643 2644 2645 2646 2647 2648 2649 2650 2651 2652 2653
1021 0 0 1777 2641 2654 3147 5053 5054 5055 5056 5057 5058 5059 5060 5061 5062 5063 5064
1022 0 0 2635 2636 2637 2638 2639 2640 2641 2642
1023 0 0 689 1202 1673 1776 2656 2967 3046 3124 3139 3149 5053 5858 5868 5869 5880 5882
1024 0 0 1843 2542 2550 4724 6937 8738 8747 8752 8754 8758 8759 8760 12987 12988
1025 0 0 4708 4711 4719 4723 7010 7012 8719 8723 8729 8742 8743 8744 8745 12989
1026 0 0 2544 2551 4707 4723 4724 4725 4726 4727 12990
1027 0 0 8728 8733 8741 8745 8750 8753 8757 8760 8765 8784 8825 8833 8836 8845 8847
1028 0 0 2750 2789 4783 6009 7176 7213 7222 8219 8243 9050 9064 9067 9072 9082 9084 9086 9087 9088 9089
1029 0 0 2769 4787 5980 6006 7106 7158 7177 7210 8173 8203 8223 8230 8248 8255 8258 8259
1030 0 0 2754 3430 4906 5285 5290 5296 5297 5298 5299 5300 5301 5302 5303 5304 5305 5306 5307
1031 0 0 5249 5256 5268 5276 5283 5312 5324 5336 5343 5472 5493 5497 5513 5578 5602 5614 5619 5625 5626 5627 5628
1032 0 0 5202 5229 5236 5238 5253 5287 5292 5296 5308 5309 5310 5311 5312 5313 5314 5315 5316
1033 0 0 5282 5300 5325 5342 5577 5578 5579 5580 5581 5582 5583 5584 5585 5586 5587 5588 5589 5590 5591 5592 5593
1034 0 0 4790 4795 7156 7212 8244 8963 9044 9055 9061 9064 9065 9066
1035 0 0 1129 2370 2786 4378 4409 4414 4415 4416 4417 4418 4419 4420 4421 4422
1036 0 0 2756 2777 2822 4781 5698 6105 7104 7119 7144 7157 7165 7179 8258 9022 9029 9035 10408 10413 10432 10434 10442 10443 10444
1037 0 0 2352 2770 2775 2793 2802 2814 3424 4398 4407 4408 4409 4410 4411 4412 4413
1038 0 0 2766 2773 2808 2810 2811 2812 2813 2814 2815 2816 2817 2818 2819 2820 2821 2822 2823 2824
1039 0 0 2758 2781 2794 4405 4410 4423 4780 4781 4782 4783 4784 4785 4786 4787 4788 4789 4790 4791
1040 0 0 10510 10525 11417 11440 11461 11481 11522 11546 11549 11553 11557
1041 0 0 10521 10530 10556 10575 11391 11403 11426 11443 11469 11472 11487 11489 11490 11491 11492 11493
1042 0 0 2619 4301 5332 5579 5606 5608 5609 5610 5611 5612 5613 5614 5615 5616 5617 5618
1043 0 0 4682 4693 5632 6613 6959 6972 7021 7035 7049 7067 7071 7078 7920 7932 7962 7967 7968 7969 7970 7971 7972 7973
1044 0 0 1494 3990 4683 6608 7025 7050 7919 7936 7948 7958 7961 7962 7963 7964 7965 7966
1045 0 0 2623 5331 5598 5609 5634 7065 7075 7076 7077 7078 7079
1046 0 0 348 1529 1929 1944 1954 1967 1968 1979 1982 1988 2022 2032 2035 2041 2042 2043 2044 2045
1047 0 0 1527 1959 1970 1974 1981 1995 1996 1997 12991 12992 12993
1048 0 0 6501 8412 8436 8442 8459 8461 8462 8463 8464 8465 8466
1049 0 0 4198 6528 6545 6821 6829 6835 6841 8405 8421 8422 8423 8424 8425 8426 8427
1050 0 0 1161 1249 2388 2400 2403 2404 2405 12994
1051 0 0 700 1159 1170 1181 1184 1247 1248 1249 1250 1251 1252 1253 1254
1052 0 0 299 302 317 324 426 433 434 435 436 437 438 12995
1053 0 0 298 304 309 325 453 749 771 780 786 956 957 958 959 960 961 962 963 964 965 966 12996
1054 0 0 271 275 296 776 787 1173 1188 1195 1208 1209 1210 1211 12997
1055 0 0 782 962 1196 1215 1218 1219 1220 1221 1222 1223
1056 0 0 6394 6471 6479 6480 6481 6482 6483 6484 6485 6486 6487 6488 6489 6490 6491
1057 0 0 6476 7992 8498 8501 8502 8503 8504 8505 8506 8507 8508
1058 0 0 8104 9760 9775 9803 9817 9890 9905 10963 11764 11773 11774 11775 11776 11777 11778 11779 11780 11781
1059 0 0 12360 12361 12362 12363 12364 12365 12366 12367 12368 12369 12370
1060 0 0 10151 10154 10161 10166 11083 11193 11208 11214 11228 11229
1061 0 0 11089 11101 11104 11109 11114 11118 11122 11177 11195 11215 11227 11230 11232
1062 0 0 180 521 545 881 1065 1091 1877 1882 1889 3468 3486 3493 3494 3495 3496 12998
1063 0 0 1057 1060 1867 1883 1894 3445 3465 3488 3489 3490 3491 3492 12999
1064 0 0 3159 3431 3749 5059 5070 5079 5156 5170 5182 5185 5207 5220 5227 5239 5286 5290 5291 5292 5293 5294 5295
1065 0 0 1144 1156 2353 2801 2813 3009 3429 4412 5014 5161 5175 5183 5188 5190 5191
1066 0 0 1141 1152 2466 2515 2519 3278 3289 3346 5010 5022 5066 5160 5168 5178 5184 5187 5188 5189
1067 0 0 2343 2761 2774 2792 2816 2994 3004 3131 3150 3419 3420 3421 3422 3423 3424 3425 3426 3427 3428 3429 3430 3431 3432 3433
1068 0 0 3279 3290 5072 5155 5164 5165 5166 5167 5168 5169 5170 5171 5172 5173 5174 5175 5176
1069 0 0 3433 5151 5179 5226 5284 5285 5286 5287 5288 5289
1070 0 0 10630 10637 10656 11388 11405 11419 11448 11449 11450 11451 11452 11453 11454 11455 11456
1071 0 0 10542 10547 10548 10670 10671 11395 11410 11490 11516 11529 11533 11538 11539 11540 11541
1072 0 0 10626 10627 10628 10629 10630 10631 10632 10633 10634 10635 13000
1073 0 0 11415 11441 11462 11520 11526 11536 11541 11548 11550 11552 11553
1074 0 0 662 838 863 1624 1633 1647 1654 1661 2829 2833 3218 3238 3673 3683 3687 3688 3689 3690 3691 3692 3693 3694 3695 3696
1075 0 0 641 727 1614 1626 1635 1639 1640 1641 1642 1643 1644 1645
1076 0 0 4094 6349 6356 7618 7630 7642 7652 7656 7657 7658 7659
1077 0 0 1073 1080 1087 1094 1886 1891 3715 5766 5771 5772 5773 5774 5775 5776
1078 0 0 412 875 895 933 1072 1089 2332 3708 4088 4336 4348 5772 5777 5803 5809 5810 5811 5812
1079 0 0 3717 5768 5775 7503 7604 7609 7614 7625 7626 7627 7628 7629 7630 7631 13001
1080 0 0 985 994 1266 1279 1294 1317 1324 2203 2213 2220 2283 2293 2300 2306 2307 2308
1081 0 0 203 503 510 982 998 1003 1278 1287 1297 1318 1325 1328 1329 1330
1082 0 0 1255 1256 1257 1258 1259 1260 1261 1262 1263 1264 1265 1266 1267
1083 0 0 198 207 977 978 979 980 981 982 983 984 985 986 987 988 989 990 991 992 13002
1084 0 0 98 202 487 502 507 980 1268 1284 1286 1287 1288 1289 1290 1291
1085 0 0 591 983 1262 1293 1326 2264 2272 2281 2282 2283 2284 2285 2286 2287 2288 2289 13003
1086 0 0 258 1132 2141 2151 2158 2169 2185 2186 2187 2188 13004
1087 0 0 259 491 1133 1387 1410 1411 1412 1413 1414 1415 1416 1417 1418 1419 1420 1421 1422 13005
1088 0 0 7717 10531 10532 10533 10534 10535 10536 10537 10538 10539 10540 10541 10542 13006
1089 0 0 10579 10585 10599 10602 11567 11584 11595 11601 11602 11603 11604 11605 11606 11607 11608 13007 13008
1090 0 0 10540 10577 10578 10579 13009 13010
1091 0 0 10531 10561 10591 10596 10603 10621 11565 11594 11597 11603 11617 11627 11632 11634 11645 11648 13011
1092 0 0 3420 5152 5180 5211 5224 5284 5299 5309 5648 5677 5688 5704 5711 5712
1093 0 0 2771 2815 3432 4874 4877 4902 5193 5303 5644 5663 5681 5686 5698 5699 5700 5701
1094 0 0 335 350 1530 1930 1940 1956 1973 1980 1981 1982 1983 13012
1095 0 0 1943 1953 1964 1968 1969 1970 1971 1972 13013 13014
1096 0 0 11168 11173 11178 11185 11197 11201 11222 11233 11234 11235 11236
1097 0 0 10078 10098 10117 10143 10159 11086 11110 11190 11205 11210 11214 11215 11216 11217 11218
1098 0 0 8365 9326 9997 10009 10150 10153 10157 10165 11082 11147 11156 11171 11181 11187 11198 11204 11205 11206 11207 11208 11209
1099 0 0 11099 11108 11113 11115 11121 11166 11175 11192 11202 11216 11221 11222 11223 11224 11225 11226 11227 13015
1100 0 0 9592 9608 9644 9659 10368 10519 10526 11238 11313 11317 11328 11651 11652 11653 11654 11655 11656 11657
1101 0 0 7898 7903 9595 9609 9613 9614 9615 9616 9617 9618 9619 9620 9621 9622 9623 9624 9625
1102 0 0 7880 7896 9591 9601 9602 9603 9604 9605 9606 9607 9608 9609 9610 9611 9612
1103 0 0 9594 9621 9661 9949 9954 10942 11655 11745 12227 12234 12245 12246 12247 12248 12249
1104 0 0 2274 2288 2295 2303 2306 4368 4372 4389 4391 4392
1105 0 0 989 1015 2204 2209 2282 2290 4366 4371 4385 4427 4434 8887 8901 8918 8922 8933 8938 8939 8940
1106 0 0 5322 5590 6013 6024 8354 9310 9320 9321 9322 9323 9324 9325 9326 9327 9328 9329 9330
1107 0 0 7544 7551 7559 7571 8334 8352 9114 9227 9287 9312 9334 9335 9336 9337 9338 9339 9340 9341
1108 0 0 4548 6729 6746 6754 6755 6756 6757 6758 6759 6760 13016
1109 0 0 6225 6226 6227 6228 6229 6230 6231 6232 6233 6234 6235
1110 0 0 8061 8163 8179 8201 8213 8241 8257 10071 10083 10087 10088 10089 10090 10091
1111 0 0 4944 4955 7228 7243 7244 7245 7246 7247 7248 7249 7250 7251 7252 7253 7254 7255 7256
1112 0 0 4959 6584 7224 7243 8159 8180 8182 8183 8184 8185 8186 8187 8188 8189
1113 0 0 4745 7233 7252 7263 7284 7291 7302 8047 8145 8148 8156 8176 8190 8199 10073 10089 10096 10101 10102 10103 10104 10105 10106 10107
1114 0 0 5274 5558 5569 5596 5630 5845 6692 7036 7046 7061 7062 7063 7064 7065 7066 7067 7068
1115 0 0 3534 3540 3550 5264 5269 5428 5452 5472 5473 5474 5475 5476 5477 5478 5479 5480 5481 5482 5483 5484 5485
1116 0 0 2621 5270 5334 5462 5473 5504 5514 5597 5615 5627 6954 7045 7057 7061 7075 7968 7986 8781 8793 8807 8828 8850
1117 0 0 3552 4562 5266 5275 5365 5423 5444 5482 5532 5536 5563 5575 5837 5844 5845 5846 5847 5848 5849 5850
1118 0 0 10982 10991 11759 11902 11914 11917 11925 11926 13017
1119 0 0 9795 10774 10791 10809 10879 10901 10915 10922 10977 10978 10979 10980 10981 13018
1120 0 0 10775 10796 10806 10813 10819 10871 10900 10913 10971 10978 10986 10993 10994 10995 10996 10997 10998 10999
1121 0 0 9721 9793 10811 10977 10983 10989 10990 10991 10992 13019
1122 0 0 0 1 2 3 4 5 13020
1123 0 0 40 55 74 148 395 835 843 844 845 846 847 848 849 850 851 852 853 854 855
1124 0 0 3 13 46 58 66 67 70 71 72 73 74 75 76 13021
1125 0 0 4 54 833 846 2743 3671 5729 5741 5744 5745 5746 5747 13022 13023
1126 0 0 4290 4534 4669 4673 4703 4713 4733 6617 6651 6911 6979 6988 6989 6990 6991 6992
1127 0 0 6632 6645 6656 6658 6659 6660 6661 6662 6663 6664 6665 6666
1128 0 0 1837 1841 1856 1911 2589 2598 2602 2603 2604 2605 2606 2607 2608 2609 2610 2611 2612 2613 2614 13024
1129 0 0 2557 2568 2583 2592 5094 5128 5461 5487 5503 5516 6942 6951 6953 6954 6955 6956 6957
1130 0 0 1851 1857 2562 2570 2581 2591 2594 2610 3253 3262 3263 3264 3265 3266 3267 3268 3269 3270 3271 3272
1131 0 0 2586 3539 5466 5476 5505 5548 5553 5555 6955 8782 8809 8826 8846 8850
1132 0 0 2776 4402 4780 4796 7164 8959 8982 8990 8996 9001 10401 10413 10414 10415 10416 10417 10418 10419
1133 0 0 4788 4792 7105 7149 7150 7151 7152 7153 7154 7155 7156 7157 7158 7159 7160 7161 7162 7163
1134 0 0 696 710 1185 1199 1225 1250 2382 3019 3047 3052 3053 3054 3055 3056 3057 3058 3059 3060
1135 0 0 266 270 278 370 697 1169 1172 1173 1174 1175 1176 13025
1136 0 0 280 785 1158 1174 1183 1192 1210 1251 2404 3026 3055 3062 3073 3081 3082 3083 13026
1137 0 0 368 686 698 1175 1186 1200 1224 1225 1226 1227 1228
1138 0 0 1872 1879 1888 1892 1896 3454 3497 5763 5764 5765 5766 5767 5768 5769 5770 13027
1139 0 0 1051 1058 1063 1866 3439 3442 3443 3444 3445 3446 3447 3448 3449 3450 13028
1140 0 0 10399 10400 10401 10402 10403 10404 10405 10406 10407 10408 10409 10410 10411 10412
1141 0 0 2728 4449 7189 8914 8943 8958 8977 8978 8979 8980 8981 8982 8983 8984 8985 8986 8987
1142 0 0 4207 4211 5895 5909 5923 5931 5945 5946 5947 5948 5949
1143 0 0 5924 5936 5938 5950 5951 5952 5953 5954 13029
1144 0 0 3001 3015 3096 3125 3157 3174 3215 4975 4986 4988 4989 4990 4991 4992 4993
1145 0 0 691 694 712 1782 2386 2948 2953 2972 2983 3045 3056 3074 3122 3136 3137 3138 3139 3140 3141 3142 3143 3144 3145 3146
1146 0 0 3066 3080 3140 3162 3176 3181 3182 3183 3184 3185 3186 3187
1147 0 0 2951 2952 2976 2986 2993 3002 3122 3123 3124 3125 3126 3127 3128 3129 3130 3131 3132 3133 3134 3135
1148 0 0 1901 1919 3459 3471 5350 5360 5367 5368 5369 5370 5371 13030
1149 0 0 910 2335 3460 3469 3473 3474 3475 3476 3477 3478 3479 3480 3481 3482 3483 3484 3485 3486 3487 13031
1150 0 0 0 6 7 8 9 13032 13033
1151 0 0 11 44 57 65 67 68 69 13034 13035
1152 0 0 9934 9943 11869 11870 11871 11872 11873 11874 13036
1153 0 0 9620 9928 9941 9950 9960 10931 10939 10940 10941 10942 10943 10944 10945 10946 10947 10948 10949 13037
1154 0 0 5976 5990 6001 6011 8166 8203 8204 8205 8206 8207 8208 8209 8210
1155 0 0 2753 5301 5323 5588 5972 5984 5996 6005 6013 6014 6015 6016 6017 6018 6019 6020 6021
1156 0 0 383 400 405 555 558 877 886 887 888 889 890 891 892 893 894 895 896 897 898 899 900 901 902 903
1157 0 0 73 117 142 152 160 397 831 844 859 866 2919 2922 2965 2978 2985 2987 2988 2989
1158 0 0 114 125 135 150 379 394 404 405 406 407 408 409 410 411 412 413
1159 0 0 841 861 868 890 2913 2962 2979 2988 3223 3227 3230 3231 3232 3233 3234 3235 3236 3237
1160 0 0 6301 6302 6303 6304 6305 6306 6307 6308 6309 6310 6311 6312 6313 6314 6315
1161 0 0 419 1703 2958 2997 3212 4941 4949 4961 4962 4963 4964 4965 4966 4967 4968 4969 4970 4971 4972 4973
1162 0 0 10304 11304 11726 12130 12135 12153 12163 12177 12183 12194 12207 12220 12489 12506 12509 12510 12512
1163 0 0 6767 10178 10179 10180 10181 10182 10183 10184 10185 10186 13038
1164 0 0 12127 12134 12142 12146 12150 12155 12160 12165 12178 12191 12192 12193 12194 12195
1165 0 0 10183 10732 11300 11703 11710 11717 11718 11719 11720 11721 11722 11723 11724 11725 11726 11727 13039
1166 0 0 10611 10620 11574 11601 11613 11625 11633 11643 11644 11645 11646 13040
1167 0 0 10564 10576 10624 11558 11593 11621 11629 11630 11631 11632
1168 0 0 1572 1933 1945 1960 1966 1987 2007 2021 2034 2035 2036 2037 2038 2039 2040
1169 0 0 1994 1999 2547 2664 2671 2681 2694 2695 2696 2697 2698 13041 13042
1170 0 0 1574 1949 1961 1963 1971 1992 1998 1999 13043 13044
1171 0 0 2004 2661 2674 2675 2679 2680 2681 2682 2683 2684 2685 2686 2687
1172 0 0 9112 9123 9315 9336 9346 9347 9348 9349 9350 9351 9352 9353 9354 9355
1173 0 0 4108 6362 6363 6364 6365 6366 6367 6368 6369 6370 6371 6372 6373 6374 6375 6376
1174 0 0 4593 4604 4637 4638 4639 4640 4641 4642 4643 4644 4645 4646 4647 4648
1175 0 0 6939 6948 6952 6957 8732 8734 8735 8736 8737 8738 8739 8740 8741
1176 0 0 6172 9720 9741 10794 11756 11901 11918 11919 11920 11921 11922 11923 11924 13045
1177 0 0 10801 10987 10996 11012 11758 11904 11912 11925 11927 11929 11930 11931 11932
1178 0 0 7861 9382 9409 9641 10515 10528 10573 11554 11560 11582 11591 11600 11623 11630 11637 11638 11639 11640
1179 0 0 10532 10548 10549 10550 10551 10552 10553 10554 10555 10556 10557 10558 10559 10560 10561 10562 10563 10564
1180 0 0 4024 4030 6232 7847 7858 7859 7860 7861 7862 7863 7864 7865 7866 7867 7868 7869
1181 0 0 7848 7884 9665 9682 9683 9684 9685 9686 9687 13046 13047
1182 0 0 4025 4031 7851 7863 7870 7883 7884 7885 7886 7887 13048 13049
1183 0 0 7853 7862 7878 9386 9683 9694 9695 10618 11562 11576 11577 11578 11579 11580 11581 11582 11583
1184 0 0 2251 3828 3892 4174 4187 4192 4193 4194 4195 4196 4197 4198 4199 4200 4201 4202
1185 0 0 4184 4225 4229 4242 4243 4244 4245 4246 4247 4248 4249
1186 0 0 6406 6473 6487 6495 6509 6530 6537 7669 7684 7696 8472 8497 8550 9146 9150 9164 9168 9171 9175 9190 9193 9194 9195 9196 9197 9198 9199 9200
1187 0 0 4200 4237 4248 4315 4331 6377 6378 6379 6380 6381 6382 6383 6384 6385 6386
1188 0 0 4417 4436 4793 7154 7214 8906 8936 8946 8955 8961 8962 8963 8964 8965
1189 0 0 4431 4441 4451 4798 7150 7171 8905 8917 8940 8944 8951 8953 8957 8958 8959 8960
1190 0 0 9769 9778 9785 9836 9855 9872 9878 9885 9890 9891 9892 9893 9894 9895
1191 0 0 8009 9776 9847 9863 9868 9881 9900 9910 10040 10042 10043 10044 10045 10046 10047 10048 10049 10050 10051 10052 10053
1192 0 0 957 1191 1220 1734 1745 1754 1785 3021 3039 3049 3060 3061 3062 3063
1193 0 0 952 1242 1736 1747 1757 1758 1759 1760 1761 1762 1763 1764
1194 0 0 6628 6642 6650 6657 6658 6674 6916 6926 6996 7032 7038 7039 7040 7041
1195 0 0 4574 6633 6682 6920 7028 7042 7080 8773 8791 8802 8814
1196 0 0 4052 4059 4060 4061 4062 4063 4064 4065 4066 4067 4068 4069 4070 4071 4072 4073 13050
1197 0 0 4079 6242 8071 8097 8133 8139 8238 8249 8264 10081 10084 10111 10121 10160 12042 12451 12464 12469 12477
1198 0 0 4067 4080 7110 7138 7159 7183 7202 8026 8138 8172 8206 8212 8225 8239 8249 8250 8251 8252 8253 8254 8255 8256 8257
1199 0 0 4056 4083 6236 6237 6238 6239 6240 6241 6242 6243 13051
1200 0 0 6183 6464 6778 6819 6845 8482 10228 10724 10725 10726 10727 10728 10729 10730 10731 10732 10733
1201 0 0 10736 10752 10763 11344 11369 11370 11376 11661 11672 11680 11681 11682 11683 11684 11685 11686
1202 0 0 6814 10731 10743 11293 11351 11375 11378 11681 11698 11709 11723 11730 11734 11735 11736 11737 11738
1203 0 0 6466 8488 9753 10730 10735 10750 10759 10760 10761 10762 10763 10764 10765 10766 10767
1204 0 0 565 1074 1086 1874 1890 3713 5763 5773 7604 7605 7606 7607 13052
1205 0 0 193 523 540 541 542 543 544 545 546 547 548 549
1206 0 0 2336 3474 3587 3593 3599 3600 3601 3602 3603 3604 3605 3606 3607 3608
1207 0 0 2311 2326 3778 3796 5404 5414 5426 5440 5441 5442 5443 5444 5445 5446 5447 5448 5449 5450 5451
1208 0 0 2318 3521 3732 3751 3760 3770 3771 3772 3773 3774 3775 3776 3777 3778 3779 3780
1209 0 0 5398 5405 5413 5418 5422 5432 5435 5439 5440 5784 5799 5805 5813 5814 5815 5816 5817 5818 5819 5820 5821
1210 0 0 8500 8508 9293 9304 10190 10194 10199 10200 10201 10202 10203 10204 13053
1211 0 0 10189 10198 10206 10210 10962 10975 11000 11070 11074 11075 11076 13054
1212 0 0 817 924 945 1234 1677 2645 3412 3569 5456 5491 5506 5507 5508 5509 5510 5511 5512 13055
1213 0 0 1910 1917 3456 3484 3559 3573 3574 3575 3576 3577 3578 3579 3580 13056
1214 0 0 3943 4872 4884 4892 4920 7747 7755 7770 7808 7814 7819 7825 9019 9412 9473 9506 9529 9539 9540 9541 9542 9543
1215 0 0 3910 3976 3977 3978 3979 3980 3981 3982 3983 3984 13057
1216 0 0 6084 6219 7763 7946 9370 9520 10352 10360 10384 11424 11447 11479 11482 11483 11484 11485
1217 0 0 6601 7921 7951 8669 8671 9428 10387 11435 11460 11477 11495 11501 11504 11511
1218 0 0 2899 2906 4935 4936 4937 4938 4939 4940 4941 4942 4943 4944 4945 4946
1219 0 0 418 570 726 1702 1703 1704 1705 1706 1707 1708 1709 1710 1711 1712 1713 1714 1715
1220 0 0 10069 10070 10071 10072 10073 10074 10075 10076 10077 10078 10079 10080 10081
1221 0 0 5998 8170 8207 8232 8233 8234 8235 8236 8237 8238 8239 8240 8241 8242
1222 0 0 2317 3518 3777 3798 5399 5442 5814 5823 6043 7537 8339 8345 8346 8347 8348 8349 8350 8351 8352 8353
1223 0 0 2338 3481 3501 3591 3599 3755 4350 5410 5434 5437 5779 5797 5803 5804 5805 5806 5807 5808
1224 0 0 3788 3794 5403 5406 5414 5415 5416 5417 5418
1225 0 0 2341 3525 3744 3763 3773 4342 4351 5807 5810 5825 6046 6345 6346 6347 6348 6349 6350 6351 6352 6353 6354
1226 0 0 369 377 690 694 695 696 697 698 699 700 701 702 703 704 705 13058
1227 0 0 141 159 375 707 830 856 865 1166 1178 2918 2924 2949 2954 2981 2982 2983 2984 2985 2986 13059
1228 0 0 281 282 283 284 285 286 287 288 13060
1229 0 0 293 469 1344 1372 1394 1395 1396 1397 1398 1399 1400 1401 13061
1230 0 0 2571 2617 4304 5101 5114 5127 5237 5243 5254 5314 5333 5457 5480 5486 5496 5513 5514 5515 5516
1231 0 0 1492 2627 3997 7024 7049 7050 7051 7052 7053 7054 7055 7056 7057 7058 7059 7060
1232 0 0 2628 4638 5100 5515 6944 6953 7054 8701 8736 8774 8795 8819 8824 8825 8826 8827 8828
1233 0 0 1500 2615 3987 4300 4301 4302 4303 4304 4305 4306 4307 4308 4309
1234 0 0 223 237 537 2157 2163 2164 2165 2166 2167 13062 13063
1235 0 0 208 209 210 211 212 213 214 215 216 217 218 219 220 221 13064 13065 13066
1236 0 0 218 226 257 1131 2156 2157 2158 2159 2160 2161 2162 13067
1237 0 0 221 236 239 242 526 527 528 529 13068
1238 0 0 4779 7194 7198 7818 9025 9483 10412 10425 10446 10450 10454 10459 10476 10486 10488 10489 10490 10491 10492 10493
1239 0 0 2778 4403 7190 7197 8979 8997 9030 9039 10405 10414 10420 10434 10435 10436 10437
1240 0 0 321 458 736 743 1787 1793 1799 1800 1801 1802 1803 1804 1805 1806 13069
1241 0 0 307 789 790 791 792 793 794 795 796 13070 13071
1242 0 0 735 790 805 1786 1793 1794 1795 1796 1797 1798 13072
1243 0 0 311 323 456 778 795 963 1237 1788 1802 1810 1830 1831 13073
1244 0 0 4125 6062 6069 6088 6093 6094 6095 6096 6097 6098 6099
1245 0 0 7707 8013 9406 9491 9638 9652 9952 10350 10570 11022 11036 11039 11047 11050 11051 11052 11053 11054 11055 11056
1246 0 0 6066 6082 6091 7701 7779 9371 9405 9488 9637 9654 10318 10336 10343 10344 10345 10346 10347 10348 10349 10350 10351 10352 10353 10354
1247 0 0 4131 6061 6089 6098 8014 9485 11031 11040 11046 11052 11968 11973 11974 11975 11976 11977 11978 11979
1248 0 0 2075 2088 2701 4507 4508 4509 4510 4511 4512 13074
1249 0 0 2071 2082 2086 2099 2689 2706 2707 2708 13075
1250 0 0 2904 4945 4951 4954 6554 6582 7220 7244 7260 7268 8184 8202 8971 8976 9052 9070 9075 9083 9091 9093
1251 0 0 1710 4936 4947 4956 4961 6307 6317 7253 8153 8160 8175 8188 8190 8191 8192 8193 8194 8195 8196
1252 0 0 11258 11268 11275 11283 12175 12190 12222 12224 12225 13076
1253 0 0 11248 11255 11262 11266 11272 11280 11282 11284 11291 12164 12181 12182 12183 12184 12185 12186 12187 12188 12189 12190
1254 0 0 10179 12122 12158 12172 12198 12211 12218 12221 12222 12223 13077
1255 0 0 9629 11242 11261 11267 11273 11274 11275 11276 11277 11278 11279 11280 13078
1256 0 0 6417 6435 6438 6444 6446 13079 13080
1257 0 0 1541 1549 1550 6419 6429 6432 6443 6447 6449 6450 13081
1258 0 0 2729 2734 3926 3937 4776 7188 8942 8978 8991 9013 10422 10435 10453 10462 10491 10495 10497 10498 10499 13082
1259 0 0 533 2190 2726 3923 3933 10465 10474 10485 10504 10506 13083
1260 0 0 6397 7995 8486 9555 9712 9745 9746 9747 9748 9749 9750
1261 0 0 6465 6844 8487 9546 9716 10724 10734 10735 10736 10737 10738 10739 10740
1262 0 0 7518 7524 7530 7622 7632 7644 7645 7646 7647 7648 7649 7650 7651
1263 0 0 7511 7527 7533 8265 8276 8277 8278 8279 8280 8281 8282 13084
1264 0 0 4871 4883 4893 4908 5682 6216 7757 9018 9036 9469 9481 9514 9523 9529 9530
1265 0 0 7764 7774 7785 9367 9499 9508 9522 11399 11431 11470 11484 11486 11497 11505 11506
1266 0 0 4894 7752 7756 7765 7766 7767 7768 7769 7770 7771 7772 7773 7774
1267 0 0 4126 4909 6057 6076 6113 6220 7762 7775 9032 9369 9467 9482 9484 9498 9509 9518 9519 9520 9521 9522 9523
1268 0 0 1913 2603 3538 5468 5511 5543 5546 5547 5548 5549 5550 5551 13085
1269 0 0 2569 2579 2600 2648 3257 3411 5046 5242 5453 5485 5486 5487 5488 5489 5490 5491 5492 5493
1270 0 0 2557 2558 2559 2560 2561 2562 2563 2564
1271 0 0 5452 5453 5454 5455 5456 5457 5458 5459 5460 5461 5462 5463 5464 5465 5466 5467 5468 5469 5470 5471
1272 0 0 4691 5573 6619 6973 7072 7970 8453 8511 8526 8532 8537 8593 8594 8595 8596 8597 8598 8599
1273 0 0 8678 8689 8696 9569 10299 10309 10311 10312 10313 10314 10315
1274 0 0 4700 6618 6961 8596 8673 8674 8675 8676 8677 8678
1275 0 0 6968 8513 8523 8536 8595 8687 8692 9554 9565 9568 9569 9570 9571 9572 9573 9574 9575 9576
1276 0 0 949 1245 1758 1768 1775 1808 3374 3388 3404 7405 7440 7444 7447 7452 7455 7456 7457 7458
1277 0 0 789 951 1233 1791 1811 1830 3356 3368 3375 3378 3379 3380 3381 13086
1278 0 0 457 965 1219 1236 1765 1789 1801 1807 1808 1809 1810 1811 1812 1813 1814
1279 0 0 941 942 943 944 945 946 947 948 949 950 951 952 953 954 955
1280 0 0 1780 3018 3034 3050 3068 3142 3153 3161 3188 3189 3190 3191 3192 3193 3194
1281 0 0 1248 2387 2394 2395 2396 2397 2398 2399 2400 2401 2402
1282 0 0 3016 3017 3018 3019 3020 3021 3022 3023 3024 3025 3026 3027 3028 3029 3030 3031 3032 3033
1283 0 0 2383 2394 3065 3079 3092 3108 3120 3136 3172 3182 3201 3202 3203 3204 3205 3206 3207
1284 0 0 10858 10867 10876 11004 11800 11802 11815 11816 11817 11818 11819 11820 11821 11822
1285 0 0 10778 10818 10869 10897 10914 10994 11008 11808 11824 11837 11851 11857 11858 11859
1286 0 0 2669 2683 2696 4729 6643 6652 6660 6897 6983 6993 6998 6999 7000 7001 7002 7003
1287 0 0 4670 4674 4716 6624 6980 6988 7015 7019 8709 8711 8712 8713 8714 8715 8716 8717
1288 0 0 2634 4298 4709 4715 4734 6655 6979 6980 6981 6982 6983 6984 6985 6986 6987
1289 0 0 6615 6665 6910 6990 6995 7018 7033 7040 8708 8713 8767 8789 8796 8797 8798 8799 8800 8801
1290 0 0 6304 7334 7351 8318 11081 11090 11091 11092 11093 11094 11095 11096 11097 11098 11099 11100 11101
1291 0 0 4356 5027 6306 6325 6326 6341 7330 7337 7340 7341 7342 7343 7344 7345 7346 7347 7348
1292 0 0 8896 8910 8911 8912 8913 8914 8915 8916 8917 8918 8919
1293 0 0 7088 7153 7187 7205 8854 8867 8879 8880 8908 8931 8934 8962 8967 8972 8973 8974
1294 0 0 2393 2402 2405 2412 2416 2421 3033 3075 3084 3091 3095 13087
1295 0 0 594 600 601 602 603 604 605 606 607 13088
1296 0 0 3225 3231 3668 3677 4099 4359 5024 5734 5756 6339 7320 7325 7326 7327 7328 7329 7330 7331 7332 7333
1297 0 0 1715 2957 3211 3221 3228 3234 3245 4338 4357 4967 5023 5030 6310 6320 6326 6327 6328 6329 6330
1298 0 0 6557 6566 6575 6586 6597 6600 7097 7218 8187 8229 8856 8868 8872 8882 8895 8909 8929 8948 8968 8972 8975 8976
1299 0 0 4805 7093 7204 8952 8964 8966 8974 9042 9055 9056 9057 9058
1300 0 0 1520 2092 4514 4527 6426 6704 6708 6709 6710 6711 6712 6713 6714 6715 6716
1301 0 0 8562 8568 10277 10286 10297 11254 11265 12126 12149 12152 12159 12171 12188 12193 12204 12216 12219 12220
1302 0 0 178 473 482 826 1334 1367 1391 2423 2440 2442 2443 2444 2445 2446 2447 2448 13089
1303 0 0 1347 1355 1361 1368 1370 1371 1372 1373 1374 1375 1376 1377 1378 1379 1380
1304 0 0 173 461 471 1338 1358 1379 1381 1382 1383 1384 1385 1386 1387 1388 1389 1390 1391 1392 1393 13090
1305 0 0 479 606 610 823 1332 1340 1350 2443 3295 3318 3321 3326 3330 3331 3332 3333
1306 0 0 7699 9407 9600 9619 9649 9926 9951 9952 9953 9954 9955 9956 9957 9958 9959 9960 9961 9962 9963 9964
1307 0 0 7708 9404 9597 9603 9613 9635 9636 9637 9638 9639 9640 9641 9642 9643 9644 9645 9646 9647 9648
1308 0 0 2556 7006 8749 8759 8761 8762 8763 8764 8765 13091
1309 0 0 2542 2543 2544 2545 2546 2547 2548 2549 13092 13093
1310 0 0 8114 9779 9786 9852 9873 9875 9876 9877 9878 9879 13094
1311 0 0 8007 8106 9758 9759 9760 9761 9762 9763 9764 9765 9766 9767 9768 9769
1312 0 0 7900 7911 9634 9668 9675 9688 9689 9690 9691 9692 9693 9694
1313 0 0 7842 7843 7844 7845 7846 7847 7848 7849 7850 7851 7852 7853 7854 13095
1314 0 0 1032 1041 3819 3834 3839 3843 3844 3845 13096 13097
1315 0 0 1034 2222 3805 3809 3820 3835 3838 3851 3852 3853 3854 3855 3856 13098 13099
1316 0 0 819 1346 1348 1349 1350 1351 1352 1353 1354 1355
1317 0 0 1366 1376 2435 2442 2457 2471 2488 2499 2514 3292 3309 3313 3314 3315 3316 3317 3318
1318 0 0 1942 1952 1962 1963 1964 1965 1966 1967
1319 0 0 1575 1946 1976 2009 2034 2043 2659 2670 2671 2672 2673 2674 13100
1320 0 0 319 425 436 442 451 452 453 454 455 456 457 458 459 460 13101
1321 0 0 303 308 314 315 316 317 318 13102 13103 13104
1322 0 0 6500 6501 6502 6503 6504 6505 6506 6507 6508 6509 6510 6511 6512 6513 6514 6515 6516
1323 0 0 7660 7661 7662 7663 7664 7665 7666
1324 0 0 11123 11124 11125 11126 11127 11128 11129 11130 11131
1325 0 0 6021 6029 6040 6047 6331 8328 8354 8355 8356 8357 8358 8359 8360 8361 8362 8363 8364 8365
1326 0 0 535 2161 2163 2183 2191 2722 3901 3922 3933 3934 3935 3936 3937 3938 13105
1327 0 0 3952 3959 3967 3972 3975 4455 4462 4777 4887 7193 7199 7818 7819 7820 7821 7822 7823 7824
1328 0 0 3908 3917 3918 3928 3929 3930 3931 3932
1329 0 0 2176 2725 3936 3950 3970 4444 4453 4465 4473 4775 7188 7189 7190 7191 7192 7193 7194 7195
1330 0 0 7879 9387 9604 9647 10523 10550 11246 11438 11521 11540 11545 11547 11551 11552 11554 11555 11556 11557
1331 0 0 9377 9395 9410 9602 9640 10319 10343 10370 10508 10509 10510 10511 10512 10513 10514 10515 10516 10517 10518 10519 10520 10521
1332 0 0 6117 6123 6132 6136 6140 6146 13106
1333 0 0 3915 6134 6137 6144 7733 7735 7806 7812 9454 9472 9507 9527 9532 9536 9537 9538 13107
1334 0 0 6727 6738 8642 8662 9380 9391 9441 10371 10512 10524 11463 11475 11503 11519 11525 11537 11544 11549 11550 11551
1335 0 0 6733 6745 6753 6760 6764 8572 8580 8587 8649 8657 9389 9436 10292 10373 11241 11249 11250 11251 11252 11253 11254 11255 13108
1336 0 0 6231 6724 6725 6726 6727 6728 6729 6730 6731 6732 6733
1337 0 0 8626 8646 8657 8658 8659 8660 8661 8662 8663
1338 0 0 10584 10586 10587 10588 13109 13110 13111
1339 0 0 10580 10600 11569 11583 11599 11606 11614 11615 11616 13112
1340 0 0 10582 10586 10600 10601 10602 13113 13114 13115
1341 0 0 9664 10583 10588 10616 11572 11586 11607 11616 11618 11620 13116 13117
1342 0 0 261 272 275 276 277 278 279 280 13118 13119
1343 0 0 273 775 1194 1206 1209 1212 1213 1214 1215 1216 1217 13120
1344 0 0 263 268 276 297 305 775 776 777 778 779 780 781 782 783 13121 13122
1345 0 0 267 274 371 1172 1187 1208 1216 1226 1229 1230
1346 0 0 4973 6027 6031 6313 6318 6331 6332 6333 6334 6335 6336 6337
1347 0 0 6309 6321 7347 7349 8332 11078 11093 11127 11144 11150 11151 11152
1348 0 0 2779 2806 2811 4400 4424 4446 4467 8981 8995 9023 9028 9029 9030 9031
1349 0 0 4458 4463 4470 4474 4880 5196 7191 7196 7197 7198 7199 7200 7201
1350 0 0 4119 4120 4121 4122 4123 4124 4125 4126 4127 4128 4129 4130 4131
1351 0 0 6064 6065 6066 6067 6068 6069 6070 6071 6072 6073 6074 6075
1352 0 0 1100 1603 1608 2854 2864 2871 2884 2885 2886 2887 2888 2889 2890 13123
1353 0 0 4934 7234 7261 7282 7289 7290 7291 7292 7293 7294 13124
1354 0 0 4081 4116 5991 6000 8251 8263 11058 12040 12043 12047 12450 12457 12465 12467 12476 12477 12478 12479
1355 0 0 2759 4119 5985 5993 6019 6054 6107 7103 7125 7128 7140 7141 7142 7143 7144 7145 7146 7147 7148
1356 0 0 1441 1453 1724 1729 2493 2506 2534 5137 5147 7395 7414 7420 7422 7424 7425 7426 7427 7428
1357 0 0 1817 1827 3385 3401 4615 4636 5145 7385 7407 7436 7441 7450 7451 7457 7459
1358 0 0 1721 1728 1732 1816 1826 5138 5144 5145 5146 5147 5148 5149 5150
1359 0 0 7391 7392 7393 7394 7395 7396 7397 7398 7399 7400 7401 7402 7403 7404 7405 7406 7407
1360 0 0 334 344 619 1504 1531 1537 1541 1542 1543 1544 13125 13126
1361 0 0 340 614 1478 1551 1922 4513 4537 4542 6425 6451 6741 6761 6762 6763 6764 13127
1362 0 0 333 334 335 336 337 338 339 340 341 342 13128
1363 0 0 1506 1533 1544 1547 1553 4522 4525 6420 6424 6448 6450 6451 6452 6453 13129
1364 0 0 213 222 235 528 530 531 532 533 534 535 536 537 538 539 13130
1365 0 0 219 225 238 239 240 241 13131 13132
1366 0 0 2314 3723 3730 3753 3793 5258 5280 5326 5338 5339 5340 5341 5342 5343 5344
1367 0 0 2657 3154 3719 3740 5057 5245 5261 5294 5310 5498 5517 5529 5622 5625 5852 5861 5865 5866 5867 5868
1368 0 0 2862 2887 4254 4263 4275 4925 4926 4927 4928 4929 4930 4931 4932 4933 4934 13133
1369 0 0 7228 7229 7230 7231 7232 7233 7234 7235 7236 7237 7238 7239 7240 7241 7242
1370 0 0 6711 6722 6860 6881 6901 6915 8557 8565 10240 10247 10262 10275 10281 10282 10283 10284 10285 10286
1371 0 0 1927 2001 2062 2091 4286 4519 6648 6701 6702 6703 6704 6705 6706 6707
1372 0 0 1047 3436 3442 3453 3861 3874 5354 5376 5383 5384 5385 5386 5387 5388 5389 5390 5391 13134
1373 0 0 1045 1052 1053 1054 1055 1056 1057 1058 13135
1374 0 0 5585 6071 6078 6110 6222 7937 8381 9521 10323 10348 10355 10356 10357 10358 10359 10360
1375 0 0 7976 8380 9585 10326 10333 10376 10379 10380 10381 10382
1376 0 0 3553 3554 3555 3556 3557 3558 3559 3560 3561 3562
1377 0 0 1912 1920 2604 3536 3575 5465 5484 5512 5524 5534 5540 5541 5542 5543 5544 13136
1378 0 0 1380 1393 1401 1403 1409 1422 1426 1431 1436 1443 1451 1459 1730 2493 2494 2495 2496 2497 2498
1379 0 0 1418 1424 1427 1449 1462 1469 1475 1476 1477 13137
1380 0 0 6353 7516 7526 7532 7650 8274 8282 8295 8298 8305 8308 8309 8310
1381 0 0 7624 7631 7640 7643 7651 7655 7659 8275 8289 8293 8303 8304 13138
1382 0 0 1685 1694 2936 3564 3581 3582 3583 3584 3585 3586 3587 3588 3589 3590
1383 0 0 896 918 931 940 1690 1699 2329 2330 2331 2332 2333 2334 2335 2336 2337 2338 2339 2340 2341
1384 0 0 7828 7829 7830 7831 7832 7833 7834 7835 13139
1385 0 0 7890 7891 7892 7893 7894 7895 7896 7897 7898 7899 7900 13140
1386 0 0 7828 7843 7890 7909 9633 9670 9672 9689 9696 13141
1387 0 0 7831 7893 7901 9622 9925 9931 9940 9941 9942 9943 9944 9945 13142
1388 0 0 2012 4289 4732 6646 6651 6652 6653 6654 6655 6656 6657
1389 0 0 2003 2065 2667 2685 2691 2705 4559 6631 6644 6659 6677 6702 6855 6877 6886 6894 6896 6897 6898 6899
1390 0 0 1030 1031 1032 1033 1034 1035 1036 1037 13143 13144
1391 0 0 1040 3435 3845 3872 3873 3874 3875 3876 13145
1392 0 0 11749 11754 12215 12260 12482 12491 12492 12493 12494 13146
1393 0 0 11324 11656 11659 11671 11677 11741 12206 12226 12227 12228 12229 12230 12231 12232 12233
1394 0 0 9593 9606 9616 9631 9947 11244 11279 11288 11652 11740 11741 11742 11743 11744 11745 11746 11747 11748 11749 13147
1395 0 0 11664 11674 11679 11686 11697 11705 11712 11716 11727 11733 11738 11739 12139 12232 12257 12270 12277 12337 12487 12498 12500 12503 12504 12508 12509 13148
1396 0 0 79 95 195 199 200 201 202 203 204 205 206 207 13149
1397 0 0 97 215 234 248 253 484 485 486 487 488 489 13150 13151
1398 0 0 4512 6850 6870 6874 6882 6888 6904 6917 8395 8449 10232 10244 10245 10246 10247 10248 10249 10250
1399 0 0 8606 8612 8617 10235 10255 10259 10260 10261 10262 10263 10264 10265 10266
1400 0 0 908 909 910 911 912 913 914 915 916 917 918 13152
1401 0 0 171 676 808 809 810 811 812 813 814 815 816 817 818 13153
1402 0 0 1102 1111 1605 1607 2853 2869 2870 2871 2872 2873 2874 2875
1403 0 0 2890 4743 4835 6550 6576 7229 7251 7257 7258 7259 7260 7261 7262 7263 7264 7265
1404 0 0 1521 2093 6706 6712 6717 6718 6719 6720 6721 6722 6723
1405 0 0 345 1517 1538 1926 2000 2025 2039 2042 2047 2055 2057 2058 2059 2060 2061 2062 2063 2064
1406 0 0 4037 8036 8040 8041 8042 13154 13155
1407 0 0 4038 8035 8036 8037 8038 8039 13156 13157
1408 0 0 2223 3804 3809 3810 3811 3812 13158
1409 0 0 1036 2221 3800 3801 3802 3803 3804 3805 3806 3807 3808 13159
1410 0 0 4484 4545 6751 6754 7874 8576 8581 8586 8588 8592 13160
1411 0 0 4478 4553 6413 6431 6432 6433 6434 6435 6436 6437 13161 13162
1412 0 0 7522 7534 7635 7649 8271 8277 8287 8291 8293 8294 8295 8296 13163
1413 0 0 7511 7512 7513 7514 7515 7516 7517 7518 7519 7520
1414 0 0 11316 11327 11332 11337 11354 11658 11670 11675 11676 11677 11678 11679
1415 0 0 11296 11307 11668 11700 11734 12128 12129 12130 12131 12132 12133 12134
1416 0 0 10298 11240 11253 11312 11319 11329 11653 11678 12154 12167 12184 12195 12203 12204 12205 12206 12207 12208 12209
1417 0 0 11348 11368 11660 11665 11666 11667 11668 11669 11670 11671 11672 11673 11674
1418 0 0 10776 10795 10899 10903 10917 11695 11813 11836 11853 11866 11867 11868 13164
1419 0 0 11696 11814 11863 12239 12269 12276 12293 12315 12331 12333 12334 12335 12336 12337 13165
1420 0 0 1 8 41 59 62 849 2742 4282 5727 5728 5729 13166 13167
1421 0 0 48 850 2747 4281 5739 7578 7590 7598 7613 13168
1422 0 0 49 53 848 2741 2742 2743 2744 2745 2746 2747 2748 2749 13169
1423 0 0 6 12 45 64 69 4280 4281 4282 4283 13170 13171 13172
1424 0 0 4017 4018 4019 4020 4021 4022 4023 13173
1425 0 0 4084 6049 7127 7142 8017 8027 8032 8256 8260 11057 11974 11980 12452 12466 12473 12474 12479 12481
1426 0 0 6257 6258 6259 6260 6261 6262 6263 6264 6265 13174 13175
1427 0 0 6275 6291 6297 8080 8081 8082 8083 8084 8085 8086 8087 8088 8089 13176
1428 0 0 9724 9730 9790 9791 9792 9793 9794 9795 9796 13177
1429 0 0 6147 6148 6149 6150 6151 13178 13179
1430 0 0 6121 6143 7721 7724 7729 7730 7731 7732 7733 7734
1431 0 0 6115 6123 6124 6125 6126 6127 6128 13180 13181
1432 0 0 9933 9934 9935 9936 9937 9938 9939 13182 13183
1433 0 0 11874 11881 11887 11893 11898 12296 12306 12343 12348 12349 12350 12351 12352
1434 0 0 5787 7471 7476 7621 7637 9129 9133 9254 9260 9268 9274 9279
1435 0 0 3440 3447 3452 5765 5791 5795 7475 7492 7502 7503 7504 7505 7506 7507 7508 13184
1436 0 0 5893 5912 5933 5943 5949 5963 6153 6175 6176 6177 6178 6179 13185
1437 0 0 4134 6152 6162 6163 6164 6165 6166 6167 6168 6169 6170 6171 6172 6173 6174 13186 13187
1438 0 0 4127 6080 7775 7776 7777 7778 7779 7780 7781
1439 0 0 9368 9504 9519 10513 11401 11425 11444 11468 11480 11485 11486 11487 11488
1440 0 0 7116 7794 8999 9007 10407 10438 10447 10452 10456 10471 10476 10477 10478 10479
1441 0 0 7167 8985 8989 9005 9011 9015 10399 10415 10421 10426 10466 10469 10494 10497 10503 13188
1442 0 0 2238 2243 3869 4143 4153 4154 4155 4156 4157 4158 4159 4160 4161 4162 13189
1443 0 0 4144 4166 5904 6776 6790 6800 6808 6809 13190 13191
1444 0 0 2320 2328 3726 3736 3779 3784 3790 3791 3792 3793 3794 3795 3796 3797 3798 3799
1445 0 0 2315 5279 5318 5338 5446 5592 6026 6039 6045 7536 7545 8348 8356 9311 9323 9331 9332 9333 9334
1446 0 0 2310 2321 2322 2323 2324 2325 2326 2327 2328
1447 0 0 2316 3524 3731 3746 3762 3775 4346 5319 5339 6038 6041 6042 6043 6044 6045 6046 6047
1448 0 0 4055 4072 4087 6236 6249 6253 6281 8064 8070 8075 8132 8133 8134 8135
1449 0 0 4053 4064 4075 6237 6245 6251 13192
1450 0 0 4058 4065 4074 4075 4076 4077 4078 4079 4080 4081 4082 4083 4084 4085 4086 4087 13193
1451 0 0 4054 4069 6241 6246 6251 6252 6253 6254 6255 6256 13194
1452 0 0 82 100 101 102 103 104 13195 13196
1453 0 0 539 967 968 969 970 971 972 973 974 975 976
1454 0 0 80 205 228 500 509 973 990 1001 1002 1003 1004 1005 1006
1455 0 0 103 974 1008 1011 1012 1013 1014 1015 1016 13197
1456 0 0 4935 4968 5031 6302 6316 6330 7250 8153 8154 8155 8156 8157
1457 0 0 5029 5035 6328 7286 7314 7323 7332 7334 7335 7336 7337 7338 7339
1458 0 0 2376 3654 3655 3656 3657 3658 3659 3660 3661 3662 13198
1459 0 0 2374 4487 4499 4916 9418 9424 9434 13199
1460 0 0 2129 2146 3285 3640 3650 4460 5192 5646 5665 5690 5691 5705 5706
1461 0 0 1135 1415 2113 2126 2140 2148 2149 2150 2151 2152 2153 2154 2155
1462 0 0 3847 4040 4041 4042 4043 4044 13200 13201 13202
1463 0 0 4047 4135 4136 4137 4138 4139 4140 13203
1464 0 0 12034 12041 12046 12049 12073 12446 12454 12455 12456 12457 12458 12459 12460 13204
1465 0 0 4077 8029 12448 12463 12466 12467 12468 12469 13205
1466 0 0 8021 8030 8033 12449 12460 12468 12471 12474 12475 12476 13206
1467 0 0 4078 6238 8082 8094 8124 9918 11768 12033 12036 12045 12447 12454 12461 12463 12464 12465 13207
1468 0 0 6367 8002 8111 8128 9105 9350 9765 9783 9848 9858 9859 9860 9861 9862 9863 9864 9865 9866 9867
1469 0 0 6375 8010 9762 9770 9771 9772 9773 9774 9775 9776 9777 9778
1470 0 0 3526 6351 6360 7517 8302 8309 8312 8324 8342 9233 10125 10131 10132 10133 10134 10135 10136 10137
1471 0 0 4098 4353 4354 4355 4356 4357 4358 4359 4360 4361 4362
1472 0 0 3522 3752 4344 6033 6041 6342 6345 8357 10126 10133 10138 11124 11138 11139 11140 11141
1473 0 0 4095 4097 4358 6355 7326 7340 7515 7656 8266 8279 8285 8288 8300 8307 8308 8311 8312 8313 8314 8315 8316 8317
1474 0 0 6059 7795 8012 9463 9478 9487 9493 9494 9495 9496 9497
1475 0 0 7800 8019 9009 9470 9475 9517 9526 9531 9532 9533 9534 9535 13208
1476 0 0 3986 4307 5118 5210 5234 5297 5311 5329 5610 5623 5649 5651 5669 5678 5703 5711 5713 5714 5715 5716
1477 0 0 2573 5042 5093 5113 5126 5204 5218 5231 5241 5250 5251 5252 5253 5254 5255 5256
1478 0 0 2616 3992 4006 4305 4490 4588 4646 5092 5108 5112 5113 5114 5115 5116 5117 5118 5119 5120 5121 5122 5123 5124
1479 0 0 5202 5203 5204 5205 5206 5207 5208 5209 5210 5211
1480 0 0 1043 3807 3831 3842 3844 3856 3872 3882 3889 4188 4241 4332 6381 6408 6496 6529 6542 7484 9143 9162 9167 9170 9171 9172
1481 0 0 3880 4183 4217 4236 4246 4310 4311 4312 4313 4314 4315 4316 4317 4318
1482 0 0 4330 6378 6403 6405 6406 6407 6408 6409
1483 0 0 3808 3812 3823 3830 3841 3851 3877 3878 3879 3880 3881 3882 3883 3884 3885
1484 0 0 4765 4851 6558 6559 6560 6561 6562 6563 6564 6565 6566 13209
1485 0 0 8853 8854 8855 8856 8857 8858 8859 8860 8861 8862 8863 13210
1486 0 0 6268 6288 6294 6295 6296 6297 6298 6299 6300 13211
1487 0 0 6257 6266 6272 6273 6274 6275 6276 6277 13212 13213
1488 0 0 3906 3909 3929 3945 3958 3973 3979 5710 7746 7807 7821 7825 7826 7827 13214
1489 0 0 2162 2167 2178 2184 2188 2721 3899 3920 3935 3947 3953 3963 3968 3969 3970 3971 3972 13215
1490 0 0 2143 2153 2175 2186 3648 3939 3940 3941 3942 3943 3944 3945 3946 3947 3948 3949 3950 3951 3952
1491 0 0 2156 2165 2192 3899 3900 3901 3902 3903 3904 3905 3906 3907 3908 13216 13217
1492 0 0 4565 4584 4686 5562 6518 6863 6872 6889 6922 6931 7677 7687 8401 8407 8414 8415 8416 8417 8418 8419 8420
1493 0 0 4695 8432 8452 8457 8509 8522 8523 8524 8525 8526 8527 8528 8529
1494 0 0 561 1082 3714 4104 7597 7606 7609 7610 7611 7612 13218
1495 0 0 8265 8266 8267 8268 8269 8270 8271 8272 8273 8274 8275 13219
1496 0 0 6354 6361 7617 7654 7658 8272 8290 8297 8298 8299 8300 8301 8302 8303
1497 0 0 4106 7325 7580 7595 7612 7625 8268 8283 8284 8285 8286 8287 13220
1498 0 0 1577 1591 1664 1670 2844 2847 2848 2849 2850 2851 13221
1499 0 0 1581 1587 1594 1595 1596 1597 13222
1500 0 0 9727 9732 9791 10783 10793 10799 10807 10808 10809 10810 10811 10812 10813 13223
1501 0 0 11760 11903 11916 11923 11926 11927 11928
1502 0 0 525 1064 1876 1880 1881 1882 1883 1884 1885 1886 1887 1888 13224
1503 0 0 1052 1059 1060 1061 1062 1063 13225 13226
1504 0 0 338 617 1478 1479 1480 1481 1482 1483 1484 1485 13227
1505 0 0 4011 4293 4531 4532 4533 4534 4535 4536 4537 4538 4539 13228
1506 0 0 282 289 432 448 450 756 764 1397 1407 1423 1427 1428 1429 1430 1431 13229 13230
1507 0 0 287 315 322 427 433 439 440 441 442 443 13231 13232
1508 0 0 286 439 449 450 13233 13234
1509 0 0 424 438 447 459 745 755 763 764 765 766 767 768 769
1510 0 0 3878 3891 4182 4186 4201 4218 4236 4237 4238 4239 4240 4241 4242
1511 0 0 3813 3814 3815 3816 3817 3818 3819 3820 3821 3822 3823 3824 3825 3826 13235
1512 0 0 2110 2247 3825 3829 3864 3865 3886 3887 3888 3889 3890 3891 3892 3893 13236
1513 0 0 3815 3836 3855 3879 4176 4190 4209 4210 4211 4212 4213 4214 4215 4216 4217 4218 13237
1514 0 0 719 858 865 866 867 868 869 870 871
1515 0 0 60 71 139 390 715 830 831 832 833 834 835 836 837 838 839 840 841 842 13238
1516 0 0 2803 4401 4430 4439 4443 4786 4797 7172 8945 8954 8957 8980 8995 8996 8997 8998
1517 0 0 2772 2782 2796 2809 2824 4399 4407 4423 4424 4425
1518 0 0 4257 4268 4276 4279 4926 5721 5722 5723 5724 5725 5726 13239
1519 0 0 2831 3690 3697 3698 3699 3700 3701 3702 3703 3704 3705 3706 3707
1520 0 0 585 593 656 2739 4806 4819 4820 4821 4822 4823 4824 4825 4826 4827 4828 13240
1521 0 0 353 354 355 356 357 358 13241 13242
1522 0 0 356 587 2735 2736 2737 2738 2739 2740 13243
1523 0 0 355 4813 4824 4830 4854 4855 4856 4857 4858 13244 13245
1524 0 0 10316 10317 10318 10319 10320 10321 10322 10323 10324 10325 10326 10327 10328 10329 10330 10331
1525 0 0 8382 9563 9571 9586 10334 10345 10380 10391 10687 10713 10719 11044 11340 11355 11358 11359 11360 11361 11362 11363 11364
1526 0 0 6124 7713 7737 9448 10589 10590 10591 10592 13246
1527 0 0 7715 10533 10559 10578 10593 10603 10604 13247 13248
1528 0 0 7905 9666 9673 9684 9692 9697 10608 10612 10613 10614 10615 10616 10617 10618 10619 10620
1529 0 0 11558 11559 11560 11561 11562 11563 11564 11565 11566 11567 11568 11569 11570 11571 11572 11573 11574 11575 13249
1530 0 0 361 1578 1599 2258 2259 13250 13251
1531 0 0 362 669 1668 2861 4250 4251 4252 4253 4254 4255 4256 4257 13252
1532 0 0 359 668 1576 1665 1669 2258 2848 2852 2860 2861 2862 2863 2864 2865 2866 2867 2868 13253 13254
1533 0 0 360 666 2860 4256 13255 13256
1534 0 0 421 571 1124 1708 2903 4419 4804 4948 4957 6556 7096 8193 8969 9047 9057 9063 9071 9075 9076 9077 9078
1535 0 0 422 566 583 645 718 721 722 723 724 725 726 727 728 729 730 731 732 733 13257
1536 0 0 416 567 584 651 729 1120 1121 1122 1123 1124 1125 1126 1127 1128 1129
1537 0 0 569 655 731 1615 1707 2896 2900 2901 2902 2903 2904 2905 2906
1538 0 0 6700 6966 8512 8534 8535 8536 8537 8538 8539 8540
1539 0 0 4701 5565 5569 5570 5571 5572 5573 5574 5575 5576
1540 0 0 5044 5052 5064 5075 5081 5215 5248 5255 7373 7396 7409 7418 7429 7430 7431 7432 7433
1541 0 0 2566 2582 2599 3248 3262 5037 5045 5098 5115 5125 5126 5127 5128 5129 5130
1542 0 0 5039 5091 5122 5125 5251 7367 7371 7372 7373 7374 7375
1543 0 0 2574 2595 2638 2650 3247 3369 3408 5038 5045 5046 5047 5048 5049 5050 5051 5052
1544 0 0 4876 4888 4901 4910 4924 5641 5662 5671 5681 5682 5683 5684 5685
1545 0 0 2812 4868 4885 5198 7200 7820 9016 9017 9018 9019 9020 9021 9022 9023 9024 9025 9026 9027
1546 0 0 3641 3944 3966 4459 4869 4877 4878 4879 4880 4881 4882 4883 4884 4885 4886 4887 4888
1547 0 0 2757 2819 4123 4873 4903 5683 5699 6052 6106 7120 7148 9021 9032 9033 9034 9035 9036 9037 9038
1548 0 0 5978 6002 6003 6004 6005 6006 6007 6008 6009 6010 6011 6012
1549 0 0 2351 2750 2751 2752 2753 2754 2755 2756 2757 2758 2759 2760 2761 2762 2763 2764 2765 2766 2767 2768 2769 2770 2771 2772
1550 0 0 734 1456 1716 1794 1803 1815 1822 1823 1824 1825 1826 1827 1828 1829 13258
1551 0 0 429 451 740 744 759 763 1428 1445 1461 1468 1469 1470 1471 13259
1552 0 0 320 455 734 735 736 737 738 739 740 741 742 13260
1553 0 0 1449 1450 1451 1452 1453 1454 1455 1456 1457 1458 13261
1554 0 0 9103 9864 10007 10018 10027 10034 10039 10042 10057 11062 11063 11064 11065 11066 13262
1555 0 0 9788 9851 9876 10038 10051 10961 11067 11070 11071 11072 11073 13263
1556 0 0 7840 7910 9676 9923 9930 10607 10612 11568 11587 11604 11609 11610 11611 11612 11613 13264
1557 0 0 7830 7839 9671 9680 9681 13265
1558 0 0 7838 9663 9677 9681 10613 11573 11585 11608 11609 11620 13266 13267
1559 0 0 7829 7837 9679 9680 9924 9930 9931 9932 13268 13269
1560 0 0 105 146 153 154 402 407 872 894 939 2907 2921 2922 2923 2924 2925 2926
1561 0 0 10 32 88 109 120 127 128 129 130 131 132 133 13270
1562 0 0 110 132 144 154 155 156 157 158 159 160 161
1563 0 0 20 27 29 108 118 119 120 121 122 123 124 125 126
1564 0 0 6459 6780 6787 6816 6825 6831 6846 10227 10729 11292 11293 11294 11295 11296
1565 0 0 6823 6830 6837 6848 8425 8604 8610 8679 10241 10254 10257 10260 10268 10276 10282 10287 10288 10289
1566 0 0 7700 9651 9922 9953 10566 10606 10622 11021 11050 11649 11650 11891 12023 12059 12064 12065 12066 12067 12068 12069 12070 13271
1567 0 0 7702 9397 9398 9399 9400 9401 9402 9403 9404 9405 9406 9407 9408 9409 9410 9411
1568 0 0 194 386 541 550 551 552 553 554 555 556
1569 0 0 15 21 22 23 24 25 26 27 13272 13273
1570 0 0 18 25 31 119 138 149 190 379 380 381 382 383 384 385 386 387 388
1571 0 0 22 35 188 519 540 551 563 1075 1875 7577 7601 7607 7608 13274 13275
1572 0 0 8049 8057 8065 8073 8076 8079 8089 8099 8103 8134 8136 8144 8214 8478 9100 10074 10085 10087 10099 10108 10109 10110 10111 10112
1573 0 0 6239 6255 6258 6278 6279 6280 6281 6282 6283 6284 6285 13276
1574 0 0 8766 8767 8768 8769 8770 8771 8772 8773 8774 8775 8776 8777 8778 8779 8780 8781 8782 8783 8784 8785 8786 8787
1575 0 0 4678 6614 7018 7019 7020 7021 7022 7023 7024 7025 7026 7027
1576 0 0 8704 8710 8717 8721 8727 8785 8817 8832 8848 8851
1577 0 0 7027 7037 7041 7048 7060 7068 7074 7079 7081 7967 7987 8707 8766 8788 8789 8790 8791 8792 8793 8794 8795
1578 0 0 7099 7100 7101 7102 7103 7104 7105 7106 7107 7108 7109 7110 7111 7112 7113
1579 0 0 7123 7133 9003 10406 10428 10430 10438 10439 10440 10441
1580 0 0 2309 2321 5277 5447 5587 5603 6697 7535 7545 7546 7547 7548 7549 7550 7551
1581 0 0 2312 2324 3727 3735 3791 5257 5258 5259 5260 5261 5262 5263 5264 5265 5266 5267 5268
1582 0 0 1309 1383 1420 2114 2126 2127 2128 2129 2130 2131 2132 2133 2134 2135 2136 2137
1583 0 0 1303 2115 2172 2723 4442 4452 4464 4471 4472 4473 4474
1584 0 0 9828 9933 11876 11884 11894 11895 11896 11897 11898 13277 13278
1585 0 0 9937 11879 12347 12351 12405 12425 12436 12437 12438 12439 12440 13279
1586 0 0 7513 8280 8314 8325 8338 9232 9233 9234 9235 9236 9237 9238 9239 9240 9241 9242
1587 0 0 11172 11184 11186 11198 11199 11200 11201 11202 11203
1588 0 0 8322 8364 9241 9327 9363 10135 11088 11092 11134 11142 11153 11161 11162 11169 11170 11171 11172 11173
1589 0 0 8281 9240 9263 9272 9359 11164 11176 11183 11226 11235 12089 12098 12107 12110 12115 12116 13280
1590 0 0 11990 12000 12008 12020 12028 12030 12050 12051 12052 12053 12054 12055
1591 0 0 12399 12400 12401 12402 12403 12404 12405 12406 12407 12408 12409 12410 13281
1592 0 0 10926 11784 11948 11964 11997 12001 12009 12010 12011 12012 12013 12014 12015 12016 12017 12018 12019 12020
1593 0 0 11985 11999 12051 12062 12403 12415 12419 12426 12429 12430 12431 12432 12433 13282
1594 0 0 8048 8143 8474 10072 10091 10092 10093 10094 10095 10096 10097 10098 10099 10100 13283
1595 0 0 8476 9098 9977 10030 10113 10122 10147 10158 10162 11189 11204 11210 11211 11212 11213 13284
1596 0 0 7011 7017 8722 8742 8746 8764 8780 8835 8837 8842 8847 8848 8849
1597 0 0 3999 4668 4679 4714 4721 7013 7022 7055 7956 8697 8705 8712 8718 8719 8720 8721
1598 0 0 4710 4717 4722 4727 6986 7008 7012 7013 7014 7015 7016 7017
1599 0 0 4639 6941 8700 8725 8730 8739 8776 8818 8824 8832 8833 8834 8835
1600 0 0 4112 5973 5988 6017 6365 8363 9110 9317 9321 9344 9348 9972 9988 9993 10008 10009 10010 10011 10012 10013 10014 10015
1601 0 0 4113 5999 6368 8092 8127 8232 8262 9984 9986 9994 9999 10026 10124 10155 10163 12037 12042 12043 12044 12045 12046
1602 0 0 4107 4108 4109 4110 4111 4112 4113 4114 4115 4116 4117 4118
1603 0 0 8237 9967 9980 9987 9995 10000 10010 10020 10149 10156 10162 10163 10164 10165 10166
1604 0 0 1138 2118 2133 2473 2481 2511 2797 2821 3286 4447 4469 4471 5163 5172 5189 5190 5200 5201
1605 0 0 1143 1145 1146 1147 1148 1149 1150 1151 1152 1153 1154 1155 1156
1606 0 0 1684 1685 1686 1687 1688 1689 1690 1691 1692
1607 0 0 899 914 928 934 937 1698 2331 2910 2927 2932 2933 2934
1608 0 0 9042 9043 9044 9045 9046 9047 9048 9049 9050 9051 9052 9053 9054
1609 0 0 6585 6596 7208 7216 7217 7218 7219 7220 7221 7222 7223 7224 7225 7226 7227
1610 0 0 1667 1672 2827 2842 2847 2865 3689 3697 4253 4258 4259 4260 4261 4262 4263 4264 4265 4266 4267 4268
1611 0 0 1630 1640 1655 1656 1657 1658 1659
1612 0 0 3556 3567 3629 3636 3720 3768 5495 5519 5523 5855 5862 5866 5874 5876 5877 5878 5879
1613 0 0 2940 2970 3128 3155 3583 3594 3741 3761 4349 5054 5853 5864 5867 5869 5870 5871 5872 5873
1614 0 0 1554 3542 4555 4567 4578 5841 6519 6640 6667 6680 6864 6865 6873 6891 6927 6928 6929 6930 6931 6932 6933 13285
1615 0 0 1556 1564 1565 1566 1567 1568 1569 1570 13286
1616 0 0 11290 11715 11719 11732 11752 12136 12201 12212 12486 12494 12501 12504 12505 12506 12507 13287
1617 0 0 9615 9946 10945 11744 11750 12235 12245 12259 12260 12261 12262 12263 13288
1618 0 0 11274 11289 11743 11750 11751 11752 11753 11754 13289
1619 0 0 12233 12244 12249 12252 12258 12263 12271 12273 12278 12281 12336 12485 12495 12502 12503 13290
1620 0 0 4685 4686 4687 4688 4689 4690 4691 4692 4693 4694 4695 4696 4697 4698 4699 4700 4701 4702
1621 0 0 3530 3551 4564 5271 5475 5559 5846 6924 7029 7042 7043 7044 7045 7046 7047 7048
1622 0 0 4697 6625 6907 6925 7020 7028 7029 7030 7031 7032 7033 7034 7035 7036 7037
1623 0 0 4563 4685 5556 5557 5558 5559 5560 5561 5562 5563 5564 5565 5566 5567 5568
1624 0 0 10956 10966 10976 10981 10988 10992 10999 11003 11009 11013 11899 11911 11912 11913 11914 11915 13291
1625 0 0 8000 8499 8501 10192 10203 10208 10209 10210 10211 10212 10213 10214 10215 10216 10217 13292
1626 0 0 7990 8505 10215 10802 10817 10827 10833 10872 10967 10998 11010 11011 11012 11013
1627 0 0 10208 10954 10960 10973 11000 11001 11002 11003 13293
1628 0 0 598 602 2410 2413 2414 2415 2416 13294
1629 0 0 3025 3040 3067 3166 3183 3193 3303 3329 3341 3349 3350 3351 3352
1630 0 0 1254 2390 2397 3024 3053 3064 3074 3075 3076 3077 3078 3079 3080
1631 0 0 607 613 3087 3119 3177 3202 3299 3328 3333 3335 3336 3337 3338 3339 3340 3341
1632 0 0 6180 6181 6182 6183 6184 6185 6186 6187 6188 13295
1633 0 0 4245 6388 6460 6842 7999 8485 9547 9706 9710 9711 9712 9713 9714 9715 9716 9717
1634 0 0 4221 4232 5891 5905 5915 6187 6192 6454 6455 6456 6457 6458 6459 6460 6461 6462 6463 6464 6465 6466
1635 0 0 6188 8484 9711 9737 9747 9751 9752 9753 9754 9755 9756 9757
1636 0 0 4024 4025 4026 4027 4028 4029 13296 13297
1637 0 0 4032 4549 6228 6747 6755 7854 7858 7871 7887 7888 7889 13298
1638 0 0 1738 1751 1762 1784 2505 2524 3016 3034 3035 3036 3037 3038 3039 3040 3041 3042 3043 3044
1639 0 0 3291 3292 3293 3294 3295 3296 3297 3298 3299 3300 3301 3302 3303 3304 3305 3306 3307
1640 0 0 1341 1351 1373 1394 1434 1748 2502 2523 3042 3093 3293 3310 3316 3319 3320 3321 3322 3323
1641 0 0 3029 3041 3071 3089 3163 3184 3201 3305 3327 3339 3349 3353
1642 0 0 4690 6859 6871 6895 6919 6932 8396 8411 8415 8430 8447 8448 8449 8450 8451 8452 8453 8454
1643 0 0 2246 2703 3871 4509 4577 6868 6875 8400 8602 10239 10249 10253 10258 10271 10280 13299
1644 0 0 6849 6850 6851 6852 6853 6854 6855 6856 6857 6858 6859 6860 6861 6862 6863 6864
1645 0 0 2250 4582 6827 6833 8402 8404 8426 8600 8601 8602 8603 8604 8605 8606
1646 0 0 4249 4317 6380 6387 6388 6389 6390 6391 6392 6393 6394 6395 6396 6397 6398 6399
1647 0 0 4313 4327 4333 6379 6400 6405 6492 6493 6494 6495 6496 6497 6498 6499
1648 0 0 2749 7573 7586 7587 7588 7589 7590 13300
1649 0 0 398 557 845 892 2746 3663 4096 7574 7584 7589 7595 7596 7597 7598 7599 7600 7601 13301
1650 0 0 107 123 130 166 408 814 872 873 874 875 876 877 878 879 880
1651 0 0 111 157 170 373 674 810 927 936 1697 2909 2925 2927 2928 2929 2930 2931
1652 0 0 639 1024 6252 6278 8050 8072 8074 8077 8078 8079 13302 13303
1653 0 0 638 1025 1099 1601 1607 1608 1609 1610 1611 1612 13304 13305
1654 0 0 640 1095 1610 2886 4739 7293 7304 8046 8053 8077 8141 8142 8143 8144 8145 8146 13306
1655 0 0 636 1024 1025 1026 1027 1028 1029 13307
1656 0 0 5451 5819 7464 7543 7695 8341 8347 9124 9134 9159 9185 9204 9208 9212 9216 9222 9227 9228 9229 9230 9231
1657 0 0 6477 6481 7541 7554 7560 7561 7562 7563 7564 7565 7566 7567 7568 7569 7570 7571
1658 0 0 5449 6488 6514 6689 7465 7538 7553 7566 7666 7671 7691 7692 8546 8549 9154 9176 9197 9201 9202 9203 9204 9205 9206
1659 0 0 7562 9218 9225 9229 9252 9284 9290 9298 9299 9300 9301 9302
1660 0 0 5979 5994 6004 7108 7129 7143 7174 8028 8174 8205 8233 8250 8259 8260 8261 8262 8263 8264
1661 0 0 4110 5971 5981 5982 5983 5984 5985 5986 5987 5988 5989 5990 5991
1662 0 0 3902 3913 3930 3955 4778 7803 7822 7826 9540 10468 10480 10489 10496 10501 10507
1663 0 0 2189 3905 3918 3919 3920 3921 3922 3923 3924 3925 3926 3927
1664 0 0 1576 1577 1578 1579 1580 1581 1582 1583 1584 1585 1586 13308 13309
1665 0 0 2846 2851 2859 2868 2875 2883 2888 4250 4267 4843 4932 7239 7273 7299 7305 7308
1666 0 0 1026 1098 1108 2715 4740 4747 4748 4749 4750 4751 4752
1667 0 0 2716 4063 4755 4764 4771 4772 4773 13310
1668 0 0 7473 7483 7494 7501 7508 7510 9247 9266 9274 9275 9276 9277 9278 13311
1669 0 0 3434 7469 7482 7485 7500 7502 7509 7510 13312
1670 0 0 3288 3639 4879 5154 5164 5194 5213 5225 5642 5664 5679 5686 5687 5688 5689 5690
1671 0 0 4497 4899 4922 5639 5656 5660 5666 5667 5668 5669 5670 5671 5672 5673
1672 0 0 5119 5209 5212 5223 5232 5308 5640 5652 5673 5674 5675 5676 5677 5678 5679 5680
1673 0 0 3638 3658 4878 4917 5638 5658 5660 5661 5662 5663 5664 5665
1674 0 0 9962 10176 10685 10927 10940 11014 11015 11016 11017 11018 11019 11020 11021 11022 11023 11024 11025 11026 11027
1675 0 0 10938 10949 11889 12017 12024 12282 12301 12302 12303 12304 12305 12306 12307 12308 12309 12310
1676 0 0 675 812 912 923 1239 1680 1684 1693 2969 3558 3563 3564 3565 3566 3567 3568 3569 3570 3571 3572 3573 13313
1677 0 0 3475 3503 3509 3553 3578 3589 3597 3607 3609 3610 3611 3612 3613 3614 3615 3616 3617
1678 0 0 3463 3478 3516 5352 5366 5371 5372 5373 5374 5375
1679 0 0 5346 5363 5379 5390 5392 5393 5394 5395 5396 5397 5398
1680 0 0 9777 9837 9856 9870 9883 9891 9896 9897 9898 9899 9900 9901 9902 9903 9904 9905 9906 9907
1681 0 0 9841 9888 10835 10853 10870 10951 10968 10995 11004 11005 11006 11007 11008 11009
1682 0 0 1904 3462 3513 3546 5347 5357 5358 5359 5360 5361 5362 5363 5364 5365 5366
1683 0 0 3511 3602 3614 3618 3619 3620 3621 3622 3623 3624
1684 0 0 3483 3508 3545 3561 3579 3610 3621 3630 5361 5430 5464 5478 5526 5531 5536 5537 5538 5539 5540
1685 0 0 3480 3510 3601 3615 3622 5372 5409 5420 5427 5433 5434 5435
1686 0 0 7083 7112 7139 7155 7170 7180 8912 8925 8935 8956 8960 8973 8983 8988 8989 8990 8991 8992 8993 8994 13314
1687 0 0 634 1013 2210 2733 8878 8889 8897 8919 8920 8921 8922 8923 13315
1688 0 0 630 2720 2731 7082 8916 8926 8941 8986 8988 9013 9014 9015 13316
1689 0 0 8896 8897 8898 8899 8900 8901 8902 8903 8904 8905 8906 8907 8908 8909
1690 0 0 4930 7232 7255 7272 7278 7279 7280 7281 7282 7283 7284 7285 7286 7287 7288
1691 0 0 7324 7333 7339 7348 7355 7360 7365 8151 10101 11100 11102 11105 11106 11107 11108 11109
1692 0 0 1282 1299 1300 1301 1302 1303 1304 1305 1306 1307 1308 1309 1310 1311 1312
1693 0 0 209 249 494 499 507 508 509 510 511 512 513 514 515 516 517 518
1694 0 0 5568 5576 5836 5849 6687 7664 7672 7685 7690 8419 8455 8467 8515 8530 8538 8545 8546 8547 8548
1695 0 0 8434 8441 8464 8470 8516 8529 8543 9551 9574 9582 9583
1696 0 0 8509 8510 8511 8512 8513 8514 8515 8516 8517 8518 8519 8520 8521
1697 0 0 6502 6520 7674 7681 7686 8409 8414 8437 8443 8460 8465 8467 8468
1698 0 0 1137 1148 1259 1275 1311 2122 2276 2297 2364 2432 2456 2472 2479 2480 2481 2482 2483 2484 2485 2486 2487 2488
1699 0 0 984 999 1265 1277 1286 1292 1324 1325 1326 1327
1700 0 0 1267 1273 1285 1291 1298 1312 1323 1327 1330 2433 2459 2475 2478 2486 2489 2490
1701 0 0 1261 1276 2275 2286 2294 2297 2298 2299 2300 2301 2302 2303 2304 2305
1702 0 0 10549 10676 11396 11411 11437 11471 11489 11518 11530 11535 11538 11547 11548
1703 0 0 7760 7769 7787 9457 9510 10646 10664 11385 11394 11400 11432 11465 11488 11498 11505 11507 11508
1704 0 0 11414 11415 11416 11417 11418 11419 11420 11421 11422 11423 11424 11425 11426 11427 11428 11429 11430 11431 11432 11433 11434 11435 11436
1705 0 0 7711 9456 10551 10568 10592 10594 10623 10660 10675 11384 11391 11392 11393 11394 11395 11396 11397 11398
1706 0 0 6114 6115 6116 6117 6118 6119 6120 6121 6122 13317 13318
1707 0 0 2194 3903 3909 3910 3911 3912 3913 3914 3915 3916 3917 13319 13320
1708 0 0 3911 6114 6131 6136 6137 6138 6139 13321 13322
1709 0 0 3976 6118 6129 6142 7725 7731 7736 7748 7802 7810 7811 7812 7813 7814 7815 7816 7817 13323
1710 0 0 329 4005 4009 4486 4652 6606 6736 7959 9425 9444 9445 9446 13324
1711 0 0 330 4002 4010 4535 4660 4712 4718 4719 4720 4721 4722 13325
1712 0 0 328 4009 4010 4011 4012 4013 4014 4015 4016 13326
1713 0 0 331 1498 3995 3999 4000 4001 4002 4003 4004 4005 4006 4007 4008 13327
1714 0 0 1365 2425 2439 2448 2453 2454 2455 2456 2457 2458 2459 2460 13328
1715 0 0 489 498 506 518 1272 1314 2427 2452 2461 2462 2463 2464 13329
1716 0 0 840 853 2745 3665 3675 3678 5745 5748 5759 5760 5761 5762
1717 0 0 3686 3696 3707 4261 4272 4277 5724 5730 5740 5753 5755 5756 5757 5758
1718 0 0 842 855 864 871 1632 3220 3230 3239 3669 3674 3677 3678 3679 3680 3681 3682 3683 3684 3685 3686
1719 0 0 5726 5738 5743 5747 5754 5758 5762 7585 7593 7594 13330
1720 0 0 1900 1918 3457 3482 3507 3532 3535 3544 3574 3611 5359 5369 5470 5481 5538 5541 5545 5551 5555
1721 0 0 1898 1908 1909 1910 1911 1912 1913 1914 13331
1722 0 0 1706 4958 4965 7221 8162 8186 8194 8210 8220 8246 9051 9077 9080 9085 9088 9090 9091 9092
1723 0 0 6591 7207 7216 8169 8189 8198 8216 8221 8224 8225 8226 8227 8228 8229 8230 8231
1724 0 0 7215 7227 8227 8247 8970 9045 9058 9066 9067 9068 9069 9070 9071
1725 0 0 8158 8159 8160 8161 8162 8163 8164 8165 8166 8167 8168 8169 8170 8171 8172 8173 8174
1726 0 0 8344 8353 8361 9238 9288 9314 9324 9340 9361 9364 10131 11131 11135 11148 11157 11159 11160 11161
1727 0 0 3523 6044 6352 8345 8359 9332 10129 10134 10138 10139 10140 10141
1728 0 0 3627 3728 5247 5267 5454 5483 5492 5494 5495 5496 5497 5498 5499 5500
1729 0 0 1676 2637 2644 2658 3566 5058 5246 5518 5522 5856 5865 5876 5880 5881
1730 0 0 624 800 804 1832 1833 1834 1835 1836 1837 1838 1839 13332
1731 0 0 1863 3251 3264 3390 3406 3416 4597 4614 4615 4616 4617 4618 4619 4620 4621 4622
1732 0 0 628 803 1835 1850 4601 4608 4623 4629 4632 4633 4634 13333
1733 0 0 1839 1852 1865 3260 3269 3362 3391 3396 3405 3414 3415 3416 3417
1734 0 0 703 706 1162 1165 1166 1167 1168 1169 1170 1171 13334
1735 0 0 701 708 1168 1179 1252 2380 2981 3052 3145 3198 3208 3217
1736 0 0 6813 8681 10278 10288 10303 10742 11310 11335 11343 11352 11374 11377 11383 11663 11667 11675 11699 11737 12131 12147 12151 12152 12153 12154 12155
1737 0 0 6976 8693 9568 9588 10308 10312 10329 10342 10379 10389 10390 10391 10392 10393 10394 10395
1738 0 0 8599 8676 8679 8680 8681 8682 8683 8684 8685 8686 8687 8688 8689
1739 0 0 10320 10340 10362 11309 11320 11331 11334 11338 11352 11353 11354 11355 11356 11357
1740 0 0 7741 7788 7815 9455 9468 9494 9502 9513 9515 9524 9525 9526 9527 9528 13335
1741 0 0 7777 7783 9373 9458 9501 10517 10567 11393 11399 11400 11401 11402 11403 11404
1742 0 0 7712 7727 7730 7740 7782 7811 9447 9448 9449 9450 9451 9452 9453 9454 9455 9456 9457 9458 9459 9460
1743 0 0 7781 7790 8023 9372 9464 9486 9493 9498 9499 9500 9501 9502 9503 9504
1744 0 0 7710 9400 10572 10625 11590 11612 11626 11629 11640 11641 11646 11647 11648 11649 13336
1745 0 0 7706 7895 7902 9398 9611 9614 9645 9655 9674 9693 9921 9942 10605 10606 10607 10608 10609 10610 10611 13337
1746 0 0 4296 4677 4694 6613 6614 6615 6616 6617 6618 6619 6620 6621 6622 6623 6624 6625 6626 6627 6628
1747 0 0 6965 7927 7982 8618 8636 8639 10301 10307 10313 10331 10369 10385 10395 10396 10397 10398
1748 0 0 4297 4518 4658 4664 4676 6621 6914 6963 7979 8620 8631 8632 8633 8634 8635 8636
1749 0 0 4692 6622 6960 6971 7931 7971 8594 8674 8694 10296 10306 10307 10308 10309 10310
1750 0 0 6725 9381 9442 10534 10546 10557 11517 11523 11534 11539 11542 11543 11544 11545 11546 13338
1751 0 0 10631 10644 10653 10654 10655 10656 10657 10658 10659 13339
1752 0 0 9435 10536 10543 10544 10545 10546 10547 13340
1753 0 0 11512 11513 11514 11515 11516 11517 11518 11519 11520 11521 11522
1754 0 0 10175 10925 11019 11033 11944 12015 12021 12292 12308 12312 12323
1755 0 0 10170 10929 10947 11809 11831 11842 11845 11864 12240 12256 12266 12274 12279 12284 12305 12311 12315 12316 12317 12318 12319 12320
1756 0 0 9957 10167 10168 10169 10170 10171 10172 10173 10174 10175 10176 10177
1757 0 0 12282 12283 12284 12285 12286 12287 12288 12289 12290 12291 12292 12293 12294 12295 12296 12297 12298 12299 12300
1758 0 0 2123 2148 2177 3651 3948 3965 3968 4452 4453 4454 4455 4456 4457 4458
1759 0 0 3638 3639 3640 3641 3642 3643 3644 3645 3646 3647 3648
1760 0 0 2147 2155 2174 2187 3647 3653 3939 3960 3961 3962 3963 3964 3965 3966 3967
1761 0 0 2120 2131 2513 2820 3287 3642 4457 4461 4468 4472 4870 4881 5162 5166 5192 5193 5194 5195 5196 5197 5198 5199 5200
1762 0 0 388 410 888 1071 1079 1085 1088 3708 3709 3710 3711 3712 3713 3714 3715 3716 3717
1763 0 0 189 381 401 542 550 557 558 559 560 561 562 563 564 565 13341
1764 0 0 10848 10860 10874 11805 11822 11825 11839 11840 11841 11842 11843
1765 0 0 11804 11819 11827 11830 11831 11832 11833 11834 11835 11836 11837 11838
1766 0 0 417 1123 1705 2349 2999 3013 4421 4970 6030 9048 9062 9074 9076 9079 9080 9081 9082
1767 0 0 2346 2368 2763 2783 2784 2785 2786 2787 2788 2789 2790 2791 2792 2793 2794 2795 2796
1768 0 0 9951 10924 11023 11035 11053 11943 12004 12011 12021 12022 12023 12024 12025 12026 12027 12028
1769 0 0 10933 11020 12061 12067 12404 12421 12428 12430 12434 12435 12436 13342
1770 0 0 481 819 820 821 822 823 824 825 826 827 828 829
1771 0 0 478 596 600 608 609 610 611 612 613 13343
1772 0 0 468 477 608 821 1340 1341 1342 1343 1344 1345 1346 1347 13344
1773 0 0 480 609 824 2269 2444 2454 2491 3118 3298 3317 3332 3334 3335 13345
1774 0 0 2068 2087 2692 2700 2701 2702 2703 2704 2705 13346
1775 0 0 4556 6639 6664 6667 6668 6669 6670 6671 6672 6673 6674 6675 6676 13347
1776 0 0 2073 2665 2690 2700 4558 6641 6663 6671 6677 6678 6679 13348
1777 0 0 1559 2066 2702 4510 4557 4576 6668 6851 6866 6873 6874 6875 6876 6877 6878 6879 13349
1778 0 0 901 2959 3233 4100 4339 4347 4353 4966 5025 6315 6323 6327 6338 6339 6340 6341 6342 6343 6344
1779 0 0 8327 8333 10128 10136 11077 11091 11128 11132 11143 11151 11153 11154 11155 11156 11157 11158
1780 0 0 2966 2992 3742 4345 4964 6035 6314 6322 6337 6340 7345 8330 11126 11141 11145 11149 11150
1781 0 0 4360 7331 7342 7354 8313 8318 8319 8320 8321 8322 8323 8324 8325 8326 8327
1782 0 0 981 1257 1296 2265 2284 2434 2455 2474 2490 2491 2492 13350
1783 0 0 94 206 484 504 978 1268 1269 1270 1271 1272 1273 13351
1784 0 0 4147 4154 5900 6458 6777 6782 6783 6784 6785 6786 6787 6788 6789 6790 6791 13352
1785 0 0 4148 4160 4167 6796 6801 6809 8609 8613 8614 8615 8616 8617 13353 13354
1786 0 0 9242 9243 9262 9271 9362 10061 10196 10205 11179 12083 12093 12097 12098 12099 12100 13355
1787 0 0 10021 10029 10036 10054 11063 12088 12092 12104 12109 12112 12113 12114 13356
1788 0 0 10014 10056 10063 11180 11200 11234 12087 12095 12097 12101 12110 12111 12112
1789 0 0 12086 12099 12102 12105 12107 12108 12109 13357
1790 0 0 1589 1648 1652 1660 1661 1662 1663 1664 1665 1666 1667 13358
1791 0 0 363 666 667 668 669 670 13359 13360
1792 0 0 2549 2552 2694 4730 6998 7004 8762 8783 8823 8829 8839 8841 13361
1793 0 0 6985 6991 7007 7016 8715 8724 8787 8797 8816 8843 8849 8851 8852
1794 0 0 2545 2554 4705 4725 4728 6982 7001 7004 7005 7006 7007 7008 7009 7010 7011 13362
1795 0 0 6666 6676 6679 6686 6994 7002 7038 8772 8800 8803 8813 8820 8821 8822 8823
1796 0 0 10302 11308 11309 11310 11311 11312 11313 11314 11315 11316
1797 0 0 8623 8660 9394 10294 10324 10361 10362 10363 10364 10365 10366 10367 10368 10369 10370 10371 10372 10373
1798 0 0 4586 6849 6865 6866 6867 6868 6869 6870 6871 6872
1799 0 0 4560 4572 6629 6630 6631 6632 6633 6634 6635 6636 6637 6638 6639 6640 6641 6642
1800 0 0 2006 2018 2038 2061 2070 2077 2078 2079 2080 2081 2082 2083 2084
1801 0 0 1978 1997 2020 2027 2028 2029 2030 2031 2032 2033 13363
1802 0 0 2520 5018 5062 5065 5066 5067 5068 5069 5070 5071 5072 5073 5074 5075
1803 0 0 1779 2973 3007 3123 3138 3147 3148 3149 3150 3151 3152 3153 3154 3155 3156 3157 3158 3159 3160
1804 0 0 6149 9729 9794 10773 10784 10882 10898 10905 10913 10914 10915 10916 10917 10918 10919 10920 10921 13364
1805 0 0 10883 10893 11794 11818 11829 12290 12326 12328 12354 12368 12372 12377 12387 12389 12390 12391 12392 12393
1806 0 0 10895 10919 11799 11816 11828 11832 11852 11859 11867 12289 12314 12317 12322 12327 12328 12329 12330 12331 12332
1807 0 0 9809 9826 10877 10878 10879 10880 10881 10882 10883 10884 10885 10886 13365
1808 0 0 1106 1114 2869 2884 4736 4737 4738 4739 4740 4741 4742 4743 4744 4745 4746
1809 0 0 1101 1113 1604 1611 2709 2710 2711 2712 2713 2714 2715 2716 2717 13366
1810 0 0 1109 2713 2872 2876 4738 4747 4757 4766 4849 6551 6559 6570 6576 6577 6578 6579 6580 6581 6582 6583 6584 6585 6586
1811 0 0 637 1027 1095 1096 1097 1098 1099 1100 1101 1102 1103 1104 1105 1106 13367
1812 0 0 4309 5612 5668 5715 6218 7924 7940 7952 7966 7983 7984
1813 0 0 1499 2620 3985 3986 3987 3988 3989 3990 3991 3992 3993 3994 3995 3996 3997 3998
1814 0 0 6184 6774 8483 9736 9754 10725 10764 10792 11706 11713 11729 11739 13368
1815 0 0 9733 9748 9751 10749 10760 10769 10779 10790 10798 10815 11684 11687 11688 11689 11690 11691 11692 11693 11694 11695 11696 11697 13369
1816 0 0 6063 7791 9017 9033 9461 9474 9475 9476 9477 9478 9479 9480 9481 9482 9483
1817 0 0 7754 7759 7767 7786 7816 9450 9465 9492 9496 9500 9505 9506 9507 9508 9509 9510 9511 9512 9513 9514
1818 0 0 10455 10456 10457 10458 10459 10460 10461 10462 10463 10464 10465 10466 10467 10468 13370
1819 0 0 4018 7132 7796 9002 9007 9008 9009 9010 9011 9012 13371
1820 0 0 7082 7083 7084 7085 7086 7087 7088 7089 13372
1821 0 0 7098 8853 8869 8876 8885 8892 8894 8899 8923 8928 8929 8930 8931 8932 8933 13373
1822 0 0 629 630 631 632 633 634 13374
1823 0 0 6564 7087 7185 8855 8864 8865 8866 8867 8868 8869 13375
1824 0 0 2245 3868 4146 4159 4164 4507 6803 8608 8613 10237 10251 10265 10270 10271 10272 13376
1825 0 0 2076 2084 2089 2097 2104 2707 4511 6719 6852 6876 6880 6881 6882 6883 6884 6885
1826 0 0 582 647 721 1117 1121 2261 2360 3099 3107 3110 3111 3112 3113 3114 3115 3116 13377
1827 0 0 577 586 587 588 589 590 591 592 593 13378
1828 0 0 586 1115 1256 2260 2261 2262 2263 2264 2265 2266 2267 2268 2269 2270 2271 13379
1829 0 0 573 576 577 578 579 580 581 582 583 584 585 13380
1830 0 0 1515 4526 6414 6421 6438 6439 6440 6441 6442 13381
1831 0 0 1505 1543 1545 1546 1547 1548 1549 13382 13383
