0 0 1 2 3 4
1 5 6 7 0 8
2 5 9 10 11
3 12 3 13 14
4 15 2 12 16
5 6 17 18 9
6 1 7 17 19 15
7 20 21 22
8 20 23 24 25
9 24 26 27
10 26 25 21 28
11 29 30 31 32
12 33 31 34 35
13 36 33 32 37 38 39
14 40 41 42 30 34 43
15 44 43 35 36 45
16 44 40 46 47 48 49
17 46 41 50 51 52 53
18 48 54 55 56 57 38 58
19 53 47 54 59
20 51 60 56 61
21 57 60 50 42 29 37
22 62 63 56 64 65
23 62 66 38 67 68
24 69 70 71 72 65 68 73
25 74 75 48 76 77
26 78 75 54 79 71
27 77 80 69 81
28 80 74 78 70
29 57 63 66
30 68 82 83 84
31 85 69 86
32 71 87 88
33 88 70 85 89 90
34 65 82 91 92
35 93 94 95 96 97
36 98 99 100 101 102 103
37 104 105 95 106 98
38 100 107 105 94 108
39 101 108 93 109
40 107 104 99
41 110 111 112 113 114
42 115 116 117 110
43 111 115 118 119 120 121 122
44 123 116 118 124
45 119 124 125 126 127
46 114 117 123 125 128
47 112 122 129
48 130 131 132 133
49 133 134 135 78 88 136
50 53 137 138 131 139
51 75 47 137 140 135
52 140 138 130 134
53 141 135 74 142
54 80 142 143 144 145 146 85
55 133 147 144 148
56 147 134 141 143
57 149 150 151 152
58 152 153 154 155
59 156 142 77 157
60 149 158 144 159 153
61 150 158 143 156 160
62 161 162 163 164 165
63 166 167 168 169
64 161 170 166 171 172
65 173 174 175 176 177
66 175 178 179 180 168 181
67 170 162 182 180 167
68 173 183 184 164 185 186
69 179 187 184 163 182
70 187 183 174 178
71 188 189 26 190 191 3
72 192 193 194 0 195
73 196 197 189 24 198
74 188 197 199 193 200 2
75 192 199 196 201 202
76 200 194 1
77 203 204 205 206 207 208
78 203 209 210 211
79 212 213 204 209
80 213 205 214
81 210 212 214 206 215 216
82 217 218 219 220 221 222
83 223 224 218 225 226 227
84 228 229 230 221 231
85 227 232 228 233
86 229 234 235 223 232
87 217 225 236
88 237 219 224 235
89 220 237 234 230
90 224 238 239 240
91 241 239 242 243 244 245
92 246 241 238 218
93 247 248 249 250 251
94 250 252 227 253
95 223 240 242 254 249 252
96 255 256 257 247
97 225 246 245 258 259
98 258 244 260 256 261
99 254 243 260 255 248
100 262 263 264 265 266 267
101 266 268 269 270 271
102 268 272 273 265
103 274 275 276 277 44
104 43 274 278 273 264 279
105 280 281 276 282
106 280 283 270 284
107 262 285 286 287
108 285 263 279 35 288
109 36 288 286 289
110 272 278 275 281 283 269
111 290 291 292 293 294
112 295 294 296 297 298 299
113 290 300 301 302 296
114 300 291 303
115 304 305 306 292 303 301 307 308
116 309 306 293 295
117 307 302 297 310
118 311 312 308 310 298
119 309 305 313 311 299
120 313 304 312
121 314 315 316 303 317
122 318 319 320 321 315
123 322 318 316 300 323
124 324 320 325 323 291 317
125 314 321 324
126 319 322 325
127 326 327 305
128 304 326 328 329 330 331 332
129 327 328 333 314 334 306
130 317 334 292
131 335 329 333 315
132 316 335 330 336 301
133 337 331 336 307
134 332 337 308
135 147 130 338 299 339 340 158
136 276 341 342 343 140 141 156 344
137 338 309 327 345 343 138
138 346 339 311 347 341 281
139 280 346 340 150 348
140 347 313 326 345 342
141 349 350 351 352 353
142 354 355 356 357 358
143 359 360 351
144 361 362 363 364 350 359 365
145 357 366 361 367
146 354 368 369 370 371 372 373 353 374
147 364 375 376 373 349
148 368 355 377
149 366 356 377 369 378 379 362
150 380 372 376
151 378 370 381
152 375 380 371 381 379 363
153 382 383 384
154 383 385 386 228 387
155 388 389 390 221 391
156 392 393 394 382 385 395 230 390
157 395 229 386
158 396 392 389
159 388 396 393 397
160 398 399 400 401
161 402 403 404 405 399
162 398 402 406 407 408
163 405 409 410 400
164 411 404 409 412
165 413 411 403 406 414
166 407 414 415
167 408 415 413 412 410 401
168 406 416 417 418 419
169 420 421 419 407 422 423
170 417 424 425 426 420 427
171 428 402 416 424
172 425 428 398 429 430
173 429 408 422 431
174 432 433 434 435 436
175 437 438 433
176 439 440 438 432 441 442
177 436 441 443
178 444 440 437 434 445
179 439 444 446
180 447 448 449
181 448 450 451 452 453 454
182 455 456 457 450 447 458 17
183 200 459 460 461 453 462 15
184 455 463 464 459 194 7
185 463 465 456
186 464 465 457 451 466 460
187 466 461 452
188 262 467 468 469 470 258 471
189 472 473 467 263
190 468 474 475 265 476 473
191 476 264 472
192 266 475 477 478 479
193 260 480 481 482
194 256 482 483 478 484
195 470 485 480 244
196 485 469 474 477 483 481
197 486 487 488
198 486 489 490 478 491 492
199 270 493 487 492 494
200 269 493 488 489 495 496
201 497 496 268 475
202 477 497 495 490
203 498 499 500 501 502 101 503
204 504 285 467 505 506 507 502 108
205 498 508 509 246 217 510
206 470 511 512 513 514 509 245
207 499 515 516 514 508
208 500 517 518 515
209 504 93 519 286
210 507 520 517 501
211 511 521 522 469
212 522 523 524 505 468
213 525 523 521 512
214 513 525 524 506 520 518 516
215 526 527 528 529 95
216 94 526 530 33 288 504
217 62 531 532 533 82
218 534 535 527 530 32
219 66 531 536 534 37
220 536 535 528 537 532
221 538 539 540 541 542 543 329
222 544 545 546 540 547 548 549 550
223 541 547 551
224 552 542 551 548 553
225 331 554 553 549 555
226 552 543 330 554
227 538 556 545 557 558 345 328
228 558 559 560 342
229 539 546 556
230 312 332 555 550 561 560 347
231 561 544 557 559
232 562 563 564 565
233 566 567 563 568
234 51 569 570 571 565 572
235 573 324 334 293 574 575
236 576 538 333 321 573 577
237 578 579 580 556 576 581 566
238 569 582 583 50
239 41 583 584 585
240 338 295 574 586 131
241 343 558 587 585 46 137
242 562 567 578 588 571
243 589 580 545
244 587 557 589 579 588 570 582 584
245 539 590 591 592 593 576
246 580 594 595 596 590 546
247 597 598 599 592 600
248 601 602 599 591 596
249 603 604 605 606
250 598 607 604 608 609 602
251 578 610 605 608 611 612
252 613 606 610 566 614
253 597 607 603 613 615
254 611 609 601 595 616
255 612 616 594 579
256 569 617 618 619 531 63 60
257 620 621 619 536 622
258 623 622 534 29
259 623 620 624 625 583 42
260 626 618 621 624
261 582 617 626 625
262 560 627 628 275 341
263 585 629 628 274 40
264 587 559 627 629
265 630 631 632 633
266 634 635 636 637 638 639 630
267 640 641 636 642 643 644 645 632
268 644 646 647
269 646 643 648 638 649
270 648 637 642
271 640 650 634 631
272 635 641 650
273 651 652 653 654 655
274 656 657 651 658 659
275 654 660 661 662
276 660 653 663 664 665 666
277 666 667 659 668 661
278 657 652 663 669 670
279 665 671 670 656 667
280 669 664 671
281 672 673 674 675 676 654
282 677 678 674
283 673 677 679 680 681 682
284 683 681 684 685 686
285 687 683 682 672 653
286 678 679 688 689 690 675
287 680 688 691 692 693 684
288 691 694 695 696 697 689
289 687 686 698 699 652
290 692 694 700
291 699 701 696 702 651
292 703 704 705 706 707 708
293 709 710 705 711
294 682 712 710 704 713
295 714 707 715 716 717 718
296 708 719 715
297 720 721 711 706 714 722 723
298 724 660 672 713 703 719 716 725
299 726 727 717 725
300 724 666 728 729 726
301 729 730 731 722 718 727
302 723 732 664 733 731
303 663 687 734 720 732
304 721 709 712 683 734
305 728 665 733 730
306 735 659 736 737
307 738 739 740 741
308 742 743 728 667 735 744 738 745
309 743 729 746 747
310 661 724 748 749
311 750 746 726 748 751 739 745
312 747 742 750
313 699 657 752 753
314 754 755 756
315 757 758 638 759
316 755 760 761 762 734 686 763
317 764 765 766 757 767
318 754 760 768 764 769
319 770 771 669 732 772 773 766 758 648
320 774 761 768 765 773
321 770 643 775
322 752 670 771 775 646 776
323 720 762 774 772
324 777 353 778
325 777 349 779 780 781 782 783
326 784 785 786
327 787 788 351 789 790
328 781 791 785 792 793
329 794 779 350 788
330 784 791 780 794 787 795 796
331 790 795 797
332 696 798 799
333 752 656 735 800
334 688 801 802
335 803 804 801 691
336 805 806 807 808 684
337 802 804 809 810 811 805 680
338 809 812 813 807 814 692 803
339 812 815 810
340 815 813 806 811
341 816 817 818 819 820 761
342 821 820 760
343 822 823 819 821 755 824
344 825 826 807 827
345 721 828 816 762
346 829 822 830 825
347 709 831 832 817 828
348 831 833 805 681 712
349 823 829 826 806 833 832 818
350 834 835 836 837 838
351 837 839 840 841 842
352 843 844 845 846 847
353 834 848 849 850 843 851
354 849 852 853 840 854 845 855
355 855 850 844
356 841 854 846 856
357 857 836 839 853
358 848 835 857 852
359 858 859 860 861 862 863
360 864 865 860 866
361 867 861 866 868 869 870
362 871 859 865 872 873 874
363 872 864 868 875 876
364 871 877 878 858
365 874 877 879
366 880 869 875 881
367 882 883 862 867
368 882 870 880 884
369 885 850 886 887 888 889 862 890
370 885 843 891
371 858 892 893 834 894
372 895 860 896 897 888
373 895 861 889
374 898 849 886
375 887 897 899 893 848 898
376 859 892 899 896
377 900 901 902 903 897 904
378 905 906 907 902
379 901 907 908 909 910 911
380 912 911 900 913
381 914 915 916 905 903 896 865
382 917 918 915 919 372
383 864 914 919 376 920 921
384 922 920 380 917 923 909
385 918 916 906 908 923
386 921 922 910 912 924 895 866
387 904 888 924 913
388 875 925 926 927
389 928 375 920 929 930 931 932
390 929 921 868 925 933 934
391 935 919 373 777 936 937
392 938 931 939
393 938 930 934 940 941
394 933 940 942 781 943 926
395 935 914 872 944
396 945 928 364 779
397 942 780 945 932 939 941
398 946 947 948 949 950 836
399 946 837 951
400 952 950 835 893
401 952 949 953 871 892
402 953 948 954 877
403 955 910 956 957
404 958 912 955 959
405 960 961 962 870
406 960 867 889 924 958 963 964
407 922 929 965 956
408 966 934 965 957 959 963 967
409 968 925 869 962 969
410 966 933 968 970
411 970 967 964 961 969
412 971 972 846 973 974
413 841 975 976 977
414 972 854 975 978 979 980
415 976 978 981 982
416 983 979 981 984 974
417 971 980 983
418 885 844 985 986 987 988
419 987 989 974 990
420 972 845 985 991
421 986 991 971 989
422 992 993 994 995
423 992 996 997
424 996 993 998 999 1000
425 994 998 1001 1002
426 1003 399 428 1004
427 1005 1006 1003 400 1007 1008 1009 1010
428 1011 1012 1006 1004 425 1013
429 1005 1012 1014
430 1015 1009 1016
431 429 401 1007 1017
432 1011 1014 1010 1015 1018
433 1019 1020 114 1021
434 1022 1023 1024
435 1025 1026 1027 1028 1029 1023
436 1022 1025 1030 1031 112 1032
437 1020 1033 1026 1030 1034 110
438 1034 1031 111
439 1028 1035 1036
440 1035 1027 1033 1019 1037
441 1038 1039 1040 1041
442 1042 1038 1043 1044
443 1045 1046 1047 1044 1048
444 1040 1049 1050 1045 1051
445 1046 1052 1050
446 1042 1039 1049 1052 1047
447 1053 1054 1055 1056
448 1057 1058 1059 1060
449 1061 1055 1062 1059
450 1063 1054 1061 1058
451 1053 1063 1057 1064
452 1065 1066 1067 1068 1069 1070
453 1071 1072 1067 1073 1074 1039
454 1069 1075 1071 1038 1076
455 1074 1077 1065 1078 1040
456 1066 1073 1077
457 1072 1068 1075
458 1079 1080 1081 1082 1083 1084
459 1085 1086 1083 1087
460 1088 1084 1087 1089 1090 1091
461 1092 1093 1094 1085 1089 1095 1096
462 1097 1098 1099 1079 1088
463 1094 1100 1082 1086
464 1101 1093 1100 1081 1102 1098 1103
465 1097 1103 1104 1096 1105 1091
466 1102 1080 1099
467 1092 1101 1104
468 1106 1107 1108 1109 1110
469 1111 1112 1107 1113
470 1083 1114 1112 1106 1115
471 1085 1116 1113 1108 1117 1118
472 1110 1115 1087 1118 1119
473 1111 1114 1086 1116
474 1089 1118 1120
475 1121 1110 1122 1123
476 1115 1084 1124 1125 1126 1121
477 1123 1126 1127 1128
478 1129 1088 1124 1130 1131
479 1129 1091 1132
480 1130 1125 1127 1133
481 1134 1135 1136 1137 1138
482 1130 1139 1140 1141 1142 1134 1143
483 1144 1145 1136 1146 1147 1148 1099 1149 1140
484 1147 1150 1151
485 1148 1150 1152 1153 1098
486 1153 1097 1129 1154 1155
487 1144 1156 1141
488 1079 1149 1139 1124
489 1145 1156 1142 1135
490 1157 1158 1159 1160 1161 1162 1163 1100
491 1158 1164 1101 1165 1166
492 1164 1157 1093
493 1167 1168 1169 1161
494 1162 1167 1170 1171
495 1148 1172 1168 1170 1173 1102
496 1150 1172 1169 1160 1174
497 1153 1175 1165 1103
498 1163 1171 1173 1081
499 1176 1104 1165 1177 1178
500 1096 1176 1179
501 1180 1181 5 1182
502 1183 1184 1185 1186
503 9 1181 1187 1135 1188 1189 1183 1190
504 1187 1180 1191 1136
505 1134 1188 1192 1185 1193
506 1189 1192 1184
507 1194 1195 189 25
508 1196 1197 1198 1199 1195 188 12 1200
509 21 1194 1199 1201 1202 1203
510 1204 1205 1206 1207
511 1196 1208 1204 1209
512 1202 1210 1211 1206 1212 1213
513 1211 1214 1197 1208 1205
514 1210 1201 1198 1214
515 1215 1216 1217 1218 1219
516 1217 1220 1221 1222 1223 1206 1224 1225
517 1226 1227 1228
518 1204 1229 1230 1227 1231
519 1215 1232 1221 1233 1234 1230 1226 1235
520 1232 1220 1216
521 1205 1223 1236 1234 1229
522 1233 1222 1236
523 1237 1238 1239 1240 1241
524 1237 1242 1243 1244 1245
525 1246 1247 1244 1248 1249
526 1240 1250 1249 1251
527 1239 1252 1253 1246 1250
528 1243 1254 1253 1247
529 1238 1242 1254 1252
530 1255 1247 1256 1257 248
531 1246 1255 249 1258
532 1259 1260 1261 1262
533 247 1257 1263 1260 1264 1265
534 1259 1264 1266
535 1249 1258 250 1267
536 1256 1263 1261 1268 1244
537 232 386 1269 1270 1250 1258 252
538 1271 1270 1240 1272 383
539 1271 1269 385
540 1273 1252 1274 1275 240 235 1276
541 1275 1277 242
542 1278 1276 234 395 1269
543 1278 1273 1239 1270
544 1253 1274 1277 254 1255
545 1279 1280 1281 1282 1283 1284
546 1285 1286 1279 1287
547 1288 1289 1290 1283 1291
548 1285 1292 1293 1294
549 1295 1296 1280 1286 1292
550 1293 1295 1297 1298 1299 1288 1300
551 1281 1301 1297 1296
552 1298 1301 1282 1290 1302
553 1302 1299 1289
554 1283 1303 1304 1305 1306 1307
555 1308 1309 1305 1310
556 1311 1309 1304 1312 1289 1313 1314 1315
557 1316 1313 1288 1317
558 1316 1314 1318
559 1319 1308 1311 1320
560 1306 1310 1319 1321
561 1312 1303 1290
562 1322 1323 1324 1325 1292
563 1326 1296 1327 1328 1329 1330 1323
564 1322 1326 1295
565 1328 1331 1332
566 1331 1329 1333 1325 1286 1334
567 1334 1332 1327 1280
568 1324 1330 1333
569 1335 1336 1337 1338 1339
570 1340 1341 1342 1343 1344 369
571 1345 368 1340 1346
572 1347 1348 1335 1349 1342 1350
573 1345 354 1351 1352
574 1348 1336 1353 1354
575 1355 1356 1347 1354 1357 935 915
576 1358 370 1344 1359 1355 918
577 917 1358 371
578 1343 1350 1356 1359
579 1360 1361 952 899 903
580 1360 1362 1363 1364 905
581 1361 949 1365 1366 1362
582 1355 1367 1368 1364 916
583 874 1369 1354 1370 1371 1372 1365 953
584 1368 1373 1372 1366 1363
585 1347 1370 1374
586 1367 1356 1374 1371 1373
587 1375 1376 1377
588 1378 1379 1380 1381 1377 1382 357
589 1383 1384 1381 1375 1385 1386
590 1387 1388 1383 1389 1345 355 1390
591 356 1390 1391 1378
592 1392 1387 1391 1379
593 1384 1388 1392 1380
594 1393 1394 1340 377 1390 1395
595 1393 1396 1397 1398 1399
596 1397 1400 1383 1401
597 1402 1399 1395 1387
598 1398 1401 1388 1402
599 1403 1404 1405 1406 1407 1408
600 1409 1410 1411 1412 1406 1413 1414
601 1415 1416 1417 1418 1408 1419 1414
602 1409 1420 1421 1422 1415
603 1423 1424 1425 1412 1405
604 1426 1427 1425 1411
605 1428 1420 1410 1426
606 1429 1430 1403 1418
607 1431 1432 1423 1404 1430
608 1422 1433 1434 1416
609 1429 1431 1435 1434 1417
610 1432 1435 1433 1421 1428 1427 1424
611 1005 1436 1437 1438 1439 1440 1441
612 1436 1442 1443 1006
613 1444 1445 1446
614 1447 1448 1449 1450 1444 1451 1452
615 1009 1453 1454 1451 1446 1455 1456
616 1457 1458 1442 1437
617 1459 1441 1010 1453
618 1460 1461 1462 1439
619 1463 1464 1448 1465 1462 1438 1457
620 1007 410 1466 1450 1445 1455 1467
621 1449 1464 1468 409 1466
622 1443 1458 1463 1468 405 1003
623 1461 1465 1447 1469
624 1440 1460 1469 1452 1454 1459
625 1470 1471 1472 1473
626 1474 1475 1472 1476 1477
627 1011 1478 1470 1479
628 1453 1480 1477 1481 1015
629 1482 1441 1014 1478 1471 1475
630 1474 1482 1459 1480
631 1483 1484 1485 1486
632 1487 1488 1489 1483 1490 1491
633 1484 1489 1492 1493
634 1494 1495 1496 1497 1498
635 1499 1490 1486 1500
636 1501 1502 1503 1491 1499 1504
637 1501 1505 1506 1507 1498 1508
638 1505 1509 1510 1511 1502
639 1512 1507 1494 1513 1510
640 1512 1506 1509
641 1487 1514 1495 1513 1511 1503
642 1515 1516 161 1517
643 1518 170 1516 1519
644 166 1518 1520 1521 1522
645 1515 1519 1520 1523
646 1524 1525 1526 1527 1528
647 1529 1530 1531 1532
648 1526 1533 1530 1534
649 1533 1527 1535 1529
650 1524 1536 1537
651 1538 1539 1540 1541
652 1539 1542 1543 1544
653 1538 1542 1545
654 1546 1547 1548 1549 1550 1551 1552
655 1553 1554 1549 1555
656 1539 1556 1547 1557 1553 1558
657 1551 1559 1524 1560
658 1554 1557 1548
659 1542 1556 1546 1561
660 1562 1563 1564 1565 444
661 1566 1567 1562 440
662 1486 1568 1569 1570 1564 1571
663 1566 1572 1569 1573 1499 1574 1575 437
664 1573 1490 1568
665 1563 1570 1572 1567
666 1575 434 1576
667 1577 1578 1579 1580 1581 436
668 1582 1583 1584
669 1583 1585 1586 1587 1588 433 1575 1589
670 1585 1582 1590 1580 1591
671 1577 432 1588 1592
672 1578 1593 1587 1592
673 1586 1591 1579 1593
674 1594 1595 1569
675 1596 1491 1573 1594 1597
676 1583 1598 1599 1501 1600
677 1572 1595 1597 1601 1602 1603 1604
678 1588 438 1566 1604 1605 1606 1607
679 1608 1609 1603 1605
680 1610 1587 1607
681 1611 1503 1596 1601
682 1585 1598 1612 1613
683 1612 1599 1502 1611 1602 1609 1614
684 1586 1613 1614 1608 1606 1610
685 1615 1616 1617 1618
686 1619 1620 1617 1621
687 1622 1623 1624 1625 1615 1626
688 1627 1622 1628
689 1580 1629 1630 1631
690 441 1577 1632 1619 1633
691 1634 1635 1624
692 1636 1637 1638 1634 1623 1627 1639
693 1640 1630 1641 1636
694 1625 1635 1638 1642 1578 1632 1620 1616
695 1579 1629 1640 1637 1642
696 1636 1643 1644 1645 1646 1647
697 1634 1648 1649 1645 1650 1651 1652
698 1623 1653 1652
699 1627 1653 1651 1654 1655
700 1656 1657 1644 1649
701 1638 1658 1656 1648
702 1657 1643 1637 1658
703 1659 1658 1642 1593 1610 1660 1661 1662
704 1629 1591 1613 1663 1664
705 1665 1666 1663 1614 1667 1668
706 1669 1608 1667 1670 1661
707 1660 1606 1669
708 1671 1665 1672 1673
709 1640 1664 1666 1672 1674 1643
710 1673 1674 1657 1659 1675
711 1675 1671 1668 1670 1662
712 1616 1676 1677 1656 1659 1678 1679
713 1680 1681 1682 1660 1607 1592 1632 1683
714 1684 1635 1648 1677
715 1684 1625 1676
716 1685 1679 1620 1683
717 1681 1686 1687
718 1688 1661 1682 1686
719 1680 1687 1688 1662 1678 1685
720 1217 1689 1690 1691
721 1692 1693 1694 1695
722 1696 1697 1698 1692 1699 1700
723 1700 1701 1702
724 1703 1704 1690 1705 1706
725 1706 1707 1698 1693 1708
726 1709 1704 1689 1216 1710
727 1701 1696 1711 1710 1215 1712
728 1707 1703 1709 1711 1697
729 1713 1714 1715 1716 1717 1718 107
730 526 1719 1713 105
731 1720 1721 1722 1717 1723 507
732 1723 1718 100 502
733 1724 1721 1725 1726 34 279 472 1727
734 1728 1727 473 505
735 1719 1714 1729 1730 1726 31 530
736 1722 1725 1730 1731 1716
737 1720 1724 1728 506
738 1729 1731 1715
739 1732 1733 565 1734 1735
740 619 1736 1737 1738 1739 532
741 1735 1740 1741 1738 1742 1743
742 1744 1745 1746 570 617
743 1747 1732 1740 1748 1749 1745
744 1747 1733 571 1746
745 1744 1749 1750 1736 618
746 1750 1748 1741 1737
747 1751 1752 1750 1753 1754
748 1736 1753 1755 1756 1757 621
749 1758 1759 1760 1761 1762
750 1763 1757 624 1764 1762 1765 1766 1767
751 1768 1758 1765
752 1761 1769 1770 1771 1772 1744 626 1764
753 1749 1772 1773 1774 1775 1752
754 1776 1777 1754 1755 1778 1767
755 1751 1775 1779 1780 1777
756 1773 1781 1782 1771
757 1769 1783 1760
758 1784 1781 1774 1779
759 1778 1756 1763
760 1776 1780 1784 1782 1770 1783 1759 1768 1766
761 1785 616 1786 1787 1788 1771 1789
762 1772 1789 1790 1745
763 1746 588 612 1785 1790
764 1791 1787 1792
765 1769 1793 1792 1786 594 589 544 1794
766 1795 1764 625 584 629
767 1761 1794 561 627 1795
768 1788 1791 1793 1770
769 1728 1796 1797 1798 1799 1800 524
770 476 273 1801 1765 1802 1796 1727
771 497 1803 1804 1805 522 474
772 272 1801 1758 1806 1807 1803 496
773 1805 1808 1800 523
774 1808 1799 1809 1810 1807 1804
775 1809 1811 1798
776 1768 1806 1810 1811 1797 1802
777 1812 1813 1721
778 1814 1767 1815 1816 1812 1725
779 278 628 1795 1762 1801
780 1757 620 1817
781 30 623 1817 1763 1814 1726
782 1724 1813 1816 1818 1796
783 1818 1815 1766 1802
784 969 1819 1820
785 880 962 1820 1821 1822 1823 1824
786 926 968 1819 1821 1825 1826
787 1822 1825 1827 1828
788 1823 1828 1829
789 1830 1831 1832 1833 1834
790 214 1835 1832 1836 1837 1838 1839
791 1831 1835 212 1840
792 1837 1841 1842 1843 1844
793 1839 1845 206
794 1846 1841 1836 1833 1847
795 210 1840 1830 1848
796 1846 1842 1849
797 1850 1851 1852
798 1853 1854 1855 1850 1856
799 1853 1857 1858 498 1859
800 509 1860 1861 241
801 1862 1863 1864 1865
802 238 1861 1866 1867 219
803 1868 1864 1869
804 1851 1855 1870 1858 508 1860 1866 1871 389 1872 1863 1868 1873
805 1862 1872 388 1874
806 1871 1867 220 390
807 1857 1870 1854
808 1875 1876 203 1877 1851
809 1878 1879 1880 204 1876
810 1850 1875 1878 1881 1882 1883 1884
811 1882 1885 1880 205 1839 1886
812 1885 1879 1881
813 634 1887 1888 1889
814 603 1890 1891 631 1887 1892 1893 1894
815 1895 1896 640 1891 1897
816 1893 1898 1889 650 1896 1899 1900 1901
817 1902 1903 1901 1894 604
818 1904 1905 1902 605
819 1906 1907 1897 1890 606 1904
820 1888 1892 1898
821 1906 1908 1900 1903 1905
822 1907 1895 1899 1908
823 1909 1910 1782 1788
824 1781 1911 1912 1913 1910
825 1914 601 1915 1916 1917 1913 1909 1787
826 1918 1915 609
827 1789 1919 1920 1911 1773
828 595 1914 1786
829 1919 1921 1916 1918 611 1785
830 1912 1920 1921 1917
831 1922 1923 1924 1925
832 1926 674 1927 1924 1928
833 1929 1930 725 748 1931
834 703 1932 1933 1934 1935
835 1922 1936 1937 1934 1938 1939
836 719 1935 1938 1940 1941 1942
837 1941 1943 1929 1944
838 1932 1945 1936 1923 1927 673 713
839 675 1926 1946
840 716 1942 1943 1930
841 1937 1945 1933
842 1947 1948 1949 1950 1951
843 1952 1950 1953 1954 815 1955
844 1956 1957 1949 1953
845 1958 1959 1951 1952 1960
846 1961 1962 1947 1959
847 1963 1964 1965 810 1955 1960
848 1963 1966 1961 1958
849 1956 1967 1965 812 1954
850 1967 1957 1948 1962 1966 1964
851 1968 1969 1970 1971 694 803
852 1968 1972 1965 809
853 826 1973 1954 813
854 825 1973 1956 1974 1970 1975
855 1969 1974 1967 1972
856 677 1976 1977 1978 1927
857 1978 1979 1980 1981 1982 1924
858 1983 1984 1981 1985
859 1983 1986 1987 1976 678 1926 1988
860 1986 1984 1980 1989
861 1987 1989 1979 1977
862 1828 1990 1991 1992 1993 801 689 1994
863 802 1993 1995 1976 679
864 1823 1990 1996 1983 1997
865 1986 1996 1991 1998
866 1987 1998 1992 1995
867 1999 2000 2001 2002
868 2003 2004 2005 2006 2007
869 2007 2008 2009 2010
870 2005 2011 2012 2013
871 2012 2014 2001 2015
872 2014 2011 2004 2016 2017 2000
873 2016 2003 2008 2018
874 2017 2018 2009 2019 1999
875 2020 2021 2022 2023
876 2022 2024 2025 2026 2027 2028 2029
877 2029 2023 2030 2031 2032 2033
878 2034 2035 2036 2037 2038
879 2039 2026 2040 2041 2036 2042 2032 2043
880 2042 2037 2044 2045 2031
881 2021 2024 2046 2038 2044 2047
882 2046 2034 2048 2040 2025
883 2039 2027 2049
884 2035 2041 2048
885 2045 2047 2020 2030
886 2050 2051 2052 2053 2054 2055
887 2055 2056 2021 2057
888 2054 2058 2024 2056
889 2058 2053 2059 2046
890 2059 2052 2060 2061 2038
891 2062 2063 2061 2044 2064
892 2060 2063 2065 2066 2051
893 2062 2065 2067
894 2057 2050 2066 2067 2064 2047
895 2068 2069 2070 511 485
896 1277 2071 2072 2073 2068 480 243
897 2074 2075 2072 2076 2070 512 2077
898 2078 2074 2079 514 1860
899 2071 2075 2078 1861 239 1275
900 513 2077 2079
901 2076 2069 2073
902 99 1718 2080 2081 2082 2083 2084 2085 2086
903 2087 2084 2088
904 2086 2089 98
905 2090 1853 2091 2092
906 2093 2094 2095 500 2096
907 2097 2081 2098 2099 2094
908 2095 2097 2080 1723 501
909 2100 2096 499 1858
910 1857 2100 2093 2099 2101 2083 2087 2102 2090
911 2082 2098 2101
912 2103 2104 2105 2106 2107
913 2108 2109 2107 2110 1841
914 2106 2111 2112 2109
915 1842 2113 2114 2115 2116 2103 2110
916 2117 2118 2114 2119 2120
917 2121 2112 2108 1837 2122
918 2123 2118 2115
919 2124 2104 2116 2123 2117 2125
920 2111 2105 2124 2126 2121
921 2127 2128 1855 1875
922 2127 2129 1878
923 2130 1882 2131
924 2090 1854 2128 2129 1881 2130 2132
925 2133 2134 2135 2136 2137 2138 2139
926 2140 2141 2138 2142 2143
927 2144 2135 2145
928 2146 2144 2134 2147 2148 2149 2150
929 2151 2136 2145 2146 2152 2140
930 2153 2154 2148
931 2154 2147 2133 2155 2156
932 2157 2150 2152 2143 2158
933 2137 2141 2151
934 2156 2153 2149 2157 2159
935 2143 2160 1885 2130 2161
936 2162 2163 2164 2152 2160 1880 213 1835
937 2162 2165 1832
938 2165 2163 2166 2108 1836
939 2164 2166 2112 2167 2150
940 2157 2167 2121 2168
941 2128 2169 2100 1870
942 2093 2170 2140 2160 1879 2129 2169
943 2170 2141 2171 2099
944 2172 2173 2087 2174
945 2173 2175 2083
946 2171 2138 2176 2172 2175 2101
947 2177 2178 2179 2180
948 2181 2182 2178 2183
949 2183 2184 2185 2186 2187 2179
950 2186 2188 2189
951 2190 2191 2192
952 2191 2193 2194 2195 2196
953 2177 2197 2195 2198 2182
954 2188 2199 2190 2193 2200 2185
955 2200 2194 2198 2181 2184
956 610 1904 2201 2202 2203 2204 2205 567
957 2206 1907 2207 2208 2209 2202
958 2210 2211 2209 2203
959 2212 2213 2214 2205 563 2215
960 1890 2216 2217 613
961 1906 2206 2201
962 2218 2219 2212 2220
963 2207 2221 2218 2222 2216 1897
964 2213 2219 2221 2208 2211 2223
965 2210 2223 2214 2204
966 2224 2225 2226 2227 2228 2229 2230 2231 1748 1752
967 1747 2232 2233 2234 2235 2236 1919 1790
968 2233 2237 2238 2239
969 2240 2241 2234 2237 2242 2243
970 2244 2238 2242 2245 2229 2246
971 2247 2244 2239 2232 1732 2248
972 1920 2236 2249 2250
973 2251 2252 2241 2235 2249 2253
974 2225 2254 2253 2250 1911 1774 2255
975 2224 2255 1775
976 2226 2256 2251 2254
977 2247 2246 2230 2257
978 2248 2257 2231 1740
979 2245 2243 2258 2228
980 2258 2240 2252 2256 2227
981 2259 2260 2261 2262 2263 2264 2265
982 2266 2267 2268 2262 2269
983 2270 2271 2263 2269 2272 2273
984 2274 2275 2261 2268
985 2275 2276 2277 2278 2279 2280 2281 2260
986 2272 2266 2282 2283 2284 2285 2286 2287
987 2273 2288 2289 2290 2287
988 2270 2291 2265 2292 2293 2288
989 2282 2294 2276 2274 2267
990 2283 2295 2296 2277 2294
991 2296 2278 2297 2298 2299
992 2271 2264 2291
993 2290 2286 2300 2301 2298 2302 2303 2304
994 2304 2305 2306 2293 2289
995 2292 2259 2281 2307 2306
996 2300 2308 2285
997 2284 2295 2299 2301 2308
998 2305 2307 2280 2309 2303
999 2302 2297 2279 2309
1000 2262 2310 2311 2312 2313 2314
1001 294 2315 2268 2310 2316 2317 574
1002 2311 2316 2318
1003 2313 2319 2320
1004 2321 2322 298 339
1005 2323 2324 2325 2321 340 149
1006 2326 2327 297 2322 2325
1007 2266 2328 2326 2324 2329
1008 2267 2315 296 2327 2328
1009 2323 2329 2269 2314 2320 2330 153
1010 2331 2271 2332 2320 2333 2334
1011 152 2323 2335 2336
1012 2329 2272 2337 2338 2335
1013 2337 2273 2339 2340
1014 2270 2339 2341 2331
1015 2263 2314 2332
1016 2261 2342 2343 2344 2310
1017 2342 2345 2275
1018 290 323 2346 2343 2345 2274 2315
1019 320 2347 2348 573
1020 2344 2346 325 2347 2349 2316
1021 2350 2351 2352 2353
1022 2353 2354 2287 2337 2355
1023 2356 2357 2358 2359 2360 2361
1024 2283 2362 2358 2363 2364
1025 2359 2363 2365 2326 2366
1026 2351 2367 2285 2368 2356 2369
1027 2282 2364 2365 2328
1028 2354 2286 2367 2350
1029 2324 2366 2360 2370 2335
1030 2284 2368 2357 2362
1031 2353 2371 2289 2372 2373
1032 2288 2372 2374 2339
1033 2290 2354 2371
1034 2375 2376 2377
1035 2378 552 2379 2375 2380
1036 2381 2382 2383 2384 2376 2380 2385 2364 2294
1037 2365 2385 2378 554 336 302 2327
1038 2346 322 2386 2387 2382 2388 2389
1039 2386 2390 2384 2377 2379 543 335 318
1040 2387 2390 2383
1041 2343 2389 2391
1042 2381 2388 2391 2345 2276
1043 1279 1334 2392 2393 2394
1044 2395 1325 1285 2396 2397
1045 2397 2398 2399 2400
1046 2350 2371 2304 2401 1333 2395 2398 2402
1047 2401 2305 2403 1329
1048 2393 2404 2293 2372 2405
1049 2402 2399 2406 2351
1050 2404 2306 2403 1331 2392
1051 2407 2408 2409 2410 2411
1052 2412 2413 2007 2414
1053 2415 2416 2009 2417
1054 2418 2419 2408 2420 2413 2008 2416
1055 2409 2420 2412 2421
1056 2419 2407 2422
1057 2411 2422 2418 2415 2423
1058 2424 2425 1887 630 2426
1059 2427 2428 2425 1892 2429 2430
1060 2431 2430 2432 1894 607
1061 2433 2427 2431 597 2434
1062 2428 2424 2435 2433
1063 632 2436 2216 1891
1064 1893 2429 2432
1065 1370 1348 2437 2438 2439
1066 2440 2437 1336 2441
1067 1371 2439 2442 2443 2444
1068 2445 2444 1372
1069 2446 2447 2448
1070 2447 2449 2443 2445 1365 948 2450
1071 2449 2442 2438 2440 2451 2446
1072 2452 2453 1335 2437
1073 2440 2452 2454 2455
1074 2456 2457 2458 2459 2460 790 2461
1075 2462 2463 2461 795 2464 2465
1076 2465 2466 2467 1970 2468
1077 2459 2469 822 2470
1078 2471 2456 2463 2472 2473
1079 1957 2474 2473 2475 2467 1974
1080 1949 2474 2471 2457 2476
1081 829 2469 2458 2476 1953 1973
1082 2472 2462 2466 2475
1083 2477 2478 2479 942 791 2480
1084 794 945 2481 2482
1085 2483 2484 2485 939 2486 2478 2487 2463
1086 2479 941 2486
1087 2481 932 2485 2488 2489
1088 2483 2490 2489 2482 787 2461
1089 2488 2490 2484
1090 2491 2480 784 2492 2465
1091 2477 2487 2462 2491
1092 2493 2494 2495 2480 785 2496 2497 1825
1093 804 1968 2498 1993
1094 1992 2499 2500 2467 1969 2498
1095 2501 2502 2499 1991
1096 2494 2503 2504
1097 2501 2505 2504 2493 1822 1990
1098 2500 2466 2491 2495 2503 2505 2502
1099 2494 2506 2507 2508 970 1819 2509
1100 1821 2509 2493
1101 2507 2510 2478 2511
1102 966 940 2479 2510 2508
1103 2506 2511 2477 2495
1104 2512 2508 967 2513 2514 2515
1105 964 2513 2516 2517
1106 2518 2517 961 1820 2509 2504 2519 2520
1107 2521 2514 2516 2518 2522
1108 2523 2522 2520
1109 2512 2507 2524
1110 2521 2515 2524 2506 2503 2519 2523
1111 2525 2517 960 882 2526
1112 1981 2527 2528 2529
1113 1996 2501 2530 2520 2531 2527 1984
1114 2528 2532 2525 2518 2531
1115 2505 2519 2530
1116 965 930 2533 2534
1117 2534 957 2535 2536
1118 2537 2538 2536 2533 938 2486 2510 2512 2539
1119 2535 959 2540 2541 2538
1120 2513 963 2540 2542
1121 2537 2541 2542 2514 2543
1122 2539 2543 2515
1123 2544 2545 2546 2547
1124 2548 2549 2550 2551 2552 2553
1125 2554 2555 2556 2550 2557 993
1126 2544 2558 2549 2557 996 2559
1127 2545 2560 2548 2558
1128 2546 2560 2553 2561 2562 2563
1129 2554 2564 2565 998
1130 2562 2566 2567 2568
1131 2561 2552 2569 2555 2564 2570 2566
1132 2556 2569 2551
1133 2571 2572 2573 2574 2575 2576
1134 2577 2578 2579 2576 2580 2581 2582 1035
1135 2571 2583 2584 2579
1136 2577 2585 2586 2587 2588 2589 1028
1137 2590 2575 2580
1138 2581 2590 2574 2591 2592 2593 2594 2595
1139 2594 2596 2588 2597
1140 2598 2599 2593 2596 2587
1141 2586 2600 2583 2572 2601 2602 2598
1142 2578 2584 2600 2585
1143 2603 2601 2573 2591
1144 2603 2602 2599 2592
1145 1472 2604 2605 2606 2607
1146 2608 2609 2610 2611 2612 2606
1147 2605 2608 2613 2614 2615 2616 2617 2618
1148 2619 2620 2621 2609 2613
1149 2617 2622 1470 2623 2624
1150 2625 2626 2627 2628 2616 2624 2629
1151 2618 2622 1471 2604
1152 2630 2631 2632 2611 2633 2625
1153 2634 2620 2635 2631 2636
1154 2621 2635 2632 2610
1155 2634 2619 2614 2637 2627 2638
1156 2637 2615 2628
1157 2638 2636 2630 2626
1158 2639 2640 2586
1159 2641 2642 2600 2640 2643
1160 2602 2644 2645 2646
1161 2644 2647 2648 2649 2650 2651 2601
1162 2652 2653 2647 2645 2654
1163 2655 2656 2657 2652 2658
1164 2657 2659 2660 2648 2653
1165 2661 2662 2663
1166 2664 2665 2663 2666 2642 2583
1167 2665 2667 2668 2669 2659 2656 2670 2661
1168 2655 2670 2662 2666 2641 2671
1169 2646 2654 2658 2671 2643 2639 2598
1170 2651 2672 2667 2664 2572
1171 2673 2668 2672 2650
1172 2673 2669 2660 2649
1173 1080 1173 2674 2675 2676 2677 2678 1149
1174 1139 2678 2679 2680 2681 2682 1125
1175 2677 2683 2679
1176 2684 2685 2686 1163 1082 1114
1177 2687 2688 2684 1112
1178 2689 2690 2676 2683 2680
1179 1106 2687 2691 2692 2689 2681 2693 1121
1180 2694 2686 1171 2674 2695
1181 2682 1126 2693
1182 2688 2685 2694 2696 2691
1183 2696 2695 2675 2690 2692
1184 2697 2698 2699 2700 1167 2701
1185 2702 2703 2704 2698 2705 2706 2707 2708
1186 2699 2705 2709 2710
1187 1170 2700 2710 2711 2712 2713 2674
1188 2697 2704 2714 2715
1189 2716 2717 2702 2718 2694
1190 2716 2719 2715 2701 1162 2686
1191 2714 2703 2717 2719
1192 2713 2720 2708 2718 2695
1193 2707 2721 2712 2720
1194 2711 2709 2706 2721
1195 2722 2723 2724 2725 2726
1196 2727 2726 2728 2729 2730
1197 2731 2732 2722 2728 2733 2734 2735
1198 2736 2737 2738 2723 2732
1199 2739 2724 2738 2740 2741 2742
1200 2727 2725 2739 2743 2744
1201 2743 2742 2745 2746
1202 2747 2736 2731 2748
1203 2741 2749 2748 2735 2750 2751 2745
1204 2752 2733 2729 2753
1205 2740 2737 2747 2749
1206 2752 2734 2750 2754
1207 2755 2723 2756 2757 2758 2759 2717 2760 2761
1208 2762 2759 2702
1209 2763 2764 2765 2691 2766 2725 2767
1210 2768 2769 2756 2724 2767
1211 2768 2770 2763
1212 2769 2757 2771 2764 2770
1213 2716 2760 2772 2685
1214 2718 2762 2758 2771 2765 2696
1215 2726 2773 2761 2772 2688 2766
1216 2722 2755 2773
1217 2774 2775 2776 2761 2777
1218 2778 2779 2780 2776 2772 2684 1111
1219 2779 2781 2774 2782 2783
1220 2782 2777 2773 2728 2784
1221 1113 2778 2783 2784 2729 2785 2786
1222 2775 2780 2781
1223 2727 2766 2687 1107 2786 2787
1224 2788 2789 2790 2782 2791 2792
1225 2733 2784 2791 2793
1226 2734 2793 2792 2794 2795
1227 2731 2796 2797 2788 2794 2798
1228 2789 2797 2799
1229 2755 2777 2790 2799 2796 2732
1230 2798 2735 2795
1231 2800 2774 2790
1232 2775 2801 2802 2803 2804 2805 2806 2799 2800
1233 2758 2807 2808
1234 2809 2803 2810 2811 2807 2759 2703
1235 2760 2719 2812 2801 2776
1236 2813 2806 2796 2736
1237 2808 2811 2814 2815 2816 2757
1238 2756 2816 2817 2818 2819 2738
1239 2819 2820 2821 2805 2813 2737
1240 2822 2823 2815 2817
1241 2820 2824 2822 2818
1242 2823 2824 2821 2804 2810 2814
1243 2714 2809 2802 2812
1244 2786 1108 2825
1245 2693 2826 2827 2828 2829 2763 2830 1053 2831 1123
1246 2743 2832 1057 2833
1247 2765 2692 2834 2835
1248 2832 2739 2767 2830 1063
1249 2836 2834 2689 2837 2838 2828
1250 2839 2838 2827
1251 2764 2835 2836 2829
1252 2681 2837 2839 2826
1253 2840 2841 2788 2842
1254 2794 2842 2843 2844 2845
1255 2843 2840 2846 2847 2848 2849
1256 2806 2850 2846 2841 2797
1257 2847 2850 2813 2747 2851
1258 2849 2844 2852
1259 2852 2848 2851 2748 2798 2845
1260 1116 2778 2853 1075 2854 1157 1094
1261 1071 2853 2783 2791 2855 1042
1262 2752 2793 2855 1044 2856
1263 1176 1092 1164 2854 1069 2857
1264 2858 2844 2859 1045 2860
1265 2750 2795 2845 2858 2861
1266 1046 2862 2843 2859
1267 2862 1047 2855 2792 2842
1268 1183 2863 2864 447 2865
1269 448 2864 2866 2867 1227 2868
1270 2869 2870 2871 2872 2873
1271 2872 2874 2875 2876 2877
1272 2869 2878 2867 1226 2879
1273 1185 2880 2876 2881
1274 2882 2875 2880 1184 2863 2866 2878 2870
1275 2882 2874 2871
1276 2883 2884 2885 2886 1194 20 2887
1277 2888 2889 2883 2890
1278 2891 2892 2893 1202 2894
1279 2891 2895 2896
1280 2897 2898 2886 1199
1281 2888 2899 2900 2901
1282 2893 2902 2897 1201
1283 2884 2889 2899 2903
1284 2892 2895 2904 2900 2903 2885 2898 2902
1285 197 2905 2906 2907 2886 1195
1286 196 2905 2908 2883 2909
1287 2906 2908 2884 2910
1288 2907 2910 2885
1289 2911 2912 2913
1290 2914 2915 2911 2916 199 2905
1291 193 2916 2912 2917 459
1292 2897 2918 2919 2920 1198
1293 1197 2920 2921 461 2922
1294 2922 453 2923 1196
1295 2924 2925 2914 2906
1296 2921 460 2917 2913 2915 2925 2926 2919
1297 2907 2924 2926 2918 2898
1298 2927 2928 2929 2930
1299 2931 2932 2933 2929
1300 2928 2934 2935 2931
1301 2934 2927 2936 2937
1302 2938 2939 2940
1303 2941 2942 2927 2943
1304 2944 2945 2939 2946 2947
1305 2938 2945 2948 2941 2949
1306 2944 2948 2942 2934 2950
1307 2951 2952 2953 2954 2955
1308 2951 2956 1417 2957 2958
1309 1416 2959 2952 2956
1310 2954 2960 1414 2961
1311 2962 1418 2957 2963
1312 1408 2962 2964
1313 2960 1415 2959 2953
1314 2965 2966 2030 2967
1315 2968 2031 2966 2969 2970 2971 2972
1316 2973 2965 2969 2974 2975
1317 2976 2023 2967 2973 2977
1318 2976 2029 2978
1319 2971 2979 2980
1320 2979 2970 2974 2981
1321 2032 2968 2982
1322 2967 2020 2057 2983 2984 2985 2986
1323 2987 2988 2989 2986 2965
1324 2045 2064 2990 2987 2966
1325 2990 2067 2991 2992 2988
1326 2993 2991 2066 2994 2984
1327 2050 2994 2983
1328 2992 2993 2985 2989
1329 2995 2996 2997 2998
1330 2999 3000 2995 3001 3002
1331 2999 3003 2986 2973 3004 3005
1332 2974 3006 2988 3007 2997 3008
1333 2987 3006 2969
1334 2989 3007 2996 3000 3003
1335 3009 3010 3011 3012
1336 3013 3014 3015 3016 3017 3012 3018
1337 3019 3020 3021 3022 3023 3024 3009 3018
1338 3025 3026 3027 3023
1339 3028 3029 3025 3022 3030 3031
1340 3010 3024 3027 3032 3033
1341 3034 3033 3011 3017
1342 3035 3029 3026 3032 3034 3016
1343 3015 3035 3028 3036
1344 3030 3021 3037
1345 3036 3031 3037 3020 3038 3014
1346 3019 3038 3013
1347 3039 3040 3041 3042 2642 2584
1348 3043 2663 3044 3045 3046 3041
1349 3047 3048 3044 2665
1350 3043 2666 3042
1351 3045 3048 3049 3050
1352 2571 2664 3047 3049 3051 3052
1353 2579 3052 3053 3039
1354 3053 3051 3050 3046 3040
1355 2581 3054 3055
1356 3056 3057 2580 3054 3058 3059
1357 3060 3059 3061 3062
1358 3063 2577 1027
1359 3063 2578 3039 3064 3065 1033
1360 3066 3052 2576 3057
1361 3065 3067 3062 3068 1019
1362 3060 3056 3066 3053 3064 3067
1363 3069 3070 3071 3072 3073
1364 3074 3075 3069 3076 3077 3078
1365 3079 3080 3070 3076 3081
1366 3082 3083 3073 3075 3084
1367 3085 3078 3086 3087
1368 3086 3074 3084 3088
1369 3083 3072 3089 3090
1370 3091 3092 3093 3094 3080 3071 3089
1371 3091 3090 3082 3088 3087 3095 3096
1372 3094 3079 3097
1373 3098 3092 3096
1374 3085 3077 3081 3097 3093 3098 3095
1375 2037 3099 3100 3101 2061
1376 2990 2062 3102 3103 3104 2970 3006
1377 3105 3106 3104 2971 3107
1378 3101 3108 3102 2063
1379 2968 3109 3105 3110 3099 2042
1380 3103 3108 3100 3110 3106
1381 3111 3112 3113 3114 3007 2992
1382 3115 3116 3114 2997 3117
1383 3118 3119 3113 3116 3120
1384 3121 3120 3115 3122 3123
1385 3123 3124 3125 3126 3127
1386 3121 3118 3128 3129 3124
1387 3130 3129 3125 3131
1388 3126 3131 3132 3104 2979 3133
1389 3102 3134 3111 2991 2065
1390 3132 3130 3128 3119 3112 3134 3103
1391 3135 3136 2059 2034
1392 3137 3138 3136 2052
1393 3139 3140 3138 3135 2035 3141
1394 3099 3142 3141 2036
1395 2060 3101 3143 3140 3137
1396 3143 3139 3142 3100
1397 3121 3144 3145 3146 3147
1398 3148 3149 3150 3151 3145 3152
1399 3153 3154 3151 3144 3120
1400 3115 3153 3155 3156 3157 3158
1401 3123 3147 3159 3160
1402 3161 3162 3163 3150 3154 3155
1403 3161 3156 3164
1404 3165 3166 3152 3146 3159 3167
1405 3168 3169 3170 3162 3164 3157 3171 3172
1406 3172 3173 3174 3165 3175
1407 3176 3149 3163 3170
1408 3166 3148 3176 3169 3177 3174
1409 3168 3177 3173
1410 3178 3172 3179
1411 3180 3181 3182 3157 3183
1412 3180 3184 3185 3186 3187
1413 3188 3189 3162
1414 3190 3170 3188 3191 3192 3185 3193
1415 3182 3164 3189 3191 3194
1416 3168 3195 3193 3186 3196 3178
1417 3190 3169 3195
1418 3181 3194 3192 3184
1419 3197 3198 3199 3200 3116 3153
1420 3201 3202 3203 3204 3205 2995 3206
1421 3200 3207 3205 2996 3114
1422 3208 3209 3199 3207 3204
1423 3156 3210 3211 3208 3203 3212 3182
1424 3209 3198 3213 3211
1425 3214 3201 3215 3180
1426 3213 3197 3155 3210
1427 3214 3202 3212 3181
1428 1012 1436 3216 2622 1478
1429 3217 3218 3219 3220 3221 1437 3216 2618
1430 3221 3222 1438
1431 2604 3217 3223 3224 1475
1432 1440 3225 3226 3227 3224 1482
1433 3218 3228 3227 3223
1434 3222 1439 3225 3229 3220
1435 3228 3226 3229 3219
1436 3230 3231 3232 3233 3234 3235
1437 3236 3237 3235 3238
1438 3239 3240 3241 3234 3238
1439 3233 3242 3241
1440 3243 3244 3230 3237
1441 3245 3246 3232 3242 3240
1442 3239 3245 3247 3243 3236
1443 3247 3246 3231 3244
1444 3248 3249 3250 3251
1445 3248 3252 3253 3254
1446 3255 3256 3257 3249 3252 3258
1447 3259 3260 3261 3257 3250 3262
1448 3263 3255 3264 3260 3265 3266
1449 3267 3266 3268 3269 3270
1450 3265 3267 3271 3259
1451 3264 3256 3261
1452 3269 3272 3273
1453 3253 3258 3263 3268 3272 3274
1454 3275 3276 3277
1455 3278 3279 3280 3281
1456 3259 3282 3283 3284 3278 3285
1457 3275 3286 3287 3288 3289 3290 3261 3291 3292 3293 3284 3279 3294 3295
1458 3296 3297 3286 3276 3298
1459 3282 3299 3300 3291 3260
1460 3293 3301 3299 3283
1461 3294 3280 3302
1462 3303 3304 3290 3257
1463 3300 3301 3292
1464 3304 3289 3305
1465 3250 3303 3305 3288 3306 3296 3307
1466 3306 3287 3297
1467 3308 3309 1454 1480 3310 3311 3312
1468 3313 3310 1477 3314
1469 3308 3315 1446 3316 3317
1470 3316 1455 3318
1471 1451 3309 3315
1472 3311 3313 3319
1473 3320 3321 3322 3323 3324 3308
1474 3309 1452 3325 3326 3320
1475 3327 3328 3329 3330 3331 3323 3332 3311
1476 3321 3326 3333 3334 3330 3335
1477 3335 3322 3331
1478 3336 1469 3325 3333 3337 3338
1479 3339 3338 3340 3341 3226
1480 3339 3336 1460 3225
1481 3327 3342 3224 1474 3310
1482 3227 3341 3343 3328 3342
1483 3334 3337 3340 3343 3329
1484 3344 3345 3346 3347
1485 3346 3348 3349 3350 3351 3352
1486 3353 3345 3348
1487 3354 978 3355 3350 3356 3357
1488 3358 3351 3356 3359 3360
1489 3361 3359 3357 3362
1490 3362 3354 981 3363 3364 3365
1491 3361 3360 3366 3365
1492 3367 3344 3353 3349 3355 976 3368
1493 3364 3369 3367 3347 3352 3358 3366
1494 3370 3371 3372 3373
1495 3374 3375 3376 3377
1496 3378 3372 3379
1497 3380 3381 3382
1498 3383 3384 3385 3382 3386
1499 3387 3388 3389 3385 3380 3390
1500 3391 3392 3373 3378 3393 3394 3383
1501 3370 3395 3376 3396 3397 3392
1502 3396 3377 3398 3399
1503 3398 3374 3400 3388 3401
1504 3389 3401 3399 3397 3391 3384
1505 3388 3402 3403 3404
1506 3405 3403 3406 3407 3408
1507 3407 3409 3410 3380 3411
1508 3412 3385 3410
1509 3412 3389 3402 3406 3409
1510 3413 3414 164 3415
1511 3416 3414 184 3417
1512 3418 173 3419
1513 3417 183 3418 3420 3421
1514 3421 3416 3413 3422 3423
1515 187 3417 3424 3425
1516 178 3425 3426 3427 3428
1517 3429 3430 3418 174 3428
1518 3431 3432 3421 3424 3426
1519 3429 3427 3431 3433
1520 1518 167 3434 3435
1521 3436 3437 3438 3439 3440
1522 1645 3441 3442 3443 3439 3444
1523 3445 3446 3434 168 3447 1630 1664
1524 3448 3449 3438 3443 3450
1525 3448 3451 3436 3452 1520 3435 3446 3453 1672 3454 3455
1526 1644 1674 3454 3456 3441
1527 3450 3442 3456 3455
1528 3453 3445 1666
1529 3451 3437 3449
1530 3457 3458 3459 3460 3461
1531 3462 3463 3457 3464
1532 3465 3466 3462 3467
1533 3458 3463 3467 3468 3469 3470
1534 3468 3465 3471 3472
1535 3470 3459 3473
1536 3474 3449 3475 3476
1537 3474 3438 3477 3478 3479
1538 3480 3481 3463 3482
1539 3480 3483 3450 3484 3476 3479 3485 3486
1540 3481 3483 3443 3477 3487 3462
1541 3482 3457 3488 3486
1542 3448 3475 3484
1543 3481 3489 3441 1649 1677 3490 3467
1544 3491 1652 1624 1684 3490 3465 3492
1545 1651 3491 3493
1546 3439 3477 3494
1547 3442 3489 3483
1548 3491 1653 1622 3495 3496
1549 1615 1676 3490 3468 3497
1550 3498 3397 3499 3500
1551 3501 3500 3502 3503 3504
1552 3505 3506 3392 3498 3501
1553 3396 3507 3508 3502 3499
1554 3506 3370 3509 3510 3511 3512
1555 3511 3513 3514
1556 3503 3508 3515 3516 3510 3513 3517
1557 3376 3518 3515 3507
1558 3514 3517 3504 3505 3512
1559 3519 3520 3521 3522 3511 3523
1560 3521 3524 3525 3526 3527
1561 3524 3522 3510 3528
1562 3529 3372 3530 3526 3531 3519 3532
1563 3527 3531 3520
1564 3533 3529 3373 3506
1565 3512 3523 3532 3533
1566 3534 3535 3536 3537
1567 3538 3539 3534 3540
1568 3541 3542 3540 3537 3543
1569 3544 3545 3539 3535 3546
1570 3544 3547 3548
1571 3549 3550 3541
1572 3547 3545 3538 3542 3549 3551
1573 3552 3553 3554 3555 3556
1574 3557 3558 3552 3559 3560
1575 3561 3554 3562 3560 3563
1576 3558 3556 3564 3565
1577 3555 3564 3566 3561
1578 3557 3565 3566 3563
1579 3567 3568 3569 3570
1580 3571 3572 3573 3574
1581 3575 3576 3577
1582 3578 3571 3579 3567
1583 3580 3572 3578 3568 3581
1584 3582 3580 3573 3583 3576
1585 3582 3581 3569 3584 3575
1586 3573 3585 3586 3587 3588
1587 3589 3590 3591 3587 3592
1588 3591 3593 3586
1589 3594 3595 3596 3571 3597
1590 3596 3598 3590 3593 3585 3572
1591 3589 3598 3595 3599 3600
1592 3599 3594 3601
1593 3602 3603 3604
1594 3605 3606 3607 3608 3609
1595 3610 3611 3607 3612
1596 3606 3611 3613
1597 3602 3614 3610 3613 3605 3615
1598 3616 3617 3606 3618 1484 3619
1599 3607 3620 1489 3618
1600 3605 3621 3622 3617
1601 3616 3622 3623
1602 3624 2411 3625
1603 3626 3627 2415 3628 3629
1604 3629 3630 3631
1605 2418 3627 3632
1606 3626 3632 2422 3624 3633 3630
1607 3634 3635 1693 3636
1608 2313 3637 3638 3639 2264 2332
1609 2291 3639 3640 3641 3642 2331
1610 1692 3635 3643 3641 3644
1611 3643 3640 3638 3645 3634
1612 3641 3646 3647 2292 2404 3648 3649
1613 3648 2393 3650
1614 3639 3651 3647 2265
1615 3640 3651 3646
1616 3652 3653 3654
1617 3652 3655 2246 3656 3657 3658
1618 2230 3656 3659 3660
1619 3660 2257 3661 3662 3663
1620 2247 3655 3653 3664 3661
1621 3659 3657 3665 3663
1622 1741 2231 3660 3666 3667 3668
1623 3669 3670 3671 3668 1738 3672 3673
1624 3674 3675 3673 3676
1625 3667 3677 3671
1626 2248 3661 3678 3679 1735
1627 3680 3669 3675
1628 3680 3670 3677 3666 3663 3681 3674
1629 3682 3683 3684
1630 3673 3685 528 3686
1631 1719 3687 3688 3689 3675 3685 527
1632 3682 3690 3691 3687 1713 104 2086 3692
1633 3691 3693 3688
1634 3674 3689 3693 3690 3683 3694
1635 3695 3696 1778 1814 1730
1636 622 1817 1756 3696 3697 3698 3669 3685 535
1637 3699 1714 3687
1638 3688 3700 3697 3695 1729 3699
1639 3700 3698 3680 3689
1640 3701 3702 3703 3704 3705 3691 3699 1715 3706
1641 3707 3708 2175 2082
1642 3709 3706 1716
1643 3707 3710 3702 3711 2081
1644 3709 3701 3711 2080 1717
1645 3712 3713 3703 3710 3708 2173 2084 3714
1646 3715 3716 3712 3717 3682
1647 3713 3704 3718 3716
1648 3715 3718 3705 3690
1649 1755 3719 3720 3696
1650 3720 3721 3671 3722 3697
1651 1753 1737 3668 3721 3719
1652 3670 3722 3698
1653 3666 3659 3723 3724 3725
1654 3726 3723 3657 3727
1655 3718 3728 3729 3730 3731
1656 3693 3705 3728 3732 3725 3677 3722 3700
1657 3731 3715 3683 3733
1658 3726 3724 3732 3729 3734
1659 3735 1929 3736 3737
1660 3738 3739 3740 3737 3741
1661 3742 3743 3744 3745 1943 3735 3740 3746
1662 3747 3748 3749 3750
1663 3751 3752 3742 3753 3754 3749 3755
1664 3738 3756 3757 3747 3758
1665 3751 3759 3760 3761
1666 3748 3757 3762 3754
1667 3745 1941 3763 3764
1668 3759 3765 3743 3752
1669 3765 3744 3764 3766 3760
1670 3739 3746 3753 3762 3756
1671 2165 3767 3768 3769 3770 3771 1833
1672 3772 3773 3774 2109 2166
1673 3775 3776 2110 1846 3777 3770
1674 3778 3772 2163 3767
1675 3776 2107 3774 3779 3780
1676 3778 3768 3781 3779 3773
1677 3781 3780 3775 3769
1678 3782 3783 3784 3785 3786 3787 3788 1810
1679 1791 1909 3789 3790 3791 3784 3792
1680 1783 1793 3792 3783 3793
1681 3794 3795 3796 1780
1682 3796 3797 3798 3799 3789 1910 1784
1683 3782 3793 1759 1806
1684 3799 3800 3790
1685 3791 3800 3798 3801 3785
1686 3794 3802 3803 3804 1815 1776
1687 3805 3806 3787
1688 1811 3788 3806 3807 3803 3808
1689 3804 3808 1797 1818
1690 3802 3795 3797 3801 3786 3805 3807
1691 3799 3809 3810 2250 1912 3811
1692 3812 2253 3810 3813 3814
1693 1913 3811 3789
1694 3798 3809 3813 3815
1695 2225 3816 3817 3818
1696 3819 3812 2254 3816
1697 1779 2255 3818 3820 3796
1698 3815 3814 3819 3817 3820 3797
1699 3794 3821 3822 1777
1700 2224 3818 3823 3822 1751
1701 3823 3820 3795 3821
1702 3824 3825 3826
1703 3827 3824 3828 3829 3830
1704 3831 3832 3828 3825 3833 3834 3835 1898 2429 3836
1705 3837 3827 3826 3833 3838 3839
1706 641 3840 3834 3838 3841 1896
1707 635 3840 3835 1889
1708 1901 2432 3836 3842 3843 3844
1709 1899 3841 3839 3845
1710 3846 3847 3848 3830 3837 3845 1900 3844
1711 3832 3829 3848 3849
1712 3850 3846 3843
1713 3847 3849 3831 3842 3850
1714 3851 3852 3853 3854 3855 3790 3811 1917
1715 3851 3856 3857 2236 1921
1716 3852 3858 3846 3859 3860 3861 3862 3863 3856
1717 3800 3809 3864 3865 3866 3867 3855
1718 3864 3868 3869 3863 3857 2249 3810
1719 3868 3870 3871 3872 3865
1720 3860 3873 3872 3866 3874 3875
1721 3876 3877 3843 3858 3853
1722 3867 3874 3878 3876 3854
1723 3873 3871 3879 3861
1724 3870 3879 3862 3869
1725 3875 3859 3850 3877 3878
1726 2431 3880 3881 3882 3883 598
1727 3883 3884 3853 3885 3886 1915 602
1728 1918 3886 3887 1902 608
1729 3888 3889 3890 3881
1730 2430 3880 3890 3891 3836
1731 3884 3876 3892 3888 3882
1732 3885 3858 3844 1903 3887
1733 3877 3842 3891 3889 3892
1734 3893 3894 3895 3896 3897 3898 3899
1735 3900 3901 3902 3895
1736 3903 3904 3905 3900 3896
1737 3906 3907 3901 3905
1738 3908 3909 3910 3906 3904 3911
1739 3912 3911 3903 3897 3913
1740 3902 3907 3910 3914 3894
1741 3912 3908 3915 3899 3916
1742 3909 3914 3893 3915
1743 3916 3898 3913
1744 3841 3917 3895 3918 2207 1895
1745 3919 3839 3917 3894 3920
1746 3921 3899 3922 3919 3845 1908 2206
1747 3923 3897 3924 2209
1748 2202 3921 3898 3924
1749 3918 3896 3923 2208
1750 3920 3893 3922
1751 3925 3926 636 3840 3927
1752 3902 3928 770 642 3926 3929 3930 3838 3917
1753 3931 3932 644 775 3928 3901 3933
1754 3927 3934 3930 3834
1755 3935 3933 3900 3918 2221
1756 3935 3931 3936 2218
1757 3929 3925 3934
1758 3937 3938 3931 3939 3940
1759 3941 738 3942 3940
1760 3943 745 3941 3937
1761 3944 733 671 771 3928 3907
1762 3943 742 3945 3905 3933 3938
1763 3906 3944 730 743 3945
1764 3946 3947 3948 3949
1765 3950 3951 3952 3953 3954 3947 3955
1766 3956 3957 3958 718 3959 3954 3948 3960
1767 3944 731 3961 3962 3963 3910
1768 3946 3955 3964 3965
1769 3956 3966 3967
1770 3965 3949 3960 3967 3968 3911 3969
1771 3909 3963 3970 3951 3971
1772 3964 3950 3971 3908 3969
1773 3904 3945 747 3972 3957 3966 3968
1774 3973 3961 722 3959 3953
1775 746 727 3958 3972
1776 3973 3962 3970 3952
1777 3974 3975 3976 773
1778 3976 766 3977 3978
1779 3979 3977 758 637 3926
1780 3980 3827 3981 3982 3963 3914 3920
1781 3980 3837 3919
1782 3983 3974 772 723 3961 3984
1783 3981 3985 3983 3975 3978 3979 3929 3986 3826
1784 3985 3984 3962 3982
1785 3986 3930 3833
1786 3887 1905 2201 3921 3916 3987 3988 3856 3989
1787 3852 3885 3989
1788 3990 3847 3859
1789 3991 3848 3990 3860
1790 3992 3971 3915 3922 3980 3830 3991 3861
1791 3993 3969 3912 3987
1792 3994 3964 3993 3988 3863
1793 3992 3950 3994 3862
1794 2204 3995 2233 3996
1795 3997 3987 3913 3924 2203 3995 2234
1796 2232 3996 2205 562 1733
1797 3988 3997 2235 3857
1798 3851 3989 3886 1916
1799 3998 3999 1936
1800 3998 4000 4001 4002 1978 1923
1801 4002 4003 4004 1964 1972 2498 1995 1977
1802 4005 4006 4007 4000 3999 1945 4008
1803 4009 1955 811 833
1804 4010 4005 4011 1960 4009 831 710
1805 1932 4008 4010 704
1806 4012 4004 1963 4011 4006
1807 4001 4003 4012 4007
1808 1998 2499 4013 4014 4015 4016 1989
1809 2502 2530 2523 4017 4013
1810 4014 4017 2522 2531 4018 4019
1811 1980 2527 4018 4020 4016
1812 4019 4015 4020
1813 1914 596 4021 4022 4023 4024 3792 1792
1814 590 4021 4025 540
1815 4026 548 4027
1816 4028 4029 4030 4027 549 4031
1817 550 4031 4032 4033 3793 1760 1794
1818 4034 4035 4022 4025 547 4026 4030
1819 4034 4036 4029
1820 4037 4024 3783 4033
1821 4037 4023 4035 4036 4028 4032
1822 2070 4038 4039 1805 521
1823 1803 4040 4041 4042 4043 495
1824 483 4044 4045 4043 490
1825 4044 4046 2068 481
1826 4040 4047 4048 4039 1804
1827 4045 4042 4049 4048 4038 2069 4046
1828 4041 4047 4049
1829 4050 4051 4052 4053 4054 4055 4056
1830 4057 4050 4058 4059 4060 4061
1831 4062 4063 4051 4058
1832 4064 3888 4065 4053
1833 4054 4065 3882 4066 4067
1834 4068 4069 4070 4071 4072
1835 4073 4072 4074 4060 4075 4076 4034 4077
1836 4071 4078 4062 4059 4074
1837 3892 4064 4052 4063 4078 4070 4079 4080 3878
1838 551 4081 4056 4057 4082 4083 4026
1839 4075 4061 4082 4084
1840 4085 4080 3874
1841 4069 4079 4085 3867 4086 4087 4088
1842 4089 4066 3884 3854 4086 4090 4091 4022
1843 4081 4055 4067 4089 4025 541
1844 4076 4084 4083 4030
1845 4068 4088 4092 4093 4073
1846 4092 4087 4090 4094
1847 4077 4093 4094 4091 4035
1848 3784 4095 4090 4096 4024
1849 4086 3855 3791 4095
1850 4089 4097 591 4021
1851 599 3883 4066 4097
1852 4091 4096 4023
1853 4098 4099 4100 4101 4102
1854 4103 4104 4105 4102 4106
1855 4107 4108 4109 4110 4111 4112 4113 4101 4106
1856 4103 4114 4115 4107
1857 4116 4117 4118 4119 4120 4104 4114
1858 4121 4122 4123 4118 4124
1859 4099 4125 4126 4124 4119 4127
1860 4120 4127 4098 4105
1861 4116 4128 4108 4115
1862 4117 4123 4129 4109 4128
1863 4130 4131 4111
1864 4112 4130 4132 4121 4126 4133
1865 4129 4122 4132 4131 4110
1866 4125 4133 4113 4100
1867 4134 4135 4136 4137
1868 4138 4139 4140 4141 4135
1869 4136 4138 4142 2184 4143 4144 4145
1870 4134 4141 4146 4147 4148 4149 4150 4151
1871 4137 4151 4152 4145
1872 4153 4154 4155 4156 4148 4157
1873 4158 4159 4155
1874 4160 4154 4158 4161 4162 2194
1875 4163 4164 4140 4146
1876 4164 4165 4162 2200 4142 4139
1877 4166 4153 4160 2198
1878 2181 4166 4157 4149 4167 4143
1879 4152 4150 4167 4144
1880 4156 4159 4161 4165 4163 4147
1881 4168 3011 4169 4160 2195 4170
1882 4169 3017 4171 4154
1883 4172 4173 3034 4171 4158 4174
1884 4168 3033 4173 4175 4176 4177
1885 4178 4179 4180 4176 4181 2191
1886 4182 4172 4175 4180
1887 4178 4183 4162 2193
1888 4161 4174 4182 4179 4183
1889 1374 1350 4184 4185 4186 4187 4188 2439
1890 4189 4190 4186
1891 1342 4191 4184
1892 2452 4192 4193 4188 2438
1893 4187 4189 4194 4193
1894 2536 4195 2484 4196 4197
1895 4198 4199 4200 4201 909 956 2534 4195 2488 4202 4203
1896 4204 4205 4197 2535 955 911 4206 4207 4208 4209 4210
1897 2490 4202 4211 4212 4205 4196
1898 4213 4214 901 4206
1899 907 4215 4214
1900 4216 4217 4201 908 4215 4213 4207
1901 4204 4212 4218 4198 4219
1902 4220 4199 4219 4210
1903 4218 4203 4211
1904 4216 4221 4208
1905 4221 4217 4200 4220 4209
1906 4222 2481 928 363 4223 4224 4225 4226 4203
1907 4227 4224 4228 381 1358 923 4201
1908 2489 4222 4202
1909 4229 4230 4226 4198
1910 4231 4229 4199
1911 2533 931 2485 4195
1912 379 4228 4223
1913 4231 4200 4227 4225 4230
1914 4232 4233 4234 4235
1915 4234 4236 4237 4238
1916 4239 4240 4241 4242 4236 4233
1917 4238 4243 4244 4245 4246 4235
1918 4237 4242 4247 4243
1919 4232 4239 4248 4246
1920 4249 4241 4247 4244
1921 4249 4240 4248 4245
1922 4250 4251 4252
1923 4251 4253 4254 4238 4255 4256 4257
1924 4253 4258 4259 4252
1925 4257 4260 4261 4262 4263 4259 4250
1926 4264 4244 4265 4256 4260
1927 4265 4243 4255
1928 4266 4246 4267 4262
1929 4263 4266 4235 4254 4258
1930 4264 4245 4267 4261
1931 4232 4268 1395 1391 4269 4270 4266
1932 4269 1379 4271 4272 4273
1933 4271 1392 1402 4274 4248 4267 4275 4276
1934 4268 1399 4274 4239
1935 4276 4272 4277
1936 4262 4275 4277 4273 4270
1937 3968 3903 3923 2211 4278
1938 4279 4280 4281
1939 4278 3966 4282 4283 4279 4284 4285 2223
1940 4286 4287 3943 750 3972 4288 4283 4280
1941 4288 3957 4282
1942 2219 3935 3938 4287 4289 4290
1943 4291 4290 2213 4285
1944 4281 4286 4289 4291 4284
1945 4292 3941 739 4293 4294
1946 4295 3735 1930 717 3958 4288 4296 4297
1947 4295 3737 4298 4299
1948 4296 4283 4300
1949 4292 3937 4287 4301 4302
1950 4299 4297 4300 4280 4303 4302 4294 4304
1951 4301 4286 4303
1952 4305 4306 4307 4308 4309
1953 4310 4311 4312 4306
1954 4305 4310 4313 4314 4315 4316 4317
1955 4318 4319 4320 4309 4317
1956 4321 4322 4323 4324 4320 4308
1957 4312 4325 4326 4321 4307
1958 4327 4328 4329 4323 4330 4325 4311 4313 4331
1959 4332 4333 4329 4324 4319 4334
1960 4330 4322 4326
1961 4334 4335 4316 4318
1962 4315 4336 4327 4337 4332 4335
1963 4328 4337 4333
1964 4338 4339 4310 4340 4341
1965 4342 4343 4344 4345
1966 4343 4346 4347 4306 4339 4348
1967 4338 4348 4344 4349
1968 4346 4350 3738 4351 4342
1969 4311 4352 4353 4299 4354 4340
1970 4353 4295 3740 4355
1971 4347 4312 4352 4355 3739 4350
1972 4356 4316 4357 4358 3653
1973 4357 4315 4359
1974 4338 4360 4317 4356 3652 4361
1975 4340 4362 4313
1976 4305 4339 4360
1977 4356 4318 4363 4364 2244 3655
1978 4365 4366 4320 4367 4364 2238
1979 4365 4368 2242
1980 4369 4348 4360 4309 4366 4368 2245 4370 4371 4372
1981 4319 4367 4363
1982 4369 4344 4373
1983 4374 4371 4375 3726
1984 3723 4374 4370 2229 3656
1985 4376 4303 4281 4377 4329
1986 4302 4378 4328 4376
1987 4377 4279 4300 4379 4323
1988 4378 4294 4380 4327
1989 4330 4379 4297 4353 4381
1990 4381 4352 4325
1991 4382 4333 4376 4301 4289 4383
1992 4367 4324 4377 4284 4384
1993 4291 4383 4385 4334 4363 4384
1994 4332 4382 4385
1995 4357 4335 4385 4386 4387 4388
1996 4383 4290 2212 4389 4386
1997 2239 4364 4384 4285 2214 3996
1998 3940 4292 4378 4337 4382 4386 4390
1999 4391 4392 4393 4394 4395 4396
2000 4393 4397 4398 4399 4400
2001 4401 4397 4394 4402
2002 4403 4398 4401 4404 4405 4406
2003 4404 4402 4395 4407 4408
2004 4409 4392 4400 4410 4411 4412
2005 4413 4408 4405 4414
2006 4399 4410 4415 4416 4403
2007 4409 4391 4417 4418
2008 4414 4419 4418 4412 4420 4416 4406
2009 4417 4396 4407 4413 4419
2010 4411 4415 4420
2011 4421 4422 4393 4423
2012 4424 4421 4425 3754 4426 4427
2013 4424 4422 4394 4428
2014 4392 4423 4425 3762 4429
2015 4430 4427 4428 4395
2016 4431 3748 4426 4430 4396
2017 4391 4429 3757 4431
2018 4432 3956 4282 4296 4379 4322 4433
2019 4423 4434 3746 4355 4381 4326 4433 4435 4400
2020 3744 4436 4437 4438
2021 4439 4437 4440 4441 4442 3954 4443
2022 4444 4439 4438 3743 4445 4422 4397
2023 4440 4446 715 1942 3745 4436
2024 4447 3948 4443 4444 4398
2025 4448 707 4446 4441
2026 3959 714 4448 4442
2027 4445 3742 4434 4421
2028 4399 4435 4432 3960 4447
2029 2240 4449 3949 4447 4403 4450
2030 4451 4452 4453 3946 4449 2252 4454
2031 3947 4443 4455 4453
2032 4456 4452 4455 4444 4401 4457 4458
2033 4456 4451 4459
2034 4460 2256 4454 4459 4458 4461 4462 4463
2035 4464 4404 4457 4461
2036 4405 4464 4462 4465
2037 4466 2258 4450 4406 4465 4463
2038 2227 4460 4466
2039 4467 4350 3756 4429 4409
2040 4468 4433 4321 4469 4411
2041 3753 4434 4425
2042 4347 4307 4469 4412 4467
2043 4468 4435 4410
2044 4470 4415 4468 4432 3967 4278 2210 3995 2237 4365
2045 3997 3993 3965 4449 2241
2046 4450 4416 4470 4368 2243
2047 4417 4431 3747 4471 4342 4472
2048 4346 4467 4418 4472
2049 4473 4419 4472 4343 4369 4474 4475
2050 4476 4477 4478 4475 4479 4371
2051 4366 4308 4469 4420 4470
2052 4473 4414 4465 4480 4478
2053 4481 4466 2228 4370 4476
2054 4480 4463 4481 4477
2055 4475 4482 4483 4484
2056 4407 4430 4485 4486 4483 4487
2057 4485 4426 3749 4488
2058 4482 4487 4413 4473
2059 4489 4490 4491 2458
2060 4492 4493 4494 4489 2459 4495
2061 4496 4212 4497 4498 4499
2062 4500 4501 4502 4499 4503 4493 4504
2063 4205 4496 4502 4505
2064 4211 4222 2482 788 359 4506 4507 4508 4497
2065 4507 4509 4510
2066 4511 4501 4505 4196 2483 2456
2067 4494 4504 4512 4490
2068 4511 4500 4512 4491 2457
2069 4503 4498 4508 4509 4513 4492
2070 4514 4515 362 4223 4516 4517 4258
2071 4516 4518 4519 4224
2072 4520 4259 4514 4521 4522 4523
2073 4225 4519 4524 4252 4520 4525
2074 4526 4523 4525 4226 4218 4497
2075 4518 4517 4253 4524
2076 4521 4515 361 4527 4507 4528
2077 4528 4522 4526 4508
2078 4529 4530 4531 4532 4533
2079 4531 4534 4535 4536 4537
2080 4538 4539 4540 4541
2081 4542 4541 4543 4533 4544
2082 4529 4545 4538 4543
2083 4536 4546 4547 4540 4542 4548
2084 4530 4534 4549 4547 4539 4545
2085 4549 4535 4546
2086 4550 4219 4229 4551 4552 4553 4499
2087 4496 4204 4550
2088 4230 4525 4554 4551
2089 4555 4523 4554 4552
2090 4498 4526 4555 4553
2091 4556 4557 3340
2092 4556 4558 4559 4560 4561 3228 3341
2093 4562 4563 4558 4557 3338
2094 3339 4562 4564 4565 4566 3229
2095 4566 4567 4561 3219
2096 4559 4563 4564 4568
2097 4560 4568 4565 4567
2098 2575 4569 4570 4571 4572 4573 3057
2099 4574 4575 4576 2574 4569
2100 4574 4577 4570
2101 4578 4579 4580 4572
2102 3066 3051 4581 4582 4578 4573
2103 4583 4584 4585 4586 3049 4581
2104 2672 4587 4585 4588 4589
2105 3047 4586 4587 2667
2106 4582 4583 4590 4579
2107 2573 2651 4589 4591 4576
2108 4577 4575 4591 4588 4584 4590 4580 4571
2109 2611 4592 4593 4574 4594 4595
2110 2594 4596 4597 2625 4598
2111 3054 2590 4569 4594 4599
2112 4600 2593 4596
2113 4601 2631 4602 4603 4576 2591
2114 2632 4602 4604 4592
2115 4600 2592 4601 2630 4597
2116 4575 4603 4604 4593
2117 3186 4605 4606 4607
2118 4606 4608 4609 4610 4611
2119 4608 4612 4613 3185 4605
2120 3062 4614 4615 4616 4617
2121 4610 4618 4619 4620 3059 4621
2122 4622 3201 4623 4616
2123 3060 4620 4624 4614
2124 4624 4619 4625 4613 3184 3214 4622 4615
2125 4618 4625 4612 4609
2126 4626 4570 4594 4627 4610
2127 4620 4628 4573 3056
2128 4629 4572 4628 4619
2129 4618 4629 4571 4626
2130 4630 4631 4632 4633 4634
2131 4635 4636 4630 4637 2566
2132 4638 4635 2562 4639 4640
2133 4636 4631 4641 4638
2134 4642 4643 2546 4644 4645
2135 4643 4646 4647 4648 2560
2136 4648 4649 4650 2553
2137 2561 4650 4651 4635
2138 4638 4651 4649 4647 4652 4653
2139 4646 4652 4654 4642
2140 115 4655 4656 4657 4658 1034
2141 4659 4660 4658 1031 122 4661 4662
2142 4655 4663 4664 4665 4666 118
2143 119 4666 4667
2144 4668 4656 4663 4669 4670 4671
2145 4664 4669 4672
2146 4673 4668 4657 4660
2147 4673 4671 4674 4659
2148 4675 4676 4677 4678
2149 4679 4675 4680 4681 4651 4636
2150 4679 4676 4682 4631
2151 4683 4684 4681 4649
2152 4685 4683 4647
2153 4685 4684 4680 4678 4686 4652
2154 2544 4687 4688 1022 4689
2155 4690 4691 4660 4692 4643 2545 4687
2156 4658 4691 4693 1030
2157 4693 4690 4688 1025
2158 4659 4692 4642 4694
2159 4695 4679 4630 4696
2160 4676 4695 4697 4698
2161 4699 4700 4701 4702 4703
2162 4704 4699 4705 4706 4707 4708 4709 4710
2163 4711 4712 4713 4714 4705 4700
2164 4715 4703 4704 4716
2165 4701 4711 4717 4718
2166 4719 4720 4721 4722 4723 4724 4708 4725
2167 4726 4714 4706 4727 4723 4728
2168 4717 4712 4729 4728 4722 4730 4731 4732
2169 4713 4726 4729
2170 4710 4716 4733 4734
2171 4720 4735 4731 4736
2172 4721 4730 4735
2173 4737 4725 4709 4734
2174 4715 4702 4718 4732 4736 4719 4737 4733
2175 4738 4709 4739 4740
2176 4738 4725 4741 4742 4743 4744
2177 4745 4746 4747 4743
2178 4739 4734 4748 4749 4746 4750
2179 4751 4742 4745 4749
2180 4751 4741 4737 4748
2181 4752 4753 2646 2599 4600 4754
2182 2636 4755 4756 4757 4758 2644 2603 4601
2183 4754 4759 4760 2626 4597
2184 4753 2645 4758 4761 4762
2185 4763 4764 4762 4752 4759
2186 4755 4765 4766 4763 4760 2638
2187 4765 4767 4756
2188 4766 4767 4757 4761 4764
2189 4768 4769 4755 2634 4770
2190 4591 4771 4772 4603
2191 4773 4774 4775 2647 4758
2192 4776 4777 4769 4756 4778 4774 4779 2649
2193 4780 4768 4777 4781 4772 4602 2635
2194 4770 4780 2620
2195 4589 2650 4776 4781 4771
2196 4779 2648 4775
2197 4773 4778 4757
2198 4782 4783 4784 4785
2199 4786 4787 4788 4789
2200 4785 4790 4791 4792
2201 4793 4794 4795 4796 4797 4788
2202 4798 4799 4800 4801
2203 4802 4796 4803 4800
2204 4783 4804 4805 4806 4807 4798 4808
2205 4809 4810 4811 4806
2206 4802 4799 4807 4809 4812 4813 4795
2207 4814 4815 4816 4817 4812 4810 4818 4804 4782 4790
2208 4793 4819 4820 4815 4821 4787
2209 4820 4816 4822
2210 4794 4813 4817 4822 4819
2211 4811 4818 4805
2212 4821 4814 4791 4823 4786
2213 4824 4825 4826
2214 4827 4828 4829 4830 4831 4832 4824 4833
2215 4834 4835 4836 4837 4838 4832 4825 4839
2216 4840 4841 4833 4826 4839 4842 1314 4843
2217 4844 4845 4836 4846 4847 4848 4849 1312 1302
2218 4849 4850 1304
2219 4851 4852 4848 4850 1309
2220 4853 4854 4855 4851 1311 4856
2221 1313 1299 4844 4857 4834 4842
2222 4831 4858 4838
2223 4837 4858 4830 4859 4846
2224 4860 4861 4853 4862 4840
2225 4827 4863 4864 4860 4841
2226 4845 4835 4857
2227 4865 4866 4829 4859 4847 4852 4855
2228 4866 4828 4863 4867
2229 4864 4867 4865 4854 4861
2230 4868 4869 4870 4871
2231 4872 4871 4873 4874
2232 4873 4868 4875 4876 4877 3276 4878
2233 4879 3296 4880
2234 3297 4881 4882 4883 4884 4870 4872 4885 4879
2235 4886 4881 3286 4877
2236 4887 4888 4882 4886 4876
2237 4889 4888 4883
2238 4869 4875 4887 4889 4884
2239 4877 4890 4891 3275
2240 4892 4893 4876 4890 4894 4895
2241 4868 4896 4897 4898
2242 4898 4873 4899 4900
2243 4892 4901 4902
2244 4896 4903 4902 4893 4875
2245 2853 2779 4904 4905 4906 4907 1072
2246 2780 2801 4908 4909 4904
2247 2812 2715 4910 4911 4912 4913 4908
2248 2701 4910 4914 4915 1161
2249 4915 4916 4917 4918 1160
2250 4919 4907 1068 2854 1158 4920
2251 4921 4922 4923 4924 4912
2252 4916 4914 4911 4924 4925 4926
2253 4926 4917 4927
2254 4906 4928 4922 4929 4919
2255 4905 4909 4913 4921 4928
2256 4930 4931 4932 4933 1156 4934
2257 450 4935 4936 4930 4937 4938 4939 2864
2258 4940 456 4941 4942 4931 4936
2259 4943 4944 4933 1145 1187
2260 4935 4940 457
2261 6 455 4941 4945 4943 1181
2262 1188 1142 4934 4937 4946 4947
2263 4945 4944 4932 4942
2264 4939 4948 4947 1189 2863
2265 4946 4938 4948
2266 4949 2679 4950 1141 4934 4951 4952 4953
2267 4951 4930 4954 4955 4956
2268 4957 4958 4932 4959
2269 2677 4960 4961 4962 4958 4933 1144 4950
2270 4963 4961 4964 4965
2271 2683 4960 4964 4966 4949
2272 4967 4963 4962 4957 4968 4969 4970
2273 4971 4969 4972 4973
2274 4954 4974 4972 4968 4959 4931
2275 4970 4971 4975
2276 4966 4965 4967 4975 4973 4974 4955 4976 4953
2277 4956 4976 4952
2278 4977 4978 4979 4980 4965 4981
2279 4980 4982 4967
2280 4983 4979 4982 4975 4984 4985 4986
2281 4987 4988 4977 4989 4990 4991 4992
2282 4993 4983 4978 4989
2283 4993 4986 4994 4990
2284 4995 4996 4997 4955 4998
2285 4999 5000 4974 4997
2286 5001 4976 4998 5002 4992
2287 4995 5003 5004 4985 4994 4991 5002
2288 4966 4981 4988 5005
2289 5001 4953 5005 4987
2290 4984 4973 5000 5006 5004
2291 4996 5003 5006 4999
2292 5007 5008 5009 5010 5011 5012
2293 5008 5013 5014 5015
2294 5016 5017 5013 5007 5018
2295 5019 5020 5021 5022 5015 5009 5023
2296 4954 4997 5024 5023 5010 5025 5026 4936
2297 5027 5018 5012 5028 5026 4940 465
2298 5029 5030 5031 5032 5033 4942 4959
2299 5033 5034 5016 5027 463 4941
2300 5029 5035 4968
2301 5000 5036 5020 5037 5030 5035 4972
2302 5011 5028 5025
2303 5017 5014 5022 5038 5032 5034
2304 5038 5021 5037 5031
2305 4999 5036 5019 5024
2306 5039 5040 5041 5042 5043 5025 5044 452 2922 1208 1229
2307 5044 5026 4935 451
2308 1230 5039 5045 5046 5047 2867
2309 5023 5048 5042 5049
2310 5010 5048 5043
2311 5046 5050 4998 4956 5051 4938 5052
2312 4939 5052 5047 2866
2313 4951 4937 5051
2314 5045 5040 5053 4995 5050
2315 4996 5024 5049 5041 5053
2316 5054 5055 5056 5057
2317 5055 5058 5059 5060
2318 5015 5061 5062 5058 5056 5063 5064
2319 5065 5054 5060 5066 5020
2320 5067 5062 5059 5066 5021
2321 5048 5009 5064 5068 5069
2322 5069 5042 5070
2323 5067 5061 5022
2324 5070 5068 5063 5057 5065 5019 5049
2325 5071 5072 5028 5044 466 2921
2326 1234 5073 5074 5039
2327 5073 5075 5076 5077 5071 2920 1214 5078 1236
2328 1211 5078 1223
2329 5079 5075 5074 5040
2330 5069 5043 5011 5072 5077 5080
2331 5070 5080 5076 5079 5041
2332 2924 2910 2903 5081 5082 5083 5084
2333 5085 5086 5084 2926 5087
2334 5088 5083 5086
2335 5089 5090 5087 2918 2902
2336 5091 5092 5081 2900 5093
2337 2895 5094 5091 5095 5096 5097
2338 5089 5098 5099 5097 2892
2339 5096 5100 5099
2340 5085 5088 5082 5092 5095 5100 5098 5090
2341 5101 5102 5103 5076
2342 5103 5077 5104 5105
2343 5106 5107 5101 5075
2344 5087 5108 5104 5071 2919
2345 5109 5110 5111 5106 5073 1233
2346 5112 5113 5114
2347 5113 5115 5110 5116
2348 1222 5109 5116 5114 5117 5089 2893 1210 5078
2349 5117 5090 5108 5105 5102 5107 5111 5115 5112
2350 2917 5118 5027 464
2351 5119 2913 5118 5018 5120 5121
2352 5119 5122 2915
2353 2925 5122 5121 5123 5084
2354 5072 5012 5120 5123 5086 5124 5104
2355 5108 5124 5085
2356 5080 5068 5125 5126 5103
2357 5125 5127 5128 5129 5008 5064
2358 5007 5129 5130 5131 5132 5120
2359 5132 5133 5083 5123
2360 5128 5130 5134
2361 5124 5088 5133 5131 5134 5127 5126 5105
2362 5135 5136 5121 5132 5137
2363 2889 5138 5136 5122 2914 2908
2364 5139 5135 5138 2899 5081
2365 5139 5137 5133 5082
2366 5140 5099 5141 5114 5142 1690 5143
2367 5097 2891 5144 5140
2368 5145 5116 5142 1689 1220
2369 5145 5109 1221
2370 5098 5117 5141
2371 5036 5065 5146 5147 5148 5006
2372 5003 5148 5149 5150 5151 5101 5079 5053
2373 5147 5152 5153 5149
2374 5125 5154 5150 5153 5155 5063
2375 5146 5057 5155 5152
2376 5151 5154 5126 5102
2377 5156 5157 5158 5159
2378 5159 5160 5161 5162 5163
2379 5164 5165 5156 5160 5166
2380 5165 5167 5168 5169 5157
2381 5170 5171 5162 5172
2382 5173 5168 5174 5175 5170
2383 5174 5167 5164 5176
2384 5171 5173 5169 5158 5163
2385 5177 5163 5178 5179 5113 5142 1704
2386 5180 5181 5096 5140 5182
2387 5183 5160 5184 1706
2388 5162 5178 5185 5180 5186
2389 5141 5100 5181 5185 5179 5112
2390 5183 5159 5177 1703
2391 5164 5187 5188 5189 5190 5191
2392 3635 5192 5193 1698
2393 5183 5156 5194 5188 5195 5193 1707
2394 5194 5187 5165
2395 5196 5190 5197
2396 5196 5189 5195 5192 3634 5198
2397 5199 5200 5201 5202 5168
2398 5203 5201 5204 5205
2399 5200 5204 5206 5207
2400 5208 5209 5210
2401 5211 5212 5210 5213 5194 5157
2402 5187 5167 5202 5203 5214 5208 5213
2403 5215 5206 5205 5214 5209 5212
2404 5169 5199 5207 5215 5211
2405 5216 5217 5218 5219 5220
2406 5219 5221 5222 5223 5224 5225
2407 5218 5221 5226
2408 5227 5217 5226 5222 5228 5229 5203
2409 5230 5224 5231 5190
2410 5174 5232 5216 5227 5202
2411 5213 5188 5233
2412 5214 5229 5234
2413 5189 5233 5208 5234 5228 5223 5230
2414 1710 5235 5236 5207 5237 5238 5110 5145 1232
2415 5239 5215 5236
2416 5235 5239 5211 5158 5177 1709
2417 5178 5171 5240 5241
2418 5179 5241 5242 5238 5115
2419 5240 5242 5237 5199 5173
2420 5243 5244 5245
2421 5245 5246 5247 5248 5249
2422 5243 5246 5250 5251 5252
2423 5247 5250 5253
2424 5254 5255 4788 5256
2425 5257 5258 4795 5259 2953
2426 4796 5259 2954 5260
2427 2952 5257 5261 5262 5263 5264
2428 5254 5265 5266 5267 5268
2429 2951 5264 5269 5267 5270
2430 5255 4793 5271 5262 5272 5265
2431 4794 5271 5261 5258
2432 5272 5263 5269 5266
2433 5273 5274 5275 5276
2434 4815 5277 5275 5278
2435 5277 5274 5279 5280 5281 5282 5283 4816
2436 5284 5276 5278 4814 5285
2437 5280 5286 5287 5288 5289
2438 5290 5289 5281 5291 4810
2439 5292 5293 5288 5290 4818 5294
2440 5283 5295 4817
2441 5295 5282 5291 4812
2442 5285 5296 5297 5298 4790
2443 5299 5294 4804
2444 5298 5300 5292 5299 4782
2445 5284 5273 5279 5286 5301 5296
2446 5301 5287 5293 5300 5297
2447 5302 5303 5304 4833
2448 5305 5306 5307 4827 5302
2449 4824 5308 5309 5310 5304
2450 5311 5308 4832
2451 5307 5312 5313 4828
2452 5314 5315 5316 5313 4829
2453 5312 5316 5317 5318 5319 5306
2454 4831 5320 5321 5318 5322 5309 5311
2455 5314 5323 5320 4830
2456 5321 5317 5315 5323
2457 5305 5319 5322 5310 5303
2458 4839 5324 5325
2459 5326 5327 5324 4842 1316 5328
2460 5329 5304 4826 5325 5327 5330 5292
2461 4783 5299 5330 5326 5331
2462 5332 4841 5302 5333 5298 4785 5334
2463 4840 5332 5335
2464 5329 5303 5333 5300
2465 3118 5336 5337 5338 5339 3144
2466 3147 5340 5341 5342 3124
2467 3129 5343 5344 5345 5346 5342
2468 5347 5348 5349 3146 5340
2469 5350 5351 5346 5341 5347
2470 5352 5353 5345 5351
2471 5353 5354 5355 5356 5357 5344
2472 3145 5339 5358 5349
2473 3128 5336 5359 5357 5343
2474 5360 5361 5337 5359 5356
2475 5360 5362 5355
2476 5350 5352 5354 5362 5361 5338 5358 5348
2477 5363 5364 5355 5365 5366 5367 5368
2478 5353 5369 5366 5370 5371
2479 3074 5372 5367 5370 5373
2480 3069 5374 5363 5375
2481 5374 5364 5356 5376 3076
2482 3075 5375 5368 5372
2483 3078 5377 5344 5371 5373
2484 3077 5376 5357 5377
2485 5369 5365 5354
2486 5378 5379 5380 5381 4131
2487 5382 5383 5384 5385 5386 5387 5388 5378 4111 5389 5390
2488 5389 5391 5392 5381 4130
2489 5386 5393 5394 5395 5396 5397 5398
2490 5392 5380 5399 5395 5400 5401 5402 5403 5404
2491 5396 5400 5405
2492 5406 5390 5391 5404 5407 5408 5409
2493 5407 5403 5410
2494 5411 5406 5382
2495 5412 5413 5401 5405 5397 5414 5384
2496 5398 5414 5385
2497 5379 5399 5394 5415 5388
2498 5412 5416 5409 5411 5383
2499 5415 5393 5387
2500 5402 5410 5408 5416 5413
2501 5417 5418 5419 5420
2502 5421 5417 5422 5423
2503 5424 5425 5426 5420 5422 5427
2504 5428 5429 5430 5418 5421 5431
2505 5419 5430 5432 5426
2506 5433 5431 5423 5427
2507 5433 5428 5434 5424
2508 5425 5432 5429 5434
2509 5435 5436 5437 5438
2510 5439 5440 5441 5437 5442 5443
2511 5444 5436 5442 5445 5446 5447
2512 5448 5435 5444 5449 5450
2513 5451 5441 5438 5448 5452 5453
2514 5451 5440 5454 5455 5456 5457
2515 5449 5447 5458 5459 5460
2516 5452 5450 5460 5461 5462
2517 5463 5464 5459 5461
2518 5455 5465 5443 5445 5466
2519 5456 5466 5446 5458 5464 5467
2520 5454 5439 5465
2521 5457 5453 5462 5463 5467
2522 5468 5469 3292 5470 5471 5472 5473 1077 5474 1050 2859 2849 5475
2523 5476 5477 3288
2524 3287 5476 5478 5479 5480 4881
2525 5478 5481 5482 3289 5477
2526 5483 5475 2852 2858 5484 3294
2527 1065 5473 5485 5480 4886 4890 5486
2528 5474 1049 1074
2529 5487 5488 5468 5483 3279
2530 5489 5487 3284
2531 3264 5490 5470 3291
2532 5482 5491 5471 5490 3256 3290
2533 5488 5469 3293 5489
2534 5481 5479 5485 5472 5491
2535 1073 5492 5493 5494 2840 2862 1052 5474
2536 5495 5496 5497 5498 3300 5470
2537 5499 5500 5501 5496
2538 5501 5502 5503 5497
2539 5469 3301 5498 5503 5504 5505 2847 5506 5507
2540 5508 5506 2848 5475
2541 5509 5492 1066 5473
2542 5494 5510 5505 2846
2543 5508 5507 5468
2544 5495 5499 5511 5471
2545 5509 5493 5510 5504 5502 5500 5511 5472
2546 5492 5512 5513 4907 1067
2547 5514 5515 5480 4882
2548 4887 5516 5517 4893
2549 5518 5517 4892 5519
2550 5513 4919 5520 5518 5516 4888 5514 5521
2551 5509 5512 5521 5515 5485
2552 5459 5522 4905 5523
2553 5524 5461 5522 4906 5513
2554 2789 2841 5494 5525 5464 5523 4904 2781 2800
2555 5512 5524 5463 5525 5493
2556 5458 5526 5527 5528 4909 5523
2557 5526 5446 5529
2558 5530 5531 5527 5529 5466 5532 5533 5534 2804
2559 5528 5531 5535 2802 4908
2560 5533 5536 5537
2561 5536 5532 5456 5538 5539
2562 5505 5540 5539 5537 5534 2805 2850
2563 5535 5530 2803
2564 5540 5538 5467 5525 5510
2565 5541 5542 5543 5544 5545 5546 4703
2566 5547 5544 5548 5549 5550
2567 5551 5548 5543 5552 5553
2568 5554 4704 5546 5555 5556
2569 5554 4716 5557 5558 5559 5560
2570 5561 5562 5556 5560 5563 5564
2571 5565 5566 5559 5563 5567
2572 5568 5569 5570 5564 5567 5571
2573 5561 5572 5550 5573 5570
2574 5545 5555 5562 5572 5547
2575 5569 5574 5551 5549 5573
2576 5574 5553 5575 5576 5568
2577 5558 5577 5542 5552 5575 5578 5566
2578 5541 4715 5557 5577
2579 5576 5578 5565 5571
2580 5579 5580 5581
2581 5579 5582 5583 5584 5552 5585
2582 5586 5587 5588 5589 5582 5580 5590 5591
2583 5592 5584 5542
2584 5593 5594 5577 5592 5583 5589 5595 5596
2585 5590 5581 5585 5575 5597
2586 5598 5591 5597 5578 5599 5600 5601
2587 5586 5602 5598
2588 5558 5594 5603
2589 5604 5593 5603 5566 5599
2590 5605 5606 5596 5604 5600
2591 5606 5595 5588 5607
2592 5602 5587 5607 5605 5601
2593 5608 5609 5599 5565 5610 5611 5612
2594 5609 5600 5613 5614 5615
2595 5608 5615 5616 5617 5618
2596 5619 5620 5597 5576 5621 5622 5623 5617
2597 5623 5624 5612 5618
2598 5614 5625 5598 5626 5619 5616
2599 5622 5627 5611 5624
2600 5621 5571 5610 5627
2601 5620 5591 5626
2602 5613 5601 5625
2603 5628 5629 5630 5631 5632 5633
2604 5634 5635 5636 5637 5638 5630
2605 5629 5634 5639 5640
2606 5628 5640 5641 5642 3148 5643 5644
2607 5645 5642 3149
2608 5639 5635 5646 5647 5648 3150 5645 5641
2609 5649 5650 5651
2610 5650 5652 5633 5644 5653
2611 5651 5654 5349 3152 5643 5653
2612 5648 5655 5339 3151
2613 5638 5656 5631
2614 5652 5632 5656 5637 5657 5647 5655 5358 5654 5649
2615 5636 5657 5646
2616 3210 5658 5659 5660 3189 3161
2617 3213 5658 5661 5662
2618 5663 5664 5665 5666 5667 5668
2619 5669 5666 5670 5671 5672 5673 5639 5674
2620 5667 5669 5675 5676
2621 5677 5678 5670 5665 5679
2622 5680 5672 5681 5682 5683 5646
2623 5684 5685 5683 5647
2624 5671 5681 5686 5687 5678
2625 5661 5688 5679 5664 5689 5659
2626 5645 5690 5691 5663 5689 5660 3188 3163
2627 3197 5662 5688 5677 5687 5692 5684 5648 3154
2628 5685 5682 5686 5692
2629 5680 5673 5635
2630 5674 5675 5693 5690 5641
2631 5693 5676 5668 5691
2632 5694 5695 5696 5697
2633 5698 5696 5699 5700 5701 5702 5703 5704
2634 5705 5706 5707 5708 5709 5710 5699 5695
2635 5711 5697 5698 5712 5713 5714
2636 5715 5716 5705 5694 5711
2637 5717 5718 5706 5716
2638 5710 5719 5720 5700
2639 5703 5721 5713 5722
2640 5715 5717 5723 5724 5725 5726 5702 5721 5714
2641 5719 5709 5727 5725 5728
2642 5729 5708 5727 5724
2643 5729 5707 5718 5723
2644 5722 5704 5712
2645 5726 5728 5720 5701
2646 5730 5731 5732 5733
2647 5732 5734 5735 5736 5737
2648 5738 5739 5740 5741 5736
2649 5734 5731 5742 5743
2650 5743 5744 5745 5746 5738 5735
2651 5747 5748 5739 5746
2652 5747 5749 5745
2653 5730 5742 5744 5749 5748 5740 5750
2654 5751 5752 5753 5754 5755 5756
2655 5753 5757 5758
2656 5759 5754 5757 5760 5761
2657 5762 5763 5764 5765
2658 5766 5767 5762 5768 5769 5770 5756
2659 5763 5768 5771
2660 5759 5755 5770 5772
2661 5751 5766 5773
2662 5774 5775 5776 5777
2663 5778 5779 5780 5781 5782 5783 5784 5775
2664 5774 5778 5785 5786 5787
2665 5788 5789 5790 5781 5791
2666 5792 5789 5793 5779 5785 5794
2667 5780 5790 5793
2668 5795 5796 5783 5797
2669 5776 5784 5797 5798 5799
2670 5786 5794 5800 5801
2671 5802 5803 5795 5798 5804
2672 5802 5805 5788 5792 5800 5806
2673 5796 5782 5791 5805 5803
2674 5807 5808 5809 5810 5811
2675 5812 5813 5807 5814 5815
2676 5816 5811 5814 5817 5818
2677 5795 5819 5812 5820 5821
2678 5822 5823 5821 5798 5824
2679 5825 5826 5818 5827 5822 5828
2680 5816 5810 5829 5830 5826
2681 5830 5831 5832 5825
2682 5820 5815 5817 5827 5823
2683 5833 5834 5802 5835
2684 5836 5837 5809 5829 5831 5838
2685 5836 5839 5833 5840
2686 5808 5837 5839 5834 5803 5819 5813
2687 5841 5842 5843 5844
2688 5845 5846 5841 5847 5848 3333
2689 5849 5850 5847 5842
2690 5851 5852 5853 5843 5849 5854 5855 5856 4563
2691 5848 5850 5854 5857 1447 3325
2692 1461 5858 5856 4562 3336
2693 5858 5855 5857 1465
2694 4558 5851 5859
2695 5845 5860 5852 5859 4557 3337
2696 5844 5853 5860 5846
2697 5861 5862 5863 5864 5865
2698 5866 5867 5868 5869 5870 5871 5863
2699 5872 5873 5874 5866 5862
2700 5867 5875 5874
2701 5876 5877 5872 5861 5878
2702 5879 5871 5864 5880
2703 5877 5881 5868 5875 5873
2704 5882 5869 5881 5876 5883
2705 5882 5870 5879 5884
2706 5885 5340 3159 5886
2707 3165 5887 5879 5888
2708 5889 5643 3166 5887 5870
2709 5890 5653 5889 5882 5891
2710 5347 5892 5651 5890 5893 5885
2711 5892 5654 5348
2712 3173 5894 5895 5896 3178
2713 5897 5894 3174 5887 5871 5898
2714 5899 5898 5864 5900
2715 5895 5897 5899 5901
2716 5902 5903 5904 5905 5660 3191
2717 5906 5907 5908 5903 5909 4612
2718 4613 5909 5902 3192
2719 5910 5906 4608 5911
2720 5912 5913 5914 5915 5911 4605 3193
2721 5916 5663 5917 5908 5904
2722 5916 5905 5689
2723 5918 5919 5690 5642 3176 3190 5912
2724 5918 5920 5921 5913
2725 5915 5910 5907 5917 5691 5919 5920 5922
2726 5921 5922 5914
2727 5923 5924 5925
2728 5926 5927 5928
2729 5926 5929 5924 5930
2730 5931 5932 5933 5934 2446 5935
2731 5936 2442 4188 5937 5938
2732 4193 5937 5939 5932 5940
2733 5941 5936 2449 5934
2734 5933 5939 5938 5941
2735 5942 5943 5944 5945
2736 5944 5946 3367 5947
2737 5948 5949 5943 5946 3344
2738 5950 5951 5952
2739 839 946 5953 5951 5954 5955
2740 5949 5956 5957 5958 5942
2741 5959 5960 5955 840 975 3355
2742 3353 5948 5956 5961 5962
2743 5962 5963 5959 3349
2744 5963 5960 5954 5950 5964 5957 5961
2745 5965 5966 5967 5968
2746 5969 5970 5965 5971 5972 5973
2747 5974 5971 5968 5975 5976
2748 5974 5972 5977
2749 5978 5979 5980 5973 5977 5976 5981
2750 5982 5983 5978 5984
2751 5985 5983 5979 5986
2752 5969 5987 5986 5980
2753 5966 5970 5987 5985 5982 5988
2754 5989 5990 5991 5992
2755 5993 5994 5989 5995 5996
2756 5995 5992 5997 5998 5999 6000 6001 6002
2757 6003 6004 6005 5990 5994 6006
2758 5996 6007 6008 6002
2759 6009 6010 5998
2760 6007 5993 6006 6011 6012
2761 5999 6009 6013 6004 6014
2762 6008 6012 6015 6001
2763 6000 6014 6003 6011 6015
2764 6016 6017 6018 6019
2765 6020 6018 6021 6022
2766 6023 6017 6021 6024
2767 6025 6026 6019 6020 6027
2768 6016 6023 6028 6029 6026
2769 6029 6025 6030
2770 6031 6032 6033 6034 6035
2771 6036 6037 6038 6039 6040 6033 6041
2772 6042 6034 6041 6043 6044
2773 6045 6046 6047
2774 6048 6049 6050 3544
2775 6051 6052 6053 6046 6054
2776 6040 6055 6056 6032
2777 6057 6044 6058 6059 6060 3547 6048
2778 6057 6043 6036 6061 6062 6049
2779 6045 6053 6063 6064 6059 6065
2780 6063 6052 6066 6056 6031 6067
2781 6042 6035 6067 6064 6058
2782 6039 6055 6066 6051 6068 6069
2783 6070 6037 6061 6071
2784 6070 6038 6069 6072
2785 3532 6073 6053 6074
2786 6074 3529 3378 6075 6076 6046
2787 6077 3526 6078 6079
2788 3519 6080 6052 6073
2789 6077 3531 6080 6051 6081
2790 6082 6083 6084
2791 6085 6086 6083 6087 6088
2792 6089 6090 6091 6084 6087 6092 6093 6094
2793 6095 6096 6086 6082 6091 6097
2794 6093 6098 6099 6100 6101
2795 6102 6095 6103 6018 6104
2796 6085 6096 6103 6021 6105
2797 6106 6107 6108 6100 6109
2798 6110 6111 6104 6020 6112 6106
2799 6098 6113 6107 6110 6114 6115 6094
2800 6113 6099 6108
2801 6089 6116 6115
2802 6114 6111 6102 6097 6090 6116
2803 6117 6118 6119 6120 6121 6122
2804 6123 6120 6124 6125 6126 6127
2805 6124 6128 6129 6119
2806 6130 6127 6131 6132
2807 6133 6131 6126 6134 6135 6136 6137
2808 6128 6125 6134 6138 6139
2809 6140 6139 6129 6118 6141
2810 6142 6143 6137 6144 6145 6117 6141
2811 6146 6135 6138 6140 6142
2812 6147 6148 6132 6133 6144
2813 6121 6123 6130 6148 6149
2814 6147 6149 6122 6145
2815 6146 6136 6143
2816 6150 6151 6152 6153 6154
2817 6155 6156 6157 6158 6159 6154 6160
2818 6161 6150 6159
2819 6162 6163 6151 6161 6158
2820 6164 6165 6166 6153 6160
2821 6163 6167 6168 6166 6152
2822 6169 6167 6162 6157
2823 6164 6170 6155
2824 6165 6168 6169 6156 6170
2825 6152 6171 6172 6173 6174 6175 6176
2826 6177 6153 6176 6178 6179 6180 6181 6182
2827 6183 6184 6185 6173 6186 6180 6187 6188
2828 6186 6174 6189 6179
2829 6171 6190 6191 6151
2830 6187 6181 6192
2831 6193 6188 6192 6182
2832 6183 6194 6154 6177 6193
2833 6175 6189 6178
2834 6191 6195 6184 6194 6150
2835 6190 6172 6185 6195
2836 6196 6197 6198 6199
2837 6200 6201 6202 6203 6204
2838 6205 6200 6206 6207
2839 6208 6205 6201 6209 6210 6211 6197
2840 6202 6212 6209
2841 6207 6208 6196 6213
2842 6203 6212 6210 6214 6215
2843 6211 6214 6216 6198
2844 6217 6218 6219 6004 6220
2845 6221 6217 6222 6223 6224 6225 6226
2846 6227 6221 6220 6003 6228 6229
2847 6230 5990 6231
2848 6232 6233 6224 6234
2849 6222 6235 6218
2850 6230 6236 6232 6237 5994
2851 6237 6234 6225 6238 6239 6228 6006
2852 6229 6240 6239
2853 6240 6227 6226 6238
2854 6241 6242 6243 6244
2855 6245 6246 6247
2856 6248 6242 6249 6250 6251
2857 6252 6248 6241 6253 6246
2858 6251 6252 6245 6254
2859 6243 6249 6255
2860 6256 6257 6258
2861 6259 6260 6261 6262 6263
2862 6264 6265 6266 6267 6268
2863 6269 6270 6261 6271 6272 6267
2864 6269 6273 6274 6275 6266
2865 6265 6276 6277 6275
2866 6259 6278 6257 6279 1554 6280 6277 6274 6281
2867 1549 6280 6276 6264 6282
2868 6279 6256 6283 1553
2869 6262 6284 6271
2870 6273 6281 6260 6270
2871 6285 6286 6287 6288 6289 6290
2872 6291 6292 6285 6293 6294
2873 6294 6295 6296 6297 6298
2874 6291 6299 6300 6301 6302 6295
2875 6288 6303 6304 6302 6296 6305
2876 6306 6307 6308 6286 6292 6299
2877 6309 6308 6287 6303
2878 6306 6310 6300
2879 6304 6309 6307 6310 6301
2880 6299 6311 6312 6313
2881 6312 6314 6315 5603 5559 6316 6317
2882 6318 6319 6306 6311 6314
2883 4739 4710 5554 6320 6321
2884 6320 5560 6316 6322 6323
2885 6324 6325 6326 4748 4733 5557 5594 6315 6318
2886 6322 6327 4746 6328 6292 6313 6317
2887 6324 6329 6307 6319
2888 6330 6326 4749 6328 6286
2889 6329 6325 6330 6308
2890 6331 6332 6333 6334
2891 6335 6336 6332 6337
2892 6331 6337 6338 6339 6340 6341
2893 6342 6303 6343 6334 6341 6344
2894 6345 6346 6347 6339 6348
2895 6349 6350 6351 6352 6345 6353
2896 6350 6354 6325 6355
2897 6349 6354 6330 6287 6342 6356
2898 6347 6357 6358 6335 6338
2899 6358 6359 6351 6355 6329 6309 6343 6333 6336
2900 6346 6352 6359 6357
2901 6360 5605 5613 6361 6362
2902 6363 6364 6361 5614 6365
2903 6366 6362 6364 6367
2904 6360 5606 6368 6319 6310 6369 6366
2905 6311 6300 6369 6367 6363 6370 6371
2906 6372 5615 6365 6370
2907 6314 6373 5604 5609 6372 6371
2908 6373 5596 6368 6318
2909 6374 6375 4742 6376 6377 6378
2910 6328 4745 6376 6379 6285
2911 6326 4751 6375 6380 6354
2912 6349 6380 6374 6381
2913 6342 6288 6382
2914 6343 6304 6383
2915 6302 6383 6334 6384 6385 6386
2916 6386 6296 6387
2917 6341 6384 6388
2918 1529 6389 6390 6391 6392
2919 6393 6391 6394
2920 6389 1530 6395 6396
2921 6393 6390 6396 6397 6398
2922 6399 6400 6401 1498
2923 6402 6403 1495
2924 1494 6399 6404 6402
2925 6405 1506 6406 1598 1582 6407
2926 6399 1507 6405 6408 6409
2927 1505 6406 1599
2928 6410 6411 6412 6413 6414
2929 6415 6411 6416 6417
2930 6410 6416 6418 6419
2931 6414 6420 6419
2932 6413 6421 6417 6418 6420
2933 6412 6415 6421
2934 6422 3414 163 6423 6415
2935 182 6423 6417 6424
2936 6416 6425 3425 179 6424
2937 6425 3424 3416 6422 6411
2938 6426 6427 6428 6429 1509 6406 1612 1663 3445 6430
2939 6410 6425 3426 6431 6432 6433
2940 6432 6434 6435 6426 6436
2941 3446 6437 6419 6433 6436 6430
2942 6438 6434 6431 3427 6439 6428
2943 180 6424 6418 6437 3434
2944 175 3428 6439 6429 1512 6405 6440
2945 6435 6438 6427
2946 162 6423 6421 6441 6442 1516
2947 3435 6437 6420 6443 6442 1519
2948 6441 6413 6443
2949 6444 6445 6446 6447
2950 6442 6448 6446 6449 1515
2951 6441 6412 6422 3413 6450 6451 6445 6448
2952 6451 6452 6444
2953 6453 6454 6455 5032 6456 6457
2954 5034 6458 6459 6460 6461 6456
2955 6462 6463 6464 5017 6458
2956 6465 6466 6467 6455 5038 5067
2957 5061 6465 6468 6469 6470 6464 5014
2958 6471 6472 6473 6474 6469
2959 6474 6475 6466 6468
2960 6476 6477 6478 6454 6467 6475 6473
2961 6479 6480 6471 6470 6463
2962 6472 6476 6481 6480
2963 6460 6482 6453 6478 6483
2964 6479 6481 6477 6483 6459 6462
2965 6484 6485 6486 6453
2966 6487 6488 6489 6490 6484 6478
2967 6490 6491 6492 6485
2968 6493 6494 6495 6496 6497
2969 6491 6498 6495 6499 6489
2970 6500 6497 6501 6502
2971 6493 6500 6503 6504 6505
2972 6506 6460 6507
2973 6508 6501 6496 6499 6488
2974 6487 6508 6502 6503 6509 6510 6506 6483
2975 6511 6512 6513 6514 5135
2976 5119 2911 6515 6516 6517 6511 5136
2977 6514 6518 5131 5137
2978 6513 6519 6520 6463 6521 5130 6518
2979 6522 6458 5016 5118 2912 6515
2980 5013 6464 6521 5129
2981 6462 6522 6516 6523 6520
2982 5138 6511 6524 2888
2983 2916 6515 6525 6526 6527 192
2984 6525 6528 6516
2985 6456 5033 4945 6529 6530
2986 6529 4943 1180 6531
2987 6532 6506 6459 6522 6525 6533
2988 5091 6534 6535 6536
2989 6534 6537 6514 5139 5092
2990 6513 6538 6535 6537
2991 6539 6540 6541 1687 6542 6543 6544
2992 6545 6546 6547 6548 6540
2993 6549 6550 6548 6539 6551
2994 6552 6543 6553 1685 6554 6555
2995 6542 1680 6553
2996 6551 6556 6557 6558 6559 6560 6552 6544
2997 6561 6554 1678 1675 6562 6563 6559
2998 6561 6555 6560
2999 1668 6564 6565 6546 6566
3000 6545 6566 1670 1688 6541
3001 6549 6567 6556
3002 6563 6568 6569 6558
3003 6562 1671 6564 6570 6568
3004 6550 6547 6565 6570 6569 6557 6567
3005 6571 6572 6573 6427 6574 6575 6576 6577 6578 6579
3006 6571 6580 6581
3007 1665 3453 6430 6582 6572 6580 6583 6564
3008 6582 6426 6573
3009 6584 6585 6586 6428 6574
3010 6587 6584 6575
3011 6588 6578 6589 6590 6546
3012 6577 6591 6592 6589
3013 6591 6576 6587 6585 6593 1511 1611 6594 6595
3014 6566 6590 6592 6595 6596 1609 1667
3015 6594 1602 6596
3016 6429 6586 6593 1510
3017 6588 6579 6581 6583 6565
3018 6597 6598 6599 6600 6601 6602 6603 6604
3019 6604 6605 6606 6607 6608 6609
3020 6597 6610 6611 6609
3021 6612 6602 6613 6614 6606
3022 6615 6616 6617 6618 6614 6607 6619
3023 6612 6605 6603
3024 6608 6619 6620 6611
3025 6598 6621 6622 6615 6620 6610
3026 6601 6623 6624 6625 6618 6613
3027 6616 6626 6624 6627 6628 6622
3028 6629 6628 6621 6599
3029 6626 6625 6617
3030 6629 6627 6623 6600
3031 3459 6630 6631 6614 6632 6633
3032 6634 6617 6635 6561 6636 6637 3470 6630
3033 6638 6639 6640 6615
3034 6640 6641 6560 6635 6616
3035 6636 6555 6641 6639 6642 2005 6643
3036 6644 6619 6638 6642 2011
3037 6632 6607 6644 2012 6645
3038 6634 6618 6631
3039 6646 6647 2017 6648
3040 6649 6650 2000 6648
3041 6649 6651 6611 6652 6653 6654 6646
3042 6654 6655 2016 6647
3043 6656 6638 6620 6652
3044 6642 6656 6653 6655 2004
3045 2014 6644 6608 6651 6650
3046 6626 6657 6559 6635
3047 6552 6658 6641
3048 6659 6544 6658 6640 6622
3049 6660 6661 6558 6657 6624
3050 6557 6661 6662
3051 6660 6662 6556 6663 6627
3052 6659 6551 6663 6628
3053 1673 3454 6664 6562
3054 6625 6657 6563 6664 3456 3489 3480 6665 6634
3055 3458 3482 6665 6630
3056 6554 1679 1617 6666 6636
3057 6667 6668 6669
3058 6670 6580 6671 6672 6673 6674 6668 6675 6676
3059 6675 6669 6677 6678 6679 3436 6680
3060 6664 3455 3484 6681 6682 6568
3061 6677 6667 6674 6683 6684 6446 6685 6686
3062 6686 6678 6687
3063 6688 6689 6684 6448 6443 6414 6433
3064 6572 6690 6671
3065 6691 6688 6436 6582 6690 6672
3066 6692 6670 6583 6570 6682
3067 6692 6676 6680 3451 3475 6681
3068 6691 6689 6683 6673
3069 6693 6694 6695
3070 6696 6694 6697 6698 6699
3071 6700 6701 6696 6693 6702 3431 6431 6703
3072 6704 6703 6432 6688
3073 6705 6701 6699 6706 6451 6707
3074 6708 6707 6445 6684
3075 6708 6705 6700 6704 6689
3076 6709 6694 6710 6711 6712 6713 6714
3077 6715 6699 6716 6717 6718 6719
3078 6712 6720 6721 6717 6722
3079 6723 6721 6718 6724
3080 6725 6726 6713 6720 6723
3081 6727 6714 6726 6728
3082 6727 6709 6696 6715 6729
3083 6724 6725 6728 6729 6719
3084 6730 6731 6732 6585
3085 3429 6733 6732 6586 6439
3086 6734 6735 6730 6584 6736
3087 6737 6727 6738 6739 6734 6740 6741
3088 6738 6742 6693 6709
3089 6736 6740 6743 6438 6574
3090 6703 6744 6741 6743 6434
3091 6715 6701 6745
3092 6737 6729 6745 6700 6744
3093 6746 6747 6748 6749
3094 6750 6751 6752 6753
3095 6746 6754 6755 6750 6756
3096 6754 6747 6757 6758
3097 6748 6757 6759 6752 6760
3098 6759 6758 6755 6751
3099 6747 6761 6717 6762 6763
3100 6746 6763 6764
3101 6765 6720 6766 6767
3102 6712 6765 6768
3103 6761 6721 6766 6769 6748
3104 6770 6683 6708 6771 6755 6772
3105 6707 6444 6773 6763 6754 6771
3106 6686 6774 6775 6776
3107 6777 6774 6677
3108 6750 6772 6778 6667 6777 6775 6779
3109 6674 6770 6778
3110 6758 6780 6719 6745 6705 6771
3111 6718 6761 6757 6780
3112 6781 6782 6783 5439 6784
3113 5440 6783 6785 6786 6787
3114 6782 6788 6789 6790 6785
3115 6786 6790 6791 6792 6793 6794
3116 6788 6795 6796 6797 6798 6799 6781
3117 6795 6800 6801 6802 6791 6789
3118 6803 6804 6796 6800
3119 6784 6799 6805 5443
3120 6806 6807 6808 6798 6805 5442
3121 6809 6794 6787 5441
3122 6792 6802 6810 6811 6812
3123 6793 6812 6813 6814 6806 5437 6809
3124 6815 6814 6807
3125 6803 6816 6810 6801
3126 6804 6797 6808 6815 6813 6811 6816
3127 6817 6818 6819 6820 6821 5719
3128 6821 6822 5709
3129 6823 6824 6825 6826 6820 6822 5727
3130 5728 6817 6827 6828 6829 6830
3131 6831 6832 6833 6834 6828 6835
3132 6829 6835 6836 6837 6838
3133 6838 6839 6840 6823 5725 6830
3134 6834 6841 6818 6827
3135 6842 6843 6832 6844
3136 6845 6846 6847 6844 6831 6836
3137 6825 6848 6842 6847 6849
3138 6850 6846 6849 6824 6840
3139 6850 6845 6837 6839
3140 6833 6841 6819 6826 6848 6843
3141 6802 6851 6852 6853 6854 6855
3142 6856 6857 6855 6791 6858 6859
3143 6800 6860 6861 6862 6863 6864
3144 6860 6865 6851 6801
3145 6866 6864 6795 6867
3146 5710 6821 6868 6869 6867 6789 6858 6870
3147 6871 6863 6866 6869
3148 6871 6862 6872 6873 6820 6868
3149 6859 6870 5700 6874
3150 6856 6875 6817 5720 6874
3151 6818 6876 6877 6854 6857 6875
3152 6852 6878 6879 6872 6861 6865
3153 6880 6878 6853 6877
3154 6880 6879 6873 6819 6876
3155 1594 1568 1483 3618 3611 6881 6882 6883 6884
3156 6885 6886 3616 6887 6888 6889
3157 6890 6891 6892 6893 6888 6894 6895
3158 6889 6894 6896
3159 6896 6895 6897 1564 6898 6885
3160 1570 1595 6884 6899 6890 6897
3161 6893 6900 6881 3613 3617 6887
3162 6899 6883 6901 6891
3163 6901 6882 6900 6892
3164 1596 1487 6902 6903 6904
3165 6905 6904 1597 6884
3166 6906 6907 6903 6905 6883
3167 3610 6908 6909 6881
3168 6906 6910 6909 6882
3169 6911 6912 6913
3170 6911 6914 3602 6915
3171 6916 6917 6918
3172 6919 6920 6916 6921 6922 6923
3173 6922 6924 6925 6926
3174 6927 6928 6929 6930 6919 6931
3175 6932 6933 6928 6934
3176 6935 6933 6927 6936
3177 6925 6937 6935 6932 6938
3178 6923 6926 6937 6936 6931
3179 6918 6920 6930 6939
3180 6940 6941 6942 6943 6944
3181 6945 6940 6946 6947 3517
3182 6948 6949 6944 6946 6950 6064 6951 6952
3183 6945 3504 6953 6941
3184 6947 3514 3523 6073 6063 6950
3185 6954 6955 6942 6953 3505 3533 6074 6045 6956 6957 6958
3186 6943 6955 6959 6949
3187 6957 6960 6059 6951 6961
3188 6959 6948 6962 6954
3189 6962 6952 6961 6958
3190 6963 6034 6964 6965 6966 6967
3191 6968 6969 6970 6035 6963 6971
3192 6972 6973 6008 6974 6975 6976
3193 6969 6977 6974 6002 6978 6979 6980 6032 6981
3194 6982 6007 6973 6983
3195 6984 6978 5996 6982 6985
3196 6972 6983 6985 6986 6966 6987
3197 6975 6977 6968 6988
3198 6986 6984 6979 6989 6965
3199 6981 6031 6970
3200 6989 6980 6033 6964
3201 6988 6976 6987 6967 6971
3202 6990 3538 6991 6992 6993 6994 6995 6996
3203 6990 3542 6997 6998
3204 6999 7000 6998 6996 7001
3205 7002 7003 3549 6997 7000
3206 6991 7004 6048 3545
3207 7005 7006 7007 6995 7001 7008
3208 7009 7010 7005
3209 7010 7006 7011 6058 6951 7012
3210 7013 6957 7014
3211 7015 7016 6044 7011 7007 6994
3212 7002 7017 7013 6961 7012 7009 7008 6999
3213 7018 7016 6057 7004 6992
3214 7018 7015 6993
3215 7019 7020 7021 3535 7022
3216 7023 7024 7004 6049 7025 7019
3217 6991 7024 7026 7021 3539
3218 7023 7020 7026
3219 7002 7027 7028 7029
3220 3541 6997 7030 7031
3221 7027 7000 7030 7032 7033
3222 7028 7033 7034
3223 7035 7036 7037
3224 7038 7039 3412 3384 7040 7041
3225 3383 7040 7042 7043 7044 7045
3226 7046 7047 7042 7041 7048
3227 7047 7043 7049
3228 7044 7049 7046 7050 7051 7052
3229 7050 7048 7038 7053 7054 7035 7055
3230 7039 3410 3382 7056 7053
3231 7055 7051 7057 7036
3232 7040 3391 3498 7058
3233 6953 3501 7058 7042 7059
3234 7060 6942 7059 7043 7061
3235 7062 6954 7063 7061 7044 7064
3236 6955 7060 7063
3237 7013 6958 7062 7065
3238 3569 7066 7067 7068 7069 7070
3239 7071 7072 7067 7073 7074
3240 7066 3581 7075 7072
3241 3582 7075 7071 7076
3242 7076 7074 7077 7069 7078 3575
3243 7068 7073 7077
3244 7079 7069 7080 7081
3245 7082 7083 7081
3246 7084 7085 7086 7087
3247 7088 7089 7087 7090
3248 7091 7089 7086 7092 3568 7066
3249 3567 7092 7085 7093 7094
3250 7088 7091 7067 7095
3251 7079 7068 7095 7090 7084 7093 7096 7082
3252 7097 7098 7099 7100 7101 7102
3253 7103 7098 7104
3254 7097 7104 7105 7106 7107
3255 7102 7107 7108 7109
3256 7100 7110 7111 7112
3257 7113 7112 7101 7109
3258 7106 7114 7111 7113 7108
3259 7114 7110 7099 7103 7105
3260 7115 7116 7117 7118 3590
3261 7119 7117 7120 7121 7111
3262 3593 7118 7119 7113 7122 7123
3263 7116 7124 7125 7120
3264 7126 7127 7128 3598 7115 7124
3265 7129 7075 3580 3585 7123
3266 7129 7122 7108 7130 7091 7072
3267 7089 7131 7132 7106 7130
3268 7133 7128 3596 3578 7092
3269 7133 7127 7134 7131 7086
3270 7132 7134 7126 7125 7121 7114
3271 7135 7136 7137 3629 7138 7139 7140 7141
3272 7142 7140 7143 7144
3273 7145 7141 7143 7146 3599 7147 7148
3274 3595 7147 7149 7128
3275 7139 7142 7150
3276 7151 7148 7149 7127 7152
3277 7115 7153 7154 3589
3278 3630 7137 7155 7156
3279 7157 7135 7145 7151 7158
3280 7159 7157 7136 7155 7160 7153 7124
3281 7158 7152 7126 7159
3282 4535 7161 7162 7163 7164
3283 7164 4536 7165
3284 7166 7167 7168 7169
3285 7170 7167 7171 7172
3286 7173 7168 7171 7174 7162
3287 7175 7169 7173 7161 4534 7176 7177
3288 4531 7176 7178
3289 7175 7166 7170 7179
3290 7180 4530 7176 7181 7182
3291 4533 7183 7184 7185 7186
3292 7187 7180 4529 7183
3293 7182 7187 7184 7188 7189
3294 7185 7188 7190
3295 7191 7192 7193 7194 7195
3296 7196 1375 7197 7193 7198 7199
3297 7200 1381 7196 7201
3298 1397 7202 7203 7204
3299 7191 7205 7206 7207
3300 7201 7199 7208 7209
3301 7203 7210 7206 7211 7212
3302 7200 1384 1401 7204 7212 7213 7209
3303 7198 7192 7207 7211 7213 7208
3304 7200 1380 4271 7214
3305 7215 7216 7217 7209 7214 4276 7218
3306 7219 7220 7204 1398 4274 4240
3307 4275 7218 7221 4261
3308 7221 7215 7222 7219 4249 4264
3309 7223 7212 7220 7222 7216
3310 7213 7223 7217
3311 7224 7225 7226 7227
3312 7228 7224 7229 7230 7231 7232
3313 7233 7234 7235 7225 7229
3314 7236 7237 7227 7228 7238
3315 7238 7232 7239 7240 7241 7242
3316 7226 7235 7243 7244 7245 7237
3317 7230 7233 7246 7247 7240 7248
3318 7239 7248 7231
3319 7249 7245 7236 7242
3320 7234 7246 7250 7243
3321 7247 7250 7244 7249 7241
3322 7251 7252 7253 7227 7254
3323 7255 7256 7257 7224 7254
3324 7255 7258 7251
3325 7259 7260 7261 7226 7253
3326 7258 7256 7262 7263 7259 7252
3327 7257 7262 7264 7261 7225
3328 7264 7260 7263
3329 7265 7266 7267 7268 7269
3330 7270 7228 7254 7271 7266
3331 7265 7270 7232 7272 7273
3332 7267 7271 7255 7274 6539 6659 6621 7275
3333 7269 7276 6610 6652 7277 7273
3334 6542 1681 7278 7230 7279
3335 7277 7272 7231 7279 6543 6658 6639 6656
3336 6598 7275 7268 7276
3337 6540 7280 7256 7274
3338 7257 7280 6541 1686 7278 7229
3339 7262 7281 6590 6545 7280
3340 7235 7282 7283 7261
3341 7264 7283 7284 7285 6592 7281
3342 7282 7284 7286 6596 1603 7287 7234
3343 7287 1605 1669 1682 7278 7233
3344 7285 6595 7286
3345 7288 7259 7289
3346 7290 7291 7292 7283 7260 7288
3347 7293 7294 7292 7282 7243
3348 7295 7296 7294 7291 7297
3349 7237 7253 7289 7290 7297 7298
3350 7298 7245 7299 7295
3351 7244 7293 7296 7299
3352 7300 7247 7301 1562 439 7302 2409
3353 2412 7303 1619 1683 6553 7279 7248 7304
3354 7301 1567 1604 7287 7246
3355 7240 7300 2420 7304
3356 2003 2413 7304 7239 7272 7305 6655
3357 7277 7305 6653
3358 7306 7307 7308 2407 3624 7309 7310
3359 7311 7312 7313 7314 7315 7306
3360 7316 7249 7299 7317 7311 7307
3361 7318 7315 7310 7319
3362 7320 6896 7321 7314 7318 7322
3363 6885 7323 7320
3364 7324 7325 6895 7321 7313
3365 7300 7241 7316 7308 2408
3366 7296 7326 7324 7312 7317
3367 7293 7326 7325 6897 1563 7301 7250
3368 7327 7328 7329 7330
3369 7331 7332 7333 7330 7334
3370 7335 7336 7337 7338 7331 7339
3371 7340 7341 7337 7342 7343 7328
3372 7344 7341 7338 7332
3373 7336 7342 7345 7346
3374 7335 7346 7347
3375 7327 7340 7344 7333
3376 7348 7349 7350 7351 7352
3377 7348 7353 5977 7354 7355
3378 7356 7349 7353 5973
3379 7350 7356 5980 7357 7358 7359
3380 7358 7360 7361 7362
3381 7363 5979 7357 7360
3382 5978 7363 7361 7364 7365
3383 7355 7352 7366 7367 7368
3384 7354 5976 7369 7368
3385 7351 7359 7362 7364 7370 7366
3386 7371 7372 7361 7373 7374 7335
3387 7363 5983 7375 7376 7372
3388 7377 7376 7371 7346 7378
3389 7377 7375 5982 7379
3390 7364 7380 7373
3391 7381 7382 7383 7384 7385 7342
3392 7384 7386 7387 7388
3393 7387 7389 7390 7391
3394 7337 7381 7392 7393
3395 7392 7382 7394 7395
3396 7396 7397 7398 7390 7399 7328
3397 7341 7393 7395 7400 7401
3398 7389 7386 7383 7394 7400 7402 7403 7398
3399 7396 7404 7402 7401 7340
3400 7403 7397 7404
3401 7405 7406 7407 7408 7409
3402 7406 7410 7411 7412 3352 7413
3403 3358 7413 7405 7414
3404 7415 7407 7410 7416 7417 7418 7419
3405 7420 7419 7421 7409 7414 3366 7422 7423
3406 7415 7408 7421
3407 7424 7412 3347 5946 7425
3408 7426 7418 7420 7427
3409 7417 7428 7425 5944 7429 7426
3410 3364 7422 7430
3411 7428 7424 7411 7416
3412 4980 7431 7432 7433 2709 7434 4963
3413 7435 7436 7437 7438 2721 7439 4964 4981
3414 2711 7434 4961 7439
3415 4978 7440 7441 7436 7442
3416 7431 7443 7440 4979
3417 7442 4977 7435
3418 7433 7444 7438 2706
3419 7444 7432 7443 7441 7437
3420 7445 7446 7447 7448 7449 7450
3421 7451 7452 7453 7450 7454 7455
3422 7456 7457 7445 7453 7458
3423 7459 7460 7461
3424 7462 7448 7463 7464 7459 7465 7466
3425 7464 7467 7468 7460
3426 7463 7467 7469 7470 7471 7447
3427 7446 7471 7472 7457
3428 7473 7474 7465 7461 7468 7469 7475 7476 4986
3429 7451 7477 4990 7478 7479 7480
3430 7452 7458 7481 7476 4993 7477
3431 7474 7466 7482 7483 7484
3432 7454 7449 7462 7482 7485
3433 7486 7487 7484 7473 4994 7478
3434 7486 7488 7479
3435 7488 7487 7483 7485 7455 7480
3436 7481 7475 7470 7472 7456
3437 7489 7490 4114 7491
3438 7492 4115 7490 7493 7494 7495
3439 7496 4107 7492 7497 7498
3440 2342 2391 7499 7491 4103 7496 7500 7501 2260
3441 7502 7497 7495 7503 3638 3651 7504
3442 2259 7501 7505 7504 3647
3443 2344 2389 7499 7489 7493 7506 2311
3444 7502 7498 7500 7505
3445 2392 1332 7507 7508 7509 1700 7510 3648
3446 2403 2307 7511 7512 7513 7514 7507 1328
3447 1696 7515 7516 7517 7509
3448 3646 7504 7518 7519 5192 3643
3449 7520 7521 7516
3450 5193 7519 7522 7521 7515 1697
3451 7511 7523 7524 7525 7501 2281
3452 7526 7523 7512
3453 7526 7513 7527 7524
3454 7514 7508 7517 7520 7522 7518 7505 7525 7527
3455 7528 7529 7530 7531 2278
3456 7532 4102 7533 7534 7529
3457 7532 4105 7535 7536 7537 7530
3458 7534 7538 7523 7539 2279 7528
3459 7538 7533 4106 7496 7540 7524
3460 7511 7539 2280
3461 7541 7542 7543 7535 4104 7491
3462 7543 7536 7544
3463 2277 2381 7545 7542 7544 7537 7531
3464 7499 7541 7545 2388
3465 7540 7500 7525
3466 1701 7509 7546 7547 7548 1306 7549
3467 1282 7550 7551 7552 7553 4849 1303
3468 7554 7552 7555
3469 1305 4850 7553 7555 7556 7557 7548
3470 7550 7558 7507 1327 1281
3471 7557 7559 7547
3472 7558 7551 7554 7556 7559 7546 7508
3473 7560 7561 5238 5111
3474 5074 5106 7560 7562 7563 7564 7565 7566 7567 5045
3475 7561 7562 7568 5200 5237
3476 7563 7568 5204 7569 7570
3477 7571 7570 7564 7572
3478 7573 7565 7572 7574 7548 1310 7575
3479 7576 7547 7574 7571 7569 5206 5236 7577 7516
3480 5046 7567 7578 7579
3481 7580 7581 7579 5047 2878
3482 7580 7582 7575 1319 7583 2869
3483 7578 7566 7573 7582 7581
3484 7515 7577 5235 1711
3485 7546 7576 7517
3486 7584 7585 7586 7587 7588 7589 7590
3487 7591 7592 7588
3488 7593 7594 7595 7596 7597 7591 7589 7598
3489 7597 7599 7587 7592
3490 7600 7596 7599 7586 7601
3491 7602 7585 7601 7603 7604 7605
3492 7603 7600 7595 7606 7607
3493 7608 7609 7610 7611 7605 7612 7590 7598
3494 7613 7614 7594 7606 7615 7610
3495 7602 7584 7612
3496 7604 7607 7615 7611
3497 7616 7614 7593 7608
3498 7613 7616 7609
3499 7617 7584 7618 5210 5233 5195 7519
3500 5196 5230 7619 7588 7620 7495 7621
3501 7622 7497 7620 7589
3502 7502 7622 7590 7617 7518
3503 7586 7623 5228 7624
3504 7587 7623 5223 7619
3505 5209 5234 7624 7585 7618
3506 7625 7626 7493 7627
3507 7626 7628 4116 7490
3508 7625 7629 5224 7619 7592 7630 4128 7628
3509 7591 7630 4108 7492 7620
3510 7631 4129 7632 7633 7634
3511 4109 7631 7635 7636 7597 7630
3512 7623 5222 7637 7636 7599
3513 5221 7638 7634 7635 7637
3514 7639 7640 4117 7628
3515 7641 7642 7643
3516 7644 7645 7641 7646 7632 4123 7640
3517 7638 7633 7646 7642 7647 5219
3518 7639 7644 7648 7625
3519 7577 5239 5212 7618 7602 7649 7521
3520 7569 5205 5229 7624 7601 7650
3521 7603 7650 7571 7651
3522 7576 7559 7652 7605 7649 7520
3523 7574 7651 7604 7652 7557
3524 7653 7654 7655 7564
3525 7572 7655 7656 7657 7607 7651
3526 7570 7653 7658 7659 7660 7600 7650
3527 7654 7658 7661 7656
3528 7657 7661 7659 7662 7606
3529 7660 7662 7595
3530 7663 7664 7598 7622 7498 7540 7527
3531 7649 7612 7617 7522
3532 7558 7665 7666 7663 7514
3533 7665 7667 7609 7668 7551
3534 7669 7610 7668 7554
3535 7669 7611 7652 7556
3536 7664 7608 7667 7666
3537 7670 4483 7671 7672
3538 7673 7674 7675 7672 7676 3729 7677 7678
3539 7675 7670 4482 4478 7679 7680 7681
3540 7673 7682 7680 7683 7684 7685
3541 7686 7683 7679 4477 7687
3542 7688 7689 7687 4476 4374 3724 7690
3543 7682 7681 7674
3544 3732 7690 7691 7677
3545 7689 7686 7684 7692
3546 7678 7685 7692 7688 7691
3547 4481 4460 2226 3816 7693 7687
3548 7694 7690 3725 3667 3721 7695
3549 3822 7696 7697 7695 3719 1754
3550 7698 7689 7693 3817 3823 7696
3551 7697 7698 7688 7694
3552 3706 7699 7700 7695 3720 3695 1731
3553 7701 7702 7703 3703
3554 3728 7677 7704 7703 3704
3555 7705 7706 7701 3702
3556 7699 7707 7705 3701
3557 7706 7702 7704 7691 7694 7700 7707
3558 7708 7709 7672 7710
3559 7711 7712 7703 3713 7713
3560 7709 7714 7675
3561 7708 7714 7674 7715 7716 7711 7717 7718
3562 7713 7717 7719 3731 3716
3563 7715 7673 7720
3564 7678 7720 7716 7712 7704
3565 3804 7721 7722 1816
3566 7723 7724 3803 7721
3567 3709 7699 7725 7726 7723 7722 1812 1722
3568 3802 3821 7696 7727 7726 7724
3569 7727 7697 7700 7725
3570 3712 7713 7728 7729 7730
3571 7701 7731 7732 7733 3710
3572 3708 7733 7734 7729 7735 2172
3573 7732 7736 7711 7728 7734
3574 7702 7712 7736 7731
3575 7737 7738 7739 3866 4085
3576 4069 7740 7738 7741 7742 7743 7744 7745 7746 7747
3577 7748 7749 7741 7739 3865
3578 7747 4088 7750
3579 7751 7752 7753 3815 3801 7754 7755
3580 7756 7751 7757 7758 7759
3581 7752 7760 7761 7757
3582 7758 7761 7762 7763 7743 7764
3583 7759 7764 7744 7765
3584 7737 7740 4079
3585 7754 3785 4095 4087 7750 7746 7766
3586 3813 3864 7748 7767 7762 7760 7753
3587 7755 7756 7765 7745 7766
3588 7763 7767 7749 7742
3589 3814 7753 7768
3590 7760 7769 4454 2251 3812 7768
3591 7770 7771 7772 7773 4453 3955 3994 3869
3592 7774 7773 4452
3593 7762 7775 7772 7774 4451 7769
3594 7776 7770 3868 7748
3595 7776 7771 7775 7767
3596 7777 7778 7779 7780 7781 7782
3597 7783 7784 7785 7786 7777 7787
3598 7788 7789 7787 7782
3599 7790 7791 7783 7789
3600 7784 7792 7793 7794 7791
3601 7795 7796 7797 7792 7785
3602 7786 7795 7798 7799 7778
3603 7799 7800 7779
3604 7788 7790 7794 7801 7802 7781
3605 7793 7797 7803 7801
3606 2149 7804 7805 7806 2111 2167
3607 2144 7807 7808 7809 7810 7811
3608 2146 7811 7812 3772 2164
3609 7807 7813 7814 7815 2134
3610 7814 7816 7817 7804 2148 7818
3611 7815 7818 2147
3612 7812 7810 7819 7820 3773
3613 7821 7816 7813 7808
3614 7820 7822 7806 2106 3774
3615 7809 7821 7817 7805 7822 7819
3616 7820 7823 7824 7825 7826 7827 3779
3617 7825 7828 7829
3618 2104 7830 7829 7826 7831 7832
3619 7827 7831 7833 3780
3620 7830 7828 7824 7834 7806 2105
3621 2103 7832 7833 3776
3622 7823 7834 7822
3623 2188 7835 7836 7837 7838 7828 7839
3624 7840 7841 7836 7842
3625 7843 7844 7837 7842 7845 2153 7804
3626 7830 7839 2186 7846 2124
3627 7845 7840 7847 2156
3628 7848 7844 7838 7824
3629 7834 7848 7843 7805
3630 7849 7850 7851 7833 3775 7852
3631 7853 7854 3769 7852 7855
3632 7827 7856 4135 7857 7858 7859 7854 3781
3633 7831 7856 4136 7860 7851
3634 7860 4137 7861 7862 7850
3635 7863 7857 4134 7861
3636 7864 7859 7853
3637 7864 7858 7863 7862 7849 7855
3638 2170 2151 7865 7866 7867 2094
3639 2095 7867 7868 7869 517
3640 209 1840 7870 7871 7872 7873 7874 515 2096 2169 2127 1876
3641 1831 2162 3767 7875 7853 7876 7877 7878 7870
3642 7877 7879 7880 7881 7872 7882
3643 7878 7882 7871
3644 7865 7883 2136
3645 7883 7866 7868 7884 7873 7881 7885 7811 2145
3646 7869 7884 7874 518
3647 7875 3778 7812 7885 7880 7886 7859
3648 7864 7886 7879 7876
3649 7887 7888 7889 7890 7891 7892
3650 7893 7894 7891 7895
3651 7896 7897 7892 7895
3652 7898 7899 7900 7890 7894
3653 7893 7898 7901 7902 7903 7896
3654 7903 7904 7905 7887 7897
3655 7906 7902 7904
3656 7900 7907 7889
3657 7888 7907 7899 7901 7906 7905
3658 7908 7902 7909 7910
3659 7909 7903 7911 7912 7913
3660 7914 7896 7911 7915
3661 7916 7917 7915 7912 7918 2424
3662 7917 7914 7893 7919 3979 3925 7920
3663 7919 3977 757 7921 7922 7898
3664 1888 3835 3927 7920 7916 2425
3665 7908 7923 7922 7901
3666 7924 7925 7926 5404
3667 7927 7928 7929 7930 7925 7931
3668 5403 7926 7931 7932
3669 7933 7934 7935 7936 5395
3670 7933 7937 7938 7939 7940 7941 5400
3671 7942 7943 7935
3672 7936 7942 7944 7945 7946 7947 5399
3673 7948 7949 7927 7932 5402
3674 7948 7950 7941 5401
3675 7947 7951 7952 5380
3676 7924 7930 7953 7952 5392
3677 7950 7940 7954 7928 7949
3678 7937 7955 7944 7943 7934
3679 7938 7955 7945 7956
3680 7953 7951 7946 7956 7939 7954 7929
3681 1966 7957 7958 7959 7960 4004
3682 7961 4015 7962 4003 7960
3683 7963 4014 7961 7959 7964
3684 7963 7965 7966 2475 2500 4013
3685 7957 7967 7968 1962
3686 7962 4016 1979 4002
3687 2474 7969 7970 7968 1948
3688 7971 7969 2473 7966
3689 7970 7971 7965 7964 7958 7967
3690 7972 7973 7974 4511 2471 7969
3691 2537 7975 7976 7977
3692 7978 7975 2538 4197 4505 7979 7973
3693 2472 2487 2511 2524 2539 7977 7980 7966
3694 4501 7979 7974
3695 7971 7972 7978 7976 7980
3696 2521 2543 7977 7981 7963 4017
3697 7980 7981 7965
3698 7982 7983 7984 7985
3699 7986 7984 7987 7988
3700 7989 7985 7986 7990
3701 7991 7982 7989 7992
3702 7988 7993 7992 7990
3703 7991 7983 7987 7993
3704 7994 7995 7996 7997
3705 7994 7998 7999 7276 6597 8000 8001 8002
3706 7995 7998 8003 8004 8005 8006
3707 8007 6646 8008 8005 8009 8010
3708 8011 8010 8012 6651 6609 8000 8013 8014
3709 8007 6649 8012
3710 7999 7269 8015 8003
3711 8015 7273 7305 6654 8008 8004
3712 8016 8002 7997 8017 8014
3713 8013 8001 8016
3714 8011 8009 8006 7996 8017
3715 8018 8019 8020 8021 8022 8023 8024 8025 8026
3716 8018 8027 8028
3717 8029 8030 8026 8027 8031 8032
3718 8033 8034 8035 8036 7099
3719 8037 8022 8038 8034
3720 8033 8038 8023 8039 7100
3721 8040 8041 8042 8043 8044
3722 8045 8019 8028 8031 8046 8040
3723 8045 8020 8047 8048 8041
3724 8049 8050 8032 8046 8044
3725 8029 8051 8024 8039 7101 8052 8050
3726 8049 8043 8053 8054 7102 8052
3727 8025 8030 8051
3728 8055 7097 8054
3729 8055 7098 8036 8056 8048 8042 8053
3730 8035 8037 8021 8047 8056
3731 7985 8057 8058 8059 8060 8061
3732 8062 7986 8061 8063 8064 8065
3733 8064 8066 8067 8068
3734 8069 8070 8060 8063 8066 8071
3735 8072 7990 8062 8073 8074
3736 8075 8076 8077 8078 8071 8067 8079
3737 8080 8073 8065 8068 8079
3738 8069 8081 8078
3739 8070 8059 8082 8077 8081
3740 8082 8058 8083 8084 8076
3741 8083 8057 7989 8072 8085
3742 8080 8074 8085 8084 8075
3743 7132 8086 8087 7105
3744 8088 8089 8090 7152 7134 8086
3745 7121 8091 8092 8033 7110
3746 7103 8036 8093 8088 8087
3747 7125 7159 8094 8091
3748 8034 8092 8094 7158 8090 8095
3749 8089 8095 8035 8093
3750 7991 8096 8097 7996 8098 8099
3751 8098 7997 8100 8101 8083 8102 8103
3752 8101 8104 8105 8096 7982 8057
3753 8072 7992 8099 8103 8106
3754 7994 8107 8104 8100
3755 7995 8107 8105 8097
3756 8102 8085 8106
3757 8108 8109 8110 8111 8112
3758 8108 8113 8114
3759 8115 8116 8117 8118 8119 8120
3760 8110 8121 8115 8122
3761 8113 8123 8124 8125 8116 8121 8109
3762 8125 8126 8127 8117
3763 8124 8126 8128 8129
3764 8130 8118 8127 8128 8131
3765 8130 8119 8132 8133
3766 8111 8122 8120 8132 8134
3767 7904 8135 8136 8137 8138 7909
3768 8135 8139 8140 8141 8142 7908 7906
3769 8143 8141 8144
3770 8139 8145 8136
3771 8140 8145 8137 8146 8143
3772 8147 8148 8149 8150
3773 8151 8152 8153 8148
3774 7900 8154 8155 8156 8151 8149 8157
3775 7907 8154 8158 8159 8160
3776 8157 7889 8160 8161 8162 8150
3777 8163 8164 8165 8166 8159 8161
3778 8167 8168 8169 8156 8152
3779 8170 8171 8164 8172 8168
3780 8147 8153 8167 8172 8163 8162
3781 8171 8165 8173
3782 8155 8169 8170 8173 8166 8158
3783 7888 8160 8174 8175
3784 8154 8176 8177 8178 7922 7899
3785 8141 8179 8177 8180
3786 8181 8139 8182 8159 8174
3787 8175 8181 8135 7905
3788 8179 8176 8158 8182 8140
3789 8157 8183 7890
3790 8183 8149 8184 3978 7919 7894
3791 8185 8186 8156 8187
3792 765 8188 8187 8151 8184 3976
3793 8177 8189 8185 8188 764 8190
3794 8155 8186 8189 8176
3795 8191 8120 8192 8193
3796 8194 8195 8192 8132 8196 8197
3797 8198 8199 8200 8197 8201
3798 8111 8202 8203 8198 8204
3799 8194 8205 8200
3800 8191 8122 8202 8206
3801 8203 8206 8193 8195 8205 8199
3802 8207 8208 8209 8200 8210 8211 8212 8173 8213
3803 8179 8189 8214 8210 8197 8215 8143
3804 8198 8216 8208 8217 8218 8219 8220
3805 8216 8209 8199
3806 8169 8221 8211 8214 8186
3807 8182 8166 8213 8222 8223 8145
3808 8223 8224 8225 8219 8226 8137
3809 8221 8212 8170
3810 8218 8227 8225
3811 8227 8217 8207 8222 8224
3812 8228 8229 8230 8231 8164
3813 8165 8228 8232 8233 8213
3814 8232 8234 8235 8229
3815 8236 8237 8231 8163 8238
3816 8237 8230 8235 8239 8240 8241
3817 8242 8240 8243 8244 8245
3818 8246 8236 8241 8242
3819 8247 8223 8136 8181 8248 8244
3820 8246 8238 8161 8174 8248 8245
3821 8239 8234 8233 8222 8247 8243
3822 8249 8250 8251 8211
3823 8228 8252 8253 8249 8212 8171
3824 8194 8254 8251 8210
3825 8205 8254 8250 8253 8255 8256 8257 8209
3826 8258 8255 8252 8232
3827 8259 8257 8208
3828 8258 8256 8259 8207 8233
3829 8260 8261 8262
3830 2114 8263 8264 8265
3831 8264 8266 8267 8268
3832 8263 2118 8269 8261 8270 8266
3833 8269 8260 8271 2117
3834 2177 8272 8273 8274
3835 8275 3010 4168 8276
3836 8275 3009 8277 8278 8279
3837 8280 8281 4166 2182 8272
3838 8282 8277 3012 4169 4153 8281
3839 8278 8282 8280 8273 8283
3840 8284 8285 4156
3841 8284 8286 8287 8288 4148
3842 8289 3015 8290 8291
3843 8292 3241 8293 8291 8294 8287 8295
3844 4155 4171 3016 8290 8294 8286 8285
3845 3242 8296 3014 8289 8293
3846 8297 8298 8295 8288 4157 8281
3847 8277 3018 8299 8300
3848 3233 8296 3013 8299 8301 8298 8292
3849 8297 8282 8300 8301
3850 6358 8302 8303
3851 6359 8304 8305 8306 8302
3852 8307 6336 8303 8306 8308 8309 6366
3853 8307 6369 6301 6383 6333
3854 6360 5607 8310 8311 8309
3855 6368 5595 8312 8313 8314 6355 6324
3856 8304 8315 8314 6351
3857 5588 8312 8316 8310
3858 8311 8316 8313 8315 8305 8308
3859 6361 8317 8318 8319 5602 5625
3860 5587 8310 8320 8319
3861 8309 8321 8317 6362
3862 8318 8320 8311 8321
3863 6380 8322 4736 8323 8324 8325 8314 6350
3864 8326 8327 4732 8323
3865 4741 4719 8322 6375
3866 8328 4702 5541 5592
3867 8329 8327 4718 8328 5583
3868 5589 8329 8326 8324 8330 8312
3869 6373 5593 6315
3870 8325 8330 8313
3871 6367 8307 6332 8331 8332
3872 8331 6337 8333 8334
3873 8335 8336 8303 6335 8333 8337
3874 8338 8306 8336
3875 8334 8337 8339 8317 6364 8332
3876 8338 8308 8321 8339 8335
3877 525 1800 8340 8341 8342 8343 8344 8345 2077
3878 8346 1799 8340
3879 8347 8348 8349 8350 8351 8352 7721 3808 1798 8346 8341
3880 8353 8351 8354 8355 8356
3881 8349 8357 8355 8358 8359
3882 8360 8356 8358 8361 8362
3883 1720 1813 7722 8352 8353 8360 8363 7869 520
3884 8364 8344 8365 8362 8363 7884
3885 7874 8364 8345 2079 516
3886 8361 8359 8348 8366 8343 8365
3887 8350 8354 8357
3888 8347 8342 8366
3889 2399 8367 8368 8369 8370 8371 8372
3890 2397 8373 8368 8374 8375 8376
3891 8367 8373 2398
3892 8377 8378 8379
3893 8378 8380 8381 8382 8371 8383
3894 8380 8384 8385 8386 8387 8388 8377
3895 8384 8389 8390 8381
3896 8390 8391 8392 8370 8382
3897 8387 8393 8375 8394
3898 8389 8391 8395 8385
3899 8392 8369 8374 8393 8386 8395
3900 8396 7729 8397
3901 8396 7728 7717 8398
3902 7778 8399 8400 8401
3903 8402 8403 8401 7786 8404 3759 8405
3904 8403 8400 8406 8407 8408
3905 7799 8399 8406 8409 8410
3906 3760 8404 7795 8411
3907 8412 8405 3751 8413
3908 8412 8402 8408 8414 8415
3909 8414 8407 8409 8416
3910 8417 8399 7779 8418 8419
3911 8420 8417 8406
3912 8409 8420 8419 8421
3913 4485 4427 8422 8412 8423
3914 8405 3752 4445 4424 8422
3915 8401 7777 8424
3916 8425 7782 8424 8400 8417 8426
3917 7781 8425 8427 8428
3918 8427 8426 8419 8429
3919 8430 4180 8431 8432 8433 8434
3920 4176 8430 8435
3921 8431 4179 8436
3922 2190 4178 8436 8432 8437 8438 8439
3923 8440 8437 8433 8441
3924 8440 8438 8442
3925 8443 8444 8445 8446
3926 8447 8446 8448 8449
3927 2098 3707 7733 8450 8451 8443 8447 8452 8453 7865 2137 2171
3928 8454 8455 8445 8448 8456 8457 7815 2133 8458
3929 7813 8459 8456 8449 8452 8460
3930 7883 8453 8460 7807 2135
3931 8459 8457 7814
3932 8396 8461 8454 8462 8450 7734
3933 8462 8455 8444 8451
3934 7867 8463 8360 8464 8465 8466 7705 3711 2097
3935 8466 8467 8468 7731 7706
3936 7732 8468 8469 8450
3937 8443 8470 8464 8356 8471
3938 8358 8471 8447 8472
3939 8463 8362 8473 8453 7866
3940 8361 8472 8452 8473
3941 8470 8465 8467 8469 8451
3942 8474 8475 8466 7707 7725
3943 8463 8363 7868
3944 8464 8476 8477 8478 8353
3945 7723 8479 8478 8352
3946 8479 8477 8480 8474 7726
3947 8475 8480 8476 8465
3948 8481 7720 7685 8482 8483
3949 7698 7692 8482 8484 8474 7727
3950 8485 8481 7716 7736 8468
3951 8484 8483 8485 8467 8475
3952 7754 8486 3786
3953 3805 8486 7755 8487 8488
3954 8489 8477 8490 8491 8492 7751 8487
3955 7686 7693 3819 7768 7752 8492 8493
3956 7684 8493 8491 8494 8482
3957 3807 8488 8489 8479 7724
3958 8484 8494 8490 8480
3959 8495 8496 8497 8498 8499 4798 8500
3960 8499 8501 4799
3961 8502 8503 8497
3962 8504 8505 8506 8507 8503 8498 8501 4800 8508
3963 8495 8509 8510 8511 1237 8512
3964 1238 8511 8513 8514 1273
3965 1271 1278 8514 8515 8505 8516 8517 382
3966 8518 8507 8502 8496 8509
3967 8504 8516 8519
3968 8513 8510 8518 8506 8515
3969 237 1867 8520 8521 8514 1276
3970 392 8522 8523 8520 1871
3971 8516 8524 8525 8522 393 8526
3972 8527 8524 8505
3973 8521 8515 8527 8525 8523
3974 8528 8529 7870 1830 8530 1868
3975 8520 8531 8532 8533 2078 1866
3976 8533 8534 8535 8345 2074
3977 8536 8528 1863
3978 396 8522 8537 8538 7871 8529 8536 1872
3979 8538 7872 8539 8534 8532 8540
3980 8539 8535 8364 7873
3981 8531 8540 8537 8523
3982 8344 8541 8542 8535
3983 8543 8544 8545 8546 8542 8534 8547
3984 4039 1808 8340 8548 8549 8550 8551 8552 8553
3985 8546 8554 8343 8541
3986 8555 8549 8556
3987 8548 8556 8557 8341
3988 8558 8559 8543 8560
3989 8544 8561 8551 8562 8563 8559
3990 4038 8553 8564 8565 8566 8567 2076
3991 2072 8567 8568
3992 8568 8566 8569 8560 8547 8533 2075
3993 8561 8550 8555 8557 8342 8554 8545
3994 8552 8562 8570 8564
3995 8558 8563 8570 8565 8569
3996 8511 8571 8572 8573 8574 1242
3997 2071 8568 8575 8576 8574 1254 1274
3998 8531 8577 8560 8578 8579 8571 8513 8521
3999 8577 8547 8532
4000 8566 8580 8575
4001 8581 8579 8572
4002 8580 8569 8578 8581 8573 8576
4003 8582 8583 8584 8585 8586 8587
4004 8586 8588 8589 8590
4005 8591 8592 8593 8585 8590 8594 8595
4006 8596 8597 8598 8599 8592 8600 8601
4007 8591 8600 8602
4008 8603 8601 8602 8595 8604 8605
4009 8594 8589 8606 8607 8604
4010 8596 8608 8603
4011 8607 8609 8582 8610 8597 8608 8605
4012 8610 8583 8611 8598
4013 8584 8611 8599 8593
4014 8587 8588 8606 8609
4015 8612 8597 8613
4016 8614 8615 8616 8617 8613 8608 8618 8619
4017 8620 8621 8622 8623
4018 8607 8624 8620 8625
4019 8626 8618 8605 8625 8623 8627 8628
4020 8617 8629 8630 8610 8612
4021 8631 8632 8633 8615 8634
4022 8635 8614 8634 8636 8637 8638 8639 8640
4023 8633 8641 8642 8643 8629 8616
4024 8644 8645 8646 8647 8648 8642
4025 8630 8643 8644 8649 8650 8582
4026 8651 8628 8652 8640 8653
4027 8635 8619 8626 8652
4028 8627 8622 8654 8655 8656 8651
4029 8639 8657 8658 8656 8653
4030 8659 8637 8660 8661 8646 8662 8663 8655 8658
4031 8660 8664 8665 8631 8636
4032 8659 8657 8638
4033 8661 8647 8666 8664
4034 8665 8666 8648 8641 8632
4035 8662 8645 8649 8667
4036 8621 8624 8609 8650 8667 8663 8654
4037 7318 8668 7182 8669
4038 7188 8670 8671 8672 8673 8674 8675
4039 8676 8677 8671
4040 8678 8679 7315 8668 7187 8680 8677 8672
4041 7184 8680 8676 8670
4042 8681 8679 7310 8682 8674
4043 8678 8681 8673
4044 8683 8684 4250 4520 4554 8685 8686
4045 8687 8688 8685 4551 4231 4220 8689 8690
4046 8691 4209 8689 8692
4047 8693 8694 4221 8691 8695 8696
4048 8697 8696 8698
4049 8693 8697 8699 8684 4251 4524 8700
4050 8701 8686 8688 8702
4051 4519 8700 8694 4217 4227
4052 8703 8702 8687
4053 8692 8695 8698 8699 8683 8701 8703 8690
4054 8704 8705 4237 4255 8706 8707 8708
4055 8709 8710 8705 4236
4056 8706 4256 8711 8712
4057 4257 8711 8713 8714 8684
4058 8715 8709 4234 4254 4517 8716
4059 8717 8718 8716 4518 8700
4060 8719 8707 8712 8713 8720
4061 8719 8708 8721 8722 8697 8723
4062 8718 8715 8710 8704 8721 8724
4063 8717 8724 8722 8693
4064 8723 8720 8714 8699
4065 8725 8726 8727 8728
4066 8729 8730 8731 8725 8732
4067 8728 8732 8733 8734 8735
4068 8726 8731 8736 8737
4069 8738 8730 8736 8739 8734
4070 8739 8737 8727 8735
4071 8729 8738 8733
4072 8740 8728 8741 8742 8743 8744
4073 8745 8746 8747 8743
4074 8748 8742 8745
4075 8749 8733 8750 8751 7168
4076 8752 8734 8749 7171 8753
4077 8746 8748 8741 8732 8750 8754 8755
4078 8756 8757 7162 8758 8755 8747 8744
4079 8758 8754 8751 7173
4080 8740 8735 8752 8759 8756
4081 8760 8761 7218 4277 8762 8726
4082 8763 8764 7215 8761
4083 8765 7217 7208 8766 8767
4084 8765 7216 8764 8768
4085 8769 8767 8768 8763 8760 8731
4086 8770 7201 7214 4272 8762 8737
4087 8769 8766 7199 8770 8736
4088 8766 7198 8771 8772 8773
4089 7170 8774 8775 8772 8776 8777
4090 8730 8769 8773 8776 8778
4091 1377 7196 8770 8739 8752 8779
4092 8738 8778 8777 7167 8749
4093 7193 8771 8775 8780
4094 4521 8781 4273 8762 8727 8740 8782
4095 366 1378 4269 8781 4515
4096 8756 8782 4528 4509 8783
4097 1293 1322 8784 8785 8786 8375 8787
4098 8784 8788 8789 1297 1326
4099 8387 8790 8791 8792 5326 8793
4100 8792 8794 5327
4101 8795 8796 8789 1298 4844
4102 5324 4834 8797 8798 8799 8791 8794
4103 8790 8799 8800 8786 8393
4104 8795 4857 8797 8801
4105 8785 8788 8796 8801 8798 8800
4106 8373 8802 8803 8804 1324 2395
4107 8802 8805 8368
4108 8784 8806 8807 8804 1323
4109 8786 8808 8807 8803 8805 8374
4110 8808 8806 8785
4111 8809 8810 8811 8812 8813 8814 7616 7667 8815
4112 8816 8817 8818 8810 8819
4113 8811 8820 8821 8822 8823 8824 8818
4114 8822 8825 8826 8827 8828 8829
4115 8830 8831 8826 8832 8833 8813
4116 8834 8835 8827 8831 8836 7593 7664 8837
4117 8821 8825 8832 8838
4118 8820 8838 8833 8812
4119 8829 8839 8823
4120 8817 8824 8839 8828 8835 8840
4121 8814 8830 8836 7614
4122 7666 8837 8841 8842 8815
4123 8843 8816 8840 8834 8841
4124 8843 8819 8809 8842
4125 8844 4100 8845 5406 8846 8847
4126 7533 4101 8845 5382 8848 8849
4127 8850 8851 8844 4099 8852 8853
4128 8851 8847 8854 8855
4129 8856 7534 8849 8857 8858 8859
4130 8858 8860 8861
4131 8861 8862 8863 8852 4098 7532 8864 8859
4132 8850 8855 8865 8866
4133 7529 8864 8856
4134 8860 8862 8867 8865 8854 8846 5411 8848 8857
4135 8853 8866 8867 8863
4136 8868 7123 3586 8869 8870 8871 8872
4137 8873 8874 8875 8876 7118 3591 8869
4138 8877 8873 8870 8878
4139 8871 8878 8879 8880 8881
4140 8882 8883 8884
4141 8885 8882 8886 8052 7109 7122 8868
4142 8887 8888 8050 8886 8883 8889
4143 8875 8890 8891 8892
4144 8893 8894 8895 8039 7112 7119 8876 8890
4145 8884 8889 8896 8897 8881 8872 8885
4146 8898 8899 8893 8891 8900
4147 8887 8901 8051 8902 8894 8899 8903 8896
4148 8895 8024 8902
4149 8897 8903 8898 8904 8880
4150 8029 8901 8888
4151 8874 8892 8900 8904 8879 8877
4152 8905 8906 8907 7633
4153 8905 8908 8881 8909 8910 7947 5379 8911 7634
4154 5378 8911 7631 4110
4155 8912 8871 8908 8906
4156 8907 8912 8878 8913 8914 8915 4122 7632
4157 7952 8916 8915 4132 5381
4158 8910 8917 8918 8914 8916 7951
4159 8880 8919 8917 8909
4160 8879 8919 8918 8913
4161 8920 8921 8922 8923 8924 7929
4162 8925 8926 8927 8923 8928
4163 8916 8929 8928 8924 7953
4164 8925 8930 8914 8929
4165 8931 8932 8933 8934 8935 8921 8936
4166 8933 8937 8938
4167 8939 8917 8940 8937 8932 8941 7956
4168 8935 8942 8927 8922
4169 8939 8910 7946
4170 8943 8931 8941 7939
4171 8943 8936 8920 7954
4172 8942 8934 8938 8940 8918 8930 8926
4173 8944 8945 8946 8947 8948
4174 8949 8950 8951 8945 8952
4175 8946 8953 8954 8955 8956 8952
4176 8957 8958 8959 8960 8961 8947 8953
4177 8962 8963 8964 8965 8966 8949 8956
4178 8958 8967 8962 8955 8968
4179 8966 8969 8970 8971 8950
4180 8951 8971 8972 8973 8944
4181 8957 8968 8954
4182 8974 8963 8967 8959
4183 8975 8964 8974 8960 8976 8972 8970
4184 8965 8975 8969
4185 8958 8977 8978
4186 8979 8957 8978 8980 7157 8094
4187 8980 8977 8959 8981 7136
4188 7120 8982 8953 8979 8091
4189 7153 8983 8947 8982 7116
4190 7155 8981 8960 8984
4191 8985 8986 8987 8988 8989
4192 8990 8991 8988 8992
4193 8993 8994 8995
4194 8996 8986 8997 8994 8998 8999
4195 8998 8993 9000 8990 9001
4196 8996 8985 9002
4197 9001 8999 9002 8989 8992
4198 9003 9004 9005 8996 9006
4199 8986 9007 9005
4200 9008 9009 9010 9011 9003 9012
4201 9009 9013 9014 9015 9016
4202 9010 9017 8994 9018 9013
4203 9008 9016 9019
4204 9014 9018 8998 9020
4205 8999 9020 9015 9019 9012 9006
4206 9021 9022 9023
4207 9024 9025 9026 9014 9027 9022
4208 9028 8990 9029 9024 9023
4209 9026 9030 8993 9018
4210 9028 9001 9020 9027 9021
4211 9031 9016 9032 9033 9034 9035
4212 9036 9037 9038 9009 9032
4213 9039 9040 9041 9042 9043 9044
4214 9045 9040 9046 6933 9047
4215 9046 6928 9048 9041
4216 9049 9036 9033 9050
4217 9051 9043 9052 9053 9037 9049
4218 9054 9045 9039 9055 9035 9056 9022
4219 9044 9051 9050 9034 9055
4220 9054 9024 9057 6932 9047
4221 9038 9053 9058 9026 9013
4222 9027 9015 9031 9056
4223 832 4009 1952 9059 9060
4224 9060 9061 9062 9063 818
4225 823 2469 4489 9064 9065 9063
4226 9059 1950 2476 4491 9066 9067 9061
4227 9066 4490 9064 9068
4228 9067 9068 9065 9062
4229 9069 9070 9071 9072 9073 9074
4230 9075 9076 9077 9078 9074
4231 9075 9079 9080 9069
4232 9081 9082 9083 9079 9076
4233 9084 9085 9081 9077 9086
4234 9070 9087 9088 9089 9083 9080
4235 9073 9090 9091 9092 9086 9078
4236 9082 9089 9093 9085
4237 9094 9095 9096 9087 9071
4238 9084 9093 9088 9096 9097 9092
4239 9090 9098 9094 9072
4240 9098 9095 9097 9091
4241 9099 9100 8253
4242 8221 8249 9100 9101 9073 9102 8168
4243 8252 9099 9101 9072 9103 9104 8229
4244 8231 9105 9074 9102 8172
4245 9069 9106 9107 9104 8230 9105
4246 9103 9107 9108 9071
4247 9108 9106 9070
4248 9109 9110 9062 9111 9112 9113 9114 9085
4249 768 820 9115 9109 9084 9116 8188
4250 819 9063 9110 9115
4251 817 9060 9117 9112 9118 9119
4252 774 816 9119 9120 9121 9122 3974
4253 9122 9123 8148 8184 3975
4254 9124 9125 9077 9126 8153 9123 9121
4255 9124 9127 9113 9118 9120
4256 9081 9114 9127 9125
4257 9111 9061 9117
4258 8187 9116 9086 9126 8152
4259 9100 9128 9091 9129 8250
4260 9090 9128 9101
4261 8185 9116 9092 9129 8251 8214
4262 9126 9078 9102 8167
4263 8130 9130 9131 9115 821 754 9132
4264 9133 9134 9131 9109 9093
4265 9133 9135 9136 9088
4266 9135 9134 9130 8119 8192 9137 9138
4267 9097 9139 9137 8195 8254 9129
4268 9139 9138 9136 9096
4269 9140 9141 9142 9143 9144
4270 9145 9146 9141 9147 9148 9149
4271 9150 9140 9147 9151
4272 9145 9152 9153 9154
4273 9155 9156 9153 9157
4274 9158 9149 9154 9157 9159 9160
4275 9161 9162 9163 9155 9159
4276 9164 9165 9166 9162
4277 9156 9163 9166 9167 9168 9142 9146 9152
4278 9165 9167 9169 9170
4279 9158 9148 9151 9171
4280 9161 9164 9170 9172 9144 9150 9171 9160
4281 9169 9168 9143 9172
4282 9173 9036 9174 9163
4283 9175 9176 9177 9037 9174 9166
4284 9038 9177 9178 9010
4285 9179 9180 9175 9167
4286 9181 9182 9152 9183
4287 9184 9012 9185 9186 9181
4288 9008 9032 9173 9156 9182 9184
4289 9187 9142 9188 9189
4290 9183 9186 9190 9191 9188 9146
4291 9185 9003 9192 9190
4292 9179 9193 9187 9168
4293 9177 9194 9053
4294 9195 9196 9197 9198 9199 9200
4295 9201 9202 9203 9204 9205 9206 9207 9200
4296 9208 9199 9201
4297 9209 9210 9211 9212 9198 9208 9202
4298 9203 9209 9213 9214 9215 9216 9217
4299 9218 9219 9220 9221 9211 9222 9214
4300 9221 9223 9197 9212
4301 9196 9224 9225 9220 9223
4302 9213 9222 9210
4303 9195 9224 9226 9227 9228 9207
4304 9227 9229 9218 9215 9230 9231 9232
4305 9229 9219 9225 9226
4306 9233 9232 9228 9206
4307 9217 9234 9235 9204
4308 9236 9231 9233 9205 9235
4309 9236 9230 9216 9234
4310 9237 9238 9239 9204 9240 9241
4311 9242 9202 9243 9238 9244
4312 9237 9244 9245 9246
4313 9247 9248 9249 9250 9251 9252
4314 9251 9253 9254 9255
4315 9246 9241 9256 9257 9252 9255 9258
4316 9247 9259 9260 9206 9261 9257
4317 9245 9242 9201 9262 9254 9258
4318 9243 9203 9239
4319 9263 9259 9248
4320 9264 9207 9260 9263 9249
4321 9261 9205 9240 9256
4322 9253 9250 9264 9200 9262
4323 9265 9266 9267 9268
4324 9269 9270 9271 9266 9272 9273
4325 5692 9274 9272 9265 9275 9276 9277 9278
4326 9279 9268 9275
4327 9280 9281 9282 9283 5685 9278
4328 9284 9285 9286 9281
4329 9280 9286 9287 9277
4330 5682 9288 9269 9289 9290 9283
4331 9290 9291 9292 9284 9282
4332 9288 9273 9274 5686
4333 9293 9291 9289 9270
4334 9285 9292 9293 9271 9267 9279 9276 9287
4335 9294 9295 9296 5374 3070
4336 9296 9297 9298 9286 9299 5360 5364
4337 9300 9301 9302 9303
4338 9304 9300 9305 9306 9307
4339 9304 9303 9308 9309 9310 9311
4340 9297 9312 9301 9305 9313 9314 9295
4341 5376 5359 9315 9310 9316 3081
4342 9316 9311 9307 9317 9318 3079
4343 3080 9318 9319 9314 9294
4344 9319 9313 9306 9317
4345 9315 9309 9320 9277 9321 5337
4346 9299 9280 9321 5361
4347 9298 9312 9302 9308 9320 9287
4348 9322 9323 9324 5662 3198 9325
4349 9326 9327 9315 5336 3119
4350 9328 9329 9330 9326 3113 3200
4351 9309 9331 9275 9332 9333 9330 9327
4352 9334 9322 9335 9336 9337 9333 9329
4353 9325 9334 9328 3199
4354 5688 9338 9324
4355 5655 5684 9278 9321 5338
4356 9265 9339 9340 9337 9332
4357 5687 9274 9341 9340 9336 9342
4358 9335 9342 5677 9338 9323
4359 9341 9272 9339
4360 9331 9276 9320
4361 4174 9343 9344 9345 9346 9347 8285 4159
4362 9348 9349 4172 9343
4363 9350 9351 9258 9352 9348 9344
4364 9349 9352 9254 9353 3032 4173
4365 9354 9355 9356 9357 3035 8290
4366 9357 9358 9359 3029
4367 9242 9208 9360 9358 9356 9361
4368 9353 9262 9199 9360 9359 3026
4369 9347 9362 9363 9364 8286
4370 9365 9354 8294 9364
4371 9363 9365 9355 9361 9245 9351 9366 9367
4372 9368 9367 9362 9346
4373 9345 9350 9366 9368
4374 9369 9370 9371
4375 9372 9373 9374
4376 9375 9376 9377 5759 9378
4377 9379 9377 5754
4378 9369 9380 9381 9375 9382
4379 9383 9381 9376 9379 5757 9384
4380 9380 9371 9385 9372 9386 9383
4381 9387 9388 9389 9390 9391
4382 9392 9390 9393 9394 9395
4383 9396 9391 9392 9397 2613
4384 4780 9398 9399 9400 2621
4385 9397 9395 9401 9402 9400 2609
4386 9396 9387 9403 9404 9398 4770 2619
4387 9402 9399 9404 9405 9389 9393 9406
4388 9406 9394 9401
4389 9403 9405 9388
4390 9407 9408 9409 9393 9410
4391 9411 9390 9409 9412 9413 9414 4560
4392 9415 9416 9417 9412 9408 9418 9419
4393 9420 9421 3342 3223 9422 9423 9424
4394 9425 9395 9426 9423
4395 9422 9426 9392 9411 4561 3218
4396 9427 9428 9429 9415 9430 9431 9432
4397 9433 9416 9429
4398 9413 9434 9428 9433 9417
4399 9435 9436 3328 9421
4400 9437 9431 9438 9420 9435
4401 5851 9439 9427 9434 9414 4559
4402 9436 9437 9432 9439 5859 4556 3343
4403 9430 9419 9440 9410 9394 9425 9424 9438
4404 9407 9418 9440
4405 9441 9442 9443 9444 9445 9446
4406 3208 9447 9444 9448 9449
4407 9443 9450 9451 5658 3211 9447
4408 9452 9442 9450 9453 5904
4409 9451 9453 5905 5659
4410 4590 9454 9441 9452 5903 9455
4411 9456 4579 9455 5902 3194 3212 9457 9458
4412 3203 9449 9459 9457
4413 4582 9460 9461 9456
4414 9460 9462 9446 9454 4583
4415 9462 9445 9448 9459 9458 9461
4416 9463 9464 9465 9466 9467 9468 9469
4417 9470 9471 9472 9473 9474 9469
4418 9463 9475 9476 9477 9478 9479 9474
4419 9480 9467 9481 9482 9483 9484 9471
4420 9485 9483 9486 9479 9473
4421 9482 9487 9488 9489 9478 9486
4422 9484 9485 9472
4423 9481 9487 9490 9466
4424 9490 9488 9491 9476 9492 9465
4425 9489 9491 9477
4426 9464 9492 9475
4427 9468 9480 9470
4428 5909 9455 4580 4629 4625
4429 3202 9457 9493 9494 4622
4430 9495 9496 9456 4578 4628 4624
4431 9494 9497 9495 4615
4432 9493 9458 9496 9497
4433 9498 9499 9500 9501
4434 9498 9502 9503 9504 9505 9506 9507
4435 9502 9508 9509 6393 9510 9499
4436 9501 9507 9511 9512
4437 9513 9504 9514 9515 6396 9516
4438 9513 9517 9505
4439 9518 9515 6390 9509
4440 9508 9518 9514 9503
4441 9519 6269 9520 9521 9522
4442 9523 9520 6267 9524 9525
4443 9526 9523 9521 9527
4444 6271 9528 9529 9530 9531 9532
4445 9525 9526 9533 9534 9513 9535
4446 9536 9529 9537 6270 9519 9538
4447 6261 9537 9528
4448 9539 9531 9540 9541
4449 9542 9536 9530 9539 9543
4450 9541 9543 9544 9534 9505 9545
4451 9542 9538 9522 9527 9533 9544
4452 9515 6389 1533 9546 9526 9547
4453 9546 9525 9548 1526
4454 9534 9549 9504
4455 9514 9547 9533 9549
4456 9550 9551 9552 9553 9554 9555 9556
4457 9550 9557 9558
4458 9559 9556 9558 9560 9561
4459 9562 9563 9564 9565 9561
4460 9566 9567 9568 9555 9559 9562
4461 9569 9570 9571 9572 9573 9574 9563 9566
4462 9560 9565 9575 9576 9577 9551 9557
4463 9574 9578 9575 9564
4464 9554 9579 9580 9581 9568
4465 9577 9582 9583 9571 9584 9585 9580 9586 9552
4466 9582 9587 9573 9578 9576
4467 9567 9569 9588 9585 9581
4468 9586 9553 9579
4469 9572 9587 9583
4470 9570 9584 9588
4471 4646 4685 9589 9562 9590 4673 4692
4472 4678 9591 9564 9592 9593
4473 9590 9563 9592 9594 4671
4474 9595 9561 9589 4684
4475 9591 9565 9595 4680
4476 9596 6291 6313 9597 9573
4477 6363 8332 9598 9599 9600 9601
4478 9570 9602 9603 6370 9601 9604 9605
4479 4663 9606 9600 9604 9607
4480 9599 9608 9609 4669 9606
4481 9592 9610 6386 6295 9596 9574
4482 9572 9597 6312 6371 9603 9611
4483 9602 9611 9571
4484 6384 6331 8331 9598 9608 9612
4485 9590 9566 9613 4668
4486 9569 9605 9607 4656 9613
4487 6294 9596 9578 9614 9615
4488 9591 9575 9614 9616 4695 4675
4489 2662 9617 5618 9618 9602 9584 9619 3043
4490 9620 5623 9617 2670
4491 9621 9622 9623 9624
4492 9618 5612 9625 9622 9626 9583 9611
4493 9627 9623 9626 9582 9628
4494 9629 9627 9624 9630 9631
4495 9552 9632 9631 9633 9634
4496 9635 2655 9620 5624 9625 9621 9630 9633
4497 9636 9637 2671 9635 9634 9586
4498 9585 9619 3042 2641 9637 9638
4499 9636 9638 9580
4500 9629 9628 9577 9632
4501 9587 9597 6317 9639 9626
4502 4743 6376 9640
4503 6322 9639 9623 9641 9642
4504 9643 9628 9576 9614 9644
4505 9627 9641 9645 9643
4506 4655 9607 9646 9647 9648 116
4507 117 9648 9649 3065 1020
4508 9646 9650 3041 9619 9588 9605
4509 3064 3040 9650 9647 9649
4510 4693 9651 9581 9638 9652 2640 2585 3063 1026
4511 4657 9613 9567 9651 4691
4512 9637 2643 9652
4513 9622 9639 6316 5563 9653 9654
4514 9654 9655 5611 9625
4515 5610 5567 9653 9655
4516 5608 6372 9603 9618
4517 9656 9657 9658 5616 6365 9601 9659
4518 9660 9659 9604 9646
4519 2661 9617 5617 9658 9661 3044
4520 3046 9662 9656 9660 9650
4521 9662 9657 9661 3045
4522 2564 9663 9664 9665 9666
4523 9667 9668 9629 9643 9669 9665 9670
4524 9668 9632 9551 9671
4525 9595 9560 9672 2552 4650 4681
4526 9673 9674 9663 2555
4527 9557 9671 9667 9675 9673 2569 9672
4528 9664 9670 9675 9674
4529 9676 9677 9678 4700
4530 9679 9680 9681 9678 4701 8328 5584 5543
4531 9679 9682 9683 9684 5544
4532 9680 9685 9686 9682
4533 9687 9688 9676 4699 5546
4534 9681 9685 9689 9690 9688 9677
4535 9684 9691 9690 9687 5545
4536 9686 9689 9691 9683
4537 9692 9693 9694 9695 9696 9697
4538 9698 9699 9700 9701 9692 9702
4539 9702 9703 9704 9693
4540 9704 9705 9706 9707 9694
4541 9703 9698 9708 9709 9705
4542 9701 9710 9711 9697
4543 9706 9709 9712 9713 9714 9715 9716 9717
4544 9708 9712 9718 9699
4545 9719 9720 9713 9718 9700 9710
4546 9707 9717 9721 9722 9695
4547 9722 9696 9711 9719 9723 9715 9724
4548 9720 9723 9714
4549 9716 9724 9721
4550 9725 9726 5556 6320 9727
4551 9728 9725 9729
4552 9730 9693 9731 9732 9733
4553 5555 9687 9734 9695 9735 9732 9736 9728 9726
4554 4708 9737 4738
4555 9731 9694 9735
4556 9738 9739 9740 4706
4557 9741 9692 9730 9742 9739
4558 9696 9743 9688 9734
4559 9743 9697 9741 9738 4705 9676
4560 9744 9745 9746 9700 9747
4561 9745 9748 9749 9750
4562 9751 9750 9744 9752 9739 9753
4563 9747 9752 9741 9701
4564 9698 9754 9755 9756
4565 9757 9748 9746 9699 9754 9758
4566 9702 9756 9759 9730
4567 9749 9757 9760 9751
4568 9756 9703 9761 9762
4569 9731 9704 9761 9763 9764 9765
4570 9766 9765 9732 9767
4571 9764 9766 9768
4572 9761 9705 9769 9770 9771
4573 9764 9772 9770 9773 9774
4574 9706 9769 9773 9775
4575 9735 9707 9775 9774 9765
4576 9776 9777 9778 9779 9711 9743 9677
4577 9780 9777 9781 9782 9783 4713 9784
4578 9738 9752 9785 9786 9783 4714
4579 4711 9787 9780 9776 9678
4580 9786 9788 9789 9782
4581 9781 9789 9790 9778
4582 9710 9747 9785 9788 9790 9779
4583 9787 9784 4712
4584 5572 9791 9792 9793
4585 9794 9795 9796 9797 9684 5547 9791
4586 9798 9799 9794 9792 9800 9728 9801
4587 9802 9803 9721 9804 9691 9797
4588 9796 9802 9805 9774 9766 9806 9798 9807
4589 9775 9717 9803 9805
4590 9800 9726 5562 9793
4591 9795 9807 9799
4592 9734 9722 9804 9690
4593 4729 9808 9809 9810 9811 9784
4594 9808 9812 9813 4728
4595 4717 9787 9811 9814 8327
4596 4722 9813 9815 9816
4597 4730 9816 9817 9818 9819 9820
4598 9814 9810 9821 9822 9819 9823 8326
4599 9823 9820 4731 8323
4600 9818 9824 9822
4601 9824 9821 9809 9812 9815 9817
4602 9825 9826 9827 9828
4603 9829 4720 8322 6374 9830
4604 4721 9816 9831 9832 9826 9833 9829
4605 9813 9834 9835 9836 4723
4606 9835 9837 9832 9825 9838
4607 9837 9834 9815 9831
4608 9744 9839 9840 9785
4609 9841 9842 9839 9750 9843
4610 9786 9840 9842 9844
4611 9845 9846 9841 9844 9783 4726 9808
4612 9751 9843 9846 9847 9835 9848
4613 9834 9847 9845 9812
4614 9849 9850 9851 9852 9853
4615 9749 9854 9855 9856 9857 9849 9858 9843
4616 9859 9853 9858 9846
4617 9860 9861 9862 9863 9851 9864 9865 9825 9866
4618 9867 9865 9832
4619 9868 9863 9850 9857
4620 9868 9862 9869 9856
4621 9860 9870 9854 9757 9871
4622 9855 9869 9861 9870
4623 9837 9867 9864 9852 9859 9847
4624 9858 9872 9873 9841
4625 9873 9844 9782 9874 9875 9876
4626 9877 9878 9879 9874 9781
4627 9880 9875 9879 9881 9882 9883
4628 9780 9884 9878 9881 9885 9811
4629 9810 9885 9882 9886
4630 9880 9876 9872 9853 9887
4631 9877 9777 9884
4632 9845 9859 9887 9883 9886 9809
4633 9888 9889 9890 9891 9892 9863
4634 9860 9893 9894
4635 9865 9895 9896 9826
4636 9897 9892 9862
4637 9861 9897 9891 9898 9893
4638 9888 9851 9899 9900
4639 9864 9899 9901 9895
4640 9902 9903 9904 9905 9906 9907
4641 9908 9909 9903 9910
4642 9904 9911 9912 9913 9914 9909
4643 9915 9916 9917 9918 9919 9920
4644 9921 9922 9906 9923 9915 9924 9465
4645 9925 9926 9927 9920 9924 9492
4646 9928 9929 9930 9931 9491 9932
4647 9933 9934 9928 9935 9926
4648 9925 9935 9932 9476
4649 9936 9937 9938 9939 9940 9929 9934
4650 9905 9911 9941 9916 9923
4651 9942 9943 9939 9944 9913
4652 9943 9940 9930 9945
4653 9931 9945 9942 9914 9908 9946 9947 9488
4654 9947 9948 9949 9921 9490
4655 9922 9907 9950 9949
4656 9927 9933 9936 9951 9952 9953 9919
4657 9937 9954 9951
4658 9950 9902 9910 9946 9948
4659 9953 9955 9918
4660 9941 9917 9955 9952 9954 9938 9944 9912
4661 8329 9814 9885 9956 9957 9958 9959 5582
4662 9960 9905 9961 9962 8330 8316 8320 9963
4663 9964 5626 5586 8319 9963 9965 9966
4664 9967 9968 9886 9821
4665 9911 9969 9970 9967 9822 9971 9972 9961
4666 9973 9923 9960 9965 9974
4667 9966 9975 9976 9974
4668 9976 9973 9916 9977 9978 9959 5580 9979
4669 8324 9823 9980 9972 9962
4670 9819 9971 9980
4671 9970 9981 9956 9882 9968
4672 9964 5620 5590 9979 9975
4673 9982 9958 9978
4674 9981 9957 9982 9977 9941 9969
4675 9983 9984 9985 9986
4676 9987 9988 9989 9985 9990 9991
4677 9992 9993 9994 9995 9991 9996
4678 9997 9998 9999 10000 9992 10001
4679 10002 10000 9993
4680 10003 10004 10005 9994 10002 9999
4681 10006 10007 9983 10008 10004
4682 10001 10009 10010 9987 9996
4683 9988 10011 10012 10013 10010
4684 10012 10014 10015
4685 10016 10007 9984 9989 10011 10014 10017
4686 10003 10006 10016 10018 9998
4687 9997 10018 10017 10015 10013 10009
4688 10019 6155 10020 10021 10022 10014
4689 10019 6164 10023 10024 10011
4690 6170 10023 10025 10026 10027 10028 10029 10020
4691 10030 10031 10026 10032 9984
4692 10024 10025 10032 9989
4693 10033 10027 10031 10034
4694 10030 10034 10035 10036 10007
4695 10037 10021 10029 10038 10036 10016
4696 10038 10028 10033 10035
4697 10022 10037 10017
4698 10039 10040 10041 10042 10043 10044 10045
4699 10044 10046 10047 10048
4700 10049 10050 10051 10052 10045 10046 10053
4701 10047 10053 10054 10055
4702 10049 10056 10057 10054
4703 10056 10058 10059 10041 10060 10050
4704 10042 10059 10061
4705 10062 10040 10060 10051
4706 10039 10062 10052
4707 10063 10064 10065 9509 6391 10066
4708 9518 10065 10067 10068 9527 9547
4709 10063 10069 10070 10071
4710 10072 10073 10069 10064 10067
4711 10072 10074 10075 9521 10068
4712 9546 9523 10075 10076 10077 1527
4713 10074 10076 10078 10070 10073
4714 1551 10079 6264 10080 10081 10082
4715 10083 10084 6265 10080
4716 10085 10084 6266 9520 10075
4717 10081 10083 10085 10076 10086
4718 10087 10088 10089 10041
4719 10090 10091 10087 10042 10092
4720 10089 10093 10094 10095 10040
4721 10096 10093 10088 10091
4722 10044 10097 10063 10098
4723 10045 10099 10069 10097
4724 10039 10095 10100 10101 10102 10103 10070 10099
4725 10104 10105 10102 10106
4726 10105 10107 10101
4727 10107 10104 10108 10090 10096 10094 10100
4728 10109 10110 10111 10112 10113 1546 10114
4729 10113 1547 10115
4730 10116 10112 10115 1548 6280
4731 6276 10116 10111 10117 10105 10118 10080
4732 10118 10102 10119 10081
4733 10109 10120 10121
4734 10104 10122 10121 10110 10117
4735 10123 10124 10125 10126 10116 6277
4736 10083 10118 10101 10127 10128
4737 10129 10130 10123 6275 10084 10128
4738 10124 10131 10130
4739 10126 10132 10111
4740 10127 10107 10117 10132 10125 10131 10129
4741 10133 10134 10128 10085 10074 10135
4742 10133 10136 10095 10062 10137
4743 10099 10052 10137 10135 10073
4744 10127 10134 10136 10100
4745 9519 6273 10138 10139 10140 10141 10142
4746 10143 10144 10130 10145 10139
4747 10133 10146 10143 10140 10147
4748 10145 10123 6274 10138
4749 9522 10142 10148 10068
4750 10141 10147 10135 10072 10148
4751 10146 10144 10129 10134
4752 10149 10150 10151 10152
4753 10153 10154 10151 10155 10156
4754 10157 10158 10159 10160 10149 10161
4755 10162 10163 10164 10165
4756 10166 10162 10167 10168 10153
4757 10163 10167 10169 10170 10171 10172 10173
4758 10174 10173 10164 10175
4759 10154 10168 10169 10176 10160 10150
4760 10159 10177 10170 10176
4761 10166 10165 10175 10178 10179 10156
4762 10180 10171 10177 10158
4763 10174 10172 10180 10157 10181 10178
4764 10182 10183 10184
4765 10185 10186 4787 5255
4766 10187 10185 5254 10188 10183
4767 10182 10187 10186 4786 10189
4768 10190 10191 5508 5483 3280 10192
4769 10193 10194 5487 3278 10195
4770 10190 10196 10193 10197
4771 5488 5507 10191 10196 10194
4772 10198 10199 10200 10201 10190
4773 10198 10202 2749 2851 5506 10191
4774 10199 10202 2741 10203
4775 2745 10203 10200 10204
4776 1059 10205 10206 10151 10207
4777 10208 10156 10209 10200
4778 10208 10153 10210 10205 1058 2832 2742 10203
4779 10154 10210 10206
4780 10211 10212 6491 10213 10214 10215
4781 10216 10217 10218 10219 6489 10213
4782 10216 10220 10221 10214
4783 10222 10223 10224 6499 10219
4784 6495 10224 10225 10226 10227
4785 10221 10228 10229 10230 10231 10232 10215
4786 10233 10234 10229 10235 10236
4787 10237 10226 10238 10230 10234
4788 10239 10233 10237 10225 10223
4789 10232 10240 10211
4790 10241 10236 10239 10222 10218
4791 10228 10235 10241 10217 10220
4792 6487 10242 10243 6477
4793 10244 10242 6488 10219 10245 10246
4794 6476 10243 10244 10247
4795 10248 6490 10213 10249 10250
4796 10250 10251 10252 6467 10253
4797 10254 10255 10216 10249 10251
4798 6484 10248 10253 6454
4799 10256 10257 10246 10247 6473
4800 10254 10258 10259 10256 6475 10252
4801 10259 10257 10245 10218 10260
4802 10255 10217 10260 10258
4803 1169 10261 10262 10263 4915
4804 10261 10264 10265 1147 1172
4805 10264 10262 10266 4917 10267
4806 10263 10266 4916
4807 5522 5460 10268 10269 10270 4928
4808 10268 10271 10272 10273 5449
4809 5447 10273 10274 10275 10276 5526
4810 10274 10272 10277 10278 10279
4811 10276 10280 5527
4812 4913 10281 10279 10275 10280 5528
4813 10278 10282 10270 4921 10281
4814 10271 10277 10282 10269
4815 10283 10284 10285 10286 10287 10261 1168 2700
4816 10288 10289 10283 2710 7434 4962
4817 2713 10290 2675
4818 4960 7439 2712 10290 2676
4819 10291 10292 10293 10287 10264 10294
4820 10291 10295 10288 4958 4944 6529 10296
4821 10297 10298 10285
4822 10299 10297 10286 10293
4823 4950 2678 1140
4824 10295 10292 10299 10298 10284 10289
4825 4914 10300 10301 10286 10302 10263
4826 10287 10302 10262
4827 10303 10304 10305 2698
4828 10283 10306 10307 10308 10305 2699
4829 10300 10309 10310 10303 2697 4910
4830 10311 10312 10307 10313
4831 10310 10314 10312 10308 10304
4832 10309 10314 10311 10315 10285 10301
4833 10313 10315 10284 10306
4834 10316 10317 10318 10319
4835 10320 10321 10322 10319 10323 10324 10325
4836 10323 10316 10326 10327 10328
4837 10329 10324 10328 10330 10331 10332
4838 10333 10334 10325 10329 10335
4839 10336 10337 10338 10339 10340 10317 10326 10341 10331 10342 10343
4840 10344 10340 10318 10322
4841 10327 10341 10330
4842 10345 10346 10347 10342 10332 10335
4843 10348 10321 10344 10339 10349 10350
4844 10338 10349 10351 10352
4845 10320 10348 10353 10354 10334
4846 10343 10355 10347
4847 10345 10356 10337 10352 10357 10354 10333
4848 10346 10355 10336 10356
4849 10351 10350 10353 10357
4850 10358 10321 10359 10360 10361
4851 10210 10168 10362 10363 10361 10364
4852 4861 10365 10366 10320 10358 10364 10206 10150 10367
4853 4867 10368 10369 10370 10360 10363 10371 10176 10372
4854 10373 10322 10359 10370
4855 10160 10372 4864 10367
4856 10371 10362 10169
4857 10374 10319 10373 10369
4858 10375 10325 10366
4859 10375 10324 10376 4854 10365
4860 10323 10374 10368 4865 10376
4861 4853 10365 10377 10378 10379
4862 10378 10380 2872 10381
4863 1308 4851 10382 10330 10383 7575
4864 10382 10328 10376 4855
4865 2871 10384 10329 10375 10377 10380
4866 10384 10332 10385 7580 2870
4867 7582 10383 10331 10385
4868 10377 10366 10334 10386
4869 10386 10333 10387 2874 10380
4870 10384 10335 10387 2882
4871 7573 10388 7479 10389 10390 10341 10383
4872 7566 10388 7478 4991 10391
4873 10392 10393 10394 10395 10340
4874 10392 10396 10397 10398 10339
4875 10396 10399 10400 10393
4876 2838 10401 4988 7435 10402 10399 10397 10403 10404
4877 10405 10404 2827 10406 10337
4878 10317 10395 10407 10408 10409 10410
4879 10407 10411 7477 4989 7442 10402 10400 10394
4880 10389 7480 10412 10409 10413
4881 10390 10413 10410 10326
4882 7578 10391 4992 10414 10343 10415
4883 10336 10414 4987 10401 2839 10406
4884 10415 7581 10385 10342
4885 10412 7451 10411 10408
4886 10398 10403 10405 10338
4887 10416 7656 10417 10418 10419
4888 10420 10419 10421
4889 7555 7669 7615 7657 10416 10421 10422 10423 10424
4890 10389 7488 10425 10418 10420 10422 10426
4891 10327 10390 10426 10423 10427 4852 10382
4892 7486 10425 10417 7655 7565 10388
4893 7553 10424 10427 4848
4894 1192 4947 10428 10346 10429 2880
4895 10429 10345 10387 2875
4896 7579 5052 4948 10428 10347 10415
4897 5332 4860 10367 10149 10430
4898 10378 10386 10354 10431 1055 10432
4899 10205 10364 10433 10353 10431 1061
4900 10358 10348 10433
4901 5002 10391 7567 5050
4902 10355 10414 5001 4952 5051 4946 10428
4903 10431 10357 10434 2768 2830 1054
4904 10429 10356 10406 2826 2682 1127 10435 2876
4905 10405 10436 2829 2770 10434 10352
4906 2828 10436 10404
4907 4949 5005 10401 2837 2680
4908 2816 10437 10351 10434 2769
4909 10438 10439 2817 10437 10350 10433 10361 10440
4910 10441 2818 10439 10442
4911 10208 10166 10443 10444 10199
4912 10445 10441 2819 2740 10202 10444 10446
4913 10440 10447 10363
4914 10448 10445 10442 10438 10447 10362 10167
4915 10446 10448 10162 10443
4916 7466 10449 10450 10451 10452 5152 10453 10454
4917 10455 7482 10449 10456 10457 10458
4918 10459 10455 7483 10460
4919 10461 10462 5149 10463 10464 7484 10460 10465 10466
4920 7474 10454 10467 10464
4921 10462 10468 10469 10452 5153
4922 10456 10450 10470 10471
4923 10470 10451 10469 10472
4924 5147 10453 10467 10463
4925 10473 10458 10459 10465 10474
4926 10475 10474 10466
4927 10475 10473 10457 10471 10472 10468 10461
4928 10476 10477 10478 10479 5127 5154
4929 10462 10480 10481 10476 5150
4930 10482 10483 6469 10484 10485
4931 10469 10486 10487 10488 10485 10489 10490
4932 10488 10484 6468 10491 10492
4933 10481 10493 10477
4934 10479 10494 10495 10483 6470 6521 5128
4935 6465 10491 10496 5062
4936 10489 10482 10495 10497
4937 5155 5056 10498 10486 10452
4938 10487 10492 10496 5058 10498
4939 10494 10497 10490 10468 10480 10493 10478
4940 10499 10500 10481 10501 7562
4941 10499 10502 10503 7653 7563
4942 10504 10465 10505
4943 10417 10506 10505 10466 10507 10503 7654
4944 7487 10460 10504 10506 10425
4945 5148 10463 10508 5004
4946 7473 10464 10508 4985
4947 10501 10476 5151 5107 7560
4948 10507 10461 10480 10500 10502
4949 5240 10509 10510 10511 10512 10513 10514 5170
4950 10501 10477 10515 10509 5242 7561
4951 10512 10516 10517 10518
4952 10513 10518 10519 10520 5216 10521
4953 10522 10511 10516
4954 5227 10520 10523 10499 7568 5201
4955 10500 10523 10519 10517 10522 10510 10515 10493
4956 10524 10525 10526 7659
4957 7636 10527 10528 10529 10524 7660 7596
4958 10530 10531 10532
4959 10533 10532 10534 10520 5217
4960 10527 10535 10536 10530 10533 5226 7637
4961 10526 10537 10528 10535 10538 10503 7658
4962 10537 10525 10529
4963 10502 10538 10536 10531 10534 10523
4964 10539 10505 10474 10540 10541 10542 10543
4965 10506 10539 10544 10418
4966 10419 10544 10543 10545 10546 10537 10547
4967 10548 10549 10542 10545 10550 10535
4968 10541 10549 10551
4969 10526 10547 10416 7661
4970 10550 10546 10528
4971 10507 10475 10540 10551 10548 10538
4972 10552 6479 6520 10553
4973 10554 10555 10556 10557
4974 10558 10495 10559 6480 10552 10560 10561
4975 10555 10562 10561 10563
4976 10559 6471 10483
4977 6537 10564 10565 10566 10479 5134 6518
4978 6535 10567 10557 10568 10569 10564
4979 10569 10570 10565
4980 10566 10494 10558 10563 10554 10568 10570
4981 5181 10571 10564 6534 5095
4982 5185 10571 10565 10572 10509 5241
4983 10572 10566 10478 10515
4984 7638 8905 10573 10533 5218
4985 7642 10574 8906 10573 10532 10575 10518 10576 10577
4986 10574 8907 7646
4987 10576 10513 10578
4988 10534 10575 10519
4989 10579 7071 7129 8868 10580 10581
4990 10582 10512 10576 10583
4991 10516 10584 10579 7076 3576 10585 10582
4992 8908 8872 10580 10586 10530 10573
4993 3587 8869 10587 10588
4994 8912 8870 10587 10589 7641 10574
4995 10517 10584 10581 10586 10531 10575
4996 7079 7077 10590 10591 10592
4997 10593 10594 10595 10596
4998 10597 10592 7081 10598 10595
4999 10590 7074 10579 10599
5000 10511 10600 10593 10601 10582
5001 10594 10597 10591 10599 10584 10522 10600
5002 8911 7635 10527 10550 10602 5388
5003 8939 8909 8897 10603 10604 7945
5004 5394 7936 10605 10606 10607
5005 10605 7942 10608 10609 8889 10610
5006 10611 10607 5415 10602 10545
5007 10612 10603 8896 10609
5008 10608 10612 10604 7944
5009 10613 8884 10610 10606 10611 10542
5010 10580 8885 10613 10549 10614
5011 10614 10586 10536 10548
5012 10593 10615 10569 10571 5180 10616
5013 10572 10570 10615 10600 10510
5014 10617 10557 10618 10595
5015 10594 10617 10568 10615
5016 10619 10620 10457 10621
5017 10458 10621 10622 8883 10610 10623 10624 10625
5018 10622 8886 8049 10626 10619
5019 10627 10628 10629 10630 7485 10455 10625
5020 10631 10632 10633 10628
5021 10624 10634 10635 10633 10627
5022 10634 10636 10637 10638 7935 10605 10623
5023 10639 10640 10641 10642 10643 10644 10636 10635 10632
5024 10644 10645 10637
5025 10643 10646 10647 10648 10608 7943 10638 10645
5026 10642 10649 10650 10646
5027 10647 10650 10651 8032 8888 10652
5028 10626 8044 10653 10654 10655 10456 10620
5029 10656 10640 10657
5030 10629 10658 7449 10659 10660 10661 10657 10639 10631
5031 10662 10653 8046 10651 10649 10641 10656 10661 10663
5032 7462 10659 10664 10665 10655 10449
5033 10658 7454 10630
5034 10648 10652 8887 10609
5035 10664 10666 10663 10660
5036 10662 10654 10665 10666
5037 10659 10667 7448
5038 10664 10668 10669 7463 10667
5039 7464 10669 10670 10671 10672 10498 5055 10673
5040 5146 5054 10673 7459 10674 10453
5041 7465 10674 10454
5042 10675 10672 10486 10451
5043 10655 10676 10671 10675 10450
5044 10665 10676 10670 10668
5045 10677 10678 10679 10680 10681 10682 10683
5046 10684 10685 10679 10686
5047 10687 10688 10678 10686 10689 10690 10691 10692
5048 10693 10694 10680 10685
5049 10695 10696 10697 10693 10684 10689
5050 10697 10694 10681 10698 10699 10700
5051 10701 10696 10700 10702 10703 10691
5052 10702 10699 10704 10683 10705 10687 10706
5053 10695 10690 10701
5054 10698 10682 10704
5055 10703 10706 10692
5056 10677 10705 10688
5057 10421 10707 10686 10708 10709 10525 10547
5058 10707 10684 10710 10544 10420
5059 10709 10711 5387 10602 10546 10529
5060 10712 10607 5393 10711 10708 10679
5061 10710 10543 10611 10712 10685
5062 10424 10713 10714 10692 10715 8814 7613 7668 7552
5063 10423 10716 10690 10717 10713
5064 10691 10717 10714
5065 7662 10524 10709 10718 10688 10719 8836 7594
5066 10687 10719 8830 10715
5067 10689 10707 10422 10716
5068 10708 10718 10678
5069 10622 8882 10613 10541 10720
5070 10720 10621 10473 10540
5071 10606 10623 10721 10680 10712
5072 10693 10722 10625 10459 10504 10539 10710
5073 10721 10624 10722 10694
5074 10723 10724 10409 10725
5075 10630 10726 10727 10724 10412 7455
5076 10716 10695 10728 10729 10730 10725 10413 10426
5077 10727 10731 10628 10732 10730 10723
5078 10629 10731 10726
5079 10733 10696 10728
5080 10733 10697 10722 10627 10732 10729
5081 10734 10735 10736
5082 8820 10737 10738 10739 10735 10740
5083 10741 10736 10740 8812 10742 10703 10714 10743 4846
5084 10734 10739 10744 4837 10741
5085 5320 10745 10746 10738 10744 4858
5086 4859 5314 10747 10728 10701 10717 10743
5087 10745 10748 10749 10700 10733 10747 5323
5088 10746 10748 10750 8838 10737
5089 8833 10750 10749 10702 10742
5090 10751 5414 10752 10753 8826
5091 10751 5385 10754 10705 10719 8831
5092 10755 10704 10756 10753 8832 10750
5093 10699 10755 10749
5094 10756 10752 5398 10754 10683
5095 10715 10706 10742 8813
5096 8810 10757 10736 10758 4845 8795 10759
5097 8811 10740 10757
5098 10759 8809 10760 8796
5099 8789 10760 8815 7665 7550 1301
5100 10758 10741 4836
5101 10743 10713 10427 4847
5102 8834 10761 8849 7538 7526 10762
5103 7513 10762 8837 7663
5104 4113 10763 5390 8845
5105 10763 5389 4112
5106 8848 5383 10764 8835 10761
5107 10764 5384 10751 8827
5108 10754 5386 10711 10718 10677
5109 10765 10766 10767
5110 10768 10769 10770 10771 10772
5111 10773 10772 10774
5112 10775 10769 10776
5113 10770 10775 10777 10765 10778
5114 10768 10776 10777 10766 10779 10773
5115 10780 10781 10782 10783
5116 10784 10765 10785 10780
5117 10782 10786 10787
5118 10784 10766 10788 10786 10781
5119 10789 10790 10770 10791
5120 10789 10792 10793 10794 10795
5121 10796 10797 10798 10799
5122 10797 10800 10792 10790 10769 10801 10802
5123 10772 10803 10802 10798 10804 10805
5124 10800 10793 10806 10796
5125 10801 10768 10803
5126 10775 10790 10807 10808 10809 10810 10811
5127 10809 10812 10813 10814
5128 10815 10812 10808 10816
5129 10817 10818 10819 10797 10820
5130 10821 10802 10820 10822
5131 10823 10815 10813 10824 10825
5132 10825 10826 10800 10819 10827
5133 10807 10816 10823 10826 10792
5134 10828 10811 10776 10801 10821 10829
5135 10829 10830 10817 10822
5136 10818 10827 10824 10814 10810 10828 10830
5137 10831 10832 10833 10829 10834
5138 10835 10836 10781 10837 10831
5139 10835 10838 10839 10832
5140 10840 10811 10777 10784 10836 10838
5141 10834 10821 10803 10773 10841 10786 10837
5142 10828 10840 10839 10833
5143 10842 10820 10798 10843 10844 10845
5144 10846 10847 10845 10848 9372 10849
5145 10850 10851 10817 10842 10847 10852
5146 10796 10819 10853 10850 10854 10855
5147 10846 10852 10854 10856
5148 10818 10853 10851
5149 10807 10857 10858 10789
5150 10859 10860 10861 10862
5151 10863 10864 10865 10859
5152 10866 10860 10863 10867 10868 10809 10869 10838
5153 10870 10868 10808 10857 10871
5154 10867 10870 10872 10864
5155 10836 10780 10873 10861 10866
5156 10810 10869 10840
5157 10874 10875 10876 10877
5158 10878 10879 10880
5159 10881 10882 10883 10884
5160 10885 10874 10886 10879 10887
5161 10888 10889 10890 10891 10876 10892 10881
5162 10883 10893 10894 10895
5163 10888 10896 10893 10882
5164 10896 10889 10897 10898 10894
5165 10878 10887 10899 10890 10897 10900
5166 10891 10875 10885 10899
5167 10901 10902 10903 10904
5168 10901 10905 10906 10907 10908
5169 10905 10909 10910 10911 10902
5170 10912 10913 10914 10915 10911 10903 10916
5171 10916 10904 10908 10917 10918 10919
5172 10906 10909 10920 10921 10922
5173 10907 10922 10923 10924 10917
5174 10925 10926 10927 10914
5175 10928 10929 10930 10931 10924 10918
5176 10919 10912 10932 10928
5177 10931 10923 10921 10933 10934
5178 10934 10935 10926 10936 10930
5179 10932 10913 10925 10936 10929
5180 10937 10938 10904 10939 10940
5181 10901 10941 10942 10939
5182 10943 10944 10937 10945
5183 10902 10946 10947 10948 10941
5184 10946 10903 10938 10944 10949
5185 10950 10905 10941 10951
5186 10952 10907 10953 10954
5187 10908 10939 10955 10953
5188 10950 10906 10952 10956
5189 10909 10950 10957 10958
5190 10911 10946 10959
5191 10960 10961 10962 10963
5192 10961 10964 10937 10965 10966
5193 10967 10960 10966 10968
5194 6256 10969 10970 10917 10953 10971
5195 10967 10963 10972 10919 10973 10969 6257 10974
5196 10962 10964 10938 10916 10972
5197 10918 10970 10973
5198 10921 10975 10976 10977
5199 10975 10922 10952 10978
5200 10115 10979 10969 6279 1557
5201 10975 10923 10980 10981 10982 10983
5202 10981 10984 10985
5203 1538 10986 10984 10980 10924 10970 10979 10113 1556
5204 10109 10987 7053 10988 10989 10990
5205 10991 10929 10992 3409 7039 10988
5206 10126 10112 10979 10973 10928 10991 10989 10993
5207 10990 10993 10132 10110
5208 10984 10994 10930 10992 3407 10995
5209 10994 10931 10980
5210 10981 10996 10997 10934 10994
5211 3403 10998 10926 10999
5212 3406 10999 10936 10992
5213 11000 11001 11002 11003 11004 5245
5214 11005 11006 11007 11008
5215 11005 11009 11010 11011 11012 11000 5243 11013
5216 11006 11014 11009
5217 11015 11010 11014 11007 11016 11003
5218 11017 11012 11001
5219 11015 11011 11017 11002
5220 11018 11019 11020 11021 11022
5221 11023 11024 11003 11025
5222 11023 11026 11020 11027
5223 11028 11000 5246
5224 5247 11028 11001 11029 11018 11030
5225 11019 11026 11025 11002 11029
5226 11031 11032 11033 11034 11012 11028 5250 11035
5227 11036 11037 11038 11039 11034 11017 11029
5228 11040 11037 11041
5229 11036 11041 11042 11043 11044 11018
5230 11031 11045 11046
5231 11047 11039 11033
5232 11048 11043 11049
5233 11048 11042 11040 11038 11047 11032 11045 11050
5234 11051 11052 11053
5235 11054 11051 11055 11056 11031 11057
5236 11033 11058 11059 11009 11060 11061 11062 11063 11064 11052 11055 11065
5237 11054 11053 11064 11066 11067
5238 11066 11063 11068
5239 11060 11005 11069
5240 11070 11059 11010
5241 11058 11070 11011 11034
5242 11056 11065 11032
5243 11071 11072 11041 11073 11020 11074 4898 4871 11075
5244 11043 11076 11071 11077 11078
5245 11077 11075 4872 11079
5246 11036 11073 11019
5247 11076 11072 11042
5248 11080 11081 11082 11083 11084
5249 11080 11085 11086
5250 11087 11088 11089 11090
5251 11087 11091 11092 11081 11085 11093
5252 11088 11094 11095 11096 11091
5253 11097 11098 11099 11083 11100
5254 11097 11101 11102 11103
5255 11104 11095 11105 11098 11101
5256 11102 11104 11094 11089 11106
5257 11096 11092 11082 11099 11105
5258 11107 11108 11109 11083 11110
5259 11111 11112 11097 11113
5260 11114 11107 11115
5261 11108 11116 11117 11111 11118 11114
5262 11119 11117 11112 11098
5263 11116 11119 11099 11109
5264 3267 11120 11121 11122
5265 11123 11124 11125 11126 3269 11127
5266 11121 11128 11129 11123 11130
5267 11131 11132 3268 11126
5268 11133 11134 11132 3266 11120 11128
5269 11131 11134 11135 11125
5270 11129 11133 11135 11124
5271 11136 11126 3272 11137
5272 11125 11136 11138 11139
5273 11123 11140 11141
5274 11140 11124 11139 11142
5275 11143 11144 11145 11146 11147
5276 11148 11149 11143 11150
5277 11151 11147 11150 11152 11153
5278 11154 11155 11144 11149 11156
5279 11157 11158 11156 11148 11152 11159
5280 11160 11161 11146 11151 11162
5281 11160 11163 11164 11157 11165
5282 11166 11154 11158 11164
5283 11145 11161 11163 11166 11155
5284 11148 11167 10187 11168
5285 11167 11149 11169 5265 10185
5286 11143 11169 5266 11170 11171 11172
5287 11170 5267 11173
5288 11168 11150 11172 11174 10183
5289 11151 11175 11176
5290 11172 11147 11175 11177
5291 11152 11168 10182 11178
5292 4821 5278 11179 11156 11167 10186
5293 11154 11180 11181 5275 11179
5294 11182 11183 11184 11185 4819 5271
5295 11186 11182 5262
5296 11187 11183 11186 5272 11169 11144
5297 4820 11185 11188 11181 5277
5298 11180 11188 11184 11187 11155
5299 11157 11189 11190 11191 11192
5300 11193 5276 11179 11158 11189
5301 11190 11193 5284 11194
5302 4791 5285 11194 11191 11195
5303 11196 11197 11198 11187 11145 11199
5304 11198 11200 11201 11183
5305 11146 11199 11202 11203 11204 11175
5306 11205 11206 11207 5269 11170 11208
5307 11209 11210 11197 11200 11211
5308 5263 11186 11201 11211 11212 11207
5309 11213 11214 11205 11215 11203
5310 11206 11212 11209 11216 11214
5311 11196 11210 11216 11213 11202
5312 11217 11218 11219 11160 11220
5313 11221 11219 11161 11199
5314 11222 11223 11224 11225
5315 11203 11226 11222 11227
5316 11217 11228 11224 11229
5317 11218 11221 11202 11226 11223 11228
5318 11230 11231 11232 11233 11234 11235 11236
5319 11234 11237 11238 11239
5320 11240 11241 11235 11239 11242 11243 11244
5321 11245 11246 11247 11236 11241 11248 11249
5322 11233 11250 11251 11237
5323 11252 11253 11254 11251 11238 11242
5324 11255 11256 11257 11252 11243
5325 11258 11244 11255 11259 11260 11261 11249
5326 11262 11246 11263 11264 11253 11257 11265 11260
5327 11230 11266 11267 11263 11247
5328 11232 11268 11267 11264 11254 11250
5329 11256 11265 11259
5330 11258 11240 11248
5331 11262 11245 11261
5332 11266 11268 11231
5333 11269 11270 11271 11272 11273
5334 11274 11231 11275 11276 11277 11269 11278
5335 5301 11279 11273 11278 11280 11236 11281 11282
5336 11282 11283 5305 5333 5297
5337 11279 11272 11284 11285 11286 5287
5338 11287 11277 11270
5339 11233 11288 11276 11287 11271 11284 11289
5340 11288 11275 11232
5341 11230 11274 11280
5342 11290 11234 11289 11285 11291 5322
5343 11286 11291 5310 5329 5293
5344 11290 11235 11281 11283 5319
5345 11292 11244 11293 5312
5346 11294 11243 11293 5316
5347 11241 11281 11295
5348 11295 11240 11292 5306 11283
5349 11296 11239 11290 5318
5350 11294 11242 11296 5317
5351 11297 11298 11280 11247 11299 11300 11301
5352 11193 5273 11302 11303 11304 11297 11305 11306 11307
5353 11308 11278 11298 11304
5354 11301 11305 11309
5355 11310 11299 11246
5356 11311 11245 11310 11300 11309 11306 11312 10171
5357 11190 11307 11312 10180 11313
5358 11308 11273 11314 11315 11303
5359 11316 11314 11279 5286
5360 11302 11315 11316 5279
5361 10158 11317 11248 11295 11282 5296 11194 11313
5362 10177 11311 11249 11317
5363 10721 10634 11318 11319 10681
5364 10755 10698 11319 11320 11321 11322 10748
5365 5315 10747 10729 11323 11324 11325 11252 11294
5366 11251 11326 11327 11321 11328
5367 11324 11329 11330 11326 11254 11331
5368 11332 10635 11318 11320 11327 11330
5369 11253 11331 11325
5370 11329 11332 10633 10732 11323
5371 5321 10745 11322 11328 11238 11296
5372 11323 11333 11334 11335 10730
5373 4866 5313 11293 11255 11336 10368
5374 11333 11324 11337
5375 11338 11334 11337 11325 11257
5376 11256 11338 11335 10725 10410 10316 10374 11336
5377 4863 5307 11292 11258 11317 10159 10372
5378 11191 11313 10157 11339
5379 11340 11341 11342 5650 5890 11343
5380 11344 5341 5885 11345
5381 11346 11347 11348 11340 11349
5382 5346 11350 11351 11352 11344
5383 11353 11346 11354 11351
5384 11347 11355 11356 5351 11350 11353
5385 5892 5350 11356 11357 11342 5649
5386 11355 11357 11341 11348
5387 11358 11359 11360 11361 11362 11363 10753 8825
5388 11364 5413 7948 11365 11359 11366 8829
5389 11364 5412 10764 8828
5390 5397 11367 11363 10752
5391 7941 5405 11367 11362 11368 11369
5392 7950 11369 11370 11360 11365
5393 11366 11358 8822
5394 11368 11370 11361
5395 10638 11371 7934
5396 10636 11372 11373 11374 11318
5397 11375 11376 11372 10637 11371 7933 5396 11367
5398 10682 10756 11363 11375 11377 11374 11319
5399 11376 11373 11377
5400 11378 11379 11380
5401 11284 11381 11382 11383 11378 11384
5402 11380 11385 11386 11328 11237 11289 11384
5403 11271 11387 11388 11389 11381
5404 11326 11390 11391 11392 11393 11394 11288 11250
5405 11390 11395 11396 11397 11398 11327
5406 11395 11399 11400 11391
5407 11401 11402 11403 11397 11404
5408 11405 11399 11396 11403 11406
5409 11389 11407 11406 11402 11408 11382
5410 11409 11393 11410 11387 11287
5411 11411 11404 11398 11321 11386
5412 11392 11400 11405 11407 11388 11410
5413 11394 11409 11276
5414 11385 11411 11401 11408 11383 11379
5415 11412 11413 11414
5416 8821 11358 11415 11416 11414 11417 10737
5417 10746 11322 11386 11418 11413 11417
5418 11398 11419 11374 11320
5419 11359 11420 11421 11415
5420 11360 11422 11423 11420
5421 11419 11377 11424 11361 11422 11425 11404
5422 11375 11362 11424
5423 11421 11423 11425 11411 11418 11412 11416
5424 11426 11427 5309 11291
5425 4838 10744 11428 11429 11430 11427 5311
5426 11430 11431 11432 11384 11285 11426
5427 11433 11434 11431 11429
5428 11435 11413 11436 11380 11432 11434
5429 11433 11435 11417 10738 11428
5430 11418 11385 11436
5431 11437 11438 11439 11440 11441 11442
5432 11443 11442 11444 11445 11446
5433 11447 11448 11443 11437 11449 11450
5434 11451 11446 11448 11452 11453
5435 11454 11439 11455 11456 11450
5436 11453 11457 11458 11440 11455 11459
5437 11452 11447 11456 11459
5438 11460 11445 11451 11457
5439 11449 11438 11454
5440 11444 11441 11458 11460
5441 11286 11426 11461 11462 11454 11463 5288
5442 11464 11450 11463 5290 4811
5443 5325 4825 5308 11427 11461 11465 11455 11466 8794
5444 4805 11464 11456 11466 8792 5330 5294
5445 11462 11465 11439
5446 11467 11468 11469 11470 11471 8798
5447 8799 11467 11472
5448 11473 11457 11474 10734 10758 4835 8797 11471
5449 8791 11472 11468 11475 11476 11459 11466
5450 11477 11469 11475
5451 11453 11473 11470 11477 11476
5452 11465 11478 11429 11479 11440
5453 11478 11430 11461
5454 11458 11479 11428 10739 11474
5455 11480 11481 11482 8384 11483
5456 11484 11485 11475 11486 11487 11482 8385
5457 8495 11488 11489 11480 11490 8377 11491
5458 11492 11487 11481 11489
5459 8380 11483 11490
5460 11464 11447 11493 8497 11494 11495 4806
5461 11496 11494 8498
5462 11496 11495 4807 8499
5463 11492 11486 11476 11452 11493 8496 11488
5464 11468 11497 11485
5465 11472 11497 11484 8386 8790
5466 11498 11499 11500 11501
5467 2051 3137 11502 11503 11501 11504 2994
5468 11504 2984 11505 11500
5469 11505 11499 11506 11507 3111 2993
5470 3108 3134 11507 11508 11509 11510 3143
5471 11509 11511 11512
5472 11502 11513 11512 11510 3140
5473 11513 11511 11508 11506 11498 11503
5474 11514 11515 11516 3136 2053 11517
5475 2054 11517 11518 11519
5476 11514 11520 11501 11521 11518
5477 11519 11521 11504 2983 2055
5478 3138 11502 11522 11516
5479 11520 11503 11522 11515
5480 11523 2048 3135 11516 11524 11525 11526 11527
5481 11525 11528 11514 11529 11530
5482 11523 11531 11532 2040
5483 11529 11517 2058 2025 11532 11533 11534
5484 11527 11531 11533 11535
5485 11515 11524 11528
5486 11536 11537 11538 11539
5487 11540 11541 11542 11538
5488 11543 11541 11544 11545
5489 11546 11547 11536 11548
5490 11545 11549 11546 11550
5491 11543 11540 11537 11547 11549
5492 11551 11552 11553 11554 3141 2041 11523
5493 11555 11556 11557 11551 11531 11558 2039 11559
5494 11560 3098 11561 11562 11554 3142 3110
5495 11532 2026 11558
5496 11563 11564 3096 11560 3105 11565
5497 11563 11566 11567 11555 11568
5498 11569 11570 11571 11561 3092 11564 11566
5499 11567 11569 11572 11556
5500 11573 11553 11562 11571
5501 11552 11573 11570 11572 11557
5502 11555 11574 11575 11576
5503 11577 11556 11574 11578
5504 11579 11580 11581 11582
5505 11579 11583 11584 11585
5506 11584 11586 11578 11575 11587 11588
5507 11533 11558 2027 11589 11590
5508 11581 11591 11551 11527 11592
5509 11583 11580 11591 11557 11577 11586
5510 3093 11593 11594 11561
5511 9318 11595 11596 11593 3094
5512 11597 8660 11598 11599 11600
5513 11598 8664 11601 11602 11603 11604
5514 9294 11605 8631 11606 3071
5515 8665 11601 11607 9314 11605
5516 11606 8636 11597 11608 11566 11609 3089
5517 11564 3091 11609
5518 11594 11596 11610 11603 11611 11571
5519 9319 11607 11602 11610 11595
5520 11600 11612 11569 11608
5521 11599 11604 11611 11570 11612
5522 8263 2115 11613 11614 11615
5523 2123 8269 11616 11617 11613
5524 11616 11618 11619 11620 11621 8261
5525 11614 11617 11618 11622 11623
5526 8266 11624 11620 11625 11623 11615
5527 11622 11619 11625
5528 4150 11626 11627 11600 11628 8659 11629
5529 11629 8658 11630 7861 4151
5530 11631 11632 8288 4149 11626
5531 9363 11633 11634
5532 11635 11636 9362 11633 11637 8646
5533 8661 11637 11634 9364 8287 11632 11638 11598
5534 7857 4141 11639 11640 11641
5535 11597 8637 11628
5536 4147 8284 9347 11636 11642
5537 11639 4146 11642 11635 8662 11643
5538 11644 11640 11643 8663
5539 8655 11644 11641 7863 11630
5540 11631 11638 11599 11627
5541 11645 8272 2178 11646 11647
5542 11648 8297 8280 11645 11649
5543 11648 8298 11650 11651
5544 4167 11626 11652 11653
5545 11632 8295 11650 11654
5546 4143 2183 11646 11655 11653
5547 11655 11647 11649 11651 11654 11631 11652
5548 11656 11657 11658 11637 8647
5549 8666 11656 11659 11660 3239 11661 11601
5550 11662 11660 3240 8293
5551 9354 11663 11657 11659 11662 8291
5552 11664 11665 11666 11603
5553 11665 11667 3234 8292 11650 11668
5554 11667 3238 11661 11602 11666
5555 11663 9365 11634 11658
5556 11638 11654 11668 11664 11604
5557 11669 11670 7851 7832 2116 11613
5558 2179 11646 11671 11672 11616 8260 11673
5559 7856 4138 11674 7826
5560 11669 11675 4144 11653 11676 11672 11617
5561 7860 4145 11675 11670
5562 4142 2185 7839 7829 11674
5563 11655 11671 11676
5564 8335 11677 11678 11679 11680
5565 11677 8336 8302 6357 11681 11682 11683
5566 11684 11679 11685
5567 11685 11680 8337 11686 11687 11688
5568 11686 8333 6338 11689 11690 11691 11692 11693
5569 11689 6347 11681 11694 11695 11696
5570 11693 11697 11687
5571 11698 11694 11682 11699
5572 11698 11695 11700 11691 11701
5573 11697 11692 11701 11699 11683 11678 11684 11688
5574 11702 11703 9656
5575 11704 9966 11705 11706 11707 11702 9657
5576 9964 5619 9658 11704
5577 9963 8318 8339 11680 11708
5578 11709 11686 8334 9598
5579 9965 11708 11685 11710 11705
5580 11703 11707 11711 11712 9600 9659
5581 11713 11687 11709 9599 11712
5582 11710 11688 11713 11711 11706
5583 11714 11715 11693 11709 9608 11716
5584 11717 11718 11714 11719
5585 11720 11721 11712 9606 4664 11722
5586 11720 11723 11717 11724
5587 11718 11715 11697 11713 11721 11723
5588 11689 6339 11725
5589 11726 11691 11727 11714
5590 11726 11692 11715
5591 9662 11702 11728 11729 11730 11731 9460 4581 3050
5592 11732 9495 4614 3067 9649 11733
5593 9647 9660 11703 11728 11734 11735 11736 11733
5594 9496 9461 11731 11737 11736 11732
5595 11737 11730 11738 11735
5596 11738 11729 11734
5597 11694 11739 11740 9910 11741 11742 11743
5598 9950 11744 11739 11682 11745 11746
5599 11743 11698 11747 11748 11749
5600 9902 11740 11744
5601 11750 11751 11752
5602 9946 11741 11753 11750 11754
5603 11751 11754 9948 11746 11755 11748 11756
5604 11755 11745 11699 11747
5605 11757 11758 9907 11744 11759 11760 8305 8338 11677
5606 11740 9903 11761 11762 11759
5607 9960 9906 11758 11763 11679 11708
5608 11764 9961 9904 11761
5609 11762 11764 9962 8325 8315 11760
5610 11757 11678 11763
5611 5451 6787 11765 11766 11767
5612 11765 6786 11768 6859 11769 11770
5613 11771 11772 11767 5457 5538 11773 5502
5614 11774 11775 5539 11773 5503 11776
5615 11777 11778 5696 11779 6783 5454 11780 5536 11775
5616 6785 11768 6870 5699 11779
5617 11780 5455 5532
5618 11776 5497 11781 11782
5619 11782 11774 11777 11783 5704 11784 11785 11786 11787
5620 11772 11766 11770 11788 11789 11790
5621 11791 11792 11793 5703 11784
5622 5698 11778 11783
5623 11794 11789 11795 11796 11797 11798
5624 11799 11794 11790 11771 5501 11781 11787
5625 11800 11798 11799 11786
5626 11801 11802 5702 11793
5627 11802 5701 6874 11769 11788 11795 11803
5628 11800 11797 11804 11791 11785
5629 11792 11801 11803 11796 11804
5630 11805 11806 11807 11808
5631 11806 11809 11785 11810
5632 11811 11812 11800 11810 11807 11813
5633 11813 11814 11815 11816 11817 11808
5634 11809 11791 11818 11819 11817 11805
5635 11797 11820 11821 11812
5636 11811 11821 11822 11814
5637 11819 11823 11816
5638 11823 11818 11804 11820 11822 11815
5639 8275 3024 11824 11825
5640 11826 11827 11828 11829
5641 11824 11830 11827 11831 3023
5642 3019 11832 11833 8299
5643 11832 3020 11834 11835
5644 11831 11826 11836 3022
5645 11829 11836 3021 11834 11837 11838
5646 8278 8300 11833 11835 11837 11839
5647 11840 11841 11842 11843 11844
5648 11845 11846 11847 11848 11849
5649 11842 11850 11846 11851 11852
5650 11843 11853 11845 11850
5651 11847 11851 11854
5652 11848 11854 11852 11841 11855 11856
5653 11840 11857 11855
5654 11858 11859 11860 11861 11862 11863 11864
5655 11865 11861 11866
5656 11867 11868 11862 11866 11869 11870 11871
5657 11860 11865 11869 11872
5658 11873 11874 11858 11875 11827
5659 11829 11876 11871 11877 11878
5660 11879 11880 11881 11873 11826 11878
5661 11874 11864 11882 11881
5662 11883 11868 11863 11882 11880
5663 11877 11867 11883 11879
5664 11884 11885 4566 3220
5665 5858 11886 11887 11888 11884 3222 1462
5666 5856 11886 11889 11890 4564
5667 11888 11891 11890 4565 11885
5668 11887 11889 11891
5669 11892 414 419 11893
5670 11894 11895 413 11892 11896
5671 11897 11898 11899 11900 411 11895
5672 11894 11897 11901
5673 11902 11899 11903
5674 11904 417 11905
5675 11900 11902 11906 11904 416 403
5676 1449 11907 11908 11909 5817 11910
5677 11907 11911 11912 11913 1464
5678 1468 11913 11914 11915 11900 404
5679 11916 11917 11918 5811
5680 11909 11919 11916 5814
5681 5816 11918 11920 11921 11922 11897 11923
5682 11923 11895 412 1466 11910 5818
5683 11911 11924 11920 11917 11919 11908
5684 11899 11925 11926 11915
5685 11921 11924 11912 11914 11926 11927
5686 424 11904 11928 11929 11930 1443 1004
5687 11931 11932 11933 11915 11902 11934 11929
5688 11931 11935 1458 11930
5689 11935 11932 11936 11913 1463
5690 11933 11936 11914
5691 11937 11938 11939 9716 9803
5692 11940 11941 11942 11943 11944 9714 11945 11938
5693 11937 11940 11946 11947 9773 9805
5694 11944 11948 9713
5695 11948 11943 11949 9712
5696 11945 9715 11939
5697 9769 9709 11949 11942 11950 11947
5698 11950 11941 11946
5699 9770 11947 11951 11952
5700 11953 11954 11955 11956
5701 11957 11958 11953
5702 11959 11960 11954 11957 11961
5703 11959 11962 11963 11949 9708 9754 11964
5704 11963 11965 11942
5705 11950 11965 11962 11960 11955 11966 11951
5706 11967 11968 11969 11970 11971 11972
5707 11973 11974 11975 11976 11969 11977 11978
5708 11977 11979 11970
5709 11971 11979 11978 11980 11981 11982
5710 11983 11984 11985 11981
5711 11974 11986 11987
5712 11988 11987 11973 11980 11983
5713 11967 11989 11975 11986 11988 11984 11990
5714 11976 11989 11968
5715 11991 11992 11993 11994
5716 11995 11996 11997 11993 11998
5717 11999 12000 12001 11994 11998 12002
5718 12003 12004 11995 12002
5719 12005 12006 12007 12008 12009 12010 11996 12004
5720 11997 12010 12011 12012 12013 11992
5721 12005 12014 11999 12003
5722 12015 12016 12006 12014 12000
5723 12007 12017 12018 12019 12016
5724 12020 12021 12011 12009 12022 12018
5725 12001 12015 12019 12020 12023 12013 11991
5726 12008 12022 12017
5727 12021 12023 12012
5728 12024 11994 12025 12026
5729 11991 12027 12028 12029 12024
5730 12030 12031 12032 12033
5731 12027 11992 12034 12030 12035
5732 11993 12034 12031 12036 12025
5733 5829 12037 5738 12038
5734 12031 12039 5735 12038 5831 12040
5735 12041 11998 12025 12042 5836
5736 12043 12044 12045 11995 12041 5837
5737 12037 5746 12046 12043 5809
5738 12044 12046 5745 12047 12048 12049
5739 11997 12050 12048 12051 5743 12039 12034
5740 12051 5744 12047
5741 11996 12050 12049 12045
5742 5833 12052 11999 12053 12054 12055
5743 12056 12001 12024 12057 12054
5744 12041 12002 12052 5839
5745 12000 12056 12053
5746 5805 12058 12003 12052 5834
5747 12045 12004 12058 5791 12059 12060
5748 12043 12061 5808
5749 12062 12063 12060 12044 12061 5813
5750 5819 12062 12064 5796
5751 12059 12063 12064 5782
5752 12065 12066 12067 12051 5742
5753 12068 12067 12048 12069
5754 12070 12065 5731 12071 12072
5755 12027 12013 12073 12074
5756 12039 5734 12071 12075 12030
5757 12012 12076 12077 12068 12066 12070 12078 12073
5758 12050 12069 12077 12079 12010
5759 12076 12079 12011
5760 12080 12081 12082 12083 12084 12085 12086
5761 12087 12088 12089 12083 12090 12091
5762 12090 12092 12084
5763 12093 12094 12095 12088 12096 12097 12098
5764 12099 12100 12094 12101
5765 12093 12101 12102 12103 12104
5766 12105 12106 12104 12098 12107 12108 12109 12110
5767 12111 12097 12107 12112
5768 12087 12096 12111 12113
5769 12089 12095 12100 12114 12082
5770 12103 12115 12106
5771 12081 12114 12099 12102 12115 12105 12116
5772 12117 12080 12116 12110 12118 12119
5773 12120 12086 12117
5774 12121 12118 12109
5775 12085 12092 12091 12113 12112 12108 12121 12119 12120
5776 12122 12123 12124 12125
5777 12126 12127 12124 12128
5778 12122 12129 5861 12130
5779 12131 12132 5862 12129 12123 12127
5780 12133 12134 12135 5899
5781 5898 5863 12132 12136 12133
5782 12131 12136 12134 12137 12126
5783 12138 5918 12139 12140 12141 12142 12143 12144 12145
5784 12146 12147 12148 12149 12141
5785 12142 12146 12150 12151
5786 5867 12152 12153 12147 12150 12154
5787 12139 12155 5693 5919
5788 5889 5644 12156 5869
5789 12140 12149 12157 5675 12155
5790 12158 12138 5912 3195 3177 5894
5791 5628 12159 12152 5868 12156
5792 5640 12159 12153 12148 12157 5674
5793 12160 12143 12151 12154 5866 12132
5794 5897 12158 12145 12161 12133
5795 12160 12144 12161 12136
5796 12162 12163 12164 12165 12166
5797 12164 12167 12168 12169 12170 12171
5798 12172 12173 12174 12167 12163 12175
5799 12165 12171 12176 12177 12178 12179
5800 12180 12181 12182 12183 12184 12173
5801 12185 12180 12172 12186 12187
5802 12170 12188 12189 12190 12191 12192 12176
5803 12174 12184 12193 12194 12168
5804 12194 12195 12188 12169
5805 12186 12175 12162 12196
5806 12197 12191 12198 12181 12185 12199 12178
5807 12200 12183 12193 12195 12189
5808 12182 12200 12190 12198
5809 12192 12197 12177
5810 12201 12168 12202 12141 12203
5811 12204 12142 12203 12205 12206
5812 12167 12201 12205 12207
5813 12144 12208 12206 12207 12164 12209
5814 12210 12145 12209 12171 12211 5921
5815 12138 5913 12210
5816 12140 12202 12169 12212
5817 12143 12204 12208
5818 5920 12139 12212 12170 12211
5819 5922 12211 12176 12213
5820 12214 12177 12213 5914 12210 12158 5895 12215
5821 12134 12161 12209 12165 12216
5822 12214 12178 12217
5823 12218 9440 12219 12220 12182 12221
5824 12218 9410 9406 12222
5825 12223 12224 12225 9430 12226
5826 12219 9419 12225 12227
5827 12228 12224 12227 12220 12183
5828 12184 12228 12223 12229
5829 12229 12226 9438 12230 12173
5830 12181 12221 12222 9401 9425 12231
5831 12231 9424 12230 12180
5832 12185 12231 9423 12232 2606 12233
5833 2605 12232 9422 3217
5834 12234 9420 12230 12172
5835 3313 3327 9421 12234 12186 12235
5836 12188 12236 12237 12238 5676 12155 12212
5837 12239 12240 12190 12241
5838 12242 12237 12243 12239 12244 5907
5839 12244 12241 12191 12245 5910
5840 12243 12236 12189 12240
5841 5668 12238 12242 5917
5842 12245 12192 12213 5915
5843 12246 12247 12237
5844 12246 12248 12249 12250 5667 12238
5845 12247 12248 12251 12252 12195 12236
5846 12194 12252 12253 12254 12149 12202
5847 12255 12249 12251 12253
5848 12254 12255 12250 5669 12157
5849 12256 12257 9400 2610 4592
5850 4626 4577 4593 12256 12258 12259 12244 5906 4609
5851 2608 9397 9426 12232
5852 9402 12222 12260 12258 12257
5853 12214 12197 12245 5911 4606 12261
5854 12241 12259 12260 12221 12198
5855 12262 12263 12224
5856 12264 12265 12266 12267 12262 12227
5857 12268 12266 12269 12251
5858 12263 12267 12269 12252 12193 12228
5859 12270 12271 12264 12220 12200 12240
5860 12270 12272 12247 12243
5861 12268 12265 12271 12272 12248
5862 12273 12274 12275
5863 12276 12275 12277 12278 12279 12280
5864 12273 12281 12282 12283 12277
5865 12284 12285 12281 12274 12276 12286
5866 12285 12282 12287 12288
5867 12289 12284 12288 12290 12291
5868 12280 12286 12289 12292
5869 12278 12283 12287 12290 12293
5870 12292 12291 12293 12279
5871 12286 12294 12295 12296 12297 12298
5872 5812 12299 12296 12300 12301 12062
5873 5820 12299 12297 12302 12303 12304
5874 12305 12306 12307 12308
5875 12309 12307 12310 12311 12301 12064 5783
5876 12306 12312 12313 12280 12294 12314 12310
5877 12315 12289 12298 12302 12316 12317
5878 12318 12316 12303 12319
5879 12318 12317 12320 12312 12305 12321
5880 5821 12304 12319 12321 12308 12309 5797
5881 12300 12311 12314 12295
5882 12315 12292 12313 12320
5883 12322 12323 12324
5884 12325 12326 12327 12328 12329 12324 12330
5885 12330 12331 12332 12333 12322
5886 12334 12335 12336 12333 12323 12329
5887 12325 12331 12337 12338 12339 12340 12341
5888 12338 12342 12343 12335 12344
5889 12345 12342 12339 12346 12347 12327
5890 12334 12343 12345 12328
5891 12346 12340 12348
5892 12341 12348 12347 12326
5893 12322 12349 12350 12351 12352
5894 12349 12323 12353 6038 12354 12355
5895 12354 12356 12357 6070
5896 12353 12324 12352 12358 6069
5897 12359 12329 12353 6039
5898 12360 12328 12359 6055 12361
5899 12330 12362 12363 12352
5900 3527 12364 12325 12362 12365 6077
5901 6080 3520 12364 12326 12366 12361 6066
5902 12360 12327 12366
5903 12362 12331 12367 12368
5904 12333 12349 12369
5905 12338 12370 12371
5906 12370 12339 12372 12373
5907 12340 12372 12374 3524 12375
5908 3521 12375 12341 12364
5909 12376 12347 12366 12377
5910 12378 12379 12372 12346 12376 12380
5911 12380 12381 5998 12382 12383 12345 12360 12377
5912 12370 12342 12383 12384
5913 6009 12385 12378 12381
5914 6981 6056 12361 12377 12386 12387
5915 12388 12389 12380 12386 12390
5916 12391 12390 12387 6969
5917 12392 12393 5992 12394 12383 12343 12395
5918 12396 12393 5995 6978
5919 12396 12392 12397 6979
5920 5999 12381 12389 12398 12399 12400
5921 12398 12388 12391 6977 12401
5922 6001 12402 12399 12401 6974
5923 6000 12400 12402
5924 6040 12359 12334 12395 12397 6980
5925 12403 12404 12405 3503 6945
5926 12386 12376 12348 12375 3522 3513 6947 12406
5927 6946 12407 12408 12390 12406
5928 12403 12409 12410 12407 6940
5929 3508 12411 12412 12405
5930 12388 12413 12410 12408
5931 12412 12414 12415 12378 12389 12413 12409 12404
5932 3515 12416 12414 12411
5933 12406 12387 6970 6067 6950
5934 12417 12418 12419 12420
5935 6133 12421 12420 12422 12423 12424
5936 12425 12426 12427 12428 12417 12422 12429 12430
5937 12423 12429 12431
5938 12432 12433 6137 12424 12431 12430
5939 12434 12425 12432
5940 12435 12436 12437 12438 6134
5941 6135 12435 12439
5942 12440 12441 12438 6126
5943 6131 12440 12442 12419 12421
5944 12443 12444 12445 12436 12439 6136 12433 12434 12426
5945 12446 12447 12443 12427
5946 12447 12448 12444
5947 12428 12418 12442 12441 12437 12445 12448 12446
5948 12444 12449 12450 12451 12452
5949 12453 12454 12450
5950 12451 12454 12455 12456 12457 12458 12459 12460 12461
5951 12462 12463 12464 12459 12465
5952 12458 12466 12467 12468 12464
5953 12469 12461 12452 12447 12470 12471
5954 12460 12465 12472 12473 12469
5955 12463 12468 12474 12475
5956 12476 12477 12475 12462 12472
5957 12476 12473 12471 12478
5958 12457 12479 12480 12466
5959 12456 12481 12479
5960 12478 12477 12474 12467 12480 12481 12455 12453 12449 12448 12470
5961 12419 12482 12483 12484
5962 12420 12484 12485 12486
5963 12487 12488 12489 12483 12485
5964 12490 12488 12491
5965 12417 12492 12491 12487 12486
5966 12489 12482 12418 12492 12490
5967 12493 12494 12495 12496 12497 12498 12499 12466 12500
5968 12457 12501 12502 12503 12499
5969 12504 12505 12506 12507
5970 12494 12508 12509 12507 12510 12511
5971 12479 12501 12512 12513 12514 12504 12510 12515 12516
5972 12517 12518 12519 12508 12495
5973 12503 12520 12521 12522 12498
5974 12523 12524 12525 12513 12526 12521
5975 12527 12523 12522 12497
5976 12511 12515 12528 12493
5977 12512 12526 12520 12502
5978 12517 12529 12524 12527 12496
5979 12519 12530 12506 12509
5980 12528 12516 12480 12500
5981 12531 12498 12532 12464 12533
5982 12532 12499 12458
5983 12534 12496 12535 12536
5984 12497 12534 12537 12531
5985 12494 12538 12536 12537 12533 12468 12539 12540
5986 12535 12495 12538
5987 12541 12493 12540
5988 12467 12500 12541 12539
5989 12542 12543 12544
5990 12545 12546 12544 12547 6061 12548 12549
5991 12550 12551 12546 12542
5992 12552 12553 12554 12354 6037 12547 12543 12550
5993 12553 12555 12556
5994 12557 12558 12559 12560
5995 12561 12557 12562 12549
5996 12558 12563 12556 12552 12551 12545 12561
5997 12557 12564 12565 6023 12566
5998 12565 12567 12568 6103 6017
5999 12569 12570 12571 12572 12568 6096
6000 12573 12570 12574
6001 12575 12574 12569 6085 12576
6002 12577 12571 12573 12575 12578 12579
6003 12572 12577 12580 12558 12564 12567
6004 12581 12582 12583
6005 5926 12584 12585 12586
6006 12587 12588 12583 12589 12573 12590
6007 12590 12591 12592 12575
6008 12571 12593 12594 12581 12589
6009 12585 12595 12587 12591 12596
6010 12593 12577 12597
6011 12395 12335 12598 12599 12600 12601
6012 6989 12397 12601 12602 12603 12604 12550 12605
6013 12600 12606 12607 12602
6014 12608 12609 12607 12603
6015 12610 12553 12611 12599 12606 12609
6016 6964 12605 12543 12612 6041
6017 12547 6036 12612
6018 12552 12610 12608 12604
6019 6102 12613 12614
6020 6095 12568 12615 12616 12613
6021 12617 12618 12616 12614 6104 6019
6022 6016 12565 12619 12617
6023 12567 12615 12618 12619
6024 12620 12621 12622
6025 12623 12600 12624 12625 12626 12627 12620
6026 12627 12628 12629 12630 6230 5989 12393 12631 12621
6027 12622 12623 12601 12392 12631
6028 12629 12632 12633
6029 12633 12628 12626 12634
6030 12624 12599 12635
6031 12636 12637 12638 12639 12640 12641
6032 12642 12639 12643 12644 12645
6033 12646 12647 12648 12643 12640 12649 12650
6034 12644 12651 12652 12648
6035 12653 12651 12645 12654 12655 12656 12657
6036 12654 12642 12638 12658 12659
6037 12652 12653 12660 12647
6038 12661 12655 12659 12662 12663 12664
6039 12657 12660 12646 12665 12666
6040 12641 12667 12668 12669 12649
6041 12637 12658 12662 12670 12671
6042 12672 12663 12670 12673 12668 12674
6043 12671 12636 12667 12673
6044 12665 12650 12669 12674 12675 12676 12677
6045 12666 12656 12661 12678 12679 12677
6046 12680 12678 12664 12672 12675
6047 12679 12680 12676
6048 7383 12681 12682 12652 12683 12684
6049 12685 12660 12686 12684 7394 12687 12688 12689
6050 7403 12690 12689 12691 12692 12693 12694
6051 12695 12682 12647 12685 12691
6052 12692 12695 12681 7386 12696
6053 12683 12653 12686
6054 12697 12688 12690 7402
6055 7400 12687 12697
6056 12693 12696 7389 12698
6057 7398 12698 12694
6058 12699 12700 12701 12702 12703 12704
6059 12664 12705 12706 12707 12704 12708
6060 12661 12709 12710 12699 12708
6061 12663 12711 12712 12713 12705
6062 12706 12713 12714 12715 12716
6063 12717 12712 12714
6064 12662 12711 12717 12715 12718 12702 12719
6065 12716 12718 12703 12707
6066 12720 12659 12719 12701 12721
6067 12722 12720 12655 12709
6068 12700 12721 12722 12710
6069 12723 12724 12725 12726 12727 12728
6070 12727 12729 12730
6071 12731 12732 12704 12733 12726 12729
6072 12734 12735 12736 12737
6073 12738 12739 12734 12740
6074 12737 12739 12741 12675 12742
6075 12743 12707 12733 12725
6076 12680 12742 12736 12744 12728 12730 12731 12745
6077 12746 12706 12743 12724 12747
6078 12723 12747 12748 12740 12735 12744
6079 12741 12672 12705 12746 12748 12738
6080 12732 12708 12678 12745
6081 12749 6118 12750 12751
6082 12613 12752 12753 12749 6119 12754 12755 12756 6097
6083 6121 12757 12758 12756 6090 12759
6084 6117 12750 12760 12761
6085 12759 6122 12761 12762 12763 6116
6086 12757 12764 12754 6120
6087 12752 12614 6111 12765 12766
6088 12764 12755 12758
6089 6114 12765 12767 12763
6090 12760 12751 12753 12766 12767 12762
6091 12768 12769 12618 12770
6092 12771 12769 12616 12752
6093 6106 12772 12773 12774 12775
6094 12776 12777 12770 12617 6026
6095 12778 12779 12765 6110 12772
6096 12780 12781 12782 12774
6097 12783 12776 6025 12784 12781 12785
6098 12780 12785 12786 12778 12773
6099 12779 12766 12771 12768 12777 12783 12786
6100 12787 12788 12789 12561 12564 12619 12770 12790
6101 12572 12593 12791 12792 12608 12793 12794 12769 12615
6102 12610 12556 12795 12792
6103 12793 12604 12551 12796 12797 12787 12798
6104 12797 12788 12799
6105 12789 12545 12796 12799
6106 12794 12798 12790 12768
6107 12800 12801 12788 12802
6108 12803 12802 12789 12549 12804 6029 12776
6109 12787 12801 12805
6110 12777 12790 12805 12800 12803
6111 12806 12807 12808 12809 12810 12639
6112 12811 12807 12812 6147 12813 12637
6113 12814 12815 6089 12759 6149 12812 12808
6114 12636 12813 6145 12761 12816 12817
6115 12818 12819 12817 12641 12820
6116 12806 12811 12638
6117 12821 12822 12823 12815 6115 12763 12824 12818
6118 12825 12810 12640 12820 12821 12826
6119 12823 12814 12809 12825 12827
6120 12827 12822 12826
6121 12816 12762 12824 12819
6122 12828 12829 12781 12830 7019
6123 7016 6043 12612 12544 12831 12799 12802 12832 12833
6124 12834 6992 7024
6125 12828 12835 12836 12833 7018 12834 7023
6126 12785 12837 12835 12829
6127 12546 12796 12831
6128 12837 12783 12803 12832 12836
6129 12838 12839 12840 12841 12842 12843 12844
6130 12845 12843 12846 12847 12848
6131 12849 12842 12846 12850
6132 12851 12847 12850 12852 12840 12853 12854 12855
6133 12848 12851 12856 12857
6134 12838 12858 12854 12859 12860
6135 12839 12853 12858
6136 12859 12855 12856 12861
6137 12861 12860 12844 12845 12857
6138 12849 12852 12841
6139 12862 9165 9175 12863 12864 12865 12866
6140 12867 12868 12869 12870
6141 12871 12867 12872 12873
6142 12874 12873 12875 12876
6143 12877 12878 12879 12868 12871 12874 12880
6144 12877 12881 9051 12882 12883
6145 12865 12884 12876 12880 12883 12885
6146 12866 12886 9162 9174 9049 12882 12885
6147 9164 12862 12886
6148 9043 12887 12878 12881
6149 12875 12872 12870 12888 12864 12884
6150 12871 12889 12890 12891 12892 12893
6151 12889 12894 12895 12896 12867
6152 12893 12897 12841 12898 12899 12873
6153 12852 12900 12901 12892 12897
6154 12898 12902 12895 12903 12904 12900 12849
6155 12891 12905 12904 12901
6156 12872 12896 12902 12899
6157 12906 12895 12907
6158 12868 12889 12908
6159 12870 12909 12906 12896
6160 12910 12911 12409 12912
6161 12913 12404 12911 12914
6162 12398 12915 12916 12917 12912 12413
6163 12918 12914 12910 12917 12919
6164 12920 12921 12922 12923 6220 6014 12400 12924 12916 12919
6165 12920 12925 12926 12412 12913 12918
6166 12414 12927 12928 12929 12926
6167 12923 6217 12930
6168 12930 6218 12931 12928 12932 12922
6169 12924 12399 12915
6170 12932 12929 12925 12921
6171 12933 12934 6185 12935
6172 12936 12937 12938 12934 6173
6173 6183 12939 12940
6174 12941 12942 12935 6184 12939 12943
6175 12944 12945 12946 12936 6186 12947
6176 6180 12947 12948
6177 6187 12948 12944 12949 12941 12950
6178 12951 12937 12946
6179 12940 12943 12950 6188
6180 12945 12951 12938 12933 12942 12949
6181 12952 12953 12954 12737 12955 12956 12957
6182 12958 12676 12742 12955
6183 12959 12960 12961 12962 12677 12958 12956
6184 12669 12963 12964 12965
6185 12741 12674 12963 12966 12946 12967 12968
6186 6174 12969 12964 12966 12936
6187 12970 12971 12961 12972 12973
6188 12960 12972 12974 12975
6189 12976 12977 12973 12974 12978
6190 12979 6189 12969 12965 12650 12980 12970 12977
6191 12665 12980 12971 12962
6192 12981 12957 12959 12975 12978
6193 12981 12976 12979 6179 12947 12982 12952
6194 12983 12968 12739 12954 12984
6195 12982 12944 12985 12984 12953
6196 12985 12983 12967 12945
6197 12986 12987 12988 12989 12990 12991
6198 12992 12988 12993
6199 12994 12740 12995 12993 12989 12996
6200 12997 12984 12998 12999 12990 12996
6201 12954 12734 12994 12997
6202 12991 13000 12999
6203 12968 13001 12987 12992 12995 12738
6204 13000 12986 13001 12983 12998
6205 12779 12767 12824 13002 13003
6206 13004 13005 13002 12818 13006
6207 13005 13003 12778 13007 13008
6208 6094 12815 13009
6209 12823 13009 6098 13010
6210 13011 13012 6113 13010 12822 13013
6211 13006 12821 13013 13014
6212 13015 13007 12772 6107 13012
6213 13004 13008 13015 13011 13014
6214 13016 6108 13012 13017 13018
6215 13019 12773 13007 13020
6216 12774 13019 13021 13022
6217 6100 13016 13023
6218 13021 13020 13015 13017 13024
6219 13025 13026 13027
6220 13028 12828 7020 13029 13030
6221 13029 7021 3534 13031 13032
6222 3537 13031 13033 13026 13034
6223 13028 12829 12780 13019 13035
6224 13033 13032 13030 13035 13021 13036 13025
6225 10030 13037 13038 9983
6226 10031 13039 13040 13026 13041 13037
6227 10032 13042 13043 13044 9985
6228 13042 13045 13039 10026
6229 13045 13040 13025 13046 13043
6230 13047 13048 6993 12834 7026 13029 13049 13050
6231 13051 13050 13052 13053
6232 13054 13055 6995 13056 13047 13052
6233 13048 6994 13056
6234 13057 6996 13055
6235 13054 13057 6990 3540 13031 13058 13053
6236 13049 13032 13058 13051
6237 7030 6998 13057 13059 13060 10033 13061 13062
6238 13059 13054 13063
6239 13061 10034 13037 13064
6240 13065 13053 13063 13060 10027 13039
6241 13058 13033 13040 13065
6242 13066 13067 13068 13069
6243 13070 13071 13072 13073 13068 13074
6244 13075 13067 13073 13076 13077 13078 13079 13080
6245 13081 13082 13083 13075 13066 13084 13085
6246 13072 13086 13076
6247 13087 13088 13077 13086 13071 13089 13081
6248 13090 13079 13091 13087 13082
6249 13084 13069 13074 13092
6250 13078 13091 13088
6251 13080 13090 13083
6252 13070 13089 13085 13092
6253 13093 7035 13094 13095 10091
6254 13096 13097 7055 13093 10088
6255 13098 13099 13100 10990 10121 13101 13095 10096 13102
6256 13103 13104 13105 13106 13098 13107
6257 10093 13102 13107 13108 13096
6258 13109 13110 10989 13100
6259 13103 13111 13112 7050 13097 13108
6260 13113 7038 10988 13110 13114
6261 13112 7048 13113 13115 13105 13116
6262 13104 13116 13111
6263 13115 13114 13109 13099 13106
6264 13117 13118 13105
6265 13117 13119 13120 12911 12403 6941 7059 7047 13121 13116
6266 13113 7041 7058 3500 13122 13123 13124
6267 13122 3502 12405 12913 13125
6268 13126 13123 13125 12914 13120
6269 13121 7046 13112
6270 13126 13124 13115 13118 13119
6271 13111 13127 13128 7061 7049 13121
6272 13129 12410 12912 13130 13131 13132
6273 12910 13120 13133 13134 13130
6274 13104 13117 13135 13136 13127
6275 6944 12407 13129 13137
6276 13138 13134 13131 13139
6277 13136 13140 13139 13132 13137 6943 7060 13128
6278 13135 13119 13133 13138 13140
6279 13141 10972 10912 13142 13143
6280 13110 10991 10932 13142 13144 13145
6281 10963 13141 13146 13147
6282 13148 13149 13150 13147 10967 13151 6259
6283 10124 13152 13153 13154 13155 10145
6284 13156 13144 13143 13146 13150 13157
6285 6281 13148 13158 13155 10138
6286 10993 13100 13159 13152 10125
6287 13160 13157 13149 13158 13154
6288 13153 13159 13109 13145 13156 13160
6289 13095 10090 13161
6290 10146 13162 13102 10094 10136
6291 13152 13163 13098 13162 10144 10131
6292 13159 13099 13163
6293 13164 13165 13166 13167 13168 13169
6294 13170 13142 10913 13171 13165
6295 13164 13170 13144 13172
6296 13171 10925 10999 3402 3401 13173 13174 13166
6297 13173 3399 3499 13122 13175
6298 13123 13175 13174 13167 13176 13177
6299 13124 13177 13178 13169 13172 13145 13114
6300 13168 13176 13178
6301 13179 13180 13181 13182
6302 13183 13184 13185 13186 13187 13188
6303 13189 13187 13190 13180 13191
6304 13192 13193 13194 13191 13179 13195 13196
6305 13197 13198 13195 13182 13199 10864
6306 13197 10867 13200 13201
6307 13200 13202 13203 13183 13204 10870
6308 13202 13205 13206 13196 13198 13201
6309 13184 13207 13205 13203
6310 13186 13189 13194 13208 13209
6311 13192 13210 13209 13185 13207 13206
6312 13208 13193 13210
6313 13211 13183 13212 13213
6314 13214 13215 13216 13217 13218 13219
6315 2939 13220 13214 13221 13222
6316 13221 13215 13223 13224
6317 2938 13222 13224 13225 13187 13226
6318 13227 13185 13228
6319 13229 13228 13184 13211 13230
6320 13231 13216 13223 13225 13186 13227 13229 13232
6321 13231 13217 13233
6322 10812 13234 13235 13200 10868
6323 13236 10816 10857 13237 13238
6324 13202 13239 13235
6325 13211 13203 13239 13234 10815 13236 13240
6326 13241 10823 13236 13242
6327 13241 10826 10793 13243
6328 13244 13245 13246 13247 13248 13249
6329 13247 13250 13251
6330 13252 13253 13248 13251 13254 13215 13255
6331 13246 13250 13254 13214 13256 13257
6332 13258 13259 13260 13261
6333 13262 13263 13264 13259 13265 13217 13266
6334 13267 13262 13268 13252
6335 13216 13266 13268 13255
6336 13244 13269 13258 13264 13270
6337 13267 13263 13270 13249 13253
6338 13271 13272 13259 13273
6339 13274 13266 13231 13275 13276
6340 13277 13263 13278 13279
6341 13274 13262 13278 13280 13281
6342 13282 13283 13279 13280 13284
6343 13283 13285 13272 13264 13277
6344 13286 13284 13281 13276 13287
6345 13271 13285 13282 13286 13288
6346 13289 13290 13291 11792 11818
6347 11801 13292 13293 13294 13291
6348 11803 13292 13295 13296 13297 13298
6349 13299 13300 13295 13293 13301 13302
6350 13303 13304 13298 11796 11820 13305
6351 13306 13301 13294 13290
6352 13307 11815 13308 13309 13310
6353 13308 13311 13312 13302 13306 13289 11823
6354 13305 13313 13314 13307 11822
6355 13311 13315 13309
6356 13300 13296 13316 13317 13318
6357 13319 13318 13299 13312 13315 13310 13314
6358 13303 13320 13317 13319 13313
6359 13316 13297 13304 13320
6360 13321 13322 13323 13324 13325 13326
6361 13327 13328 13329
6362 13330 13331 13327 13332 13333
6363 13334 13335 13336 13329 13332 13337
6364 13324 13338 13339 13340
6365 13341 13342 13339 13343 13330
6366 13344 13322 13345 13335
6367 13334 13344 13321 13346
6368 13342 13338 13325 13347
6369 13346 13326 13347 13341 13333 13337
6370 13348 6547 6588 13349 13350 13351 13352
6371 6578 13353 13354 13349
6372 13355 13356 13354 13350
6373 13357 7289 7252 13358 13359
6374 13356 13353 6589 7281 7263 7288 13357 13360
6375 13361 13348 6548 7274 7258 13358 13362
6376 13352 13363 13361
6377 13359 13360 13355 13351 13363 13362
6378 7267 13364 13365 13366 13367
6379 13368 13358 7251 7271 13364
6380 13366 13369 13361 13370 6549 6663 6629 13371
6381 7275 6599 13371 13367
6382 13348 6550 13370
6383 13365 13368 13362 13369
6384 13372 13373 13374 13375 13376 13377 13378
6385 13379 13380 13381 13382 13383 13384 13374
6386 13375 13379 13385 13386
6387 13376 13386 13387 13388 13389 13390
6388 13387 13385 13380 13391 13392 13393
6389 13394 13395 13396 13393 13388 13397
6390 13398 13399 13400 13383 13401
6391 13402 13390 13377 13403 13404
6392 13372 13405 13406 13407 13408
6393 13402 13389 13397 13409 13410 13411 13412
6394 13413 13414 13382 13400 13415
6395 13403 13378 13405 13416 13417
6396 13418 13419 13415 13399 13420
6397 13421 13414 13381 13391
6398 13392 13421 13413 13419 13422 13396
6399 13409 13394 13423 13420 13398 13424 13425 13426 13427
6400 13428 13429 13407 13430 13417 13404 13412 13431
6401 13395 13422 13418 13423
6402 13432 13425 13433 13428
6403 13416 13406 13430
6404 13411 13434 13426 13432 13431
6405 13410 13427 13434
6406 13435 3565 13436 13437 13374
6407 13438 13439 3566 13435 13375 13440
6408 13377 13441 13438 13442 13443
6409 13442 13439 3563 13444 13445 13446
6410 13447 13446 13443 13378
6411 13444 3557 13436 13448 13449
6412 13372 13450 13449 13445 13447
6413 13440 13376 13441
6414 2001 6650 8012 13451 13383 13452
6415 3558 13453 13454 13436
6416 13455 8011 13456 13381
6417 13451 8010 13455 13382
6418 6604 8000 13457
6419 3564 13458 6605 13457 8013 13459 13379 13435
6420 13456 8014 13459 13380
6421 13458 6606 6632 13460 13453 3556
6422 13461 13462 13463 13464 6603 13457 8001 13465
6423 13385 13459 8016 13465 13466 13467 13468
6424 13469 13470 3555 13458 6612 13464
6425 13471 13472 13463 13469 13473 13474 13475
6426 13476 13474 13477 10237
6427 10225 13476 13473 13470 3561 13439 13478
6428 13462 13472 13479
6429 13471 13479 13461 13466 13480
6430 10239 13481 13468 13386 13440 13482
6431 10223 13478 13438 13482
6432 13467 13480 13475 13477 10233 13481
6433 10245 10222 13482 13441 13390 13483 13484 13485
6434 13481 13486 13487 10236
6435 13488 13486 13468 13387 13489
6436 10241 13487 13488 13490 13491 13492 10260
6437 10259 13492 13493
6438 13491 13493 10257 13485 13494
6439 13490 13489 13388 13495 13484 13494
6440 13389 13495 13483
6441 13398 13496 13497
6442 7142 13498 13399 13496 13499
6443 13400 13451 8007 6648 1999 13500 7139 13498
6444 13501 13444 3560 13502
6445 13449 13501 13503 13504
6446 3552 13505 13506 13453
6447 6508 13507 13508 10242
6448 6501 13509 13443 13403 13510 13507
6449 13508 13510 13404 13511 13512 10244
6450 13509 13442 13478 10224 6496
6451 13402 13483 13513 13514 13511
6452 13484 13515 13513
6453 13512 13514 13515 13485 10246
6454 13516 13445 13501 13517 6493
6455 6503 13518 13406 13519 13520
6456 13407 13519 13521
6457 6500 13516 13447 13405 13518
6458 7137 3626 13522 13523 8974 8981
6459 13524 13525 13526 8008 6647 2018 2416 3627 13522
6460 13527 13528 13529 13525 13530 8967 8977
6461 13531 13413 13532 13527 8980 7135 13533
6462 13523 13524 13530 8963
6463 13414 13455 8009 13534 13528 13532
6464 7140 13498 13415 13531 13535
6465 13529 13526 8005 13534
6466 13533 13535 7141
6467 13416 13518 6502 13507 13536
6468 13509 13446 13516 6497
6469 13510 13417 13536
6470 13419 13531 13537
6471 13418 13537 13535 7143 13538 13539
6472 13539 13420 13496 13540
6473 7993 8099 13541 13421 13532 13542
6474 13542 13528 13543 13544 7987
6475 13391 13456 8017 8098 13541
6476 13534 8006 8097 13545 13543
6477 8096 13545 13544 7983
6478 13546 7145 13533 13537 13422 13547 13548
6479 8062 7988 13542 13527 8978 8968 13549 13550
6480 7151 13546 13551 8090
6481 13552 13549 8954 8979 8092 8038
6482 13553 8103 13541 13392 13554
6483 8073 13550 13552 8022 13555
6484 13555 8074 8106 13553 13556 13548 13551 8095 8037
6485 13554 13396 13547 13556
6486 13425 13557 13558 13559 13560
6487 13561 13562 13563 13564 13565
6488 13564 13566 13409 13567
6489 13567 13565 13568 13569 13570 13571 13558 13572 13427
6490 13573 13561 13568
6491 13559 13571 13574
6492 13539 13423 13575 13562 13573 13569 13576
6493 13394 13575 13563 13566
6494 13557 13426 13572
6495 13577 13548 13578 13562
6496 7148 13546 13577 13573 13579
6497 13579 13569 13580 3594 7147
6498 13578 13547 13395 13575
6499 13581 13428 13582
6500 13583 13584 13559 13585 7082 10592 13586
6501 10597 13586 13587 10554 10617
6502 13558 13588 13584
6503 13587 13583 13588 13557 13432 13581 13589 10555
6504 13519 13430 13536 13508 10243 6481 10552 13590
6505 13591 13592 8084 8102 13553 13593
6506 13592 8076 13594 13595
6507 13596 13591 13595 13597 13598 13599 13600 13601
6508 13597 13602 13603 13604 8082 13594
6509 13601 13605 13606 13488 13607
6510 13486 13467 13608 13609 13610 13599 13611 13606
6511 13611 13600 13605
6512 13607 13489 13393 13554 13593 13596
6513 13604 13612 13613 13614 8101 8058
6514 8100 8002 13465 13615 13616 13617 13614
6515 13602 13618 13610 13598
6516 13617 13613 13619
6517 13620 13615 13466 13608
6518 13620 13616 13619 13612 13603 13618 13609
6519 13621 13622 13623 13624 13625 13626
6520 13627 7297 13628 13629 13630 13624 13631
6521 13630 13632 13633 13634 13623
6522 13634 13635 13636 13637 13638 13639 13622
6523 13636 13640 13629 13632 13641
6524 13637 13640 13628 7290 13357 13642
6525 13635 13641 13633
6526 13643 13638 13642 13359 13368 13644
6527 13645 13643 13639 13621
6528 13646 13627 7298 7236 13647 13648
6529 13648 13649 7266 13364 13644 13645 13626 13650
6530 7270 7238 13647 13649
6531 13625 13631 13646 13650
6532 6772 6751 13651 13652 13653
6533 6673 6770 13653 13654 13655
6534 6691 6704 6744 13656 13657 13658 13655
6535 13651 6759 6780 6724 13659 13660 13657 13661
6536 13662 6725 13659
6537 13660 13662 6728 6737 13656
6538 13658 13661 13652 13654
6539 13663 13664 6831 13665
6540 13666 13665 6836 13667 13668 13669
6541 13670 13671 13664 6844 13672 13673 13674
6542 13674 13675 13676
6543 13668 13677 13675 13673 13678 6846 13679
6544 13680 13671 13663 13666
6545 13678 13672 6847
6546 13679 6845 13667
6547 13677 13676 13670 13680 13669
6548 13681 13682 13683 13684 13685 13686 13687
6549 13688 13689 13690 13683 13691 13692
6550 13682 13691 13693
6551 13694 13695 13696 13681 13693 13692 13697
6552 13698 13699 13700 13688 13697
6553 13701 13702 13684 13690
6554 13687 13703 13704 13696
6555 13705 13706 13701 13689 13700
6556 13704 13707 13708 13705 13699 13709 13695
6557 13706 13702 13685 13710 13708
6558 13686 13710 13707 13703
6559 13709 13698 13694
6560 13711 13712 13713 13714 13715 13716 13717 13718
6561 13719 13720 13711 13721
6562 13722 13723 13724 13725 13709 13726 13721 13718
6563 13714 13727 13728 13729 13708 13730
6564 13731 13705 13729 13732 13724
6565 13716 13733 13728 13732 13723 13734
6566 13712 13735 13704 13736 13720
6567 13734 13722 13717
6568 13733 13715 13727
6569 13730 13707 13735 13713
6570 13726 13695 13736 13719
6571 13699 13731 13725
6572 13737 13738 6854 13739
6573 13740 13741 6877 13738 13742
6574 13743 13744 13742 13737 13745 13746
6575 6827 6875 13747 13746 13748
6576 13743 13749 13750 6834 13748
6577 6857 13739 13745 13747
6578 6876 13741 13751 13750 6841
6579 13749 13751 13740 13744
6580 13752 13753 13754 13713 13755 6848 13756
6581 13752 13757 13758 13759 6879 13760
6582 13753 13757 13761
6583 6873 13760 13756 6826
6584 6843 13755 13735 13703 13762 13763 13764 13765
6585 13750 13766 13767 13765 6833
6586 13730 13754 13761 13758 13768 13769 13770 13710
6587 13686 13770 13771 13762
6588 13772 13768 13759 6880 13741
6589 13773 13764 13767
6590 13773 13763 13771 13769 13772 13751 13766
6591 6804 13774 13775 13776
6592 13777 13778 13779 13775
6593 13776 13777 13780 13781 13782 13783 6864 6796
6594 13784 13785 13786 13787 13778 13780
6595 13779 13787 13788 13789 13790 6860 6803 13774
6596 6861 13791 13792 13793 13794 13795 13790
6597 13791 13796 6862
6598 13797 13798 13789 13795 13799
6599 13788 13798 13800 13786
6600 13796 13792 13801 13783 6863
6601 13802 13785 13800 13797 13803 13793 13801 13782
6602 13784 13802 13781
6603 13799 13794 13803
6604 13712 13755 6842 13672 13804
6605 13805 13806 13807 13808 13809 13715
6606 13810 13809 13716
6607 13811 13812 13808 13810 13717 13813 13814 13815
6608 13718 13813 13816
6609 13814 13816 13711 13804 13678 6849 13817
6610 6825 13756 13818 13819 13820 13815 13817
6611 13754 13821 13805 13714
6612 13753 13822 13823 13806 13821
6613 13811 13824 13820
6614 13752 13822 13825 13818
6615 13824 13812 13807 13823 13825 13819
6616 6871 13796 13826 13827 13820 13828 13829
6617 13828 13815 13830 13831
6618 13760 13818 13832 13826 13791 6872
6619 6824 13817 13830 13833 5729 13834
6620 13833 13831 13829 6868 6822 5708
6621 6823 5724 13834
6622 13819 13832 13827
6623 13835 13836 13837 13838 6894 7321 13839
6624 7314 13839 13840 13841 4545 7180 8668
6625 13842 13843 8758 7161 4549 13844
6626 13845 13846 13847 8754 13843 13848
6627 13849 13842 13848 13850 13841 4539
6628 13849 13844 4547
6629 7169 13851 13852 13853 13847 8751
6630 13852 13854 13838 6889 7320 13855 13856
6631 13851 13856 13857 7175
6632 13835 13858 13859 13845 13850 13840
6633 13860 13836 13858
6634 13860 13837 13854 13853 13846 13859
6635 7325 6890 13861 13862
6636 13863 13864 13865 6891 13861 13866
6637 13867 13868 13869 13870
6638 13871 13869 13872 13873 13874 13863 13875
6639 13870 13872 13876 13839 7313 13877
6640 13878 13879 13880 13881 6888 13838
6641 6893 13882 13881
6642 13871 13883 13868
6643 13864 13884 13885 13886 13874
6644 13880 13882 6892 13865 13884 13887
6645 7324 13862 13866 13875 13883 13867 13877
6646 13885 13887 13879 13888 13836 13889
6647 13835 13889 13886 13873 13876
6648 13878 13888 13837
6649 13890 7008 13891 13892
6650 13890 7005 13893 13894 13895 13896 13897 13898
6651 13899 13896 13900 13901 13902 13903 13904
6652 13903 13905 13906
6653 13907 13908 13909 13906 13904 13910 13911
6654 13901 13912 13913 13914 7007 13056 13915 13916
6655 13900 13912 13917 13895
6656 13918 13059 13055 7001 13891 13919
6657 13920 13916 13902 13905 13909
6658 13894 13921 13913 13917
6659 7006 13914 13921 13893
6660 13907 13922 13052 13063 13918 13923
6661 13892 13898 13924 13911 13923 13919
6662 13920 13915 13047 13922 13908
6663 13924 13897 13899 13910
6664 13925 13926 13909 13927 6167
6665 13928 13929 13906 13927 6162 13930 13931
6666 13908 13926 13932
6667 13933 13931 13934 13935
6668 13936 13937 6157 13930 13934
6669 13938 13911 13939 13936 13935
6670 13939 13907 13932 13925 6169 13937
6671 13940 13904 13929
6672 13928 13940 13910 13938 13933
6673 6161 6191 13941 13942 13943 13944
6674 6171 13945 13905 13927 6163
6675 13944 6158 13930 13946
6676 13947 13929 13903 13945 6190 13941
6677 13948 13943 13946 13931
6678 13942 13947 13928 13948
6679 13949 13950 13951 13952 13953
6680 13954 13955 13950 13956
6681 13949 13956 13957 13958 13959 13960
6682 13951 13955 13961 13962 13963 13964 13965 13966 13967
6683 13968 13961 13954 13957
6684 13967 13969 13970 13952
6685 13962 13968 13958 13971
6686 13953 13970 13972 13973 13960
6687 13969 13966 13974 13975 13976 13972
6688 13964 13977 13975 13978
6689 13977 13965 13974
6690 13979 13923 13939 13980 10029
6691 10038 13979 13919 13981 13954 13982
6692 13936 13980 10021 13983
6693 10006 10036 13982 13956 13984 13985
6694 10018 10037 13983 13935 13986 13987 13988
6695 13989 13990 13892 13981 13955
6696 13991 13990 13898 13992
6697 13993 13994 13984 13950 13989 13991 13995 13987
6698 13995 13992 13924 13938 13986
6699 10003 13985 13994 13996
6700 13996 9998 13988 13993
6701 13960 13997 13985 10004 13998
6702 13949 13984 13997
6703 13958 13999 14000
6704 13999 13957 13982 10035 13061 14001
6705 14002 14003 14004 14005 13967
6706 13990 13890 7009 14006 14007 14008 14004 14009
6707 14005 14009 13989 13951
6708 13981 13891 6999 7027 14010 13961
6709 14011 14003 14008 14012 14013 6962 7062 14014 14015 13965
6710 14010 7028 14016 13962
6711 14015 13964 14017
6712 14013 14018 14006 7012 6952
6713 14011 14002 13966
6714 14018 14007 14012
6715 10028 13060 13918 13979
6716 13968 14010 7033 14019 13999
6717 7036 13093 10087 10059 14020
6718 10089 13096 14021 14022 10060
6719 13977 14015 14023 7051 13097 14021 14024 14025 14026
6720 14027 14025 14028
6721 13975 14026 14028 14029 10056 14030
6722 10050 14022 14024 14027 14029
6723 14031 14032 14033 14034
6724 14035 14036 14033 14037 14038
6725 14034 14039 14040 14041 14042 14037
6726 14043 14044 14045 14031 14039 14046
6727 14047 14048 14049 14042 14038
6728 14050 14051 14045 14032 14036
6729 14041 14052 14049
6730 14050 14053 14043 14054 14047 14035
6731 14054 14046 14040 14052 14048
6732 14051 14053 14044
6733 14055 14056 14057 14043
6734 14058 14059 14060 14061 14057 14046
6735 14056 14062 14061
6736 14063 14060 14062 14055 14044 14064
6737 14065 14063 14059 14066 14067
6738 14064 14065 14068 14045
6739 14031 14068 14067 14069
6740 14066 14069 14039 14058
6741 14070 14071 14072 14073
6742 14074 14075 13087 14076 14077 14070
6743 14078 14079 14080 14081 14049 14082 13090 14083 14077 14073 14084
6744 14085 14086 14087 14078
6745 14086 14088 14089 14074 14071 14090
6746 14088 14091 14092 14093 14079 14085
6747 14091 14094 14095 13091 14075 14089
6748 14087 14090 14072 14084
6749 13082 14076 14083
6750 14096 14092 14094 14097 14052 14081
6751 14096 14093 14080
6752 14041 14097 14095 13079 14082
6753 14098 14099 14100 14101
6754 14102 14103 14100 14104 14105
6755 14106 14101 14104 14107 14108 14109
6756 14110 14111 14112 14113 14114 14115 14098 14106 14116 14117
6757 14118 14119 14120 14105 14107 14121 14122
6758 14115 14099 14103 14123 14124
6759 14125 14109 14116 14126
6760 14120 14102 14123 14127 14113 14128
6761 14129 14121 14108 14125 14130
6762 14130 14126 14117 14131
6763 14112 14128 14119 14132
6764 14127 14124 14114
6765 14133 14122 14129 14131 14110
6766 14118 14132 14111 14133
6767 14134 6987 14135 14136 14137
6768 14134 6967 14138 13913 14139
6769 14101 14140 14034 14069 14141 14142 14137 14139 13917 14143
6770 14099 14144 14145 6988 14146 14068 14032 14147
6771 14146 6976 14135 14148 14141 14067
6772 14098 14144 14149 13894 14143
6773 14145 6971 14138 13921 14149
6774 14148 14136 14142
6775 14033 14147 14100 14140
6776 14150 14105 14151 14152 14153
6777 14154 14155 14035 14156 14152
6778 14154 14157 14102 14151
6779 14103 14147 14036 14155 14157
6780 14156 14038 14158 14153
6781 14140 14037 14158 14150 14104
6782 14159 13900 14160 14161 13067 14162
6783 13073 14163 14164 14161
6784 14164 14165 14139 13912 14160
6785 14040 14058 14166 14142 14167 14168 14097
6786 14169 14170 14167 14137 14165 14163 13076
6787 14168 14170 14171 13078 14095
6788 14169 14171 13077
6789 13080 14082 14042 14158 14172 14108 14173
6790 14162 13075 14173 14109 14174
6791 13895 14143 14106 14174 14159
6792 14141 14066 14166
6793 14107 14150 14172
6794 14113 14175 14007 14176
6795 14008 14176 14112 14177 14178
6796 7010 13893 14149 14179 14114 14175 14006
6797 14180 14181 14117 14182 14183 13897 13992 14184 14185
6798 14185 14186 14004 14178 14187 14188 14189
6799 14186 14009 13991 14184
6800 13896 14159 14190 14183
6801 14191 14180 14189
6802 14188 14192 14110 14181 14191
6803 14192 14111 14177 14187
6804 14190 14174 14116 14182
6805 14144 14179 14115
6806 14050 14193 14194 13131 14195 14155
6807 14193 14196 14197 14198 14064 14051
6808 14146 6975 12401 12915 14199 14198 14065
6809 14195 13132 14200 14123 14157
6810 14200 13129 12408 12391 6968 14145 14179 14124
6811 14201 12916 14199 14197
6812 14196 14201 12917 13130 14194
6813 14128 14202 14203 13128 7063 6959 14204 14012 14176
6814 14018 14204 6949 13137 14200 14127 14175
6815 14205 13140 14206
6816 14154 14195 13139 14206 14207 14208
6817 14203 13136 14205 14207 14209
6818 14209 14208 14151 14120 14202
6819 14138 6963 6042 7011 13914
6820 14204 6948 14013
6821 14210 13008 13020 13035 14211 14212
6822 13049 13030 14211 14213 14214
6823 14215 14210 13004 14216
6824 14217 14218 14216 13014 14219 14220
6825 13017 13011 14219 14221 14222
6826 14221 14220 14223 14224 13043 14225
6827 14226 14227 14214 13051 13065 13045 14224
6828 14223 14217 14228 14226
6829 14228 14218 14215 14212 14213 14227
6830 13925 14229 14230 14231 6168
6831 13922 13932 14229 14232 14214 13050
6832 6165 14231 14233 14226 14234 10023
6833 6156 13937 13980 10020
6834 13042 14224 14234 10025
6835 14233 14227 14232 14230
6836 14235 14236 14237 12668 12963
6837 12966 14235 14238 14239 14240 12937
6838 12992 14241 14242 14243 12713 12746 14244
6839 14242 14245 14246 14247
6840 14248 12429 14249 12712 14243 14245
6841 14250 14251 14246 14248 12431 14252 12673 14237 14253 14239
6842 14244 12748 12995
6843 12423 14249 12711 12670 14252
6844 14254 14250 14240 12951 12967 13001
6845 14241 14247 14251 14254 12987
6846 14253 14236 14238
6847 13618 14255 14256 14257
6848 14257 13609 14258 14259 14260
6849 14261 14262 14263 14264
6850 14265 14266 14264 14267 14268 13620 14258
6851 14269 14270 14263 14267 14271 13619 14272 14273
6852 14265 14274 14275 14269 14276 14277 14259
6853 14255 13603 14278 14273 14276 14279
6854 14262 14270 14275 14280
6855 14280 14261 14266 14274
6856 14278 14272 13612
6857 14268 14271 13616
6858 14256 14279 14277 14260
6859 14281 14282 14283 10497 10558
6860 14284 14285 14283 10489 14286
6861 10559 6472 10247 13512 14287 14286 10482
6862 14288 13412 13511 14287 14284 14289
6863 13581 13431 14288 14290 14281 10561 14291
6864 14285 14289 14290 14282
6865 14292 14293 14294 14295
6866 14296 14297 14298 14299 14294 14300
6867 14301 14302 14295 14300
6868 14303 14304 14305 14306 14292 14302
6869 14301 14303 14307 14296
6870 14299 14308 14309 14306 14293
6871 14297 14310 14311 14304 14307
6872 14309 14312 14311 14305
6873 14310 14312 14308 14298
6874 14313 14294 14314 14315 13856
6875 14316 8776 14317
6876 14313 14295 14318 14317 8777 7166 13851
6877 14314 14293 14319 8775 14320
6878 14292 14319 8772 14316 14318
6879 14321 14296 14322 14323 13878 13854
6880 14324 14323 13879
6881 14324 13880 14325 14297 14322
6882 3622 14326 14327 14298 14325 13881 6887
6883 14327 14299 14314 14328
6884 14313 14300 14321 13852
6885 8750 8729 8778 14317 14329 14330 13847
6886 14321 14301 14331 14330 13853
6887 14302 14318 14329 14331
6888 14332 14333 7211 7223 8765 14334
6889 14303 14335 14336 14332 14337 14331
6890 14338 14304 14335
6891 14338 14305 14339 7207 14333 14336
6892 14329 14316 8773 8767 14334 14337
6893 8771 7192 14339 14306 14319
6894 6911 14340 14341 14308 14327 14342
6895 14339 7191 14343 14341 14309
6896 13865 6901 6906 14344 14345 14346
6897 14345 14347 14348 14349 14350
6898 14338 14311 14351 14352 6918 14353 14354
6899 6909 14355 14351 14310 14325 13882 6900
6900 13884 14346 14350 14356 14357 14358
6901 14359 14324 13887 14358 14360 14361
6902 14357 14360 14362 6930 14363 14348 14364
6903 14364 14349 14356
6904 14322 14307 14335 14354 14365 14359
6905 14365 14353 6920 14362 14361
6906 7206 14366 6916 14353 14367 14333
6907 14354 14367 14336
6908 14341 14368 14351 14312
6909 13613 14369 14370 14371 14372 14272
6910 14369 14373 14374 8104 13614
6911 14375 14370 14373 14376
6912 14377 14378 14379 14376 14374 8105 13545
6913 14380 14381 14382
6914 14383 14378 14384 14385 14380
6915 8061 14386 14381 14383 14377 13544 7984
6916 14386 14382 14385 14387 14388 8060
6917 13604 14278 14372 14389 14388 8059
6918 14371 14375 14379 14384 14387 14389
6919 13529 14390 14391 14392 14377 13543
6920 8004 14393 14394 14395 14390 13526
6921 8107 7998 14396 14374
6922 14396 8003 14393 14397 14398 14399 14400 14376
6923 14394 14397 14401
6924 14402 14399 14403 14392 14378
6925 14398 14401 14395 14391 14403
6926 14402 14400 14379
6927 14404 14405 14406 14407 14408
6928 14409 14408 14410 14411 14412 14413 14414 14415
6929 14416 14417 14404 14410
6930 14418 14419 14414 14420
6931 14413 14421 14422 14423 14419
6932 14424 14425 14423 14418
6933 14417 14426 14427 14428 14429 14430 14405
6934 14430 14431 14432 14406
6935 14433 14434 14435 14432 14407 14409 14436
6936 14424 14437 14436 14415 14420
6937 14434 14438 14439 14440 14441
6938 14428 14442 14439 14443
6939 14444 14440 14443 14427 14445 14412 14421
6940 14433 14441 14444 14422 14425 14437
6941 14431 14429 14442 14438 14435
6942 14426 14445 14411 14416
6943 14446 11854 14447 14448 14449 14450
6944 14451 14450 14452 14453 14454 14455 14456
6945 14457 14449 14452
6946 14458 14459 14460 14461 11855 14462 14455
6947 14463 11852 14447 14464 14460
6948 11841 14463 14461
6949 14454 14465 14458
6950 11848 14446 14451 14466
6951 14459 14464 14448 14457 14453 14465
6952 14467 11866 14468 14469 14450
6953 14467 11865 14470 14471 14472 14473 14474 11847 14446
6954 14475 14470 11861 14468
6955 14472 14476 14477
6956 14476 14478 14479 14480 14473
6957 14475 14471 14477 14478 14481 14482 14449 14469
6958 14483 14484 14480 14474 11851 14447
6959 14484 14479 14481 14485
6960 14482 14485 14483 14448
6961 14486 14487 14488 14489 14490 14475
6962 14477 14491 14492 14489 14493
6963 14492 14494 14495 14496 14488
6964 14490 14493 14471
6965 14469 14452 14497 14498 14499 14486
6966 14491 14494 14500 14478
6967 14501 14502 14503 14498
6968 14487 14496 14504 14503 14499
6969 14481 14500 14495 14504 14502 14505
6970 14457 14482 14505 14501 14497
6971 14506 14499 14507 11868
6972 14468 14486 14507 11862
6973 14451 14467 11869 14508
6974 14455 14509 14510
6975 14509 14454 14511 14512 11871 14513
6976 14506 14498 14514 14512 11867
6977 14511 14453 14497 14514
6978 14515 14516 14517 14518 14519
6979 14520 14516 14521 14522 14523
6980 14517 14524 14525 14526 14521
6981 14527 14528 14519 14529 14530
6982 14528 14518 14524 14531
6983 14527 14531 14525 14532 14533 14534
6984 14529 14515 14520 14535
6985 14534 14530 14535 14523 14536 14537
6986 14522 14526 14532 14538 14536
6987 14539 14521 14540 14480 14541 11850
6988 14541 11846 14474
6989 14522 14539 11842 14463 14542
6990 14464 14483 14543 14520 14544
6991 14523 14544 14460 14542
6992 14484 14540 14516 14543
6993 14545 14546 14547 14548 14549 14550
6994 14551 14552 14531 14553 14548 14554 14555
6995 14547 14554 14556
6996 14532 14557 14551 14558
6997 14559 14560 14561 14545 14562
6998 14534 14563 14559 14564
6999 14552 14557 14525
7000 14565 14550 14561
7001 14565 14549 14553 14527 14563 14560
7002 14566 14567 14530 14563 14568 14569
7003 14570 14568 14559 14571 14572
7004 14536 14542 14461 11840 14573
7005 14574 14566 14575 14458 14509 14576 14572
7006 14569 14570 14574
7007 14544 14535 14567 14575 14459
7008 7426 14577 7368 14578
7009 7418 14579 14580 7355 14577
7010 14581 14582 14579 7420 14583 14584
7011 7366 14585 14586 14587 14588
7012 14589 14590 14591
7013 14585 7352 14580 14582 14592
7014 14593 14594 14584 14595 14590
7015 14596 14586 14592 14581 14594
7016 14596 14587 14597 14589 14593
7017 14598 14599 14600 7395 12687 14601 14602
7018 12689 14603 12971 14604 14605
7019 14606 14607 14608 12666 12962 14604 14609 14602
7020 14609 14605 12688 14601
7021 12685 12646 12980 14603
7022 14610 14611 14608 12657 12686 14612
7023 14612 14613 14614 7382 12684
7024 14615 14613 14610 14616 14617 14599
7025 7392 14614 14615 14600
7026 14618 14616 14611 14607
7027 14618 14617 14598 14606
7028 12656 12709 14619 14608
7029 14620 12710 14619 14607 14621 14622
7030 14623 14624 12745 12679 12958 14625 14626 14627
7031 14624 12732 12699 14620 14628 14629
7032 14630 14623 14629 14631 14632
7033 14633 14634 14635 14636
7034 14637 14638 14639 14640 14633 14641
7035 14642 14602 14643 14634 14641
7036 14631 14628 14622 14644 14645
7037 14627 14630 14646 14639 14647
7038 14636 14640 14647 14626 14648 14649 14650
7039 12961 14604 14651
7040 14635 14643 14609 14651 12960 14652 14650
7041 12956 14625 14648 14653
7042 14652 12959 14653 14649
7043 14638 14654 14645 14632 14646
7044 14637 14642 14606 14621 14644 14654
7045 14655 14656 14657 14658 14659
7046 14660 14661 14662 14659 14663 14664
7047 14665 14666 14655 14663 14667
7048 14668 14669 14657 14670 14661 14671 14672
7049 14660 14671 14673 14674 14675
7050 14656 14669 14676 14677 14666
7051 14670 14658 14662
7052 14678 14667 14664 14675
7053 14678 14665 14677 14679 14680 14674
7054 14679 14676 14668 14681
7055 14682 12693 14683 14684 14657
7056 7397 12694 14682 14658 14685
7057 12972 14651 14605 12690 7404 14685 14659 14686
7058 12973 14687 14655 14686
7059 12970 14603 12691 14688 14684 14656 14687
7060 12692 14688 14683
7061 14663 14686 12974 14689 14690
7062 14691 14692 7333 14693 14694
7063 14695 14635 14696 14694 14697 14698
7064 14643 14601 12697 7401 7344 14693 14696
7065 14698 14699 14700 14690 14664 14701
7066 14660 14702 14703 14691 14697 14701
7067 14704 14652 12975 14689 14700
7068 14705 14702 14661
7069 14705 14662 14685 7396 7327 14692 14703
7070 14704 14650 14695 14699
7071 14706 14690 14667 14707 14708
7072 14709 14665 14707 14710
7073 14710 14711 12976 14712 14708
7074 14712 12978 14689 14706
7075 14687 12977 14711 14709 14666
7076 14671 14702 14713 14714
7077 14668 14715 14683 12696 7387 14716
7078 14705 14670 14682 12698 7390 14717 14713
7079 14684 14715 14669
7080 14718 14691 14719 14720
7081 14697 14719 14721 14722
7082 14722 14701 14675 14723 14724
7083 14674 14723 14725
7084 14713 14703 14718 14726
7085 14727 12965 12649 12820 13006 14216 14728
7086 14688 12695 14729 12826 13013 14219 14730 14676 14715
7087 14729 12825 14731 12648 12682
7088 12643 12810 14731
7089 14732 14733 14727 12969 6175
7090 14218 14728 14733 14734
7091 12979 6178 14732 14734 14217 14735 14711
7092 14677 14730 14220 14735 14709
7093 7330 14692 14718 14736
7094 14476 14491 14737 14698 14722 14738 14739
7095 14541 14473 14739 14740 11845
7096 14524 14741 14742 14707 14678 14723 14743 14744 14552
7097 14708 14742 14745
7098 14744 14557 14526 14539 11843 14746
7099 14479 14500 14747 14700 14706 14745 14741 14517 14540
7100 14699 14737 14494 14747
7101 14748 14742 14710 14735 14223 14234 10024 9988 14749 14750
7102 14730 14221 14751 14679
7103 14741 14748 14752 14518
7104 14753 14750 14752 14528 14553
7105 14753 14749 9987 14754 14548
7106 14744 14551 14755
7107 9991 14754 14554 14756
7108 13016 6099 13010 12827 14729 12681 7384 14757
7109 14758 14759 14760 14761 5968 14762
7110 5942 14763 14764
7111 14759 14765 14766 14767
7112 7417 14768 14767 14760 14769 5974 7354 14577
7113 14770 14771 14772 14763 5943 7425
7114 7428 14770 14773 14766 14768
7115 5971 14761 14769
7116 14773 14771 14774 14758 14765
7117 14775 14776 14777 14778 14779
7118 14780 14781 14782 14783 5957
7119 5956 14780 14784 14785
7120 14777 14786 14787 14788 14789
7121 14782 14790 14786 14778 14791
7122 14781 14790 14787 14792 14784
7123 14793 14794 14788 14792 14785 5949 14763 14795
7124 14794 14789 14776 14796
7125 14775 14796 14793 14797
7126 14798 14799 14800 14801 14802 7349
7127 14803 7350 14798 14804 14805 14806
7128 14807 14808 14809 14800
7129 14810 14809 14801 14811 7408 14812 14813
7130 14806 14814 14815
7131 14585 7351 14803 14814 14816 14817
7132 14816 14818 14819 14820 14805 14815
7133 14821 7415 14811 14802 7348 14580
7134 14822 14808 14810 14823 14819
7135 14817 14818 14823 14813 14824 14592
7136 14821 7421 14812 14824 14582
7137 14799 14807 14822 14820 14804
7138 14825 14826 14815 14827 14828
7139 14827 14816 14829 14830
7140 14805 14831 14832 14826
7141 14833 14834 14835
7142 14833 14836 14837 14838 14839 14840
7143 14834 14840 14841 14842 14832 14825 14843 14844
7144 14843 14828 14830 14845 14846 14847
7145 14848 14849 14846
7146 14835 14836 14850 14849 14847 14844
7147 14837 14851 14818 14829 14845 14848 14850
7148 14851 14838 14852 14853 14819
7149 14854 14852 14839 14841
7150 14854 14853 14820 14831 14842
7151 14619 12722 14855 14856 14841 14857 14858 14611
7152 12654 14859 14860 14855 12720
7153 14860 14861 14862 14839 14856
7154 12645 14859 14861 14863 14864 14865
7155 14866 14867 14858 14610
7156 14866 14868 14865 12651 12683 14612
7157 14862 14863 14869 14852
7158 14868 14864 14869 14854 14857 14867
7159 14870 14843 14871 14618 14621
7160 14872 14844 14870 14622
7161 14620 12700 14873 14874 14834 14872
7162 14840 14856 14875 14874
7163 14873 14875 14855 12721
7164 14871 14825 14876 14877 14858 14616
7165 14832 14878 14876
7166 14857 14842 14878 14877
7167 14879 14880 14881 5986 7357 14882
7168 5985 14881 14883 14884 7375
7169 7376 14884 14885 14886 14887
7170 14879 14888 14886 14889
7171 7360 14882 14889 14887 7372
7172 14880 14883 14885 14888
7173 14890 14891 14892 14893 14894 14895 14896
7174 14897 14890 14898 14899 14900
7175 14896 14897 14901 14902
7176 14903 14904 14895 14902 14905
7177 14901 14905 14906 14900
7178 14891 14907 14908 14898
7179 14903 14909 14910 14911 14908 14899 14906
7180 14892 14912 14911 14907
7181 14909 14913 14894 14904
7182 14913 14910 14912 14893
7183 14914 14915 14916 14917
7184 14918 14914 14919 7436 10402
7185 14918 14917 14920 10399
7186 14921 14896 14922 14923 7437 14919 14915
7187 2834 14924 14902 14922 14925 2720 10290 2690
7188 10403 14926 14901 14924 2836 10436
7189 14897 14921 14916 14920 10397 14926
7190 14925 14923 7438 2707
7191 2762 2807 14927 14928 14904 14929 14925 2708
7192 2808 14927 14930 14905 14924 2835 2771
7193 14903 14928 14930
7194 14929 14895 14922
7195 2815 14931 14900 14926 10398 10349 10437
7196 14932 14930 14906 14931 2814
7197 14932 14927 2811
7198 14899 14933 2823 14931
7199 2824 14934 14935 14936 14937 14908 14933
7200 10276 14938 14939 14940 6805 5445 5529
7201 10280 14938 14941 14942 5531
7202 14932 14928 14909 14943 14944 14942 5530 2810
7203 14945 14910 14943 14946 14947 14948 14936
7204 14945 14911 14937
7205 5534 14949 14934 2821
7206 6799 14940 14950 14947 14951
7207 14949 14935 14948 14951 6784 5465 11780 5533
7208 14950 14939 14941 14944 14946
7209 14952 14953 14954 14943 14913
7210 14954 14955 14956 14944
7211 14957 14958 14953 14955 14959 10304
7212 7433 14960 14957 10305 2705
7213 10303 14959 14956 14942 5535 2809 2704
7214 7444 14960 14958 14952 14894 14929 14923
7215 14961 14962 14963 7456 14964
7216 14963 7457 14965
7217 14966 14967 14968 14969
7218 7453 14970 14971 14968 14972
7219 14972 7458 14964 14973 14974 14969
7220 7445 14965 14962 14975 14970
7221 14966 14976 14974
7222 14973 14961 14975 14971 14967 14976
7223 10411 7452 14972 14977 14978
7224 14979 14974 14980 14981 14918 10400
7225 4983 7476 14982 14983 7440
7226 14984 14985 14982 7481 14964
7227 14986 14987 14985 14983 7441 14919
7228 14988 14977 14969 14979 10394
7229 14978 14988 10407
7230 14989 14986 14914 14981
7231 14973 14984 14987 14989 14980
7232 3992 3951 14990 14991 14992 3879
7233 14992 14993 14994 14995 3871
7234 14996 14997 14998 14999
7235 3829 15000 14999 15001 14995 3873 3991
7236 3828 15002 15003 14998 15000
7237 15004 14997 15003
7238 15004 14996 15001 14994 15005 15006 3981 3824 15002
7239 15007 15006 3982 3970 14990
7240 15005 15007 14991 14993
7241 3985 15008 15009 15010 15006
7242 15011 15012 15009
7243 3984 15008 15011 15013 15014 3973
7244 15015 15014 3952 14990
7245 15010 15012 15013 15015 15007
7246 15016 15017 15018
7247 15017 15019 15020 9120 15021 15022
7248 15023 15016 15019 15024 706 4448 15025
7249 15025 15026 15014 3953 4442
7250 9122 15027 15008 3983
7251 15027 9121 15021 15028 15011
7252 15024 15020 9119 828 711
7253 15028 15022 15018 15023 15026 15013
7254 9125 9076 15029 15030 15031
7255 15031 9124 15021 15032 15033
7256 15034 15035 15033 15030 15036 8236 15037
7257 15029 9075 9105 8237 15036
7258 8238 8162 15038 15037
7259 15009 15027 9123 8147 15038 15034 15039
7260 15035 15032 15028 15012 15039
7261 14991 15015 15026 15040 15041 15042 15043
7262 4437 15044 15045 15041 15046 15047 15048
7263 4441 15025 15040 15045 15049
7264 4440 15049 15044
7265 15050 15051 15052 7772
7266 7773 4455 4439 15048 15053 15052
7267 3870 14992 15043 15054 7770
7268 15050 15055 15046 15042 15054 7771
7269 15055 15047 15053 15051
7270 15056 15057 15058 15059 15060 15061
7271 15062 15063 15060 15064 15065
7272 15066 15061 15064 15067 15068
7273 15069 15059 15063 15070
7274 15062 15070 15071 15072 15073
7275 15074 15075 15056 15066 15076
7276 15077 15078 15079 15076 15068 15080
7277 15081 15058 15069 15071 15082 15083 15077
7278 15081 15057 15075 15084 15078
7279 15082 15072 15085
7280 15074 15084 15079
7281 15086 15087 11644 8654
7282 7886 15088 15087 11641 7858
7283 15089 7849 15090 15060
7284 15089 7855 7876 15091 15061
7285 15092 8656 11630 7862 15090 15059
7286 15091 7879 15088 15086 8622 15093 15056
7287 15092 8651 15094 15058
7288 15094 8627 15093 15057
7289 8264 11615 15095 15096
7290 15064 15089 7852 3770 15097
7291 15090 7850 11670 15098 15063
7292 15062 15098 11669 11614 15095 15099
7293 8529 7878 15100 15101
7294 15068 15102 15101 8528 1864 15103
7295 15100 7877 15091 15066 15102
7296 7875 7854 3768
7297 15098 11675 4152 11629 8657 15104 15105 15070
7298 15092 8653 15106 15105 15069
7299 8639 15104 15106
7300 15107 11575 15108
7301 15095 11623 15109 11578 15107 15110
7302 15111 11625 15109 11586
7303 11584 15111 11620 15112
7304 15109 11622 15113 11676 11652 11627 11612 11572 11577
7305 11672 15113 11618
7306 15105 15071 15114
7307 11574 11567 11608 11628 8638 15104 15114 15072 15115 15107
7308 15116 15117 15077 15118 15119
7309 15120 15119 15121
7310 1862 8536 15101 15122 15079 15123 15116 15120 15124
7311 15102 15076 15122
7312 15078 15117 15123
7313 15082 15114 15106 8640 15125 15126
7314 15117 15081 15094 8628 15127 15128
7315 15125 8652 15127 15129 15119 15130
7316 15128 15129 15116
7317 15093 8623 15131 15132 15075
7318 15133 15134 8604 8625 15131 15135
7319 15123 15084 15132 15135 15136 15137 15128
7320 15137 15138 1405 15139 8626 15127
7321 8618 8603 15140 15141 1423 15139
7322 15142 8602 15143 15141 1424
7323 15134 8595 15142 1425 15144
7324 15140 8601 15143
7325 15144 15133 15136 15138 1412
7326 3072 11606 8634 15145 15146 15147
7327 15148 3083 15147 15149 15150
7328 15125 8635 15151 15146 15149 15152 15153
7329 8614 15145 15151
7330 15154 15148 3090 11609 11563 15155
7331 15150 15152 15156 15154
7332 15074 15132 15157 15158 8538 7882 15100 15122
7333 15135 15159 15160 15157
7334 15129 15137 15161 15162 15120
7335 15161 15136 15159 15163 8524 8504 15164
7336 15163 15160 15158 8537 8525
7337 7626 7639 15165 15166 15167 15168 7541 7489
7338 15167 15169 15170 4119 15171 7543 15172
7339 15168 15172 7542
7340 4120 15171 7535
7341 4118 15170 15173 15165 7640
7342 15166 15173 15169
7343 15170 15174 15175 4124
7344 15176 15177 15178 15179 15180 15174 15173
7345 15181 15182 15183 8925 15184 15179
7346 15175 15180 15184 8929 8915 4121
7347 15185 8873 10587 15186
7348 15187 15188 15189 15185 8877 8913 8930 15183
7349 15190 15191 15176 15165 7644 15192
7350 15188 15193 15190 15194
7351 15181 15195 15178
7352 15195 15182 15187 15194 15191 15177
7353 4097 4067 15196 15197 15198 15199 592
7354 15200 15201 15198
7355 15202 15203 15204 15205 2433 15206
7356 15207 15206 2427 3880
7357 15208 4054 15196
7358 15200 15209 15210 15211 15202 15207 3881 4065 15208 15197
7359 15204 15212 15210 15213
7360 15203 15212 15211
7361 15214 15215 15216 15217 15218
7362 15219 15220 15221 15222 15223 15214 15224
7363 15225 15226 15215 15223 15227
7364 15228 15227 15222 15229
7365 15230 15221 15229 15231 15232 15217 15233 15234
7366 15233 15218 15224 15235
7367 15236 15225 15228 15231
7368 15226 15236 15232 15216
7369 15230 15237 15220
7370 15234 15235 15219 15237
7371 15238 15239 15240 15241 15214 15242
7372 15239 15243 15244 15245
7373 15246 15247 15245 15238 15248
7374 15188 15249 15250 15251 15252 15253 15244 15247 15254 15255
7375 15254 15246 15256
7376 15253 15257 15258 15240 15243
7377 15259 15257 15252
7378 15260 15261 15210
7379 15190 15262 15263
7380 15264 15216 15265 15250 15266
7381 15242 15248 15256 15255 15194 15262 15267 15260 15212 15268 15218
7382 15265 15251 15259 15258 15241 15215
7383 15264 15217 15268 15204 15269
7384 15226 15270 7887 8175 8248 15271 15272 15265
7385 15273 15274 15275 15038 8150 8183 7891 15276 15227
7386 15276 7892 15270 15225
7387 15277 15278 15279 15258
7388 15273 15280 15281 15279 15241 15223
7389 15274 15282 15280
7390 15281 15282 15275 15037 8246 15283 15278
7391 15284 15272 15251
7392 15277 15283 8245 15271 15284 15259
7393 15002 15285 7920 3934 3986 3825
7394 7917 15286 15229 15287 15004 15285
7395 15228 15276 7895 7914 15286
7396 15273 15288 14996 15287 15222
7397 15274 15289 15290 15291 15001 15288
7398 15005 15010 15039 15292 15290 15293
7399 15293 14994 15291
7400 15034 15275 15289 15292
7401 15221 15287 14997 15294
7402 15230 15294 15003 15285 7916 2428 15206 15295
7403 15268 15233 15296 15203
7404 7912 15297 15232 15264 15298
7405 15296 15234 15295 15202
7406 15297 15231 15286 7915
7407 15270 7897 7911 15297 15236
7408 15299 8247 8224 15300 15301
7409 15271 8244 15299 15302
7410 15300 8225 15303 15304 15305
7411 8219 15303 15306
7412 15272 15302 15301 15305 15307 15250
7413 15295 15237 15308 3890 15207
7414 15000 3832 15309
7415 15309 14998 15294 15220 15308 3891 3831
7416 15310 15311 15312 9133 9089
7417 15312 15313 15314 9135
7418 9108 15315 15316 15317 15314 9136 9087
7419 15318 15315 9106 9080
7420 15310 15319 15316 15318 9083
7421 15317 15313 15311 15319
7422 15320 15321 15322
7423 15323 15324 15322 15325 15326 8118 9130
7424 9064 4494 15327 15328 15325 15321 15329 15330
7425 15331 15332 4492 15333 15334
7426 15335 15332 4493 15327
7427 8127 15336 15331 15335 15328 15326
7428 15334 15336 8128 15337
7429 15323 15338 15330 9065 9110 9131
7430 15329 15320 15324 15338
7431 3998 15339 15340 15341 15342 1922
7432 15343 15344 2528 4018 15345 15346
7433 15347 15343 15348
7434 4000 15349 15339
7435 15349 4001 7962 4020 15345 15350 15340
7436 15347 15346 15350 15341 15351
7437 15352 15353 15354
7438 15355 15356 15357 15358
7439 15359 15360 15352 15361 15362 15356
7440 15362 15363 15357
7441 15364 15365 15359 15355 15366
7442 15367 15364 15368
7443 15365 15360 15353 15369 15367
7444 15370 15371 15372 15373 15374
7445 15375 15376 15370 15377 15378 15379
7446 15380 15374 15377 15381 15382
7447 15379 15383 15382 15384 15385 15386
7448 15378 15381 15383
7449 15387 15388 15373 15380 15384
7450 15389 15390 15371 15376 15391
7451 15392 15393 15391 15375 15386
7452 15394 15390 15372 15388 15395
7453 15389 15394 15396 15393
7454 15387 15395 15396 15392 15385
7455 15397 15398 15399 15400 15401 15402 15403 15404 15405 15406
7456 15397 15407 8921 15408
7457 15398 15409 15410 15411 8935 15407
7458 15411 15412 15413 8934
7459 15414 15415 15416
7460 15404 15417 15414 15418
7461 15419 15405 15418 15416 15420 8931
7462 15420 15415 15417 15403 15421 8932
7463 15406 15419 8936 15408
7464 15399 15422 15409
7465 15422 15400 15423 15424 15412 15410
7466 15421 15402 15425 15424 15413 8933
7467 15425 15401 15423
7468 15426 15427 15428 15429 15430
7469 15429 15431 15432
7470 15433 15434 15435 15436 15437 15438 15431 15428
7471 15439 15438 15432 15430 15440 15441
7472 15442 15437 15439 15443
7473 15443 15444 15445 15446 15447 15441
7474 15440 15426 15448 15449 15450 15447
7475 15442 15436 15451 15444
7476 15452 15453 15435 15451 15445
7477 15454 15452 15446 15450
7478 15455 15433 15427 15448
7479 15455 15434 15453 15454 15449
7480 8218 15456 15457 15458 15303
7481 8108 15459 15460 15461 15462
7482 15463 15464 15465 15460 15466 8110 8202 15467 15437
7483 15459 15466 8109
7484 15468 15469 15442 15467 8203 8216 8257
7485 15457 15470 15461 15465 15471 15472
7486 15468 15473 15439 15463 15474 15472 15456 8217 8259
7487 15464 15471 15474
7488 15469 15443 15473
7489 15475 15441 15473 15476 8258 8234
7490 9099 9128 9098 15477 15478 15444 15469 15476 8255
7491 15479 15446 15480 15477 9094 9103
7492 15475 15447 15479 9104 8235
7493 15445 15478 15480
7494 15481 8206 15467 15436
7495 9139 15482 15477 9095
7496 15482 9137 8193 15481 15451 15478
7497 15476 15468 8256
7498 15482 9138 15314 15483 15484 15452 15480
7499 15481 8191 8115 15485 15486 15487 15435
7500 15488 15489 15486 15490 8117 15326
7501 15485 15490 8116
7502 15484 15453 15487 15489 15491 15322 15492
7503 15488 15325 15491
7504 15493 15324 15492 15483 15313
7505 9134 15323 15493 15312
7506 15483 15494 15495 15496 15317
7507 15316 15496 15497
7508 15479 15450 15498 15495 15497 15315 9107
7509 15498 15454 15484 15494
7510 15499 15500 15501 15502
7511 15503 15504 15505 15506 15501 15507
7512 15499 15508 15509 15510 15511
7513 15512 15506 15500 15508
7514 15503 15513 15514
7515 15515 15509 15512 15505
7516 15515 15510 15516 15513 15504
7517 15517 15518 15519 15520 11506
7518 15517 15521 9326 3112 11507
7519 9330 15522 15523 15518 15521
7520 15519 15523 15524 15525 15526 15527
7521 15528 15524 15522 9329 15529 15530 15500
7522 15531 11505 2985 3003 15532 15533
7523 15525 15528 15499 15534
7524 15527 15520 11499 15531 15535
7525 15532 15536 15501 15530 15537 3205 3000
7526 15537 15529 9328 3207
7527 9493 9459 15538 15504 15539 15540
7528 15541 15540 9494 4616 15542 15543
7529 15544 15530 15506
7530 15538 15505 15544 15537 3204 9449
7531 15503 15539 15541 15545
7532 15532 2999 15546
7533 15531 11500 11521 15547 15548
7534 2022 2056 11519 15547 15549 15550 2976
7535 15551 125 15552 15553
7536 4666 124 15551 15554
7537 15547 11518 11529 15555
7538 11538 15556 15527 15557
7539 11520 11528 15558 11537 15556 15520 11498
7540 15558 11536 15559 11525
7541 11720 15560 11735 15561 15562
7542 11736 15561 15563 15513 15539 15564
7543 15541 15564 11733 9648 123 15551 15565
7544 11721 11711 15566 11734 15560
7545 11707 15566 11728
7546 15567 15568 15569 15509
7547 15570 15571 9471 15572 15573
7548 15570 15574 15575 15576 15577 15578
7549 9472 15579 15574 15571
7550 9473 15580 15575 15579
7551 15581 9474 15580 15576 15582 9325 3209 9447
7552 15569 15583 15577 15582 9334 15529 15544 15512
7553 15515 15567 15584 15572 9470 15585 9448 15538
7554 9469 15581 9444 15585
7555 15540 9497 11732 15564
7556 15586 15587 15588 15589 15590 15591
7557 15592 15593 15594 15588 15595 15596 15597 15598 15599
7558 15589 15595 15600 15601
7559 15602 15603 15591 15604 8563
7560 15604 15586 15605 8562
7561 15606 15607 15601 15590 15603 15608
7562 15609 15610 15598 15611 15612 15613
7563 15614 15597 15611
7564 8559 15602 15608 15615 15616 15613 15617
7565 15605 15587 15594 15618 15619 8551
7566 15609 15620 8544 15617
7567 15610 15599 15621 15622 15619 8561 15620
7568 15593 15623 15622 15618
7569 15592 15623 15621
7570 15606 15624 15615
7571 15624 15607 15600 15596 15614 15612 15616
7572 15625 15626 8585
7573 8590 15625 15627 15628 15629 15630
7574 15631 15632 8593 15626 15627 15633 15634 15635 15636 1426
7575 15632 8592 15637
7576 15638 15639 15636 1411 15144 15640
7577 15628 15633 15641 15642
7578 15643 15629 15642 15644 15597
7579 8591 15637 15631 1427 15142
7580 15645 15611 15643 15630 8594 15134 15640
7581 15635 15646 15639
7582 15645 15614 15644 15641 15634 15646 15638
7583 11463 11449 15647 15648 15649 5289
7584 15650 15649 5281 15651
7585 15647 15652 15653 11437
7586 8502 15654 15655 15656 11448 11493
7587 15654 15657 15658 11494 8503
7588 15659 15660 15650 15648 15652 15661 15662
7589 11443 15653 15661 15663 15656
7590 15659 15664 15665
7591 5291 15651 15660 15665 15666 15658 11495 4809
7592 15666 15664 15662 15663 15655 15657
7593 15131 8620 15667 15668 15609 15669 15157
7594 8606 15670 15671 15667 8624
7595 15672 15613 15669 15160 15673
7596 15159 15133 15640 15674 15673
7597 15671 15675 15676 15610 15668
7598 15676 15677 15643 15598
7599 15677 15630 8589 15670 15675
7600 15672 15612 15645 15674
7601 8577 8543 15617 15669 15158 8540
7602 15678 15679 15602 8558 8578
7603 8579 15678 15680 15681
7604 15682 15608 15679 15680 15683
7605 15684 15685 15686 8518 15687
7606 15686 15688 15673 15163 8527 8506
7607 8571 15681 15683 15689 15687 8510
7608 15690 15615 15682 15689 15684
7609 15690 15616 15672 15688 15685
7610 15654 15691 15686 8507
7611 1410 15636 15692
7612 1406 15138 15161 15693
7613 4802 8501 11496 15658 15694 15639 15692 1409 2960 5259
7614 15691 15688 15674 15638 15694 15657
7615 2367 2300 15695 15696 15697 15698 8802 8367 2402
7616 15699 2368 2308 15695 15700 15701 15702
7617 15699 15703 15704 8371 15705 2356
7618 15706 15698 8805 8369
7619 15706 15697 15707 15708 15709 15704 8370
7620 15702 15710 15709 15703
7621 15708 15711 15701 15710
7622 15707 15696 15700 15711
7623 15712 15713 15714 2298
7624 15715 15716 15717 15712 2302 15718
7625 15719 15715 15720 15698 8803
7626 15721 15716 15720 15697
7627 8804 15719 15718 2303 2401 1330
7628 15722 15714 2301 15695
7629 15696 15722 15713 15717 15721
7630 15723 15724 8856 7528 2297 15712
7631 15725 15726 15727 15714 2299
7632 15728 7530 8864 15724 15729 15726
7633 15725 15728 7531 2296
7634 15727 15729 15723 15713
7635 15730 15731 8863 15732 15733 15734
7636 15735 15734 15736 15737 15726
7637 7537 15738 15733 15735 15728
7638 15736 15730 15739 8861 15740 15741
7639 15738 15732 8852 4127 15171 7536
7640 15724 8859 15740 15742
7641 8862 15731 15739
7642 15729 15742 15741 15737
7643 15743 15744 15745 15746 15747 15748
7644 15749 15743 15750 15751
7645 15752 15753 15744 15750 15754 15755
7646 15755 15756 15757 15748 15749 15758
7647 15754 15751 15758
7648 15752 15759 15746 15760 15756
7649 15745 15759 15753
7650 15747 15760 15757
7651 15644 15761 15762 15596
7652 15592 15763 15764 15765 15749 15766
7653 15763 15767 15593
7654 15767 15764 15768 15769 15770 15594
7655 15771 15772 15770 15588
7656 15762 15773 15757 15774 15775 15771 15595
7657 15776 15755 15777 15629 15677
7658 15777 15756 15773 15761 15642
7659 15775 15778 15769 15772
7660 15676 15776 15758 15766 15599
7661 15768 15778 15774 15748 15765
7662 15779 15780 15781 15782 15783 15784
7663 15785 15786 15787 15783 15788 15789 15790
7664 15775 15791 15792 15782 15787 15793 15794
7665 15773 15760 15795 15796 15780 15797 15798
7666 15779 15797 15799
7667 15774 15791 15800 15795 15747
7668 15781 15792 15800 15796
7669 15589 15771 15794 15801 15785 15802
7670 15803 15804 15788 15784 15799 15798 15762 15600
7671 15804 15789 15805
7672 15803 15805 15790 15802 15601
7673 15793 15786 15801
7674 15806 15807 15808 15809 15810 15811 15812
7675 15813 15814 15815 15816 15807 15817
7676 15818 15819 15820 15817 15806 15821
7677 15820 15813 15822 15823 15824
7678 15825 15826 15822 15814 15827 15828 15829
7679 15830 15831 15812 15821 15832 15833 15834
7680 15835 15816 15808
7681 15836 15819 15824 15837 15838
7682 15839 15827 15815 15835 15809
7683 15826 15823 15837 15840
7684 15841 15842 15828 15839 15810
7685 15843 15842 15829 15844 15845 15846
7686 15847 15843 15841 15811 15831
7687 15848 15844 15825 15840 15838 15849 15833
7688 15849 15836 15818 15832
7689 15848 15845 15850 15834
7690 15847 15846 15850 15830
7691 15851 15826 15852
7692 15853 15854 15855 15856 15857 15858 15822 15851 15859
7693 15852 15859 15860 15861 15862 15825
7694 15863 15854 15864 15865 15861
7695 15866 15867 15868 15856 15869 15865 15862 15829
7696 15867 15870 15871
7697 15868 15857 15872 15827 15873 15870
7698 15873 15871 15866 15828
7699 15855 15864 15869
7700 15863 15853 15860
7701 15872 15858 15814
7702 15772 15874 15875 15876 15794
7703 15877 15834 15878 15875
7704 15877 15833 15879 15880 15793 15876
7705 15782 15881 15832 15879 15882
7706 15880 15882 15787
7707 15821 15883 15792 15881
7708 15884 15885 15886 15830 15878 15874 15769
7709 15791 15883 15812 15887 15888 15884 15778
7710 15888 15889 15885
7711 15831 15887 15889 15886
7712 15890 15891 15892 15866 15842 15893
7713 15891 15894 15895 7743 15896
7714 15896 7744 15897 15890
7715 15893 15897 7745 15898 15843
7716 4068 15899 15900 15845 15901 7747
7717 4072 15902 15899
7718 7740 15903 15865 15904 4070
7719 15902 4071 15904 15862 15844 15900
7720 15894 15905 15867 15892
7721 7742 15906 15907 15868 15905 15895
7722 15907 15908 15909 15856
7723 15910 15908 15906 7741
7724 7746 15901 15846 15898
7725 7738 15910 15909 15869 15903
7726 15911 7756 8487 15912
7727 3806 8488 15912 15913 15914 15915 8556 15916
7728 15917 15622 15918 8555 15915
7729 8549 15918 15618 15767 15919 15886 15847 15898 7766 8486 3787 15916
7730 15920 15897 7765 15911 15913
7731 15914 15920 15893 15841 15921 15889 15919 15763 15623 15917
7732 15887 15811 15921
7733 15922 15923 15780
7734 15781 15881 15818 15924 15925 15926 15927 15928 15922
7735 15929 15928 15923 15779 15930
7736 15931 15932 15927 15929 15933 15934
7737 15935 15936 15926 15932
7738 15937 15938 15935 15931
7739 15939 15934 15937 15940 15941 15882 15783
7740 15939 15933 15930 15784
7741 15879 15849 15942 15943 15941
7742 15943 15944 15925 15936 15938 15940
7743 15944 15924 15836 15942
7744 3782 4033 15945 4040 1807
7745 8346 1809 3788 15916 8548
7746 8552 15605 15946 15947 4094 4096 4037 15945 4047 15948
7747 15919 15885 15949 15764
7748 15950 15878 15850 15901 7750 4092 15947
7749 15770 15874 15950 15946 15587
7750 15948 4048 8553
7751 15768 15884 15949
7752 15619 15918 8550
7753 15951 15952 15953 15954 15955 15956
7754 15957 15958 15959 15960 15952
7755 15961 15962 15963 15964 15965 15957 15953 15966 15967
7756 15968 15969 15960 15951 15970
7757 15959 15971 15972 15973 15969
7758 15974 15968 15973 15975 15976 15977 15978 15979 15980
7759 15981 15964 15982 15972 15975
7760 15982 15965 15958 15971
7761 15983 15984 15956 15970 15974
7762 15981 15963 15985 15976
7763 15978 15986 15961 15987
7764 15988 15979 15987 15967 15989 15955 15984
7765 15954 15966 15989
7766 15977 15985 15962 15986
7767 15988 15980 15983
7768 15990 15991 15751 15766 15621 15917 15992 15993 15952
7769 15994 15668 15620 8545 15995 15956
7770 15996 15991 15754 15776 15675
7771 15997 15954 15998 15992 15915 8557 8347
7772 15951 15990 15996 15671 15994
7773 15955 15997 8366 8554 15995
7774 15993 15998 15953
7775 15999 15980 16000 16001 7810 7885
7776 7844 16002 16003 15977 16004
7777 7838 16002 16005 15975 16006 4139 11674 7825
7778 16005 15976 16003
7779 11640 16007 15968 16008 15087
7780 7823 7848 16004 15978 16009 16001 7819
7781 11639 4140 16006 15973 16007
7782 7880 15999 15974 16008 15088
7783 15979 16009 16000
7784 16010 7837 16002
7785 16005 15981 16011 16012 16013 8438 16014 7836 16010
7786 16015 8437 16013
7787 16011 16016 16017 15964
7788 16012 16016 16018 8432 16015
7789 4165 4183 8436 16018 16017 15982 16019
7790 15972 16019 4164 16006
7791 8546 15995 15984 16020
7792 15086 16008 15970 15994 15667 8621
7793 15999 15983 16020 8542 8539 7881
7794 16011 16021 16022 16023 16024 15963
7795 16012 16021 16025
7796 16026 16022 16025 16013 8440 16027
7797 16023 16026 16028 7840 16029
7798 16029 16024 15985 16003 16010 7842
7799 16030 16031 15986 16004 7843 7817
7800 15961 16031 16032
7801 16009 15987 16032 16030 7821 16033
7802 16033 16001 7809
7803 16033 16000 15988 16020 8541 8365 8473 8460 7808
7804 7816 8459 16034 16035 16030
7805 16036 8456 16034
7806 16036 8449 8472 8359 16037 15967 16032 16035
7807 16037 15989 15997 8348
7808 15914 16038 16039 15992
7809 16040 16038 15913 16041 8350
7810 15966 15998 16039 16040 8349 16037
7811 8351 16041 15912 8489 8478
7812 8457 16034 16042 16029 7845 2154 7818
7813 16035 16042 16024 15962 16031
7814 16043 16044 16045 16046 16047 16048 16049
7815 16050 16051 16052 16053 16054 16055 16046
7816 16056 16057 16058 16050 16047 16059 16060
7817 16059 16048 16061
7818 16060 16062 16063 16049 16061
7819 16064 16065 16066 16043 16063
7820 16051 16067 16058
7821 16068 16069 16052 16067 16057
7822 16064 16070 16068 16056 16062
7823 16071 16054 16072 16044 16066
7824 16071 16053 16069 16070 16065
7825 16045 16055 16072
7826 16073 16074 16075 16076 16077
7827 16078 16079 15238 16080 16076 16081
7828 16077 16081 16082 16083
7829 16080 15248 16084 16075
7830 16074 16084 15246 16085 16086 16087 16088 16055 16089
7831 15247 16090 16091 16085
7832 16051 16092 16090 15245 16079 16093
7833 16094 16046 16089 16073 16083
7834 16082 16078 16093 16050 16094
7835 16095 16086 16091 16092 16052
7836 16095 16087 16096 16053
7837 16096 16088 16054
7838 16097 16098 16099 16061 16100 16101 16102 8855 16103
7839 8851 16104 16102
7840 16105 16106 16098
7841 16097 16105 16107 16062 16108 16109 16110
7842 16060 16107 16106 16099
7843 16111 16109 16112
7844 16110 16112 16113 8854 16103
7845 16104 16101 16114 16063 16108 16111 16113 8847
7846 16049 16114 16100
7847 4125 16115 16116 16117 16104 8844
7848 16115 16118 16066 16119 7924 5391 10763 4133
7849 16065 16119 7925 16120
7850 16064 16120 7926 5407 16121 16108
7851 16121 5408 16122 16111
7852 8846 5409 16122 16113
7853 16123 16116 16118 16043 16114
7854 16117 16123 16101
7855 16124 16125 16126 16127 16128 16129 15407 8922 16130 16095 16069
7856 16091 16131 16132 15411 8942 16133
7857 16134 16135 16136 16137 16138 16131 16092 16067
7858 16139 16140 16126 16141 16142
7859 16127 16143 16144 16140
7860 16139 16144 16145 16134 16057 16146
7861 16145 16135 16147 16148 16128 16143
7862 16136 16149 16150 16147
7863 16149 16151 15409 16152 16137
7864 16148 16150 16151 15398 16129
7865 16138 16132 15410 16152
7866 16125 16141 16153
7867 16068 16124 16153 16142 16146
7868 16130 8927 16133 16086
7869 16109 16121 5410 7932 16154 16155 16156 16157 16158 16159
7870 16160 16110 16159 16161
7871 16120 7931 16154 16162 16124 16070
7872 16158 16163 16164 16105 16165 16161
7873 16160 16097 16165
7874 16166 16167 16146 16056 16107 16164
7875 16168 16153 16162 16155
7876 16157 16169 16166 16163
7877 16156 16168 16142 16167 16169
7878 16115 16170 16171 16172 15175 4126
7879 7930 8924 16173 16096 16071 16119
7880 15180 16174 16172
7881 16171 16174 15184 8928 16173 16088 16072 16175
7882 16044 16175 16170 16118
7883 8923 16130 16087 16173
7884 16176 7928 8920 15408 16177 16178 16179 16125 16162
7885 7927 16176 16154
7886 16180 16128 16181
7887 16182 16181 16127 16183 16178
7888 16182 16180 16129 15397 16177
7889 16126 16183 16179
7890 16184 16185 16186 16175 16045 16089
7891 16184 16074 16187 15181 16188
7892 16189 15254 16085 16133 8926 15183
7893 16084 15256 16189 15182 16187
7894 16190 16185 16188 15179 16174
7895 16186 16171 16190
7896 16191 16192 16193 8454 16194
7897 16195 16196 16197 16191
7898 16193 16198 16199 8485 8469 8462
7899 8481 7715 7682 16200 16201 16199
7900 16202 16203 16196 16204
7901 7708 16205 16206 16202 16207
7902 7714 16205 16208 16200 7681
7903 16198 16201 16208 16206 16203 16195 16192
7904 16209 16210 16211 16191 16212 16026
7905 16023 16209 16213 8448 16036 16042
7906 8445 16214 16215 16210 16213
7907 16214 16216 16193 8455
7908 16215 16216 16192 16211
7909 8476 8490 16217 16218 16219 16214 8444 8470
7910 16199 16220 16221 16217 8494 8483
7911 16222 16218 16221
7912 16216 16219 16222 16220 16198
7913 16223 16224 7758 16225
7914 16041 15911 7759 16224 16226 16227 16228 8354
7915 16218 16229 16225 7757 8492 16230
7916 8491 16230 16217
7917 16227 16231 16210 16232
7918 8446 16213 16232 16228 8355 8471
7919 16229 16223 16226 16231 16215 16219
7920 16040 16233 16234 16235 16228 8357
7921 16236 15896 7764 16224 16237
7922 16038 15920 15890 16236 16238 16233
7923 16239 16227 16235
7924 16237 16238 16234 16239 16226
7925 15894 16240 15051 16241 16242 16243 16244
7926 7775 15050 16240 15895 7763
7927 15891 16244 16245 16236
7928 16242 16246 16247 16248
7929 16249 16250 16246 16241 15052 7774 4456 16251
7930 16247 16250 16252
7931 7761 7769 4459 16251 16253 16225
7932 16253 16249 16252 16248 16243 16245 16237 16223
7933 16254 4461 16255
7934 16256 16257 16255 4462 4480 7679 16258
7935 16257 16259 16251 4458 16254
7936 16260 16221 16230 8493 7683 16258
7937 16256 16259 16253 16229 16222 16260
7938 16261 8402 8422 4428 4402 4457 16254 16262 16263
7939 7709 7670 4487 4408 4464 16255 16262 16264 16205
7940 16265 8408 16261 16266
7941 16265 8414 16267 16202 16268
7942 16263 16266 16268 16206 16264
7943 7680 16258 16269 16200
7944 16262 16257 16270
7945 16208 16264 16270 16256 16269
7946 16201 16269 16260 16220
7947 16271 16272 15048 4438 3765 8404 7785
7948 16250 16273 7787 8424 8403 16261 16274
7949 16275 16276 16272 15053 16241
7950 16276 16271 7784 16277
7951 16275 16277 7783 16273 16246
7952 16270 16259 16249 16274 16263
7953 16278 16279 16280 8575 8567 2073 4046
7954 16281 16282 8565 8580 16280
7955 4049 16283 16284 16285 16282 8564 15948
7956 16286 16287 16288 16283 4042
7957 16286 16289 16278 4045
7958 16290 16284 16288
7959 16289 16287 16290 16285 16281 16279
7960 8574 16291 16292 16293 16294 1256 1243
7961 255 482 4044 16278 16295 16294 1257
7962 16296 16280 8576 16291 16297
7963 16297 16298 16292
7964 16298 16296 16279 16295 16293
7965 1260 16299 16300 16301 16302
7966 16302 16303 16304 492 16305 1264
7967 4043 16286 16306 16307 489
7968 16308 16309 16300
7969 16294 16310 16309 16299 1263
7970 16304 16311 16307 486
7971 16301 16303 16311 16306 16289 16295 16310 16308
7972 16312 16313 16292 16314 8572 15681 16315 16316 16317 11489
7973 16309 16318 16312 11480 16319
7974 8509 15687 16320 16317 11488
7975 16321 16316 16320 15689
7976 16321 16315 15683
7977 16314 16291 8573
7978 8378 11490 16319 16299 1261 16322
7979 16318 16313 16293 16310
7980 16323 15946 15586 16324
7981 16325 4093 15947 16323 16326
7982 16327 16328 16326 16324 15604 8570 16282
7983 16329 16328 16325 4077 4036 16330
7984 15945 4032 16331 16283 4041
7985 16332 16330 4028 16331 16284
7986 16327 16329 16332 16285
7987 283 346 2321 16333 493
7988 1259 16302 16334 16335 16336 2360 16337
7989 2325 2366 16336 16338 16339 16304 487 16333
7990 16338 16340 16335
7991 16340 16339 16303 16334
7992 488 16307 16341 16288 16331 4031 555 337 310 2322 16333
7993 16287 16341 16306
7994 16336 16342 16343 2359
7995 16344 16345 16343 2358
7996 11483 8381 16346 15703 16347 16345 16342 16335 16348 16300 16319
7997 16346 15704 8382
7998 2357 15699 16347 16344
7999 16348 16301 16334
8000 15785 16349 16350
8001 15590 15802 16350 16351 16352 16353 16354
8002 16355 16356 16352
8003 15801 16349 16351 16355 16357 16358 15876
8004 16323 15950 15875 16358 16359 16360
8005 16361 16360 16324 15591 16354
8006 16359 16357 16356 16353 16361
8007 16321 15682 15606 16362 15805 16363 16364 16365 16366
8008 15607 15803 16362
8009 16367 16368 16369 16365 16370
8010 16366 16370 16371 15680 16315
8011 16364 16372 16373 16374 16375 16369
8012 16376 16350 15790 16363 16372
8013 16377 16373 16376 16351
8014 16377 16352 16378 16374
8015 15679 15603 16354 16379 16367 16371
8016 16353 16378 16375 16368 16379
8017 16380 16381 4059 16382
8018 15902 4074 16382 16383 16384
8019 15904 15861 16385 4078
8020 16386 16387 16388 16389 16390 16391 16392 15860 16385 4062 16381 16393
8021 16394 16395 16373
8022 16395 16376 16349 15786 15880 15941 16396 16397 16387 16398
8023 16355 16377 16394 16398 16386 16399
8024 16400 15852 15840 16401 16391
8025 16400 16392 15859
8026 15877 15848 15900 16384 16402 16358
8027 16390 16401 15838 15942 16403
8028 16404 16389 16403 15943 16396
8029 16404 16388 16397
8030 16399 16393 16380 16383 16402 16357
8031 16405 16406 16384 15899 4073 16325
8032 16405 16407 16360 16326
8033 16406 16402 16359 16407
8034 16408 16387 16409
8035 16166 16410 16409 16386 16411 16412
8036 16408 16388 16413 16139 16167 16410
8037 16392 16414 16415 15853
8038 16390 16416 16417 16145 16418
8039 16144 16418 16389 16413
8040 16419 16093 16058 16134 16417 16420
8041 16385 15863 16415 16421 16419 16078 16422 4063
8042 16416 16420 16421 16414 16391
8043 4051 16422 16082 16423 16424
8044 16425 16381 4058 16424 16426 16427 16428
8045 16429 16412 16164 16106 16430 16428
8046 16430 16099 16059 16431 16427
8047 16423 16094 16047 16431 16426
8048 16411 16393 16425 16429
8049 16432 13877 7312 16433
8050 16434 16432 13870 16435 16436 16437 16438 16439
8051 8680 7183 4543 16440
8052 13840 13876 16441 16436 16442 16443
8053 16442 16437 16444
8054 13872 16441 16435
8055 8672 16445 16446
8056 16446 8677 16440 4538 13841 16443 16444 16438 16447 16448
8057 16449 7311 16433 16434 16450
8058 16451 8679 7306 16449 16452
8059 16445 8678 16451 16453 16448
8060 16452 16450 16439 16447 16453
8061 16454 16455 16456 13646 16457 14401 16458
8062 14394 16459 13647 7242 7316 16460 16461 16458
8063 16433 7317 7295 13627 16456 16462
8064 16455 16462 16434 16463
8065 16459 13648 16457 14397
8066 16460 7307 16449 16464
8067 16454 16463 16450 16464 16461
8068 8972 16465 16466 16467 16468 16469
8069 8674 16470 16471 16472 16468 16473
8070 16472 16474 16467
8071 16466 16474 16471 16475 16476 16477 16478 8975 16479
8072 16470 8681 16451 16480 16475
8073 13522 3632 2419 7308 16460 16481 16477 16482
8074 16478 16482 13523 8964
8075 16479 16465 8970
8076 16480 16452 16464 16481 16476
8077 16483 16456 13631 16484 16485 16486
8078 16487 13625 16484 16488 16489 16490 16491 16492 14403
8079 16457 13650 16487 14398
8080 16493 16455 16483 16494 16490
8081 16495 16486 16494 16489
8082 16485 16495 16488
8083 16458 16496 16497 14395
8084 16497 14391 16492 16498
8085 16496 16454 16493 16491 16498
8086 16482 16499 16500 16501 13524
8087 13525 14390 16497 16502 16501
8088 8015 7265 13649 16459 14393
8089 16477 16503 16499
8090 16503 16481 16461 16496 16502 16500
8091 16504 16505 16506 16507 16508
8092 16508 16509 16510 16511
8093 16512 16513 16504 16509 16514
8094 16513 16505 16515 12846 16516 16517
8095 16518 16511 16507 16519 12848 16520
8096 16521 16522 16516 12843 16523 16524
8097 12847 16515 16506 16519
8098 16525 16523 12845 16520 16526
8099 16522 16517 16512 16527
8100 16524 16525 16528
8101 16526 16528 16521 16527 16514 16510 16518
8102 16529 16530 16531 16532
8103 16533 16534 16535 16536 16537 16530
8104 16538 16539 16540 16541 16533 16529 16542
8105 16543 16544 16545 16532 16542 16546
8106 16534 16547 16541
8107 16535 16548 16549 16540 16547
8108 16550 12862 9170 16551 16544 16552
8109 16553 12866 16550
8110 16552 16553 12865 16554 16555 16543
8111 16551 9169 9179 16556 16537 16531 16545
8112 16539 16549 16557 12864 16554 16558
8113 16555 16558 16538 16546
8114 16559 16554 12884 16560
8115 16522 16561 12899 12875 16560 16562
8116 16563 16549 16564 12906 12902 16561 16517
8117 16512 16563 16539 16565
8118 16559 16562 16527 16565 16558
8119 16566 16567 16568 16523 12844
8120 16569 12838 16566
8121 12839 16570 12893 12874 16571 16567 16569
8122 16568 16571 12876 16560 16572 16524
8123 12898 16561 16516 12842
8124 16570 12897 12840
8125 16572 16562 16521
8126 16573 16574 16575 5934 2447 16576 5951
8127 16573 16577 16578 16579 16580 16581 5950
8128 16582 16583 5933 16575
8129 16584 16579 16585 5932 16583 16586
8130 16578 16584 16587
8131 16577 16587 16586 16582 16574
8132 5937 4187 16588 16589
8133 16590 16591 16589 5939 16583
8134 16592 16579 16593
8135 4189 16588 16591 16594 16584 16592 16595
8136 16594 16590 16586
8137 16596 16597 6925 16598 16599
8138 16600 16598 6937 16601 16602
8139 16603 9028 8992 16604 16605 16606
8140 16607 16604 8988 16608 16609 16610
8141 16603 9023 9054 16611
8142 16612 16602 16613
8143 16613 16600 16599 16614 16615 16607 16605 16616
8144 16612 16601 6935 9047 16611 16606 16616
8145 16610 16617 16615
8146 16609 16618 16596 16614 16617
8147 1367 1359 16619 16620
8148 16621 16622 16620 1368 16623
8149 8718 16624 16625 16626 16627
8150 16624 16628 16629 16622 16619 1344 378 4228 4516 8716
8151 16630 16631 4213 16632
8152 16632 4207 16633
8153 4215 906 1364 16623 16634 16635 16631
8154 4216 8694 8717 16627 16636 16635 16630 16633
8155 16628 16637 16625
8156 16634 16621 16629 16637 16626 16636
8157 16638 16625 16639 16640 8710
8158 4242 16641 16599 16642 16640 8705
8159 4268 1393 16643 16644 16628 16638 8709 4233
8160 7203 16645 6922 16646 7220
8161 16641 16598 6926 16646 7219 4241
8162 16596 16642 16639 16637 16644 16647
8163 16648 16649 16650 16651 16652
8164 16653 16648 16654
8165 16655 16656 16654 16652 16657 1360 902 4214 16631
8166 1362 16658 16651 16657
8167 16635 16659 16655
8168 1363 16623 16660 16650 16658
8169 16656 16653 16649 16660 16634 16659
8170 16620 16661 16662 16663 16589 5938 16664 2444 1373
8171 16588 4186 16665 16663
8172 5936 2443 16664
8173 4184 1343 16619 16661 16666
8174 16667 16575 5941 16664 2445 1366 16658
8175 16668 16669 16661 16622
8176 16667 16582 16590 16670 16671 16650
8177 16672 16673 16663 16591 16670
8178 16668 16674 16672 16671 16660 16621
8179 16638 16624 8715
8180 8781 4270 4263 4514
8181 16644 16675 16668 16629
8182 16676 16677 16678 16534 16679
8183 16678 16535 16680
8184 16681 16682 16679 16533 16683
8185 16676 16684 16685 16686 16682
8186 16537 16687 16688 16689
8187 16690 16689 16530 16683 16691
8188 16690 16688 16692 16693 16694
8189 16693 16695 16685 16696
8190 16694 16696 16686 16681 16691
8191 12985 12998 16697 16698 12949
8192 12941 16698 16699 16700 16701
8193 16702 12953 12997 16703 16704
8194 6181 12948 12982 16702 16705
8195 16706 16699 16697 12999 16707 16708 16709 16710
8196 16711 16708 16712 12996 16703 16713
8197 16700 16706 16714 16715
8198 16714 16710 16716 16717
8199 12990 16712 16707
8200 16701 16715 16717 16718 16713 16704 16705 6192 12950
8201 16716 16709 16711 16718
8202 16719 16720 16721 16722 16723
8203 16724 16725 16726 16727 16728 16729 16721
8204 16730 16731 16732 16733 16734 16724 16722
8205 16735 16726 16736 16733
8206 16737 16738 16739 16727 16736 16732 16740
8207 16731 16740 16741 16742 16743
8208 16744 16728 16739
8209 16735 16725 16734
8210 16745 16746 16743 16730 16723
8211 16747 16720 16729 16744 16738 16748 16742 16746
8212 16748 16737 16741
8213 16745 16747 16719
8214 11485 11469 16749 16750 16722 16751
8215 11470 16752 16749
8216 16752 16750 16721 16753 8819 10759 8801 11471
8217 11467 11497 16751 16723 16754 8808 8800
8218 8806 16754 16719 16755 8842 10760 8788
8219 16720 16753 8843 16755
8220 10735 10757 8818 16756 16757 16758 16759 11460 11474
8221 11445 16759 16760 16761
8222 16753 8816 16762 16729
8223 16763 16764 16757 16765 16726
8224 16762 8817 16756 16764 16766 16728
8225 16766 16763 16727
8226 16725 16765 16758 16760 16767 16768
8227 11473 11451 16761 16767 16769 16752
8228 16724 16768 16769 16750
8229 16770 16771 8867 15731 16772
8230 16773 8860 15739 16772 16774 16766 16739
8231 16775 16159 16112 16122 5416 11364 8839 16776
8232 16764 16777 16775 16161 16778 16770 16774
8233 8865 16103 16160 16778 16771
8234 16773 8857 10761 8840 16762 16744
8235 8824 16776 16777 16756
8236 16779 16743 16780 15720 15706 8392
8237 16779 16730 16751 11484 8395
8238 16754 16745 16781 15719 8807
8239 16746 16780 15715 16781
8240 2309 7539 7512 10762 8841 16755 16747 16781 15718
8241 15717 15723 15742 16782 16748 16783
8242 16742 16783 15716 16780
8243 15740 8858 16773 16738 16782
8244 16396 15940 16784
8245 16404 16784 15938 16785 16786 16183 16140 16413
8246 16787 16788 16789 16790 16791 15936 16785
8247 16403 15944 16792 16793 16794 16795 16796 16797 16181 16143 16418
8248 16178 16798 16799 16787 16786
8249 16792 16800 16801 16791 15925
8250 16802 16793 16800
8251 16801 16802 16794 16803 16804 16790
8252 16788 16805 16806 16807 16799
8253 16182 16797 16808 16809 16807 16798
8254 16806 16810 16809
8255 16795 16811 16803
8256 16804 16811 16796 16808 16810 16805 16789
8257 15404 16812 16813 16814 16815 16816
8258 16807 16817 16815 16818 16819
8259 16818 16816 15405 16820
8260 16148 16821 16822 16823 16797 16180
8261 16824 15401 16825 16826 16827 16828 16829
8262 16830 16826 16831 16832 16813
8263 16809 16833 16834 16835 16827 16830 16814 16817
8264 16177 15406 16820 16819 16798
8265 16822 16836 16834 16837 16829 16838 15399 16151 16839
8266 16828 16835 16837
8267 16824 16838 15400
8268 16840 16831 16825 15402
8269 16840 16832 16812 15403
8270 16839 16821 16150
8271 16808 16833 16836 16823
8272 16830 16841 16842 16843 16844 16845 16846
8273 16844 16847 16848
8274 16849 16845 16848 16850 16851 16852 16806 16817
8275 16841 16853 16854 16827
8276 16853 16842 16855 16856 16857
8277 16858 16835 16854 16857 16859
8278 16860 16861 16851
8279 16847 16843 16855 16862 16861 16850
8280 16846 16814 16849
8281 16858 16863 16834
8282 16860 16862 16856 16859 16863 16833 16810 16852
8283 16864 16865 16866 16867 16868
8284 16869 16868 16870 16871 16872
8285 16869 16867 16873 16801 16874
8286 16804 16875 16876 16877 16878
8287 16876 16879 16880 16864 16870 16881
8288 16879 16882 16883 16884 16803 16875
8289 16872 16885 16878 16790 16874
8290 16877 16881 16871 16885
8291 16866 16886 16883 16887 16802 16873
8292 16884 16887 16794
8293 16880 16882 16886 16865
8294 16888 16889 16465 8971 16890
8295 16466 16891 16892 16889
8296 16893 15457 16894 16895 16467 16891 16896 16897
8297 16468 16895 16898
8298 8944 16899 16900 16901 16902
8299 8951 16890 16903 16899
8300 15305 16904 16905 16901 16906
8301 16907 16908 16893 15456 8227 15300 16904
8302 16897 16908 16909
8303 16900 16903 16888 16892 16896 16909 16907 16905
8304 16910 16911 16899 8945 16912 8875
8305 8982 8946 16912 8876 7117
8306 8874 16910 16913 16901 16914 15185
8307 16900 16911 16913
8308 15255 15187 16189
8309 16910 16915 16916 8892
8310 8938 15413 16917 16918 16919 16916 8900 16920
8311 16921 16922 16923 16904 15301
8312 15252 15284 15302 16921 16924 16917 15412 16132 16925 16926
8313 15253 16926 16927
8314 16131 16925 16927 15244 16090
8315 8940 16920 8904 8919
8316 16924 16918 16928 16922
8317 16919 16928 16923 16905 16913 16915
8318 16929 16930 16931 16932 16933
8319 16934 16931 16935 16472 16895 16936 15461
8320 15465 16934 16930 16937
8321 16893 15472 16938 16939
8322 16938 15471 16937 16929 16940 16941 16942
8323 16939 16942 16943 16944 16945 16897
8324 16474 16935 16932 16946 16947 16944 16948 16891
8325 16947 16949 16941 16943
8326 16940 16933 16946 16949
8327 16896 16948 16945
8328 16950 16951 16952 16953 16954 16955
8329 16956 16957 16951 16958 16959 16960 16961
8330 16952 16962 16963 16958
8331 16964 16965 16963 16959
8332 16966 16960 16964 16967 16968 16969 16970
8333 16965 16967 16971 16953 16962
8334 16972 16954 16971 16968 16973
8335 16974 16975 16972 16955 16976 16977
8336 16978 16979 16976 16950 16957
8337 16980 16981 16975 16973 16969 16982
8338 16977 16979 16983 16984
8339 16980 16985 16983 16978 16956 16986 16987
8340 16985 16984 16974 16981
8341 16986 16961 16966 16988
8342 16987 16988 16970 16982
8343 15329 16989 16966 16990
8344 16970 16990 15330 9068 16991
8345 16964 16992 8702 16993 15328 15488 16994
8346 16992 8703 16995 16967
8347 15321 15491 16994 16960 16989
8348 16969 16996 4512 9066 16991
8349 4504 15327 16993 8687 16995 16968 16996
8350 16997 16998 8690 16995 16971
8351 16999 17000 8692 16998 17001
8352 17002 8714 8683 17003
8353 17004 17003 8701 16992 16965 17005
8354 17006 8720 17002 17004 17007
8355 17005 17007 17008 17009 16962
8356 16953 16997 17001 17010 17009
8357 8695 17000 17011
8358 17006 8723 8698 17011 16999 17010 17008
8359 17012 17013 16998 8689 4210 4550 4502 7979 17014
8360 16954 16997 17013 17015
8361 8685 4552 17016 17017
8362 15335 17018 17017 8688 16993
8363 7974 4500 16996 16973 17019 17014
8364 17012 17015 16972 17019
8365 17016 4553 4503 15332 17018
8366 17020 17021 17022 7972 7970 17023
8367 17024 17020 17025 16981 17026 17027 17028
8368 16975 17019 17029 17021 17025
8369 17029 17014 7973 17022
8370 9111 9067 16991 16982 17030 17027 17031
8371 17024 17023 7968 1947 17032
8372 17028 17032 1951 9059 9117 17031
8373 17026 16980 17030
8374 17033 17034 16961 16989 15320 15492 15494
8375 17035 16988 16990 15338 15493 15311
8376 15496 17036 17034 16986 17035 15319
8377 17036 17033 15495
8378 17027 17037 17038
8379 17031 17037 17039 17040 9112
8380 9114 9082 15310 17035 16987 17030 17038 17039 17041
8381 17040 17041 9113
8382 17008 17042 17043 17044
8383 17045 17046 17047 8719 17006 17042
8384 17048 17010 17044 17049 17050 17051
8385 17052 17011 8696 8722 17053 17054 17055 17051
8386 16999 17052 17048
8387 17056 17057 17058 17046 17059
8388 8708 17047 17058 17060 17061
8389 17057 17060 17062 17054 17063
8390 8721 17061 17062 17053
8391 17064 17056 17063 17055 17050
8392 17045 17059 17064 17049 17043
8393 17065 16958 17066 17067 17068 17069
8394 17070 17005 16963 17066
8395 17070 17007 17042 17071 17067
8396 17009 17044 17072 17073 17065 16952
8397 17074 17073 17069
8398 17074 17072 17043 17071 17068
8399 17075 17076 17077 17078
8400 16955 17015 17079 17078 17080 17081 17082 17083 17084 17085
8401 17080 17086 17087 17077
8402 17088 17089 17090 17050 17091 17092
8403 17093 17088 17094 17082
8404 17094 17089 17095 17086 17081
8405 17095 17090 17051 17096 17076 17087
8406 17097 17092 17093 17083
8407 16950 17098 17073 17099 17085
8408 17065 16951 17098
8409 17013 17001 17048 17096 17075 17079
8410 17099 17072 17049 17091 17097 17084
8411 17100 17101 17021 17102
8412 16974 17025 17102 17103 17104
8413 17029 17012 17079 17105 17101
8414 16977 17104 17106 17107 17108 17109 17110
8415 17111 17112 17082 17113
8416 17113 17083 17114 17115
8417 17112 17081 17116 17117 17107 17118
8418 17109 17119 17120 17121
8419 17118 17111 17115 17122 17119 17108
8420 17117 17123 17078 17105 17100 17103 17106
8421 17116 17080 17123
8422 17121 17124 17085 16976 17110
8423 17122 17114 17084 17124 17120
8424 17125 17126 17127
8425 17128 17129 17130 17131 17132 17125
8426 9298 17133 17128 17127 17134 9285
8427 17129 17135 17136 9312 17133
8428 17126 17132 17137 9292 17134
8429 17137 17131 17138 17139 9293
8430 17136 17140 17141 17142 9302
8431 9267 17143 17144 17141 17145
8432 17139 17146 17143 9271
8433 9308 17142 17145 9279 9331
8434 17140 17135 17130 17138 17146 17144
8435 17147 17148 17149 17150 8641 17151
8436 17150 8648 11656 17152 17153 17154 17155 17156
8437 17157 17156 17149
8438 8632 17151 17158 9295 11605
8439 17159 17160 17153
8440 17161 17129 17162 17163 17164 17160 17154 17165
8441 9297 17133 17161 17166 17147 17158
8442 11607 11661 3236 17167 9313
8443 17167 3243 17168 9305
8444 17136 17169 17170 3247 17168 9301
8445 17159 17164 17171 11659 17152
8446 17165 17155 17157 17148 17166
8447 17170 17172 17163 17171 11660 3245
8448 17162 17172 17169 17135
8449 17173 17174 16617 17175 16639 16626 17176
8450 17177 17178 16615 17175 16640 8704 17061 17179
8451 17180 17181 17176 16627 8724 17053
8452 17178 16610 17174 17182
8453 17062 17179 17183 17180
8454 17181 17173 17182 17177 17183
8455 17184 17185 17186 17058
8456 17179 17187 17188 17189 17190 17184 17060
8457 17190 17191 16613 17192 17193 17185
8458 17192 16600 16641 4247 4265 8706 17194
8459 8707 17194 17193 17186 17047
8460 17191 16616 17195 17189
8461 17196 17197 16605 17195 17188
8462 17178 16607 17197 17198
8463 16614 16642 17175
8464 17196 17198 17177 17187
8465 17199 17200 17201 17090 17055
8466 17202 17203 17204 17205 17200
8467 17205 17206 17207 17208 17209 17095 17201
8468 17202 17210 17180 17054 17199
8469 17211 17212 17076
8470 17211 17213 17214 17209 17087
8471 17208 17215 17216 16655 16630 17217 17214
8472 17212 17213 17217 16633 4208 8691 17000 17052 17096
8473 17218 17219 17220 17215 17207
8474 17206 17218 17221 17204
8475 17222 17176 16636 16659 17216 17220
8476 17221 17219 17222 17181 17210 17203
8477 9039 17223 17224
8478 17225 17226 9055 17224 17227 17228
8479 17227 17223 9045 16611 17229 17230 17231 17232
8480 17233 9056 9021 16603 17229 17234 17235 17236
8481 17226 9035 17233 17237
8482 17231 17238 17239 17236 17237 17225 17240
8483 17241 17234 17230 17238
8484 17228 17240 17232
8485 17235 17239 17241
8486 17242 17243 17038 17026 16985 17244 17245 17246
8487 17247 17248 17249 17250 17242 17251 17041 9127 15031
8488 17243 17039 17251
8489 17252 17253 17254 17255 17256 17257 17248 17258
8490 17259 17257 17249
8491 15030 17260 17258 17247
8492 17261 17254 17262 16978 17263 17245 17264
8493 17263 16983 17244
8494 17260 17252 17265 17036 15497 15318 9079 15029
8495 17265 17253 17262 16956 17034
8496 17255 17261 17266
8497 17259 17256 17266 17264 17246 17250
8498 17267 17110 16979 17263 17268 17269
8499 16957 17098 17069 17270 17271 17262
8500 17254 17271 17272 17273 17274
8501 17261 17274 17275 17276 17277 17278
8502 17279 17121 17267 17280 17281
8503 17273 17282 17275
8504 17245 17268 17283
8505 17099 17074 17270 17272 17282 17276 17284 17279 17124
8506 17285 17281 17284 17277
8507 17285 17278 17264 17283 17269 17280
8508 17286 17109 17267 17287 17288
8509 17289 17290 17291 17286 17119 17292 17293 17294
8510 17295 17289 17296 17297
8511 17295 17290 17298 17299 17300
8512 17301 17292 17120 17279 17302
8513 17301 17293 17303
8514 17296 17294 17303 17302 17281 17304 17305
8515 17300 17306 17305 17297
8516 17291 17288 17307 17298
8517 17304 17280 17287 17307 17299 17306
8518 17308 17309 17104 16984 17244 17268 17310 17288
8519 17311 17312 17106 17309
8520 17311 17313 17108 17286 17308
8521 17107 17312 17313
8522 17269 17287 17310
8523 17314 9144 17315 17316
8524 17314 9140 17317 17318 17319 17320 17321
8525 17315 9143 9187 17322 17323 17324 17325 17326
8526 17323 17327 17328 17329 17330
8527 17328 17331 12519 17332 17319 17333
8528 17321 17334 17326 17316
8529 17335 12506 17336 9188 9141 17317
8530 17332 12509 17335 17318
8531 17324 17330 17337
8532 17325 17337 17329 17333 17320 17334
8533 17338 16532 17339 17340
8534 17341 17338 16529 16683 17342 17343
8535 17344 17345 16691 17342 17346
8536 17345 16690 17347 17330 17348
8537 17343 17346 17349
8538 17350 17324 17347 16689 16531 17339
8539 17344 17348 17337 17350 17340 17341 17349
8540 16551 9172 17315 17351
8541 17352 17339 16545 17351 17326
8542 17323 17347 16688 17353
8543 17350 17325 17352
8544 17354 17355 17356 17357 4008 1933 17358 17359
8545 4005 17360 17361 17357
8546 17362 17363 4006 17360
8547 17361 17362 17364 17365 17366 17356
8548 17367 17366 17355
8549 17368 17369 15339 3999 1937 17358 17370
8550 15349 4007 17363 17364 17371 17369
8551 17370 17372 17359
8552 17367 17365 17371 17368 17372 17354
8553 17373 17374 17375 17376
8554 17377 17373 17378
8555 17379 17380 17381 17377 17374 17382
8556 17383 17384 15341 17385 17380
8557 1934 17358 17386
8558 17375 17382 17387 17370 17386 1938 17388
8559 15340 17384 17389 17369
8560 17379 17383 17389 17368 17387
8561 17390 17391 17392 15383 17393 17394 15016 17395
8562 17394 17396 17397 15019
8563 705 4010 17357 17398 17399 17397 15024
8564 708 1935 17386 17359 17400 17401 17391 17402 15049 4446
8565 17392 15378 17403 17404 17355 17405 17401
8566 15381 17403 17406 17399 17396 17393
8567 17390 17402 15045 17407
8568 15023 17395 17407 15040
8569 17404 17356 17398 17406
8570 17405 17354 17400
8571 17408 17409 17410 7960 4012 17363
8572 17411 17412 17413 17408 17364
8573 4019 7961 17410 17414 17415 15345
8574 17409 17413 17416 17414
8575 17412 17416 17415 15350 17384 17417
8576 17411 17417 17389 17371
8577 17418 17419 17420 17421 17422
8578 17418 17423 17424 17425 17426 17427 17428 17429 17430
8579 17419 17423 17431 17432 17433 17434 17435 17436 17437
8580 17438 17422 17430 17439 17440 17441
8581 17442 17443 17429 17439 17444 17445
8582 17438 17421 17446 17447
8583 17442 17448 17449 17450 17451 17452
8584 17443 17448 17453 17454 17428
8585 17453 17455 17456 17434 17457 17449
8586 17447 17458 17459 17452 17445 17460 17441
8587 17461 17436 17462 17451 17459
8588 17420 17437 17461 17458 17446
8589 17455 17463 17464 17465 17427 17454
8590 17435 17457 17450 17462
8591 17444 17440 17460
8592 17465 17466 17426
8593 17467 17433 17456 17463
8594 17425 17468 17432 17467 17464 17466
8595 17431 17468 17424
8596 17469 17470 17471
8597 17470 17472 15809 17473
8598 17474 17420 17475 17476 17471 17473 15810 15921 15888 15949 15765 15743
8599 17476 17469 17472 15808 17477 17478
8600 17479 17480 17422 17481 15745
8601 17482 17483 17484 17418 17480
8602 15795 17485 17482 17479 15746
8603 15800 15883 15806 17486 17487 17483 17485
8604 17481 17421 17474 15744
8605 17484 17487 17488 17478 17475 17419
8606 15807 17486 17488 17477
8607 17489 17490 9236 17491 17433
8608 9231 17490 17492 17493
8609 17494 17495 17496 17492 17489 17432
8610 17488 17497 17495 17498
8611 17487 17498 17494 17431 17499
8612 17500 17501 9261 9233 17493 17496 17497 17478 17502
8613 17503 9240 9235 17491 17434
8614 17503 9256 17501 17504 17435
8615 17505 17500 17504 17436
8616 17505 17502 17475 17437
8617 17499 17484 17423
8618 17506 17440 17507 17508
8619 17509 17510 17439 17506 17511
8620 17512 15753 17481 17438 17513 17508 17511 17514
8621 17513 17441 17507
8622 15759 17479 17515 17516 17512
8623 17509 17517 17516 17514
8624 17517 17510 17430 17480 17515
8625 8588 17518 17508 17519 17520 15996 15670
8626 15750 17474 17446 17521 17520 15991
8627 17521 17447 17513 17519
8628 15752 17512 17522 15628 15777
8629 17522 17514 17523 15627
8630 17518 17511 17523 15625 8586
8631 17524 9234 17491 17456 17525 17526
8632 17527 9239 9217 17524 17528 17529 17530
8633 17453 17531 17532 17533
8634 17455 17525 17534 17531
8635 17532 17534 17526 17528 17535 17536
8636 17537 17529 17535 17538
8637 17533 17536 17538 17539 17540 17449
8638 17541 9237 17542 17530 17537 17539
8639 17527 9238 17542
8640 17541 9241 17503 17457 17540
8641 17543 17544 17459 17545 15971 16019 4163 11642
8642 17521 17458 17545 15959 17546
8643 16007 15969 17546 17519 17507 17460 17547 8667 11643
8644 17548 17549 17543 11635 8645
8645 17452 17544 17549 17550
8646 8649 17548 17550 17445 17547
8647 9346 17551 17543 11636
8648 17552 17553 16017 15965
8649 8431 4182 9343 17554 17555 17556 17553 16018
8650 17554 17557 17504 17462 17558 9344
8651 17500 17557 17555 17559
8652 15958 17552 17556 17559 17505 17461 17545
8653 17551 9345 17558 17451 17544
8654 17450 17540 17560 9350 17558
8655 17541 9246 9351 17560
8656 9348 17561 9252 17562 17554
8657 17561 9255 9352
8658 17501 9257 17562 17557
8659 8650 17547 17444 17506 17518 8587
8660 17520 17546 15960 15990
8661 14493 14472 14739 17563 17564 17565
8662 17566 17565 14490 14470 11860 17567
8663 17566 17564 17568
8664 17569 17570 17571
8665 17572 17573 17574 14589 17575 17576
8666 14590 17574 17577 17569 17578
8667 17576 17579 17580
8668 17572 17579 17581 17582
8669 17570 17577 17573 17582 17583
8670 17584 17585 17586 14593 17574 17587
8671 17588 14594 17586 17589
8672 17590 17585 17589 17591 17592 17593
8673 15357 17594 17592 17595 17569 17596
8674 17591 17588 14584 17597 15362 17594
8675 17584 17590 17598
8676 17587 17598 17593 17595 17577
8677 17599 17600 17601 17602 17603 17604
8678 17605 17606 17600 17607 17608
8679 17607 17599 17609
8680 17610 17611 17603 17612
8681 17601 17606 17613 17614
8682 17611 17615 17614 17602
8683 17616 17617 17618 17619
8684 17620 17621 17622 17623 17616
8685 17624 17625 17626 17627 17619 17620 17628
8686 17629 17630 17631 17624 17632 17622
8687 17633 17634 17635 17629 17623 17617
8688 17630 17636 17637 17635
8689 17627 17638 17633 17618
8690 17634 17637 17639 17626 17638
8691 17639 17625 17631 17636
8692 17640 17619 17641 17642
8693 17643 17641 17620 17644
8694 17645 17646 17647 9379 5753 17648 17643 17642
8695 17649 17650 17651
8696 17652 17653 17654 17650 17655 17646
8697 17640 17627 17656 17651 17655 17645
8698 17657 17658 17659 9383 17660
8699 17661 9381 17659 17662 17653
8700 17652 17661 9376 17647
8701 17624 17663 17664
8702 17626 17665 17658 17662 17654 17649 17656
8703 17665 17657 17666 17663 17625
8704 17667 17668 17669 17670 17671 17672 17673 17674
8705 17675 17674 17676 9412
8706 17675 17667 17677 9417
8707 17678 17679 17680 17681
8708 17678 17682 17683 17668 17677 9416 17684
8709 17679 17682 17685 17686 17687
8710 17688 17685 17683 17669
8711 12262 17689 17690 17681 17684 9415 12225
8712 17691 17690 17680 17687 17692 17693 12266
8713 17694 17695 17696 17697 17698
8714 17699 17695 17700 17670 17688 17686 17692
8715 17694 17699 17693 12265 17701
8716 17702 17673 17676 9408 17703
8717 12267 17691 17689
8718 9418 17703 17704 17698 17701 12264 12219
8719 17696 17700 17671 17705
8720 17672 17705 17697 17704 17702
8721 17706 17707 17708 17709 9399 12257
8722 17709 17710 17711 9404
8723 17673 17712 17711 9405 17713
8724 17713 17676 9409 9389
8725 17714 17715 17703 9407 12218 12260
8726 12258 17714 17716 17717 17706
8727 17718 17717 17707
8728 17710 17712 17702 17715 17716 17718 17708
8729 17719 5579 9959 17720 17721 17722
8730 17721 17723 17724
8731 17723 17720 9978 17725 9918 17726 17727 17696 17728
8732 9977 17725 9917
8733 17729 17698 17730
8734 17729 17694 17731 17732 9920 17733 17734 17735 17736
8735 17734 17737 17738
8736 17738 17733 9915 9973 17739 17740
8737 17741 17742 17743 17735 17737 17740
8738 17731 17744 17727 17695
8739 9919 17726 17744 17732
8740 17742 17745 9979 5581 17719 17746
8741 17745 9976 17739 17741
8742 17730 17697 17728 17724 17722 17746 17743 17736
8743 12271 17701 17729 17747 17748
8744 12259 17714 17749 17748 12270 12239
8745 17704 17730 17747 17749 17715
8746 17750 17741 17751 17752 4585
8747 2668 17753 17754 17742 17750 4587
8748 17755 17756 17753 2673 4776
8749 4588 17752 17757 17737 17758 17759 17717 17760 4771
8750 17760 17707 17761 17755 4781
8751 17740 17757 17751
8752 17735 17762 17758
8753 17756 17754 17743 17762 17759 17718 17761
8754 17752 17763 9454 4584
8755 17757 17738 17764 9441 17763
8756 9452 17764 17734 17758 17765 17748 12272 12246 12242 5908
8757 17706 17760 4772 4604 12256
8758 17716 17749 17765 17759
8759 17766 5574 17767 17768 17753 2669
8760 5553 17767 17769 17719 5585
8761 4586 17750 17745 9975 11704 9661 3048
8762 9620 5622 17770 2656
8763 17766 5568 5621 17770 2659
8764 17746 17769 17768 17754
8765 17771 17772 17755 4777
8766 4768 17771 17773 17709 9398
8767 17772 17773 17708 17761
8768 17774 17775 17776
8769 5842 17777 17778 17774 17779 17780 17781 17782 17677 9433 17783 17784
8770 17785 17786 17787 17788 17779 17775
8771 5850 17789 17790 17785 17776 17778 17791
8772 17783 9428 17792
8773 9434 17793 17794 17795 17796 17789 5849 17784 17792
8774 17777 17791 5847
8775 17782 17797 17798 17799 17794 17800 17667
8776 17800 17675 9413 17793
8777 17801 17787 17802 17803 17804 17799 17795
8778 17786 17801 17796 17790
8779 17797 17805 17803 17806 17781
8780 17788 17802 17806 17780
8781 17804 17805 17798
8782 17807 17808 17809 9790 17810
8783 9719 17811 17810 9779
8784 11944 17812 17813 17807 17811 9720
8785 9745 17814 17815 17816 17817 17818 9839
8786 11948 17812 17819 17820 17814 9746 9718
8787 9788 17809 17821 17818 9840
8788 17815 17820 17822 17823
8789 17823 17824 17816
8790 17813 17819 17822 17824 17817 17821 17808
8791 17825 17826 9849 9872
8792 17818 17827 17828 17829 17825 9873 9842
8793 9854 17830 17814 9748
8794 9855 17831 17815 17830
8795 17831 9856 17832 17828 17833 17816
8796 17826 17829 17832 9857
8797 17827 17833 17817
8798 17834 17835 17836 17837 17838
8799 17836 17839 17840 17841
8800 17842 9543 17843 17844 17839 17835
8801 17845 17846 17847 17841 17837 17848 9507
8802 9541 17842 17834 17849
8803 9498 17850 17851 17845
8804 9502 17852 17850
8805 17846 17851 17852 9503 9549 9544 17843 17853
8806 17853 17844 17840 17847
8807 17854 17855 17856 17857 17858 17859
8808 17860 17861 17862 17856
8809 12089 17863 17864 17865 17860 17855 17866 17867 17868
8810 17854 17866 17869
8811 17863 17870 12083
8812 17871 17872 17864 17870 12090 17873
8813 12091 17873 17874 17875
8814 17872 17865 17861 17876 17877 17878 17879 17880
8815 17881 17876 17862 17857 17882 17883
8816 17874 17871 17880 17884 17885 17886
8817 17881 17877 17887
8818 17888 17858 17882 17889
8819 17890 12087 17875 17886 17891
8820 17868 17892 17893 17890 12088
8821 17867 17869 17859 17888 17894 17892
8822 17895 17879 17884
8823 17885 17895 17878 17887 17883 17889 17894 17893 17891
8824 17896 17897 12077
8825 17898 17899 17897 12079 12009
8826 12008 17898 17900 17901 17902 17903
8827 17904 17905 17906 17900 17899 17896 12069 12049 12060
8828 17907 17902 17908 17905 17909
8829 17910 17909 17904 12059 5781
8830 12007 17903 17907 17910 5790 17911
8831 17911 12006 17912 5789
8832 12005 17912 5788 12058
8833 17908 17901 17906
8834 12100 17913 17914 17915 17867 17916
8835 17915 17869 17917 17918
8836 17919 17859 17917 17920
8837 12094 17916 17892 17921 17922 17923
8838 17924 17925 17926 17923 12101
8839 17927 17928 17919 17888 17929
8840 17894 17929 17930 17921
8841 17926 17931 17927 17930 17922
8842 17913 17932 17924 12099
8843 17931 17928 17920 17918 17914 17932 17925
8844 17868 17916 12095
8845 5751 17933 12114 17913 17934 17935
8846 17643 17936 17937 17938
8847 17939 17940 17865
8848 17940 17941 17646 17942 17943 17860
8849 17933 5756 17944 17863 12082
8850 17864 17939 17941 17647 9377 5755 17944
8851 17945 17943 17855
8852 17946 17947 17645 17942 17945 17866 17915
8853 17936 17642 17947 17948
8854 17946 17948 17937 17949 17934 17914
8855 17950 17951 17952 17953
8856 17622 17954 17950 17955
8857 17936 17641 17616 17956 17952 17957 17958
8858 17623 17954 17951 17956
8859 17937 17958 17959
8860 15567 15510 17960
8861 17961 15525 17962
8862 17961 15528 15508 15569 17963
8863 17964 17965 17966 17967 9485 15579
8864 17968 17969 17964 15574
8865 17968 17970 17971 17967 9484 15571
8866 17971 17966 17972
8867 17965 17972 17970 17969
8868 17973 17974 17975 9480 15572 17976
8869 17977 9481 17978 11751 17979 17980 17974
8870 17977 9467 17975
8871 17973 17980 17981
8872 11750 17978 9482 17982 17971 17983 17984
8873 17968 17985 17986 15570
8874 9483 17982 17967
8875 17983 17970 17985 17987
8876 14547 14754 9996 17988 17989 17990
8877 9994 17991 17992
8878 9992 17993 17988
8879 17989 17993 9993 17991 17994
8880 2658 17995 17996 17997 9635
8881 17998 17999 18000 2652 17995 18001
8882 18002 9621 9654 18003 17999 18004
8883 2657 17770 5627 9655 18003 18000
8884 17996 18001 18005 18006
8885 18007 18002 9630 18008
8886 18009 18008 9633 17997 18006
8887 18005 17998 18004 18007 18009
8888 18010 18011 5564 9653 18003 18012
8889 17999 18012 18013
8890 9624 18002 18014 18015 18016 9641
8891 9725 9800 18017 18018 18015 18019
8892 18011 5561 9793 18017 18020
8893 18004 18013 18010 18020 18018 18014
8894 18021 18011 5570 18022 18023
8895 2660 17766 5569 18022 18024 4779
8896 2653 18000 18012 18025 18023 18024 4775
8897 18021 18010 18025
8898 18026 18027 18028 18029 18030 18031
8899 18031 18032 18033 18034 18035 18036
8900 18037 18026 18032
8901 18037 18027 18038 18039 18033
8902 18040 18041 18042 18030 18036
8903 18043 18044 18045 18046 18035 18040
8904 18034 18039 18047 18046
8905 18048 18044 18049 18029 18042
8906 18047 18038 18028 18049 18045
8907 18048 18043 18041
8908 4752 18050 18051 18052
8909 4753 2654 17995 18053 18050
8910 18054 18055 2587 2639 9652 9636 9579 18056 18029 18057
8911 18055 2596 4596 4754 18052 18058 18026 18059
8912 18059 18031 18060 18054
8913 18061 17996 18053 18051 18058 18027
8914 18057 18030 18060
8915 18061 17997 9634 9553 18056 18028
8916 18062 18063 18064 9663 2554 994 18065
8917 18066 18067 18060 18036 18068 2557 992 18069
8918 18070 18071 18063
8919 18062 18071 18072 18032 18059 18073 18066 18074
8920 18073 18054 18067
8921 18075 18035 18068 2550
8922 18075 18034 18076 9673 2556
8923 18076 9674 18064 18070 18072 18033
8924 18077 18078 2628 18079 4759 18052 18080 18071 18081
8925 18078 2616 18082
8926 4760 18079 2627
8927 18077 18082 2624 18083 18084
8928 18066 18085 18086
8929 2588 18055 18073 18085 18087
8930 18062 18081 18084 18088
8931 18037 18058 18080 18072
8932 18089 18041 18090 2558 4687
8933 4688 18089 18042 18057 18067 18085 18091 1023
8934 18090 18040 18068 2549
8935 18043 18092 18093 9559 9589 4683 4648 2548 18090
8936 18094 18093 9556 18095 18045
8937 18095 9558 9672 2551 18075 18046
8938 18044 18094 18092
8939 18096 18097 9671 9550 18095 18047
8940 9667 18097 18098
8941 18039 18096 18098 9675 18076
8942 18099 9554 18056 18049 18094
8943 18048 18092 18099 9568 9651 4690 18089
8944 18097 9668 9631 18008 18100 18101
8945 18099 9555 18093
8946 18100 18009 18102
8947 18096 18101 18102 18006 18061 18038
8948 18103 18104 18105 10047 18106 18107
8949 18107 18108 18109
8950 18110 18111 18112 10054 18113
8951 18114 18111 18115 18104
8952 10053 18112 18115 18105
8953 18108 18116 18110 18114 18103
8954 18117 18118 13969 14002 18119 14028 18120 18111 18121
8955 18120 14029 10049 18112
8956 14026 13974 14011 18119
8957 13972 18118 18122 18123 18124
8958 18122 18125 18117
8959 18123 18125 18121 18110 18126
8960 18127 18128 18129 10002 17991 18130
8961 18131 13994 13997 13953 18132 18122 18133 18128
8962 13970 18118 18132
8963 18131 13996 9999 18129
8964 18123 18133 18127 18134
8965 18135 11761 9909 18136 18137
8966 18135 11762 18138 6345 18139
8967 11759 18138 6346 11681 11739
8968 11743 11695 18140
8969 18136 9908 11741 18141
8970 9980 18142 18143 18144 9829 4735 9820
8971 18138 11760 8304 6352
8972 11764 9972 18142 18145 18146 18135
8973 18143 18147 18145
8974 18148 18149 18150
8975 18151 18152 9818 9971 18142
8976 9831 9867 9895 18153 18148 18154 18152 9817
8977 18149 18154 18151 18143 18155
8978 18156 18157 18158 18159 18160 18161 11891 18162
8979 17713 9388 18163 18164 18159 18165 18166 17800 17674
8980 18160 18165 18167
8981 9411 9391 18168 18169 18156 18170 11885 4567
8982 18168 18171 18172 18163 9387
8983 18171 18173 18157 18169
8984 9414 17793 18166 18167 18161 11890 4568
8985 18162 11888 18170
8986 18164 18158 18173 18172
8987 18174 18175 18176 18177 18178
8988 4767 18179 18176 18180 5573 18022 18181 4778
8989 18182 18183 5549 18180 18175
8990 4765 18179 18177 18184 18185 17771 4769
8991 18024 18181 4774
8992 18186 18183 5551 17767
8993 17772 18185 18187 18174 18182 18186 17768 17756
8994 18187 18178 18184
8995 18188 18189 18190 18191 18192
8996 18193 18194 18195 18196 18188 18197
8997 18198 18199 18200 18201 18189 18197
8998 18202 18203 18204 18192 18196
8999 18198 18205 18206 18193
9000 18207 18208 18209 18201 18190
9001 18210 18211 18199 18205
9002 18210 18212 18213 18214 18215 18203 18216 18194 18206
9003 18212 18217 18209 18200 18211
9004 18215 18218 18219 18207 18191 18204
9005 18216 18202 18195
9006 18217 18213 18220 18219 18208
9007 18214 18218 18220
9008 18221 11218 18222
9009 11163 18223 18224 18190 18225 18221 11219
9010 10178 18226 18188 18227 18228
9011 10174 18229 18192 18226
9012 11217 18222 18225 18189 18227 18230
9013 11189 11164 18223 18231 11307
9014 18191 18224 18231 11312 10172 18229
9015 18232 18194 18233 10444 10198 10196
9016 18234 18195 18233 10443 10165
9017 18234 18196 18226 10175
9018 18232 18193 18235 18236 10193
9019 18197 18227 18237 18235
9020 11224 18238 18239 11129 11140 18240
9021 18241 18242 18243 18222 11228 18238
9022 18244 18199 18245 18241 18239 11128
9023 18245 18200 18246 18242
9024 18235 18198 18244 11121 18247
9025 18201 18246 18243 18225
9026 18248 18249 18204 18229 10173
9027 18202 18250 18248 10164 18234
9028 18249 18203 18250
9029 5489 3283 18251 18206 18232 10194
9030 3265 3282 18251 18205 18244 11120
9031 18210 18252 11776 5498 3299 18251
9032 5490 5495 18253 18254 18255 3255
9033 18256 18257 11781 5496 18253
9034 18258 18259 18257 11782 18252 18211 18245
9035 18260 18261 18258 18241
9036 18239 18260 18262 18263 11133
9037 18264 18254 18256 18259 18261 18262 18265
9038 3263 18255 18264 18266 11132
9039 18266 18265 18263 11134
9040 5540 11773 5504
9041 18267 18268 14949 5537 11775 18269 18270 18214
9042 18271 18268 14934 2820 10441
9043 18249 18215 18267 18271 10445 18272
9044 18212 18273 18269 11774 18252
9045 18270 18273 18213
9046 10446 18272 18250 18216 18233
9047 18274 18275 5722 11784 11809 18276 18277
9048 18273 18278 11783 5712 18275 18279 18217
9049 18278 11777 18269
9050 18242 18280 18277 18281 18282 18258
9051 18283 11806 18276 18281
9052 18284 11786 11810 18283 18282 18259
9053 11787 18284 18257
9054 18209 18279 18274 18280 18246
9055 10448 18272 18248 10163
9056 18285 18286 18287 18288 18289 18290 18291
9057 18292 18293 18285 18294
9058 18291 18294 18295 18296 18297
9059 18298 18299 18290 18297
9060 18300 18301 18302 18303 18296 18298
9061 18304 18305 18306 18303 18295 18292
9062 18300 18307 18289 18299
9063 18286 18308 18304 18293
9064 18309 18310 18302 18306
9065 18301 18307 18288 18311 18310
9066 18305 18309 18311 18287 18308
9067 18312 10252 6466 10491 18313
9068 18312 10254 18314 18315
9069 10492 18313 18315 18316 18294 18317
9070 6474 10256 13493 18318 18293 18319 10484
9071 10488 18319 18292 18317
9072 18285 18318 13492 10258 18314 18316
9073 5059 10496 18313 18320 18321
9074 18322 18315 18320 18323
9075 5060 18321 18323 18324 18325 18326 7460 10673
9076 18326 18327 7468
9077 10487 18317 18295 18328 18329 10672
9078 18330 18324 18322 18316 18291
9079 10669 18331 18297 18330 18325 18327 7467
9080 18296 18328 18332 10670 18331
9081 18329 18332 10671
9082 18319 18304 18333 18334 14286 10485
9083 13514 18335 18334 14287
9084 18308 18336 13494 13515 18335 18333
9085 18286 18336 13491 18318
9086 18287 18337 13607 13490 18336
9087 13563 13578 13556 13593 18338 18339 18340 18341
9088 18342 18341 13566 13397 13495 13513 18335
9089 18343 18338 13596 18337 18311
9090 18342 18333 18305 18344 18340
9091 18343 18339 18344 18309
9092 18345 18346 18321 5066 5037 18347
9093 18348 18349 18350 10253 6455 5031 18347 18351
9094 18345 18352 18353 18354 18351
9095 10250 18355 18356 18350
9096 18352 18357 18355 10251 18312 18320 18346
9097 18354 18358 18348
9098 18353 18357 18356 18349 18358
9099 18359 18360 18350 10248 6485 18361
9100 18347 18362 5030
9101 5029 18362 18351 18363 10288 4957
9102 18364 10291 18365
9103 18359 18366 18348 18363 10295 18364 18367
9104 18360 18349 18366
9105 18363 18354 18368 18369 10306 10289
9106 18370 10315 10298 18371
9107 18372 18373 18374 18359
9108 18364 18375 18376 10292
9109 10313 18369 18377 18378 18379 18370
9110 18380 18381 18373 18382 18378
9111 18376 18383 18380 18379 18371 10299
9112 18358 18366 18372 18382 18377 18368
9113 10307 18369 18384 18385 18386
9114 18387 18386 10308 14957
9115 5035 18362 18345 18388 18389 18390 4969
9116 18391 18392 18390 4970 4982 7431
9117 18393 18388 18352
9118 14960 18387 18385 18394 18391 7432
9119 18353 18393 18389 18392 18394 18384 18368
9120 18324 18395 18396 18397
9121 18398 18399 18397 18325 18400
9122 18401 18395 18323 18346 18388
9123 4971 18390 18402 18403 18400 18326 7461 10674 10467 10508 4984
9124 18404 18398 18403
9125 18389 18401 18396 18399 18404 18402
9126 14983 18405 18406 18407 18391 7443
9127 18408 18409 18403 18410 18406
9128 7469 18327 18400 18409 18411
9129 7475 18411 18408 18405 14982
9130 18407 18410 18402 18392
9131 14915 14986 18412 18413 18414 18415 18416 18417
9132 18418 18416 18419 14891
9133 18418 18415 18420 18421 18422 14892
9134 18423 18412 14987
9135 18405 18424 18413 18423 14985
9136 18419 18417 14921 14890
9137 18414 18420 18425 18406 18424
9138 18426 18427 18422 14893 14952
9139 18426 18428 18429 18387 14958
9140 18385 18430 18429
9141 18430 18428 18427 18421 18425 18407 18394
9142 18431 18432 18433 10311 18370
9143 18433 18434 18435 18429 18386 10312
9144 18436 18378 18437 18432 18434
9145 18437 18379 18431
9146 18430 18435 18436 18377 18384
9147 18438 18439 18440 18441
9148 18442 18443 18444 18441 18445 18446
9149 18438 18447 18448 18449 18450 18451 18452 18445
9150 18453 18454 18455 18448 18456 18440 18444
9151 18452 18457 18458 18446
9152 18457 18451 18459 18460 18461
9153 18462 18454 18463 18450 18459
9154 18464 18460 18462 18453 18443
9155 18447 18456 18439
9156 18464 18461 18458 18442
9157 18463 18455 18449
9158 18465 18439 18466 10639 18467
9159 18465 18438 18468 18469 18470 18471
9160 10731 10631 18467 18471 18472 18473 18474 18475
9161 18476 14970 7450 10658 10726 18475
9162 18477 18470 18472
9163 18478 18479 14962
9164 18480 18468 18441 18481 18482 7446 14965 18479 18483
9165 18484 18480 18469 18477 18473
9166 18440 18481 18485 18486 10657 18466
9167 18487 18485 18482 7447 10667 10660
9168 18486 18487 10661
9169 14975 18478 18483 18484 18474 18476
9170 18444 18488 18489 18481
9171 18489 18490 18491 7471 18482
9172 18490 18488 18443 18492
9173 14963 7472 18491 18492 18442 18493 18494 18479
9174 18495 18494 18483
9175 18480 18496 18446 18493 18495
9176 18468 18445 18496
9177 18497 18498 18460 18499
9178 18500 18501 18497 18502
9179 18501 18503 18504 18462 18498
9180 18464 18499 18502 18505 18492
9181 18506 18503 18500 18505 18490
9182 18453 18504 18506 18488
9183 18507 18494 18478 14961 14984 18423 18508
9184 18413 18509 18510 18511 18508
9185 18411 18512 18505 18491 7470
9186 18509 18513 18502 18512 18408 18424
9187 18493 18458 18514 18511 18507
9188 18514 18461 18499 18513 18510
9189 18515 18516 18517 18518
9190 10859 18519 18518 18520 18521 18522
9191 10863 13197 18523 18517 18519
9192 18524 18525 18521 18526
9193 18527 18528 18529 13182 18530 18524
9194 18531 18532 18533 13198 18523 18516
9195 18532 18534 18528 18535
9196 18534 18529 13195 18533
9197 18525 18527 18535 18531 18515 18520
9198 18536 18537 10854 18538
9199 18539 18540 10850 18538
9200 18541 18542 18543 18544 10827 10853 18540
9201 18544 10825 13241 18545 18546 18547
9202 18548 18549 18550
9203 18551 18542 18552 18546 18553 18548
9204 18543 18547 18552
9205 18550 18551 18541 18539 18536 18554
9206 18555 18556 18557 18558 9369 18559
9207 18560 18561 18555 18562
9208 18563 18560 18564
9209 9371 18565 10846 18566 18567 18558
9210 18567 18568 18569 18557
9211 10852 18538 18570 18568 18566
9212 18561 18563 18571 18536 18570 18569 18556
9213 18572 17602 18573 18574 18575 18576
9214 18577 17611 18573 18578
9215 18579 18580 10966
9216 10964 10944 18581 17614 18572 18582
9217 18583 18576 18582 10961 18579 18584
9218 18575 18583 18585
9219 17603 18573 18586
9220 18587 18588 18589 18590 18591 18592
9221 18593 18587 18594
9222 18591 18595 18596 18597
9223 18598 18596 18599
9224 18598 18600 18601 18602 18590 18595
9225 18593 18588 18603 18601 18604
9226 18602 18603 18589
9227 18605 18606 18607 18593 18608
9228 18609 18610 18611 18612 18613 18605 18614
9229 18615 18616 18617 18618
9230 18619 18603 18620 18613 18606
9231 18612 18621 18622 18617 18623 18601 18620
9232 18619 18588 18607
9233 18615 18624 18609 18625
9234 18626 18611 18621
9235 18616 18624 18610 18626 18622
9236 18627 18628 18629 18630 11063 18631 18632
9237 18633 11006 11060 18634
9238 11065 18635 18636 18628 18637 18638 18639 18640 11047
9239 11039 18640 18641 11058
9240 11059 11014 18633 18642 18643 18644 18639 18641
9241 18630 18645 11064
9242 18636 18629 18645 11052 18646
9243 18635 18646 11055
9244 18643 18647 18648 18649
9245 18648 18650 18637 18627 18651
9246 18650 18647 18644 18638
9247 18652 18653 18654 18655
9248 18656 18657 18658 18652 18659 18660 18661
9249 18662 18663 18664 18653 18659 18665 18666
9250 18667 18654 18664 18668
9251 18669 18663 18668 18670 18671 18672
9252 18662 18669 18673
9253 18674 18675 18676 18677 18672 18673 18666 18678 17884 18679
9254 18680 18670 18667 18655 18658 18681 18682 18676
9255 18683 18660 18665 18678 17879
9256 18684 18685 18661 18683 17895 18679
9257 18682 18686 18656 18685 18687 18675
9258 18657 18681 18686
9259 18674 18684 18687
9260 18680 18671 18677
9261 18688 18689 18690
9262 18691 18692 18688 18693 18694 18695 18696
9263 18697 18698 18689 18693 18699 18700
9264 18701 18692 18690 18698 18702 18703
9265 18704 18697 18702 18705
9266 18706 18707 18708 18703 18705 18709 18710
9267 18701 18691 18711 18708
9268 18712 18699 18694 18713 18714
9269 18715 18695 18713 18716 18706
9270 18711 18696 18715 18707
9271 18709 18704 18700 18712 18717
9272 18717 18714 18716 18710
9273 18718 18719 18720 18721 18722
9274 11092 18723 18718 18724
9275 18725 18701 18726 18727 18719 18723 11096
9276 18690 18728 18727 18720 18729 18730 18731
9277 18726 18728 18692
9278 11109 18732 18733 18722 18724 11082
9279 11119 18734 18703 18725 11105
9280 18733 18721 18729 18735 18736
9281 18730 18737 18738 18735
9282 18731 18737 18739 18698
9283 18736 18738 18739 18702 18734 11116 18732
9284 11112 18740 18741 18710 18742 18743 11101
9285 18744 18706 18742
9286 18743 18744 18707 18745 11104
9287 18740 18746 18705 18734 11117
9288 18745 18708 18725 11095
9289 18746 18709 18741
9290 18747 18748 11967 18749
9291 18742 18716 18750 18747 18751 18752
9292 18752 18743 11102 18753
9293 18754 11971 18755
9294 18740 18756 18757 11111
9295 18756 18741 18717 18758 18759 11970 18754 18760
9296 18761 18759 11969
9297 18750 18714 18758 18761 11968 18748
9298 11201 18762 18763 18764 5261 11182
9299 18764 18765 18766 18767 5295 4813 5258
9300 18768 18769 18763 18765
9301 18770 18771 18772 11184 11198
9302 11185 18772 18773 18767 5283 4822
9303 18769 18774 18770 11200 18762
9304 18766 18773 18771 18774 18768
9305 11316 18775 18776 18777 15649 5280
9306 15650 18777 18778 18779 18780
9307 11181 18781 18782 11302 5274
9308 5282 15651 18780 18783 18784 18767
9309 18785 18779 18783
9310 18786 18787 18775 11315 18782
9311 18788 18786 18781 11188 18772
9312 18784 18785 18778 18776 18787 18788 18773
9313 18789 18790 18791 16874 16791 15926 18792
9314 15927 18792 18793 18794 18795
9315 18796 18797 16800 16873 18798 18799 17498 17486 15817
9316 18800 18791 16869 18801 18802 18803 18804
9317 18805 18796 15820
9318 16792 18797 18805 15819 15924
9319 18806 18807 17424 17499 17483 18808 18809
9320 18810 18798 16867 18801
9321 18811 18802 18810 18799 17494 17468 18807
9322 18812 18800 18790 18813 18794 18814
9323 18795 18814 18815 18816 15928
9324 18815 18812 18804 18817 18809 18818
9325 15796 17485 18808 18818 18816 15922
9326 18803 18811 18806 18817
9327 18813 18789 18793
9328 18819 16158 16775 18820
9329 18819 16157 18821 18822 18823 18824 18825
9330 18824 18826 18827
9331 16776 8823 11366 11415 18828 18827 18825 18820
9332 18829 18830 16155 16176 7949 11365 11420 18831
9333 18832 18830 16156 18821
9334 11421 18831 18833 18823 18826 18828
9335 18833 18829 18832 18822
9336 18834 18835 18836 5366 18837
9337 18838 5370 18837 18839 18840 11353
9338 5352 5369 18836 18841 18842 11356
9339 18843 18835 18841 18844
9340 18842 18844 18845 18846 11355
9341 18838 5371 5345 11350
9342 18840 18847 18846 11347
9343 18845 18843 18834 18839 18847
9344 5367 18837 18848 18849
9345 17147 18850 18851
9346 5363 9296 17158 18851 18852 18853 18854 18855
9347 5368 18849 18856 18855
9348 5365 5362 9299 9281 18857 18836
9349 18858 18852 18850 17166 18859 17127 18860 18861
9350 18862 18858 18853
9351 18863 18860 17134 9284 18857 18835
9352 18859 17161 17128
9353 18854 18862 18861 18863 18834 18848 18856
9354 17155 18864 18865 18866 18867
9355 18868 18869 18867 17157 18870
9356 18870 17148 18850 18871 18872
9357 18859 17165 18864 18873 18874 18875 18876 18877 18878 17125
9358 18876 18879 18880
9359 18879 18875 18881 18882
9360 18883 18884 18868 18872 18885 5418
9361 5419 18883 18886 18882 18880 18877 18887 18888 18889 18890
9362 18891 18873 18865
9363 18866 18891 18874 18881 18886 18884 18869
9364 18888 18892 18893
9365 18887 18878 17126 18860 18894 18892
9366 18895 18852 18871 18885 5417
9367 18890 5420 18895 18858 18896
9368 18861 18894 18893 18889 18896
9369 18886 18897 18898 18899 18900
9370 18899 18901 18902 5432 18903
9371 18904 18905 18906 18907 18898 18901 18908 18909
9372 18910 18880 18911 18906
9373 18912 18905 18910 18877
9374 18882 18911 18907 18897
9375 18913 18890 5426 18902 18908 18914 18915
9376 18887 18912 18904 18916 18917
9377 18916 18909 18914 18918
9378 18888 18917 18918 18915 18919
9379 18883 18900 18903 5430
9380 18919 18889 18913
9381 11342 18920 18921 18922 5652
9382 18923 18924 9283 5683 5657
9383 18923 18925 5637
9384 18926 18927 18922 5632
9385 18841 18857 9282 18924 18925 5656 18926 18928 18929
9386 18842 18929 18930 18920 11357
9387 18927 18928 18930 18921
9388 18931 18922 5633 12156 5881 18932
9389 18933 18934 18935 18936
9390 11340 18937 18938 18935 18939
9391 5876 18932 18940 18933 18941
9392 11341 18920 18942 18937
9393 18942 18921 18931 18940 18934 18938
9394 18943 18944 18945 18946 18947 18948
9395 18947 18949 18950 18951 18952
9396 18948 18952 18953 18954 18955 18956
9397 18949 18957 18958 18959 18960 18961 18946
9398 18962 18956 18943 18963
9399 18964 18965 18966 18960 18967 18944 18963
9400 18967 18961 18945
9401 18968 18965 18969 18970 18971 18972 18973
9402 18974 18968 18964 18962 18955
9403 18959 18975 18969 18966
9404 18950 18957 18976 18977 18978
9405 18979 18973 18974 18954
9406 18953 18951 18978 18980 18981 18972 18979
9407 18975 18958 18976 18982 18983 18970
9408 18971 18983 18984 18981
9409 18977 18982 18984 18980
9410 16845 18985 18986
9411 18987 18988 16848 18985 18989 18990
9412 18991 16799 16819 18992 18993
9413 18994 16852 16805 18995 18957
9414 18994 16851 18996 18987 18997 18958
9415 18959 18997 18990 18998 18999
9416 19000 19001 16818 18992 19002 18961
9417 18991 16788 18995 18949 19003
9418 16815 16849 18986 18989 18998 19004 19001
9419 18988 18996 16850
9420 19003 18946 19002 18993
9421 18999 19004 19000 18960
9422 11371 7937 19005 15416 19006 19007 10645
9423 10644 19007 19008 19000 18967 19009 11372
9424 15418 19006 19008 19001 16816
9425 19010 18992 16820 15419 8943 7940 11369
9426 8941 15420 19005 7938
9427 19010 19002 18945 19009 11376 11424 11368
9428 19011 13765 6832 13664
9429 19012 13720 13804 13673
9430 19012 13736 13696 19013 19014 13674
9431 19015 19016 19014 13670
9432 19017 19018 13762 13687 19013 19016 19019
9433 19015 19019 19020 19021 13764 19011 13671
9434 19022 19018 13763 19021
9435 19022 19017 19020
9436 19023 19024 19025 19026 19027
9437 19028 19029 19030 19024 19031
9438 19032 18971 19033 19034 19030 19025 19035
9439 19036 19037 19038 19039
9440 19040 19041 19039 19042
9441 19043 19044 19045 19038 19042 19046 18968 19047
9442 19048 19049 19033 18970
9443 19031 19023 19050 19051
9444 18969 19048 19052 19053 19054
9445 19055 19056 19029 19034 19049 19052 19057 19037 19045
9446 19058 19053 19057 19036 19041
9447 19059 19056 19028 19051 19060 19043
9448 19060 19050 19027 19061 19062 18973 19047
9449 19040 19058 19054 18965 19046
9450 18972 19032 19063 19062
9451 19059 19055 19044
9452 19063 19035 19026 19061
9453 19064 19065 19066 19067 19068
9454 19069 19070 19071 19072 19073 19067 19074
9455 19075 19076 19077 19078 19079 19068 19074
9456 19080 19081 19082 19083 19084 19078
9457 19085 19086 19080 19079 19064
9458 19087 19088 19089 19066 19073 19090
9459 19091 19092 19089 19065 19085 19093 19082
9460 19094 19095 19096 19097 19084 19077 19098
9461 19094 19099 19100 19071 19101
9462 19102 19087 19103 19095 19099
9463 19100 19102 19090 19072
9464 19104 19070 19101 19098 19076
9465 19105 19092 19088 19103 19096
9466 19069 19104 19075
9467 19091 19105 19097 19083
9468 19106 19107 11591 11552
9469 19106 19108 19067 19109 11664 11611 11573
9470 19107 19108 19068 19110 11580
9471 15111 11583 19110 19064 19111 11647 11671 15113 11619
9472 19112 11649 19111 19065
9473 19112 11651 11668 19109 19066
9474 11596 19113 19071 19114
9475 11610 11666 19115 19072 19113
9476 19116 19070 19114 11594 11562
9477 19109 11665 19115 19073
9478 19074 19108 19117
9479 19106 19117 19069 19116 11553
9480 11581 19107 19117 19075 19118 11512 19119 11546 19120
9481 19110 19079 19121 19122 11579
9482 11549 19123 19077 19124 11511 19119
9483 11545 19123 19078 19121 19125
9484 19076 19124 11509 19118
9485 19080 19126 19121
9486 19127 19083 19128 11541 19129
9487 11543 19128 19084 19123
9488 19082 19127 19130
9489 8273 11645 19111 19085 19131
9490 19132 3231 19133 19134 19135 19136
9491 19133 19137 19138 11832 3038 8296 3232
9492 19134 19137 19139
9493 3230 19132 19140 19087 19141
9494 19142 19136 19140 19088
9495 19142 19135 19139 19138 11833 8301 11648 19112 19089
9496 19115 11667 3235 19141 19090
9497 19119 11547 15558 11524 11522 11513
9498 15556 15519 19143 19097 19128 11540
9499 19124 19098 19144 19145 15517 11508
9500 19146 19147 19096 19143 15518 19145
9501 19146 19148 19094 19144
9502 19147 19095 19148
9503 19114 19101 19144 19149 9316 3097 11593
9504 9311 19150 19146 19149
9505 19148 19150 9307 19151 19099
9506 19100 19151 9317 11595 19113
9507 9304 19152 19140 19103 19147 19150
9508 9300 17168 3244 19132 19152
9509 19102 19141 3237 17167 9306 19151
9510 11560 3095 19153 3132 3106
9511 3085 5377 5343 3130 19153
9512 19149 9310 9327 15521 19145
9513 3139 11510 19118 19104 19116 11554
9514 19154 19155 19156 19157 19158
9515 19154 19159 19160 19161 19162
9516 19155 19159 19163
9517 19164 19160 19163 19156 19165 19166
9518 19167 19158 19162 19168 19169
9519 19161 19164 19170 19168
9520 19167 19157 19165 19171
9521 19170 19166 19171 19169
9522 9487 9947 11754 17978
9523 19172 17977 9466 9921 19173 19154
9524 19173 9949 11746 19174 19155
9525 19175 17980 19176 11748 19177 19157
9526 19158 19172 17974 19175
9527 19174 11755 19177 19156
9528 19178 9464 9924 17733 17764 9442
9529 9445 15585 9468 17975 19172 19162 19179
9530 9446 17763 17751 17739 9974 11705 19180 19161 19179
9531 19159 19173 9922 11758 19181
9532 19178 9463 15581 9443
9533 19160 19181 11763 11684 11710 19180
9534 19174 19163 19181 11757 11683 11745
9535 19166 19182 11723 15560 11738 19183
9536 19165 19177 11747 11701 11726 11718 19182
9537 19164 19180 11706 15566 11729 19183
9538 19184 19169 19185 11737 15561 19186
9539 19185 19168 19179 9462 11731
9540 19167 19175 17973 19187 19184
9541 19183 19170 19185 11730
9542 11717 19182 19171 19184 19188
9543 19189 19190 19191
9544 19190 19192 19193 19194 19195 19196
9545 19197 19198 19191 19196 19199 19200 19201
9546 19189 19192 19202 19203 19198
9547 19204 19202 19193 19205 19206
9548 19205 19194 19207 19200 19208
9549 19209 19204 19203 19197
9550 19195 19199 19207
9551 19208 19206 19209 19201
9552 19210 19211 5779
9553 19212 19213 19214 19215 19216 17910 5780 19210
9554 19211 19212 19217 19208 19218 19219 5778
9555 19220 19214 19221 19194
9556 19222 19207 19220 19215 19223 12310 19224
9557 19213 19221 19205 19217
9558 19225 12309 5784
9559 19226 12301 12063 17904
9560 12311 19226 17909 19216 19223
9561 19225 12307 19224 19227 19219 5775
9562 19222 19200 19218 19227
9563 19228 19229 19230 19231 19209 19232 19233 11114
9564 19232 19197 19234 19235 18704 18746 18756 19236
9565 19237 19238 19239 19234 19203
9566 19240 19241 18738 19242 19238
9567 19235 19239 19242 18739 18697
9568 18736 19241 19243 19244 19229 19245
9569 18732 19245 19228 11108
9570 19246 19244 19230
9571 19246 19243 19240 19237 19204 19231
9572 19247 19248 12277 19249
9573 19250 19249 12278 19251 19252
9574 19253 19254 19252 19255 19256 12306 19224
9575 19257 19258 19247 19250 19254 19259 19195 19220
9576 19260 12276 12294
9577 12275 19248 19258 19261 19223 12314 19260
9578 19257 19261 19215
9579 19199 19259 19253 19222
9580 19255 19251 12279 12313 19262
9581 19256 19262 12312
9582 19263 19264 19265 19266
9583 19267 19268 19269 19263 19270 19271
9584 19264 19272 19273 19270
9585 19274 19275 19276 19265 19272 19277
9586 19273 19277 19278 19279 19271
9587 19266 19276 19280 19281 19269
9588 19267 19279 19282 19275 19280 19283
9589 19274 19278 19282
9590 19281 19283 19268
9591 12253 19284 19271 19285 19286 17691 12269
9592 19285 19267 19287
9593 19288 19268 19287 19286 17689 12263 12223 19289
9594 19290 19291 19263 19292
9595 19293 19288 19269 19292 19294 12146 12203
9596 19290 19295 12147 19294
9597 12254 19284 19270 19291 19295 12148
9598 12229 19289 19293 12201 12174
9599 19296 19297 19298 19299 19300
9600 19287 19283 19301 19300 19302 19303 19304 17681 19305
9601 19306 19307 19308 19309 19296 19302
9602 17678 19310 19311 19312 19313 19314 19307 19315 19304
9603 19316 17679 19310 19317 19318 19319 19320 19282
9604 19321 19322 19297 19309
9605 19312 19323 19324 19325
9606 19324 19326 19318 19327
9607 19323 19326 19317 19311
9608 19305 17680 19316 19279 19285
9609 19306 19315 19303
9610 19320 19328 19329 19330 19275
9611 19331 19329 19332
9612 19280 19330 19332 19333 19299 19301
9613 19314 19334 19321 19308
9614 19333 19331 19328 19319 19327 19325 19313 19334 19322 19298
9615 19335 5844 19336 19304 17684 9429 17783
9616 5841 17777 19337 19338 19315 19336
9617 5843 17784 19335
9618 17782 19339 17668
9619 19340 19311 19341 17781 19339 17683
9620 19342 17774 19343 19307 19338
9621 19314 19344 19345 17779 19343
9622 17778 19342 19337
9623 19340 17682 19310
9624 19312 19341 17780 19345 19346
9625 19344 19346 19313
9626 19347 19348 19262 12320 19349 19350 19351
9627 19352 19353 19348 19256 12305 19354 19355
9628 19356 19357 19358 19347 19353 19359
9629 19360 19351 19358
9630 19361 12318 19362 19350 19360 19357 19363
9631 19354 12321 19361 19364 19365
9632 19366 19356 19363 19364 19367
9633 19349 12317 19362
9634 19366 19359 19352 19368
9635 3323 19369 19370
9636 19361 12319 19371 3321 19372
9637 19369 3322 19372 19364 19373
9638 19354 12308 19225 5776 19374
9639 3316 1445 19375 5822 19376
9640 19371 12304 5823 19375 1444 3315 3320
9641 19377 19378 12126 19379
9642 19377 19380 19381 19382 19383 19384
9643 19385 19380 19378 12127
9644 12124 19385 19381 19386 19387 19388
9645 19386 19382 19389
9646 19383 19389 19387 19390
9647 19391 19392 19381
9648 19382 19393 19394 19395 19392
9649 19391 19395 19396 19397 19380
9650 19398 19394 19396 19399 19400
9651 19397 19399 19401 19377
9652 19398 19393 19383 19402
9653 12122 19403 19404 19405
9654 19385 19391 19406 19403 12123
9655 19404 19406 19392 19386 19407 19408
9656 19407 19387 19409
9657 11883 14506 14503 19410 19411 19412 19413
9658 14507 14487 19414 19415 11863
9659 11882 19415 19416 19417 19418
9660 19419 19411 19420 19416 19414 14496
9661 14504 19419 19410
9662 19421 19413 11880 19418
9663 19417 19420 19412 19421
9664 19422 19423 19424 19425 17164
9665 19422 19426 19427 19428 19429 3036 8289 11662 17171
9666 19430 19423 19426
9667 9357 19431 19429 3028
9668 11663 9355 19432 19433 19425 17159 19434
9669 11657 19434 17152
9670 9356 19432 19435 19428 19431
9671 19435 19427 19430 19424 19433
9672 19436 19437 19438 19439
9673 19440 19441 19442
9674 19443 19444 19445 19446
9675 19441 19447 19448 19449 19450 19443 19451
9676 19452 19453 19454 19438 19455 19445
9677 19456 19457 19454 19437 19458 19459 19449
9678 19457 19453 19460
9679 19452 19460 19456 19450 19444
9680 19461 19459 19448
9681 19447 19461 19458 19436 19462 19440
9682 19463 19464 19465 19438 19466 11953
9683 19463 19467 19468 19469 19470 11957
9684 19467 19471 19464
9685 19437 19472 19468 19471 19465
9686 19469 19472 19436 19473
9687 19474 19475 19476 19443 19477 19478 19479
9688 19480 19444 19477 19481 19482 19483
9689 19445 19480 19484
9690 19485 19486 19474 19487 19488
9691 19475 19487 19489
9692 19482 19490 19491
9693 19492 19478 19481 19490 19493 19485
9694 19479 19492 19486
9695 19494 19495 19496 19497 19498 19499 19500
9696 19501 19502 19503 19504 19505
9697 19506 19507 19508 19509 19500 19510 19505
9698 19511 19512 19513 19514 19503
9699 19515 19516 19517 19518 19511 19502 19519
9700 19498 19520 19521 19522 19513 19523
9701 19524 19525 19519 19501 19506
9702 19526 19515 19525 19527
9703 19512 19522 19528 19518
9704 19529 19497 19520
9705 19496 19529 19521 19528 19517 19530
9706 19531 19526 19516 19530 19495 19532 19533
9707 19531 19527 19524 19507 19534
9708 19532 19494 19509 19535
9709 19534 19533 19535 19508
9710 5739 19536 19537 19538 11918 5810 12037
9711 5826 11923 11894 19539 19540
9712 19540 5830 12038 5736 19541
9713 19542 19536 5740 19543
9714 19542 19537 19544 19545 19546
9715 19547 19544 19538 11920
9716 19547 19545 19548 11921
9717 19549 19550 19500 19551 19545
9718 19547 19549 19552 19508 19553 19554 11924
9719 19509 19550 19552
9720 19505 19555 11933 11926 19556
9721 11936 19555 19506 19557 19554 11912
9722 19557 19507 19553
9723 19558 19517 19559
9724 19559 19560 19561 19562 19516
9725 19563 19518 19558 19560 19564 19565 19566 19567
9726 19568 19566 19569 18158
9727 19569 19565 19570 18159
9728 18162 11887 19571 19519 19572 19573
9729 18160 19570 19564 19561 19574
9730 19511 19563 19575 19576
9731 19577 19578 19575 19567 19568 18157
9732 19502 19576 19578 19579 19572
9733 11889 18161 19574 19562 19515 19571
9734 19577 18156 19573 19579
9735 11935 19580 19573 18170 11884 3221 1457
9736 5855 19581 19525 19571 11886
9737 11907 19582 19557 19524 19581 5857 1448
9738 19582 19554 11911
9739 19555 19501 19572 19580 11932
9740 19583 17794 18166
9741 19574 19584 17795 19583 18167
9742 19581 19527 19585 17789 5854
9743 19526 19562 19584 17796 19585
9744 9439 19586 5852
9745 19586 9427 17792 19335 5853
9746 19565 19587 19588 19589
9747 19588 19590 19591 19592 19593 19594 19595
9748 19587 19590 19596 19597 19598 19599 19600 19564
9749 19558 19528 19601 19602 19599 19603
9750 19600 19603 19560
9751 19604 19595 19589 19566
9752 19604 19594 19605 19567
9753 19606 19607 19608
9754 19605 19593 19609 19610 19607 19611 19512 19563
9755 19522 19611 19608 19612 19597 19613 19601
9756 19609 19614 19592
9757 19598 19613 19602
9758 19610 19606 19612 19596 19591 19614
9759 19602 19615 19616 19617 19618 19619 19529 19620
9760 19621 19615 19599 19622
9761 19620 19601 19521
9762 19621 19616 19623 19624
9763 19624 19625 19626 19627 19530 19559 19603 19622
9764 19623 19617 19628 19625
9765 19628 19618 19629 19626
9766 19496 19619 19629 19627
9767 19584 19561 19600 19622 19630 19631 17801
9768 19632 19633 19634 19626 19635 19636
9769 19495 19627 19635 19637
9770 19638 19639 19636 19637 19532 19640
9771 19640 19641 19533
9772 17790 19642 19643 19638 19641 19531 19585
9773 19643 19644 19632 19639
9774 19644 19633 19645 19646 19631 17786 19642
9775 19645 19647 19625 19634
9776 19647 19624 19630 19646
9777 1450 11910 5827 19375
9778 19648 19649 19643 19650 19651
9779 19652 19638 19650 19653 19654
9780 19371 12303 19655 19337 17791 5848 3326
9781 19656 19651 19653 19657 12297
9782 11909 19658 19654 19657 12299 5815
9783 12302 19656 19648 19659 17776 19342 19655
9784 17785 19642 19649 19659
9785 19582 19553 19534 19641 19652 19658 11908
9786 19660 19652 19640 19535 19552 19661 19538 11917
9787 19658 19660 11919
9788 19549 19661 19544
9789 9798 19662 19663 19664
9790 19665 19666 19667 19668 19669 19663
9791 9802 11937 19670 19671 19672
9792 19670 11940 19673 19674
9793 19662 9807 19675 19676 19665
9794 19677 19678 19672 9796 19675
9795 19679 19680 19681 19682 19683 19668
9796 19684 19682 19685
9797 19676 19677 19686 19666
9798 19687 19673 11946 11951 19688 19689 19680
9799 19689 19681 19684 19690
9800 19679 19687 19674 19671 19678 19686 19667
9801 19668 19691 19692 19607 19693 19694
9802 19593 19695 19696
9803 19697 19666 19698 19699 19609 19695
9804 19611 19693 19700 19513
9805 19663 19701 19702 19703
9806 19701 19665 19697 19696 19605 19575 19704
9807 19503 19576 19704 19702 19705
9808 19699 19706 19692 19610
9809 19698 19706 19691 19667
9810 19707 19708 19709 19710 19711 19712 19713
9811 19707 19714 19715 19716 19717
9812 19708 19718 19719 19714
9813 19720 19709 19718 19721 19722 19723 19724 19725
9814 19715 19719 19721 19726
9815 19716 19726 19722 19727 19728
9816 19727 19723 19729 19730
9817 19731 19732 19725 19733 19734
9818 19731 19735 19711 19736 19737
9819 19736 19712 19738
9820 19724 19729 19739 19733
9821 19732 19720 19710 19735
9822 11051 18646 19740 19741 19742 11088 19743
9823 19744 19745 19740 18635 11056 11045 19746
9824 19744 19747 19748
9825 11054 19743 11087 19749
9826 19747 19745 19741 19750 19751
9827 11089 19742 19750 19752
9828 11986 19753 19754 19733 19755 19756
9829 19756 11988 19757 19758
9830 11984 19757 19759
9831 11989 19760 19761 19762 18748
9832 19763 19761 19764 19754 19725
9833 18747 19762 19763 19732 19765 19766
9834 19760 19764 19753 11975
9835 19731 19765 19767
9836 19768 19769 19770 19771 19736 19772 19750
9837 19773 19770 19774 19775
9838 19776 19769 19773 19777 18696
9839 18744 18715 19777 19775 19778 19735 19765 19779 18752
9840 19711 19778 19774 19771
9841 19768 19776 18711 18745 11094 19742
9842 19780 19775 19781 19782 19783
9843 19762 19784 19783 19785 18713 18750
9844 19786 19782 19784 19763 19720
9845 19710 19786 19781 19778
9846 19780 19785 18695 19777
9847 19787 11983 19757 19788
9848 19787 11981 19789
9849 19790 12053 12014 17912 5792 19791
9850 5785 19211 19792 19793 19794 19795
9851 19796 19797 19794 19798
9852 19790 12056 12015 19799 19800 19796 19801
9853 5794 19795 19798 19801 19791
9854 17911 5793 19210 19792 19802 19799 12016
9855 19793 19802 19800 19797
9856 19803 19804 19805 12018
9857 19806 19803 12019 19799
9858 19261 19807 19808 17907 19216
9859 19809 19810 19811 19807 19257 19214
9860 12017 19805 19812 19813 19811 19808 17903
9861 19814 19813 19810 19815 19816
9862 19815 19809 19213 19817
9863 19818 19816 19817 19212 19792
9864 19818 19814 19812 19804 19806 19802
9865 19819 19820 19821 19822 19823 19824
9866 19822 19825 19826 19827 19828 19829
9867 19829 19821 19830 19831 19832 19833
9868 19825 19823 19834 19835
9869 19836 19835 19826 19837
9870 19820 19830 19838
9871 19836 19834 19824 19839 19840
9872 19839 19819 19838 19831 19841
9873 19842 19821 19843 19844 19845
9874 19829 19842 19846
9875 19843 19830 19847 19848
9876 19831 19847 19849 19850
9877 5825 19540 19851 19852
9878 12071 5732 19853
9879 5786 19795 19854 19855
9880 19856 19791 5800 19857
9881 19858 19798 19854 19859
9882 19856 19801 19858 19860
9883 422 415 11892 19861 19862
9884 12054 19790 19856 19863
9885 420 19864 19865
9886 19866 19867 19868 19869 19870
9887 19871 19872 19866 19873
9888 19867 19872 19874 19875 19876
9889 19868 19876 19877 19878 19879
9890 19871 19874 19880 19878 19881 19882
9891 19881 19879 19869 19883
9892 19875 19880 19877
9893 19875 19884 5768 19885 19886 19887 19888
9894 19889 19890 5770 17944 17870 12084 19891 19892 19893
9895 19886 19894 19889 19895
9896 19887 19895 19893 19896 19897 19898
9897 19874 19899 19900 5762 19884
9898 19901 12081 17933 5766 19902 19899 19872
9899 19892 19903 19896
9900 12085 19891 19903 19897 19904
9901 19904 19898 19888 19876 19905 12086
9902 19905 12080 19901 19867
9903 19820 19906 19907 19880 19884 5763 19908 19909 19843
9904 19881 19910 19906 19838 19847 19911
9905 19899 19912 19871
9906 19878 19907 19910
9907 19822 19913 19886 19914 19842
9908 19913 19887 19915 19823
9909 19915 19888 19877 19907 19916 19824
9910 19906 19916 19819
9911 19917 12070 19918
9912 19917 12065 5730 19919
9913 19800 19806 19920 19921 19922 19923
9914 12023 19924 19921 19925 19926 12073
9915 19924 19920 19803 12020
9916 19927 19928 19923 19796 19858 19929
9917 19928 19922 19925 19930 19931
9918 19931 19927 19932 19933
9919 19931 19934 19869 19935 19936
9920 19937 19938 12118 19939 19940 19941 19928 19936
9921 19942 12117 19905 19868 19935 19937
9922 19943 19944 19945 12116 19901 19866 19946
9923 19943 19947 19948 19925 19949
9924 19942 12119 19938
9925 19945 12110 19939 19950
9926 19948 19951 19941 19922
9927 19947 19944 19950 19940 19951
9928 17934 17932 19952 19953 19954
9929 19955 19956 12115 19957 19953 19958 19943
9930 12102 17924 19952 19957
9931 12105 19956 19959 19945
9932 19959 19955 19944
9933 19941 19960 19961 19797 19923
9934 19962 19963 19814 19964
9935 19965 19966 19963 19812
9936 19948 19967 19968 19921
9937 19793 19818 19964 19969 19961
9938 19920 19968 19970 19965 19804
9939 19969 19962 19966 19970 19967 19951 19960
9940 12076 17897 19971 19972 19973 19974 19975 19968 19924 12021
9941 19971 19976 19977 17899
9942 12022 17898 19977 19978 19979 19980 19965 19805
9943 19981 19982 19972 19976 19978
9944 19973 19983 19982
9945 19984 19974 19983 19981 19979
9946 19975 19984 19980 19970
9947 19985 19986 19987 19988 19961 19794 19854 19989
9948 11107 19228 19990 19985 19991
9949 19992 19219 5774 19993
9950 19992 19218 19201 19232 19994
9951 19995 19229 19990 19986
9952 19231 19996 19817 19217 19206
9953 19964 19997 19987 19995 19230 19996 19816
9954 19969 19997 19988
9955 19998 19999 20000 20001 20002
9956 20003 20004 20001 20005 20006
9957 20007 20002 20005 20008 20009
9958 20004 20010 20011 20012 20013 20000
9959 20014 20015 20010 20003 20016
9960 20017 20018 20014 20019 20020
9961 19998 20021 20012 20022 20023 20024 20007
9962 20021 20013 19999
9963 20025 20022 20011 20015 20018
9964 20023 20025 20017 20026
9965 20001 20027 18724 11081 20028
9966 20028 20002 20029 20030 11085
9967 19743 11053 18645 20031 19999 20032 18723 11091
9968 20000 20032 18718 20027
9969 19998 20031 18630 11066 20033 20029
9970 20005 20028 11080 20034
9971 20027 18722 20035 20036 20037 20004
9972 20035 18733 19245 19990 20038
9973 19985 20038 20036 20039 20040
9974 20037 20039 20041 20003
9975 20007 20029 20042 20043
9976 20044 20045 12112 20046 20047 20035 18721
9977 20047 20048 12121 19938 20049 20036
9978 20050 19904 12120 19942 20049 20037 20010
9979 20046 12108 20048
9980 20051 20052 20053 20054 20044 18720
9981 20055 20056 17875 12113 20045 20054
9982 18719 20051 20057 20013 20032
9983 20052 20058 20059 20060 19903 20061 20012 20057
9984 12092 17873 20062 20060 19891
9985 20056 17874 20062 20059 20063
9986 20058 20063 20055 20053
9987 20050 19897 20061 20011
9988 20015 20050 19898 19915 19834 20064
9989 19839 19916 19910 19879 19935 20065 20066
9990 19836 20064 20014 20067
9991 20039 20049 19937 20065 20068
9992 20017 20069 19826 20070 20071
9993 20069 20018 20064 19835
9994 19940 20072 20073 20074 19988 19960
9995 19927 19936 20065 20075
9996 20076 20048 12109 19939 20072
9997 20074 20077 19987
9998 20047 20076 20073 20077 19986 20038
9999 20078 20079 20080 20081 20082 20083 20084 20085 18627
10000 18628 20078 20086 20087
10001 18629 20087 20088 20089 20090 20057 20021 20031
10002 20091 19892 20060 20092 20093 20084 20094 20095
10003 20093 20083 20096
10004 20082 20096 20092 20059 20097
10005 20095 20098 20023 20099
10006 20100 20081 20097 20058 20101
10007 20052 20101 20102 20090
10008 20103 20080 20100 20102 20089
10009 20061 19896 20091 20098 20022
10010 20103 20079 20086 20088
10011 20104 20089 20105 18726 18691 19776
10012 20105 20090 20051 18727
10013 18636 20087 20106 19740
10014 20106 20088 20104 19768 19741
10015 19825 19913 19895 20107 20098 20025 20069
10016 20107 20091 19893
10017 20095 20107 19889 20108
10018 20109 20110 20111
10019 20112 20109 20113 6224 20114 20115
10020 20110 20113 6234 20116 20117
10021 20118 20119 20120 20121
10022 20122 20116 6232 20123 20121 20124
10023 20111 20112 20125 20126 20122 20117
10024 20127 20128 13329 20129 20115 20125
10025 13327 20130 20119 20131 20128
10026 20118 20131 20127 20126 20124
10027 20132 20133 12538 12508 17332 20134
10028 20135 20134 17319 20136 20137
10029 20136 17333 20138 20139
10030 20140 20141 20142 20143 20139 20137
10031 20144 20145 20146 20147 20141
10032 20147 20148 20132 20135 20140
10033 20148 20133 12535 12517 20149 20150 20146
10034 20145 20150 20151 20152 20153
10035 20154 20152 20155 17328 20138 20143
10036 20154 20153 20144 20142
10037 20156 20157 16694 17345 20158 20159
10038 16693 20160 20152 20161 20157
10039 20138 17329 17348 20158 20162
10040 20163 20143 20162 20159
10041 20161 20154 20163 20156
10042 20164 20165 20166 20167 20168
10043 20166 20169 20170 20171
10044 20169 20172 20173 20174 20165
10045 20167 20171 20175 20176 20177
10046 20178 20179 20175 20170 20172
10047 20180 20181 20177 20168 20182
10048 20164 20174 20183 20182
10049 20176 20179 20184 20181
10050 20180 20183 20173 20178 20184
10051 20185 20173 20186 20187
10052 20169 20188 20189 20190
10053 20191 12583 20192 20190 20165
10054 20185 20193 20188 20172
10055 12581 20194 20186 20174 20191
10056 20178 20185 20195 20196
10057 20188 20170 20197 20198
10058 20199 20200 20197 20175
10059 20179 20196 20201 20199
10060 20202 20182 20203 20204 6124 12754
10061 20205 12570 12589 20191 20164 20202 12755 20206 6082
10062 6091 20206 12756
10063 12794 20207 20208 12753 12771
10064 20208 20209 20210 6129 12749
10065 12569 20205 6086
10066 6128 20204 20211 12607 20212 20210
10067 12793 12603 20212 20209 20207
10068 12609 12792 20213 20186 20183 20203 20211
10069 12606 12624 20214 20196 20184 20215 20211
10070 20203 20180 20215
10071 20216 20217 20218 20219 20220 20221
10072 20222 20223 20221 20224 20225 20226
10073 20227 20224 20216 20228 20229 20230 20231
10074 20232 20233 20226 20234 20231
10075 20235 20236 20230 20232
10076 20235 20237 20219 20238 20222 20233
10077 20236 20229 20239 20218 20237
10078 20227 20225 20234
10079 20220 20223 20238
10080 20240 20241 20199 20176 20242 20220
10081 20243 20218 20244
10082 20242 20177 20245 20246 20221
10083 20247 20167 20245
10084 20246 20247 20171 20197 20248 20216
10085 20243 20219 20240 20249
10086 12764 20202 20168 20245 20250 20225 20251 20252
10087 20224 20246 20250
10088 20253 20252 12757 6123
10089 12438 20254 20223 20242 20181 20215 20204 6125
10090 20255 20226 20251 20253 6127 12440
10091 20255 20222 20254 12441
10092 20251 20234 20256 20257 20258
10093 20259 20231 20256 20260
10094 20261 20260 20257 20262 20263
10095 6132 12421 12484 20264 20263 20265
10096 6130 20253 20258 20262 20265
10097 12442 20255 20233 20266 12482
10098 20261 20259 20232 20266 12483 20264
10099 20254 20238 20240 20267 20268 12453 20269 12437
10100 20269 12449 12445
10101 20266 20235 20270 12528 12541 20271 20272 12489
10102 12470 20273 12446
10103 12481 20274 20275 20243 20237 20270 12516
10104 20276 12478 20273 12428 12492
10105 20274 20277 20268 12455
10106 20276 12477 20278 20272 12490
10107 12474 12539 20271 20278
10108 20279 20280 12587 20281
10109 20282 20279 20283 20284 20285 20286
10110 20282 20281 12590 12574 20205 6083 20287
10111 20284 20288 20190 20166 20247 20250 20227 20256 20289
10112 20285 20289 20257 20290
10113 6084 20206 12758 20252 20258 20290 20286 20287
10114 12620 20291 20292 20293 12450 20269 12436 20294
10115 12627 20295 20291
10116 12435 20294 12623 12602 20212 20296 6138
10117 20295 12626 20297 20298 20292
10118 6139 20296 20210
10119 20298 20299 20268 12454 20293
10120 20300 12521 20301 20302
10121 20303 20304 12523 20300 20305
10122 12513 20306 20307
10123 20301 12526 20306 20308 20309 20310 20311 20312 20313
10124 20304 12524 20314 20315 20316
10125 20303 20316 20317 20318 20319 20320
10126 20321 20118 20322 20310
10127 20311 20322 20119 20323 20324 20318 20325
10128 20315 20326 20324 20317
10129 20121 20321 20309 20327
10130 20302 20305 20320 20328 20313
10131 20319 20325 20312 20328
10132 20329 18572 17601 20330 20331 20332
10133 20333 20330 17606 20334
10134 13171 10914 20335 20336 20337 20338
10135 13141 10962 18582 20329 20339 20340
10136 20341 13165 20338 20342 20332 20339
10137 20340 20341 13170 13143
10138 20343 20336 20344
10139 20337 20343 20345 20333 20331 20342
10140 20338 20346 20347 20348 13166
10141 3398 20349 20350 20347 20351 13173
10142 13174 20351 20348
10143 3374 20352 20336 20353 20349
10144 20337 20353 20350 20346
10145 20354 20330 17600 20355 20356
10146 20356 20357 20358 20359 20360 20361
10147 20355 20361 20362 20363 17607
10148 20360 20364 20365 20362
10149 20366 20359 20364 20367
10150 20354 20333 20368 20357
10151 3507 12411 12926 20369 20370 20349 3377
10152 12928 20371 20372
10153 12929 20371 20373 20374 20369
10154 20370 20374 20375 20343 20353
10155 20376 20347 20377
10156 20351 20377 20378 20379 20380 12918 13125 13175
10157 12920 20381 20380
10158 12925 20369 20382 20379 20381
10159 20350 20370 20382 20378 20376
10160 20383 20384 20385 20386 20387
10161 20388 20387 20389 20390 20391
10162 20392 20385 20393
10163 20394 20383 20388 20395
10164 20386 20392 20396 20389
10165 20397 20398 20399 20400 20401 20402 20403 20404
10166 20405 20400 20406 20407 20408 20409
10167 20410 20401 20405 20411 14171 13088 14075
10168 14074 20410 20402 20412
10169 20413 20414 20415 13089 20416 20417 20418
10170 20416 13081 14076 20419 20420
10171 20421 14077 20419
10172 20422 20408 20423 20415 13071
10173 14169 20411 20409 20422 13086
10174 20417 20420 20421 14070 20412 20403 20424
10175 20399 20406 20425
10176 20418 20426 20404 20424
10177 20397 20427 20413 20426
10178 20414 20423 20407 20425 20398 20427
10179 20428 20429 12932 20371 20430 20431 20432
10180 20428 20433 20434 20435
10181 20436 20437 20438 12922 20429 20435
10182 20431 20439 20440 20441
10183 20437 20442 20443 20444
10184 20438 12930 6222 20445 20440 20446 20442
10185 20436 20444 20447 20434
10186 20447 20443 20446 20441 20432 20433
10187 20448 20449 20450 14197 20451
10188 14198 20450 20452 20453 14063
10189 20454 20452 20449 20455 20456 14062
10190 14196 20451 20457 20458
10191 20454 20453 14060
10192 14053 14193 20458 20459 20456 14055
10193 20455 20448 20457 20459
10194 20460 20427 20461 20462 20463 20464
10195 20465 20466 20464 20467 20468
10196 20413 20460 20467 20469
10197 20463 20466 20470
10198 20469 20426 20471 20472 20468
10199 20471 20397 20461 20473
10200 20470 20462 20473 20472 20465
10201 20474 20475 20476 20477 20478 20479
10202 20476 20480 20481 20482 20483 20484
10203 20477 20480 20485 20486
10204 20487 20488 20485 20481 20489 20490 20491 20425 20492 20493
10205 20464 20494 20495 20496 20497
10206 20460 20414 20498 20499 20500 20497
10207 20423 20501 20490 20502 20483 20503 20498
10208 20499 20503 20484 20475 20504
10209 20495 20505 20487 20506 20479 20507
10210 20508 20509 20493 20505 20494 20463
10211 20489 20482 20502
10212 20500 20504 20474 20507 20496
10213 20491 20501 20407
10214 20510 20509 20492 20398 20461
10215 20488 20486 20478 20506
10216 20510 20508 20462
10217 10878 20511 20512 20513 20514
10218 20515 20516 20512 20517 20518
10219 20513 20517 20519
10220 20516 20520 20521 10879 20511
10221 20515 20520 20522
10222 20523 6197 20524 20525 20526
10223 20523 6196 20527 20528
10224 20529 20530 20531 20532 20526 20528 20533
10225 20534 20535 20531 20536 20537 20538 20539
10226 20538 20540 20541
10227 20535 20542 20525 20532
10228 20534 20543 6198 20524 20542
10229 20544 20537 20540 20545 20529
10230 20544 20536 20530
10231 20546 20547 20548 20549
10232 20550 20551 20552 20553 20554
10233 20546 20555 20556 20557 20551 20558 20559
10234 20555 20547 20560
10235 20550 20558 20561
10236 20557 20562 20552
10237 20548 20560 20556 20562 20553 20563
10238 20564 20565 20566
10239 20567 20568 20565 20569 20570
10240 20571 20572 20573 20566 20569 20574
10241 20575 18626 20576 20577 20578 20579 20572 20580
10242 20581 20567 20582 20583 20584 20578
10243 20564 20573 20579 20581 20568
10244 20585 18611 20576 20586 20587 20588
10245 20575 18621 20585 20589
10246 20590 20591 20584 20577 20586
10247 20592 20588 20589 20580 20571
10248 20583 20591 20593
10249 20592 20587 20590 20593 20582 20570 20574
10250 20594 20595 20596
10251 20597 20598 20596 20599 20600 20601
10252 20602 20586 20603 20594 20599 20604 18609
10253 20605 20588 20606 18613 20607 20608
10254 20585 18612 20606
10255 20609 20608 20610 20611
10256 20601 20612 20610 20607 18605 20613
10257 18610 20602 20576
10258 20611 20614 20597 20612
10259 20609 20605 20587 20603 20595 20598 20614
10260 20615 20616 20617 20618
10261 20619 20620 20621 20622 20623 20616
10262 20615 20619 20624 20625 20597 20626
10263 20627 20599 20628
10264 20629 20630 20631 20596 20627 20632
10265 20626 20601 20633 20618
10266 20634 20630 20635 20624 20620
10267 20634 20629 20636 20637 20621
10268 20637 20622 20638
10269 20598 20631 20635 20625
10270 20639 20419 14083 13083 14173 14125 20640 20641 20642
10271 20643 14078 20644 20645 20646 20647 20648
10272 14079 20649 20644
10273 20649 14080 20650 14047 14156 20651 20645
10274 20650 14081 14048
10275 20643 14084 20652 20642 20653
10276 20639 20421 14073 20652
10277 20640 14130 20654
10278 20655 20656 14129 20654 20641 20653 20648
10279 20657 20646 20651 14153 14172 14121 20656
10280 20655 20657 20647
10281 20658 20651 14152 14208 20659 20660
10282 20656 20661 20662 14122
10283 20663 20664 20662 14118
10284 20659 14209 20665 20666
10285 20667 20665 14202 14119 20663
10286 20658 20646 20668
10287 20661 20657 20668 20660 20666 20667 20664
10288 20669 13155 10139 20670 20671 20672
10289 20673 13103 13127 14203 20665 20674
10290 20675 20676 14207 20659 20677
10291 20678 20679 20673 13107 13162 10143 20670
10292 20678 20671 20680
10293 13118 13135 14205 20676 20681 13153 13163 13106
10294 13154 20681 20675 20682 20669
10295 20682 20677 20666 20674 20679 20680 20672
10296 14025 20683 20684 14178 14003 18119
10297 14177 14132 20663 20685 20686 20687 20684
10298 20687 20688 14024 20683
10299 14021 13108 20673 20689 20686 20688
10300 20689 20674 20667 20685
10301 20686 20690 20691
10302 20688 20691 20692 20678 20693 10147 10137 10051 14022
10303 20670 10140 20693
10304 20690 20689 20679 20692
10305 20694 10067 10148 20695 20696 20697
10306 20695 10141 20693 20671 20698 20699
10307 20696 20699 20700 20701 20702
10308 20692 20680 20698 20700 20703
10309 20704 18105 10046 10097 10064 20694 20705
10310 18115 18120 14027 20683 20706 20707 20704
10311 20706 20687 20691 20703 20701 20708
10312 20707 20708 20702 20697 20705
10313 20709 16540 16563 16513
10314 20710 20711 12904 20712
10315 20713 20714 20715 16678 16547 20709 16505
10316 16515 20713 20716 20712 12900 12850
10317 20710 20717 20714 20716
10318 20718 20719 20720 20721 20722
10319 20723 20724 20725 20726 20727 20728 20718 20729
10320 20722 20729 20730 20731 20732 20733 20734
10321 20734 20721 20735 20736 20737
10322 20735 20738 20739 20740 20726 20741 20742 20720
10323 20743 20742 20719 20728
10324 20744 20724 20745 20739 20746 20731
10325 20747 20736 20738 20746 20732
10326 20745 20740 20725
10327 20723 20744 20730
10328 20743 20741 20727
10329 20747 20737 20733
10330 20748 13254 13221 20749
10331 20750 20751 13252 20752 20753 20735
10332 20751 13255 13223 20754
10333 20738 20755 20749 13224 20754 20750
10334 20756 13248 20757
10335 20755 20748 13251 20756 20758 20759 20739
10336 20741 20760 20761 20758 20757 13253 20752 20762 20763
10337 20761 20759 20740 20764
10338 20760 20764 20726
10339 20765 20762 20753 20720
10340 20742 20763 20765
10341 20766 20767 20768 18534
10342 20769 20770 20771 20772 20773 20767 20774
10343 20775 20776 20777 13196 18533 20768 20774
10344 20766 20773 20778 13179 18529
10345 20778 13191 20779 20780 20781 20772
10346 20771 20781 20782
10347 13194 20779 20783
10348 20784 13192 20777
10349 20784 13193 20783 20780 20782 20770 20785 20776
10350 20785 20769 20775
10351 20786 13281 20787 20788 20789
10352 20790 20788 20791 20792 20753 20721 20793 20794 20795
10353 13280 20796 20791 20787
10354 20797 20798 20799 20786 13274 13268 20751 20800 20801 20802
10355 20801 20803 20737 20804 20794 20805 20806
10356 20793 20734 20804
10357 20800 20750 20736 20803
10358 20807 20790 20789 20799 20808
10359 20808 20798 20809
10360 20792 20796 13278 13267 20752
10361 20810 20802 20806
10362 20797 20809 20807 20795 20805 20810
10363 20811 20812 20786 13276 20813
10364 20812 20789 20814 20815 20816 20817 20818
10365 20818 20811 20819
10366 20820 20787 13284 20821 20822 20815
10367 20823 20824 13286 20821 20825
10368 20820 20814 20788
10369 20816 20822 20825 20826 20827
10370 20826 20823 20828
10371 13208 20783 20829 20801 20830
10372 13209 13227 20831 20832 20833 20834 20835 20802 20830
10373 20779 20829 20800 20754 13225 13189
10374 20812 20799 20836
10375 13229 20837 20831
10376 20797 20838 20835
10377 20834 20838 20798 20836 20811 20839 20840
10378 20840 20833 20841
10379 20842 20843 20844
10380 18563 20845 20846 20847 20848 20849
10381 20850 20851 20848 20852 20853
10382 20852 20854 20855 20856 18560 20849
10383 20847 20857 20858 20851
10384 20859 20860 20855 20861
10385 20862 20863 20857 20846 20864
10386 20865 20843 20866 20862
10387 20850 20858 20863 20865 20842 20867 20868 20869
10388 20870 20868 20871 20859
10389 20853 20854 20860 20870 20869
10390 20872 20873 20874 20875
10391 9375 20876 20873 20877 17661
10392 17652 20877 20872 20878 20879 17941
10393 20880 20084 20881
10394 20882 20883 20884 20879 17939 17872
10395 17871 20882 20885 20886 20092 20062
10396 20886 20887 20888 20889 20880 20093
10397 20890 20887 20885 20883
10398 20890 20884 20878 20875 20891 20888
10399 20892 20893 20894 20895
10400 20883 20896 20897 20895 20898 18665 20899
10401 20900 20901 20902 20892 20897
10402 20887 20903 20904 20905 20906 20907 18662 20908
10403 20909 20907 18663
10404 20906 20910 20911 20912 20913 18664 20909
10405 20893 20902 20914 20912 20915 20916
10406 18666 20908 20885 20899
10407 20913 20915 20917 18653
10408 18659 20917 20916 20894 20898
10409 20918 20901 20914 20911 20919 20904
10410 20910 20919 20905
10411 20896 20900 20918 20903 20890
10412 20920 17878 18683
10413 17877 20921 20922 20898 18660 20920
10414 20882 20899 18678 17880
10415 20923 20924 20897 20925 20879 17940 17861
10416 20926 20924 20895 20922
10417 20921 20926 20923 17876
10418 20896 20925 20884
10419 6835 13665 20927 20928
10420 20927 13663 19011 13767 20929 20930 20931 20932 20933 20934
10421 20928 6828 13748 20935 20936 20937 20934
10422 13766 13749 20938 20929
10423 20939 20931 20940
10424 20935 13743 20938 20930 20939 20941
10425 20933 20942 20937
10426 20941 20940 20932 20942 20936
10427 20943 20944 20945 20946 18655 20947 20948
10428 20947 20949 18658
10429 20946 18667 20950
10430 18670 20950 20945 20951
10431 18681 20949 20948 20952 20953 20954
10432 20955 20953 20956 20944 20951 18680 20957
10433 18682 20958 20955 20954
10434 20958 18676 20957
10435 20943 20952 20956
10436 13339 20959 20960 20961
10437 13324 20962 20963 20964
10438 20960 20965 20966 20967
10439 20966 20968 20963 20969
10440 20967 20969 20964 13338 20961
10441 20970 20971 20972
10442 20973 20970 20974 20758
10443 20975 20976 20977 20978 20972 20974 20759 20745 20979 20980
10444 20981 20982 20983 20976 20984 20985 13250 20748 20986
10445 20987 20988 20989 20986 20755 20746 20990 20991
10446 20992 20981 20989
10447 20756 13247 20985 20993 20978 20971 20973
10448 20994 20995 20731 20990 20996
10449 20996 20991 20997
10450 20998 20980 20999 20744 20995
10451 20999 20979 20724
10452 20982 20992 20988 21000
10453 20998 20975 20983 21000 20987 20997 20994
10454 21001 20986 20749 13222 2945
10455 21002 21003 20989 21001 2948 21004
10456 2941 21004 21005 21006
10457 13180 21007 21005 21002 21008 21009 20778
10458 21010 20991 21011 21012 21009 20772
10459 21013 20988 21003 21008 21012
10460 20781 21014 20732 20990 21010
10461 21014 20747 20803 20829 20780
10462 21013 20987 21011
10463 21015 21016 21017
10464 21018 21017 21019 21020 21021 21022
10465 21019 21023 21024 21025 21026 21015
10466 21020 21023 21027 21028 21029
10467 21027 21024 21030 21031 21032
10468 21033 21018 21016 21026 21034 21035 21036 21037
10469 21029 21021 21038 21039
10470 21035 21040 21041
10471 21039 21028 21032 21042 21037 21043
10472 21036 21041 21044 21031 21042
10473 21033 21022 21038 21043
10474 2929 21045 21016 21046 21047
10475 21005 21048 21017 21046 21049
10476 21015 21045 2928 2942 21004 21048
10477 21050 6205 21051 21022 21052 21053
10478 6200 21054 21046 21018 21051
10479 18524 21055 21056 21057 21050 6207 21058
10480 21053 21059 21060 21061 21057
10481 21008 21062 21020 21063 21060 21064 21065
10482 21061 21064 21066 20766 18528 21067 21056
10483 21063 21021 21052 21059
10484 21048 21002 21062 21019
10485 18527 21067 21055
10486 20773 21009 21065 21066
10487 21033 21051 6201 21068
10488 6202 21069 21070 21037 21068
10489 21071 21069 6203 21072
10490 21073 21035 21074 21075
10491 21045 2931 21076 21026
10492 21071 21077 21074 21036 21070
10493 20524 6211 21078 21079 21080 21081
10494 21082 21083 21053 21084
10495 20523 6208 21050 21084 21085
10496 21085 21082 21086 21087 20526
10497 21052 21038 21088 21080 21089 21086 21083
10498 6209 21068 21043 21088 21079 21090
10499 21090 6210 21078
10500 21081 21089 21087 20525
10501 21091 21092 21093 21094 21095 21096 21097
10502 21094 21098 21024 21099
10503 21092 21100 21031 21101
10504 21102 21091 21101 21032 21103 21104
10505 21105 21097 21102
10506 21103 21106 21095 21098 21027
10507 21105 21096 21106 21104
10508 21107 21108 21109
10509 21110 21111 21112 21109 21113 21114 21115
10510 21116 21117 21118 21119 21107 21112 21120 21121 13806
10511 21122 21116 13807 21123 21124
10512 21123 13808 21125
10513 21119 21108 21113 21126
10514 21127 21118 21126 21114 21128
10515 21129 21130 21131 21115 21128 21132 21124 21125 13809 13733
10516 21133 21121 13805 13727 21129
10517 21130 21134 21111 21120 21133
10518 21132 21127 21117 21122
10519 21134 21110 21131
10520 21135 21136 21137 21138
10521 21135 21139 21140 21141 21142
10522 13732 21143 21136 21139 21144 21145 21146 21147
10523 21148 21149 21150 21151 21152 21153
10524 21154 21155 21148 21156 21157
10525 21156 21153 21158 13689 21159
10526 13729 21143 21137 21160 21161 21162 13706
10527 21163 21164 21141 21165 21145 21166 21167
10528 21140 21165 21144
10529 21168 21166 21146 21169
10530 21163 21170 21149 21155 21171
10531 21162 21172 21173 21174 21152 21158 13701
10532 21169 21147 13724 21175 21176
10533 21157 21159 13700 13731 21175 21177
10534 21154 21171 21167 21168 21176 21177
10535 21178 21179 21174 21151
10536 21179 21180 21181 21173
10537 21181 21182 21161 21172
10538 21170 21164 21142 21138 21160 21182 21180 21178 21150
10539 21183 21184 21185 21186
10540 21152 21187 21183 21188
10541 21189 21190 21186 21188 21153 21191
10542 21190 21185 21192 21193 21194
10543 21184 21187 21151 21195 21196 21197 21192
10544 21198 21197 21193 21199
10545 21148 21200 21201 21191
10546 21202 21198 21196 21203 21149 21200
10547 21202 21199 21194 21189 21201
10548 21195 21150 21203
10549 21204 21205 21206 13822 13757 21207
10550 21107 21208 21209 21210 21211 21212 21213
10551 21208 21214 21112
10552 21213 21215 21216 21119
10553 21120 21214 21209 21217 21218 21219
10554 13821 21121 21219 21220 21221 21207 13761
10555 21222 21223 21224 21225 21226
10556 21227 21228 21223 21229 21210 21217
10557 21224 21229 21211 21230
10558 21231 21226 21232 21233 21234
10559 21116 21235 21234 21236 21206 13823
10560 21236 21233 21237 21238 21205
10561 21239 21216 21118
10562 21117 21239 21215 21212 21230 21225 21231 21235
10563 21240 21241 21238 21204 21221
10564 21218 21227 21242 21240 21220
10565 21232 21222 21228 21242 21241 21237
10566 21243 21244 13785 21245
10567 21246 21247 21244 13786 21248 21249
10568 21250 21249 21251 21252
10569 13787 21248 21250 21253
10570 13778 21253 21252 21254 21255 21256
10571 21246 21251 21254 21257
10572 13780 21258 21259 21256
10573 21260 21245 13784 21258
10574 21260 21243 21247 21257 21255 21259
10575 21261 21262 21263 21264 21265 21266 21267
10576 21268 21269 21270 21271 21264 21272 21273 21274
10577 21275 21276 21277 21265 21272
10578 21278 21267 21279 21280
10579 21281 21282 21278 21261 21283 21284
10580 21284 21285 21286 21287 21288 21289 21290 21291
10581 21271 21263 21292
10582 21276 21293 21280 21282 21294 21295
10583 21266 21279 21293 21277
10584 21269 21296 21297
10585 21296 21268 21298 21290 21299
10586 21300 21273 21275 21295 21301 21302 21287 21303
10587 21304 21300 21274 21298 21289
10588 21305 21301 21294 21281 21285
10589 21288 21304 21303
10590 21305 21302 21286
10591 21264 21306 21307
10592 21306 21271 21308 21309 21310
10593 21311 21312 21272 21307 21310 21313
10594 21313 21309 21314 21269 21315 21316
10595 21268 21315 21317
10596 21311 21316 21317 21274 21318
10597 21312 21273 21318
10598 21319 21277 21320 21321 21322 21323 21324
10599 21325 21323 21326 21327
10600 21275 21328 21324 21325 21329 21312
10601 21329 21311 21330 21331 21327
10602 21319 21328 21276
10603 21332 21333 21322 21326 21331 21334
10604 21335 21336 21313 21330 21334
10605 21337 21333 21321 21338 21310 21336
10606 21320 21338 21307 21265
10607 21332 21337 21335
10608 21339 21340 21341 21342 21278
10609 21343 21344 21345 21346 21339 21267
10610 21346 21347 21340
10611 21347 21345 21348 21349 21341
10612 21343 21350 21351 21279
10613 21348 21344 21350 21352
10614 21351 21352 21349 21342 21280
10615 21353 21340 21354 21355 21356 21357 21358
10616 21359 21360 21361 21284 21362
10617 21353 21339 21261 21363
10618 21357 21364 21359 21365
10619 21366 21355 21367 21368 21281 21361
10620 21366 21356 21364 21360
10621 21341 21354 21367 21369
10622 21368 21369 21342 21282
10623 21370 21371 21359 21372 10282
10624 21370 10270 4922 21373
10625 10278 21372 21360 21374 21375 21376
10626 21361 21285 21377 21374
10627 21378 21286 21377 21375 21379
10628 21287 21378 21380
10629 10281 21376 21379 21380 21288 21381 21382 21383 4912
10630 21382 21384 21290 21385 21386
10631 21386 21383 4924 21387
10632 21289 21384 21381
10633 21388 21386 21389 21390 18431 18371 10297 10301
10634 10302 10293 18376 21391 4926 10266
10635 10300 21388 21383 4911
10636 21390 21392 18380 18437
10637 21309 21393 21394 21336
10638 21394 21335 21395 18373 21396
10639 21395 21334 21397 18436 18382
10640 21397 21330 21316 21398 18434
10641 21390 21399 21296 21315 21398 18432
10642 21388 21382 21400 10309
10643 21400 21384 21298 21317 21398 18433 10314
10644 21401 21402 21403 21404
10645 14954 21405 21325 21406 21407 21404 21408 21409 14946
10646 21410 21411 21401 21407
10647 21412 21413 21414 21415 21416 21417 21418
10648 21408 21419 21420 21415 21421 21422 21403
10649 21423 21421 21414 21424 21425
10650 21411 21426 21423 21422 21402
10651 21427 21300 21318 21329 21405 14955
10652 21378 21302 21428 21418 21429 14939 21430
10653 21430 21380 21303 21427 14956 14941
10654 21416 21420 21431
10655 21409 21419 21431 21417 21429 14950
10656 21432 21413 21424 21433 21328 21295
10657 21406 21410 21426 21425 21433 21324
10658 21412 21432 21301 21428
10659 18435 21397 21331 21434 18428
10660 14953 21405 21327 21434 18426
10661 21400 21381 21304 21427 14959 10310
10662 14938 21430 21379 21435 10275
10663 21376 21435 10279
10664 21436 21437 21428 21305 21377 21438
10665 21439 21440 21441 21438 21375 21435 10274
10666 21418 21437 21442 21443
10667 6798 21444 21445 21443 21429 14940
10668 21444 21446 21440 21447 6808
10669 10273 21439 21447 6807 21448 5444
10670 6806 21448 5436
10671 21441 21436 21442 21445 21446
10672 21449 21450 21451 21452
10673 21453 21454 21455 21456 21450
10674 21457 21451 21453 21458 21459
10675 21460 21461 21462 21463 21454 21458 21464
10676 21465 21464 21459 21466
10677 21452 21457 21466 21467 21468 21469
10678 21470 21462 21471 21456 21449 21469
10679 21472 21460 21465 21467
10680 21470 21461 21472 21468
10681 21471 21455 21463
10682 10211 21473 21459 21474 21337 21394 21475
10683 21476 21477 21478
10684 21306 21338 21479 21480 21481 21482 21263
10685 21483 21476 21484 21481 21485 21486
10686 21487 21488 21485 21480
10687 10232 21489 21477 21483 21490 21458 21473
10688 21491 21457 21474 21333
10689 21491 21451 21492 21487 21479 21321
10690 21453 21490 21486 21488 21492
10691 21473 10215 21493 21464
10692 21460 21494 10221 21493
10693 10228 21495 21496 21461 21494
10694 21497 21463 21498 21499 10229 21495
10695 21497 21462 21496
10696 21498 21500 21501 21490 21454
10697 21499 10230 21502 21477 21503 21500
10698 21503 21501 21483
10699 10249 10214 21493 21465 21504 18355
10700 21395 21332 21474 21466 21504 18356 18360 18372
10701 18401 21505 21467 21504 18357 18393
10702 18396 21506 21507 21508 21509 21468 21505
10703 21510 21511 21512 21507 21513 18404 18410 18425
10704 21506 21513 18399
10705 21514 21515 21516 21452 21491 21322
10706 21508 21517 21515 21518 21512
10707 21434 21326 21514 21518 21511 21519 18427
10708 21519 21510 18421
10709 21516 21469 21509 21517
10710 18314 10255 10220 21494 21472 21505 18395 18322
10711 18289 21520 21521 21522 21523
10712 21524 21522 21525 21508 21526
10713 21470 21496 21527 13605 21528 21521 21525 21509
10714 21520 21528 13601 18337 18288
10715 21506 21529 21524 21523 18290 18330 18397
10716 21527 13606 13487 10235 21495
10717 21529 21526 21507
10718 21530 21531 21532 21533
10719 21534 21535 21536
10720 21535 21537 21530 21538
10721 21531 21539 21540 21534 21538
10722 21539 21541 21532
10723 21542 21543 6669 6777 21544 21545
10724 6775 21544 21546 21547
10725 21543 6668 6778 13653 21548 21549 21550
10726 6752 13651 21551 21552 21553
10727 21554 21555 21556
10728 21557 21558 21551 13652 21548
10729 21559 21550 21542
10730 21560 21558 21552 21561 21555
10731 21545 21559 21549 21557 21560 21554 21562 21546
10732 6601 21563 21564 21565
10733 21563 21566 21567 6660 6623
10734 21565 21568 21569 21570 3486 6665 6631 6613
10735 3479 21571 21572
10736 21571 3476 6681 21573 21574 21569 21575
10737 6661 6569 6682 21573 21576 21567
10738 21574 21576 21566 21564 21568
10739 7999 7268 13367 21577 21578 21579 14373 14396
10740 21580 13645 21581 21582 21583 21584 21585 21586
10741 14399 16487 13626 21580 21587
10742 21588 21589 13366 21577
10743 13365 21589 21590 21591 21592 21581 13644
10744 21592 21593 21582
10745 21578 21588 21590 21594 21584 21595
10746 21596 21585 21595 21579 14370
10747 14400 21587 21586 21596 14375
10748 21594 21591 21593 21583
10749 21597 21598 21599 21600 21601 21602
10750 21113 21603 21602 21604
10751 21604 21597 21605 21606 21607 21608 21216 21126
10752 21108 21603 21601 21609 21610 21611 21612 21213
10753 21613 21614 21610 21615 21616 21607
10754 21612 21617 21613 21608 21215
10755 21611 21614 21617
10756 21618 21599 21619 21616 21606
10757 21619 21600 21609 21615
10758 21618 21598 21605
10759 18332 21620 21621 21622 10654 10676
10760 10662 21622 21623 21624 21625 21626 21627
10761 21628 18302 21629 21623 21621
10762 21630 21631 18301 21629 21624
10763 18303 21628 21620 18328
10764 18331 18298 21632 21627 10666 10668
10765 18300 21631 21633 21626 21632
10766 21633 21630 21625
10767 21634 21635 21636 21632 18299 21523 21637 21638
10768 21639 21640 21634 21641
10769 18503 21642 21643 21638 21641 21644 21645
10770 18409 18398 21513 21529 21646 21642 18500 18512
10771 18487 10663 21627 21636 21647 21639 21644 21648
10772 21643 21637 21524 21646
10773 18485 21648 21645 18506 18489
10774 21640 21635 21647
10775 21626 21649 21636
10776 18486 21648 21650 21651 21652 21653 10656
10777 21653 21654 21655 10641
10778 21656 8028 21657 21658 21655 10649
10779 8040 21659 21622 10653
10780 21659 8045 21660 21661 21662 21623
10781 21663 21625 21649 21647 21664 21665
10782 21651 21666 21664 21639 21667
10783 21644 21667 21650
10784 21668 21663 21624 21662
10785 21657 21669 21660 8019
10786 8031 21656 10651
10787 21658 21669 21661 21668 21665 21666 21652 21654
10788 21670 21671 11390 11330 21672
10789 21673 21674 19046 18964 21675 11395 21671
10790 21676 18467 10632 11332 21672
10791 10640 21653 21677 21678 21679 18456 18466
10792 21680 18963 21675 11396
10793 21673 21681 21682 21679 18447 18465 21676 21670
10794 21680 18944 19009 11373 11419 11397
10795 19040 21683 21681 21674
10796 21683 19058 21684 21685 21678 21682
10797 21655 21686 21687 10642
10798 21688 21689 21690 19004 19008
10799 10643 21687 21691 21688 19007
10800 18966 19054 21684 21692 21690 18999
10801 21686 21691 21689 21692 21685 21677 21654
10802 8021 13555 8080 21693 21694
10803 21695 21696 21697
10804 8065 13550 21698 21695 21699
10805 21700 21701 21702 21696 21699 8068 21703 21704 21705 21706
10806 21707 21701 21708 8902 8025
10807 13552 21698 21697 21702 21708 8895 8023
10808 21693 8079 21703 21709 21710 21711 21712
10809 21713 21706 21714 8018 21657
10810 21707 21700 21714 8026
10811 21715 21711 21716
10812 21717 21716 21712 21694 8020 21660
10813 21709 21704 21718
10814 21713 21705 21718 21710 21715 21717 21669
10815 21719 21650 21645 18504 18454
10816 21720 21678 21721 21651 21719 18455
10817 21720 21679 18448
10818 21721 21652 21677
10819 21722 13595 21723 21724 21725 21726 21711 21727
10820 18310 18343 21728 21727 21716 21729 21662 21629
10821 21730 21731 13598 21732 21733
10822 21732 13599 21734
10823 21722 13591 18338 21728
10824 21735 21724 21736 21730 21737 21738
10825 13597 21723 21736 21731
10826 21739 21738 21740 21520 18307 21631
10827 13600 21734 21733 21737 21740 21528
10828 21741 21725 21735 21739 21630 21663
10829 21668 21741 21726 21715 21729
10830 13592 8075 21693 21742 21722
10831 21743 8077 13594 21723
10832 21744 21745 8078 21743 21724
10833 21742 21727 21712
10834 21745 8071 21746 21747
10835 8067 21746 21748 21703
10836 21744 21747 21748 21709 21749 21725
10837 21710 21749 21726
10838 21750 21751 21752 21753 21754
10839 21753 21755 21756 21757 21758
10840 21759 21754 21755
10841 21760 21761 21752 21758
10842 21762 21763 21751 21761
10843 21762 21764 21757 21760
10844 21756 21759 21750 21763 21764
10845 21754 21765 21766 21767 21768
10846 21768 21755 21769 21770 21771
10847 21772 21773 21774 21770
10848 21767 21775 21772 21771
10849 21766 21776 21773 21775
10850 21759 21765 21776 21774 21769
10851 21735 21744 21777 21778 21779 21780
10852 21747 21777 21781 21782 21783 21784
10853 21761 21785 21786 21718 21749 21741 21665 21787
10854 21785 21788 21783 21789 21790 21751
10855 21791 21782 21789
10856 21788 21784 21748 21704 21786
10857 21635 21649 21633 21739 21780 21792 21793 21794
10858 21779 21795 21796 21792
10859 21762 21797 21798 21794 21640 21664 21787
10860 21799 21796 21793 21798
10861 21799 21795 21778 21781 21791 21790 21763 21797
10862 8064 21800 21801 21802 21699
10863 21800 21803 21804 14386 8063
10864 13549 8955 21805 21698
10865 21802 21806 21807 21808 16501 13530 8962 21805 21695
10866 21809 21810 16498 16502 21808
10867 21807 21809 21811 14381 21804 21812
10868 21811 14383 14392 16492 21810
10869 21803 21812 21806 21801
10870 21813 21814 21815 21816 21817
10871 21813 21818 21819 21820 21821 21822
10872 21814 21818 21823 21824 21825 21826
10873 21827 21828 21829 21819 21823
10874 21830 21831 21822 21817 21832 21833 21834
10875 21835 21836 21837 21824 21827 21838 21839
10876 21838 21828 21840 21841 21842 21843
10877 21820 21829 21840 21844 21845
10878 21846 21847 21834 21848 21839 21843
10879 21836 21849 21826 21815 21850 21851
10880 21821 21845 21852 21831
10881 21853 21841 21844 21852 21830 21847
10882 21833 21854 21851 21835 21848
10883 21825 21849 21837
10884 21853 21842 21846
10885 21850 21816 21832 21854
10886 21855 21856 21857 14356 21858 21859 21814
10887 13874 21860 21861 21856 21862 21816 21863
10888 21857 14350 21864 21861
10889 21855 21815 21862
10890 13886 21865 21817 21863
10891 13885 14358 21866 21859 21813 21865
10892 21860 21864 14346 13864
10893 14357 21866 21858
10894 21866 14360 21867 21819 21868
10895 21868 21818 21859
10896 13860 13888 14323 14359 21869 21821 21870
10897 21869 14361 21867 21820
10898 21822 21865 13889 13858 21870
10899 21871 21856 21872
10900 21872 21873 12881 9044 17224 21874 21826 21855
10901 21857 14349 21875 21876 12878 21873 21871
10902 21868 21858 14364 21875 21877 9041 21878 21879 21823
10903 21880 21879 21824
10904 21880 21878 9040 17223 21874 21825
10905 14348 21875 21881
10906 21882 6927 9046 21878 21883
10907 21884 21882 6931 21885 21828
10908 21883 21884 21827 21879
10909 21885 6919 14362 21867 21829
10910 21886 8711 4260 7221 8761 21887 21842
10911 21888 8764 7222 16646 6923 21885 21840
10912 17194 21889 21843 21886 8712
10913 8763 21888 21841 21887
10914 21889 17192 16602 21890 21884 21838
10915 21882 6936 16601 21890
10916 21869 14365 14367 14332 21891 21845
10917 21891 14334 8768 21888 21844
10918 13846 14330 14337 21891 21852 21892
10919 21870 21831 21892 13859
10920 17195 16606 17229 21893
10921 21894 17230 21893 17189 21895 21896
10922 21895 17191 16612 21890 21883 21880 21837 21897 21898
10923 21899 17227 21874 21849 21897
10924 21899 17232 21900 21896 21898
10925 17231 21894 21900
10926 17017 21901 8743 21902 17003 8686
10927 17002 8713 21886 21846 21903 8742 21902
10928 21853 21887 8760 8725 8741 21903
10929 8744 8782 4522 4555 17016 21901
10930 21904 21905 21906 21907 21908 21909 21910
10931 21911 21909 21912 21913
10932 21914 21910 21912 21915
10933 21916 21917 21918 21919 21913 21915
10934 21920 21904 21914 21916
10935 21921 21922 21923 21924 21925 21926 21908 21911 21919
10936 21927 21928 21929 21930 21931 21905 21920 21917
10937 21931 21932 21925 21933 21906
10938 21927 21934 21935 21936 21937 21921 21918
10939 21933 21907 21926
10940 21924 21932 21930 21938 21939
10941 21940 21923 21939 21941 21942
10942 21922 21940 21943 21937
10943 21935 21944 21941 21938 21929 21945
10944 21943 21942 21944 21936
10945 21928 21945 21934
10946 21946 12805 12798 20207 21947 21906
10947 21948 12751 20208 21947 21907
10948 13003 12786 12837 21949 21910 21950
10949 12832 12800 21946 21905 21951
10950 13002 12819 21952 21909 21950
10951 12816 12760 21948 21908 21952
10952 12836 21951 21904 21949
10953 21953 21911 21952 12817 12667 14237
10954 14210 13005 21950 21912 21954
10955 14727 21955 14235 12964
10956 14215 21954 21913 21953 14236 21955 14728
10957 13028 12835 21949 21914 21956 14211
10958 21954 21915 21956 14212
10959 14213 21956 21916 21957 21958 14232
10960 14733 21955 14238 21959 21918 21960 21958 14230 21961
10961 21917 21957 21960
10962 21919 21953 14253 21959
10963 14734 21961 14233 14228
10964 13920 21962 21958 14229 13926
10965 13915 13048 7015 12833 21951 21920 21957 21962
10966 12750 6141 21963 21926 21948
10967 21964 6142 21963 21925
10968 14246 21965 12432 21966 21967
10969 12430 14248 21965
10970 21921 21959 14239 21968
10971 12433 6143 21964 21924 21969 21966
10972 14252 12424 6144 12813 12671
10973 21922 21970 14250 21968
10974 21923 21969 21967 14251 21970
10975 21971 21972 21930 21973
10976 21971 21974 6966 14134 14165 21975
10977 21972 21974 6965 12605 12542 12831 12797 12801 21946 21931
10978 21976 21927 21960 21962 13916
10979 21928 21977 14160 13901 21976
10980 21929 21973 21975 14164 21977
10981 6986 21978 21979 21974
10982 21978 21980 12631 12396 6984
10983 21972 21979 21980 12622 20294 12439 6146 21964 21932
10984 21947 20209 20296 6140 21963 21933
10985 14732 21961 14231 6166 6176
10986 21981 21982 21937 21968 14240 12938
10987 12934 21981 21983 21984 21934 21976 13902 13945 6172
10988 21985 21935 21984
10989 21983 21985 21936 21982
10990 12443 12452 21986 21987 21988 21989
10991 12451 20293 21990 21991 21986
10992 21992 21993 21994 21995 21996
10993 21995 21997 21973 21938 21998
10994 21971 21979 21999 22000 21994 21997
10995 22001 21987 21991 22002 22003 22000 21993
10996 21990 20292 22004 22002
10997 21966 12434 22005 21988 22001 21992 22006
10998 22003 22004 20291 12621 21980 21999
10999 21989 12426 22005
11000 21998 21996 22006 21969 21939
11001 12986 14254 21970 21940 22007
11002 22008 22009 21982 21943 22007 13000 16697
11003 12933 21981 22009 22010
11004 22008 22010 12942 16698
11005 20422 22011 22012 21997 21975 14163 13072
11006 22011 22013 22014 20501 20408
11007 21995 22012 22013 22015 20502 22016
11008 22014 22015 20490
11009 22017 21984 21945 21977 14161 13068 22018
11010 22019 20498 20415 13070 22020
11011 22017 21985 21944 22021 20503 22019 22022
11012 22022 22018 13074 22020
11013 20483 22016 21998 21941 22021
11014 22023 22024 13069 22018 22025 22010 12935 6195 13941
11015 22023 22026 14183 13899 13940 13947
11016 14190 14162 13066 22024 22026
11017 22025 22017 21983 22009
11018 22027 22028 22029 22030 22031
11019 22032 22031 22033 22034
11020 22035 22036 22037 22027 22033 22038 22039 22040
11021 22041 22042 22043 22030 22032 22044 22045 22046
11022 22044 22034 22038 22047
11023 22043 22048 22049 22029
11024 22050 22045 22047 22039 22051
11025 22052 22053 22042 22048 22054 22036
11026 22054 22049 22028 22037
11027 22051 22055 22056 22040
11028 22053 22041 22057 22058
11029 22059 22057 22046 22050 22055
11030 22056 22059 22058 22052 22035
11031 22060 22061 22062 22063
11032 22030 22064 22063 22065
11033 22065 22062 22066 22067 14256 22068 22069 22031
11034 22028 22070 14260 22068 22071
11035 22071 22027 22069
11036 22061 22072 22073 22074 22066
11037 22070 14277 22075 22076 22072 22060 22064 22029
11038 22076 22073 22077
11039 14279 22075 22077 22074 22067
11040 22078 14406 22079 22080 22066 22081
11041 14404 22082 22080 22067 14255 13602 21731 22083
11042 21732 13610 14257 22068 22084
11043 22033 22069 22084 21733 22085
11044 22086 22087 22088 22089 14408 22083 21730 22085 22034 22090
11045 22086 22091 22092
11046 22062 22081 22093 22094 22087 22091 22095
11047 22092 22095 22065 22032 22090
11048 22093 22078 14407 22089 22096
11049 22079 22082 14405
11050 22094 22096 22088
11051 21471 22097 22037 22071 22084 21734 13611 21527 21497
11052 22038 22085 21737 22098
11053 22099 22035 22100 21449 21516
11054 21525 22101 22040 22099 21517
11055 22097 22036 22100 21456
11056 21521 21740 22098 22039 22101
11057 21745 8069 22102 22103 22104 22105 22106 22107 22108 21777
11058 21736 22083 14410 22109 22102 8081 21743
11059 22109 14411 22110 22103
11060 14412 22110 22104 22111
11061 22089 14409 22112
11062 22113 14415 22112 22088 22114 22115
11063 22116 22117 22118 22108 21778
11064 21779 22116 22119 22115 22120 22121 22122 22123
11065 22124 22086 22125 22121
11066 22087 22114 22120 22125
11067 22126 22106 22127 14414 22113 22119 22117
11068 21738 22098 22047 22128 22123 21780
11069 22128 22044 22090 22124 22122
11070 14413 22111 22105 22127
11071 22107 22118 22126
11072 21498 22129 22130 22054 22097 21455
11073 13477 22131 22132 22133 22129 21499 10234
11074 22134 13475 22131
11075 22133 22135 14259 22070 22049 22130
11076 22135 22132 22134 13480 13608 14258
11077 21343 22136 21479 21320 21266
11078 21350 22136 21487 22137 22058 22138 22139 22140 21425 22141
11079 22100 22052 22137 21492 21450
11080 21514 22142 21406 21323
11081 21515 22099 22056 22143 22139 22144 21410 22142
11082 22059 22138 22143
11083 21293 21351 22141 21433 21319
11084 22140 22144 21426
11085 14284 22145 22146 22147 18342 18334
11086 22148 13410 13567 22149 22150 22151 22152
11087 22153 22147 18341 13564 22149 22154 22155
11088 22154 22150 22156
11089 22155 22156 22151 22157
11090 13411 22148 22158 22159 14288
11091 22145 22160 22159 14289
11092 22146 22153 22157 22152 22158 22160
11093 22161 22162 18339 21728 21742 21694 8047 22163
11094 22163 8056 8093 22164 22155 22165
11095 22166 22147 18340 22162
11096 22154 22167 13561 13577 13551 8089 22164
11097 22167 13565 22149
11098 22161 22166 22153 22165
11099 21659 8041 22168 22169 22170 21621
11100 18344 22162 22171 22170 21628 18306
11101 8048 22163 22172 22168
11102 21717 21729 21661
11103 22171 22161 22172 22169
11104 10472 22173 22174 22175 14283 10490
11105 22173 22176 22177 10620 10471
11106 10563 14281 22178 22179 22180 22181 13587
11107 22182 22181 13586 10591
11108 10599 22182 22180 22183 22177 10619 10720 10551 10614 10581
11109 14282 22178 22184 22175
11110 22176 22174 22184 22179 22183
11111 22173 22185 22186 22187 22170 21620 18329 10675 10470
11112 22175 14285 22145 22188 22186 22189
11113 22188 22146 22166 22171 22187
11114 22185 22189 22174
11115 22190 22191 22192 22193 9224
11116 9225 22190 22194 22195 22196 22197 22198 22199
11117 22200 22201 22202 22195 22203 22204
11118 22205 22206 22207 22208 22204 22209 22192 22210
11119 22211 22200 22208 22212
11120 22213 22199 9220
11121 22207 22212 22214
11122 22193 22210 22215 9196
11123 22215 22205 22216 22217 22198 22213 9223
11124 22218 22202 22196 22219
11125 22217 22197 22219 22220
11126 22209 22203 22194 22191
11127 22206 22214 22211 22201 22218 22220 22216
11128 22221 22222 22223 22224
11129 22225 22226 22222
11130 22227 22228 22229 22230 22225 22221
11131 22231 22232 22233 19412 22234 22223 22226 22230
11132 22234 19421 22235 22227 22224
11133 22236 22207 22237 19417 22235 22228
11134 22237 22212 22238 22239 22233 19420
11135 22239 22240 22232
11136 22236 22214 22238 22240 22231 22229
11137 14747 14704 14649 22241 22242 22243 22244 19419 14495
11138 22245 14515 14543 14485 14505 22246
11139 14502 19410 22244 22247 22248 22249 22246
11140 14519 14752 22250 22251 22249 22245
11141 22252 22253 12981 14712 14745 14748 22250
11142 22254 22241 14653 12957 22253 22255 22256
11143 22251 22252 22255 22257 22248
11144 22243 22258 22256 22257 22247
11145 22254 22242 22258
11146 22259 22260 22261 22262 22263
11147 22264 22265 22261 22266 22267 22268
11148 22262 22266 22269
11149 22270 22271 22267 22269 22263
11150 22259 22272 22264 22273 22270
11151 22265 22272 22260
11152 22273 22268 22271
11153 7373 7362 22274 22261 22275 22276
11154 22275 22262 22277 22278
11155 22279 14827 14814 22280 22259
11156 22274 22260 22280 14803 7359
11157 22277 22263 22279 14830 22281 14587 22282
11158 14829 14817 14586 22281
11159 14614 22283 14887 7371 7336 7381
11160 22275 22266 22284 22285 7331 22286
11161 22287 14600 7393 7338 22285 22288 22268
11162 22265 22289 14882 7358 22274
11163 22287 14615 22283 14889 22289 22264
11164 22288 22267 22284
11165 14693 7332 22285 22290 22291
11166 17579 22292 22291 14694 14719 22293
11167 22277 22269 22284 22290 22292 17576 22294
11168 22295 14642 14598 22296 22271 22288 22290 22297
11169 22298 22299 22300 17587 17573 22301
11170 22302 14654 22303 22299 22304
11171 17584 22305 22306 22304 22300
11172 22298 22303 14637 22295 22307
11173 22307 22297 22292 17572 22301
11174 17585 22308 14846 22309 22305
11175 22309 14847 14870 14644 22302 22306
11176 22296 14617 14871 14828 22279 22270
11177 14845 22281 14596 17586 22308
11178 22283 14886 22310 14866 14613
11179 14806 14826 14876 22311 14879 22289 22272 22280
11180 22310 14867 14877 22311 14888
11181 22287 14599 22296 22273
11182 22297 22312 14634 14696 22291
11183 14641 22295 22312
11184 22313 22314 22315 22316
11185 22317 22318 22313 22319 22320
11186 12591 20281 22321 22316 22319 22322
11187 12585 22323 22324 22325
11188 22326 22327 22328 22329 20279 22321 22315
11189 22324 22330 22328 22331 22332
11190 22318 22333 22326 22314
11191 22331 22327 22333 22317 22334
11192 22335 22336 22337 22338
11193 22339 22340 22341 22342 22338
11194 22343 22339 22335
11195 22342 22344 22345 22337
11196 22341 22346 22344
11197 22343 22340 22346 22345 22336
11198 14773 22347 22337 22348 22349 22350
11199 22342 22351 14793 22352 14771 22347
11200 22353 22354 14765 22350
11201 22354 22355 22356 14758
11202 22357 22358 22359 22344 22351 14796
11203 22355 22360 22361 22358 22362 22349 22353
11204 14775 22357 22361 22363
11205 22362 22359 22345 22348
11206 3345 5948 14785 22364 22365 22339 22366 22367
11207 22368 22367 3346 7412
11208 22369 22370 14792 22364
11209 22371 22372 22370 14788
11210 22351 14794 22371 22373 22341
11211 7424 22368 22366 22338 22347 14770
11212 22373 22372 22369 22365 22340
11213 22374 22375 22376 22377 22378
11214 22379 22380 22381 22375 22382 22383 22358
11215 22376 22382 22384
11216 22355 22385 22317 22386
11217 22387 22379 22361 22388
11218 22327 22389 22381 22374 22390
11219 22389 22380 22387 22391 22331
11220 22349 22392 22393
11221 22353 22393 22394 22378 22390 22333 22386
11222 22392 22362 22383 22384 22377 22394
11223 22395 22396 22397 22398 22399 22400 22401 22402
11224 22403 22404 22400 22405 22406
11225 22401 22405 22407
11226 22408 22409 22410 22411 22406 22407 22402
11227 22403 22412 22413 22414 22415 22416 22411
11228 22404 22412 22417 22399
11229 22417 22413 22418 22398
11230 22419 22415 22420 22396 22421 22409
11231 22395 22421 22408
11232 22416 22419 22410
11233 22397 22418 22414 22420
11234 14884 22422 22395 22423 22424 22425 7377
11235 22426 22398 22427 22428
11236 22429 22397 22427 22430 22424
11237 22431 22402 22422 14883
11238 22426 22399 22432 5966 22433
11239 22431 22401 22434 5987 14881
11240 22434 22400 22432 5970
11241 22429 22396 22423
11242 22432 22404 22435 22436 22437 14761 5965
11243 22438 22436 22439 22440
11244 14802 22441 22442 22438 22437 14769 5972 7353
11245 5969 22434 22405 22443 14798 7356
11246 22444 22440 22442 22445
11247 22446 22445 22441 14801
11248 22447 22403 22435 22439 22444 22446 14800
11249 22406 22447 14799 22443
11250 14880 22431 22407 22443 14804 14831 14878 22311
11251 22448 22410 22449 14822 14853 14869
11252 22411 22449 14807 22447
11253 22450 22409 22448 14864
11254 22422 22408 22450 14868 22310 14885
11255 22439 22451 22314 22452 22453
11256 22454 22444 22453 22455 22456 22457
11257 22435 22451 22313 22458 22412
11258 22416 22459 22460 22457 22461 14808 22449
11259 22462 22463 22456 22460
11260 22464 22465 22462 22459 22415
11261 22466 22467 22465 22463 22455 22452 22315
11262 22467 22468 22414 22464
11263 22458 22316 22466 22468 22413
11264 22446 22454 22461 14809
11265 14760 22469 22437
11266 22417 22458 22319 22470 22426
11267 22451 22318 22386 22354 14759 22469 22436
11268 22471 20282 22321 22466
11269 6087 20287 22471 22468 22418 22427 22472
11270 22473 22474 22475 22465
11271 22476 22477 22478 22474
11272 22429 22420 22464 22475 22476 22479 12808 22480
11273 12807 22479 22477 22481 22482
11274 12642 12806 22482 22483 22484 14859
11275 22450 22421 22423 22480 12809 14731 12644 14865
11276 22485 22483 22481 22478 22473 22462 22486
11277 22487 22486 22459 22419 22448 14863
11278 22484 22485 22487 14861
11279 12814 22480 22424 22488 6093 13009
11280 22489 20265 6148 12812 22479
11281 22490 20286 22471 22467 22475
11282 22489 20262 20290 22490 22476
11283 22491 22492 22493 22494
11284 18470 22495 21670 22496 22493 22497 22498
11285 11391 21671 22496 22494 22499 22500 22501 22502 22503 22504 22505
11286 22506 22507 22508 11337 11331 11264
11287 11333 11329 21672 22495 18472 22509 22508
11288 22509 18477 22498 22510 22511 22512 22507
11289 11267 22513 22502 22514 22515 22512 22506
11290 22516 22517 22511 22515
11291 22518 22491 22499
11292 11392 22505 22519
11293 22504 22519 11393 22520
11294 22513 22503 22520 11394 11275 11268
11295 22501 22521 22516 22514
11296 22521 22500 22518 22492 22497 22510 22517
11297 18451 22522 22523 22524 22525 22526
11298 22527 22524 22528 22529
11299 21720 18449 22530 22523 22527 22531 21682
11300 22532 21681 22531 22529 22533 22493
11301 22522 22530 18450
11302 22532 21673 22496
11303 22534 22526 18452 18496 18469 22498
11304 21676 18471 22495
11305 22533 22528 22525 22534 22497
11306 22535 22536 22537
11307 22538 22539 22537 22540 22541 19037
11308 22535 22540 22542 22543 22544
11309 22545 22529 22546 19039 22547 22491
11310 22548 22549 22542 22541 19036 22546 22527
11311 22550 22551 22548 22524
11312 22551 22549 22543 22552
11313 22547 19038 22538 22553 22499
11314 22553 22539 22536 22544 22552 22550 22528 22545 22518
11315 22531 22546 19041 21683
11316 22547 19042 21674 22532 22494
11317 22545 22533 22492
11318 22554 22555 22556 22557 22558
11319 22559 22560 22561 22562 22556 22563 22564
11320 22557 22562 22565 22566
11321 22537 22567 22568 22566 22558 22569 22570
11322 22571 22572 22561 22565 22568
11323 22571 22573 22559 22574 22535 22567
11324 22560 22572 22573
11325 22575 22576 22554 22569
11326 22577 22563 22555 22576
11327 22536 22574 22564 22577 22575 22570
11328 22578 22579 22580 22581
11329 22582 22568 22583 22579 22584 19049
11330 22585 22578 22583 22567 22540
11331 22580 22584 19052 22586
11332 22586 22581 22585 22541 19057
11333 22587 22588 22589 22590 19029
11334 22582 22566 22591 22587 19034
11335 22591 22558 22592 22593 22588
11336 22590 19056 22594
11337 19055 22595 22596 22597 22593 22589 22594
11338 22598 22599 22600 22569 22592 22597
11339 22595 22601 22599 22602 22538 19045
11340 22601 22598 22596
11341 22600 22570 22539 22602
11342 22603 19047 18974 22604 22605 11400 22505
11343 18955 22604 22606
11344 22607 19044 22595 22608 22503
11345 22504 22603 19043 22607
11346 22608 22601 22609 22502
11347 21675 18962 22606 22605 11399
11348 22501 22610 22599 22609
11349 22610 22602 22553 22500
11350 22611 22612 22613 22614 22615
11351 22616 22617 22618 22615 22619 22620 22621 22622
11352 22623 22624 22625 22611 22619
11353 22626 22612 22625 22627 22628 22629
11354 22623 22630 22631 22632 22633 22620
11355 22634 22632 22635 22629 22636 22637 22622
11356 22617 22638 22613 22626 22636 22639
11357 22633 22621 22634
11358 22624 22627 22640 22630
11359 22635 22628 22640 22631
11360 22637 22639 22616
11361 22638 22614 22618
11362 22614 22641 18476 14971 22642
11363 14967 22643 22615 22642
11364 22643 22611 22644 22645 14980 14976
11365 22646 18508 18412 14989 22645
11366 22647 18474 22641 22613
11367 22644 22646 18507 18495 18484 22647 22612
11368 10344 10392 22648 22620 22649 10359
11369 10395 14988 22650 22651 22616 22652 22653 10373 10318
11370 22654 22622 22652
11371 22649 22621 22654 22653 10370
11372 22655 22618 22642 14968 14977 22650
11373 14979 14966 22643 22619 22648 10393
11374 22655 22617 22651
11375 22656 22644 22625
11376 22624 22656 22645 14981 14917 22657
11377 10396 14920 22657 22623 22648
11378 2822 14933 14898 18419 22658 22631 22659 22660 10439
11379 22661 22662 22633 22649 10360 10440
11380 22630 22658 18417 14916 22657
11381 22660 22663 22661 10438
11382 22663 22659 22632 22662
11383 11263 22506 22664 22665 22666 11299
11384 11262 11310 22666 22667 22668 22663 22669
11385 22670 22654 22634 22662 22669 11260
11386 11338 22671 22637 22652 22670 11265
11387 22636 22672 22508 11334 22671
11388 22665 22673 22674 22667
11389 22673 22664 22507 22672 22629 22675
11390 22668 22674 22675 22635 22659
11391 22676 22651 22639 22671 11335 10723
11392 10727 18475 22641 22638 22655 22676
11393 22626 22647 18473 22509 22672
11394 11311 11261 22669 22661 10447 10371 10170
11395 11336 11259 22670 22653 10369
11396 14978 22650 22676 10724 10408
11397 22677 22678 22679 22680 22681
11398 22682 22683 22684 22685 22686 22681
11399 22687 22688 22689 22677 22682
11400 22687 22690 22691 22692 22693 22683
11401 22694 22688 22690 22695 22696 22697 22698 22699 22679
11402 22694 22689 22678
11403 22686 22700 22701 22699 22680
11404 22693 22702 22703 22704 22705 22684
11405 22700 22706 22697 22707 22705 22685
11406 22708 22695 22691 22709 22703
11407 22698 22706 22701
11408 22709 22702 22692
11409 22696 22708 22704 22707
11410 16401 15837 22710 22680 22711 16821 16147 22712 16416
11411 22713 22678 22714 16136 22712 16420
11412 22677 22715 16421 22713
11413 15851 15823 22710 22681 22715 16414 16400
11414 22714 16149 16839 22711 22679
11415 16415 15854 22716 22682 22715
11416 22683 22717 22718 15909 15855 22716
11417 22710 22686 22719 18805 15824
11418 15813 15858 22720 22721 22685 22719 18796
11419 22722 22717 22684 22721 22723
11420 22720 22723 22724 15907 15857
11421 22718 22722 22724 15908
11422 3990 3849 15309 14999 15288 15280 22725 22726 22687 22716 15864 15903 7737 4080 3875
11423 16080 15242 15224 22727 22728
11424 16076 22728 22729 22730
11425 4064 3889 15308 15219 22727 22729 22731
11426 16422 16081 22730 22731 4052
11427 16419 22713 22689 22732 15239 16079
11428 15281 22725 22733
11429 15240 15279 22733 22726 22688 22732
11430 22734 22725 15282 15289 22735 22736 22691
11431 3872 14995 15291 22737 22736 22692 22738 22718 15910 7739
11432 22738 22693 22717
11433 15290 22735 22737
11434 22734 22690 22726
11435 16926 15257 15277 22739 22740 22741 16838 15422 16152 22742
11436 22743 22744 22745 22746 22740 22747 16837 16858 22748
11437 22749 22746 22739 15278 22733 22734 22695
11438 16137 22742 16927 15243 22732 22694 22714
11439 22745 22749 22696 22750
11440 22751 22748 16863 16836 22752
11441 22753 22698 22754 22743 22751
11442 16822 22752 22753 22699 22711
11443 22754 22744 22750 22697
11444 22741 22747 16829
11445 16925 16138 22742
11446 22712 16135 16417
11447 16887 22755 22700 22719 18797 16793
11448 22756 22753 22701 22755 16884 16795
11449 16823 22752 22756 16796
11450 22757 22704 22758 22759
11451 22760 22759 22761 22762 22763
11452 22764 22703 22758 22761 22765
11453 22765 22762 22766 22767
11454 22768 22763 22766 22769 22723
11455 22738 22702 22764 22767 22769 22722
11456 22705 22757 22760 22768 22721
11457 22770 22771 15035 15292 22735 22772 22765
11458 15033 17247 22773 22774 22775 22776 22771
11459 22764 22772 22736 22709
11460 22777 22776 22770 22761
11461 22778 22779 22780 22781 22782
11462 15283 8242 22783 22784 22781 22785 22739
11463 22785 22782 22786 22746
11464 17258 22773 22787 22780 22784 22788
11465 22708 22758 22777 22775 22789 22778 22786 22749
11466 22779 22787 22774 22789
11467 22783 22788 17260 15036 8241
11468 7749 7776 15054 22790 22769 22724 15906
11469 14993 15293 22737 22772 22767 22790 15043
11470 22791 22792 22793 22794
11471 22795 22796 22797 22793 22798
11472 22799 22794 22798 22800 22801
11473 22802 22792 22797 22803 22804 22805
11474 22804 22806 22795 22800 22807 22808 22809
11475 22791 22799 22810 22811 22802
11476 22810 22801 22807 22812 22813
11477 22796 22806 22803
11478 22811 22805 22809 22814 22813
11479 22808 22814 22812
11480 22793 22815 15195 16187 16075 22728 22816
11481 15296 15235 22727 22816 22794 22817 22818 15260 15211
11482 22819 15191 15262 22820 22817 22791
11483 22815 15177 22819 22792
11484 16073 16184 22821 22796 22822
11485 22815 15178 16188 22821 22797
11486 22798 22816 22729 22823
11487 22822 16077 22730 22823 22795
11488 22800 22823 22731 4053 15208 22824
11489 22799 22817 22825 15200 22826
11490 22824 15197 22826 22801
11491 22802 22819 15176 15166 22827
11492 15169 15174 16172 16190 22828 22829 22805 22827
11493 16185 22821 22803 22830 22828
11494 22804 22830 22829
11495 22831 22832 16423 16083 22822 22806 22830 22833 22834
11496 22835 22836 22834 22837
11497 2375 22838 4056 22839 22831 22837 22840
11498 22809 22829 22833 22836 22841
11499 2376 22842 22808 22841 22835 22840
11500 22832 16424 4050 22839
11501 2377 22842 22807 22824 15196 4055 22838
11502 22843 2387 22844 22811 22827 15167
11503 2382 22843 15168 7545
11504 319 2386 22844 22810 22826 15198 22845 2347
11505 542 4081 22838 2379
11506 2390 22844 22813 22846
11507 22846 22812 22842 2384
11508 22833 22828 16186 16170 16116 22847
11509 22848 22849 16431 16048 16100 16123 22847 22834
11510 22831 22850 22848
11511 22850 22832 16426 22849
11512 22851 22852 8853 15732
11513 22853 22836 22847 16117 16102 8850 22852
11514 22843 2383 22846 22814 22841 22853 22851 15738 7544 15172
11515 22854 22855 22856 22857
11516 22854 22858 22859 22860 22861
11517 22858 22862 22863 22855
11518 22864 22865 22863 22856 22866
11519 22862 22865 22867 22859
11520 22857 22866 22868 22861
11521 22860 22867 22864 22868
11522 22869 22857 22870 22871 17416
11523 22869 22854 22872 15346 17415
11524 22873 22874 22871 17412 22875 22876
11525 22876 22877 22878 22879
11526 22880 22881 22882 22873 22877 22883
11527 22880 22884 15365 22885
11528 22886 22887 15360 22884 22881
11529 17383 17417 22875 22879 22888
11530 22885 22883 22878 22888 17380 22889 15367
11531 15347 22872 22855 22890 22887 15353 22891
11532 22882 22886 22890 22856 22870 22874
11533 7981 7976 22892 22861 22869 17414 22893 7964
11534 2541 22894 22860 22892 7975
11535 2516 2542 22894 22859 22895 22896 2525
11536 22858 22895 22897 15343 22872
11537 22893 7959 17410
11538 987 22898 22862 22895 22899
11539 15352 22900 7422 3365 22901 22887
11540 979 3354 22902
11541 22901 3362 22902 983 989 22898 22863 22890
11542 887 904 22903 22904
11543 985 855 886 22904 22905 22906
11544 22894 2540 958 913 22903 22905 22907 22867
11545 22898 986 22906 22907 22865
11546 22903 900 4206 16632 17217 22908
11547 7978 22892 22868 22909 17101 17022
11548 17105 17075 17212 22910 22907 22864 22909
11549 22905 22908 17213 22910
11550 22911 22912 22913 22914 22915
11551 22916 22917 22913 22918 22919 22920 22921
11552 22914 22918 22922 22923
11553 22924 22925 22915 22923 22926 22927 22928 22929
11554 22930 22919 22922 22926 22931
11555 22932 22912 22917 22933
11556 22920 22930 22934 22928 22935
11557 22916 22933 22936 22924 22937
11558 22911 22932 22936 22925
11559 22934 22931 22927
11560 22935 22921 22937 22929
11561 22938 22911 22939 7958 22893 17409
11562 22914 22940 17100 22909 22866 22870 22941
11563 22940 17102 17020 22942 22913
11564 7967 17023 22942 22912 22939
11565 22938 22915 22941 22871 17413
11566 22943 17307 17310 17283 17246 22944 22945
11567 22943 17298 22946 22947 22920 22948
11568 22949 17308 17291 22946 22950
11569 22947 22950 22951 22919
11570 22940 17103 17309 22949 22951 22918
11571 22916 22952 17028 17037 17243 22953 22954
11572 22942 17024 22952 22917
11573 22953 17242 22944 22955
11574 22948 22945 22955 22954 22921
11575 22949 17311 22956 22957 22958
11576 22959 3359 22960 17117 17312 22956
11577 991 22906 22910 17211 17077 17123 22960 3357 22902 980
11578 22882 22961 22962 22963
11579 22964 22957 22959 3361 22901 22886 22961
11580 22962 22964 22958 22951 22922 22965
11581 22963 22965 22923 22941 22874
11582 17365 17411 22875 22966
11583 17366 22966 22876 22967 15370 22968 17404
11584 22969 22925 22938 17408 17362
11585 15371 22970 22963 22873 22967
11586 22971 22926 22965 22970 15372
11587 17398 17361 22969 22924 22972
11588 22973 22927 22971 15373 22974
11589 22972 22929 22975 22974 15374 22968 17406
11590 22975 22928 22973
11591 1959 17032 22952 22933 22976
11592 22932 22939 7957 1961 22976
11593 22973 22934 22977 22978 22979 22980 22981
11594 22975 22935 22948 22982 22983 22984 22981
11595 17295 22985 22986 22978 22987
11596 17290 22946 22988 22985
11597 22989 22980 22984
11598 22989 22979 22987 17300 22990 22983
11599 22986 22988 22947 22930 22977
11600 22990 17299 22943 22982
11601 9118 17040 17251 22953 22991 17397 15020
11602 22954 22937 22972 17399 22991
11603 22969 22936 22976 1958 4011 17360
11604 22992 22978 22993 22994
11605 22979 22993 22995
11606 22992 22977 22931 22971 15388 22996
11607 22997 22981 22974 15380 22998
11608 22998 22999 15384
11609 22980 22995 22994 22996 15387 22999 22997
11610 23000 23001 22984 22997 23002
11611 23001 22983 23003 23004
11612 22968 15377 17403
11613 17396 22991 22955 23005 23004 23000 23006
11614 15382 22998 23002 23006 17393
11615 23003 22982 22945 23005
11616 23007 23008 22775
11617 23007 23009 23010 23011 23012 22776
11618 23013 17249 23014 23015 23009 23008 22774
11619 23016 23000 23017 23018 23019
11620 15017 17394 23006 23016 23020 23021
11621 23022 23012 22771 15032 15022 23021
11622 17248 23013 22773
11623 23023 23024 23014 17250 22944 23005
11624 23022 23020 23019 23025 23011
11625 23023 23004 23017 23026
11626 23025 23018 23026 23024 23015 23010
11627 23027 17266 17278 23028 23029 23030 23031
11628 23003 22990 17306 23032 23029 23033 23023
11629 23027 17256 23034
11630 23035 23031 23034 17259 23014
11631 23028 17285 17304 23032
11632 23033 23030 23035 23024
11633 22790 22766 23036 23037 23038 23039 23040 15042
11634 23041 23042 23039 23043 23044 23045
11635 15046 23040 23042 23046 23047
11636 15873 15839 17473 23048
11637 23049 23050 23051 17472 15835
11638 23052 23045 23053 23054
11639 23052 23041 23046 23055
11640 22720 22768 23056 23057 23058 23049 15815 15872
11641 15905 15870 23048 17470 23051 23059 23060 23054 23055 23047 15055 16240
11642 23060 23053 23044 23061 23062
11643 23036 23063 23056 22763
11644 23059 23062 23064 23065 23058 23050
11645 23037 23063 23057 23065 23066
11646 23064 23066 23038 23043 23061
11647 23067 17395 15018 23021 23068 23069 23039
11648 23040 23067 17407 15041
11649 23070 23012 22770 22762 23036
11650 23071 23068 23022 23070 23037
11651 23069 23071 23038
11652 23072 23073 23074 23075 9227
11653 23076 9260 9228 23072 23077 23078
11654 23075 23079 23080 23081 22190 9226
11655 23073 23082 23083 23084 23085 23077
11656 23085 23086 23087 23078
11657 23088 23089 23090 23091 23084 23086
11658 23092 23093 23094 23095 23088 23087 23076 9263 23096
11659 23097 23089 23095
11660 23098 23099 23100 23080
11661 23094 23097 23090 23101 23102 23103 23100 23081 22191 23104 23105
11662 23106 23099 23103
11663 22193 23107 23105 23093 23108 23109 9264 9195
11664 23110 23101 23091 23083
11665 23092 23108 23111
11666 23109 23111 23096 9249
11667 22192 23104 23107
11668 23074 23079 23098 23106 23102 23110 23082
11669 23112 23060 23113
11670 23112 23053 23114 23115 23116 23117 23091 23118
11671 23083 23119 23120 23062 23113 23118
11672 23121 23122 23114 23044 23123
11673 23061 23123 23124 23120
11674 23122 23125 23115
11675 23126 23117 23101
11676 23110 23126 23116 23125 23121 23124 23119
11677 23084 23118 23127 23128
11678 23129 23128 23085 23130
11679 23059 23113 23127 23129 23131
11680 23064 23120 23132 23133
11681 23134 23135 23133 23065 23136
11682 23130 23077 23137 23138 23139 23050 23131
11683 23140 23141 23073 23137
11684 23142 23134 23143 23140 23138
11685 23136 23142 23139 23058
11686 23082 23119 23132 23135 23143 23141
11687 23042 23067 17390 23144 23145
11688 23045 23146 23147 23148 23114
11689 23041 23145 23149 23150 23151 23146
11690 23152 23153 23148 23122
11691 23154 23016 23002 22999 15385 23155 23156 23157
11692 23153 23158 23155 15386 23159 23151 23147
11693 23068 23020 23154 23160
11694 23150 23159 15379 17392 23161
11695 17391 23161 23149 23144
11696 23162 23157 23160 23069 23043 23123
11697 23121 23152 23158 23156 23162
11698 23163 23147 23164
11699 23165 23166 23167 23115 23148 23164 23168
11700 23169 23089 23170 23171 23168 23163 23146 23052 23172 23173
11701 23088 23169 23174
11702 23174 23086 23128 23175 23173
11703 23170 23176 23166 23177 23117 23090
11704 23175 23127 23112 23054 23172
11705 23165 23176 23171
11706 23167 23177 23116
11707 23178 22113 14420 23179 23180 23181
11708 23182 23179 14418 23183 23184 23185 23186
11709 23187 23188 22117 23189 23190 23191
11710 23178 22119 23189 23192
11711 23193 22127 14419 23183 23194 23195
11712 22572 23196 23187 23197 23194 23184 23198 23199
11713 23200 23201 23191 23196 22573
11714 23202 23185 23198 23203
11715 22560 23199 23203 23204 23200
11716 23197 23195 23205 22126 23188
11717 23193 22106 23205
11718 23182 23180 23206
11719 23204 23202 23186 23206 23181 23192 23190 23201
11720 23207 23208 23209 23210 23211 22574 22544
11721 22543 23212 23213 23214 23207
11722 23215 23216 23214 23208
11723 23212 23217 23218 22585 22542
11724 23209 23215 23219 23220
11725 22578 23221 23191 23222 23218
11726 23196 23221 22583 22571
11727 23200 23223 23224 23211 22559
11728 23220 23225 23224 23210
11729 23223 23201 23222 23217 23213 23216 23219 23225
11730 23226 23227 23185 23228 23229 21125 13810 13734
11731 23230 22555 23231 23232 23233 13811 13828
11732 23234 23235 23203 23236 23231 22556
11733 23237 13813 13722 23226 23238 23234 22557 22591
11734 23198 23227 23238 23235
11735 23239 22593 23240
11736 23241 13830 13814 23237 22588 23240
11737 23239 23241 13831 23230 22554 22592
11738 13812 21123 23229 23242 23233
11739 23202 23228 23242 23232 23236
11740 21756 21769 23243 22580 23244
11741 22579 23221 23187 23245 21774 23243
11742 22581 23218 23246 23247 21797 21764 23244
11743 21791 23248 22118 23188 23245 21776 23249
11744 21765 23249 21790 21750
11745 21799 23250 23251 23247
11746 23248 22108 21781
11747 23252 23189 22116 21795 23250
11748 23222 23190 23252 23251 23246
11749 23211 23253 22564
11750 23199 23235 23254 22561
11751 22563 23231 23255 23224 23253
11752 23234 23254 22562
11753 23204 23236 23255 23223
11754 23256 23257 23258 21136
11755 23259 21131 23260 23258 21139
11756 21146 23261 23262 23263 23184 23227 23264
11757 21147 23264 23226 13723
11758 23182 23265 23266 21124 23229 23267
11759 14424 23268 23265 23179
11760 23269 23261 21145
11761 23262 23270 21115 23259 21144 23269
11762 23263 23270 21128 23271 14423 23183
11763 23266 21132 23271 14425 23268
11764 21143 23256 23272 21129 13728
11765 23257 23260 21130 23272
11766 23267 23186 23228
11767 23273 23274 23275 23276 23277 23278 23279 23280 23281
11768 23282 23274 23283
11769 23284 23285 23286 23275 23283 23287 23288 23289 23290
11770 23291 23273 23282 23287 23292 23293
11771 23292 23288 23294
11772 23289 23294 23293 23295 23296 23297 23298
11773 23291 23281 23299 23300 23295
11774 23279 23301 23300 23296 23302
11775 23303 23284 23304 23278 23302 23297
11776 23298 23290 23303
11777 23277 23305 23285 23304
11778 23280 23299 23301
11779 23276 23286 23305
11780 23306 23307 22115 23178 23308 23309
11781 21796 23310 23311 23312 23313 23250
11782 22120 23307 23314 23276 23315
11783 23316 23306 23314 23275
11784 23311 23317 23318 23319 23280 23320
11785 23312 23321 23281 23320
11786 23322 23309 23316 23274
11787 23323 23324 22123 21792 23310 23317
11788 22122 23325 23324
11789 23326 23327 23277 23315 22121 23325 23323 23318
11790 23313 23252 23192 23308 23322 23273 23321
11791 23278 23327 23328
11792 23326 23328 23279 23319
11793 23329 23288 23330 23331 23332 13801 23333
11794 13782 23334 23335 23333
11795 23289 23336 23335 23329
11796 23337 23338 21243 23339
11797 23337 23340 23341 23314 23286 23342 23343 23344
11798 23334 13802 21245 23339 23344 23345 23290 23336
11799 23346 13803 23347 23348 23349 23316 23283 23350 23331
11800 23351 23347 13797
11801 23346 23332 13793
11802 23338 23340 23352 23348 23351 13800 21244
11803 23350 23330 23287
11804 23306 23341 23352 23349
11805 23285 23342 23353
11806 23284 23353 23343 23345
11807 23350 23282 23322 23354 23206 23267 23242 23355
11808 23181 23308 23354
11809 23356 23313 23251 23357 23213
11810 23246 23357 23217
11811 23358 23291 23321 23356 23216
11812 23219 23358 23293 23359
11813 23359 23292 23330 23355 23232 23255 23225
11814 23360 23361 23362
11815 23363 23344 23364 23361
11816 21420 23365 23362 23364 23345 23303 23366 23367
11817 23365 23360 23363 23339 21260 23368 21416
11818 21431 23368 21258 13781 23334 23369 23367
11819 23298 23336 23369 23366
11820 23370 23318 23371 23372
11821 23373 23372 23374 22055 22143 23375
11822 23370 23326 23376 23377 23373
11823 23378 23379 23380 23381 22057 22138 23375 23377
11824 23378 23382 23362 23383 23353 23304 23327 23376
11825 23379 23384 23360 23382
11826 23383 23342 23305 23315 22125 22091 23385 23380 23384 23361
11827 23371 23323 23386 22050 23374
11828 23381 23385 22092 22124 23325 23386 22046
11829 22076 23387 23388 14275 23389 23390
11830 23391 23392 23393 23387 22072
11831 23390 23394 14276 22075
11832 14269 23389 23394
11833 23395 23396 23397 22130 22048 23398
11834 23397 23399 23400 22133
11835 23401 23393 23388 14274 23402 23399 23396
11836 23400 23402 14265 22135
11837 23403 23404 22064 22043 23398
11838 22060 23391 23405 23404
11839 23403 23395 23401 23392 23405
11840 21488 23406 23407 23408 23409 22053 22137
11841 23410 23411 23412 23396
11842 23406 21486 21501 23413 23411 23414
11843 22129 23397 23410 23413 21500
11844 23415 23416 23408
11845 22042 23398 23417 23416 23409
11846 23417 23415 23407 23414 23412 23395
11847 22095 22063 23404 23418 23416 23419 23385
11848 23381 23419 23409 22041
11849 23386 23324 22128 22045
11850 23417 23403 23418
11851 23420 23406 21485 23421 23422 23423
11852 23424 23425 23421 21480 22136 21344
11853 23426 23427 23428 23422 23425 23429
11854 23430 23423 23428 23431 23432
11855 23433 23375 22139
11856 22140 23433 23377 23434 21423
11857 23435 23436 23437 23438 23429 23424 21348
11858 23426 23438 23439
11859 21352 23435 23440 23441 21424 22141
11860 23407 23420 23430 23442
11861 23419 23408 23442 23432 23443 23444 23445 23380
11862 21414 23446 23379 23445 23447 23441
11863 23446 23378 23434 21421
11864 23447 23444 23448 23436 23440
11865 23448 23443 23431 23427 23439 23437
11866 16196 23449 23450 23451 23452
11867 23453 16265 8407 8420 8426 23454 23455
11868 23456 23457 23451 23458
11869 8427 23454 23459 23456 23460
11870 23449 23461 23453 16268 16203
11871 23457 23459 23455 23461 23450
11872 23462 23463 23464 23465 23466
11873 23467 23462 23468 23469
11874 23470 23471 23472 23473 23463 23468
11875 23474 23469 23470 23475 23476 23477 23478
11876 23479 23466 23467 23474 23480 23481
11877 23482 23483 23484 23465 23479 23485
11878 23464 23473 23486 23487 23484
11879 23488 23489 23485 23481 23490 23491
11880 23492 23493 23494 23486 23472
11881 23495 23496 23490 23480 23478
11882 23497 23483 23487 23494 23498 23499
11883 23500 23492 23471 23475 23501
11884 23502 23498 23493 23500 23503
11885 23504 23505 23506 23497 23482 23489 23507 23508
11886 23509 23510 23508 23511 23491 23496
11887 23512 23513 23503 23501 23476
11888 23495 23477 23512 23514 23515 23516 23509
11889 23488 23507 23511
11890 23517 23506 23499 23502 23513 23514
11891 23517 23505 23518 23515
11892 23510 23504 23518 23516
11893 23466 23519 23520 22840 2380 23521
11894 23465 23522 23519
11895 22837 22848 23523 23524 23464 23522 23520
11896 2378 553 4027 4083 23525 23462 23521
11897 4057 22839 22850 23523 23526
11898 23463 23524 23526 4082 23525
11899 23527 4084 23525 23468 23528
11900 16343 2363 2385 23521 23467 23529 23530
11901 4029 4076 23527 23531 16330
11902 16338 23532 23530 16342
11903 16339 23532 23529 23469 23528 23531 16332 16290 16341 16311
11904 23470 23533 23528
11905 23527 4075 23534 23471 23533
11906 23535 23524 23473
11907 23534 4061 23526 23535 23472
11908 16281 16327 23536 23476 23537 16296
11909 23531 23533 23475 23536 16329
11910 16298 23537 23477 23538 16313
11911 16318 23538 23478 23539 23532 16340 16348 16308
11912 23529 23474 23539
11913 2295 15725 15735 23540 23481 23541 16344 2362
11914 15733 22851 23542 23519 23479 23540
11915 23520 22835 22853 23542
11916 23539 23480 23541 16345 23530
11917 22852 8866 16771 23543 23484 23522 23542
11918 23482 23544 16772 15730 23545
11919 23485 23545 15734 23540
11920 23483 23543 16770 23544
11921 23546 16427 22849 23523 23535 23486
11922 16778 16165 16098 16430 23546 23487 23543
11923 15700 15722 15727 15737 23547 23488 23548
11924 16347 23541 23490 23549 15702
11925 23489 23545 15736 23547
11926 23491 23548 15701 23549
11927 4060 16382 23550 23492 23534
11928 23550 16380 16425 23551 23493
11929 23546 16428 23551 23494
11930 16346 15709 23552 23553 23554 8390
11931 23549 15710 23552 23555 23496
11932 23538 23495 23555 23553 23556 11481 16312
11933 11482 23556 23554 8389
11934 16328 16405 23557 23501 23536
11935 23500 23550 16383 16406 23557
11936 23558 16411 16399 16356 16378 23559 23560
11937 23557 23503 23561 16379 16361 16407
11938 23502 23562 23560 23563 16368 23561
11939 23563 23559 16375
11940 23558 16429 23551 23498 23562
11941 16737 16782 15741 23547 23507 23564 23565
11942 23566 23504 23567 16740 23565
11943 16732 23568 23569 23505 23567
11944 23568 16736 16763 16774 23544 23497 23570
11945 23570 23506 23569
11946 23508 23564 23566
11947 15708 23571 23566 23510 23572 23552
11948 23509 23572 23555
11949 15711 23548 23511 23564 23571
11950 16367 23561 23513 23573
11951 23537 23512 23573 16371 15678 8581 16314 16297
11952 23516 23572 23553 23574
11953 23514 23575 23576 23577 16370 23573
11954 23577 16366 16316 23578
11955 16317 23578 23576 23579 11492
11956 23556 23574 23515 23575 23579 11487
11957 15707 23571 23565 16741 16783 15721
11958 11477 16749 16769 23580 23579 11486
11959 23517 23569 23581 16734 16768 23580 23575
11960 23568 16733 23581
11961 8391 16779 16731 23567 23518 23574 23554
11962 23582 23583 23584 23585
11963 23586 23587 16444 23588 23584 23589 23590
11964 23585 23589 23591
11965 16447 23592 23586 23593 23594
11966 23595 16448 23594 23596
11967 23597 13842 23598 23599 23600
11968 4540 13849 23597 23601 23602 23603
11969 23600 23601 23604
11970 23587 16438 23592
11971 23583 23588 16443 13850 23605 23606 23607
11972 13848 23605 23608 23609 23598
11973 23606 23608 23610
11974 23603 4541 16440 8676 23611 23612
11975 16446 8671 23611 23613 23595
11976 23593 23590 23591 23582 23607 23610 23609 23599 23604 23602 23612 23613 23596
11977 15460 23614 23615 23616 16934
11978 8121 15485 23617 23618 23614 15466
11979 23619 23620 15433 23621
11980 23620 23622 23623 15487 15434
11981 23617 23624 23623 15486
11982 15464 16937 23625 23626 15431 23627
11983 23626 23628 23629 23621 15428
11984 23627 15463 15438
11985 23628 23630 23616 16930 23625
11986 23629 23619 23622 23624 23618 23615 23630
11987 23614 23631 23611 8670 7185 23632 8113 15459
11988 23616 23633 23595 16445 8673 16470 23634 16931
11989 23634 16471 16935
11990 23631 23613 23633 23615
11991 23635 17067 23636 23637
11992 23636 17070 17004 21902 8745 23638 23639
11993 17046 17186 23640 23641 23642 23643
11994 23638 8748 21903 21847 23644 23608 23645
11995 23646 21834 23644 23606 23647
11996 23648 23649 23650 23651 21848 23646 23652 23653
11997 17193 21889 21839 23651 23654 23640
11998 23635 17071 17045 23643 23655 23648 23656 23657
11999 23641 23654 23650 23658
12000 23642 23658 23649 23655
12001 23656 23653 23659
12002 23639 23645 23610 23647 23652 23659 23657 23637
12003 15490 8125 23660 23661 23617
12004 8124 23662 4542 23603 23663 23660
12005 23661 23663 23612 23631 23618
12006 23664 23665 16441 13873 21863 21832 23666 23667
12007 23644 21830 21892 13845 23605
12008 16442 23668 23669 23667 23670 23588
12009 23669 23664 23671
12010 23646 21833 23666 23670 23583 23672
12011 23665 23671 23668 16436
12012 23672 23607 23647
12013 15455 23620 23673 23674 17271 17253 23675
12014 15498 15449 23675 17265 17033
12015 16994 16959 17066 23636 23676 23623 15489
12016 17270 17068 23635 23677 23674
12017 23676 23637 23677 23673 23622
12018 23678 8746 23638 23679
12019 15331 17018 21901 8747 23678 23680 23600 23681
12020 23682 23601 23681 15336 8126 23660
12021 23661 23682 23604 23680 23679 23639 23676 23624
12022 13843 8755 23678 23683 23598
12023 23645 23609 23683 23679
12024 15334 23684 7164 4546 13844 23597 23681
12025 23683 23599 23680
12026 23663 23602 23682
12027 23590 23685 23686
12028 23687 23685 23591 23688 23659 23689 23690 23691 23692
12029 23593 23686 23687 23693 23694
12030 23633 23596 23694 23695 23696 23630
12031 23696 23697 23691 23698 23629
12032 23652 23672 23582 23688
12033 23698 23690 23699 23673 23619
12034 23677 23657 23689 23699
12035 23693 23692 23697 23695
12036 23700 23701 23698 23621 15427 23702 23703
12037 23704 23691 23701 23705
12038 23700 23705 23706 23707
12039 23708 23709 23696 23628 23710 23711
12040 23709 23697 23704 23706 23712
12041 23713 23714 23702 15426 23715
12042 23711 23716 23717
12043 23718 23719 23716 23710 23626 15429 23720
12044 23721 23720 15430 23715 23722 23723
12045 23724 23722 23713
12046 23718 23725 23721
12047 23725 23719 23717 23708 23712 23707 23703 23714 23724 23723
12048 23718 23726 23727 16941 23728 23729
12049 23730 23731 23732 23733 16943 23728 23734
12050 23735 16947 23733 23736
12051 23736 23737 23738 23739 23732
12052 23740 23737 23735 16949 23727
12053 23739 23741 23731
12054 23742 23721 23729 23734
12055 23742 23725 23726 23740 23738 23741 23730
12056 16938 15474 23627 15432 23720 23729 23743
12057 23728 16942 23743
12058 23710 23625 16929 23744
12059 23745 23716 23744 16940 23727
12060 23745 23719 23726
12061 23746 23747 23748 23711 23744 16933 23749
12062 16946 23749 23750 23735
12063 23751 23752 23746 23750 23737
12064 23753 23747 23752
12065 23745 23717 23748 23753 23751 23740
12066 23754 23734 23743 16939 16908 23755 16922 23756
12067 15299 16921 23756 23757 23722 23758 8243
12068 15475 15440 23715 23758 8239
12069 16907 23755 16923
12070 23754 23742 23723 23757
12071 23759 23694 23594 16453 16480 23760
12072 16932 23634 16475 23760 23761 23762 23749
12073 23762 23763 23746
12074 23764 23709 23695 23759 23761 23763 23747
12075 23708 23764 23748
12076 23765 23766 23731 23767 23768 23769
12077 23770 23771 23732 23766
12078 16944 23733 23771 23772
12079 23768 23773 23756 16924 23774 23775
12080 23765 23770 23772 16945 16909 23755 16928 23776 23777
12081 23777 23769 23775 23778
12082 16918 23776 23778 23774
12083 23767 23730 23754 23773
12084 17252 23675 15448 23702 23779 23780 22788
12085 8240 23758 23713 23781 23780 22783
12086 23779 23714 23781
12087 16671 23782 23783 16649
12088 16648 23783 23784 23785 23786
12089 16670 23782 23784 23787 23788 16587 16594
12090 16667 16574 23789 23790 23791 16651
12091 23792 23786 16652 23791
12092 23788 16577 23789 23793
12093 23790 23793 23787 23785 23792
12094 17219 23794 23795 23796
12095 23795 23797 23798 23799 23800
12096 23794 23797 23801 23802 23803 23783 16653 23804 17220
12097 23805 23800 23796 17218 23806
12098 23807 23786 16654 23804 17215 23808
12099 23809 23810 23811 23812 23801 23798
12100 23810 23813 23814
12101 23813 23811 23815 23816 23817
12102 23818 23816 23819 23803 23784
12103 23808 23820 23806 17207
12104 23807 23785 23818 23817 23814 23809 23799 23805 23820
12105 17214 23821 23822 23823 23824 852 898 22904 22908
12106 23825 23808 17208 23821
12107 16656 23804 17216
12108 857 950 1361 16657 23791 23826 23827 23824
12109 23827 23828 23823
12110 23828 23826 23792 23807 23825 23822
12111 5954 16573 23789 23829 23827 23830
12112 23830 23824 853 5955
12113 23790 23829 23826
12114 23831 23832 23833 23834
12115 23832 23835 23836 23837 23838
12116 23839 23840 23838 23831 23841 23842
12117 23843 23833 23835 23844 23845 23846 23847 23842
12118 23837 23840 23848 23849
12119 23841 23834 23843
12120 23850 23851 23852 23848 23839 23847
12121 23853 23851 23854 23845
12122 23853 23846 23850
12123 23855 23856 23835 23857
12124 23858 23859 23860 23861 23862 23863
12125 23855 23864 23860 23865
12126 23845 23866 23867
12127 23868 23863 23869 23870 23871
12128 23872 23847 23873 23870
12129 23874 23842 23872 23871
12130 23858 23875 23867 23846 23873 23869
12131 23833 23856 23864 23861 23876
12132 23862 23876 23843 23874 23868
12133 23877 23878 23837 23879
12134 14786 23880 23881 23877 23882 23883
12135 23884 23882 23878 23840 23885 23886
12136 14787 23883 23884 23887 22370
12137 14777 23880 23888 23889
12138 22372 23887 23886 23890
12139 14789 23889 23891 23848 23885 23890 22371
12140 23892 23870 23893 22375
12141 22382 23893 23872 23839 23885 23894
12142 23895 23850 23873 23892 22381
12143 23896 23897 23889 14776 22357 22379
12144 23896 23898 23851 23895 22380
12145 22383 23894 23890 22373 22346 22359
12146 22387 23899 23900 23896
12147 5924 23901 22324 23902
12148 22389 23895 23853 23867 23903 22328
12149 23880 14778 23904 23905
12150 23906 23907 23858 23908 23909
12151 20284 23910 23911
12152 23912 23906 23913 23910 20285 22490 22474 23914
12153 22473 23914 23915 23916 22463
12154 22455 23917 23918 23919 23916
12155 23919 23920 23909 23912 23915
12156 23918 23920 23908 23869 23892 22374 23921
12157 22452 22326 22390 23921 23917
12158 14790 23922 23923 23924 23883
12159 23925 23926 23927 23877
12160 23925 23928 23924 23882
12161 23929 23930 23926 23928 23923
12162 23922 23929 23931 23932 14782
12163 23933 23934 23935 20229
12164 20230 23933 23936 23937 20259
12165 23934 23936 23938 23939
12166 23937 23938 23940 23910 20289 20260
12167 22483 23941 23942
12168 23943 23944 23945 23946 23942 22484 14860 14875
12169 23947 23948 23949 23950 23951 23943 14873 12701
12170 12658 12811 22482 23941 23946 23952 23953 23954 23947 12719
12171 23954 23955 23948
12172 23944 23956 23951
12173 23957 23952 23945 23956 23950
12174 23955 23953 23957 23949
12175 12715 23958 23959 23960
12176 12717 23958 23961 12486 12422 14249
12177 23954 23962 23963 20264 12485 23961 23959 23964 23965
12178 23960 23964 23966 12718
12179 23941 22481 23967 23968
12180 23969 23970 23968 23946
12181 22477 22489 20263 23963 23971 23972 23970 23967
12182 23966 23965 23947 12702
12183 23972 23973 23952 23969
12184 23962 23971 23973 23953
12185 23974 23938 23975 23906 23976
12186 22478 23967 23977 23978 23914
12187 23979 23980 23981 23976 23912 23978 23982
12188 23983 23981 23974 23937 20261 23963
12189 23982 23984 23970 23977
12190 23979 23985 23972 23984
12191 23971 23983 23980 23985
12192 23909 23976 23986 23987 23988 23989
12193 23990 23991 23992 23978 23915
12194 23993 23920 23989 23994 23995 23996 23991
12195 23996 23997 23998 23982 23992
12196 23919 23993 23990
12197 23986 23981 23999
12198 24000 23994 23988 24001 23979 23998
12199 24000 23995 23997
12200 23980 23999 23987 24001
12201 24002 24003 24004 23861 24005
12202 24005 23862 24006 24007
12203 23934 24008 24009 24010 24011
12204 24011 23936 23974 23986 24012
12205 24013 24004 23860 24014 24009 24015
12206 24016 24002 24007 24017
12207 24003 24013 24018 23988 24019 24016
12208 23989 23908 23863 24006 24017 24019
12209 24015 24010 24012 23987 24018
12210 12504 24020 24009 24021 24022
12211 24023 12501 12456 20274 24024
12212 24025 24026 24011 23933 20236 20270 12515
12213 20306 12512 24023 24027
12214 12510 24022 24028 24025
12215 24010 24021 24028 24026
12216 24029 24030 24031 24032
12217 24033 24031 24034 24035 24036 24037
12218 24038 24032 24033 24039 24040
12219 24041 24042 24037 24039 24043 24044
12220 24043 24040 24045 24046 24047
12221 24038 24029 24048 24049 24050 24051 24045
12222 24047 24052 24053 24054 24044
12223 24034 24055 24048 24030
12224 24056 24057 24049 24055 24035 24058 24059
12225 24060 24061 24062 24054 24041
12226 24063 24064 24058 24036 24042 24060
12227 24052 24065 24066 24067 24051 24046
12228 24050 24057 24068 24067
12229 24064 24059 24069 24070 24071
12230 24062 24072 24070 24073 24065 24053
12231 24066 24068 24056 24069 24073
12232 24072 24071 24063 24061
12233 21996 24074 24075 24076 20482 22016
12234 24076 24077 20481
12235 24029 24078 24079 24080 20476 24081
12236 24082 24083 16707 12991 22007 21942 22021 20484 24081 24032
12237 24084 14247 21967 22006 24074 24085 24079 24086
12238 12988 14241 24084 24087 24031 24082 24088
12239 16712 12989 24088 24083
12240 24077 24075 24085 24080 20480
12241 24078 24086 24087 24030
12242 24033 24082 24089
12243 24083 24089 24039 24090 16708
12244 24091 22022 22025 22008 16699
12245 20499 22019 24091 16706 24092
12246 24093 24094 20504 24092 16710
12247 24095 24038 24081 20475 24094
12248 24090 24040 24095 24093 16709
12249 24096 24097 21598 24098
12250 24099 24100 24101 24102 21599 24097
12251 24103 24104 24105 24106 24107 21601
12252 24107 24108 24109 24110 24111 21602
12253 24112 24106 24108
12254 24113 24114 24103 21600 24102
12255 24101 24113 24115 24116
12256 24110 24117 24118 24099 24096 24119
12257 24100 24116 24120 24121 24118
12258 24098 24119 24111 21597
12259 24114 24115 24120 24122 24104
12260 24105 24122 24121 24117 24109 24112
12261 24123 24124 24125 21898 24126 24127 23654
12262 17185 24128 24129 24123 23640
12263 21835 24130 24127 23651
12264 24126 21897 21836 24130
12265 24131 24125 21895 17190 24128
12266 24131 24124 24129
12267 24132 24133 24134
12268 24135 24136 19091 19127 24137
12269 11837 24138 19139 24139 24140 24132 24141
12270 24138 11835 19138
12271 24142 24143 24139 19135
12272 24144 24142 19142 19092 24136
12273 24144 24143 24140 24133 24145 24135
12274 14545 24146 24147
12275 24148 24149 14572 24150 24132
12276 24151 24149 14570 24152 14561 24146 24153
12277 14560 14568 24152
12278 24148 24151 24154 24133
12279 17142 24155 24156 24142 19136 19152 9303
12280 24157 24158 24155 17145 9268 9332
12281 9333 24157 24159 24160 15522
12282 24160 24161 24136 19105 19143 15523
12283 24161 24144 24156 24158 24159
12284 24162 24163 24164
12285 24160 24165 24162 24166 17961 15524
12286 24161 24135 24167 24163 24165
12287 24168 24169 24170
12288 24168 24171 24172 17972 17983 24173
12289 24174 24175 24162 24176
12290 24177 24172 17965 24178
12291 17985 17969 24178 24179 24174 24180
12292 24179 24177 24171 24169 24181 24163 24175
12293 24182 24183 24184 24174 24185 15577
12294 24186 24187 24188 9335
12295 24188 24189 24190 9336
12296 9322 24186 24191 24192 24182 15582
12297 24157 24193 24190 9337
12298 24192 24194 24183
12299 24193 24189 24187 24191 24194 24184 24175 24165 24159
12300 9914 24195 24196 24197 24198 18136
12301 24199 24200 24201 24168
12302 24202 24203 24197 24204 24200 24205
12303 24206 24195 9942
12304 17966 17982 9486 24207 24208 24209 24172
12305 24210 9478 24207
12306 24208 24211 24202 24212 9931 9489 24210
12307 9945 24206 24196 24203 24212
12308 24199 24205 24211 24209 24171
12309 24213 24192 24214 24215 24207 9479 15580
12310 24213 24183 24216 24178 17964 15575
12311 24208 24217 24215
12312 24214 24217 24209 24177 24216 24194
12313 19178 9475 9925 24218 9450
12314 5661 9324 24219 24220 9935 24218 9451
12315 24213 15576 24182
12316 24215 24221 24222 24220 9932 9477 24210
12317 24186 24223 24222 24219 9323
12318 24223 24221 24214 24191
12319 24216 24179 24184
12320 24224 24225 24226 24227 24228 24229
12321 24230 24227 24231 24232
12322 24233 24228 24231 24234 24235
12323 24236 24229 24233 24237 24238 24239 24240
12324 24241 24242 24232 24234 24243 24238 24244
12325 24226 24230 24242 24245 24246
12326 24247 24225 24246 24248 24249
12327 24243 24235 24237
12328 24247 24224 24236 24250
12329 24248 24245 24241 24251 24252
12330 24253 24252 24249 24250 24240
12331 24239 24244 24251 24253
12332 17235 24254 24229 24255 17196 24256
12333 24224 24257 24258 17236 24254
12334 24225 24259 9181 24260 24257
12335 17233 9031 9019 9184 24260 24258
12336 24261 8989 16604 17197 24255 24228
12337 17234 21893 17188 24256
12338 24226 24262 9186 24259
12339 24261 9002 9006 9185 24262 24227
12340 24263 24264 24265 24266
12341 24263 24267 9190 24262 24230 24268
12342 24261 8985 9005 24269 24265 24270 24231
12343 24270 24266 24268 24232
12344 24265 24271 24272 23810 24273 24274
12345 24272 23811 24275
12346 17174 16609 24276 23801 24277 24235 24278
12347 24234 24270 24274 24279 23798 24277
12348 23809 24273 24279
12349 17198 24255 24233 24278 17182
12350 24280 24263 24281 23855
12351 24282 24015 24021 24283 24284 24285
12352 24286 9148 24287 24285 24288 24289 24290
12353 24284 24291 17317 9147 24287
12354 24292 24293 9149 24286
12355 24294 24295 24296 24289
12356 24297 24013 24282 24288 24294
12357 24295 24297 24004 23864 24280 24268 24242 24298
12358 24022 12507 17335 24291 24283
12359 24293 9145 9183 24259 24246 24299
12360 24296 24290 24292 24299 24245 24298
12361 24300 9153 9182 24260 24301
12362 24302 24300 9154 24293 24303 24304
12363 24302 24301 24257 24247 24305
12364 24303 24299 24248 24306
12365 24305 24249 24306 24304
12366 23797 24277 24243 24307
12367 23803 24308 16672 23782
12368 17173 24278 24237 24307 23794 17222
12369 24309 24310 24311 24312
12370 24313 24309 24314 24315 24316 24317 24318
12371 24314 24319 24320 24310
12372 24321 24311 24320 24322 24323 24324 24325 24326
12373 24319 24322 24327 24328 24329 24315
12374 24321 24312 24313 24330
12375 24318 24330 24326 24331 24332 24333
12376 24334 24316 24329 24335 24336
12377 24337 24324 24338 24328 24335 24339
12378 24336 24339 24340 24332 24341
12379 24341 24334 24317 24333
12380 24325 24331 24340 24337
12381 24323 24327 24338
12382 24311 24342 24343
12383 24310 24344 22888 17379 24345 24342
12384 24345 24343 24312 24346 17400 17372 17387
12385 17405 17367 22966 22879 24344 24309 24346
12386 23159 15375 24347 24316 24348
12387 24347 15376 22967 22877 24349 24315
12388 22878 24349 24314 24344
12389 24350 23150 24348 24317 24351
12390 24318 24351 24352
12391 24352 24313 24346 17401 23161 24350
12392 24353 24354 17374
12393 17382 24345 24355 24353
12394 24320 24356 22885 15364 24357 17377 24354 24355 24342
12395 22883 24356 24319 24349
12396 24326 24358 24354 17373 24359 24360
12397 24321 24343 24355 24358
12398 24361 24324 24362
12399 15355 24363 24362 24325 24360 24364
12400 15359 22884 24365 24323 24361 24363
12401 24356 22880 24365 24322
12402 24327 24365 22881 22961 24366 24367 24368
12403 24369 24366 22962 22970 15390
12404 15389 24369 24367 24370 24371
12405 24347 15391 24371 24372 24329
12406 24372 24370 24368 24328
12407 24350 23149 24373
12408 15044 17402 23144 24373 24352 24330 24358 24353 17375 24374 3764 4436
12409 24375 23047 15047 16272
12410 16271 24375 23046 23145 24373 24351 24333 24376 24377 7792
12411 24377 24378 24331 24360 24379 7797
12412 24332 24378 24376
12413 24334 24348 23151 23163 24380
12414 23158 24381 24382 24383
12415 24381 24384 15392 23155
12416 24380 24336 24385 24386 24383 23153 23164
12417 24382 24384 15393 24371 24387 24386
12418 24335 24372 24387 24385
12419 24366 22964 24388 24389
12420 24390 24391 24392 24393 24394 24389 24367 24395
12421 14812 7409 24396 24392 24397
12422 7414 24396 24393 24398 22959 3360
12423 24394 24398 22957 24388
12424 14821 7419 14579
12425 24399 24363 15356 17594 24400
12426 24401 24390 24402 17591 24400
12427 24391 24397 14824 14581 17588 24402
12428 24401 24395 24368 24338 24361 24399
12429 24403 21157 24404 24405
12430 24406 24407 24405 24408 24409 24410
12431 24411 24412 24413 21154 24403 24408
12432 24414 24413 21155 21200 24415 24416
12433 24412 24414 24417
12434 24404 21156 21191 24418 24407
12435 24419 24420 24416 24417 24411 24409
12436 24418 21201 24415 24420 24421 24406
12437 24419 24421 24410
12438 17549 17551 9368 24422 24423 24424 24425 24426 24427 24428
12439 17550 17442 24429 24430 24431 24432 24428
12440 24433 24434 17538 24435 24423
12441 24435 17539 17560 9366 24422
12442 24434 17536 24436 24437
12443 24425 24438 24439 24430 24440
12444 24426 24440 24431 24441
12445 17448 17533 24436 24442 24439 24429
12446 24441 24427 24432
12447 24424 24433 24437 24442 24438
12448 17153 24443 24444 24445 24422 9367 11633 11658 19434
12449 24446 24447 24443 17154 18864
12450 17150 24448 24427 24449 8642
12451 17548 24428 24449 8644
12452 24448 24426 24450 24451 24452 18867 17156
12453 24425 24453 24450
12454 24454 24455 18866 24452
12455 24455 18865 24446 24456 24445 24423 24457
12456 24447 24456 24444
12457 24424 24457 24454 24451 24453
12458 24458 24459 24460 24461
12459 24462 24463 24464 24459
12460 24462 24465 24466 24467 24468 24460
12461 24469 24470 24471 24472 24473 24468 24461
12462 24464 24474 19023 24475 24476 24469 24458
12463 24477 24478 24479 19024 24475
12464 24480 19026 24481 24478 24482 24483 24472 24484 24466
12465 24463 24465 24480 19027 24474
12466 19025 24479 24481
12467 24467 24484 24473
12468 24485 24483 24471
12469 24477 24482 24485 24470 24476
12470 24486 24487 5723 13834 6840 24488
12471 24489 13679 6850 24488 24490 24491 24492
12472 24493 22590 19028 24494 24490 24486
12473 13833 23241 24495 5707
12474 24496 24497 24498 24499 13721 13816 23237 22587 19030 24479
12475 24493 22589 23240 24495 5718 24487
12476 24500 24496 24478
12477 24501 13677 24502 24503
12478 24504 24499 13719 19012 13675 24502 24505
12479 13668 24501 24506 24489
12480 24494 19031 24475 24507 24491
12481 24504 24498 24508
12482 24507 24477 24500 24497 24508 24505 24503 24506 24492
12483 24509 24510 13697 24511 24504 24512
12484 24511 13694 13726 24499
12485 13681 19013 24513 24514
12486 24509 24515 24516 24517
12487 13692 24510 24515 24518
12488 24519 24520 24513 19014 13676 24502
12489 24514 13693 24518 24516 24521 24520
12490 24505 24512 24517 24521 24519
12491 24522 24523 24524 24525 24526 24527 13299
12492 24528 20927 13666 24529 24522 13300
12493 24527 24530 24531 24532 24533 24534 13302
12494 24528 20928 6829 24535 13295
12495 13301 24536 6837 13667 24489 24537 24534
12496 13293 24535 6838 24536
12497 24538 24539 24526 24530
12498 24539 24540 24525
12499 24532 24541 24501 13669 24529 24523 24542
12500 24540 24524 24542 24531 24538
12501 24541 24506 24537 24533
12502 24543 24544 24545 21175 13725 13698 24511 24498
12503 13688 21159 24404 24546 24510
12504 24547 24548 24405 24546 24509 24549
12505 24550 24545 21177 24403 24548
12506 24544 24550 24547 24551
12507 24551 24543 24508 24512 24549
12508 19033 18983 24552 21169 23264 23238 23254 22565 22582
12509 24553 24545 21176 24552 18984 24554
12510 19032 18981 24554 24555
12511 24496 24556 24544 24553 24555 19035 24481
12512 24543 24497 24556
12513 18885 24557 24558 5421
12514 24559 24560 24561 24562 24563 24558 5431
12515 24564 24565 24566 24567 18903 5429 24568
12516 24569 24564 24570 24571
12517 24572 24573 24570 24568 5428 24559
12518 24574 24575 24576 24565 24569 24577 24578
12519 24571 24577 24579 24573
12520 24561 24580 24581 24574 24582
12521 24581 24575 24583 24584 24585 18872 24557 24563 24586
12522 24586 24562 24580
12523 24579 24578 24582 24560 24572
12524 24587 24588 18868 24585
12525 24589 24590 24567 18900 18884 24588
12526 24566 24590 24591 24583 24576
12527 24587 24589 24591 24584
12528 24485 24592 24593 24594 24595 24596 24597
12529 24598 24599 24600 24470 24597
12530 24601 24507 24476 24600 24602
12531 24603 24604 24596 24598
12532 24605 24606 24607 24608 24609 24610 24595 24604
12533 24605 24611 24533 24612 24602 24599 24603
12534 24611 24606 24613 24519 24503 24541
12535 24592 24614 24615 24551 24556 24500 24482
12536 24610 24616 24594
12537 24537 24492 24601 24612
12538 24615 24549 24517 24617 24608 24618
12539 24613 24521 24617 24607
12540 24609 24618 24614 24593 24616
12541 24619 24620 24621 24622 24623 24624 24625 24626
12542 24627 24628 24623
12543 24629 24630 24631 24627 24622
12544 24615 24547 24632 24633 24630 24634
12545 24635 19063 24555 24636 24633 24629 24621 24637
12546 19061 24635 24638 24480
12547 24550 24553 24636 24632
12548 24638 24637 24620 24639 24466
12549 24483 24592 24640 24625 24641
12550 24472 24641 24626 24642
12551 24484 24639 24619 24642
12552 24614 24634 24631 24628 24624 24640
12553 24643 16872 18791 24644
12554 24630 24645 24646 24647 24648 24649
12555 16870 24650 24646 24651
12556 24643 16871 24651 24645 24629 24652
12557 18801 16868 24650 24647 24653
12558 24654 18804 24655
12559 24627 24656 24657 18803 24654 24658
12560 18802 24653 24648 24659 24657
12561 18800 24644 24652 24622 24658 24655
12562 24659 24649 24631 24656
12563 24660 18818 24661 24662
12564 24663 24664 18815 24660
12565 24665 24666 24667 24655 18812 24664
12566 24667 24654 18817 24668 24669
12567 24670 24671 24668 18809 24661
12568 24671 24669 24666 24672
12569 24670 24672 24665 24663 24662
12570 17482 18808 24661 24673 24674 17515
12571 15641 15761 15798 24675 24676
12572 24677 24678 24660 18816 15923 15797 24675
12573 24677 24679 24674 17516 17522 15633 24676
12574 24673 24662 24678 24679
12575 24593 24640 24680 24681 24682
12576 24683 24684 24685 24680 24625 24686
12577 24686 24641 24471 24597 24687 24688 24689 24690 24691
12578 24692 24693 24694 24695 24682 24594 24696 24697 24576 24698
12579 24595 24696 24699
12580 24565 24697 24699 24596 24687 24700
12581 24701 24702 24703 24704 24574
12582 24575 24698 24705 24704
12583 24706 24695 24681 24685
12584 24700 24688 24707 24569
12585 24689 24707 24577 24708
12586 24705 24692 24709 24703
12587 24694 24706 24684 24710
12588 24690 24711 24701 24578 24708
12589 24702 24709 24693 24710 24683 24691 24711
12590 24712 24713 24714 24715 1420 15692 15635
12591 15631 24716 24717 24715 1428
12592 15632 8599 24718 24719 24716
12593 24720 24676 15634 24712
12594 24713 24721 24677 24720
12595 24722 24723 24724 17509 17523 15626 8584
12596 24674 24725 24724 17517
12597 8611 24722 24726 24718
12598 24719 24726 24723 24725 24679 24721 24714 24717
12599 17425 18807 24727
12600 24728 24729 24730 17426 24727 18806 24668
12601 24671 24728 24731 24732 24733
12602 17428 24734 24729 24731 24735
12603 24724 24736 24732 24735 17429 17510
12604 24730 17427 24734
12605 24736 24733 24670 24673 24725
12606 18764 24737 24738 24739 1422 2959 5257
12607 24739 24740 24715 1421
12608 24741 18766 18784
12609 24737 24742 24743 18783 24741 18765
12610 15694 15646 24712 24744 15666
12611 24713 24745 24746 15665 24744
12612 18780 24743 24747 24746 15660
12613 24738 24742 24747 24745 24714 24740
12614 24748 24582 24701 24749 24716 15637 8600 15143
12615 24750 24751 24752 24560 24748 15141 1432
12616 24753 24751 24754 24579 24708 24755 24756 24739 1433
12617 24572 24754 24752
12618 24753 24750 1435
12619 24757 24690 24755
12620 24756 24757 24711 24749 24717 24740
12621 24626 24686 24758 24759
12622 24760 24759 24642 24473 24761 24762 18779 24743
12623 24763 24598 24687 24764
12624 18769 24765 24766 24764 24688 24767
12625 24755 24689 24767 18763 24737 24768
12626 24769 24770 24771
12627 24469 24600 24772 24769 24773
12628 24763 24599 24772 24770 24774 24766
12629 24765 24774 24771 24773 24461 24775 24762 18785 24741 18768
12630 24775 24468 24761
12631 24768 24757 24691 24758 24760 24742
12632 8596 8613 24776 24561 24748 15140
12633 8612 24776 24580 24777 24703 24778 24718 8598
12634 24777 24704 24581
12635 24719 24778 24702 24749
12636 24779 24571 24707 24767 18762 11211
12637 11207 24780 24781 24753 1434 2956 5264
12638 24782 24754 24573 24779 11212 24780
12639 24782 24751 24781
12640 24768 24738 24756
12641 24783 24784 24785 24694
12642 24695 24786 24787 24785
12643 24788 24789 24790 24616 24682 24786 24791 24792
12644 24696 24610 24790 24793 24794 24795
12645 24796 24794 24797 24788 24798 24590
12646 24795 24796 24566 24697
12647 24799 24792 24798 24591 24800
12648 24801 24802 24803 24800 24583 24698
12649 24797 24789 24793
12650 24804 24803 24799 24791 24787 24784
12651 24805 24801 24692
12652 24783 24804 24802 24805 24693
12653 24806 22299 24807 24808
12654 24809 17598 22300 24807 24810
12655 24811 24812 24813
12656 24806 22298 24814 24815
12657 24816 17566 24817 24812 24818
12658 24819 17595 17570 24820 24821
12659 24819 17593 24809 24822
12660 24814 22301 17582 24823 17564 24816 24824
12661 24821 24822 24810 24808 24815 24824 24818 24811 24825
12662 14489 24826 24827 24816 17565
12663 24828 11858 24829
12664 19415 24830 24831 24832 24812 24833 24828 11864
12665 24834 24835 24831
12666 24834 24836 24826 14488 19414 24830
12667 24835 24836 24827 24818 24832
12668 24837 22210 23107 24838 24839 24840 24828 11874 24841
12669 22236 22206 24842
12670 23104 22209 24843 24844 24838
12671 24837 22205 24842 22228 24845
12672 24846 24831 24847 24843 22204
12673 24846 22208 22237 19416 24830
12674 24841 24845 22235 19418 11881
12675 24839 24848 24811 24832 24847 24844
12676 9359 24849 24850 24841 11873 11831 3025
12677 11824 24851 24852 24853 24854 23108 24855 9253 9353 3027
12678 9197 22215 24837 24850 24856
12679 24857 23093 24854
12680 24849 24856 9198 9360
12681 9250 23109 24855
12682 23105 24838 24858 24853 24857
12683 24852 24858 24839 24859
12684 24860 23111 24855 9251 17561 9349 4175 8430 24861
12685 24862 24863 24854 23092 24860 24864
12686 24865 24863 24853
12687 24862 24865 24852 24866
12688 24867 24814 22307 22312 14633 24868
12689 24826 24869 24868 14636 14695 14737 14492
12690 24869 24867 24824 24827
12691 24377 24870 24871 24872 24873 7793
12692 24874 24340 24378 24870
12693 24875 24873 7801 24876
12694 24877 24878 24399 24362 24337 24874 24871
12695 24819 17592 24400 24878 24879
12696 24875 24880 24821 24879 24877 24872
12697 7794 24873 24881 24882 23095 23169 24883
12698 16277 24884 23173 24883 7791
12699 24885 24886 23170 23097 24882
12700 23172 23055 24375 16276 24884
12701 24887 24886 23171 24888 24871
12702 24870 24888 23168 24380 24341 24376
12703 24881 24872 24887 24885
12704 24889 24878 24401 24890 24891
12705 24892 24893 24390 24890 24894
12706 24809 17590 22305 24895 24894 24891 24896
12707 24893 24402 17589 22308 14848 24897
12708 24892 24897 14849 22309 24895
12709 24896 24822 24879 24889
12710 24898 24899 24900 24901 17665 17639
12711 24901 24902 24903 17658
12712 24904 17656 17638 24905 24906
12713 24907 24908 24909 17649 24904
12714 24907 24910 24911 24899 24912 24913 24906
12715 24914 24913 24905 17634
12716 24915 24916 24903 17662 24917
12717 17637 24898 24912 24914
12718 24915 24918 24910 24908 24919
12719 17654 24917 24919 24909
12720 24918 24916 24902 24900 24911
12721 10782 10837 24920 24921 24922
12722 10861 24923 24924 24925 24926 24927
12723 24928 24926 24929
12724 10835 10866 24923 24930
12725 24924 24930 10831 24920 24931
12726 24928 24925 24931 24921 24932
12727 10822 10834 24920 24933 24934 10842
12728 24935 24934 10845 24936
12729 24933 24921 24937 24935
12730 24903 24938 24939 24940 18558 9380 17659
12731 18567 24941 24942 24940
12732 24934 10847 18566 24941 24943 24944
12733 24939 24942 24943 24945 24946 24947
12734 24947 24938 24902 24948
12735 17657 24949 24950 24946 24948 24901
12736 24935 24944 24945 24950 24951
12737 19570 19587 24952 24953 17799 19583 18165
12738 24954 24955 24956 24952 19590
12739 19598 24957 24958 24959 24960 19615
12740 17804 24961 24962 24963 24964 24956 24953
12741 24965 24964 24955
12742 24966 24967 24960 19621 19630 24968 17802
12743 19597 24969 24957
12744 24961 24970 24966 17803
12745 24968 19631 17787
12746 24954 24965 24963 24971 24958 24969 19596
12747 24971 24959 24967 24970 24962
12748 24972 24973 24974 24975 24976 24977 24978
12749 24979 24980 24973 24981 24982
12750 24983 24980 24974 24984 24985
12751 24986 24987 24975 24984 24988 24989
12752 24988 24985 24990 24991 24992 24993
12753 24994 24995 24989 24993 24996 24997 24998
12754 24999 24979 24983 24990
12755 24986 25000 24977 25001 25002 24995
12756 25003 25004 24982 24999 24991 25005 24997
12757 25004 24981 24972 25006 25007 25008
12758 25005 24992 24996
12759 24987 24976 25000
12760 25001 24978 25006 25009
12761 25003 25008 25010 24998
12762 25002 25009 25007 25010 24994
12763 25011 24986 25012 11939 9724 9804 9689
12764 11945 9723 17811 25013 25014 24987 25012
12765 25015 24989 25011 9685
12766 9776 9884 25016 24988 25015 9681
12767 25017 25013 17810 9778 9877 25016 24984
12768 25014 25017 24975
12769 24991 25018 25019
12770 25020 25018 24990 25021 25022 9957
12771 25023 24992 25019 25020 9958 17720
12772 9679 25024 25025 18183 5548
12773 17721 25023 24993 25015 9680 25024 25026
12774 9956 25022 25027 9881
12775 17722 25026 25025 18186 17769
12776 9878 25016 24985 25021 25027
12777 9683 25028 25029 25030 19672 9797
12778 25031 24995 25011 9686 25028
12779 25031 25002 25032 25033 25034 25029
12780 19671 25035 25034 25030
12781 25001 25036 25037 25032
12782 25033 25035 19670 11938 25012 25000 25038 25037
12783 25036 25038 24977
12784 25039 25040 25041 17705 17728
12785 25039 25042 25043 24996 25023 17723
12786 25042 25044 25045 25040
12787 17725 9982 25020 25046 25047 25048 9955
12788 17727 25049 25050 25051 17700
12789 25049 25052 25053 25048 9953 17726
12790 25045 25054 25051 17671 25041
12791 25055 25047 25053
12792 25043 25005 25019 25046 25055 25052 25050 25054 25044
12793 9928 25056 25057 24220
12794 9453 24218 9926 25058 25059 5664 5916
12795 25059 25060 25061 25062 25057 24219 9338 5679
12796 9933 25063 25064 25060 25058
12797 9934 25063 25065 25062 25056
12798 25061 25064 25065
12799 25066 25067 25068 10893 25069 25070
12800 25071 25068 10894 25072 25073 25074
12801 25075 25069 10883 25076 17950
12802 25071 25067 25077 25078 25079
12803 25080 25079 25074 25081 25082 25083 25084
12804 25081 25073 25085 25086
12805 25087 25082 25086 25088 25089
12806 25090 17951 25075 25070 25091 25092 25093 25094
12807 25091 25066 25077 25095
12808 25096 25097 25080 25078 25095 25092
12809 25096 25098 25093
12810 25083 25087 25099
12811 25090 17952 25100 25101
12812 25101 25102 25089 25099 25084 25097 25098 25094
12813 25103 25104 25105 25106 25107
12814 25108 25109 25110 25106 25111 25112 25113
12815 25114 25111 25105 25115 25116
12816 25117 25114 25112 25118
12817 25119 25118 25113 25120
12818 25121 25122 25123 25116 25117 25119 25124
12819 25125 25107 25110 25126
12820 25127 25125 25103 25128 25122
12821 25115 25104 25128 25123
12822 25120 25108 25129 25124
12823 25129 25109 25126 25127 25121
12824 25086 25130 25131 25132 25133
12825 25134 25131 25135 25136
12826 25087 25137 25132 25134 25138
12827 25133 25137 25082
12828 25138 25089 25139 25136
12829 11979 25140 25141 25142 19253 19227 19992 25143 18754
12830 25144 25145 25146 25147 25148 18712 18758
12831 25149 19191 25150 25151 25152 25145 25153
12832 18759 25144 25153 25154 25155 25140 11977
12833 19234 25156 25157 25150 19198
12834 25148 25158 25159 25156 19235 18700
12835 25160 25154 25149 19196 19259 25142
12836 25160 25155 25141
12837 25161 25162 25147 25158
12838 25163 25152 25146 25162
12839 25157 25151 25163 25161 25159
12840 19947 19955 25164 25165 19975 19967
12841 19956 12106 25166 25167 25164
12842 19974 25168 25169 25170 25167 25165
12843 25171 25172 25173 25174 19972
12844 25175 25176 25177 25178 25179 25168 19973 25174
12845 25176 25180 25172 25181 12066 19917 25182
12846 17896 19971 25171 25181 12068
12847 25166 25170 25183 19957 12103
12848 25184 25178 25185
12849 19953 25186 25184 25179 25169 25183
12850 25173 25175 25180
12851 25099 25187 25188 25189 25190 25138
12852 25191 25126 25192 25193 25188 25194
12853 25187 25084 25195 25193
12854 25192 25109 25196 25097 25195
12855 25197 25198 25199 25200 25194 25189 25201 25202
12856 25203 25204 25098 25196 25129 25205 25206 25207 25208 25209
12857 25210 25127 25191 25200 25211
12858 25199 25211 25212 25206 25213
12859 25136 25190 25201 25214 25215
12860 25216 25209 25217 25218 25219
12861 25203 25220 25101 25221 25217
12862 25207 25213 25198 25222
12863 25210 25121 25205 25212
12864 25094 25220 25204
12865 25216 25208 25222 25197 25223
12866 25214 25224 25219 25223 25202
12867 25225 20473 20510 25226 25227
12868 25228 25225 20472 25229 25230 25231
12869 25232 25233 25227 25228 25234 25235
12870 25229 20465 25236 25237 25238
12871 25239 25236 20470 20508 25226 25233
12872 25234 25240 25231
12873 25241 25238 25230 25240 25235
12874 25241 25232 25239 25237
12875 25242 25243 25244 25245 25246 25247 19272
12876 19291 19264 25247 25248 25249 25250
12877 25251 25252 25253 25246 25248 25254
12878 25255 25251 25256 5672
12879 5634 5673 25255 25254 25249 25257 25258
12880 19284 19273 25242 25259 25260 25261 12255
12881 25262 25258 5629 12159
12882 19295 25250 25257 25262 12153
12883 25256 25252 25263 25264 25265 5671
12884 25266 25267 25268 25265 5670
12885 5666 25266 25269 25261 12250
12886 25270 25243 25259
12887 25271 25263 25253 25245 25272
12888 25268 25264 25271 25273
12889 25270 25244 25272 25273 25267 25269 25260
12890 12268 17693 25274 25275 25261 12249
12891 25276 25259 25277 25278 17692 25274
12892 19305 17690 19286
12893 19316 17687 25278 25279 19278
12894 25242 25277 25279 19277
12895 25260 25276 25275
12896 25280 25281 17731 17699 25274
12897 25282 25283 25058 9927 17732 25281 25284
12898 25285 25282 25286
12899 25266 25287 25285 25283 25059 5665
12900 17747 17736 17762 17765
12901 25269 25287 25286 25284 25280 25275
12902 24222 25288 25289 25290 25291 25057
12903 25062 25292 25291
12904 25293 25294 25283 25060
12905 25295 25288 24223 24187
12906 9342 24188 25295 25289 25296 25297 25265 5678
12907 25290 25296 25298 25293 25061 25292
12908 25299 25268 25297 25298 25294 25285
12909 25299 25287 25267
12910 19346 19325 25300 25301 25302 25303 25304
12911 25305 25306 25307 25308 19647 19623
12912 17788 24968 19646 25308 25309 25310 25304 19345
12913 25311 25312 25301
12914 25311 25313 25314 25315 25316 25317 19324 25300
12915 25305 25318 25319 24960 19616
12916 25320 25321 25322 25313 25312 25302
12917 25320 25323 25310 25303
12918 17806 24966 25324 25325 25317 19323 19341
12919 24967 25319 25326 25327 25324
12920 25328 25329 25327 25325 25316
12921 25307 25330 25321 25323 25309
12922 25331 25328 25315
12923 25326 25318 25306 25330 25322 25314 25331 25329
12924 25332 25333 25334 25335 25336 25337 25338 25339
12925 25340 25341 25332 25342 25343 25344
12926 25345 25339 25342 25346 25347
12927 25348 25343 25346 25349
12928 25348 25344 25350 25351 25352 25353
12929 25354 25355 25340 25350
12930 25356 25357 25358 25359 25347 25349 25353
12931 25360 25338 25345 25359
12932 25361 25362 25363 25333 25341 25355
12933 25337 25364 25365 25358 25360
12934 25365 25366 25367 25368 25357
12935 25352 25369 25370 25368 25356
12936 25354 25361 25371 25372 25369 25351
12937 25373 25374 25336 25364 25366
12938 25334 25375 25363
12939 25375 25335 25374 25376 25371 25362
12940 25372 25376 25373 25367 25370
12941 25377 17635 24914 25378 25379 25070
12942 25380 25379 25091 25381
12943 25341 25382 25381 25092 25383 25384
12944 25075 25377 17629 17954
12945 25385 25383 25093 25204 25386 25387
12946 25385 25384 25340 25388 25389
12947 25386 25220 25090 17956 17617 25390 25343 25391 25392
12948 25387 25389 25393 25392
12949 25344 25388 25393 25391
12950 25394 24913 25378 25380 25382 25332
12951 25342 25394 24905 17633 25390
12952 17854 17945 25395 17651 24904 25396 25345 25397 25398 17917
12953 25395 17655 17942
12954 17947 17640 17618 25390 25346 25399 25400
12955 25400 17946 17918 25398 25401
12956 25399 25347 25397 25401
12957 25396 24906 25394 25339
12958 25402 25403 25404 25217 25405 25178
12959 25406 25407 25391 25348 25408
12960 25403 25409 25392 25407 25410
12961 25203 25386 25409 25404
12962 25184 25402 25410 25406 25411 25400 17948 17958 25412
12963 25408 25349 25399 25411
12964 25413 24908 25414 25415
12965 25416 25360 25417 25415 25418 17857
12966 25417 25413 24907 25396 25338
12967 17943 25395 17650 24909 25414 25418 17856
12968 17919 25419 25397 25359 25416 17858
12969 25398 25419 17920
12970 25112 25420 25421 25361 25422
12971 25423 25384 25355 25422 25113
12972 25424 25425 25420 25111
12973 25426 25427 25192 25110
12974 25108 25423 25383 25096 25196
12975 25428 25429 25430 25431
12976 25432 25363 25433 25434 25429 25435 25095 25381
12977 25426 25436 25430 25434 25437 25424 25106
12978 25080 25438 25431 25436 25427 25195
12979 25078 25435 25428 25438
12980 25421 25425 25437 25433 25362
12981 25432 25382 25333
12982 25439 25415 25440 25364 25441
12983 20923 25442 25439 25418 17862
12984 25337 25440 25417
12985 25443 25444 25445 20921 17881
12986 25446 25365 25441 25442 20926 25445
12987 25443 17883 25447
12988 17882 25416 25358 25446 25444 25447
12989 25448 25449 25411 25401 25419 17928 25450 25451
12990 17931 25450 25452 25453 25454 25455
12991 25183 19952 17925 25455 25456
12992 25169 25457 25454 25456
12993 25179 25402 25458 25459 25453 25457
12994 25460 25448 25461 25410 25458
12995 25406 25449 25461
12996 25459 25460 25451 25452
12997 25462 25353 25408 25449 25463 25464
12998 25465 25462 25356 25466 25467
12999 17929 17889 25447 25468 25469 25470
13000 25470 17927 25450 25471
13001 25357 25466 25472 25446
13002 25444 25472 25467 25473 25468
13003 25463 25474 25448
13004 25469 25473 25465 25464 25474 25451 25471
13005 25475 25476 25477
13006 25478 25388 25350 25479 25480 25481 25476
13007 25482 25483 25389 25478 25477
13008 25484 25485 25120 25423 25385 25483
13009 25485 25119 25486 25487
13010 25486 25118 25422 25354 25479 25488 25489
13011 25488 25490 25480
13012 25482 25484 25487 25489 25490 25481 25475
13013 25351 25479 25491
13014 25462 25352 25491 25480 25492 25493
13015 25494 25493 25464 25495 25476
13016 25463 25461 25407 25393 25478 25495
13017 25492 25481 25494
13018 25496 25497 25498 25499 25500 25501
13019 25502 25503 25504 25501
13020 25504 25505 25506 25507 25508 25496
13021 25509 25510 25511 25502 25500
13022 25512 25513 25514 25506
13023 25515 25507 25514 25516 25517 25498
13024 25515 25508 25497
13025 25511 25518 25512 25505 25503
13026 25499 25517 25519 25509
13027 25510 25519 25516 25513 25518
13028 25520 25521 25522 25523 25524 25525
13029 25526 25527 25525 25528
13030 25529 25530 25531 25532 25533 25534 25535 25520 25528 25536
13031 25537 25538 25539 25524 25527
13032 25526 25536 25540 25541 25537
13033 25542 25543 25544 25545 25523 25539 25546 25540 25529
13034 25547 25522 25545 25548 25549 25534
13035 25550 25548 25544 25551 25532
13036 25521 25547 25535
13037 25552 25543 25551 25531
13038 25550 25549 25533
13039 25542 25552 25530
13040 25553 18100 18007 18014 25554 25524
13041 25553 25525 25555 25556 18005 18102
13042 25557 25556 17998 18013 18025 25558 25521
13043 25557 25520 25555
13044 25559 18020 18021 25558 25522
13045 25559 18018 25554 25523
13046 25556 25560 18053 18001
13047 25561 25528 25555 25560 18051 18080 18070
13048 25527 25553 18101 18098 9670 25562
13049 25561 25526 25562 9664 18064
13050 4762 25563 25535 25557 25560 18050
13051 25564 25565 25536 25561 18063 18081
13052 18077 25566 25567 25530 25568 25564
13053 25569 25531 25567
13054 25569 25532 25570 2615 18078 25566
13055 25529 25565 25568
13056 25571 25534 25563 4764
13057 25570 25533 25571 4763 18079 2637
13058 25537 25562 9665 25572
13059 25539 25554 18015 25573
13060 18084 25564 25574 25575 25576
13061 25540 25565 25574 25577
13062 19701 19662 9799 25578 25579 25580
13063 25581 25582 25579 25583 9792 18017 25559 25545
13064 25584 25542 25568 25574 25585
13065 19702 25580 25582 25586 25543 25584 25587
13066 9794 25578 25583
13067 25581 25586 25544
13068 25547 25558 18023 18181 4773 4761 25563
13069 18180 5550 9791 25583 25588 25589
13070 25590 25589 18176 25591 25592
13071 25593 25590 25588 25579 25594 25595 25596
13072 4766 18179 25591 25597 25596 25598 25549 25571
13073 25592 25593 25597
13074 25581 25599 25595 25598 25548
13075 25582 25594 25599
13076 25570 25550 25598 25600 18168 9396 2614
13077 1442 11930 25601 25566 18082 2617 3216
13078 25601 25569 25551 25586 25599 25602 19579 19580 11931
13079 25595 25602 19577 18169 25600
13080 11929 25601 25567 25552 25584 25603
13081 25594 25580 19704 19578 25602
13082 25596 25604 18171 25600
13083 25604 25597 25605 18184 25606 25607 18172
13084 18185 25606 25608 17710 17773
13085 25608 25607 18163 9403 17711
13086 25605 25591 18177
13087 25609 25610 25611 25612 25613
13088 25611 25614 25615 25616 25617
13089 25618 25612 25617 25619 25620 25621
13090 25614 25622 25623 25610
13091 25622 25615 25624 25625
13092 25626 25609 25623 25625 25627 25628 25621
13093 25616 25624 25627 25629 25619
13094 25613 25618 25626
13095 25629 25620 25628
13096 25630 25631 25632 25633 25634
13097 25635 25636 25637 25638 25633
13098 25635 25639 25640 25641 25642 25643 25634
13099 25637 25644 25645 25646 25647
13100 25644 25648 25649 25639 25636
13101 25638 25647 25650 25632
13102 25649 25651 25640
13103 25650 25646 25652 25642 25653 25631
13104 25641 25652 25645 25648 25651
13105 25643 25653 25630
13106 25604 25593 25654 25630 25655 19604 19568 18173
13107 25607 25656 25632 25657 19589 19569 18164
13108 25656 25633 25658 18187 25606
13109 25654 25634 25658 18178 25605 25592
13110 25655 25631 25657 19595
13111 25608 25656 25638 25659 25041 17672 17712
13112 25660 25040 25659 25637
13113 25661 25662 25636 25660 25039 17724 25026
13114 25025 25661 25663 18182
13115 25658 25635 25662 25663 18174
13116 25664 25665 25666 25640 25667 25663 18175 25589
13117 25665 25668 25642 25669
13118 25641 25668 25666
13119 25643 25669 25664 25590 25654
13120 25667 25639 25662
13121 25670 24998 25671 25042 25660 25644
13122 25667 25649 25672 25028 9682 25024 25661
13123 25031 24994 25670 25648 25672
13124 24997 25671 25043
13125 25051 25673 25674 25675 17670
13126 25676 24953 17798 25677 25678
13127 25657 19588 24952 25676 25679 25650
13128 25679 25678 25680 25674 25681 25045 25659 25647
13129 25675 25680 25677 17797 19339 17669
13130 25673 25681 25054
13131 25664 25682 25683 19675 9795 25578 25588
13132 25665 25684 25685 25682
13133 19677 25686 25687 25685 25683
13134 25666 25684 25687 25688 25029 25672 25651
13135 25688 25030 19678 25686
13136 19695 25689 25685 25690 25691 25692 24955 25693 19592
13137 25694 25691 25695 25696
13138 25668 25684 25690 25694 25697 25652
13139 25679 25698 25696 25697 25646
13140 25693 24954 19591
13141 25655 25653 25669 25682 25689 19696 19594
13142 24956 25692 25695 25698 25676
13143 25699 25700 25701 25034 25688
13144 25687 25699 25702 25703 25690
13145 25704 25701 25033
13146 25670 25010 25705 25697 25645
13147 25007 25706 25703 25694 25705
13148 25009 25706 25702 25700 25704 25032
13149 19697 19676 25683 25689
13150 11025 25707 25708 25709 25710 25711 18641 11070 11015
13151 11037 25712 25713 25707 11026 11073
13152 25710 25714 25715 25716
13153 18640 25711 25716 25717 25712 11038
13154 25709 25718 25714
13155 25708 25718 25715 25717 25713
13156 25719 25720 25721 5517 4902 25722
13157 25723 25724 25725 25726
13158 25721 25727 25728 25723 25729 5518
13159 25730 25731 25732 25725 25733
13160 25724 25732 25734 25728
13161 25734 25731 25735 25720 25727
13162 25730 25735 25719 25736
13163 18633 11007 25737
13164 25738 25739 25740 18643 25741 25709
13165 25739 25742 25707 11023 25743
13166 25710 25741 18644 25744
13167 18639 25744 25711
13168 25738 25708 25742
13169 25745 25730 25746 25747
13170 25748 25749 25750
13171 25751 25752 25749 25753 25719
13172 25754 25745 25735 25751
13173 25747 25754 25752 25748 25755
13174 25756 25757 25758 25759 25760 25761
13175 25762 25763 25764 25757
13176 25765 25766 25764 25758
13177 25714 25767 25761 25768 18647 25741
13178 25768 25756 25762 25769 18648
13179 25770 25760 25767 25718 25738 25771 25772
13180 25739 25771 25773
13181 25765 25759 25770 25774
13182 25775 25776 25777 25778 25779 25721 5516 4889 25780
13183 5514 25781 25780 4883
13184 25723 25782 10269 21370 25783
13185 25784 25785 25728 25782 10268 5450
13186 25786 25787 25788 25789 25777
13187 25775 25790 25788 25791 5462 5524 5521 25781
13188 25787 25792 25793 25784 5452 25791
13189 25789 25790 25776
13190 25727 25785 25793 25794 25779
13191 25778 25794 25792 25786
13192 25795 21794 21634 25796
13193 21719 21667 21641 25796 25797 25798 25799 22530 18463
13194 25799 25800 25801 22548 22523
13195 25801 22549 23212 23357 23247 21798 25795 25797 25802
13196 21685 25803 21760 21787 21666 21721
13197 25803 21757 23244 22586 19053 21684
13198 25800 25802 25798
13199 21642 25804 25805 25806 18501
13200 21643 25807 25808 25804
13201 18498 25806 25809 25799 22522 18459
13202 25810 25811 25796 21638 25807
13203 25811 25797 25812
13204 25808 25810 25812 25798 25809 25805
13205 21637 21522 22101 22051 23374 25813 25814 25807
13206 25815 23310 21793 25795 25811 25816
13207 23371 23317 25815 25817 25813
13208 25810 25816 25817 25814
13209 25818 23373 23433 22144 21411 25819
13210 21518 22142 21407 25820 25821
13211 25822 25821 21512 21526 21646 25804 25823
13212 25818 23372 25813 25824 25825
13213 25826 25825 25819 21401 25820 25822
13214 25808 25814 25824 25826 25823
13215 23299 23320 25827 25828
13216 25818 23370 23319 23301 25828 25829 25830
13217 25831 25815 23311 25827 25829 25832
13218 25830 25825 25833 25832
13219 25824 25817 25831 25833
13220 25834 25835 25836 25837 25838
13221 25839 25840 25836 25841 25842
13222 25843 25834 25844 25839 25845 25846 10875
13223 25843 25838 25847 10876
13224 25848 25846 10874 25849
13225 25842 25845 25848 25850
13226 25835 25840 25844
13227 25851 25852 20537
13228 25853 25854 25855 25852 20538 25856
13229 25857 25858 25859 25855 25851 20536
13230 25860 25858 25861 25862 25863 20535
13231 20531 25860 25857
13232 25863 25864 25865 20534
13233 25854 25866 25861 25859
13234 25853 25867 25864 25862 25866
13235 21081 25868 25869 25870 25863 20542
13236 25871 25872 21080 25868
13237 25869 25871 25873 21078 6214 25874 25875
13238 21079 25872 25873
13239 25875 25870 25864 25876
13240 25877 25878 25879 25880 25881
13241 25877 25882 25883 25884 25885
13242 25881 25886 20388 25887 25882
13243 25884 25888 25889 25890 25891 25892
13244 25886 20383 25893 25894 25895 25880
13245 25885 25892 25896 25878
13246 25894 25897 25898 25899
13247 25898 25900 25890 25901
13248 25891 25900 25897 25895 25879 25896
13249 21070 21042 21101 25902 25903 25904
13250 25905 25906 25907 25908 21092 25902
13251 21074 21041 25909 25907 25910 25911 25912 25913
13252 25914 25912 25915 21071 25904
13253 25906 25910 25916
13254 25905 25916 25911 25914 25903
13255 25890 25917 25910 25918 25919
13256 25884 25920 25921 25922
13257 25923 25924 25912 25925 25921
13258 25918 25926 25907
13259 25927 25892 25920 25923
13260 25924 25927 25891 25917 25911
13261 25928 25929 25930 21039 21088 25872 25931
13262 25931 25932 25933 25904 21069 6212 21090 25873
13263 25934 21104 25935 25929
13264 25934 21102 25936 25937 25932 25928
13265 21028 21103 25935 25930
13266 21091 25902 25938 25936
13267 25937 25938 25903 25933
13268 25871 25931 25939 25940 25941
13269 25921 25942 25943 25944
13270 25932 25945 25939
13271 25875 25946 25947 25943 25948
13272 25949 25950 25941 25869 25946
13273 25942 25923 25951 25949 25947
13274 25950 25940 25945 25933 25914 25924 25951
13275 25952 20608 25953 20571 25954 25955 25956 25957
13276 25958 25959 25956 25960
13277 25957 25961 18619 18589 25962 25960
13278 18602 18620 20606 20589 25963 25964 25958 25962
13279 25952 20607 18606 25961
13280 20605 20592 25953
13281 20580 25963 25965 25954
13282 25964 25965 25955 25959
13283 25966 25967 25968 13149 25969
13284 13150 25970 25968
13285 25971 25972 25973 25974 25975
13286 9528 25976 25977 25978 25974 25979 6262
13287 25980 25967 25970 13147 10960 18579 25981 25982 25983
13288 25973 25984 25978
13289 9537 6260 13148 25969 25985 25976
13290 25982 25986 25987
13291 25983 25986 25988 25971 25989
13292 25984 25972 25989 25980 25966 25985 25977
13293 25990 25991 25992 25993 25973 25994
13294 25995 25990 25996 18591 25997 6249
13295 25974 25994 25995 6243 25998
13296 25999 26000 18595 25996 25991
13297 26000 18596 26001 26002
13298 25971 26003 26002 25999 25992 26004
13299 25972 26004 25993
13300 20550 26005 26006 26007 26008 18615 26009
13301 26005 20551 26010 26011 26012
13302 26013 26014 26006 26012 26015 26016 20584
13303 20627 26017 26018 20552 26010 26019 26016 20591 26020 20594
13304 26015 26011 26019
13305 20602 18624 26008 26021 26013 20577
13306 20553 26018 26022
13307 20590 26020 20603
13308 26014 26007 26021
13309 26013 20578 26023 26024 26025
13310 26026 26027 26028 26023 20579
13311 20575 18622 26029 26030 26031 25963
13312 26031 26032 26033 26027 26034 25965
13313 26024 26035 26033 26028
13314 26036 26029 18616 26008
13315 26026 20572 25954 26034
13316 26036 26021 26025 26035 26032 26030
13317 26037 26038 26004 25989 26039 26040 26041 26042 26043
13318 26040 26044 26045 26046 26047
13319 26048 26047 26041
13320 26049 26045 26050 25986 26051 26052
13321 26043 26053 26052 26054 26002 26055
13322 25983 26050 26044 26039
13323 25992 26056 26038
13324 26056 25999 26055 26037
13325 26048 26046 26049 26053 26042
13326 26057 25962 18590 25996
13327 26000 18598 26058 18617 26029 26059 26060 26055
13328 26061 26056 25991 26057 25958
13329 26037 26060 26062 26031 25964 26061
13330 26030 26059 26062
13331 26063 26064 26065 26066 26067
13332 26068 26069 26070 26064
13333 26071 26065 26068 26072 26073 26074 26075 26076
13334 26077 26063 26070 26078 26079 26080 26081 26082
13335 26078 26083 26072 26069
13336 26077 26067 26084 26085
13337 26079 26083 26073 26086
13338 26066 26071 26087 26084
13339 26087 26085 26082 26088 26089 26076
13340 26090 26080 26086 26074 26091
13341 26075 26091 26092 26089
13342 26081 26090 26092 26088
13343 26093 26094 26066 26095 26052 26096
13344 18575 26097 26093 26098 26064 26099 26100 26101
13345 26102 26101 18583 26103 25982 26050
13346 26104 26105 26099 26063 26106
13347 26104 26107 26108
13348 26102 26100 26105 26107 26109 26045
13349 26065 26098 26094
13350 26095 26067 26106 26108 26109 26049
13351 26110 26111 26093
13352 17599 20355 26112 26068 26098 26110 26113
13353 26114 26115 26116 26117 26118 26100
13354 26118 26119 20329 18576 26101
13355 26114 26120 26121 26070 26099
13356 26122 26123 20356 26112 26069 26121
13357 26120 26122 26124 26115
13358 20332 26125 26117 26119
13359 26125 20331 20354 26123 26124 26116
13360 26081 26126 26127 26128 26129 26130
13361 26131 26128 26132 26114 26105 26133
13362 26129 26131 26134
13363 26134 26130 26082 26135 26104 26133
13364 26127 26136 26137 26138 26120 26132
13365 26136 26139 26080 26126
13366 26137 26140 26079 26139
13367 26077 26106 26135
13368 26078 26140 26138 26121
13369 26014 26141 26085 26135 26108 26142 26143 26025
13370 26144 26053 26095 26084 26141 26007 26036 26059
13371 26062 26144 26042 26145 26032
13372 26146 26046 26109 26142
13373 26143 26146 26048 26145 26035
13374 26005 26147 26071 26094 26110 26148 20558
13375 26144 26043 26060
13376 26006 26147 26087 26141
13377 26147 26076 26149 26012
13378 26150 26151 26152 26153 20582
13379 26015 26149 26089 26154 26155 26156 26152 26157
13380 26156 26158 26151
13381 26153 26157 26016 20583
13382 20567 26150 26158 26155 26159 26160
13383 26160 26161 26162 26023 20581
13384 26159 26161 26163 26130 26088 26154
13385 26133 26107 26142 26164
13386 26024 26143 26164 26134 26163 26162
13387 26165 26166 19771 19712 26167 26168
13388 26169 26170 26171 26172 20086 20106 19745
13389 26168 26173 26169 19747 26174
13390 26175 26176 26171
13391 26172 26176 26177 26178 26179 20079
13392 26166 26180 26178 26181 19770
13393 26181 26179 20103 20104 19769
13394 26175 26177 26180 26165 26173 26170
13395 3248 26182 26183 26184 26185
13396 11077 26186 26187 26188 26189 26190 5476 3306 4879 26191
13397 26182 26192 26193 3303 3249
13398 26194 26195 26196 26197 26190 5477 3305 26193
13399 11076 26198 26199 26169 19744 26200 11048
13400 26198 26201 26202 26186 11071
13401 26203 26202 26187
13402 26194 26204 26183 26192
13403 26205 26195 26204 26184 26206 26168
13404 26207 26189 26197
13405 26173 26205 26196 26207 26188 26203 26201 26199
13406 26172 26208 18637 20078
13407 26209 25717 26210
13408 26171 26208 18638 25744 25716 26209 26211 26212
13409 25712 26210 26211 26213 26198 11072 11040
13410 26199 26213 26212 26170
13411 26176 26214 26215 25768 18650 26208
13412 26216 25761 26215 26217
13413 26218 26216 25767 25715 26209 26219
13414 26220 26219 26211
13415 26220 26218 26217 26214 26175 26212
13416 26202 26221 26219 26210 25713 25742 25771 26222 26223 26224
13417 4896 26225 26223 26226 4869
13418 26186 26224 26226 4870 11075
13419 26201 26221 26220 26213
13420 26223 26227 25749 26228 26229 26230 26231 26232
13421 26187 26233 26234 26232 26224
13422 26235 26236 26231 26234
13423 26237 25770 26238 25748 26228
13424 25760 26237 26229 26239 26240 26216
13425 26230 26239 26241 26236
13426 26221 26218 26240 26241 26235 26233 26203
13427 26242 26232 26226 4884 25780 26243 26244
13428 5478 26245 26244 26246 26190
13429 5515 25781 26243 26245 5479
13430 26247 26234 26242 26246 26189
13431 26233 26247 26188
13432 26248 18677 20957 26249 26250
13433 26251 26252 26249 20958 18675 26253 26254
13434 26255 26256 18673 20908 20886 20096 26257
13435 18679 17885 26258
13436 26253 18674 26258 17886 20056 26259
13437 26256 18672 26248 26260
13438 26261 20097 20063 26259 26254
13439 20082 26257 26262 26251 26261
13440 26252 26250 26260 26255 26262
13441 26263 26264 26265 26266 26267 26268 26269
13442 26270 26271 26272 26273 26274 26265 26275 26276
13443 26277 26264 26275
13444 26277 26263 26278 26276
13445 26279 26269 26278 26270 26280
13446 26281 26279 26268 26282 26283 26284 26272
13447 26266 26285 26283 26286 26274
13448 26280 26271 26281
13449 26284 26286 26273
13450 26285 26267 26282
13451 18788 26287 26288 26276 26289 18771
13452 26287 26290 26271 26291 18786
13453 26290 26270 26288
13454 18243 18280 26292 26293 26294 11196 11221 18221
13455 18224 26295 26273 26296 18207
13456 26296 26274 26297 26298 18279 18208
13457 18274 26298 26299 26292
13458 26295 26272 26291 18781 11180 11166 18223
13459 18770 26289 26275 26300 26294 11197
13460 26293 26299 26297 26265 26300
13461 26288 26301 26302 24771 26303 26304 26305 26278
13462 26306 26307 26302 24773 24458
13463 18774 24765 26308 26304 26309 26277 26289
13464 26303 24774 26308
13465 26310 26311 26312 24459 26306 26313
13466 26312 24460 24775 26314
13467 26311 26314 24762 18778 26315
13468 26287 26301 26307 26313 26316 18787
13469 26315 26310 26316 18776
13470 26305 26309 26263
13471 26282 26317 26318 11297 26319
13472 11304 26318 26320 26321
13473 11303 26321 26322 26323 26281 26291 18782
13474 11306 26324 26284 26295 18231
13475 26283 26319 11305 26324
13476 26323 26279 26325
13477 26317 26320 26322 26325 26268
13478 26313 26326 26327 11389 26328
13479 26316 26328 11381 11272 11314 18775
13480 26329 26330 11388 26327
13481 11308 11269 26331 26332 26333 26321
13482 26334 26330 11387 11270 26331 26335
13483 26307 26336 26334 26329 26326
13484 26333 26337 26322
13485 26290 26301 26336 26335 26332 26337 26323 26280
13486 18218 18267 26338 22667 26339 26340
13487 18271 26338 22668 22660 10442
13488 26340 26341 11309 26324 26286 26296 18219
13489 22666 26339 26341 11300
13490 26342 26343 26344
13491 26342 26345 26346 26347 26348
13492 26349 26350 26343 26345 26351 26352 26353 26354
13493 26355 26348 26344 26350 26356 26357
13494 26358 26354 26359 26360 26361 26362 26357
13495 26349 26356 26358
13496 26362 26355 26347 26363 26364 26365 26366
13497 26367 26368 26363 26346 26351
13498 26369 26365 26370 26367 26352 26371 26360
13499 26371 26353 26359
13500 26361 26366 26369
13501 26368 26364 26370
13502 24769 26372 26344 26373 26336 26302
13503 26372 24772 24602 26374 26375 26343
13504 26374 24601 24491 26376
13505 26329 26377 24474 19050 26378
13506 26334 26378 19051 24494 26376 26375 26342 26373
13507 24464 26377 26326 26306
13508 26379 26380 24490 26376 26381 26346
13509 26331 11277 11409 22520 22607 19059 22594 24493 26382 26379 26347 26383
13510 24486 26380 26382
13511 26348 26373 26335 26383
13512 22519 22603 19060 26378 26330 11410
13513 26375 26381 26345
13514 26384 11816 13308 26385 26386 26387
13515 26388 26349 26389 26308 24766 26390 26386 26391 26392
13516 26387 26393 26391
13517 26389 26303 24770 26372 26350
13518 26394 26351 26381 26374 24612 24534 13306 26395
13519 26396 26353 26397 26395 13289 11819 26384 26393 26392
13520 26352 26394 26397
13521 24527 13312 26398
13522 24763 24603 26399 24530 26398 13311 26385 26390
13523 24532 24611 26400
13524 24605 26400 24531 26399
13525 26396 26354 26388
13526 26305 26401 26357 26402 26337 26325 26269
13527 26332 26383 26355 26402
13528 26356 26389 26304 26401
13529 26317 26403 26361 26404 26267
13530 26405 26359 26396 26406 26407 26299
13531 26404 26360 26405 26297 26266
13532 26264 26309 26401 26358 26388 26406 26408 26300
13533 26403 26362 26402 26333 26320
13534 26408 26407 26293
13535 11209 26409 26410 24570 24779
13536 26386 26411 26412
13537 26413 26391 26412 26414 26415
13538 24564 24700 24764 26390 26411 26414 26416 26410
13539 26413 26392 26406 26417
13540 26409 26416 26415 26417 26408 26294 11210
13541 26318 11298 11274 11266 22513 22608 22596 26418 5716 26419 26420 26366 26403
13542 26419 5717 24487 26382 26421 26364 26422
13543 26421 26379 26363
13544 5706 24495 23239 22597 26418
13545 26420 26422 26365
13546 13290 26423 26424 26395
13547 26425 26368 26421 26380 24488 6839 24536 13294 26423
13548 26424 26425 26367 26394
13549 18270 18278 11778 5697 26426 26340 18220
13550 26285 26404 26369 26420 26427 5711 26426 26341 11301 26319
13551 26425 26428 5714 26427 26422 26370
13552 26298 26405 26371 26397 26424 26428 5713 18275
13553 18277 26429 26417 26407 26292
13554 26428 5721 11793 13291 26423
13555 11817 26384 26430
13556 26413 26393 26430 11805 18276 26429
13557 22665 26431 22515 26432 5694 26426 26339
13558 22514 22609 22598 26418 5705 26432
13559 5715 26419 26427
13560 26431 22512 22664
13561 13292 24535 6830 5726 11802
13562 26433 26434 15933
13563 26433 15934 26435 26436 26437 26438
13564 26434 15929 18795 26439 26440 26441 26438
13565 18792 15932 26442 26443
13566 15931 26442 26444 26435
13567 18794 26445 26439
13568 26446 26436 26444 26443 18793 26445 26440
13569 26446 26437 26441
13570 24720 24675 15799 15930 26434 26447 26448 26449 15664 24744
13571 26450 26451 24663 24678 24721 24745
13572 26451 24664 18814 26439 26452 26453 26454
13573 24746 26450 26454 26455 26449 15659
13574 26452 26440 26456
13575 26438 26457 26447
13576 26448 26457 26441 26456 26453 26455
13577 24685 26458 24623 24658 24667 26459
13578 18790 24644 26460 26461 26462
13579 26458 24624 24680
13580 24684 26459 24666 26463
13581 26460 24652 24621 26464
13582 26465 26466 26461 26464 24620 26467
13583 26468 26466 26462 18813 26445 26452
13584 24758 24683 26463 24665 26451 26469
13585 26454 26470 26467 24619 24759 26469
13586 26453 26468 26465 26470
13587 26471 26472 26473 11402
13588 26473 26474 26475 18943 21680 11403
13589 26476 26477 18947 19003 26478 26479
13590 26480 26481 26478 18993 19010 11370 11422 26482
13591 26483 26477 18948 26475
13592 26479 26481 26484
13593 26482 26485 26471 11401 11425
13594 26480 26484 26476 26483 26474 26472 26485
13595 26478 18991 16787 26486
13596 26487 26481 26486 16786 16179 16141 16168 18830 26488
13597 11423 26482 26489 26490 18831
13598 18829 26488 26491 26490
13599 26480 26487 26491 26489
13600 26492 26444 26493 26494 26488 18832 26495
13601 18821 16169 16410 26496 26495
13602 26497 26479 26486 16785 15935 26442 26493
13603 16408 16397 16784 15937 26435 26492 26496
13604 26497 26484 26487 26494
13605 26493 26498 26499 26462 18789 26443
13606 26500 26501 18951 26502 16885 24643 26460 26503
13607 26502 18950 18995 16789 16878
13608 26477 18952 26501 26504
13609 26505 26503 26461 26499
13610 26497 26476 26504 26500 26505 26498
13611 11405 22605 26506 26507 26508
13612 26473 26509 26508 11406
13613 22606 18956 26475 26510 26506
13614 26507 26510 26474 26509
13615 26511 18953 26501 26512
13616 26513 26511 18954 22604 26506
13617 26513 26512 26504 26483 26510
13618 24635 19062 18979 26511 26514 26515 26516
13619 11407 26508 26517 26515 26518 24463 26377 26327
13620 26516 24638 24465 26518
13621 26514 26513 26507 26517
13622 26519 26515 26520
13623 26516 26520 26521 26503 26464 24637
13624 24554 18980 26522 16881 24651 26523 24636
13625 16877 26522 18978 26502
13626 26523 24645 24633
13627 26500 26512 26514 26519 26521
13628 26524 26525 26526 26527
13629 26525 26528 26529 26530 26531 26532
13630 26528 26533 26534 26535 26536 26537 26526
13631 26533 26529 26538 26539
13632 26540 26534 26539 26541 26542
13633 26543 26541 26538 26530 26544 26545 26546
13634 26547 26544 26531 26548 26549
13635 26550 26551 26535 26540 26552 26553
13636 26543 26542 26552 26554
13637 26555 26548 26532 26524 26556 26557
13638 26555 26549 26558 26546 26554 26553 26559 26560
13639 26561 26556 26527 26537 26562 26550 26559
13640 26536 26551 26562
13641 26545 26547 26558
13642 26560 26561 26557
13643 26525 26563 16395 16372 26564
13644 26526 26563 16394 16374 23559 26565
13645 16369 23563 26565 26527 26566
13646 26524 26564 16364 26566
13647 16398 16409 26496 26567 26528 26563
13648 26530 26568 26437 26457 26569
13649 15939 26433 26447 26569 26531 26570 15788
13650 15789 26570 26532 26564 16363
13651 26568 26436 26492 26567 26529
13652 26536 26571 18819 16163 16412 23558 26572
13653 26573 18822 26495 26567 26533 26574
13654 26573 18823 26575
13655 23560 26572 26537 26565
13656 26576 18824 26575 26574 26534
13657 26571 18825 26576 26535
13658 15690 15624 16362 15804 26570 26548 26577 26578
13659 15655 26579 26578 15685 15691
13660 26547 26580 26449 15662 26581
13661 26579 26577 26549 26581 15663
13662 26544 26569 26448 26580
13663 26582 26550 26583 16758
13664 11444 26584 26553 26582 16759
13665 26584 26552 26585 11433 11479 11441
13666 11435 11414 26586 18827 26576 26540 26585
13667 11416 18828 26586
13668 26583 26551 26571 18820 16777 16757
13669 26587 26588 11434 26585 26542 26589
13670 15647 26590 26588 11431 11478 11462 11438
13671 26591 26589 26543 26592
13672 26593 26591 26587 26590 15652
13673 26584 26554 26592 26593 15653 11442
13674 16320 15684 26578 26594 26557 26595 23578
13675 26555 26577 26594
13676 26556 26566 16365 23577 26595
13677 11446 16761 26596 26560 26594 26579 15656
13678 26592 26546 26597
13679 26593 26597 26558 26581 15661
13680 26559 26582 16760 26596
13681 23581 16735 16765 26583 26562 26572 23562 23499 23570
13682 23580 16767 26596 26561 26595 23576
13683 26598 26599 26600 26601 26602 26603
13684 26604 26605 26606 26600
13685 26607 26601 26604 26608 26609 26610 26611 26612 26613
13686 26599 26606 26614 26615 26616 26617 26618
13687 26608 26619 26614 26605
13688 26609 26620 26621 26615 26619
13689 26622 26611 26623 26621 26616 26624 26625
13690 26624 26617 26626 26627
13691 26598 26618 26626 26628
13692 26602 26607 26629
13693 26620 26610 26623
13694 26612 26622 26630
13695 26631 3086 5373 18838 11351 26632
13696 26633 18848 18839 26634 26599
13697 26635 3084 5372 18849 26633 26600 26636 26637 15150
13698 11346 18840 26634 26598 26638
13699 15154 26635 3088 26631 26639
13700 15152 26637 26640 26602 26641
13701 26636 26640 26601
13702 3073 5375 18855 26642 26605 26643 26644 15147
13703 26645 26644 15149 26637
13704 3082 15148 26635
13705 26645 26643 26604 26636
13706 26606 26642 18856 26633
13707 26646 26610 26647 5433 24559 24752 24782 26648
13708 26649 1430 26650 26651
13709 26612 26652 26648 24781 24750 1431 26650 26653
13710 26640 26645 26654 15151 8619 15139 1404 26649 26655 26607
13711 26608 26656 5423 24558 26657 8615 15145 26654 26643
13712 26656 5427 26647 26609
13713 26657 24563 26658 8616
13714 26658 24562 24776 8617
13715 26611 26646 26652
13716 26659 26660 26661 26662 26663 18845 26664
13717 26663 26665 26666 18894 18863 18843
13718 26667 26665 26662
13719 26666 18893 18919 26668 26661 26667
13720 26634 18847 26664 26669 26618
13721 26670 26671 26660 26668 18913 18896 18862 26672 26615
13722 26669 26659 26671 26673 26617
13723 26670 26616 26673
13724 26614 26672 18854 26642
13725 24557 18871 18851 17151 8633 26657
13726 26619 26656 5422 18895 18853 26672
13727 26644 26654 15146
13728 1403 26649 26674 2962
13729 1429 26650 26675 2957
13730 3131 19153 3087 26631 26676 26677
13731 11344 5342 3125 26677 26678
13732 11206 24780 26648 26679
13733 26622 26652 26679 11205 26680
13734 26677 3126 26681
13735 26666 18892 18917 26682 26683 26684
13736 26685 26686 26687 26688
13737 18916 26689 26688 26690 26682
13738 26689 26687 26691 26692 18904
13739 26691 26686 26693 26694
13740 9290 26695 26696 26697 18924
13741 17137 26698 26699 26695 9291
13742 26700 26665 26684 26701 26702 26703
13743 26704 26703 26705 26706 18928
13744 18844 26663 26700 26704 18929
13745 26707 5631 18926 26706
13746 26705 26702 26708 26697 18925 5638 26707
13747 18912 26692 26694 26709 26698 17132 18878
13748 26701 26683 26690 26685 26693 26709 26699 26696 26708
13749 26710 26711 18874
13750 26710 26712 26713 26714 26715 18875
13751 26716 26717 26692 18905
13752 18876 26715 26718 26719 26716 18910
13753 26720 26721 26722 26723
13754 26724 26725 26720 26726 26727 17162 17130
13755 26728 19423 26729 26730 26731 26721 26726
13756 26732 26733 26734 26722 26731 26735 26719 26717 26694
13757 26736 26733 26737 26724 17131 26698
13758 26735 26730 26738 26714 26718
13759 26734 26723 26725 26737
13760 19425 26739 24443 17160
13761 26739 19424 26729 26738 26713 26740 24447
13762 26740 26712 26711 18873 24446
13763 26727 26728 19422 17163
13764 26732 26736 26709
13765 26741 26724 17138
13766 17139 26741 26737 26742 26743 26744 9270
13767 26695 26745 26744 9289
13768 26742 26733 26746
13769 26745 26743 26746 26736 26699
13770 26664 26747 26748 26749 18937 11348 18846
13771 26750 26751 26704 18930 18942 26749
13772 26752 26753 26754 26659 26747
13773 26755 26756 26661
13774 26755 26757 26753 26758 26751 26700 26662
13775 26660 26756 26757 26754
13776 26750 26758 26752 26748
13777 26759 26760 26761 26762
13778 26763 26761 26764 26765
13779 26766 26762 26764 26767
13780 26768 26760 26763 26769
13781 26759 26768 26770 26766
13782 26771 26772 26773 26774
13783 26773 26775 26776 3253 26777
13784 26778 26779 26780 19714 26781 26782 26772 26775
13785 26771 26782 26783 19716 26784
13786 26781 19715 26783
13787 26183 26785 26779 26786
13788 19707 26780 26785 26184 26787
13789 26776 26778 26786 26182 3252
13790 26788 26789 26790
13791 26789 26791 26792 18935 26793
13792 26764 26794 18933 26795
13793 18934 26794 26762 26796 26792
13794 26766 26796 26791 26788 26797
13795 26798 26749 18938 26792
13796 26799 26747 26669 26626 26800 26789
13797 26798 26748 26799 26791
13798 26801 26802 18266 11131 11136 26803
13799 26802 18265 26804 26805
13800 26806 26804 18263 11135 11139 26807
13801 26801 26805 26806 26808
13802 26806 26809 26810 26811 26812 26813
13803 18262 26804 26809 26814
13804 26815 26816 26817
13805 11222 26818 26811 26819 26815 26820
13806 18238 18260 26814 26810 26818 11223
13807 26812 26819 26816 26821
13808 26822 26823 26824 26775
13809 26776 26822 26825 26826 18255 3258
13810 26823 26825 26827 26828
13811 26802 18264 26826 26827 26829
13812 26773 26824 26828 26829 26801 26830
13813 26831 26832 26833 26834 26835 26836 26837 26838
13814 26839 26840 26841 26842 26843 26844 26845 26837 26846 26812
13815 26847 26848 26849 26850 26842 26851
13816 26852 26853 26854 26851 26843 26855
13817 26847 26856 26857 26854
13818 26858 26845 26836
13819 26835 26859 26860 26855 26844 26858
13820 26852 26861 26860
13821 26862 26863 26831 26864 26816
13822 26859 26861 26853 26857 26865 26834
13823 26866 26840 26867
13824 26868 26869 26870 26871 26867 26839 26819 26862
13825 26866 26871 26872 26873 26850 26841
13826 26856 26848 26874 26833 26865
13827 26875 26876 26872 26870
13828 26875 26877 26869
13829 26849 26873 26876 26877 26868 26863 26832 26874
13830 11216 26409 26878 26879 26880
13831 26646 26623 26881 26870 26882 26880 11214 26679
13832 26620 26647 5424 26883 26884 26875 26881
13833 26872 26885 26886 26879 26882
13834 26878 26886 26887 26883 5434 24568 26410
13835 26884 26887 26885 26876
13836 26670 26888 26889 26869 26881 26621
13837 26671 26754 26890 26891 26888
13838 26892 18914 26893 26894 26895
13839 26896 26897 26898 26894
13840 26893 18908 26899 26898
13841 26668 18915 26892 26900 26901 26756
13842 5425 18902 26899 26897 26902 26883
13843 26890 26903 26901 26757
13844 26877 26884 26902 26896 26895 26900 26903 26891 26889
13845 11226 11213 26880 26904 26867 26905 26818
13846 26839 26905 26811
13847 26624 26673 26888 26906 26862 26815 26907
13848 26904 26882 26871
13849 26889 26906 26868
13850 26908 26833 26909 26910
13851 26865 26911 26912 26913 26914 26915 26909
13852 26915 26916 26917 26910
13853 26914 26918 26919 26916
13854 26920 26921 26913 26918
13855 26922 26923 26912 26921
13856 26923 26924 26925 26856 26911
13857 26926 26925 26848
13858 26908 26917 26919 26920 26922 26924 26926 26874
13859 26890 26927 26928 26753
13860 26799 26752 26928 26929 26831 26930 26788
13861 26863 26906 26891 26927 26929
13862 26689 26931 26932 26893 18909
13863 26933 26892 18918 26682 26934 26935 26936 26918
13864 26894 26932 26937 26938 26939
13865 26940 26688 26931 26937 26941 26942 26943 26944
13866 26945 26941 26938 26946
13867 26947 26948 26940 26690 26934
13868 26949 26944 26948 26950 26951
13869 26952 26935 26947 26950 26953
13870 26951 26953 26954
13871 26955 26942 26945 26956 26921
13872 26954 26949 26943 26955 26913 26936 26952
13873 26920 26956 26946 26939 26895 26933
13874 26934 26683 26957
13875 26901 26958 26916 26959 26935 26957 26684 26667 26755
13876 26914 26936 26959
13877 26919 26933 26900 26958
13878 26701 26957 26947 26960 26961
13879 26962 26960 26950 26963
13880 26703 26964 26963 26953 26965 26966 26751
13881 26928 26967 26910 26968 26966 26758
13882 26952 26959 26915 26968 26965
13883 26962 26961 26702 26964
13884 26903 26958 26917 26967 26927
13885 26969 26837 26970
13886 26969 26836 26971 26972 26973
13887 26974 26975 26966 26750 26798 26796 26759
13888 26968 26909 26834 26976 26977 26975
13889 26974 26977 26978 26972 26979 26768
13890 26978 26976 26835 26971
13891 26967 26908 26832 26929
13892 26980 26981 26982 26983 26984 26985
13893 26986 26987 26982 26988
13894 26983 26988 26989 26990
13895 26991 26981 26987 26992 26993 26994
13896 26984 26990 26995 26996 26997
13897 26985 26998 26994 26999 27000 26997
13898 26991 26980 26998
13899 27001 26992 26986 26989 26995 27002
13900 27002 27003 27000 26996
13901 26999 26993 27001 27003
13902 27004 27005 24538 26399 24604 24699 24795 27006
13903 24796 27006 27007 18899 24567
13904 26899 27008 27004 27007 18901
13905 26982 27009 27010 13309 26385 26411 27011
13906 27012 27013 27014 24526 26398 13315 27010
13907 27015 26897 27008 27005 24539 27014
13908 27016 27012 27009 26981
13909 27017 26984 27018 26416 26878
13910 26414 27011 26983 27018
13911 26902 27015 27013 27016 26980 27019 26887
13912 27017 26985 27019 26886
13913 26988 27020 11808 26430 26387 26412 27011
13914 27010 13310 27021
13915 27022 11814 13307 27021 27009 26987
13916 26986 27022 11813 27020
13917 26429 18281 27023 26990 27018 26415
13918 18283 11807 27020 26989 27023
13919 27012 27021 13314 27024 27025
13920 27026 27027 27028 27029 26993
13921 26994 27026 27030 27031
13922 27027 27032 27033 27034 27030
13923 27035 13313 27024 27036 27033
13924 27037 11821 13305 27035 27032 27028
13925 27034 27036 27025 27016 26991 27031
13926 27029 27037 11811 27022 26992
13927 18261 18282 27023 26995 27038 26814
13928 26905 26840 27039 26996 27038 26810
13929 26866 27039 26997 27017 26879 26904
13930 26999 27026 27040 27041
13931 27042 27040 27030 27043 26850
13932 27039 27000 27041 27042 26841
13933 26885 27019 26998 27031 27043 26873
13934 26926 27044 27045 27046 27034 27043 26849
13935 27047 26939 26896 27015
13936 27047 26946 27048 27049 27025 27013
13937 27045 27050 27048 26956 26922 27051
13938 27044 27051 26924
13939 27050 27046 27036 27049
13940 27001 27029 27052 27053 27054 27055 26827 27056
13941 27057 27058 27054 27059
13942 27055 27059 27060 18254 26826
13943 27061 27062 11798 11812 27037 27052
13944 27061 27063 27058 27053
13945 18256 18284 11799 27062 27063 27057 27060
13946 26809 27038 27002 27056 26829 26805
13947 27064 27042 26842 27065
13948 27066 27067 26845 26969 27068 26771
13949 26772 27066 27069 27070 27071 26824
13950 26844 27072 27069 27067
13951 27072 26843 27065 27073 27070
13952 26828 27056 27003 27041 27064 27073 27071
13953 27074 27075 27076 24407 24546 24515 27077
13954 27078 27079 27074 27080
13955 27080 27081 27082 27083 13691 24518 27077
13956 27084 27085 27075 27079
13957 27086 21189 24418 27076 27085
13958 27078 27084 27086 21190 27087 27088 27081
13959 13690 21158 21188 27089 27090
13960 13683 27090 27091 27092 27083
13961 27091 27089 21186 27087 27093
13962 27088 27093 27092 27082
13963 27094 27095 27096 27097 27098
13964 11789 27099 27100 27094 27101 27102
13965 11770 27103 27104 27105 27095 27100 27106
13966 27107 27098 27101 27108
13967 27108 27109 27110 27111 27112 11790 27102
13968 27113 27097 27107 27109
13969 27113 27096 27105 27114 27110
13970 27115 27103 11766 27116
13971 27106 11788 27099
13972 27117 27116 11772 27112
13973 27115 27104 27114 27111 27117
13974 27118 27119 25791 5453 11767 27116 27120
13975 5511 27121 27122 27123 5491
13976 26245 27124 25790 27125 27118 27126 27123 5481
13977 27127 27112 11771 5500 27121
13978 27119 25788 27125
13979 25775 27124 26243
13980 27127 27117 27120 27126 27122
13981 27128 27109 27129 27057 27130
13982 27131 27110 27128 27132
13983 27108 27133 27063 27129
13984 27060 27130 27132 27134 27121 5499 18253
13985 11794 27102 27133 27062
13986 27134 27131 27111 27127
13987 27135 27136 27055 26825
13988 27136 27059 27130 27137 27138 26192 26786 27139
13989 27135 27139 26778 26822
13990 3304 5482 27123 27140 27141 27138 26193
13991 27142 27141 27137 27132
13992 27142 27134 27122 27140
13993 27143 20956 27144 27145 27146 27147 27148
13994 27144 27149 20944
13995 27145 27149 20951 18671 26248 27150
13996 27151 27146 27150 26250 27152
13997 27153 27154 27155 20955 26249 27152
13998 27155 20953 27143 27156
13999 27147 27157 27153 27151
14000 27156 27148 27157 27154
14001 27158 27159 27160 27161 19359
14002 27162 27163 27164 27165 27166 27159
14003 27166 27167 19356 27158
14004 19357 27168 27165 27167
14005 27169 27170 27171 27164 27168 19358
14006 27172 27173 19353 27161
14007 27171 27174 27163
14008 19347 27169 27175 27173
14009 27162 27174 27170 27175 27172 27160
14010 19352 27161 27176 27177 27178
14011 27179 27158 19366 27180
14012 19389 19393 27181 27182 27183 27184 19407
14013 27183 27185 27186 27187
14014 27181 27188 27159 27179 27189 19398
14015 27177 27190 27191 27192
14016 27186 27193 27191 27194
14017 27185 27193 27190 27176 27160 27188 27182
14018 27177 27195 27196 11980 19787 27197
14019 27173 27198 27199 19255 19348
14020 27196 27200 27201 25140 11978
14021 19252 27202 25141 27201 27203 27199
14022 19254 27202 25142
14023 27172 27198 27203 27200 27195 27176
14024 27204 11973 27196 27205
14025 27191 27206 27204 11987 19756 27207
14026 27195 27205 27206 27190
14027 19349 27208 27209 27210 27211 12291 12315
14028 19251 12293 27211 27212 27213 27214 27199
14029 27210 27212 27215
14030 27216 27209 27215 27213 27217 27169 19351
14031 27216 27208 19350
14032 27175 27217 27214 27198
14033 27218 27219 27220 27221 27222 27223
14034 27218 27224 27225 27226 27227 27228
14035 27229 27230 27219 27224
14036 27231 27232 27233 27220 27230 27234
14037 27235 27236 27237 27223 27228 27238
14038 27239 27240 27234 27229 27225
14039 27241 27231 27240 27242 27236
14040 27222 27243 27232 27241 27237
14041 27233 27243 27221
14042 27242 27239 27226 27244 27235
14043 27181 27245 27246 27247 27248 19394
14044 27249 27221 27250 27251 27164
14045 27165 27249 27222 27252
14046 27248 27253 27254 27255 19396
14047 27254 27256 27246 27257 27163 27251 27258 27219 27259
14048 27256 27253 27247
14049 27260 27218 27259 27255 19399 27261
14050 27245 27257 27162 27188
14051 27179 27166 27252 27223 27260 27262
14052 27250 27258 27220
14053 12160 12208 27263 27255 19397 19378 12131
14054 27263 12206 27264 27224 27259
14055 27225 27264 12207 12163 27265
14056 27226 27265 12162 27266
14057 27228 27260 27267
14058 19333 27268 27269
14059 27270 27271 27269 19299 27272 27251 27171
14060 27258 27272 19301 19281 19288 27273 27230
14061 27274 27275 27276 27270 27174 27257
14062 19292 19266 27277 19332 27268 27271 27276 27278
14063 27256 27279 27275 27278 19294 12150 27280
14064 27229 27273 19293 12205 27264
14065 27254 27280 12151 12204 27263
14066 19330 27277 19276
14067 27279 27274 27246
14068 27281 19302 27282
14069 5846 19336 19303 27282 27283 27232 27284
14070 27284 5860 19586 9432 27285 27231
14071 27285 9431 12226 19289 27273 27234
14072 27233 27250 27272 19300 27281 27283
14073 27167 27252 27237 27286 27287 3335 19372 19363
14074 27235 27288 27287 3331 19369 27289
14075 27286 27236 27288
14076 27265 27239 27290 9435 12234 12175
14077 27285 9437 27290 27240
14078 27291 3334 5845 27284 27241 27286
14079 27290 9436 3329 27291 27288 27242
14080 12316 19655 19338 19306 27282 27292 27208 19362
14081 27291 3330 27287
14082 19360 27216 27292 27283 27243 27249 27168
14083 27293 19296 27281 27292 27209
14084 27270 27294 27295 27296 27297 27217 27170
14085 27293 19297 27298 27299 27296 27300 27215
14086 27213 27300 27297
14087 19298 27298 27301 27302 27269
14088 27299 27301 27303 27295
14089 27294 27303 27302 27271
14090 27304 27305 22226 27306
14091 27307 27306 22222 27308 27309 9210 27310
14092 27311 27312 27305 22225 27308
14093 9222 27309 27311 27313 27314
14094 27315 27314 9213 27310
14095 27315 27313 27312 27304 27307
14096 27316 27317 27318 27319 27320 27321 17529 27322
14097 27323 27324 27322 17530
14098 27325 27326 27327 27317
14099 27328 27329 27325 27318 27330
14100 27320 27331 27332 27333 27334 9216 17524 27335
14101 27336 27328 27337 27338 27339 27340 27341 27332
14102 27342 27341 27333 27343
14103 9243 9209 27310 27344 27323 17527
14104 27334 27343 27345 9215
14105 27321 27335 17528
14106 27326 27346 27347 27337 27329
14107 27348 27349 27350 27340 27342 27345 9214 27314
14108 27351 27339 27350
14109 27336 27330 27319 27331
14110 27338 27351 27349 27352 27347
14111 27316 27324 27344 27315 27348 27352 27346 27327
14112 24435 17537 27322 27353 27354 24445
14113 9244 17542 27323 27355 27356 19432 9361
14114 26739 19433 27356 27357 27354 24444
14115 27324 27353 27357 27355
14116 27358 27359 22216 24842 22229
14117 22230 27358 27360 27361 27362 27305
14118 27363 27364 27360 27359 22217 27365 27366
14119 27367 27364 27361 27368
14120 22221 27308 27369 9212 24856 27370
14121 27369 9221 22213 27371 27366 27372 27373 27311
14122 24850 24845 22227 27370
14123 27365 22198 27371
14124 27367 27363 27372 27374
14125 27373 27374 27368 27362 27312
14126 27362 27304 27375 27376
14127 27355 27344 27307 27375 27377 27378
14128 27379 27380 27368 27376 27377 27381
14129 27378 27381 27382 27383 27327 27384 27357
14130 27313 27373 27385 27348
14131 27386 27387 27346 27383
14132 27353 27316 27384
14133 27352 27385 27374 27380 27388 27387
14134 27386 27388 27379 27382
14135 19959 25164 27389 27390 27391 20072 19950
14136 27392 27393 27389 25165 19984
14137 19980 27392 27394 27395 19966
14138 20073 27391 27396 27397
14139 27395 27398 27397 20074 19997 19962
14140 27394 27393 27390 27396 27398
14141 27399 27400 27401 27397 20077 19995 19244
14142 19815 27402 27403 27404 27405 27399 19246 19996
14143 27400 27406 27405
14144 27407 27403 27408 27395 19963 19813
14145 27407 19810 27402
14146 27404 27406 27401 27398 27408
14147 17901 27409 19978 27410 27411 27412 27413
14148 17902 27413 27414 27415 19808
14149 27416 27412 27414 27417
14150 27407 27418 27419 27417 27415 19811
14151 19977 27409 17900
14152 27410 19979 27392 27420
14153 27418 27421 27403
14154 27421 27419 27416 27411 27420 27394 27408
14155 27422 27423 20044 18729
14156 27423 27424 27425 27426 12111 20045
14157 18735 27422 27424 27427 27428 27429 19241
14158 20046 12107 27430 27431 27391 20076
14159 12097 27426 27432 27430
14160 27433 27428 27434 27400
14161 27399 27433 27429 19243
14162 27434 27427 27425 27432 27431 27396 27401
14163 27435 27436 27437 27438 25150 19189
14164 27439 27440 27441 27435 19192
14165 27442 27443 27444 27436 27441
14166 27438 27445 27443 27446 27447 27448 25157
14167 27444 27445 27437
14168 27439 27449 27405 27433 27450 19237 19202
14169 27451 27448 25156 19239
14170 27428 27452 27447 27451 19238 27450
14171 27406 27434 27452 27446 27442 27440 27449
14172 25167 27453 27454 27389
14173 27455 27430 12098 27456
14174 27457 27456 12104 25166 27453
14175 27455 27457 27454 27390 27431
14176 27450 27429 19240
14177 19809 27402 27418 27458 27439 19193 19221
14178 27449 27404 27421 27458
14179 27459 27460 27461 27462 27463
14180 27459 27464 27465 27466
14181 27467 27468 27469 27460 27464
14182 27470 27461 27469 27471 27472 27473
14183 27474 27475 27468 27471 27476
14184 27477 27478 27465 27467 27475
14185 27479 27480 27481 27482 27463 27466 27478 27483 27484
14186 27485 27482 27462 27470 27486 27487
14187 27488 27489 27490 27476 27472 27491 27492
14188 27493 27483 27477 27474 27490 27494
14189 27495 27480 27496 27487 27497 27498
14190 27481 27485 27496
14191 27497 27486 27473 27491 27499
14192 27500 27484 27493 27501
14193 27502 27498 27499 27492 27503 27504
14194 27495 27479 27500 27505 27502
14195 27506 27489 27494 27501 27505 27504
14196 27503 27488 27506
14197 27507 20111 27508 27459 27509
14198 27460 27510 20112 27508
14199 27461 27510 20125 27511
14200 27512 27513 27514 20126 27511 27462
14201 27512 27515 27509 27463
14202 27515 27507 20117 27516 27513
14203 27516 20122 27514
14204 27517 20443 27518 27519
14205 27520 27519 27521 27465
14206 27517 20442 27522 6226 27523 20109 27508 27464 27521
14207 27509 27524 6240 27525 20444 27518 27520 27466
14208 20437 27522 6227 27525
14209 6238 27523 20110 27507 27524
14210 6221 12923 20438 27522
14211 20440 27526 27527 27528 27529
14212 20113 6225 27523
14213 20446 27526 27530 27517
14214 27530 27527 27531 27532 27467 27521
14215 20115 27510 27469 27533 27531 27528 27534
14216 27532 27533 27468
14217 27535 27536 13337 27537 27538
14218 27539 27540 13334 27536
14219 27541 27542 27528 27543 13335 27540 27544 27545
14220 27535 27539 27544 27546
14221 27547 27548 27538 27546 27545 27549 27550 27473
14222 27551 20128 13332 27537 27548
14223 27552 27472 27550
14224 27471 27533 27553 27541 27549 27552
14225 27542 27531 27553
14226 27551 20127 27511 27470 27547
14227 27554 27555 20434 27556 27557 27483
14228 27558 6229 27525 20436 27555 27559
14229 27560 27561 27480
14230 27560 27562 27563 27479
14231 27558 6239 27524 27515 27564 27481 27561 27562 27565
14232 27563 27565 27559 27554 27484
14233 27556 20447 27518 27566
14234 27566 27520 27478 27557
14235 27564 27512 27482
14236 27567 27568 27496 27561 27569
14237 6983 27570 27569 27562 27571
14238 27567 27572 27516 20116 6237 5993 6982 27570
14239 6973 6012 27573 27565 27571
14240 27573 6011 6228 27558
14241 27572 27513 27564 27485 27568
14242 14199 12924 12402 6015 27573 27559 27574 20450
14243 6972 27571 27563 27500 27575 14135
14244 14148 27575 27501 27576 20453 14059 14166
14245 27493 27554 27574 20452 27576
14246 27577 27569 27560 27495 27578
14247 21978 21999 27579 27580 27581 27577 27570 6985
14248 14170 27582 27583 20411
14249 27584 27580 27585 21994 22012
14250 27579 27585 22000
14251 22011 27584 27581 27578 27502 27586 27583 20409
14252 14136 27575 27505 27586 27582 14167
14253 14054 14057 27587 27588 14096 20650
14254 14092 27588 27589 27590 27591
14255 14168 27582 27592 27506 27593 27591 14094
14256 27504 27586 27592
14257 27594 27494 27576 20454 14061 27587 27589
14258 27489 27594 27590 27593
14259 27595 27596 27597 27598 27599
14260 27600 27601 27602 27603
14261 27600 27604 27596 27605
14262 27606 27602 27607 27608 27609
14263 27598 27610 27608 27611
14264 27599 27611 27609 27612
14265 27606 27603 27605 27595 27612
14266 27579 27613 27614 27615 22003
14267 22004 20295 12628 27616 27617 27615
14268 27572 27514 20124 20321 27618 27619 27620 27621
14269 27618 20309 27622 12629 27616 27623
14270 27567 27621 27624 27625 27577
14271 27626 27625 27581
14272 27626 27624 27620 27627 27613 27580
14273 27614 27617 27623 27619 27627
14274 27486 27547 27628 27629 27630
14275 27631 27628 27551 20131 20322 27632 27633 27634
14276 27635 27636 27637 27638 27630 27487 27568 27621
14277 27629 27631 27639 27638
14278 27639 27634 27640 27637
14279 27620 27641 27635
14280 27632 20310 27618 27642
14281 27641 27619 27642 27633 27640 27636
14282 27498 27643 27644 27645 27646 27625 27578
14283 27647 27638 27648 27644
14284 27497 27630 27648 27643
14285 27647 27637 27649 27650 27645
14286 27624 27635 27651 27650 27646
14287 27649 27636 27651
14288 27652 27475 27532 27553 27653 27654 27655
14289 27656 27657 27557 27477 27652
14290 27658 27530 27519 27566 27657 27659
14291 27660 27661 27653 27542 27527 27658
14292 27662 27661 27654
14293 27662 27660 27659 27656 27655
14294 27541 27663 27664 27665 27653
14295 27666 27667 27668 27664 27669 27552 27476 27670 27671 27672
14296 27673 27674 27652 27474 27670
14297 27675 27676 27667
14298 27675 27677 27654 27665 27668
14299 27678 27679 27680 27673 27671
14300 27678 27681 27682 27672
14301 27683 27679 27681
14302 27549 27663 27669
14303 27683 27680 27674 27655 27677 27676 27666 27682
14304 27665 27684 27685 27540 13344 27686 27687 27688 27689 27690 27661
14305 20431 27691 27692 27693
14306 27694 27695 27689 27696
14307 27697 27698 27695 27688 27699
14308 27700 27544 27685 27701
14309 27702 27701 27684 27664
14310 27545 27663 27702 27700
14311 13322 27703 27686
14312 27704 27705 27706 27698 27694
14313 27706 27697 27707 27692 27708
14314 27709 27705 27708 27691 20441 27526 27658
14315 27696 27704 27709 27660 27690
14316 27710 27711 27712 27713 27714
14317 27715 27711 27716 27708 27717 27718
14318 27712 27716 27691 20432 27719
14319 27720 27710 27715 27721
14320 27722 27723 27713 27719 20433 27556 27657
14321 27723 27714 27720 27724
14322 27717 27705 27725
14323 27709 27725 27718 27721 27724 27722 27659
14324 27726 27727 27728 26041 26145 26033 27729
14325 27727 27730 27731
14326 26146 26164 26131 27732 27733 27734 27735 27730 27728 26047
14327 27679 27736 27735 27731 27726 27737
14328 26162 27738 27739 27681 27737 27729 26028
14329 26129 27732 27740 27741 27738 26163
14330 27742 27740 27733
14331 27683 27736 27734 27742 27741 27739
14332 27743 27717 27706 27744 26124 27745
14333 27746 27747 26136 27748
14334 27746 27749 27750 27694 27751 27752
14335 27749 27753 26137 27747
14336 27754 27752 27748 26127 27755 27740
14337 27750 27698 27744 26122 26138 27753
14338 27755 27733 27756 27745 26115 26132
14339 27756 27743 27725 27704 27751 27754 27742
14340 27713 27757 27758 20455 27759 27760
14341 20428 27761 27757 27719
14342 27762 27759 20456 14056 27587
14343 27758 27761 20435 27555 27574 20449
14344 27490 27670 27763 27594
14345 27762 27760 27723 27764 27673 27763 27589
14346 27722 27656 27674 27764
14347 27677 27662 27690 27765
14348 27766 27767 27768 27676 27765 27696 27751 27769
14349 27680 27764 27724 27770 27736
14350 27771 27769 27754 27741
14351 27756 27772 27721 27770 27734
14352 27771 27766 27773 27774 27682 27739
14353 27743 27718 27772
14354 27775 27768 27666 27774
14355 27767 27775 27773
14356 26090 26126 27748 27776 27777
14357 26092 27777 27778 27779 27780 27781 26154
14358 26128 27755 27732
14359 27778 27776 27752 27769 27782 27783
14360 27784 27782 27771 27738 26161 27785
14361 27786 27780 27787
14362 27788 27787 27781 26159 27785
14363 27788 27786 27779 27783 27784
14364 27789 27790 25885 25920 25942 27791
14365 25951 25927 25896 27792 27793 27794
14366 25949 27794 27795 27796
14367 27797 27790 25878 27792 27798 27799
14368 27800 27791 25947 27796 27801 27799
14369 27789 27800 27797
14370 27795 27793 27798 27801
14371 25943 27791 27802 27803
14372 25866 27804 27805 27802 27800 27806 27807 27808 27809
14373 27810 27796 25946 25870 25862 27809 27811
14374 27804 25853 27812
14375 27799 27813 27806
14376 27808 27814 27811
14377 27810 27801 27813 27807 27814
14378 27768 27667 27815 27816
14379 27766 27782 27817
14380 27818 27819 27820 27689 27765 27675 27815 27821
14381 27746 27822 27823 27824 27776
14382 27825 27826 27749 27822
14383 27778 27824 27827 27828 27829
14384 27750 27695 27820 27830 27826
14385 27817 27767 27816 27821 27831 27832 27833 27829 27783
14386 27834 27833 27828
14387 27818 27835 27831
14388 27823 27825 27830 27819 27835 27832 27834 27827
14389 27836 27837 27838 27821
14390 27839 27840 27539 27685 27841 27837
14391 27839 27842 27843 27844 27845 27818 27838
14392 27815 27668 27684 27841 27836
14393 27846 27847 27848 27849
14394 13321 27686 27850 27848 27851 27843 27852
14395 27851 27849 27853 27854 27844
14396 27536 13346 27852 27842 27840
14397 27853 27846 27855 20385 27856 27857
14398 27858 27856 20392 27859 27688 27820
14399 27845 27854 27857 27858 27819
14400 27860 27861 27862 27863
14401 27864 27863 27865 27866
14402 27867 27868 27869 27860 27865 27870
14403 27871 27872 27873 27874 27875 27876 27866 27870
14404 27877 27878 27879 27880 27861 27869
14405 27881 27877 27868
14406 27876 27882 27883 27884 27885 27880 27862 27864
14407 27881 27878 27886 27887 27871 27867
14408 27887 27888 27889 27872
14409 27885 27890 27888 27886 27879
14410 27889 27890 27884 27891 27873
14411 27891 27883 27892 27874
14412 27892 27882 27875
14413 27893 27860 27894 27895 13160 20681
14414 14206 13138 27896 27863 27893 20676
14415 27897 27898 13172 13156 27895
14416 13133 13126 13177 27899 27862 27896
14417 27900 13169 27898
14418 27861 27899 13178 27900 27897 27894
14419 27759 20459 27901 27866 27902 27903
14420 27904 20645 20658 27905
14421 27906 27907 27903 27762 27588 14093 20649 27904
14422 13134 14194 20458 27901 27864 27896
14423 27906 27908 20677 20660 27905
14424 27893 27865 27902 27907 27908 20675
14425 27902 27870 27909 27910 27911
14426 27903 27760 27714 27912 27731 27913 27911
14427 27910 27914 27915 27727 27913
14428 27710 27916 27872 27917 27915 27730 27912
14429 27711 27918 27873 27916
14430 27757 27919 27874 27918 27712
14431 27917 27871 27909 27914
14432 20448 27920 27875 27919 27758
14433 20457 27920 27876 27901
14434 13168 27921 27879 27922 27923 27900
14435 27924 27897 27923 27925 27877
14436 27894 27924 27869
14437 27922 27925 27878
14438 13176 27921 27880 27899
14439 20341 27926 27923 27898 13164
14440 27924 27868 27927 25968 13157 27895
14441 27881 27925 27926 20340 13146 25970 27927
14442 27883 27928 20379 27929
14443 27920 27882 27928 20380 12919 14201 20451
14444 27930 20378 27929 27884
14445 13167 20348 20377 27930 27885 27921
14446 26102 26118 27931 27887 27917 27932 26044
14447 20339 26119 27931 27886 27922 27926
14448 25967 27927 27867 27909 27933
14449 25980 26039 27932 27914 27933
14450 26040 27932 27915 27728
14451 27934 26116 27745 27772 27715 27916 27889
14452 27934 26117 27931 27888
14453 27912 27720 27770 27735
14454 26125 20342 20346 20376 27930 27890 27934
14455 27697 27935 20357 26123 27744
14456 27692 27936 20374 20382 27929 27891 27918 27716
14457 27761 20429 12921 20381 27928 27892 27919
14458 27937 27938 27939 27940 27941 27942 27943
14459 27944 27945 27946 27937 27947 27948
14460 27949 27943 27947 27950
14461 27951 27940 27952 27953 27954
14462 27955 27956 27939 27952 27957
14463 27949 27942 27958 27959 27960 27961
14464 27962 27956 27938 27946
14465 27963 27951 27941 27958
14466 27964 27965 27957 27953 27966 27960 27967
14467 27968 27945 27962 27955 27965
14468 27944 27968 27964 27969
14469 27950 27948 27969 27967 27961
14470 27963 27954 27966 27959
14471 27970 27971 27972
14472 27973 27974 27972 27975 27976 27977
14473 27970 27978 27979 27980 27975
14474 27981 27982 27983 27984 27985
14475 27981 27986 27987 27980 27976 27988
14476 27989 27982 27986
14477 27985 27990 27991 27992 27977 27988
14478 27993 27994 27990 27984
14479 27979 27995 27993 27983 27989 27987
14480 27996 27973 27992
14481 27996 27974 27971 27978 27995 27994 27991
14482 27997 27998 27999 28000
14483 27997 28001 28002 28003 28004 28005 28006
14484 28001 28007 28008 28009 27998
14485 28010 28006 28000 28011 28012 28013 28014
14486 28005 28015 28010
14487 27999 28009 28016 28017 28011
14488 28018 28019 28020 28021 28022
14489 28023 28024 28008 28016 28025 28019
14490 28023 28026 28003 28027 28020
14491 28022 28028 28013 28029
14492 28002 28007 28024 28026
14493 28017 28025 28018 28028 28012
14494 27806 27797 28030 28001 28031
14495 28030 27789 27802 28032 28033 28002
14496 27807 28031 27997 28034
14497 28035 28006 28034 27808 28036 25859
14498 25861 27809 28036
14499 28035 25854 27804 28037 28005
14500 28033 28003 28038
14501 28039 25852 20540 28040 20622
14502 25855 28035 28010 28041 20637 28039
14503 28022 28042 28043 20562 26018 28044
14504 28045 20560 28046 28019 28047
14505 28043 28048 28045 20556
14506 28020 28046 20548 28049
14507 28048 28047 28018 28042
14508 28050 20546 28051
14509 28052 28026 28033 28053
14510 28050 28054 28052 28023 28046 20547
14511 26010 28055 28043 20557
14512 28056 28057 26153 20593 26020 20595 20631
14513 28058 28059 28028 28042 28055 26019 26157 28057 28060
14514 28013 28059 28061 28062 20629 28063
14515 28056 28060 28064 28062 20630
14516 28058 28061 28064
14517 28065 28066 28067 28068
14518 25882 28069 28067 28070
14519 28024 28071 28065 28072 28052
14520 28030 27790 25877 28069 28066 28071 28007
14521 28073 20700 28074 28075
14522 28073 20701 28076 28077
14523 28078 28079 28080 28081 28082 28074 20699
14524 28082 28075 28077 28083 28084
14525 28085 20702 28076 28083 28086 28087
14526 28088 28089 28078 20696 28085 28090
14527 28087 28091 28090
14528 28092 28079 28089 28093
14529 28092 28080 28094
14530 28086 28084 28081 28094 28093 28088 28091
14531 28095 17852 9508 10065 20694 28096 28097 28098
14532 17851 28095 28099
14533 28099 17846 28100 28098
14534 28101 9538 10142 20695 28078
14535 9542 28101 28089 28102 28103 17843
14536 28096 20697 28085 28104
14537 28103 28105 28090 28104 28097 28100 17853
14538 28088 28102 28105
14539 18587 18607 25961 28106 28107 28108 28109 28110
14540 20618 28111 28112 28113 28114
14541 28115 28116 28107 28117 20612 20626 28111 28118
14542 28117 20610 25952 28106
14543 28119 28120 28109 28121
14544 28120 28108 28116 28122
14545 28122 28115 28123 28113 28124 28119
14546 28112 28118 28123
14547 28125 28126 28127 28128 28129
14548 17827 28130 28129 28131 17821
14549 17833 28130 28125 28132 28133 28134 17824
14550 28135 28136 28137 28138 17813
14551 28139 28140 28141 28138 17819
14552 28131 28128 28142 28143 28144 28135 17808
14553 28145 28146 28136 28144
14554 28145 28147 28148 28132 28126 28149 28143
14555 28127 28149 28142
14556 28150 28133 28148 28151 28140
14557 17822 28134 28150 28139
14558 28137 28141 28151 28147 28146
14559 28152 11960 28153 28154 28155 28156 19467
14560 28156 28157 28158 28159 28160 19468
14561 28157 28161 28162 28155
14562 28163 28164 28165 28166 28167
14563 28168 28169 28170 28171 28165
14564 28172 28163 28173
14565 28153 28174 28173 28167 28175 11959
14566 28176 28177 28170 28178 28179 28159
14567 28161 28180 28181 28176 28158
14568 19463 28152 11954
14569 28179 28160 19469 28182
14570 28183 28169 28177 28181
14571 28172 28164 28168 28183 28180 28162 28154 28174
14572 28184 28173 28185 28140
14573 9870 17830 17820 28139 28184 28167 28186 9893
14574 11963 28187 28188 28138 17812 11943
14575 28189 28153 11962 28187
14576 28141 28185 28174 28189 28188
14577 28190 28135 17807 25013 28191
14578 28192 28193 28194 28191 25014 24976 25038 28195
14579 19673 11941 11965 28187 28196 28197 28193 28198
14580 28190 28136 28199 28197 28194
14581 25704 28200 28195 25037
14582 25701 28200 28192 28198 19674 25035
14583 28196 28199 28137 28188
14584 28201 28202 28191 25017 24974
14585 28190 28144 28203 28204 28205 28202
14586 24983 25021 28206 28207 28208 28209
14587 28201 28205 28210 28209 24980
14588 28211 28142 28212 28213 28207 28214
14589 28215 28216 28214 28206 25027 9879
14590 28217 28203 28143 28212
14591 9874 28215 28218 28131 17809 9789
14592 28216 28211 28128 28218
14593 28204 28217 28213 28208 28210
14594 28219 28220 28221 28222
14595 28223 28224 28220 28225 28226
14596 28227 28221 28225 28228
14597 28229 28230 28231 28228 28226 28232 28233 9944
14598 28234 28223 28232 28235
14599 28233 28235 28236 24195 9913
14600 28237 28238 28219 28224 28234 28236 24206 9943 28239
14601 28229 28240 28239 9939
14602 28240 28237 28241 28230
14603 28231 28227 28222 28238 28241
14604 25047 28242 28243 28244 28230 28245 9954 28246
14605 28229 28245 9938
14606 9952 28246 25048
14607 28226 28247 28248 28249 25629 28250
14608 28251 28252 28248 28253 28207
14609 28254 28255 25628 28249 28253 28206 25022 9981
14610 28256 28257 28251 28208 28258
14611 28243 28259 28258 28209 24979 28260
14612 9969 28254 28261 28233 9912
14613 28242 28260 24999 25018 25046
14614 28255 25620 28250 28232 28261
14615 28262 28228 28247 28252 28257
14616 28256 28262 28231 28244 28259
14617 28263 28264 28265 28266 28267 28268
14618 28269 28270 28267 28271 28272 28273 28274
14619 28275 28276 28268 28270 28277 28278
14620 28279 28280 28266 28271
14621 28281 28282 28283 28284 28285 28286 28257
14622 28287 28265 28280 28288 28289 28221 28290 28282
14623 28287 28264 28291 28283
14624 28269 28277 28292
14625 28293 28273 28294 28289 28225 28247
14626 28295 28278 28292 28274 28293 28252 28286
14627 28288 28279 28272 28294
14628 28291 28263 28276 28296 28284
14629 28296 28275 28295 28285
14630 28281 28290 28227 28262
14631 28297 28298 28299 28284 28300 28301
14632 28204 28302 28301 28303 28304 28305 28306
14633 28302 28300 28285 28307 28217
14634 28307 28286 28251 28213
14635 28258 28308 28306 28210
14636 28309 28310 28282 28311
14637 28309 28312 28298 28313 28304 28314
14638 28299 28283 28310 28312
14639 28297 28313 28303
14640 28305 28314 28311 28281 28256 28308
14641 28315 28316 28317 28318 28319 28320 28321 28322
14642 28323 28324 28321 28325
14643 28326 28325 28322 28327 28328 28329 28330
14644 28331 28320 28324 28332
14645 28323 28332 28333 28334 28335 28326
14646 28336 28337 28338 28339 28340 28319 28331 28333
14647 28341 28342 28343 28344 28335 28330
14648 28315 28345 28346 28347 28327
14649 28334 28336 28348 28344
14650 28347 28349 28350 28351 28328
14651 28352 28353 28354 28316 28345
14652 28341 28355 28356 28351 28329
14653 28357 28358 28342 28355
14654 28357 28359 28338 28360 28353 28361 28350 28356
14655 28358 28359 28337 28348 28343
14656 28318 28362 28340
14657 28349 28361 28352 28346
14658 28363 28364 28365 28366 28367 28368
14659 28316 28369 28367 28370 28371 28372
14660 28373 28374 28375 28370 28368 28376
14661 28376 28363 28377 28321 28378
14662 28364 28379 28380 28320 28377
14663 28318 28381 28365 28379 28382
14664 28373 28378 28322 28383
14665 28380 28382 28319
14666 28375 28371 28384
14667 28374 28384 28372 28315 28383
14668 28385 28386 28377 28324 28387
14669 28388 28389 28390 28391 28385
14670 28364 28392 28388 28386
14671 28393 28391 28387 28332
14672 28390 28394 28380 28331 28393
14673 28394 28389 28392 28379
14674 28390 28395 28396 28397
14675 28398 28399 28340 28382 28394 28395
14676 28396 28398 28400 28401 28336 28402
14677 28403 28404 28401 28337
14678 28402 28397 28393 28333
14679 28403 28338 28405
14680 28343 28406 28407 6591 7285 28408
14681 7284 28408 28342 28409 7292
14682 13353 6577 28407 28410 28411 28412 28413 28414
14683 28414 13356 28415
14684 28344 28416 28410 28406
14685 28417 28418 28419 28420
14686 28421 28335 28416 28411 28422 28423 28419
14687 28424 28418 28421 28330 28425 13640
14688 28409 28341 28425 13628 7291
14689 28417 28424 13637 28426
14690 28426 28420 28423 28427 28413 28415 13360 13642
14691 28412 28422 28427
14692 13869 28428 23665 16435
14693 28428 13871 28429 28430 28431 23664
14694 28432 28433 21854 23666 28434 28435
14695 28436 28431 23667 28434
14696 12859 28437 28328 28438 28439 28440
14697 28432 28441 28442 16566 12860 28440 28443
14698 21861 28444 28349 28445 12858 16569 28442 28446 21871
14699 28429 13875 28447 28351 28438 28448
14700 28443 28439 28448 28430 28436 28435
14701 28347 28445 12854 28437
14702 21850 21862 21872 28446 28441 28433
14703 13863 21860 28444 28350 28447
14704 28367 28449 28450
14705 28451 28452 28453
14706 28450 28454 28451 28455 28370
14707 28371 28455 28453 28456 20710 28457
14708 28458 12901 20712 28457 28372 28345
14709 28459 28353 28460
14710 28352 28459 28461 12891 28458
14711 16484 13624 28462 28463
14712 28464 28465 28448 28466 16485 28463
14713 13883 28429 28466 16486 28467
14714 28409 28355 28468 13862 7326 7294
14715 28356 28468 13866 28447
14716 16483 28467 13867 16432 16462
14717 28465 28438 28329 28425 13629 28469
14718 28462 28464 28469 13630
14719 6899 6905 28470 28357 28468 13861
14720 28358 28470 6904 1601 6594 7286 28408
14721 14345 28471 28459 28361 28444 21864
14722 28359 28403 28472 6903 28470
14723 28473 28407 6576
14724 28473 6587 6730 28474 28401 28348 28406
14725 6593 1513 6402 28475 6732
14726 28476 28477 28478 28479
14727 28392 28480 28477 28481 28365
14728 28482 28483 28476 28480 28389 28395
14729 28484 28485 28486
14730 28479 28487 28484 28488 28483
14731 28486 28488 28482 28398 28489
14732 12853 16570 12892 28458 28346 28445
14733 12880 16571 28490 28491
14734 28492 28491 12877 21873 28446
14735 28490 16567 28442 28492
14736 28493 28494 28495 28496 28497 28498
14737 28499 28500 28501 28502 28503 28496 28504
14738 28505 28495 28503 28506 28507 28508
14739 28509 28510 28502 28506 28511 28512
14740 28513 28514 28515 28516 28517 28518 28498
14741 28519 28508 28520 28518 28493
14742 28497 28504 28521 28513
14743 28519 28505 28494
14744 28520 28507 28511 28522 28517
14745 28523 28524 28525 28499 28521 28514
14746 28522 28512 28526 28527 28528 28516
14747 28528 28529 28523 28515
14748 28525 28500 28530 28509 28526 28531
14749 28510 28530 28501
14750 28527 28531 28524 28529
14751 28532 28533 28534 28535 28536 28503
14752 28537 13662 6726 28538 28539 28540 28535
14753 28536 28540 28541 28484 28542 28506
14754 13660 28537 28534 28543
14755 28538 28544 6738 6714
14756 28545 6740 28546 28508
14757 28505 28547 28533 28543 13656 6741 28546
14758 6734 28548 28486 28542 28507 28545
14759 28532 28547 28495
14760 28549 28550 28479 28551 28509
14761 28542 28488 28552 28511
14762 28551 28483 28552 28512
14763 28536 28553 28554 28502
14764 28553 28540 28555 28556
14765 28556 28557 28549 28510 28554
14766 28473 6575 6736 28545 28520 28558 28410
14767 28559 28519 28546 6743 6435 6573 6690 28560
14768 6579 28561 13349
14769 6571 6671 28560 28562 28563 28414 13354 28561
14770 28564 28413 28563
14771 28559 28493 28565 28412 28564 28562
14772 28518 28558 28411 28565
14773 28533 28566 28567
14774 28566 28543 13657 28568
14775 28569 13655 6672 28560
14776 13658 28568 28567 28547 28494 28559 28569
14777 28334 28402 28570 28517 28558 28416
14778 28396 28482 28552 28522 28570
14779 28397 28570 28516 28571 28391
14780 28528 28572 28385 28571
14781 28388 28480 28573 28527 28572
14782 28476 28551 28526 28573
14783 28323 28387 28571 28515 28574 28575 28576
14784 28577 28578 28378 28325 28576
14785 28575 28579 28580 28577
14786 28580 28578 28376 28581 28582
14787 28581 28363 28386 28572 28529 28583
14788 28523 28583 28582 28579 28574
14789 28584 28585 28586 28549 28530 28587
14790 28588 28584 28589 28590 28525
14791 28589 28585 28591 28592
14792 28590 28592 28593 28477 28573 28531
14793 28588 28587 28500
14794 28594 28595 28596 28450 28368 28581 28597
14795 28598 28595 28599
14796 28590 28600 28597 28583 28524
14797 28600 28592 28601 28598 28594
14798 28602 20782 21014 20733 20804 28603 28604 28605
14799 28606 20806 20830 13210 20784 28607 28608
14800 28609 28602 20770 28610
14801 20794 28603 28611 28612 28613
14802 28606 20805 28613 28614
14803 28607 20776 28615 28616
14804 28604 28611 28617
14805 28610 20785 28615 28618
14806 28614 28612 28617 28605 28609 28618 28616 28608
14807 28619 28620 20814 20790 28621
14808 20820 20791 28622 20765 20719 28623 28620
14809 28624 20718 28623 28619 28625 28626
14810 28627 28624 20722 20793 28603
14811 28626 28627 28611 28628 28629
14812 20792 28622 20762
14813 28630 28613 20795 28621 28625 28629
14814 28630 28612 28628
14815 28631 28632 28633 28634 20996 21010 20771 28602
14816 28635 28636 28627 28604 28637 28638
14817 28639 20729 28624 28636
14818 28640 20994 28634
14819 28639 20730 20995 28640 28633 28641 28635
14820 28642 28638 28641 28632
14821 28631 28605 28637 28642
14822 28643 28644 13205 13239 28645
14823 28646 28643 28647 28648 28649 28650
14824 18523 13201 13235 28645 28646 28651
14825 28652 28653 20775 28615 28654 28655
14826 28656 28652 28657 20768 18532 28658
14827 28650 28659 28660 28655 28656 28661 18516 28651
14828 18531 28658 28661
14829 28657 20774 28653
14830 28662 28607 20777 13206 28644 28647
14831 28663 28649 28659
14832 28654 28616 28662 28648 28663 28660
14833 20831 13228 13207 28644 28664 28665
14834 28666 28667 28664 28647 28668 28669
14835 28670 28671 20835 20810 28606 28672 28673 28666 28674
14836 28671 20834 28675
14837 20833 28675 28670 28676
14838 28673 28677 28669
14839 28668 28662 28608 28672 28677
14840 28678 28679 10824 18544
14841 13234 28645 28680 28679 10813
14842 28664 28643 28680 28678 18547 28681 28682
14843 28681 18546 28683
14844 28684 28685 28686 28687
14845 13258 28688 28685 28689 28690 13272
14846 28691 28690 13271 28692
14847 28684 28689 28691 28693
14848 28694 28695 28696
14849 28697 28698 28699 28700
14850 28701 28697 28702
14851 28698 28701 28703 28694 28704 28705 28706
14852 28707 28708 28705 28709 20823 28710
14853 28709 20826 28711 28699 28706
14854 28704 28695 28712 28713 28708
14855 28713 28707 28714
14856 28715 28716 28717 28718
14857 28715 28719 28720 28721
14858 28722 28723 28724 28717 28725 20859
14859 28726 20868 28727 28720 28728 28729
14860 28716 28721 28728 28730 28724
14861 28726 20870 28722 28731
14862 28731 28729 28730 28723
14863 28732 28733 28734 28735 28736 28737
14864 28717 28738 28736 28739
14865 20855 28740 28732 28741
14866 28724 28738 28735 28742
14867 20860 28722 28743 28733 28740
14868 28743 28723 28742 28734
14869 28744 20849 18561 28745
14870 28746 28747 28745 18555 28748 28749
14871 28747 28744 20852 28750
14872 28751 28752 28753
14873 28754 28753 28755 28756 28757
14874 28732 28758 28751 28755 28759
14875 28754 28752 28758 28740 20854 28750 28746 28760
14876 28749 28760 28757 28761
14877 28762 28763 28764 20903 20888 28765
14878 28766 20875 28767 28768 28769 28770
14879 28769 28771 28772
14880 28773 28770 28772 28774 28775 28764 20918
14881 20878 28766 28773 20900 20925
14882 28776 28775 28763
14883 28776 28774 28771 28768 28777 28762
14884 28778 28779 28780 28781 28782 28783
14885 28784 28778 28785 28786
14886 28787 28788 28783 28785 28789
14887 28790 28788 28782 28791 20873
14888 28792 28780 28793
14889 28794 28786 28789 28795 28796 28769
14890 28797 28796 28770
14891 28797 28795 28787 28790 20872 28766
14892 28794 28784 28779 28792 28798 28768
14893 28799 28800 28760 28801 28802
14894 28803 28799 28804 28805 28806
14895 28807 28804 28800 28757 28808 28780
14896 28809 28802 28803 28810 28783
14897 28809 28801 28749 28811 28782
14898 28812 28806 28810 28778
14899 28812 28805 28807 28779
14900 28813 28814 28815 28816 28817
14901 28818 28819 28813 28820
14902 28821 28822 28823 28814 28819
14903 28824 28825 28826 28827 28821 28818 28828
14904 28829 28830 28817 28820 28828 28831
14905 28832 28833 28834 28835 28836 28824 28831
14906 28834 28837 28838 28839 28840 28841
14907 28842 28830 28816 28843 28837 28833
14908 28823 28844 28826 28845 28846 28838 28843 28815
14909 28845 28847 28840 28848 28836 28825
14910 28848 28841 28835
14911 28827 28844 28822
14912 28832 28842 28829
14913 28839 28846 28847
14914 28849 28850 28851 28852 28853 28844
14915 28854 28849 28826
14916 28855 28856 28857 28858 28815
14917 28857 28859 28860 28852 28861
14918 28858 28861 28853 28823
14919 28862 28863 28864
14920 28865 28866 28862 28867
14921 28868 28863 28866 28869 28870 28838
14922 28854 28850 28871 28845
14923 28868 28864 28867 28872 28855 28843
14924 28859 28873 28869 28865 28872 28856
14925 28870 28873 28860 28851 28871 28846
14926 28874 28875 28876 28877 28878 28879 28880
14927 28881 28882 27961 28883 28877
14928 28878 28881 28884 28885 28886
14929 28883 27949 28887 28888 28889 28876
14930 28890 28891 27942 28887
14931 28892 28890 28888 28893
14932 28894 28875 28889 28893 28895 28896 28859 28897
14933 28894 28874 28898
14934 28899 28856 28897 28898 28880
14935 28872 28900 28886 28879 28899
14936 27960 28901 28884 28882
14937 28902 27958 28891 28892 28895 28903 28869
14938 28902 27959 28901 28885 28900 28865
14939 28896 28903 28873
14940 28904 28905 28906 28907 28908
14941 28909 28910 28908 28911 28912 28913 28914
14942 28915 28910 28904 28916 28917 28918
14943 28919 28920 28917 28921 28922 28923 28924
14944 28925 28921 28916 28905
14945 28909 28915 28926
14946 28923 28927 28907 28911 28928
14947 28929 28912 28928 28924 28930 28931
14948 28922 28925 28906 28927
14949 28929 28913 28932
14950 28930 28919 28933
14951 28932 28914 28926 28918 28920 28933 28931
14952 21095 28934 28935 28936 28937
14953 21062 21023 21098 28934 28938 28939 20992 21003
14954 28939 20982 28940 28941
14955 25935 21106 28937 28942 28943 28944
14956 28945 28946 21013 21000 28940 28947 28948 28949 28950 28943 28951
14957 25930 21029 21063 28952 28953 28951 28944
14958 28954 28949 28955 28956
14959 28955 28957 28948
14960 21060 28958 28952
14961 28958 21064 28959 28945 28953
14962 21065 21012 28946 28959
14963 28942 28936 28960 28954 28950
14964 25905 28961 28962 25938
14965 28961 25906 25918 28963 28964 28965 28966
14966 28962 28966 28967 21097 25936
14967 28965 28968 28937 21096 28967
14968 28934 28969 21094
14969 28964 28968 28936 28970
14970 28939 28971 2944 21001 20981
14971 28972 28973 25898 28974 28975
14972 28961 25916 25917 25900 28974 28976 28977
14973 28966 28978 28979 28980 28977
14974 28965 28981 28978
14975 28976 28975 28982 28980
14976 28981 28964 28983 28972 28982 28979
14977 20985 28984 13246
14978 28940 28985 28986 20983
14979 20976 28986 28987
14980 28988 28989 28990 28944 25929 28991
14981 25934 21105 28967 28978 28992 28993 28994 28991
14982 28990 28943 28995 28996
14983 28996 28997 28993 28998 28989
14984 28988 28994 28998
14985 28981 28968 28942 28995 28997 28992
14986 27848 28999 29000 29001
14987 27849 29001 29002 28975 29003 29004
14988 29005 25897 28974 29003
14989 27846 29006 25894 29005 29004
14990 28972 29007 29000 29002
14991 29008 13342 20961 29009 29010 29011
14992 29012 29011 29013 29014
14993 29015 13341 29008 29012
14994 29014 29015 13330 29016 29017 29018
14995 20960 29009 29019 29017 29020
14996 29019 29010 29013 29018
14997 29021 20495 29022
14998 29023 20505 29021 29024 29025
14999 29025 29026 29027 29028 29029 29030
15000 29031 29032 29033 29027
15001 29026 29031 29034 20487 29023
15002 29035 20506 29034 29032 29036 29037
15003 29038 29039 20507 29022 29024 29030
15004 29040 29035 20479 29039
15005 29033 29036 29041 29028
15006 29041 29037 29040 29038 29029
15007 29042 29043 29044
15008 29045 29046 29047 29044 29048
15009 29047 29042 29049 29050 12883 28491 29051
15010 29052 29053 29054 9050 12882 29050 29055
15011 29054 9034 17226 29056
15012 29057 29045 29058 28433 21851 24130 29059
15013 29053 29056 17225 29060
15014 24126 21899 17228 29060 29052 29061 29059
15015 29046 29051 28492 28441 29058
15016 29061 29055 29049 29043 29048 29057
15017 23650 24127 29059 29062 29063 29064
15018 29065 21896 24125 29066
15019 29067 29068 29065 21900 17240 29060 29069 29070 29071
15020 29072 24124 29066 29068 29073 29074 29075
15021 29074 29076 29071 29077 29078
15022 23658 29079 29075 29078 29080 29081 29064
15023 29063 29082 29081
15024 29076 29067 29073
15025 23641 24123 29072 29079
15026 29069 29052 29083
15027 29077 29070 29083 29061 29062 29082 29080
15028 29084 29085 29086 29045 29087 29063 29088 29089 29090
15029 28435 29091 29085 29092
15030 29084 29092 28434 23670 23584 29093
15031 29094 29090 29093 23585 23688 23653 29095
15032 29091 28432 29058 29086
15033 23648 29096 29097 29095
15034 29098 29088 29064 23649 29096
15035 29089 29094 29097 29098
15036 29057 29062 29087
15037 29099 17239 24254 24236 29100 29101
15038 29102 29100 24250 24305 29103 29104 29105 29067
15039 29099 17238 21894 29065 29106
15040 29053 29107 29108 29069
15041 29109 29110 24301 24258 17237 29056 29107
15042 29111 29110 24302 29103 29112 29113
15043 29112 29104 29114
15044 29115 29113 29114 29105 29071
15045 29106 29101 29102 29068
15046 29108 29109 29111 29115 29070
15047 29116 29117 9155 9173 9033 29054 29107
15048 29118 29117 9157 24300 29110
15049 29118 29116 29109
15050 29119 17349 29120 29121 29122 29123
15051 29124 29125 29120 17343 29126 29127 29128
15052 29121 29125 29129
15053 29130 29131 29132 29133 29126 17346 29119 29134
15054 29135 29123 29134 29136 29137 29138
15055 29139 29128 29140 29141 29142 29143
15056 29139 29127 29133 29144 29145
15057 29146 29147 29148 29143 29145 29149 29150 29151
15058 29151 29152 29153
15059 29154 29155 29146 29153 29156 29157
15060 29136 29130 29158 29159 29160
15061 29161 29162 29138 29163 29157
15062 29150 29164 29160 29137 29163 29156 29152
15063 29147 29165 29141 29166 29167 29155
15064 29142 29148 29165
15065 29131 29158 29168
15066 29149 29144 29132 29168 29159 29164
15067 29167 29169 29161 29154
15068 29166 29140 29124 29129 29122 29135 29162 29169
15069 29170 29121 29171 17340 17352 17334 29172 29173
15070 29174 16542 17338 29171 29125 29175
15071 29176 29173 29177 29178 29179
15072 29180 16544 17351 17316 29181 29179
15073 29178 29180 16543 29182 29183
15074 29172 17321 29181 29176
15075 29184 29174 16546 29182
15076 29183 29184 29175 29129 29170 29177
15077 29185 16526 29186 29187
15078 29182 16555 16559 16572 16528 29186 29188 29189
15079 29187 29190 29191 29192 29188
15080 29193 29194 16518 29185 29190
15081 29195 29196 16510 29194
15082 29197 29174 16538 16565 16514 29196 29198
15083 29198 29195 29193 29191 29199
15084 29197 29184 29189 29192 29199
15085 29200 20139 20162 29201 29202 29203 29204
15086 29205 29172 17320 20136 29200 29206 29207
15087 29119 17344 20158 29201 29208 29209
15088 17341 29171 29120
15089 29204 29206 29210
15090 29210 29203 29211 29209 29123 29212 29213 29207
15091 29202 29208 29211
15092 29205 29173 29214 29213
15093 29214 29170 29122 29212
15094 29215 29216 29217 29218 29219 29220 29221 29222 29223
15095 29222 29224 29225 29226
15096 29226 29223 29227 29228 29229
15097 29230 29231 29215 29227
15098 29232 29233 29216 29231
15099 29234 29235 29236 29232 29230 29228
15100 29237 29138 29238 29239 29240 29217 29233 29236
15101 29241 29161 29242 29221 29224
15102 29225 29241 29157 29243 29234 29229
15103 29243 29163 29237 29235
15104 29240 29244 29218
15105 29244 29239 29245 29219
15106 29162 29238 29245 29220 29242
15107 29246 29247 29248 29211 29249 29136 29250 29251
15108 29252 29253 29250 29137 29237 29254
15109 29134 29249 29209
15110 29255 29251 29253 29256
15111 29255 29246 29257 29258 29259
15112 29252 29256 29259 29260 29261
15113 29254 29261 29262 29236
15114 29263 29264 29217
15115 29264 29265 29266 29258 29260 29262 29233
15116 29267 29210 29268 29247 29257 29266
15117 29248 29268 29203
15118 29265 29267 29207 29269 29240 29263
15119 29269 29213 29270 29239
15120 29270 29212 29135 29238
15121 29271 29272 29273 29274 29275
15122 29276 29277 29275 29278
15123 29279 29271 29278 29280 29281
15124 29282 29283 29284 29274 29277 29285 29281
15125 29285 29276 29280
15126 29282 29286 29287 29272 29279
15127 29288 29284 29273 29287
15128 29283 29288 29286
15129 29289 29290 29291 21184 29292
15130 29293 29294 29295 29290
15131 29293 29296 29277 29297 29289
15132 29296 29294 29298 29299 29300 29301 29275
15133 29295 29298 29302 21174 21187 29291
15134 29303 29304 29301 29278 29305 21197
15135 29276 29297 29292 21192 29305
15136 29306 29303 21196
15137 29302 21179 29307 29299
15138 29304 29300 29307 21178 21195 29306
15139 29308 21199 29309 29310
15140 29311 29312 29303 21198 29308 29313
15141 29314 29315 29279 29316 29317 29318 29313 29310
15142 29319 29317 29320 29304 29312
15143 29271 29316 29320 29301
15144 29318 29319 29311
15145 29314 29321 29280 29305 21193 29309
15146 29281 29315 29321
15147 29322 29323 29324 22096 22112 14436
15148 29325 29326 14433 29322
15149 22078 14432 29327 29328 29329
15150 29330 14435 29327 29331
15151 29332 29329 22093 29324
15152 14434 29330 29333 29326
15153 29325 29333 29331 29328 29332 29323
15154 29334 21212 21612
15155 29335 29336 21617 29334 21230 29337
15156 29338 29339 29335 29340 14441 29326 29341
15157 21613 29336 29340 14444 29342
15158 23268 14437 29322 29343 29344 29345
15159 23271 14422 29342 21608 21239 21127
15160 21235 29346 29345 23266 21122
15161 29339 29337 21225 29347
15162 29348 29338 29347 21231 29346 29344
15163 29348 29341 29325 29343
15164 29349 29350 29351 29352 29353 29354
15165 29355 29354 29356 29357
15166 21222 29358 29359 29349 29356 29360
15167 29361 29362 29363 29364 29365 29353 29355 29366 29367
15168 21232 29360 29357 29366 29368
15169 29369 29370 29352 29365
15170 29371 29370 29351 29372 29373
15171 29374 29375 29367 29368 21237
15172 29376 29377 29378
15173 29379 29380 29381 29382 29383 29384 29377
15174 29385 29386 29378 29379 29387 29388 29361 29375
15175 29389 29390 29372 29350 29359
15176 29358 29389 29391 29392 29383 29393 21228
15177 29394 21242 29393 29384 29376 29386
15178 29390 29373 29395 29396 29391
15179 29387 29380 29397 29398 29363 29399
15180 29385 29394 21241 29374
15181 29399 29388 29362
15182 29397 29400 29401 29381
15183 29401 29402 29396 29392 29382
15184 29364 29369 29371 29395 29402 29400 29398
15185 29403 29404 29405 29406 29407 29408
15186 14438 29409 29403 29410 29330
15187 14442 29411 29404 29409
15188 29412 29413 29405 29411 14429
15189 29327 14431 29412 29414 29415 29416
15190 29417 29408 29410 29331 29416
15191 29415 29418 29407 29417
15192 29413 29406 29418 29414
15193 23412 29419 29420 29421 23401
15194 29422 29423 29424 29421 23392 29425
15195 23418 23405 29425 29426 23442 23415
15196 23430 29427 29428 29422 29426
15197 23420 29427 29429 29430 29419 23414
15198 29424 29431 29430 29420
15199 29431 29429 29428 29423
15200 29432 29433 29434 29435 29436 29406
15201 29437 29434 29438 29439
15202 29440 29441 29438 29433 29442 29404
15203 29432 29442 29405
15204 29443 29444 29408 29445
15205 29446 29447 29448 29440 29403 29445
15206 29436 29449 29444 29407
15207 29450 29451 29447
15208 29450 29452 29439 29441 29448
15209 29446 29451 29452 29437 29435 29449 29443
15210 29339 29453 29447 29454 29455 29456
15211 29335 29457 29458 29448 29453
15212 29458 29440 29409 14439 29459
15213 29457 29459 14440 29340
15214 29456 29338 29460
15215 29455 29461 29445 29410 29333 29341 29460
15216 29446 29454 29461
15217 29462 29463 29464 29465
15218 29466 29467 29468 29469 29463
15219 29470 29471 29472 29469 29464 29473
15220 29462 29466 29474 29475 29476 29477 29478
15221 29479 29480 29472 29468 29481
15222 29481 29467 29474 29482
15223 29476 29483 29480 29471 29484
15224 29470 29484 29477 29485
15225 29483 29479 29482 29475
15226 29478 29465 29473 29485
15227 29486 21346 21353 29487
15228 29488 29489 21481 23421
15229 29490 23424 21345 29486 29491
15230 29488 23425 29490 29492
15231 29493 29494 29495 29496
15232 29497 29493 29498 29499 29500 29501 29502 29503
15233 29504 29505 29506 29499
15234 29504 29498 29494 29507
15235 29496 29497 29508 29509 29510
15236 29511 29512 29503 29508 29513
15237 29513 29514 29515 29509
15238 29500 29506 29516 29517
15239 29517 29501 29518 29511 29514 29519
15240 29502 29518 29512
15241 29520 29517 29521 29522 29480 29523
15242 29522 29471 29524 29525
15243 29501 29520 29526 29527 29528
15244 29529 29518 29528 29530 29531
15245 29476 29532 29527 29530 29533
15246 29529 29511 29534
15247 29526 29523 29483 29532
15248 29524 29484 29533 29531 29534 29514 29535
15249 29536 21257 29537 29538 23447 29539 29540 29541
15250 29542 21255 29536 29543 21442
15251 21412 29544 29545 29541 29543 21437
15252 23445 29538 29546 23337 23363 23384
15253 23446 23382 23365 21415
15254 29542 21259 23368 21417 21443
15255 29547 29539 23441 21413 29544
15256 29537 29546 23338 21247
15257 29547 29540 29545
15258 21438 29548 29549 29550 29551 29552 21366 21374
15259 29552 29553 29554 29555 21355
15260 29543 29556 29557 29558 29559 29548 21436
15261 29560 29559 29549
15262 29561 29562 29541 29556
15263 29563 29561 29557
15264 21368 29564 29565 29544 21432 21294
15265 29566 29553 29551
15266 21367 29564 29567 29555
15267 29554 29567 29565 29545 29562 29563 29558 29560 29550 29566
15268 23440 29568 29569 29539
15269 29570 29568 23435 21349 21369 29564
15270 29570 29569 29547 29565
15271 29571 29572 21440
15272 21441 29548 29573 29572
15273 29574 29575 29549 29573 29571 21439 10272
15274 21356 29552 29576
15275 29574 29577 29551 29576 21364 21372 10277
15276 29575 29577 29550
15277 29578 29579 14266 23402 29580
15278 23410 29581 29582 29580 23399
15279 29581 29583 29584 29585 29419 23411
15280 29586 29587 29584
15281 29588 29420 29585 29586 29589 29590 14280 23388
15282 29588 29421 23393
15283 14261 29590 29591 29579
15284 29582 29583 29587 29589 29591 29578
15285 29592 29593 29594 29584 29595 29596
15286 29585 29594 29597 29598 29430
15287 29599 29581 23413 21503 21476 29600
15288 29592 29601 29602 29496 29603
15289 23422 29604 29509 29605 29488
15290 29606 29607 29602 29497 29608
15291 29607 29601 29593 29597 29609
15292 29427 29610 29608 29508 29604 23423
15293 29610 29606 29609 29598 29429
15294 29595 29583 29599 29611
15295 29612 29613 14267
15296 13461 29614 29612 14268 13615
15297 29615 29616 13471 22134 29617
15298 29613 29614 13479 29616 29618 29579 14264
15299 29617 29619 29580 23400 22132
15300 29578 29619 29615 29618
15301 29620 13476 10226 29621
15302 29622 29617 22131 13474 29620 29623
15303 29619 29622 29624 29599 29582
15304 29625 29626 29627 29628 29629 29630
15305 29631 29632 29633 29634 29635 29636 29627
15306 29637 29636 29628 29638
15307 29637 29635 29639 29640 29641
15308 29634 29639 29642
15309 29626 29631 29643 29644 29645
15310 29629 29638 29641 29646 29647
15311 29632 29643 29648
15312 29647 29630 29649 29650 29651
15313 29649 29625 29645 29652 29653
15314 29653 29650 29654
15315 29641 29655 29656 29657
15316 29658 29659 29656 29660
15317 29639 29661 29662 21530 29663
15318 29664 21538 29662 29665 29666
15319 21535 29664 29667 29658 29668
15320 29637 29669 29666 29667 29659 29655
15321 29669 29665 29661 29635
15322 29661 29670 21532 29671 29634
15323 29662 21531 29670
15324 29643 29672 21542 29673 6680 3437 3474 21571 29674
15325 29675 21550 29673 6676 29676
15326 29677 29675 21559 29672 29631 29678
15327 29679 21574 29680 29678 29626
15328 29677 29676 6692 21573 29680
15329 29679 21569 29681 29645
15330 6678 6774 21544 29682 29683
15331 6675 21543 29673
15332 29672 21545 29682 29684 29632
15333 29685 13470 3554 29686
15334 29687 29688 29649 29689
15335 29690 29691 21568 29679 29625 29688
15336 29687 29690 29692 29693
15337 29653 29689 29693 29694 13469 29685 29695
15338 13464 6602 21565 29691 29692 29694
15339 21546 29682 29696
15340 13472 29697 29693 29698 29616
15341 29697 29694 13463
15342 29685 13473 29620 29699
15343 29650 29689 29698 29615 29622 29700
15344 29701 29702 29703 29704 29705
15345 29706 29704 29707 29708 29709
15346 29705 29707 29710
15347 29711 29712 29713 29714
15348 29715 29714 29716 29717 29718
15349 29719 29720 29152 29721 29711 29716
15350 29720 29153 29722 29723 29724
15351 29725 29726 29718 29727 29701 29710 29708 29728
15352 29727 29715 29713 29729 29702
15353 29719 29717 29726 29730 29731 29724
15354 29730 29725 29732
15355 29706 29703 29729 29712 29721 29151 29722 29733
15356 29732 29731 29723 29733 29709 29728
15357 29734 29735 29736
15358 29737 29736 29738 29739 24106 29740
15359 29741 21209 29742 29743 29744 29734 29737
15360 29745 24104 29746 29747 29748 29744 29735 29738
15361 29749 29750 21610
15362 21211 29751 29752 29753 29754 29750 21611 29334
15363 21109 21208 29741 29740 24107 21603
15364 29742 29755 29756 29751 21210
15365 24105 29745 29739
15366 29757 29758 29748 29743 29755
15367 29757 29759 29752 29756
15368 21609 24103 29746 29760 29754 29749
15369 29758 29747 29760 29753 29759
15370 29761 29762 29155 29763 29764 29765 24120
15371 29722 29146 29762 29766 29767
15372 29768 29766 29761 24115 29769
15373 29770 29771 29772 29773 29774 29735
15374 29775 29770 29738
15375 29776 29777 29778 29779 29774 29744
15376 29772 29780 29781 29229 29782 29778 29783
15377 29779 29783 29773
15378 29156 29243 29784 29785 29720
15379 24122 29765 29786 29780 29771 29775 29745
15380 29777 29782 29234 29784 29787
15381 29241 29154 29763 29788
15382 29781 29225 29788 29764 29786
15383 29787 29785 29724 29789 29748 29776
15384 29769 29790 29746 24114
15385 29789 29723 29767 29768 29790 29747
15386 29791 29792 29793
15387 29794 29791 29795 29796 29701 29797
15388 29798 29718 29799 29795 29792 29800 29801
15389 29797 29710 29802 29803 29804
15390 29798 29726 29805
15391 29799 29727 29796
15392 29806 29807 29803 29808 29809
15393 29800 29793 29794 29804 29808 29810
15394 29811 29708 29802 29807
15395 29725 29812 29809 29810 29801 29805
15396 29728 29811 29806 29812
15397 29813 29814 29815 29816
15398 29817 29818 29814 29819 29820 29439 29821
15399 29815 29819 29822 29803 29823
15400 21224 29337 29453 29450 29824 29825 29359 29826
15401 29389 29827 29828 29751 21229 29826
15402 29452 29821 29829 29824
15403 29441 29820 29822 29807 29830 29831 29458
15404 29390 29832 29816 29823 29808 29833 29827
15405 29829 29817 29834 29350 29825
15406 29457 29831 29835 29836 29750 21614 29336
15407 29832 29813 29818 29834 29372
15408 29752 29837 29809 29833 29828
15409 29754 29838 29836
15410 29835 29830 29806 29837 29753 29838
15411 29839 29840 29149 29841 29712
15412 29841 29150 29721
15413 29840 29145 29842 29843 29844 29845
15414 29846 29847 29845 29839 29729
15415 29143 29842 29848 29849 29850
15416 29851 29852 29843 29848 29853
15417 29854 29850 29148 29855 29766 29856
15418 29857 29846 29703 29858
15419 29859 29851 29860 29858 29706 29861
15420 29860 29852 29844 29847 29857
15421 29147 29855 29762
15422 29854 29849 29853 29859 29862
15423 29861 29862 29856 29767 29733
15424 29836 29863 29864 29865 29866 21615 29749
15425 21619 24102 29867 29868 29866
15426 29760 29790 29869 29870 29871 29863 29838
15427 29872 29871 29864
15428 29867 29873 29869 29769 24113
15429 29868 29873 29870 29872 29865
15430 29837 29812 29732 29874 29759
15431 29789 29731 29874 29758
15432 29768 29856 29875 29876 29877 29869
15433 29878 29830 29811 29709 29861 29879 29876 29880 29871
15434 29875 29862 29879
15435 29863 29878 29835
15436 29880 29877 29870
15437 29881 29882 29883 29884 29885 29886
15438 29883 29887 29888 29889 29890
15439 29891 29884 29890 29892 29893 29894
15440 29895 29896 29897 29889 29892
15441 29898 29881 29899 29900 29901 29902 29903 29904 29905
15442 29899 29906 29887 29882
15443 29907 29893 29895 29908 29902 29909 29910 29911
15444 29912 29886 29898 29913
15445 29914 29913 29905 29915 29916 29917
15446 29912 29885 29891 29918 29914
15447 29901 29919 29896 29908
15448 29919 29900 29906 29888 29897
15449 29920 29921 29904 29915 29922
15450 29923 29907 29894 29918 29917
15451 29922 29924 29911 29923 29916
15452 29925 29909 29903 29921
15453 29925 29910 29924 29920
15454 29926 29883 29927 21789 23249 21766
15455 21767 29926 29884 29928
15456 21752 21785 29929 29886 29930
15457 29929 21788 29931 29881
15458 21753 21768 29928 29885 29930
15459 21783 29927 29882 29931
15460 29932 21772 29933 29934 18987
15461 29932 21771 29928 29891 29935 18990
15462 29926 29890 29936 29933 21775
15463 18988 29934 29936 29892 29937 16847
15464 29893 29937 16844 18985 29938
15465 29938 29894 29935 18989
15466 29939 29940 29897
15467 29941 29942 29943 29939 29896 29944 16855
15468 29889 29940 29943 29945 29946 29936
15469 29947 29948 29941 16862
15470 16861 29947 29949 29946 29934 18996
15471 29945 29942 29948 29949
15472 29895 29944 16843 29937
15473 21658 21713 29950 29913 29951 29952 29953 21686
15474 29954 29951 29912 29930 21758 25803 21692
15475 29955 29953 21691
15476 21705 21786 29929 29898 29950
15477 29952 29954 21689 29955
15478 29956 29914 29951
15479 29952 29956 29917 29957
15480 10646 29958 29916 29957 29953 21687
15481 29950 21706 29959 29905
15482 21656 8027 21714 29959 29915 29958 10650
15483 18998 29935 29918 29956 29954 21690
15484 18975 18997 29932 21770 23243 22584 19048
15485 8901 8030 21707 29960 29921 29961 29962 10652
15486 29962 29963 29922 29958 10647
15487 21700 29959 29904 29960
15488 29961 29920 29963
15489 15414 29964 29965 29923 29957 29955 21688 19006
15490 15417 16812 29966 29964
15491 18986 29938 29907 29965 29966 16813 16846
15492 29962 29967 10612 10648
15493 10604 29967 29963 29924 29968 29964 15415 19005 7955
15494 29911 29968 29965
15495 29967 29961 29925 29969 29970 29971 8903 10603
15496 29972 29973 21701 29960 29903 29974 29970
15497 29975 29973 21708 8894
15498 29972 29975 8899 29971
15499 29974 29909 29969
15500 8937 15421 16840 29976 29977 29971 8898 16920
15501 29977 29978 29970
15502 29968 29910 29969 29978 29976 16832 29966
15503 29979 29980 29981 29982 29983
15504 29984 29980 29985 29986 29987 29988 29989 29990 29991
15505 29992 29993 29994 29995 29985 29981
15506 29986 29995 29996
15507 29987 29996 29994 29997 29998 29999 30000
15508 29982 29992 30001 29998 30002 30003 30004 30005 30006 30007
15509 29988 30000 30008 30009 30010
15510 29997 29993 30001
15511 29989 30010 30011 30004 30012 30013
15512 30008 29999 30002 30014
15513 30015 30016 29983 30007 30017 30018
15514 30003 30014 30009 30011
15515 30019 29990 30013 30020 30021 30018
15516 30016 29979 29984 30022
15517 30019 29991 30022 30015
15518 30023 30005 30012 30020
15519 30006 30023 30021 30017
15520 29939 30024 30025 30026 29979 30027 29919
15521 30028 21801 30029 29900 30027 29983
15522 30030 30025 30031 30032 21812 30033 29981
15523 30024 30031 30034 29888 29940
15524 29906 30034 30032 21803 30029
15525 29980 30030 30026
15526 29982 30033 21806 30028
15527 30035 30036 23751 23738 30037
15528 30038 30036 23752 23763 30039 30040 29996
15529 30035 30038 29987 30041
15530 30037 30041 30000 30042 30043 23766 23739
15531 30044 23771 23736 23750 23762 30039 30045 29997 30046 30047
15532 23770 30044 30048 30043
15533 30040 30045 29994
15534 29999 30049 30047 30048 30042
15535 30049 30046 29998
15536 29992 30050 30051 21807 30033
15537 30007 30028 21802 21696 30052
15538 21808 16500 30053 30051
15539 30046 30001 30050 30053 16499 16478 8965 30054
15540 8949 30055 30056 30057 30005 30058
15541 8956 21805 21697 30052 30006 30058
15542 30059 30003 30060 30056
15543 30004 30059 30057
15544 8966 30054 30049 30002 30060 30055
15545 23765 30043 30061 30009 30062
15546 30042 30008 30061
15547 23767 23741 30037 30063 30064
15548 23768 30064 30065 30066
15549 30065 30063 30041 29988 30067
15550 30067 30010 30062 23769 30066
15551 30068 16889 16479 8969 30054 30047
15552 30069 30070 23761 30039
15553 16503 16476 23760 30070 30071 30053
15554 30050 30071 30069 30045 29993
15555 23772 30044 30068 16892 16948
15556 23777 30062 30011 30059 30072 30073
15557 30072 30057 30012 30074
15558 30075 30066 23775 30076
15559 30077 30013 30074 30073 23778 30076
15560 30075 30067 29989 30077
15561 30060 30014 30061 30048 30068 16888 30078
15562 30055 8950 16890 30078
15563 29902 30079 30015 30080 29978 29974
15564 30081 30018 30080 29977 29972
15565 29901 30027 30016 30079
15566 29973 30081 30017 30052 21702
15567 29931 29899 30029 21800 8066 21746 21784
15568 30072 30056 30078 16903 16911 16915 30082
15569 30082 30073 23776 16919
15570 15424 30083 30076 23774 16917
15571 30084 30020 30074 30082 16916 8891
15572 16831 30085 30019 30080 29976
15573 30084 30021 30081 29975 8893
15574 15425 30083 30077 29990 30085 16825
15575 30085 29991 30086 16841 16826
15576 30086 30022 30079 29908 29944 16842
15577 30084 30023 30058 8952 16912 8890
15578 30087 30088 30089 30090 30091 30092
15579 30093 30091 30094 30095
15580 30096 30097 30092 30094 30098
15581 30095 30099 30100 30101 30102 30103 30104 30098
15582 30103 30105 30087 30097 30106
15583 30107 30108 30090 30093 30099
15584 30106 30096 30104
15585 30109 30088 30105 30102
15586 30109 30089 30108 30110 30101
15587 30110 30107 30100
15588 30111 20497 20467 30112 30113 30114
15589 30115 30114 30116
15590 30117 30118 16714 24092 20500 30111 30115 30119
15591 30120 30113 30116 30119 30121 30122 30092
15592 30123 20416 13085 30124 30089
15593 30125 16700 24091 22020 13092 30124 30090
15594 30121 30117 30126
15595 30125 16715 30118 30126 30122 30091
15596 30127 20418 20469 30112 30120 30087
15597 30123 20417 30127 30088
15598 30128 22024 13084 30124 30108
15599 30107 30128 22023 13942 30129 30130
15600 30131 30132 13943 30129 30133
15601 12939 6194 6159 13944 30132 30134
15602 12943 16701 30125 30093 30135 30131 30134
15603 30135 30099 30130 30133
15604 30136 20640 14126 14182 22026 30128 30110 30137
15605 30109 30123 20420 20639 30138 30139 30140
15606 30136 20641 30141 30139 30142
15607 30138 20642 30141
15608 30142 30140 30101 30137
15609 14181 14131 20654 30136 30143 30144
15610 30145 30146 14180 30144 30147 30148
15611 30149 30150 30129 13948 13933 13986 30151 30152
15612 30153 30154 30155 30148 30156 30152
15613 30153 30157 30158 30149
15614 30145 30159 14184 13995 30151 30156
15615 30160 30154 30157
15616 14185 30159 30146
15617 30147 30143 30137 30100 30130 30150 30158 30160 30155
15618 30161 30162 30163 30164 30165 30166 30167 30168
15619 30161 30169 30170
15620 30171 30172 30162 30169 30173
15621 30174 30168 30170 30173 30175 30176
15622 30177 30178 30163 30172
15623 30177 30179 30180 30181 30175 30171
15624 30179 30182 30164 30178
15625 30183 30165 30182 30180 30184
15626 30181 30184 30185 30186 30176
15627 30185 30183 30166 30187
15628 30186 30187 30167 30174
15629 30188 22188 22160 30189 30161 30190
15630 30191 22172 22165 22157 30192 30193 30194 30166
15631 22187 22169 30191 30167 30195 30188
15632 30196 30192 22152 30197 30163
15633 30168 30190 30195
15634 30164 30196 30193 30198
15635 30198 30194 30165
15636 22158 30197 30162 30189
15637 22178 14290 22159 30189 30169 30199
15638 30200 30188 22186
15639 22184 30199 30170 30190 30200 22189
15640 30172 30197 22148 13434 13572 13588 30201
15641 30201 30171 30202 30203 22181 13583
15642 30199 30173 30202 30204 22179
15643 30203 22180 30204
15644 30205 30174 30195 30200 22185 22176
15645 30205 30176 30206 30204 22183
15646 30175 30206 30202
15647 30207 7085 7133 7149 13579 13568 22167 22150 30208 30196 30178
15648 22151 30208 30192
15649 13571 13584 30201 30177 30207 7093 30209
15650 10590 7073 7095 30210 30181 30206 30203 22182
15651 30211 7090 30210 30180
15652 30179 30207 7084 30211
15653 7087 7131 8086 30212 30198 30182 30211
15654 30193 30208 22156 22164 8088 30212
15655 30213 8055 7104 8087 30212 30194 30183
15656 30213 8054 7107 7130 7088 30210 30184
15657 8053 30213 30185 30214
15658 10626 8043 30214 30186 30205 22177
15659 30187 30191 22168 8042 30214
15660 29612 30215 30216 21579 14369 13617 14271
15661 30216 21595 30217 30218 30219 30220 30221
15662 30222 21585 30217 30223
15663 30224 30221 30215 29613 14263
15664 30218 30223 30225 30226
15665 23389 30227 30228 30220 30224 14270
15666 14372 30229 30230 30227 23394 14273
15667 30231 30225 30222 21596 14371 30229
15668 30228 30219 30226 30231 30230
15669 23390 30227 30232 30233 22077
15670 30234 14388 8070 22102
15671 30233 30235 30236 22080 22074
15672 30236 30237 30238 14417 22082
15673 14389 30229 30239 30238 14416 22109 30234
15674 30230 30232 30235 30237 30239
15675 30236 30240 30241 30242 29412 14430 22079
15676 22073 30233 30243 30241 30244 29424 29588 23387
15677 29328 29416 30245 30246
15678 22081 22061 23391 29425 30247 30246 29329
15679 29422 30248 29415 30245 30247
15680 30244 29423 30248 29414 30242
15681 30240 30243 30235
15682 30249 30250 24041 30251 30252 30253
15683 24042 30254 30255 30256 30251
15684 30257 30256 30252 30258
15685 30254 30259 12747 14244 12993 24088 24089 24037
15686 30257 30255 30259 12723 30260 30261
15687 12744 30260 30262 30263
15688 30264 30265 30266 30249 30267 30268
15689 24043 24090 16711 30269 30265 30270
15690 30250 24044 30270 30266
15691 30271 30263 12735 12994 16703 30272 30268
15692 30269 16713 30272 30264
15693 30271 30262 30261 30258 30253 30267
15694 30273 14623 30274 12730 30275 30276 30277
15695 12731 14624 30274
15696 30278 14625 12955 12736 30263 30279 30280
15697 30273 14627 30281 30282
15698 14626 30281 30283 30278
15699 30284 30277 30282 30283 30280
15700 30275 12728 30260 30285
15701 30279 30262 30285 30276 30284
15702 30255 30286 30287 30288
15703 30289 12724 30259 30286
15704 30290 30291 12725 30289 30287 30292
15705 30293 30292 30288 30257 30294
15706 30293 30290 30295 12727 30275 30296
15707 12726 30291 30295
15708 30296 30294 30261 30285
15709 30297 30298 30299 30300 30301
15710 30302 30301 30303 30304 30305
15711 30306 30307 30308 30297 30303 30309
15712 30308 30310 30311 30312 30313 30314 30298
15713 30315 30299 30314 30316 30317 30318
15714 30304 30309 30319 30320 30321
15715 30322 30318 30323 30324 30321 30305
15716 30302 30300 30315 30322
15717 30317 30325 30326 30327 30328 30323
15718 30329 30313 30316 30325
15719 30306 30330 30331 30319
15720 30320 30331 30332 30333 30334 30328 30324
15721 30335 30333 30336 30337 30312 30329 30326
15722 30330 30307 30310 30338 30336 30332
15723 30327 30335 30334
15724 30338 30337 30311
15725 30339 30340 30341
15726 30342 30341 30343 30301 30344
15727 30343 30340 30345 30346 30297
15728 30347 30348 30345 30339 30342 30349
15729 30346 30348 30350 30298
15730 30347 30350 30299 30351
15731 30300 30351 30349 30344
15732 30352 30309 30353 30354 30355
15733 30356 30357 30355 30358 30340
15734 30359 30360 30361 30362 30363 30354 30357
15735 30364 30365 30359 30356 30345
15736 30366 30361 30367 30364 30346 30308
15737 30367 30360 30365
15738 30363 30368 30306 30353
15739 30307 30366 30362 30368
15740 30303 30352 30358 30343
15741 30369 30282 30370 30367 30371
15742 30372 30369 30283 30373 30314 30350
15743 30374 30375 30284 30376 30377 30311
15744 30378 30376 30277 30370 30361
15745 30377 30378 30366 30310
15746 30379 30375 30280 30373 30313
15747 30374 30379 30312
15748 30364 30371 30372 30348
15749 22211 30380 30381 30351 30315 30382 22238
15750 30383 30384 30385 30372 30347 30381
15751 24846 24834 30386 30387 30383 30380 22200
15752 30384 30388 14640 24868 30389 30387
15753 22243 30390 30318 30382 22239 30391
15754 30391 22244 19411 22233
15755 22241 14648 30278 30373 30316 30392
15756 30317 30392 22242 30390
15757 30385 30369 30281 14647 30388
15758 30386 30389 24869 24836
15759 30381 30349 30393 22218 30394
15760 30395 30396 30302 30344 30393 22220 27359
15761 22231 30397 30395 27358
15762 30396 30322 30382 22240 30397
15763 30394 22201 30380
15764 22253 12952 16702 30398 30399
15765 30400 30401 22256 30402
15766 30403 30398 16704 30272 30404 30405 30400
15767 30403 30399 22255 30402
15768 22254 30392 30325 30406 30405 30401
15769 30404 30268 30407 30379 30329 30406
15770 30271 30279 30375 30407
15771 30408 30409 30410 30411 30412 30413
15772 30414 30411 30415 30416
15773 30417 30415 30412 30418 27337
15774 30419 30420 30421 30413 30418 27329
15775 30363 30422 30410 30414 30423
15776 30330 30424 30409 30422 30368
15777 30425 30331 30424 30408 30421 30426
15778 27387 30427 30425 30319 30353 30423 30416 30417 27347
15779 30420 30426 30427 27386 30428
15780 30428 27383 27326 30419
15781 30374 30407 30267 30429 30430 30337
15782 30430 30431 30258 30294 30432 30377 30338
15783 30432 30296 30276 30376
15784 30431 30253 30429
15785 30370 30273 14630 30433 30434 30435 30436 30360
15786 30437 30433 14646 30438 30439
15787 30388 14639 30438 30440 30441 30442
15788 30443 30439 30440
15789 30385 30371 30365 30436 30444 30445 30442
15790 30444 30435 30446
15791 30443 30437 30434 30446 30445 30441
15792 30447 30448 30449 30383 30394 22202
15793 30450 30442 30384 30449
15794 30451 30452 30342 30393 22219
15795 30453 30454 30444 30455 30356 30339 30452
15796 30436 30359 30455
15797 30451 30453 30456 30447 22196
15798 30450 30445 30454 30456 30448
15799 30457 30458 30416 30459 30355 30460
15800 30461 30462 30463 30464 30435 30455 30357 30459 30414
15801 30464 30446 30454 30465 30466
15802 30358 30460 30467 30468 30452 30341
15803 30469 30462 30470 30415 30458
15804 30471 30465 30453 30468
15805 30461 30470 30411
15806 30471 30466 30463 30469 30457 30467
15807 30472 30473 30305 30396 30474
15808 30395 30474 30475 27360
15809 30451 30468 30476 30477 27365 22197
15810 30477 30478 30479 30480 27350 30481 27366
15811 30482 30472 30475 27364
15812 30480 30483 30484 30485 27339
15813 27363 30482 30473 30304 30352 30460 30486 30485 27351 30481
15814 30487 30483 30479
15815 30484 30486 30467 30476 30478 30487
15816 22194 30488 30489 23081
15817 30488 30490 30491 30447 22195
15818 30492 30493 30494 23075 9229
15819 22199 27371 30477 30495 30492 9219
15820 30456 30465 30496 30497 30491
15821 23080 30498 30499 30497 30490 30489
15822 30498 30500 30494 23079
15823 30500 30499 30496 30471 30476 30495 30493
15824 30485 30501 30458 30417 27338
15825 30481 27372 27385 27349
15826 30502 30503 30320 30425
15827 30427 30502 30504 30505 27388
15828 27367 30482 30506 30505 27380
15829 30423 30354 30459
15830 30473 30321 30503 30504 30506
15831 30486 30457 30501
15832 30507 30508 30492 9218 27345
15833 30507 30509 30479 30510 27342
15834 30510 30480 27340
15835 27309 27369 9211
15836 30478 30495 30508 30509
15837 30448 30511 30512 30513 30491
15838 30514 30441 30450 30511
15839 30515 30516 30517 30513 30497 30518
15840 30512 30514 30443 30519 30520 30517
15841 30516 30521 30522 30520
15842 30434 30523 30521 30515 30524 30464
15843 30522 30523 30437 30519
15844 30466 30524 30518 30496
15845 30525 30526 27334 9230 17490
15846 27343 30507 30527 30528 30529 30530 30526
15847 30531 30532 30530 30525 17492
15848 9232 17493 30531 30533 23137 23072
15849 23074 30494 30534 30528 30535 23141
15850 30532 30529 30535 23140 30533
15851 30534 30527 30508 30493
15852 30536 30537 30538 30539
15853 30540 30541 30542 30543 30544 30545 30546 30537
15854 30547 30546 30538 30548
15855 30549 30550 30551 30552 30553 30554 30555 30548 30539
15856 30555 30556 30557 30545 30547
15857 30558 30540 30536 30549 30559
15858 30560 30553 30561 30562 30544 30557
15859 30563 30564 30565 30559 30550
15860 30560 30556 30554
15861 30566 30543 30562
15862 30558 30541 30567 30565
15863 30564 30567 30542 30566 30561 30552 30568
15864 30551 30568 30563
15865 30569 30570 23918 23993 30571
15866 30572 30573 22378 23921 30570
15867 30574 22376 23893 23871 30575 30566
15868 30561 30574 22377 30573 30576
15869 24019 23994 30577
15870 30578 30568 30579 23991 30571
15871 23996 30580 30564 30579
15872 30581 24017 30577 23995 30580 30567
15873 30575 23868 24006 30581 30542
15874 30578 30552 30576 30572 30569
15875 30582 30583 30584 30585 30586 30587 30588 30589 30590
15876 30591 30592 30586 30593
15877 30593 30594 30587
15878 30595 30596 30597 30598 30599 30600 30591 30594 30588
15879 30592 30600 30601 30602 30585
15880 30599 30601 30603 30604
15881 30605 30603 30602 30584
15882 30606 30607 30598 30604 30605 30583
15883 30597 30607 30608 30609
15884 30610 30608 30606 30582
15885 30610 30609 30596 30611 30590
15886 30595 30611 30589
15887 7405 30612 30587 30613 30614 30615 24396
15888 22461 30616 30582 30617 30618 14810
15889 30613 30588 30619 30620
15890 30621 30614 30620 30622
15891 14813 30618 30623 30589 30619 30622 30624 24397
15892 7407 30625 30626 30584 30627 22441 14811
15893 7406 30612 30586 30628 30625
15894 30616 30583 30627 22445 22454
15895 30628 30585 30626
15896 30617 30590 30623
15897 30615 30621 30624 24392
15898 30629 30630 30539 30631 30620
15899 30631 30548 30632 30594 30613
15900 30553 30576 30633 30634
15901 30599 30635 30633 30572 30636
15902 30551 30578 30637 30597 30638
15903 30637 30569 30636 30598
15904 30639 30640 30550 30638 30596
15905 30595 30639 30641 30629 30619
15906 30642 30554 30634 30635 30600
15907 30642 30555 30632 30591
15908 30640 30549 30630 30641
15909 30642 30556 30643 30644 22368 7411 30645 30628 30592
15910 7416 14768 30646 30602 30626 30645
15911 30647 22392 22348 22336 30648 30643 30560 30634
15912 30646 14766 22350 22393 30647 30635 30601
15913 30648 22335 22366 30644
15914 30647 22394 30573 30633
15915 30649 30604 30636 30570 23917 22453 22440
15916 30649 30603 30646 14767 22469 22438
15917 22442 30649 30605 30627
15918 30645 30625 7410
15919 30606 30650 22457 30616
15920 30607 30637 30571 23990 23916 22456 30650
15921 22486 22460 30650 30608 30651
15922 30609 30638 30563 30579 23992 23977 23968 23942 22485 30651
15923 14823 30618 30652 14851
15924 14862 22487 30651 30610 30617 30652 14838
15925 30653 30654 30655 30656 30657 30658 30659 30660 30661
15926 30662 30663 30664 30660 30665
15927 30666 30667 30668 30669 30661 30665 30670
15928 30671 30672 30662 30670
15929 30673 30674 30663 30672
15930 30675 30676 30677 30678 30659 30664 30674
15931 30673 30675 30679 30680 30681 30666 30671
15932 30682 30683 30667 30681
15933 30684 30677 30685 30686 30687 30688 30689 30690 30682 30680
15934 30691 30692 30693 30694 30690 30683 30668
15935 30684 30676 30679
15936 30658 30695 30685 30678
15937 30696 30697 30689 30694
15938 30686 30698 30657 30695
15939 30653 30699 30691 30669
15940 30654 30700 30692 30699
15941 30693 30696 30701 30702 30655 30700
15942 30702 30703 30687 30698 30656
15943 30697 30701 30703 30688
15944 30704 30660 30705 22534 22510
15945 30706 30661 30704 22517
15946 30707 30658 30708
15947 30659 30708 30709 22550 22525 30705
15948 30657 30710 23207 22552 30709 30707
15949 30710 23208 30711 30656
15950 30653 30712 22575 22600 22610 22521 30706
15951 30711 23209 30713 30655
15952 30654 30713 23210 23253 22577 30712
15953 26431 22511 30704 30665 30714 22673
15954 18457 18514 30715 30664 30705 22526
15955 30716 30663 30715 18511 22646 22656 22627
15956 22628 30716 30662 30714 22675
15957 18268 14935 30717 30718 30670 30714 22674 26338
15958 26432 22516 30706 30669 30719 6782 11779 5695
15959 30720 30667 30721 14948 30717
15960 30666 30720 30718
15961 30721 30668 30719 6781 14951
15962 22640 30716 30672 30722 18416 22658
15963 30717 30723 14936
15964 30723 30718 30671 30722 18418 14907 14937
15965 18510 30724 30725 30674 30715
15966 30726 18414 18509 30724
15967 30673 30725 30726 18415 30722
15968 25801 30727 30709 22551
15969 30728 30678 30708 30727 25800 25809 30729
15970 30677 30728 30730
15971 30731 30676 30730 30729 25806 18497 18513 30724
15972 30675 30731 30725
15973 14912 18422 21519 30732 30733 30681 30720 30723 14945
15974 21510 30732 30734 30679 30731 30726 18420
15975 30734 30733 30680
15976 21408 30735 30736
15977 30683 30737 30736 21409 14947 30721
15978 21511 25821 30738 30732
15979 30682 30737 30735 21404 25820 30738 30733
15980 25826 25833 30739 30685 30728 30740
15981 30739 25832 30741 30742 30686
15982 30684 30730 30740 25822 30738 30734
15983 30688 30743 30741 25830 25819 21402 30744
15984 21403 30744 30689 30745 30735
15985 30690 30745 30737
15986 30742 30743 30687
15987 6866 13783 23333 30746 30692 30747
15988 21445 29542 21256 13777 30748
15989 30749 23369 23335 30746 30693
15990 13776 30748 21444 6797
15991 30691 30747 6867 6788 30719
15992 30736 21419 23367 30749 30694 30745
15993 25823 30740 30729 25805
15994 25802 25812 25816 25831 30739 30695 30707 30727
15995 23383 23364 23343
15996 21422 23434 23376 23328 23302 30750 30697 30744
15997 30750 23297 23366 30749 30696
15998 30710 23214 23356 23312 25827 30751 30742 30698
15999 25829 30751 30741
16000 6858 6790 11768
16001 6869 30747 30699 30712 22576 23230 13829
16002 30746 23329 23294 23359 23220 30713 30700
16003 23355 23331 30752 13827 13824 23233
16004 23332 30752 13826 13792
16005 30753 23295 23358 23215 30711 30702
16006 23296 30753 30701 30750
16007 30743 30751 25828 23300 30753 30703
16008 30754 30755 30756 23157
16009 30757 30758 23019 23154 30756
16010 23017 23001 22989 22995 30759 30760 30761
16011 30762 30763 30759 22994 30764
16012 30765 30766 24381 23156 30754
16013 24384 15396 30767 30762 30768 30766
16014 22996 30764 30767 15395
16015 30769 30761 23018 30758
16016 30755 30765 30768 30763 30760 30769 30757
16017 30770 30771 17289 22985 30772
16018 22992 22986 30772 30773 30774 30764
16019 30775 30776 30777 17297 22987 22993 30759
16020 17296 30771 30778 30779 30777
16021 30780 30774 30762
16022 30781 30779 30776
16023 30780 30773 30770 30778 30781 30775 30763
16024 17305 23032 30782 30783 30777
16025 23029 30782 30784 30785
16026 30786 30776 30783 30784 30787
16027 30761 30788 30787 30785 23033 23026
16028 30760 30775 30786 30788
16029 17294 30789 30790 30771
16030 30791 30792 30789 17303 30793 30794
16031 30794 30795 30796 30797
16032 30796 30798 17277 23028 30782 30799
16033 30799 30797 30791 30800 30779 30783
16034 17302 30793 30795 30798 17284
16035 30792 30790 30778 30800
16036 22988 22950 22958 24388 30801 30802 30772
16037 30803 17122 17292
16038 30789 17293 30803 17115 30804 30805 30806
16039 30807 30805 30808 30809 24394 30801
16040 30809 30810 17118 17313 22956 24398
16041 30810 17111 30804 30808
16042 30790 30806 30807 30802 30770
16043 30767 30774 30811 30801 24389 24369 15394
16044 30811 30802 30773
16045 30812 30813 29608 29503 30814
16046 30815 30816 30814 29512 29529 30817
16047 30818 30819 29444 29417 30245 30820
16048 30821 30822 30820 30247 29426 23432
16049 30819 29449 30823 30812 30816 30824 30825
16050 29418 29436 30823 30813 29610 29428 30248
16051 30826 23428 29604 29513 29534 30817 30827 30828
16052 30824 30815 30827 30829
16053 30826 30830 30821 23431
16054 30830 30828 30829 30825 30818 30822
16055 30831 30832 30833
16056 30834 30835 30836 30832 30837 30838 30839
16057 30840 30841 30833 30837 30842 30843 30844 30845
16058 30846 30836 30831 30841 30847 30848
16059 30849 30850 30838 30842
16060 30851 30852 30853 30834 30854 30848 30855 30845
16061 30840 30847 30855
16062 30835 30846 30854
16063 30852 30856 30849 30843 30857
16064 30853 30839 30850 30856
16065 30851 30857 30844
16066 23454 8425 7788 30858 30859
16067 30860 30858 7790 24883 23174 23087 30861 30862 30832
16068 30831 30860 30859 23459 30863
16069 24863 30864 24882 23094 24857
16070 30863 23456 30865 24860 23096 9248 30866 30862 30833
16071 30861 23076 9259 30866
16072 24862 30867 24875 24881 30864
16073 30868 30861 23078 23130 30869 30838
16074 16242 16275 24884 23175 23129 30869 30839 30870
16075 30871 16247 16273 7789 30858 30872 30835
16076 30862 30868 30837
16077 30870 16248 30871 30834
16078 30860 30872 30836
16079 30843 30873 17556 30874
16080 30875 30844 30874 17553 16016 16021 30876
16081 17555 30873 30842 30868 30866 9247 17562
16082 16015 16025 30876 30877 30840 30878 23451 30879 8433
16083 30841 30863 23457 30878
16084 30875 30845 30877
16085 23450 30878 30847 30880
16086 23455 30859 30872 30846 30881
16087 23461 30881 30848 30880
16088 23138 30533 30882 30883
16089 30884 30883 23139 23049 15816 17477 17497
16090 30531 30882 30884 17496
16091 30850 30869 23131 23051 17469 30885
16092 17476 30885 30849 30873 17559 17502
16093 16231 16239 30886 30877 30855 30880 23449 16195 16211
16094 23453 16266 16274 16252 30871 30854 30881
16095 16243 30870 30853 30887
16096 30875 30851 30888 16234 30886
16097 30888 30852 30887 16245 16238
16098 30876 30886 16235 16232 16209 16022
16099 15993 16039 16233 30888 30857 30874 17552 15957
16100 30856 30885 17471 23048 15871 15892 16244 30887
16101 29095 23656 23689 30889 30890
16102 23701 23690 30889 30891
16103 30892 29094 30890 30891 23705 30893 30894
16104 30895 30896 30897
16105 30892 29090 30898 30896 30899 30900
16106 30901 30902 30897 30899 30903
16107 30902 30895 30898 29093 23589 23685 30904 30905 30906
16108 30894 30900 30903 30907 30908
16109 23687 30904 30909
16110 30893 23704 23692 30909 30905 30910 30908
16111 30901 30906 30910 30907
16112 30911 30912 23668 16437 23587 30913
16113 30914 30915 30916 28431 23669 30912
16114 30917 30918 30919 29092 28436 30916
16115 30920 30913 23586 23686 30904 30921
16116 30921 30905 30922
16117 30918 30923 30895 30924
16118 29084 30919 30923 30898
16119 30915 30917 30924 30902 30925
16120 30922 30920 30911 30914 30925 30906
16121 30926 16494 28467 13868 28428 23671 30912 30927
16122 16490 30926 30928 30929
16123 30913 23592 16439 16463 16493 30929 30930
16124 30928 30927 30911 30930
16125 30931 30932 30933 30934 16489 30926
16126 30935 30934 16495 28466 28430 30916 30936
16127 30915 30936 30937 30932 30938
16128 30935 30933 30937
16129 30927 30931 30938 30914
16130 30939 30940 30941 30942
16131 30939 30943 30944 30945 30946
16132 30947 30948 30943 30940 30949 30950
16133 30951 30952 30953 30946 30942 30954 30955
16134 30945 30956 30953
16135 30957 30949 30941 30954
16136 30948 30944 30956 30952 30958
16137 30959 30950 30957 30955
16138 30951 30958 30947 30959
16139 30960 30961 30962 30963 30939
16140 30964 30965 30962 30966
16141 30967 30968 30965 30963 30940
16142 30896 30923 30969 30966 30961 30970 30971
16143 30969 30964 30968 30972 30918
16144 30897 30924 30972 30967 30941 30973 30971
16145 30942 30960 30970 30973
16146 30974 29044 30975 30976 30961 30977
16147 30962 30976 30978 29187 30979 30980 30981
16148 29042 30975 30978 29188 30982 30983
16149 30984 30985 29192 30982 30986 30987
16150 30988 30974 29043 30983 30986 30989 30990
16151 30989 30987 30991 30992
16152 30993 30994 30995 30980 30996 30944
16153 30996 30981 30963 30943
16154 30997 29190 30979 30995
16155 30998 30946 30960 30977 30988 30999
16156 30945 30993 31000 30984 30991 31001 30998
16157 31001 30992 30990 30999
16158 30997 29191 30985 31000 30994
16159 24116 31002 31003 30956 30993 31004 29165 29855 29761
16160 31005 31006 30998 30953 31003 31007 24118
16161 31007 31002 24100
16162 29763 29167 31008 30991 31009
16163 31006 31001 31009 29764 31010
16164 30984 31011 29166 31008
16165 29765 31010 31005 24121
16166 31000 31004 29141 31011
16167 31012 29866 21616 31013 31014
16168 31013 31015 21606
16169 24099 31007 31016 30951 31017
16170 31016 31002 24101 29867 31018 31019 30958
16171 31012 29868 31018 31020 31021
16172 31014 31021 31022 30959 31017 24097 21618 31015
16173 31020 31019 30947 31022
16174 31023 31024 31025 31026 31027 31028 31029 31030
16175 31026 31031 31032
16176 31027 31031 31033 31034 31035
16177 31036 31025 31032 31033 31037 31038 31039 31040 31041
16178 31042 31028 31035 31043 31044 31045 31046
16179 31043 31034 31037 31047
16180 31044 31047 31038 31048 31049
16181 31040 31050 31051 31046 31052 31030 31053
16182 31029 31042 31052
16183 31054 31049 31045 31051
16184 31041 31055 31023 31053
16185 31048 31054 31050 31039
16186 31036 31024 31055
16187 23788 31056 31026 31057 31058 16592 16578
16188 31028 31059 23922 14781 31060
16189 31061 31030 31062 5963 31063
16190 31024 31064 23823 23830 5960 31063 31065
16191 31023 31061 31065
16192 31059 23929 31066 31057 31027
16193 5961 14780 31060 31029 31062
16194 23829 23793 31056 31025 31064 23828
16195 31067 23816 31068 31057 31031
16196 31056 31032 31067 23818 23787
16197 31069 23926 31070 24272 23813 31071 31034 31072
16198 23928 31069 31073
16199 31073 31072 31035 31059 23923
16200 31071 23817 31067 31033
16201 23799 24279 31074 31075 31076 31077
16202 24273 23814 31071 31037 31078 31074
16203 31079 23825 23820 31080 31081 31082 31041
16204 31083 31076 31084 31039 31085 31081
16205 31038 31078 31075 31084
16206 31083 31077 23805 31080
16207 31040 31085 31082
16208 31036 31064 23822 31079
16209 22369 23887 31086 31045 31087 31088
16210 23884 23924 31073 31089 31044 31086
16211 31060 31042 31090 31088 22364 14784
16212 31046 31087 31090
16213 31043 31072 31089
16214 31089 31047 31078 31091 23838 23878 23925 31069
16215 31074 24274 24266 24280 23856 23832 31091
16216 30574 22384 23894 23886 31086 31049 31092 30562
16217 31092 31048 31084 31093 23841 23874 30575 30543
16218 31075 31091 23831 31093
16219 31063 5959 3350 31094
16220 7413 3351 31094 31061 31053 31082 31095 30547 30632 30593 30612
16221 3348 5962 31062 31052 31090 31096 30644 22367
16222 30545 31097 31050 31085 31095
16223 30643 31096 31087 31051 31097 30557
16224 31088 22365 22343 30648 31096
16225 31054 31092 30544 31097
16226 17116 17086 17209 23821 31079 31055 31065 31094 3356 22960
16227 17206 23806 31080 31098 31099
16228 31098 31081 31095 30546 31100
16229 31101 30614 30631 30538 31100 31099 17205 31102 17094 17112 30810
16230 30615 31101 30809 24393
16231 17201 31102 17089
16232 31103 31104 30639 30611 30623 30652 14837 31105
16233 31106 23998 23984 23969 23945
16234 31107 30565 30580 23997 31106 23944 31108 31109
16235 14874 23943 31108 31110 31111 14833
16236 31111 31112 31105 14836
16237 31104 30640 30559 31107 31113
16238 31110 31109 31113 31103 31112
16239 14850 31105 31114 31115 31116 31117 31118 24897
16240 31119 31120 31115
16241 31121 30641 31104 31122 31120 31116
16242 24893 24391 30624 31123 31118
16243 31123 30622 30629 31121 31117
16244 31103 31122 31119 31114
16245 31124 31111 14835 14872 14628 31125
16246 31126 31127 31128 23949
16247 31129 23950 31128 31130 31131
16248 30291 31132 31133 31130 31127 31134 23966 12703 12733
16249 23948 31126 31134 23965
16250 31125 31135 31132 30295 12729 30274 14629
16251 31108 23951 31129 31136
16252 31133 31131 31136 31110 31124 31135
16253 31137 31138 31139 31140 31141
16254 31137 31142 31143 31144 31145 31146
16255 31147 31138 31142 31148 31149 31150 31151 31152
16256 31153 31154 31141 31146
16257 31140 31155 31152 31156 31157 31158 31154
16258 31159 31148 31143
16259 31144 31159 31149 31160 31161
16260 31145 31161 31162 31158 31153
16261 31139 31147 31155
16262 31163 31150 31160 31162 31157
16263 31163 31151 31156
16264 31164 31165 24007 30581 30541 31166 31137
16265 23956 31106 24000 30577 24016 31167 24294 31168 31169 31129
16266 24002 31167 24295 31170 31165
16267 31171 31172 31173 31174
16268 31107 30558 31166 31141 31175 31173 31176
16269 31140 31177 31172 31175
16270 31176 31174 31178 31169 31136 31109
16271 31139 31179 24289 31168 31178 31171 31177
16272 31164 31170 24296 31179 31138
16273 31076 31093 23834 23876 24005 31165 31180 31143 31181
16274 31164 31180 31142
16275 31182 31145 31183 31100 30537
16276 31098 31083 31181 31144 31183
16277 31166 31146 31182 30540
16278 31148 31180 31170 24298 24241 31184
16279 31185 24251 31184 31149
16280 31147 31179 24290 31186 31187 31188
16281 31186 24292 24303 31189 29112 31190
16282 29104 31189 24306 24252 31185 31150 31191
16283 31191 29114 31190 31187 31192 31151
16284 31192 31188 31152
16285 31193 31194 31195 31196 31197
16286 31198 31199 31153 31182 30536 30630 31121 31200 31194
16287 31193 31200 31116 31201
16288 31201 31120 31202 31173 31203 31197
16289 31176 31113 31122 31202
16290 31198 31204 31195
16291 31203 31175 31154 31199 31204 31196
16292 23795 24307 24238 31205
16293 31077 23800 31205 24244 31184 31159 31181
16294 24297 24003 31167
16295 31206 24239 31205 23796 17221 31207
16296 31206 24253 31185 31160 31208
16297 17204 31207 31208 31161 31183 31099
16298 31209 31210 31211 31212
16299 31213 31214 31215 31216 31217 31211 31218 31219 31220
16300 31221 31212 31218 31222 31223 31224
16301 14242 31225 31226 24084
16302 14243 12714 23958 31227 31228 31229 31225
16303 12743 12716 23960 31230 31231 31232 31209 31221 31233 30289
16304 31234 31220 31235 31223 31236 24035
16305 30254 24036 31236 31224 31233 30286
16306 31237 31216 31238 31231
16307 23959 31227 31239 31215 31237 31230
16308 31214 31240 31228 31239
16309 31234 31213 31240 31229 31226 24087 24034
16310 31235 31219 31222
16311 31217 31238 31232 31210
16312 20271 12540 12511 24025 31241 31242
16313 31243 31230 23964 31134
16314 31244 12488 20272 31242 31245 31246 31247 31239
16315 12487 31244 31227 23961
16316 31247 31248 31249 31215
16317 23955 23962 23983 23999 24012 24026 31241 31245 31250 31249 31237 31243 31126
16318 31246 31250 31248
16319 31251 31252 31253 31254 31255 31256 31257
16320 31256 31258 31259 31260 31261
16321 31262 31261 31257 31263 31264 31265
16322 31266 31267 31268 31269 31270 31271 31265
16323 31260 31272 31266 31262
16324 31251 31273 31274 31263
16325 31259 31275 31267 31272
16326 31274 31276 31277 31271 31264
16327 31276 31278 31279 31252 31273
16328 31268 31280 31281 31255 31258 31275
16329 31281 31282 31254
16330 31278 31283 31270 31277
16331 31283 31279 31253 31282 31280 31269
16332 31284 31285 22778 31286
16333 31287 31288 31289 31290 31291 22779 31285
16334 31292 31270 31293 31294 31291 22780
16335 31295 31296 31294 31290
16336 31271 31292 22781 31297
16337 31298 31296 31293 31269
16338 22782 31297 31265 31299 31286
16339 31299 31266 31300 31287 31284
16340 31268 31298 31295 31289 31301
16341 31267 31301 31288 31300
16342 22784 23780 31302 31277 31292
16343 22741 31303 31274 31304 30065 30075 30083 15423 16824
16344 22785 31297 31264 31303 22740
16345 31302 31276 31304 30064 23773 23757 23724 23781
16346 31273 31305 31306 30035 30063 31304
16347 30036 23753 23764 23712 31307 31308 31309 31306
16348 23779 23703 31310 31278 31302
16349 31311 31307 23707 31310 31279 31312
16350 31252 31312 31313 31309 31305
16351 31308 31311 31313
16352 31314 30889 23699 23674 17272
16353 31310 23700 30891 31314 17273 31315 31293 31283
16354 31316 23027 17255 17274 31315 31294
16355 31291 31316 23034 17257 23013 22787
16356 16853 31317 31318 31319 30026 29984 30086
16357 30038 29986 31320 31321 31322 31306
16358 31319 31323 31320 29985 30030
16359 31251 31305 31322 31324 31325
16360 16828 22747 31303 31263 31325 31326 31317 16854
16361 31326 31324 31321 31323 31318
16362 31327 31328 31329 31330 30024 29943
16363 31331 31332 31327 29942 31333
16364 31334 31333 29941 16856
16365 31334 31331 31335 31336 31317 16857
16366 31319 31337 31330 30025
16367 31335 31338 31328 31332
16368 31329 31337 31318 31336 31338
16369 31339 31340 31341 31342
16370 31343 31344 31345 31346 31340 31347
16371 31348 31349 31350 31351 31347 31341 31352
16372 31353 31354 31355 31342 31352 31356
16373 31339 31346 31357 31358 31355
16374 31359 31360 31344
16375 31361 31362 31359 31345 31357
16376 31363 31364 31348 31356
16377 31365 31350 31366 31367 31353 31363
16378 31365 31349 31364
16379 31368 31362 31360 31343 31351 31366
16380 31358 31361 31368 31367 31354
16381 31369 31370 29715 29799 31371
16382 29792 31372 31369 31373 31374 31375
16383 31371 31372 29795
16384 31376 31373 31370 29714 31377
16385 31375 31378 31379 29800
16386 31380 31381 31382
16387 31382 31383 31384 29798 29717 31385
16388 29716 31377 31386 31380 31385
16389 29801 31379 31387 31384
16390 31387 31378 31374 31376 31386 31381 31383
16391 31388 31384 29805 29730 29874 29757 31389
16392 31390 31391 29776 29743 31392
16393 31393 31394 29787 31391
16394 31395 31385 29719 29785 31394
16395 31393 31395 31382 31396 31397 31398 31390
16396 31398 31399 31400 31389 29755 31392
16397 31397 31401 31399
16398 31401 31396 31383 31388 31400
16399 31402 31403 31404 29395
16400 31403 31405 31406 31375 29793 31407 31408 29816 31409
16401 31410 31411 31405 31404 29396
16402 29804 31412 31408 29823
16403 31410 31413 31414 29827 29391
16404 31402 31409 29832 29373
16405 29833 29810 31379 31415 31414
16406 29794 31407 31412
16407 31415 31378 31406 31411 31413
16408 29756 29828 31414 31416 31389
16409 31415 31387 31388 31416
16410 31417 29392 31410 31418 31399 31419 31420
16411 29383 31417 31421
16412 31421 31420 31422 31423 31424 21227 29393
16413 29742 31392 31425 31426 31424 21217
16414 29358 29826 21223
16415 31419 31398 31425 31427 31422
16416 31427 31426 31423
16417 31413 31416 31400 31418
16418 31428 31429 31430 31431
16419 31428 31432 31433 31434
16420 31430 31435 31436 31437
16421 31431 31432 31438 31439 31440 31437
16422 31433 31441 31442 31438
16423 31443 31444 31445 31439 31442 31446
16424 31436 31447 31448 31449 31445 31440
16425 31450 31444 31449
16426 31450 31448 31451 31443
16427 6713 28538 31452 31453 6765
16428 31454 31455 31456 31457 31458
16429 31459 31460 31461 31457 31462 31463
16430 31461 31456 31464
16431 31465 24412 31466 31467 31468
16432 31469 31454 31470 31466 24414
16433 31465 24417 31469 31458 31462 31471
16434 31472 31459 31473
16435 31468 31474 31473 31463 31471
16436 31460 31464 31455 31470 31467 31474 31472
16437 26523 24632 24548 24408 31475 31476 24646
16438 21171 31477 31478 31466 24413
16439 31476 31479 31468 31480 31481 16864 24650
16440 31482 31483 31484 21168 24552 18982
16441 31465 24411 31475 31479
16442 31484 21167 31477 31485
16443 18977 31482 31486 31487 16876 26522
16444 31488 31489 31487 16879
16445 31481 31490 31488 16880
16446 31489 31486 31483 31485 31478 31467 31480 31490
16447 31491 31459 31492 31493 31494 31495 16886
16448 22706 22754 31496 31495 16883 22755
16449 31462 31497 30884 17495 18799 31498
16450 31494 31499 22744 31496
16451 31500 31501 23057 23136
16452 31497 31457 31502 31503 31504 31500 23142 30883
16453 31501 31504 31505 22760 23056
16454 31498 31463 31491 16866 18798
16455 22757 31505 31503 31506 31507 31493 31499 22750 22707
16456 31502 31461 31508 31506
16457 31460 31508 31507 31492
16458 31509 31510 31493
16459 31494 31510 31511 31512
16460 31495 31512 31513 31488 16882
16461 31491 31473 31514 31481 16865
16462 31514 31472 31492 31509 31511 31513 31490
16463 31487 31515 31516 22751 22756 16811 16875
16464 22743 31496 31512 31517 31516
16465 31489 31515 31517 31513
16466 31518 31479 31471 31498 18810 24653
16467 31518 31476 24647
16468 31480 31474 31514
16469 31499 31510 31519 31520 31286 22786 22745
16470 31521 31522 31326 31336
16471 31325 31522 31523 31257
16472 31524 31335 31521 31523 31261 31525 31526
16473 31334 31527 31528 31516 22748 16859
16474 31529 31524 31331 31527
16475 31520 31299 31262 31525 31530
16476 31528 31529 31526 31530 31519 31511 31517
16477 18976 31482 31531 31532 29947 16860 18994
16478 29948 31333 31527 31533 31532
16479 31528 31533 31531 31486 31515
16480 31534 31535 23262 31536
16481 23263 23194 31537 31535
16482 29933 29946 31538 31534 31537 23197 23245 21773
16483 31532 29949 31538 31536 23261 21166 31484 31539
16484 31483 31539 31531
16485 31540 31541 31542 21142
16486 31543 29736 29770 31544 31545 31546 31540 21135 23258
16487 31541 31546 31547 31548 31549 31550
16488 31551 31552 31553 24112 29739 29775 31544 31554
16489 31542 31550 31555 21141
16490 23260 31543 29737 31556 21134
16491 21110 31556 29740 24108 31553 31557 31558 31549 31555 21140 23259
16492 31548 31559 31551 31560 31558
16493 31560 31552 31557
16494 31559 31554 31545 31547
16495 31561 31562 31563 31564 31565 31566
16496 31562 31567 31568 31569 31570
16497 31567 31571 31572 31563
16498 31568 31571 31573 31574 31575 31576
16499 31564 31572 31573 31577 31578
16500 31579 31576 31569 31580
16501 31581 31578 31565 31582
16502 31580 31570 31561 31583
16503 31582 31584 31575 31579 31583 31566
16504 31574 31577 31581 31584
16505 31585 31561 31586 17064 17091
16506 31585 31566 31587 17092
16507 17056 31588 31562 31586
16508 17063 31588 31563 31589 31590 17199
16509 31565 31591 31590 17200 31102 17088 31587
16510 31589 31564 31591
16511 23642 29079 31592 31569 31593
16512 31570 31593 23643 17059 31586
16513 17057 17184 24128 31594 31567 31588
16514 29072 24129 31594 31568 31592
16515 31589 31595 17210 17183 17187 24256 17241 29099 31596 31572
16516 17202 31595 31590
16517 31594 24131 29066 29106 31596 31571
16518 31592 29075 31597 31598 31576
16519 31599 31600 29074 31597
16520 31599 31601 31575 31598
16521 31574 31602 29102 29073 31600 31601
16522 29101 31596 31573 31602
16523 31602 29100 24240 31206 31603 31577
16524 31591 31595 17203 31207 31603 31578
16525 31604 29080 31605 31606
16526 31607 29088 29081 31605 31608
16527 31609 31597 29078 31604 31610
16528 31611 31610 31606 31608 31612 31613
16529 31609 31598 31579 31614 31611
16530 31615 29096 23655 31593 31580 31614 31613
16531 31607 29098 31615 31612
16532 30808 31101 30621 31123 31616 31617 31618 31619
16533 31581 31603 31208 31162 31620 31621
16534 31199 31158 31620 31622
16535 30804 17113 17093 31587 31582 31621 31622 31198 31623 31624 31619
16536 31624 31625 31618
16537 31117 31200 31626 31616
16538 31625 31617 31626 31194 31623
16539 31627 31628 31615 29097 30890 31314 17282
16540 17301 30803 17114 17097 31585 31583 31614 31629 30793
16541 30795 31629 31613 31628 31630
16542 30798 31630 31627 17276
16543 31631 31632 31633 31634 30792 30806
16544 31623 31195 31635 31636 31637 31638
16545 31639 31638 31624 31640 31632
16546 31634 31641 30791
16547 31631 31640 31619 30805
16548 31633 31639 31637 31642 31611 31629 30794 31641
16549 31643 31644 31599 31609 31642 31636
16550 31584 31601 31644 31645 31621
16551 31204 31622 31645 31643 31635
16552 31646 31163 31191 29105 29076 31600 31644
16553 24304 29103 31189
16554 31620 31157 31646 31645
16555 31647 31648 31649 31650 31651
16556 31652 31653 31648 31654
16557 31655 31653 31649 31656 31657
16558 31652 31655 31658 31659
16559 31660 31658 31657 31661 31662
16560 31661 31656 31650 31663
16561 31660 31659 31654 31647 31664
16562 31664 31651 31663 31662
16563 26949 31665 31660 31666 31667
16564 31668 31669 31658 31665 26944
16565 31667 26951 26963 31670 31671 31672
16566 31673 31674 31675 31676 26962 31670 31677
16567 31678 31679 31680 31668 26948 26960 31676
16568 31681 31682 31679
16569 31678 31681 31683 31684 31675
16570 31685 31661 31686 31684 31674
16571 31686 31683 31682 31680 31669 31657
16572 31687 31671 31677
16573 31672 31666 31662 31685 31673 31687
16574 31688 31689 31690 31691 5877 18932
16575 26707 31692 31677 31693 31694 31695 25258 5630
16576 5873 31696 31697 31691
16577 31698 31699 31671 31692 26706 18927 18931 31688
16578 5875 12152 25262 31695 31700 31701 31696
16579 31702 31698 31689
16580 31703 31694 31700
16581 31702 31699 31687 31693 31703 31701 31697 31690
16582 31704 31705 31676 26961 26708
16583 18923 26697 31704 31706 25255 5680 5636
16584 31707 31675 31705 31706 25254
16585 31708 31674 31707 25249 31709 31694
16586 25257 31709 31695
16587 31670 26964 26705 31692
16588 31708 31673 31693
16589 31710 31688 18940 26794 26761
16590 26974 31711 31712 31698 31710 26760
16591 31713 31667 26954 26965 26975 31711
16592 31713 31672 31699 31712
16593 27275 31714 31715 31716
16594 31709 31700 31717 31714 27278 19290 25250
16595 27247 27279 31716 31718 31719
16596 5874 31696 31720 31719 27253 27280 12154
16597 31715 31717 31701 31720 31718
16598 31721 31722 31723 26912 26955 31724
16599 31725 31654 31726 31721 31727
16600 31728 31729 31722 31727 31730 31731
16601 31729 31723 26911 26857 31732 31733
16602 31665 31659 31726 31724 26943
16603 31647 31725 31730 31734 31735
16604 26976 26859 31736 31737
16605 31711 31738 31734 31731 31739 31737 26977
16606 31739 31728 31733 31740 26861 31736
16607 31740 31732 26853
16608 31713 31666 31664 31735 31738
16609 19395 27248 31719 31741 31742 19406
16610 31742 31743 31691 5872 12129 19403
16611 31743 31697 31720 31741
16612 31744 31745 27183 31746
16613 27245 27274 31716 31747 31748 31745 27182
16614 31749 31750 31748 31744 31751
16615 31749 31752 31742 19404 31753
16616 31741 31718 31747 31750 31752
16617 31749 31754 31689 31710 26763 31755
16618 31754 31752 31743 31690
16619 31668 31756 31757 31758 31759 26685 26940
16620 26693 31759 31760 31761 26746 26732
16621 31762 31763 31760 31758 31764 31765 31679 31766
16622 26745 31767 31762 31768 31704 26696
16623 31765 31769 31756 31680
16624 31678 31766 31768 31705
16625 31763 31761 26743 31767
16626 31764 31769 31757
16627 31770 31771 31772 31773 31774 31775
16628 31776 31777 31772
16629 31778 31779 31780 31777 31773
16630 31781 31782 31783 31784 31778 31774 31785
16631 31771 31776 31780 31786 31787 31788 31789 31790 31791
16632 31786 31792 31793 31794 31784 31779
16633 31775 31785 31795 31796 31797
16634 31783 31794 31798 31799 31800 31801
16635 31802 31797 31770 31791
16636 31803 31798 31793 31804 31788 31805
16637 31790 31806 31807 31808 31809 31796 31802
16638 31810 31811 31781 31795 31809
16639 31804 31792 31787
16640 31812 31803 31799 31813 31807
16641 31782 31801 31814 31811
16642 31812 31805 31789 31806
16643 31810 31814 31800 31813 31808
16644 31815 31771 31816 24148 24140
16645 31776 31817 31818 14574 24149 31816
16646 31789 31819 11878 11836 3030 31820
16647 19134 31821 31791 31815 24139
16648 11834 3037 31820 31790 31821 19137 24138
16649 31822 14512 11877 31819 31788
16650 14575 31823 31787 31822 14511 14465
16651 31823 14566 31818 31824 31786
16652 31817 31824 31780
16653 31825 31826 31827 31783
16654 31825 31828 31829 31794
16655 31826 31828 31830 31831 31832
16656 31833 27379 30505 31834 31835
16657 31833 27381 31836 31800 31837
16658 27376 27361 30475 31838 31830 31829 31798 31839
16659 31831 31838 30472 30506 31834 31840
16660 31827 31832 31840 31835 31837 31801
16661 31839 27377 31836 31799
16662 17169 31841 31842 31843 17140
16663 19133 31821 31802 31844 31845 31841 17170 3246
16664 31845 31846 31842
16665 24155 31847 31797 31844 31846 31843 17141
16666 24143 31815 31770 31847 24156
16667 30474 30397 22232 30391 22247 31848 31838
16668 31848 22248 31849 31830
16669 31793 31850 22249 31849 31829
16670 31822 31804 31850 22246 14501 14514
16671 22234 19413 11879 31819 31805 31851
16672 31839 27375 27306 22223 31851 31803
16673 26728 19426 31852 31809 31853 31845 31854
16674 31852 31808 31855 19427
16675 31820 31806 31856 19429 3031
16676 31796 31853 31844
16677 31856 31807 31855 19428
16678 31841 31854 26727 17172
16679 31823 31792 31850 22245 14529 14567
16680 9358 24849 27370 22224 31851 31812 31856 19431
16681 31855 31813 31836 27378 27356 19435
16682 26740 31857 31858 31859 27317 27384 27354 24456
16683 31860 31858 31861 30428 27382 31833 31862 31863
16684 31864 31862 31837 31814 31865
16685 26713 31866 31860 31857
16686 31867 31864 31863 31866 26738
16687 31852 31810 31865 31867 26729 19430
16688 27325 30419 31861 31859
16689 31868 31869 31870 25501 31871
16690 31872 31873 31874 25504 31870 31875
16691 31875 31869 31876
16692 25503 31874 31877 31878 31879
16693 31880 31878 31881 31882
16694 25502 31879 31881 31883 31871
16695 31880 31877 31873 31884
16696 31883 31882 31884 31872 31876 31868
16697 31885 31886 31887 31888 31889
16698 31890 25497 31891 31886 31892 31893
16699 31894 31895 31896 31892 31885 31897
16700 31898 31899 31900 31889 31897
16701 31901 31887 31891 25496 31870 31902
16702 31893 31903 25499 31904 31896
16703 31888 31901 31905 31900
16704 31906 31907 31871 25500 31904 31895 31908
16705 31890 31903 25498
16706 31909 31906 31910 31869 31902 31905 31899
16707 31894 31898 31909 31908
16708 31868 31907 31910
16709 31785 31911 31912 31913
16710 31846 31853 31795 31911 31914 31915
16711 24193 31916 31917 31918 31913 31775 31847 24158
16712 31919 31916 24190 9340
16713 9339 31919 31917 31920 31921 17143 9266
16714 31921 31922 31915 31843 17144
16715 31920 31922 31914 31912 31918
16716 31781 31923 31924 31925 31911
16717 31782 31827 31926 31927 31928 31923
16718 31825 31929 31930 31784
16719 31931 31932 31926 31826 31929
16720 31933 31934 31774 31913
16721 31930 31931 31935 31934 31778
16722 31936 31928 31924
16723 31933 31935 31932 31927 31936 31925 31912
16724 31937 31938 26720 31939
16725 31940 31938 26726 31854 31842 31915
16726 26725 31939 31941 31921 17146 26741
16727 31940 31937 31941 31922
16728 31942 31943 31923 31811 31865
16729 26721 31944 31945 31946 31938
16730 31947 31948 31949 31944 26731
16731 31948 31950 31943 31924 31951 31952
16732 31867 31942 31950 31947 26730
16733 31953 31952 31949 31945
16734 31914 31925 31951 31953 31946 31940
16735 25251 31954 31955 31956 31768 31706
16736 9288 31957 31958 31954 25256 5681
16737 26744 31767 31959 31960 31957 9269
16738 31956 31961 31959 31762
16739 31961 31960 31958 31955
16740 31684 31962 31963 31964 25248 31707
16741 31964 31965 31966 25246
16742 31963 31967 31968 31969 31970 31965
16743 31971 31972 31967 31962 31683
16744 31973 31972 31968 31974
16745 31681 31971 31973 31975 31956 31766
16746 31966 31970 31976 31977 25253
16747 25252 31977 31978 31954
16748 31975 31974 31969 31976 31978 31955
16749 31979 31980 31981 31982 31983
16750 31984 31985 31980 31986
16751 31987 31981 31985 31988 31989 31990
16752 31991 31979 31986 31992 31993 31994
16753 31992 31984 31988 31995 31996
16754 31997 31998 31989 31995 31999 32000 32001 32002
16755 32003 31982 31987 32004 31997 32005
16756 31993 31996 31999 32006 32007
16757 32004 31990 31998
16758 32008 32009 32005 32002
16759 32001 32010 32007 31994 32011 32008
16760 32011 31991 31983 32003 32009
16761 32000 32006 32010
16762 32012 32013 32014 32015 32016
16763 32017 32016 32018 31981
16764 32019 31900 32020 32012 32018 31985
16765 32020 31889 32021 32022 32023 32013
16766 32017 32015 32024 32022 32025 31987
16767 32023 32014 32024
16768 32026 31898 32027 31989
16769 32019 31899 32027 31988
16770 32021 31897 32026 31990 32025
16771 32028 32029 32030 32031 31876 31910 32032 32033
16772 32034 32035 32036 32037 32030
16773 31875 32031 32034 32038 31902
16774 32039 32040 32033 32041 31909 32027 31995
16775 32032 31906 32041
16776 32042 32043 32044 32037 32029 32045 32039 31996
16777 32046 32043 32047 32035 32038 31905 32019 31984
16778 32036 32047 32044
16779 32045 32028 32040
16780 32042 32046 31992
16781 32039 31999 32048
16782 32049 32050 32000 32048 32040 32051 32052 24211 24217 24221 25288
16783 32053 32033 32051
16784 24202 32054 32055 31908 32041 32053 32052
16785 32056 32002 32057 32049 25289
16786 32054 32058 9930 24212
16787 9929 32058 32055 31894 32026 31998 32059 25291 25056
16788 31997 32059 25290 32056
16789 32001 32050 32057
16790 32060 31895 32055
16791 32061 32062 32063 31896 32060 32058 9940 28239
16792 9937 28245 28240 32061 32064 32065 32066
16793 31892 32067 32068 32063
16794 9936 32066 32069 25063
16795 32070 32067 31885 32021 32071
16796 32072 32070 32068 32062 32064
16797 25065 32069 32065 32072 32071 32025 32004 32059 25292
16798 25264 32073 32074 32075 25297
16799 24189 25295 32049 32076 31916
16800 31957 32077 32008 32057 32076 31919 9341 9273
16801 32075 32078 32005 32056 25296
16802 32077 32009 32078 32074 32079 31978 31958
16803 32079 32073 25263 31977
16804 31763 32080 32081 31959
16805 31761 32080 32082 32083 26734 26742
16806 32081 32082 32084 32011 32077 31960
16807 31941 32085 32007 32086 31920
16808 32083 26723 31939 32085 31994 32084
16809 31917 32086 32010 32050 32076
16810 24169 24199 32087 32088 31772 31816 24151 32089
16811 31773 31934 32090 32091 32092 32088
16812 24205 32087 32092 32093 32052
16813 32051 32028 32094 32091 32093
16814 32086 32006 32048 32045 32094 32090 31933 31918
16815 27086 21194 29309 32095 32096 32097 32098
16816 32099 32100 32101 29308 21202 24415
16817 32102 32103 27085 32098 32104 32105 32106
16818 32107 32108 24421 32109 32110 27330 32111 32106
16819 32112 32100 32113 30418 27328 32110
16820 32108 24406 27076 32103 32114
16821 32115 32095 29310 32101 32113 30413
16822 32112 32099 24420 32109
16823 32116 31859 27318 32111 32105
16824 32116 31861 30420 32117 32097 32104
16825 30421 32115 32096 32117
16826 32107 32114 32102
16827 32118 24409 31475 31518 24648 32119 32120
16828 32121 32122 32123 32124 24608
16829 24617 24516 27077 32125 32121
16830 32108 24410 32118 32126
16831 32124 32127 32128 32119 24649 24634 24618
16832 32129 27074 32125 32122
16833 32123 32129 27075 32103 32130 32127
16834 32120 32126 32114 32130 32128
16835 24788 32131 32132 32133 32134 32135
16836 24789 32136 32127 32137 32131
16837 32134 32138 32139 24791 32140
16838 32135 32140 24792
16839 32133 32141 32142 32138
16840 32136 32124 24609 24790
16841 32139 32142 32143 32144 24656 24628 26458 24681 24786
16842 32144 32145 32119 24659
16843 32143 32145 32128 32137 32132 32141
16844 32146 32147 30525 17489 17467 32148
16845 32149 32150 32148 17464 32151
16846 32112 32152 32153 32154 32155
16847 31497 31458 32156 32153 32157 30532 30882
16848 32158 32154 32157 30530 32147
16849 31469 32156 32152 32099 24416
16850 32159 32144 24657 18811 24727 17466 32151
16851 32150 32146 32158 32155 32109 24419 32118 32160
16852 32149 32160 32120 32145 32159
16853 32161 32142 32162 32151 17465 24730 32163
16854 32164 24785 24706 26459 24669 24728 32165
16855 32166 32163 24729 32165
16856 24787 32139 32161 32166 32164
16857 32159 32162 32143
16858 32167 27320 32168 32169
16859 24434 17535 27321 32168 32170 32171
16860 26712 31857 32172 32105 32173 32174
16861 32175 32167 27319 32111 32173 32176
16862 31858 32116 32172
16863 24455 18891 26711 32174 32176 32177 32178
16864 32178 32179 32171 24433 24457
16865 32177 32175 32169 32170 32179
16866 32180 32181 32102 32130 32137
16867 32182 32160 32126 32107 32181 32183 32184
16868 32185 32186 32183 32180 32132
16869 32185 32187 32182 32149 32162 32141
16870 32187 32184 32186
16871 32188 32155 32110 27336 32189
16872 32190 32167 27331 32189 32191 32146 32192
16873 32158 32188 32191
16874 32173 32106 32181 32193
16875 32194 32183 32193 32176
16876 32150 32192 32195 32182
16877 32194 32175 32190 32195 32184
16878 30526 32147 32191 32196 27333
16879 17525 17463 32148 32192 32197 32198
16880 32168 27335 17526 32198 32199
16881 32189 32196 27332
16882 32197 32190 32169 32199
16883 17532 32200 32201 32202 24436
16884 32203 32198 17534 32200
16885 32171 32204 32202 24437
16886 32170 32199 32203 32201 32204
16887 24794 32205 32206 27006
16888 32206 32207 32208 32209 32210 27004
16889 32211 32212 32213 32209
16890 32208 32213 32214 32215 32122 32216
16891 32207 32216 32123 32136 24793 32205
16892 32214 32217 32218 32219 32220 32212
16893 32121 24607 32221 32222 32217 32215
16894 32210 32211 32220 32223 32224 24540 27005
16895 26400 24606 32221 32225 32219 32223 32226 24542
16896 24524 32226 32224
16897 32225 32222 32218
16898 13680 19015 32227 32228 32229 32230 32231 24529
16899 24513 19016 32227 32232 32233
16900 32234 32235 32233 24520 24613 32221 32236
16901 32229 32237 32234 32238
16902 32237 32235 32232 32228
16903 32226 32239 32240 32231 24523
16904 32241 32242 32219
16905 32223 32241 32243 32239
16906 32242 32225 32236 32238 32230 32240 32243
16907 32244 32245 32246 32212
16908 32247 32248 32244 32214
16909 32246 32249 32241 32220
16910 32247 32250 32217
16911 32250 32248 32245 32249 32242 32218
16912 32251 32252 32253 32254 32255 32256
16913 32257 32258 32255 32259
16914 32256 32259 32260 32261
16915 32262 32263 32264 32265 32266 32257 32260 32267
16916 32268 32251 32261 32267 32269 32270
16917 32271 32272 32273 32264 32274 32275 32252 32268
16918 32266 32276 32277 32278 32254 32258
16919 32278 32279 32280 32275 32253
16920 32281 32282 32262 32269 32283
16921 32265 32274 32280 32284 32276
16922 32285 32271 32270 32283
16923 32286 32273 32263 32282
16924 32279 32284 32277
16925 32272 32286 32281 32285
16926 32287 32288 32253 32289 32135 24798 24589 32290
16927 24584 32291 32251 32292 24800
16928 32256 32293 32290 24587 32291
16929 32288 32254 32294
16930 32255 32294 32287 32293
16931 32292 32252 32289 32140 24799
16932 32294 32295 32296 24453 24438 32297 32258
16933 24440 32298 32299 32300 32259 32293 32301 32296 24450
16934 32298 24430 32302 32303
16935 32300 32257 32297 24439 32302 32304
16936 32304 32299 32303
16937 32295 32287 32301
16938 32305 24451 32296
16939 18869 24452 32305 32301 32290 24588
16940 17149 18870 24585 32291 32261 32306 32299 32307 24441 24448
16941 32260 32300 32306
16942 24431 32298 32307
16943 24442 32202 32308 32309 32266 32297
16944 32263 32310 32165 24731 32311
16945 32302 32312 32262 32311 24735 17443 24429
16946 32200 32313 32309 32265 32314 32163 24734 17454 17531
16947 32308 32313 32201
16948 32304 32306 32267 32312
16949 32166 32314 32264 32310
16950 32269 32312 32303 32307 24432 24449 8643 32315
16951 24777 24705 24801 32316 32317 32270 32315 8629 26658 24586
16952 32318 24802 32316
16953 24803 32292 32268 32317 32318
16954 32272 32319 24804 32318 32320
16955 32320 32317 32271
16956 24784 32164 32310 32273 32319
16957 32275 32321 32134 32289
16958 32314 32161 32138 32321 32274
16959 32308 32322 32277 32323 32179 32204
16960 32322 32309 32276
16961 32295 32288 32278 32323 32178 24454 32305
16962 18881 26710 32174 32193 32180 32131 24797 32205 32324 18897
16963 32324 32206 27007 18898
16964 32177 32194 32186 32325 32279 32323
16965 32133 32185 32325 32280 32321
16966 32281 32326 24736 24723 32327
16967 24722 32327 32283 32315 8630 8583
16968 32282 32311 24732 32326
16969 32313 32203 32197 32195 32187 32325 32284 32322
16970 24709 24805 32316 32320 32285 32327 24726 24778
16971 32286 32319 24783 24710 26463 24672 24733 32326
16972 26450 26469 24760 24747
16973 32328 32329 32330 32331 32332
16974 32333 32334 32335 32336 32337 32329
16975 32330 32333 32338 32339 32340
16976 32328 32337 32341 32342 32343
16977 32343 32344 32345 32346 32347 32332
16978 32348 32349 32350 32351 32352 32353 32346
16979 32348 32354 32340 32331 32347
16980 32355 32341 32336 32356 32352 32357
16981 32358 32357 32353 32345
16982 32359 32334 32338 32360 32350
16983 32356 32351 32359 32335
16984 32344 32342 32355 32358
16985 32360 32339 32354 32349
16986 32331 32361 30386 24835 24847 32362
16987 24865 24858 24844 32362 32332 32363 24885 30864
16988 30389 24867 24815 32364 32365 32330 32361
16989 32365 32366 24810 24896 32367 32329
16990 24887 24877 24889 32367 32328 32363
16991 24808 32366 32364
16992 22306 24895 32368 32335 32369
16993 32370 32366 24807 22304 32369 32334
16994 24891 32371 32337 32367
16995 32371 24894 32368 32336
16996 32370 32333 32365
16997 32370 32364 24806 22303 14638 30438 32372 32338
16998 32361 32340 32373 30511 30449 30387
16999 32339 32372 30440 30514 32373
17000 24886 32363 32343 32374 23176
17001 32375 24387 24370 24395 24890 32371 32341
17002 24874 24339 24385 32375 32342 32374 23165 24888
17003 30488 32376 32377 32347 32362 24843 22203
17004 23100 32378 32376 30489
17005 23103 32379 32346 32377 32378
17006 32380 32344 32374 23166
17007 23126 23177 32380 32345 32379 23102
17008 32381 32382 32383 32384
17009 23106 32379 32353 32385 32384 32386
17010 32381 32387 32352 32385
17011 32378 32388 32389 32390 32383 32386 23099
17012 32387 32382 32390 32391 32392 32351
17013 32348 32393 32388 32377
17014 32393 32349 32394 32391 32389
17015 32392 32350 32394
17016 30513 32395 32388 32376 30490
17017 30512 32373 32354 32393 32395
17018 32396 32397 32398 31616 31118 24892 32368 32356 32387
17019 32399 32381 32396 32400 31631 30807 30811 30780 30768
17020 32397 32401 31618 31640 32400
17021 32398 31617 32401
17022 32385 32399 30766 24382 32402 32357
17023 32355 32375 24386 32402
17024 14632 32403 30523 30433
17025 32404 30519 30439 32372 32360 32394
17026 32404 30522 32403 14645 22302 32369 32359 32392
17027 23152 24383 32402 32358 32380 23167 23125
17028 32395 32389 32405 30517
17029 30520 32405 32391 32404
17030 25375 32406 32407 32408 32409 25433
17031 25334 32406 32410 32411 25380 25432
17032 25066 32412 32413 32411 25379
17033 32414 32415 32416 25429
17034 32409 32417 32414 25434
17035 32416 32418 32419 32412 25077 25435
17036 32415 32417 32408 32420 32418
17037 32419 32420 32407 32410 32413
17038 32406 32421 32422 32423 25335
17039 25336 32423 32424 24910 25413 25440
17040 32425 32426 32427 32422 32424 24911
17041 32428 32425 24899
17042 32411 32429 32426 32428 24912 25378
17043 32410 32421 32427 32429
17044 10882 32430 32431 32432 17630 25377 25069
17045 32430 32433 32434 10881
17046 32432 32435 32436 17663 17631
17047 32433 32431 32435 32437
17048 32438 32439 32440 32441 32442 10888 32430
17049 32443 10889 32442
17050 32444 32445 32446 32447 25838
17051 10891 25843 32444 32448 32449 32450 32451
17052 32452 32451 10890 32443 32441
17053 32453 32449 32454 32439
17054 32450 32452 32440 32454
17055 32455 32446 32456
17056 32438 32453 32448 32445 32455 32457 32433
17057 24950 32458 32459 32460 32461
17058 32458 24946 32462
17059 24898 32428 32463 32464 32432 17636
17060 32463 32465 32459 32462 24948 24900 32425
17061 32464 32465 32460 32466 32435
17062 32429 32467 32468 32439 32469 32470 32413
17063 32469 32440 32471 32472 32473
17064 32472 32474 32442 10896 25068 32475
17065 32412 32470 32473 32475 25067
17066 32471 32441 32474
17067 32476 32467 32426 32463
17068 32431 32438 32468 32476 32464
17069 32477 32478 32479 32427 32467
17070 32480 32481 32482 32483 32478
17071 32479 32480 32484 32422
17072 32424 32484 32481 32485 32486 24918
17073 32485 32487 24947 32462 32488 32489 32482
17074 24938 32487 32486 24916
17075 32488 32490 32459
17076 32476 32477 32483 32489 32490 32465
17077 25671 25003 32491 32492 32493 32494 25681 25044
17078 32495 32496 32497
17079 25673 32494 32498 32497 32499 25050
17080 32499 32496 32500 32501 32502 25052
17081 32503 32501 32504 32492 32505 24982 28260
17082 25004 32505 32491
17083 25055 28242 32503 32502
17084 32495 32500 32504 32493 32498
17085 25008 32491 32506 32507 32508 32509 25696 25705
17086 32510 32511 32512 32509 25698 25678
17087 32513 32514 32510 25680
17088 32508 32515 32512
17089 32513 32516 32494 25674
17090 32506 32517 32492
17091 32516 32493 32517 32507 32515 32511 32514
17092 32506 32505 24981 32518 32519 32520
17093 32508 32521 32519 32522 32523 32524 32525
17094 25695 32526 32525 32509
17095 32526 32524 32527 25703 25691
17096 32527 32523 32528 25006 25706
17097 32528 32522 32518 24972
17098 32521 32520 32507
17099 32510 32529 32530 24961 17805 25677
17100 32526 32531 32532 24964 25692
17101 32532 32533 24963
17102 32531 32533 24962 32530 32534 32512 32525
17103 32534 32511 32529
17104 32535 32536 32501
17105 32537 32538 32539 32535 32502 25053 28246 9951 32066
17106 17744 25281 32540 32499 25049
17107 25284 32541 32542 32496 32540
17108 25294 32543 32538 32544 32541 25282
17109 25064 32069 32537 32543 25293
17110 32500 32536 32539 32544 32542
17111 32545 32546 32547 32548 32549 32550
17112 32551 32552 32548 32553
17113 32549 32553 32554 32555
17114 32556 32557 32558 32559 32560 32561 32562 32563 32551 32554 32564
17115 32550 32555 32564 32565 32566
17116 32552 32563 32567 32568 32547
17117 32568 32569 32570 32571 32572 32573 32546
17118 32545 32573 32574 32575 32576 32566
17119 32577 32578 32579 32580 32569 32567 32562
17120 32581 32582 32583 32572 32574 32584
17121 32576 32585 32586 32587 32556 32565
17122 32588 32570 32580 32589 32590 32591 32582
17123 32588 32571 32583
17124 32592 32593 32589 32579
17125 32594 32584 32575 32585
17126 32595 32578 32592 32596 32560
17127 32590 32593 32596 32559 32597 32598
17128 32599 32600 32598 32591 32581 32594 32586
17129 32601 32599 32587 32557
17130 32595 32577 32561
17131 32600 32597 32558 32601
17132 19687 28198 32602 32546 32603
17133 25686 25699 32604 32549 32605 19698 19686
17134 32548 32606 28200 25700 32604
17135 32550 32607 19706 32605
17136 19691 19679 32603 32545 32607
17137 32547 32602 28192 32606
17138 32528 32608 32552 32606 28195 25036 24978
17139 32609 32553 32604 25702 32527
17140 32551 32608 32523 32609
17141 19614 19699 32605 32555 32610 32532 24965 25693
17142 32610 32554 32609 32524 32531
17143 32611 32566 32607 19692 19606
17144 32533 32610 32564 32612 32613 24971
17145 32613 32614 24958
17146 19612 32611 32565 32612 32614 24969
17147 32563 32615 32616 32522 32608
17148 32616 32617 28201 24973 32518
17149 28194 32618 32567 32615 32617 28202
17150 28193 32618 32568 32602
17151 32571 32619 19464 28152 11955 32620 32621
17152 19689 32622 32621 32572 32623
17153 28196 28189 28154 32624
17154 32618 32569 32625 28155 32624 28197
17155 32603 32573 32623 19680
17156 32570 32625 28156 19471 32619
17157 19693 32626 19490 32627 32576 32611 19608
17158 19681 32628 32574 32623
17159 19682 32629 19482 32627 32575 32628
17160 32630 19453 32631 32583 32621 32632
17161 19684 32633 32630 19460 32634 32635 32584 32628
17162 32582 32636 32634 19457 32631
17163 32581 32636 32635
17164 19613 24957 32614 32637 32587 32638 19492 32639 19520 19620
17165 32612 32556 32637
17166 19485 32639 19498 32640
17167 32638 32586 32641 19478
17168 32585 32641 19481 32627
17169 19458 19472 28160 32642 32643
17170 32588 32619 19465 19454 32631
17171 32644 32645 32642 28159
17172 32646 32647 32644 28158 32648 32589
17173 32649 32647 32645 32643 19459 32650
17174 32646 32649 32651 32590
17175 32580 32648 28157 32625
17176 32652 19456 32634
17177 32591 32651 32650 19449 32652 32636
17178 19480 19452 32630 32653
17179 19477 19450 32652 32635 32594 32641
17180 32654 32655 19447
17181 32656 32654 19448 32650 32657 32658 32659 32660
17182 32600 32661 32658 32662 32663
17183 32664 19475 32665 32666 32667 32659 32662 32668
17184 32669 32660 32667
17185 19441 32655 32656 32669 32666 32670
17186 32599 32663 32668 32671 19479 32638
17187 32664 32671 19474
17188 32598 32651 32657 32661
17189 32672 32673 32601 32663 32674
17190 32675 32676 32668 32674 32677 25305 19617
17191 32678 32676 32671 19486 32639 19497 19619
17192 32678 32675 19618
17193 32679 32672 32677 25318
17194 32613 32637 32557 32673 32679 25319 24959
17195 32680 32672 32681 32682 32683 32684
17196 32681 32685 32686 32558 32673
17197 32685 32687 27981 32688 32689 32682
17198 32690 32691 32692 32693 25128 32694
17199 32695 32694 25122 25210 32696
17200 32697 32692 32698 27987
17201 32693 32698 27980 32699 25103
17202 32658 32700 32701 32702
17203 25125 32699 27976 32703 32701 32704 25191
17204 32680 32674 32662 32702 32704 25200 32705
17205 32661 32597 32686 32687 27988 32703 32700
17206 32683 32689 32706 32690 32695 32707
17207 32688 27986 32697 32691 32706
17208 25211 32696 32707 32684 32705
17209 31714 32708 32709 27294 27276
17210 27303 32710 32711 31650 32712 32709
17211 31686 31962 32713 32714 32715 32711 31656
17212 31963 32713 32716 32717
17213 25247 31964 32717 32718 32719 19329 27277 19265
17214 19331 32719 32720 32715 32710 27302 27268
17215 32708 32712 31663 31685 31708 31703 31717
17216 32720 32714 32716 32718
17217 32721 32722 32723 32724 32725 32726 32727
17218 32728 32729 32730 32731 32723
17219 32732 32733 32734 32728 32724
17220 32732 32735 32736 32725
17221 32736 32737 32738 32739 32740 32726
17222 32730 32741 32739 32742 32721 32743
17223 32729 32734 32744 32738 32741
17224 32727 32740 32742
17225 32731 32743 32722
17226 32744 32733 32735 32737
17227 20105 20102 32745 32722 32746 32747 18688 18728
17228 32745 20101 20053 32748 32723
17229 27422 32749 32725 32750 32751 18730
17230 32751 32752 32727 32753 32747 18689 18731
17231 32748 20054 27423 32749 32724
17232 32726 32750 32752
17233 32753 32721 32746
17234 32754 32755 32756
17235 32757 32754 32758 26261 20081
17236 32755 32758 26254 32759 32729 32760 32761
17237 20055 26259 32759 32728 32748
17238 20100 32757 32756 32761 32762 32731 32745
17239 32730 32760 32762
17240 27447 32763 32736 32750 32764
17241 18737 32751 32764 27451 19242
17242 32765 32735 32763 27452 27427
17243 32732 32765 27424 32749
17244 32739 32766 32767 32768 25163 32769 32770
17245 25161 32769 32771
17246 32764 32752 32740 32770 32771 25159 27448
17247 27445 32772 32773 32767 32774
17248 32772 32775 32776 27443
17249 32773 32775 32777 32738 32766
17250 25151 32768 32774 27438
17251 32763 32737 32777 32776 27446
17252 32778 25148 18699
17253 32778 25158 32771 32779 32747 18693
17254 32779 32753 32742 32770
17255 18694 32778 25147 32780 32781 32782 19785
17256 20080 32757 32783 26179
17257 26181 32783 32756 32784 32785 32786 32782 19780 19773
17258 32761 32784 32787
17259 32769 25162 32780 32788 32785 32787 32762 32743 32746 32779
17260 32788 32786 32781
17261 12061 12046 5747 32789 32790 32791 32792 32793 19654 19660 11916 5807
17262 5749 32789 32794 32795 25181 12067 12047
17263 12300 32796 32792 32797 32798 32799 17905 19226
17264 32794 32800 32801 32790
17265 19976 25171 32795 32800 32802 32803 32799 17906 27409
17266 32796 32793 19657 12296
17267 32803 32804 32798
17268 32804 32802 32801 32791 32797
17269 32805 32806 32807 32808 32809 32810
17270 32811 32812 32813 32806 32814 32815
17271 32816 32807 32813 32817 32818 32819
17272 32820 32821 32814 32805 32822
17273 32823 32810 32822 32824 32825 32826
17274 32827 32828 32829 32818 32830 32826
17275 32827 32831 32832 32811 32833 32834 32825
17276 32833 32815 32821 32835
17277 32817 32812 32832 32836 32829
17278 32819 32837 32809 32823 32830
17279 32834 32835 32820 32824
17280 32816 32837 32808
17281 32831 32836 32828
17282 32798 32838 27414 32839 32840 32809 32841
17283 27417 32842 32843 32805 32844 32839
17284 27416 32845 32846 32842
17285 32847 32848 32849 32846 32843 32806
17286 32803 32850 32849 32845 27412 32838
17287 32844 32810 32840
17288 32808 32851 32848 32850 32804 32841
17289 32851 32847 32807
17290 19250 32852 32820 32853 32854 32855 25160 27202
17291 32856 32855 25154
17292 32857 32839 27415 19807 19258
17293 27419 32842 32858 32859 27440 27458
17294 32860 32858 32843 32814
17295 32852 32822 32844 32857 19247
17296 27441 32859 32860 32821 32853 32861
17297 19190 27435 32861 32854 32856 25149
17298 32862 32826 32863 12281
17299 12282 32862 32825 32864
17300 12273 32863 32823 32840 32857 19248
17301 12283 32864 32824 32852 19249
17302 19656 32865 32866 32828 32867 12284 12298
17303 32827 32862 12285 32867
17304 19260 12274 32863 32830 32868 32869 32796 12295
17305 19653 32870 32869 32793
17306 32865 19651 32870 32868 32818 32871
17307 32829 32871 32866
17308 32872 19649 19644 32873 32874 32875 32876 32877 32817 32871
17309 32876 32878 25310 32879 32880
17310 32881 32875 32878 25309
17311 32882 32879 25304 19344 19334 32883
17312 32877 32880 32882 32884 32812
17313 19633 32885 32873
17314 19645 25308 32881 32874 32885
17315 17775 19659 32872 32866 32836 32886 19308 19343
17316 32832 32884 32883 19321 32886
17317 32837 32841 32797 32887 32888
17318 32819 32888 32889 32868
17319 32887 32889 32869 32792
17320 17908 27413 32838 32799
17321 27293 19309 32886 32831 32867 12288 32890 27210
17322 19648 32872 32865
17323 12290 32890 27211
17324 32891 32892 32893 32894 32895
17325 32896 32891 32897 32898 32899
17326 32897 32900 32901 32902 32892
17327 32903 32898 32900 32904 32905 32906
17328 32907 32902 32893 32908
17329 32896 32909 32906 32910 32895
17330 32901 32904 32911 32907
17331 32905 32911 32908 32894 32910
17332 32903 32899 32909
17333 19634 32885 32912 32892 32913 32675 19628
17334 32914 19632 32873 32912 32893 32915
17335 32891 32913 32678 19629 19635 32916
17336 32914 32917 32895 32916 19636
17337 32894 32915 32917
17338 32918 32896 32916 19637 19494 19550 19661 19537
17339 32919 32920 19487 32664 32676 32913 32897
17340 32921 32899 32918 19542 32922
17341 32898 32919 32923 32921
17342 32924 32925 25197 32926 32901
17343 32927 32925 25198 32928 32929 25307 32881
17344 32677 32680 32930 32929 25306
17345 32702 32931 32659
17346 32932 32933 25194 32704 32931 32667
17347 25199 32705 32930 32928
17348 25189 32933 32934
17349 32666 32932 32934 25201 32935 32936
17350 32919 32937 32935 25202 32926 32900
17351 32902 32924 32927 32874 32912
17352 32938 32939 25219 32940 32941 25175
17353 25180 32938 32942 32921 32903 32943 32794 32944
17354 32944 25173 32941 32945 32946 32800
17355 32801 32947 32905 32948 32946
17356 32947 32906 32943 32790
17357 32945 32940 25223 32926 32904 32948
17358 25214 32935 32949
17359 19536 32918 32909 32943 32789 5748
17360 32887 32950 32917 32910 32947 32791
17361 32870 19650 19639 32914 32950 32889
17362 32938 25176 32951
17363 32944 25172 32795
17364 32952 32953 32954
17365 32955 32956 32957 32958 32953 32959 32960 32961
17366 32958 32954 32962 32963
17367 32964 32959 32952 32962 32965 32966
17368 32967 32968 32965 32963 32957 32969 32970
17369 32971 32964 32960 32972 32973
17370 32967 32974 32975 32976
17371 32977 32955 32978 32970 32976 32979
17372 32980 32971 32966 32968 32974
17373 32972 32961 32977 32981
17374 32975 32980 32973 32981 32979
17375 32956 32969 32978
17376 32982 32983 25507
17377 32984 32985 32986 32987 32988 32983 25508 31891
17378 32989 32990 32991 32992 31901 32038
17379 32992 32993 32984 31887
17380 32994 31872 32031
17381 32989 32995 32996 32988 32982 25506 32997 31873 32994 32034
17382 32997 25505 31874
17383 32986 32998 32995 32990 32999
17384 32987 32996 32998
17385 32991 32999 32985 32993
17386 33000 33001 33002 33003
17387 33004 33005 33006 33007 33003 33008 33009 33010
17388 27984 33011 33012 33002 33008 33013 33014
17389 33015 33016 33017 32682 33018
17390 33019 33020 33007 33000 33021 33022 33023 33016 33024
17391 33015 33024 33025 33004 33026 33027 33028 32595 33029
17392 33030 33031 33011 27983
17393 33032 33031 33012 33001 33021
17394 33029 32560 33033 32685 33018
17395 32596 33034 33014 27985 32687 33033
17396 33035 33022 33032 33030 27982 32688
17397 33036 32592 33034 33013 33009 33037 33027
17398 33010 33037 33026
17399 32578 33036 33028
17400 32689 33035 33023 33017
17401 33025 33005 33038 33019
17402 33006 33020 33038
17403 33039 33040 33041 33042 33043
17404 33044 33045 25301 33046 33047 33042 33048 33049
17405 33050 33051 33052 33053 33043 33048
17406 33039 33054 33055 33053
17407 33056 33057 33058 33059 33060 33041 33047
17408 33060 33061 33054 33040
17409 33062 33063 33064 33044 33065
17410 25312 33066 33067 33068 33069 33064 33045
17411 33067 33070 33057 33071
17412 25311 33066 33071 33056 33046
17413 33072 33062 33073 33051
17414 33050 33073 33065 33049
17415 33074 33068 33070 33058
17416 33072 33063 33069 33074 33059 33061 33055 33052
17417 33075 33076 31969
17418 33076 33077 33078 33079 33080 31970
17419 33081 33082 33083 33078
17420 33075 33077 33083 33084 33085 33086 31968
17421 32717 33087 33080 31965
17422 33085 33088 33089 33054 33090 33091
17423 33086 33091 33092 33053 33093 32713 31967
17424 32716 33093 33039 33089 33094 33081 33079 33087
17425 33084 33082 33094 33088
17426 33055 33090 33092
17427 32683 33017 33095 33096 33097 33098 33099 33100 33101 33102
17428 32930 32684 33102 33103 33104 33105
17429 33106 33107 33018 32681 32679 25326
17430 33108 33109 33110 33101 33103 33111
17431 32929 33105 33112 25330
17432 33112 33104 33111 33113 33114 25322
17433 25331 33115 33116 33117 33098 33118 33108 33113 33119
17434 25314 33114 33119
17435 33106 33120 33121 33122 33115 25329
17436 33118 33099 33123 33109
17437 33016 33095 33124 33121 33125
17438 33107 33015 33125 33120
17439 33097 33126 33117
17440 33100 33123 33110
17441 33124 33096 33126 33116 33122
17442 33127 33128 33129 33130 33131
17443 33132 33131 33133 33118 33134
17444 33113 33135 33132 33127 33136 33067 33137
17445 33057 33138 33139
17446 33140 25315 33119 33137 33071 33138 33141
17447 33070 33136 33128 33142 33143 33144 33141 33139
17448 33144 33145 33115 25328 33140
17449 33142 33146 33117 33147 33129
17450 33133 33130 33147 33098
17451 33108 33134 33135
17452 33143 33146 33116 33145
17453 33148 33149 33150 33151 33152 33153 32698 27979
17454 33154 33155 33151
17455 33152 33154 33156 33157 33158 33159
17456 32409 33160 33161 25437
17457 25105 33162 33158 33163 33164 33161 25424
17458 33165 25430 32414 33166 33167 33168 33149 33169 27970 33170
17459 32693 33153 33159 33162 25104
17460 33171 33165 25436
17461 25426 33171 33170 27975 32699 25107
17462 33155 33156 33172 33168 33150
17463 33148 33169 27978
17464 33160 33164 33173 33166 32417
17465 33167 33172 33157 33163 33173
17466 33174 33175 33176 33177
17467 33178 33179 33180 33181 33174 33182 33183 33184
17468 33175 33181 33185 33186 33158 33187
17469 25114 25420 33188 33189 33190 33191
17470 33192 33193 33176 33187 33162 25115 33194
17471 33195 33183 33196 33197 33198 33189
17472 33199 33200 33193 33177 33182 33196
17473 33201 33190 33198 33202 33203
17474 33197 33199 33204 33202
17475 33205 33192 33200 33204 33203
17476 33188 33195 33184 33206 33161 25425
17477 33205 33201 33191 25116 33194
17478 33207 33180 33185
17479 33178 33208 33164 33206
17480 33163 33186 33207 33179 33208
17481 33209 33210 33188 25421 25371
17482 25372 33209 33211 33212 33213
17483 33214 33212 33215 33190 33216 33217
17484 33218 33214 33213 25369 25491 25488 33219
17485 33220 25486 25117 33191 33216 33221
17486 33215 33189 33210 33211
17487 33219 25489 33220 33222
17488 33221 33217 33218 33222
17489 33223 33224 33225 32695 33226
17490 33227 33194 25123 32694 33225
17491 33228 25212 32696 33226 33229 33230 33231
17492 33232 33216 33201 33233 33223 33229
17493 33224 33227 33205 33233
17494 33228 25205 25124 25485 33234
17495 33235 33220 25487 33234 33231
17496 33230 33232 33221 33235
17497 33236 33237 33238 33239 33240
17498 33241 33242 33243 33244 33239 33245
17499 33246 33240 33245 33247 33248 33249 33250
17500 33241 33251 33252 33247
17501 33253 33254 33236 33246 33255 33256 33257
17502 33238 33244 33258 33259 33260 33261 33262 33263 33264
17503 33252 33265 33266 33248
17504 33249 33266 33267 33268 33269 33270 33271
17505 33267 33272 33259 33273 33242 33251 33265
17506 33255 33250 33271 33274
17507 33237 33264 33275 33276 33277 33278 33254
17508 33279 33270 33274 33256 33280
17509 33258 33273 33243
17510 33268 33272 33260 33281 33282
17511 33253 33278 33283
17512 33279 33284 33285 33282 33269
17513 33263 33286 33275
17514 33287 33262 33286 33276 33288
17515 33287 33261 33281 33285 33289
17516 33290 33291 33292 33293 28224
17517 33294 33250 33295 33290 28234 33296
17518 33297 33298 33299 28238 33300
17519 33293 33301 33302 33299 28219
17520 32063 33303 33304 33298 33302 33305 33247 33306 31893
17521 28236 33296 33307 24196
17522 32060 31904 25509 33308 33246 33294 33307 24203 32054
17523 33309 33303 32062 33310
17524 33310 33311 33300 28237 32061
17525 33312 33248 33305 33301 33292
17526 33313 33245 33306 31903 25517
17527 33312 33249 33295 33291
17528 33309 33304 33297 33311
17529 25519 33313 33240 33308
17530 25511 33314 33315 31879
17531 33316 33317 33318 33315 31881 33319 33320
17532 33294 33255 33321
17533 33307 33321 33256 33322 24197
17534 32032 31907 31883 33319 33323 32093 32053
17535 32087 33324 33316 33325 33253 33326 24200
17536 33323 33320 33324 32092
17537 33236 33327 33318 33314 25510 33308
17538 33254 33327 33317 33325
17539 33328 18117 18132 13952 14005 14186 30159 33329 33330 33331 33332
17540 33333 13987 30151 33334 33335 33336
17541 33330 33337 30156 33334 33338 33258 33339
17542 33340 33335 33338 33244 33341
17543 33329 30145 33337
17544 33342 33331 33339 33259
17545 33342 33332 33343 33344 33260
17546 33345 18133 18125 33328 33343 33346
17547 33262 33347 18128 33345 33348
17548 33349 33341 33238
17549 33349 33340 33336 33350 33264
17550 33344 33346 33348 33261
17551 33333 13993 18131 33347 33263 33350
17552 33351 33352 25612 33353
17553 28261 33354 25618 33353 33355 33356 33274 33321 33296 28235
17554 33351 33357 33355
17555 33352 25617 33358 33295 33271 33356 33357
17556 25621 28255 33354
17557 33290 33358 25619 28250 28223
17558 18151 33359 33360 25613 33353 33361 33362 18145
17559 9970 28254 33354 25626 33360 33363
17560 9824 9967 33363 33359 18152
17561 33270 33356 33364
17562 33361 33355 33364 33279 33365
17563 33366 33367 33330 33368
17564 33369 33370 33371 33367 33337 30148 33372 33373
17565 30155 33372 33374 33375
17566 33376 33374 33373 33377
17567 33378 33379 30154 33375 33376 33380
17568 33381 33382 33370 33383
17569 33377 33369 33383 33384 33380
17570 33334 30152 33385
17571 30153 33385 33338 33243 33386 33379
17572 33382 33371 33366 33387
17573 33378 33386 33273 33339 33368 33387 33381 33384
17574 33388 33389 33316
17575 33388 33390 33391 14550 24146 33392 33278 33325
17576 33324 33389 33390 33393 31817 31777 32088
17577 33391 14565 24152 14569 31818 33393
17578 17993 10000 18129 33347 33286 33394
17579 33333 13988 9997 33395
17580 17988 10001 33395 33350 33275 33394
17581 33396 33345 18127 33397
17582 33396 33348 33287 33398
17583 17989 33394 33276 33399
17584 33400 33401 33402 33403 33404
17585 33405 33401 33406 33407 33408
17586 33400 33405 33409 33410
17587 33411 33412 33406 33402 33413 33414 25610
17588 33409 33408 33415 33416 18149 33417
17589 33418 33413 33403 33419 33361 33351
17590 25609 33411 33420 33421 33360
17591 33416 33422 33421 33359 18154
17592 33414 33418 33352 25611
17593 33422 33415 33407 33412 33420
17594 33423 33424 33425 33426 17825 9876
17595 33427 33428 28130 17828
17596 33427 33429 33426 17829
17597 28215 33430 33431 33423 9875
17598 28218 28129 33428 33429 33425 33432 33430
17599 33424 33432 33431
17600 33433 33434 33435 33436
17601 33437 33435 33438 33408 33439
17602 33440 33441 33437 33436 33442 28099 17845 9501 33443 9888 9850 17826 33426
17603 33444 33434 33438 33409 33445
17604 33433 33442 28095 17850 9499 33446 33444
17605 33416 33447 33448 9887 9852 9899 33449 18148
17606 33423 33450 33448 9880
17607 33451 33440 33425
17608 33450 33447 33415 33439 33441 33451 33424
17609 9968 9883 33448 33452 33421 33363
17610 33447 33452 33422
17611 33453 33454 33455 28127 28211
17612 28307 28295 33456 33457 33458 33455 28149 28212
17613 33459 33460 33461 33462 33463 28293 28248
17614 33453 33464 33459 28253 28214
17615 28274 33465 33463
17616 33466 33467 33461
17617 33468 33469 28292 33465 33462 33466 33470
17618 33469 28278 33456 33471
17619 33471 33457 33472 33468
17620 33460 33467 33470 33472 33458 33454 33464
17621 33459 33473 33474 25627 28249
17622 33452 33450 33431 33475 33476 33477 33478 33420
17623 33474 33479 33477 33480 25625
17624 33475 33481 33453 28216 33430
17625 33480 33478 33411 25623
17626 33473 33479 33476 33481 33464
17627 33482 33483 33462
17628 28273 33484 33485 33483 33463
17629 28289 33486 33293 28220
17630 33487 33484 28294 33486 33292 33488
17631 25616 33489 33488 33291 33358
17632 33474 33490 33461 33482 33485 33487 33489 25624
17633 33473 33490 33460
17634 33491 33492 33493 33494 33495
17635 33496 33497 33498 33492 33499
17636 33499 33500 33493
17637 33501 33502 33495 33503 33504
17638 33491 33498 33505 33506 33503
17639 33507 33497 33505 33508
17640 33506 33508 33509 33510 33504
17641 33510 33511 33501
17642 33511 33509 33507 33496 33500 33494 33502
17643 33512 33513 33514 33515 28921
17644 33516 33514 33517 33518 33519 33499 33520
17645 33521 33516 33515 28916
17646 33522 33523 33524
17647 28925 33512 33525 33524 33526 33527 33528
17648 33513 33517 33529 33522 33525
17649 33530 33518 33529 33523 33526 33531
17650 33527 33531 33532 33533
17651 33521 33520 33493 33534 33533 33528 28905
17652 33500 33519 33530 33532 33534
17653 33535 33533 33536 33537 33538
17654 33536 33528 28906 33539
17655 33537 33539 28907 33540
17656 33492 33520 33541 33542
17657 33540 33538 33543 33544 33545 33546 28908
17658 33547 33495 33548 33544
17659 33549 33542 33491 33548 33545
17660 33521 33541 33549 33546 28904
17661 33547 33494 33534 33535 33543
17662 33550 33551 33552 33553
17663 33554 33550 33555 33556 33497
17664 33557 33558 33551 33555 33559
17665 33556 33559 33560 33561 33562 33505
17666 33563 33564 33558 33552 33565 33566 33567
17667 33562 33568 33567 33569 33570 33508
17668 33566 33571 33569
17669 33560 33557 33564 33572
17670 33563 33572 33561 33568
17671 33554 33553 33565 33571 33570 33507
17672 33573 33574 33575 6811 33576
17673 13774 33577 33575 6816
17674 33576 33578 33579 33580 6813
17675 13775 30748 21446 29572 33581 33579 33582 33574 33577
17676 33580 33581 29571 21447 6815
17677 33582 33573 33578
17678 33583 33584 26239 33585
17679 33584 33586 33587 26229
17680 33587 33588 33589 33590 25759 26237
17681 33591 25758 33590 33592
17682 33593 33594 33595 33592 33589 33596 33597
17683 25756 33598 33594 33599 33600 26215
17684 33598 33595 33591 25757
17685 33600 33601 33597 33602 33585 26240 26217
17686 33593 33599 33601
17687 33586 33588 33596 33602 33583
17688 25754 33603 33604 33605 33606
17689 33587 33607 33606 25752 26228
17690 33608 33603 25747 33609
17691 33610 33611 33589
17692 33610 33612 33604 33608 33613 25765 33590
17693 33611 33612 33605 33607 33588
17694 27124 25776 33614 26244
17695 25779 25720 25751 33606 33615 33616
17696 25777 33617 26231 26242 33614
17697 25778 33616 33618 33584 26230 33617
17698 33607 33615 33618 33586
17699 33619 33620 33621 33622 33623 33624 32445
17700 33625 33626 33627 33620
17701 33619 33625 33628 33629 33630 25834 32444
17702 33628 33631 33632 33626
17703 33633 33632 33627 33621
17704 33634 33635 33636 33637
17705 24926 33638 33634 33639 33640
17706 33636 33641 33642 25836 33643
17707 33644 33645 33640 24928 33646 32446 33624
17708 33647 33642 25835 33630
17709 33644 33648 33623
17710 33622 33648 33645 33639 33635 33641 33647 33629 33631 33633
17711 33649 33650 33651 33652 32480
17712 33652 33653 32481
17713 33654 33655 33656 33651 33653 32482
17714 33632 33657 33658
17715 33649 33659 33660 33658 33627 33661 32478
17716 32483 33654 33662 33621 33661
17717 33656 33663 33659 33650
17718 33657 33633 33662 33655 33663 33660
17719 32455 33624 33664 32490 32460 33665
17720 32453 33666 33620 33661 32477 32468
17721 32489 33664 33623 33667 33654
17722 33619 32448 33666
17723 33662 33622 33667
17724 32421 32479 33649 33668 33669 32407
17725 33669 33670 33671 33672 33673 32454 32469 33674 32420
17726 32449 33666 33625 33675 33673
17727 33675 33626 33658 33676 33672
17728 33659 33677 33670 33668
17729 33674 32419 32470
17730 33671 33677 33660 33676
17731 9529 25976 33678 33679 33680 33681
17732 33682 33681 9536 28101 28079
17733 28074 20698 20672 33683 33684 33685 33686 33687
17734 33688 33689 33687 28082
17735 33688 33690 28081
17736 33682 33680 33691 33686 33689 33690 28080
17737 13158 25969 33692 33683 20669
17738 33693 33684 33692 25985 33678
17739 33679 33693 33685 33691
17740 9530 33681 33694 33695 33696 33697 33698
17741 33697 33699 33700 25995 6242 33701
17742 33698 33701 6241 33702 9531
17743 33696 33703 33704 33699
17744 33704 33705 33706 25978 25994 33700
17745 33707 33678 25977 33706
17746 33708 33680 33694
17747 33679 33707 33705 33703 33695 33708
17748 25984 25993 26038 26061 25959 33709 33710 33706
17749 33704 33711 33709 25956 33712
17750 25990 26057 25960 33712 33700
17751 33711 33710 33705
17752 33713 33714 33687 28075 33715
17753 33716 33715 28077 33717 33718
17754 33719 28083 33717 33720
17755 33721 33722 33723 33718 33720 33724 33725
17756 33719 28084 33688 33726 33724
17757 33725 33726 33689 33714 33727 33728
17758 33721 33728 33729 33730
17759 33730 33731 33722
17760 33723 33716 33713 33727 33729 33731
17761 28073 20703 20690 20685 20664 33732 33733 33715
17762 33734 33735 33732 20662 14133 14192 33736 33737
17763 33738 33734 33739 33740 33741
17764 33740 33742 33736 14187 20684 20706 33743 33744
17765 33742 33737 33739
17766 33717 28076 20708 33743 33745
17767 33745 33718 33746 33741 33744
17768 33738 33735 33733 33716 33746
17769 33329 30146 14189 33747 33742 33748 33367
17770 33749 30144 14191 33747 33737 33750 33751 33752 33753
17771 33754 33750 33739 33748 33371
17772 33755 33749 30147 33372
17773 33755 33753 33756 33757 33758 33373
17774 33370 33754 33751 33759 33757 33760
17775 33758 33760 33369
17776 33752 33756 33759
17777 33761 33762 20863 33763
17778 33764 33765 33766 33763 20857 33767
17779 33768 33769 33761 33766
17780 33770 33769 33762 20862 33771 18548 33772 33764
17781 18550 33772 33767 20846 33773
17782 33770 33765 33768
17783 33774 33775 33776 33777 28658 18535 21067 33778 33779
17784 28656 33780 33777
17785 33781 33782 28959 21066 20767 28657 33783
17786 33784 33785 33783 28652 33780 33776 33786
17787 33787 33786 33775
17788 33784 33788 33774 33787
17789 21056 33789 33790 33778
17790 33791 28945 33782 33792
17791 28953 33791 33793 33794
17792 21061 28958 33794 33795 33789
17793 33790 33795 33793 33792 33781 33785 33788 33779
17794 33796 33797 33798 33799 33800
17795 33801 33802 33800 33803 33804 33805
17796 33806 33799 33803 33807
17797 33808 33809 33804 33807 33810 33811
17798 33812 33798 33806 33810 33813 33814
17799 33813 33815 33816 33817 33818 33819 33811
17800 33820 33821 33801 33822 33823 33818
17801 33824 33825 33820 33817
17802 33821 33802 33796 33826 33825
17803 33826 33797 33812 33827 33816 33824
17804 33808 33828 33823 33819
17805 33822 33805 33809 33828
17806 33829 33830 33831
17807 26256 18669 20907 33832 33829 33833 33834 33806 33835
17808 33836 33837 33830 33833 33838 33803 33839
17809 33840 33837 33831 33832 20909 18668 20950 33841
17810 33842 33840 33836 33843 27145
17811 33842 33841 20945 27149
17812 33834 33838 33799
17813 33807 33839 33843 27150 26260 33835
17814 33810 33835 26255 33844
17815 33844 33811 33845 33846 26262
17816 27146 33843 33847 33809 33848
17817 33847 33839 33804
17818 33846 26252 27152 33849
17819 33808 33848 27151 33849 33845
17820 20906 33850 33832
17821 33850 20905 33851 28763 33852 33853 33854 33829
17822 33854 33833 33855
17823 33852 33856 33857 28762
17824 33858 33859 33856 33853 33855 33834 33798
17825 20083 20880 33860 33813 33844 26257
17826 28764 33851 20904
17827 33812 33858 33861
17828 26251 33846 33862 32758
17829 26177 33863 33600 26214
17830 33864 33817 33865 33598 25762 33866
17831 33816 33864 33867
17832 33863 33599 33868 33819 33845 33862 32754 32783 26178
17833 33868 33818 33865 33594
17834 33869 33825 33870 33871 33872
17835 33595 33873 33869 33820 33865
17836 33591 33873 33872 33874 25764
17837 33870 33875 33864 33824
17838 33876 33877 33878 33879 33880 33881
17839 33877 33882 33883 33884
17840 33885 33886 33887 33882 33878
17841 33879 33885 33888 33889 33890
17842 33891 33883 33887 33892 33893 33894 33895
17843 33880 33890 33896 33897 33898
17844 33888 33886 33892 33899 33900
17845 33898 33901 33902 33895 33903 33881
17846 33896 33889 33900 33904
17847 33905 33893 33899 33904 33897 33901
17848 33891 33884 33876 33903
17849 33894 33905 33902
17850 33906 33878 33907 27052 27028
17851 27064 27040 27027 33906 33879 33908
17852 33909 27053 33907 33877
17853 33910 33876 33909 27054 27136
17854 33911 33880 33908 27073
17855 27071 33911 33881 33910 27135 26823
17856 27061 27133 27101 33912 33882 33907
17857 33913 27107 27129 27058 33909 33884
17858 27098 33912 33883 33913
17859 33906 27032 33914 33915 33916 33885
17860 33917 33914 27033 27046 33918
17861 33919 33890 33908 27065 26851
17862 26847 26925 27044 33920 33921 33922 33889 33919
17863 33923 33918 27045 33920
17864 33923 33921 33924 33915 33917
17865 33888 33916 33924 33922
17866 33925 33926 33898 33911 27070
17867 33925 33927 26855 27072
17868 33926 33897 33928 31740 26852 33927
17869 31732 26854 33919 33896 33928
17870 33929 27066 26782
17871 19719 33930 33931 33902 33932 33925 27069 33929 26781
17872 33910 33903 33933 33934 33935 26779 27139
17873 33930 33936 33934 33937 19718
17874 33936 33933 33895 33931
17875 19708 33937 33935 26780
17876 33901 33926 33932
17877 33904 33938 33939 31733 33928
17878 33940 33941 33942 33943 33922 33900 33938
17879 33940 33944 33945 31729 33939
17880 33946 33941 33944
17881 31723 33945 33946 33942 33947 33920 27051 26923
17882 33921 33943 33947
17883 33948 33939 31728 33949 33950 33951
17884 31736 33952 33953 33951 33954 33955 33905 33932 33927 26860
17885 33956 33950 33953
17886 33952 31739 33949 33956
17887 33899 33957 33954 33948 33938
17888 33955 33957 33893
17889 27128 27113 33958 33959 27137
17890 33891 33913 27097 33958 33960 33961 33962 33933
17891 26785 26204 33963 33961 33964 33935
17892 33959 33960 33963 26194 27138
17893 33964 33962 33934
17894 33965 33966 33967 33968
17895 33969 33965 33970 33971 33972 33973
17896 33974 33966 33970 33975 33976
17897 33977 33968 33969 33978
17898 33979 33978 33973 33980 33981 33982
17899 33977 33967 33974 33983 33979
17900 33983 33976 33984 33982
17901 33985 33971 33975 33984 33981
17902 33985 33972 33980
17903 33986 26489 26485 33987 33968
17904 33986 26491 26494 26498 33988 33967
17905 33987 26472 26509 26517 26519 33989 33965
17906 33988 26505 26521 33989 33966
17907 33990 26312 24462 26518 26520 33989 33970
17908 33991 33992 33969 33987 26471 11408
17909 33993 33991 11382 26328 26310 33994 33972
17910 33973 33992 33993
17911 26311 33990 33971 33994
17912 33975 33995 26467 24639 24467 24761 26314 33990
17913 33974 33988 26499 26466 33996
17914 33996 26465 33995 33976
17915 11436 11412 26586 18826 26575 33997 33978 33992 33998 11379
17916 33991 11383 33998
17917 26573 18833 26490 33986 33977 33997
17918 26541 33999 33982 34000 26589
17919 34001 33981 34000 26587
17920 11432 11378 33998 33993 33980 34001 26588
17921 33999 33979 33997 26574 26539
17922 26568 26446 26456 26468 33996 33983 33999 26538
17923 26597 26545 26580 26455 26470 33995 33984 34000 26591
17924 26590 34001 33985 33994 26315 18777 15648
17925 34002 34003 34004 34005 34006 34007 34008
17926 34009 34003 34010 34011 32965
17927 34010 34012 34013 34004
17928 34002 34009 32968 34014
17929 34015 34016 34007 34017 34018
17930 34019 34020 34021 34015 34022
17931 34021 34023 34024 34025 34006 34016
17932 34026 32970 34027 34022 34018
17933 32969 34028 28820 34029 34030 34019 34027
17934 34030 34031 34032 34023 34020
17935 34028 28818 34033 32957
17936 34034 34012 34011 32963 34033 28819 34035 34032 34024
17937 28813 34035 34031 34029
17938 34008 34014 32967 34026 34017
17939 34013 34034 34025 34005
17940 34036 34037 34038 34032
17941 34039 34040 34041 34042 34036 34024
17942 34038 34043 28898 34044 28858 28814 34035
17943 32962 34045 34046 34047 34011
17944 32954 34048 28822 28853 34049 34050 34051 34045
17945 28821 34048 32958 34033
17946 34052 34053 34049 28861 34044 28894 34054
17947 34055 34056 34057 34050 34053 34058 34059
17948 34046 34051 34057 34060
17949 34056 34060 34047 34012 34061
17950 34062 34052 34058 34063 34064 34041
17951 34042 34062 34054 28874 34043 34037
17952 34064 34065 34066 34040
17953 34059 34063 34065 34067
17954 34066 34067 34055 34061 34034 34039
17955 25792 34068 34069 34070 34071
17956 25793 34072 34073 34074 34068
17957 34075 34076 34071 25787 27119
17958 34077 34078 6794 11765 27103
17959 34079 34073 34080 5438 6809 34078 34081
17960 34082 34075 27118
17961 5448 34080 34072 25784
17962 34082 34076 34070 34083 34081 34077 27115 27120
17963 34083 34079 34074 34069
17964 25146 34084 34085 34086 32780
17965 34087 34088 34084 25145 34089
17966 11976 18761 25144 34089 34090 19760
17967 32782 34091 34092 19783
17968 34090 34087 34093 34094 34092 19784 19761
17969 34094 34091 32781 34086 34095
17970 34088 34085 34095 34093
17971 32788 34096 34097 34098 34099 34086
17972 34096 34100 32785
17973 34100 34097 34101 34102 32766 32741 32760 32787
17974 34102 34103 34104 32767
17975 32768 34104 34105 34106 34084 25152
17976 34105 34103 34101 34098 34107
17977 34106 34107 34099 34085
17978 34108 34109 34110 34111 34112 34113 34114
17979 34115 34116 34110 34117 34118 34119 34120
17980 34121 34111 34117 34122 34123
17981 34124 34118 34122 34125 34126
17982 34127 34112 34121 34128 34129
17983 34130 34131 34109 34116 34132
17984 34133 34125 34123 34128
17985 34133 34129 34134 34114 34135 34130 34136 34120 34137 34126
17986 34119 34124 34137
17987 34134 34113 34127
17988 34115 34132 34136
17989 34108 34131 34135
17990 34138 34116 34139 25468 25443 17887 20920 18661
17991 34118 34140 17921 17893 34141
17992 34142 34143 18684 26258 17891 34141 34119
17993 34139 25469 34144 34110
17994 34144 25470 17930 34140 34117
17995 34143 18685 34138 34115 34145
17996 34142 34120 34145
17997 34146 25453 34147
17998 34148 34147 25454 34149 34121
17999 34144 25471 25452 34146 34148 34111
18000 34150 17926 25455 34149 34123
18001 34140 17922 34150 34122
18002 12096 17890 34141 34124 34151 27426
18003 34152 34125 34150 17923 12093 27456
18004 34152 34126 34151 27432 27455
18005 34153 34148 34112
18006 34154 34155 34127 34153 34147 25457 25168 19983
18007 19981 34154 34156 27410
18008 34157 34128 34149 25456 25170 27453
18009 34156 34155 34129 34157 27454 27393 27420
18010 34157 34133 34152 27457
18011 32733 34158 34142 34137 34151 27425 32765
18012 34158 34143 18687 26253 32759 32734
18013 34159 28992 28979 34160 34161
18014 34162 34163 34164 34165 34161 34166 28994 34167
18015 34159 28993 34166
18016 34168 28980 34160 34165
18017 34169 25945 25937 28962 28977 34168 34164 34170 34171 34172
18018 34173 34172 34174
18019 34169 25939 25928 28991 34167 34175 34174
18020 34170 34163 34176
18021 34171 34173 34175 34162 34176
18022 25895 29005 34177 34178 34179
18023 25879 34179 34180 27792
18024 25950 34181 34172 34182 34183 27794
18025 34169 25940 34181
18026 34184 34164 34185
18027 34177 29003 28976 34168 34184 34186
18028 34187 34170 34185 34186 34178 34180 27793 34183
18029 34182 34171 34187
18030 33175 34188 34189 34190 34191 34192
18031 34188 34193 34194 33181
18032 34195 34196 33152
18033 34196 33154 34197 34198 34199 34200 34201 34202
18034 34203 34192 33187 33159 34195 34202 34204
18035 34189 34205 34206 34193
18036 34207 34208 34209 34210 34211 34212 34205 34190
18037 34213 34214 34215 34216 34197 33156
18038 34217 34218 34219 34210 34220 34199
18039 34219 34211 34221 34222
18040 34201 34223 34208 34224 34204
18041 34223 34209 34220 34200
18042 33186 34225 34213 33157
18043 34206 34212 34221 34226 34214 34225 33185 34194
18044 34207 34191 34203 34224
18045 34215 34226 34222 34218 34227
18046 34216 34227 34217 34198
18047 34228 34229 34230 34231
18048 34232 34233 29012 34234 34235 34229 34236
18049 34237 34238 34230 34235
18050 34231 34238 34239 27538 34240 34241
18051 34242 27840 27535 34240 34243
18052 34239 27537 13333 29015 34234 34237
18053 34244 34245 34232 34246
18054 34245 34247 34248 13347 29008 34233
18055 34244 34247 34249 34250 34251
18056 34242 27842 34252 34250 34253
18057 34248 13326 27852 34252 34249
18058 34241 34243 34253 34251 34246 34236 34228
18059 34254 34255 34256 34257
18060 34254 34258 34259 34260 34261
18061 34255 34258 34262 34263 34264 34265
18062 34266 34267 34268 34264
18063 34256 34265 34268 34269
18064 34260 34270 34263 34266 34271
18065 34270 34259 34262
18066 34272 20317 34273 34274
18067 20318 34272 34275 34276 34277
18068 34278 34279 34280 34281
18069 34282 20319 34277 34283 34284 34281
18070 20320 34285 34278 34282
18071 34273 20316 34286 34287
18072 34285 20303 34286 34288 34279
18073 34289 34276 34283
18074 34289 34275 34274 34287 34288 34280 34284
18075 34286 20304 12527 12534 34290 34291 34292
18076 34293 20150 34294 34295
18077 20146 34293 34296 34297 34298
18078 20133 12536 34290 34299
18079 34291 34299 20148 34298 34300
18080 34296 34295 34301 20315 34273 34302
18081 34300 34297 34302 34287 34292
18082 34290 12537 34303 34304
18083 34305 34304 34291 34306 34307
18084 34308 34279 34309 34307 34310
18085 34311 20300 12522 12531 34303 34305 34310
18086 20305 34285 34308 34311
18087 34288 34292 34306 34309
18088 34272 20324 34312 27600 34313 34314
18089 34315 27602 34316 34295 34317
18090 34318 34317 34296 34319
18091 34313 27603 34315 34318 34320
18092 34319 34320 34314 34274 34302
18093 34321 34322 34323 34324 34325 34326
18094 34327 34328 34321 34329 34330
18095 34331 34332 34333 34334 34322 34328
18096 34327 34331 34335 34336 34337
18097 34338 34339 34337 34330 34340 34341
18098 34323 34334 34342
18099 34343 34333 34342 34324 34344 34345
18100 34346 34347 34348 34326 34329 34340 34349
18101 34350 34351 34352 34336 34339 34353
18102 34335 34332 34343 34354 34352
18103 34354 34345 34355 34356 34351
18104 34355 34344 34325 34348 34357
18105 34350 34356 34357 34347 34358
18106 34346 34358 34353 34338 34359
18107 34359 34341 34349
18108 27649 27640 34360 34361 34362 34321 34363
18109 27633 34364 34360
18110 27623 27642 34364 34361 34365 34323 34366
18111 27651 27641 27627 34367 34326 34363
18112 27617 34366 34324 34368
18113 27614 34368 34325 34367
18114 34365 34322 34362
18115 34369 34311 20302 34370 34371 34332
18116 34372 34282 20328 34373 34362 34328
18117 34365 34373 20313 34370 34374 34334
18118 34372 34278 34308 34369 34331
18119 34371 34374 34333
18120 34375 34376 34281 34372 34327 34377
18121 34337 34377 34378 34379 31344 34380 34381
18122 34382 34375 34378 34383
18123 34384 34310 34369 34335 34385
18124 34376 34280 34309 34386 34387 34382
18125 31359 34388 34387 34383 34379
18126 34336 34385 34389 34381
18127 34389 34384 34307 34386 34388 31360 34380
18128 34390 34330 34377 34391 34392 34393 34394
18129 34391 34378 34395 34396
18130 31345 34379 34395 34397
18131 34398 34399 31340 34400 34401
18132 34402 34392 34396 34397 31346 34399
18133 34393 34402 34398 34403
18134 34404 34405 34406 34407 34408 31347 34400 34409
18135 34410 34339 34381 34411 34407
18136 34412 34338 34410 34406
18137 34413 34414 34415 34341 34412 34405
18138 34408 34411 34380 31343
18139 34340 34390 34416 34415
18140 34409 34401 34403 34394 34416 34414 34417
18141 34417 34413 34404
18142 34342 34374 34418 34419 34420 12633 27616 34366
18143 24023 12502 34421 34419 34422
18144 34423 20312 34373 34361
18145 34423 20311 27632 34364
18146 34418 34370 20301 12520 34421
18147 34418 34371 34343 34424
18148 27615 22002 34425 34344 34368
18149 21990 20298 34426 34419 34424 34345 34425
18150 34427 34428 27646 27626 27584 22013
18151 34429 34430 34427 22015 20489 24076
18152 24074 34431 34415 34349 34432 34433 34434 21992
18153 34435 34347 34436 34433
18154 34436 34346 34432
18155 27585 27613 34367 34348 34435 34434 21993
18156 34416 34437 34429 24075 34431
18157 34430 34428 27650 34363 34329 34390 34437
18158 34407 34438 34439 34440
18159 12472 34441 34442 34443 34439 34444
18160 34444 12473 34445 34353 34410 34440
18161 34350 34446 12469 34445
18162 34447 12460 34446 34351
18163 34448 34449 34442
18164 34411 34389 34450 34448 34443 34438
18165 34449 34441 12465 34447 34352 34385 34450
18166 12459 12532 12503 34421 34424 34354 34447
18167 34451 12463 12533 34303 34452 34449
18168 34451 12462 34441
18169 34452 34305 34384 34450
18170 34355 34425 21991 34453
18171 21986 34453 34356 34446 12461
18172 21987 34453 34357 34435 34454
18173 34454 34434 22001
18174 34454 34433 34455 21988
18175 34436 34358 34445 12471 20273 12427 21989 34455
18176 31229 34456 34440 34406 34457
18177 31244 12491 20276 12476 34444 34456 31228
18178 34457 34412 34359 34432 34455 22005 12425 21965 14245 31225
18179 24085 34431 34414 34458
18180 34459 34413 34458 24079
18181 31226 34457 34405 34459 24086
18182 28012 34460 34461 28059
18183 28011 34460 34462
18184 34463 34464 27814 28034 28000 34462 34461 28061 34465 34466
18185 34467 34468 34469 20544 25851 28039 20621
18186 20530 25857 34470 34471 34469
18187 34472 34464 27811 28036 25858 34470 34473
18188 20634 28062 34465 34474 34467
18189 34472 34463 34475
18190 34471 34473 34475 34466 34474 34468
18191 34476 34477 34478 34479 34480
18192 34481 34480 34482
18193 34483 34484 34485 34486 34487 34476 34482
18194 34483 34488 34489 34490 34479 34481
18195 34491 34492 34493 34490 34478
18196 34494 34491 34477 34487
18197 34484 34495 34496 34497 34488
18198 34498 34499 34500 34486 34494 34492
18199 34485 34495 34501 34500
18200 34497 34502 34498 34493 34489
18201 34496 34502 34499 34501
18202 26086 34503 34478 34504 27822 27747 26139
18203 27777 27824 34505 34480 34506 34507 26091
18204 34476 34506 34508
18205 34508 34477 34503 26074 34507
18206 27823 34504 34479 34505
18207 34509 34510 27828 34511 34461 28058 34512
18208 28025 34513 34482 34506 34514 28047
18209 26149 26075 34507 34514 28048 28055 26011
18210 34510 27829 27779 34515
18211 27780 34515 34509 34516 34517
18212 34518 28057 26152
18213 34516 34512 28060 34518 26156 34519
18214 27827 34505 34481 34513 28017 34460 34511
18215 26155 34519 34517 27781
18216 34486 34520 20360 34521
18217 34520 34485 34522 28065 34523 20364
18218 28050 34524 20362 34521 34487 34508 34514 28045 20555
18219 34513 34483 34525 28016
18220 28071 34522 34484 34525 28008
18221 27825 34526 34527 34490 34504
18222 27834 34528 34529 34530 34531 34532 27999 34462 34511
18223 34531 34533 27857 34534 34527 34489 34535
18224 34535 34488 34525 28009 34532
18225 34534 27858 27830 34526
18226 34536 27835 27845 34537 34529
18227 27854 34533 34530 34537
18228 27832 34536 34528
18229 26140 27753 27826 34526 34538 34492 34539 26083
18230 34538 34493 34527
18231 34539 34491 34503 26073
18232 26072 34539 34494 34521 20361 26112
18233 34496 34540 25881 28069 34541
18234 34522 28066 34541 34495
18235 27998 34532 34542 34180 27798 27813 28031
18236 34542 34179 25880 34540 34497 34535
18237 34538 34498 34543 20386 27856 34534
18238 20389 34543 34499 34544 34545
18239 34520 20359 34546 34544 34500
18240 28067 34541 34501 34544 34547 34548
18241 34542 34178 34549 34531
18242 34549 34177 29004 27853 34533
18243 34502 34543 20387 25886 34540
18244 34550 34551 34552 34553
18245 34554 34553 34555 34556 34557
18246 34558 34559 34560 34561 34562 34563 34550 34554
18247 34564 34565 34566 34567 34556
18248 34555 34567 34568 34569 34570 34571 34572 34573 34552
18249 34574 34573 34551 34563
18250 34558 34575 34576 34564 34557
18251 34559 34577 34575
18252 34578 34579 34580 34568 34566
18253 34580 34569 34581 34582
18254 34582 34583 34579
18255 34584 34572 34574 34562
18256 34561 34584 34571 34585
18257 34577 34560 34585 34570 34581 34583 34578 34565 34576
18258 34586 34247 34587 34588
18259 34587 34589 34590 34591 34592 34249
18260 34593 34244 34586 34594 34595 34569 34596
18261 34597 34598 34251 34593 34599
18262 34596 34580 34600 34599
18263 34601 34602 34582 34600 34597 34603
18264 34598 34250 34592 34604 34605 34603
18265 34604 34591 34606 34607 34608
18266 34609 34608 34605 34601
18267 34610 34590 34606 34611 34612
18268 34613 34614 34610 34589 34588 34594
18269 34612 34614 34615
18270 34609 34607 34611 34615 34613 34595 34581 34602
18271 34616 34617 34618 34619 34620 34621
18272 34622 34623 34621 34624
18273 34625 34620 34624 34626
18274 34627 34628 34629 34630 34622 34626
18275 34630 34631 34632 34633 34616 34623
18276 34625 34619 34634 34627
18277 34635 34632 34636 34618 34634 34628
18278 34633 34617 34636
18279 34635 34631 34629
18280 34637 34638 34639 34640 34641
18281 34642 34643 34621 34644 34637
18282 34642 34645 34646 34638
18283 34647 34648 34649
18284 34644 34624 34650 34651 34649 34652 34641
18285 34651 34653 34623 34643 34645 34654 34655 34648
18286 34640 34656 34655 34647 34652
18287 34653 34622 34650
18288 34646 34654 34656 34639
18289 33123 34657 34658 34641 34659 34660
18290 33109 34660 34661 34662 34663 34664 33134
18291 34662 34665 34666 34649 34667
18292 34667 34652 34659 34661
18293 34668 34664 33132
18294 34669 34651 34666
18295 33133 34670 34671 34672 34657 33099
18296 34673 34672 34658 34644 34620
18297 34671 34673 34625 34674
18298 34668 33131 34670 34674 34626 34650 34669 34665 34663
18299 34670 34675 33130
18300 33129 34675 34674 34627 34676 34677 34678 34679 34680
18301 34681 34682 34680 33128 34683 34684
18302 33127 34668 34685 34686 34687 34683
18303 34677 34688 34629 34689 34690
18304 34681 34691 34678 34690 34692 34665 34693 34686 34694
18305 34669 34653 34630 34689 34692
18306 34694 34684 34687
18307 34693 34663 34685
18308 34679 34691 34682
18309 34688 34628 34676
18310 34666 34692 34695 34019 34696 34648
18311 34697 32978 34027 34696 34655
18312 32956 34028 28828 34698 34654 34697
18313 34699 28831 34698 34645
18314 34699 28829 34700 34616 34643
18315 28830 34701 34702 34633 34700
18316 34689 34631 34703 34704 34030 34695
18317 34705 34701 28817 34029 34704
18318 34703 34705 34702 34632
18319 34706 34707 34708 34709
18320 34709 34710 34711 34712 34713 34714
18321 34715 34716 34706 34710
18322 34707 34716 34717 34718 34719
18323 34715 34717 34720 34721 34711
18324 34708 34719 34722 34723 34724 34714
18325 34721 34725 34723 34726 34712
18326 34720 34718 34722 34725
18327 34724 34726 34713
18328 34727 34728 34729 34730
18329 34731 34713 34732 34727 34733
18330 34728 34732 34714 34734 33032 34735
18331 33022 34735 34729 34736
18332 33035 32706 34737 34738 34739 34733 34730 34736
18333 33030 34734 34709 34740 32697 27989
18334 34737 34741 34710 34740 32691
18335 34741 34711 34742 34738
18336 34742 34712 34731 34739
18337 34743 34741 34715 34744 34745 34746 34747 33192 33227
18338 34746 34748 34749 34203 34750 34751
18339 33176 34192 34750 34752
18340 33193 34752 34751 34747
18341 32690 34737 34743 33225
18342 34706 34753 34754 34195 33153 32692 34740
18343 34202 34755 34754
18344 34756 34748 34745
18345 34753 34755 34204 34749 34756 34744 34716
18346 34757 34223 34758 34759 28862 34760 34761
18347 34749 34224 34762 34759 28863 34763
18348 34764 34765 34753 34707
18349 34766 34767 34757 34201 34755 34765
18350 34764 34766 34768 34769 34770 34719
18351 34770 34771 34772 34760 28864 34763 34756 34773 34718
18352 34758 34762 34208
18353 34773 34744 34717
18354 34768 34767 34761 34772 34774
18355 34769 34774 34771
18356 34775 34738 34743 33224 34776 34777 34778
18357 28834 34779 34746 34780
18358 34781 34782 28835 34780 34747 33200 34783
18359 34776 33233 33203 34784
18360 34785 34783 33204 34784 34777 34786
18361 28833 34779 34745 34773 34720 34787
18362 34782 28836 34788
18363 34781 34788 28824 34698 34646 34789 34785
18364 34778 34790 34638 34789 34786
18365 34775 34742 34721 34787 28832 34699 34642 34790
18366 34673 34619 34791 34792 34726 34731 34793
18367 34794 34775 34739 34793 34672
18368 34795 34725 34787 28842 34700 34617 34796
18369 34637 34790 34794 34658
18370 34618 34796 34797 34791
18371 34797 34795 34723 34792
18372 34798 34799 34800 34801 34802 34803
18373 34804 34805 34806 34807 34808 34798
18374 34804 34809 34810 34811 34812 34799
18375 34801 34813 34811 34814 34815
18376 34816 34814 34810 34817 34818 34819
18377 34820 34817 34809 34805
18378 34821 34822 34816 34815 34802
18379 34812 34813 34800
18380 34818 34820 34806 34823
18381 34807 34823 34819 34822 34824
18382 34808 34803 34821 34824
18383 34825 20615 28111 34826
18384 34825 20619 34827 34828
18385 28115 34829 34830
18386 34831 34832 34808 34833 34834 34835 28116 34830
18387 34836 20614 20625 34837 34805
18388 34838 34839 34827 20624 34837 34804
18389 34826 34828 34839 34840 34831 34829 28118
18390 28107 34841 34835
18391 34838 34798 34832 34840
18392 34841 28117 20611 34836 34806 34842 34834
18393 34842 34807 34833
18394 34843 34844 34519 26158 34845 34810
18395 34846 34847 34848 34474 34849
18396 34850 34846 34851 34852
18397 34853 34827 20620 34467 34849 34851 34854 34855
18398 34853 34856 34839
18399 34838 34856 34855 34857 34799
18400 34845 26151 34518 28056 20635 34837 34809
18401 34812 34858 34859 34852 34854 34857
18402 34512 28064 34465 34848 34860
18403 34861 34844 34516 34860 34847 34850 34859
18404 34811 34843 34861 34858
18405 34862 34863 34864 34865 34843 34814
18406 34844 34517 27787 34866 34867 34865
18407 34868 20568 26160 27785 34869 34867 34864 34870
18408 34871 20570 26150 34845 34817
18409 34872 34873 34862 34816
18410 34863 34870 34874 34873
18411 34875 20565 34868 34874 34872 34819
18412 27788 34869 34866
18413 34818 34871 20569 34875
18414 20609 25953 20574 34871 34820 34836
18415 34876 34877 34878 34879
18416 34880 34881 34882 34876
18417 34883 34884 34825 20616 34885 34881
18418 28113 34886 34887 34888 34889
18419 34890 34878 34891 34888
18420 34884 34826 28112 34886 34892
18421 34887 34892 34883 34880 34877 34890
18422 34893 34894 34895 34896 34897 28109 34898 6251
18423 34899 6252 34893 34900 34901
18424 6245 34899 34902 34903 34904
18425 34894 34900 34905
18426 34906 34907 34908 34909 28168
18427 34910 34911 34912 34913 28169 34906
18428 28119 34914 34913 28170 34915
18429 34916 34908 34917
18430 34909 34917 34918 34903 34919 28165
18431 34920 34897 28120 34914 34912
18432 34921 34896 34920 34911
18433 34918 34902 34901 34905 34895 34921 34910 34907 34916
18434 34922 28093 28102 34923
18435 34924 34923 28103 17844 34925
18436 34926 34900 34927 33698 9539 17842 34928
18437 34929 33696 34930 34931
18438 34894 34927 33697 34929 34932 34933
18439 34934 34930 33695 34935
18440 34936 34937 34935 33694 33682 28092 34922 34924 34938 34939
18441 34934 34931 34932 34940 34937
18442 34941 34928 17835 34942
18443 17839 34942 34943 34944 34938 34925
18444 34939 34944 34945
18445 34945 34936 34940 34933 34905 34926 34941 34943
18446 34927 33701 6248 34893
18447 34929 33699 33712 25957 28106 34841 34946 34947
18448 34948 34949 34946 34835 28108 34897
18449 34932 34947 34949 34950 34951
18450 34952 34950 34948 34896
18451 34933 34951 34952 34895
18452 34903 34953 34954 34955 34956
18453 34955 34957 17837 34958
18454 34957 17836 34942 34959 34954
18455 6246 34899 34960 34928 17834 34961
18456 34959 34941 34960 34902 34953
18457 34926 34901 34960
18458 17831 9869 9897 34962 34954 34963 34964 28134 17823
18459 34962 34955 34965 9891
18460 28163 34966 34917 34967 34964 28150 28184
18461 34966 34909 28164
18462 34963 34953 34918 34967
18463 34968 34969 34970 34971 34908 34966 28172 28185 28151
18464 34972 34973 34974 34969
18465 34968 34974 34975 34976 28148
18466 34973 34977 34978 34975
18467 34964 34979 34980 34981 34978 34976 28133
18468 34979 34982 34983 34971 34916 34967
18469 34980 34982 34984
18470 34972 34970 34983 34984 34981 34977
18471 34985 34986 34987 33384 34988 33265 34989
18472 33312 33266 34989 34990 33488
18473 28288 34991 33758 33377 34992 33301 33486
18474 28279 34991 33760 33383 34987 34993 34994
18475 34992 33380 34988 33252 33305
18476 34990 34985 34995 34996 33487
18477 28272 34994 34997 34996 33484
18478 34997 34993 34986 34995
18479 34988 33378 34998 33251
18480 33267 34999 35000 35001 34989
18481 35002 35003 33342 33272 34999
18482 33386 34998 33242
18483 35004 35005 33381 34987
18484 35006 35007 33387 35005
18485 35008 35007 33368 33331 35003
18486 35009 35001 34985
18487 35004 35006 35008 35002 35000 35009 34986
18488 33489 34990 35001 35010 35011 35012 35013 25615
18489 33414 35014 35013 25614
18490 33357 33364 33269 35015 35012 35014 33418
18491 33268 34999 35016 35011 35015
18492 35000 35016 35010
18493 35017 35018 35019 35020
18494 35021 35022 35017 35023
18495 35024 35019 35025 31430 35026 35027
18496 35028 35026 31437 35029 35030
18497 35028 35027 35031
18498 35029 31436 35032 35021 35033
18499 35024 35018 35023 35033 35030 35031
18500 35034 35035 35036 35037 16685 35038
18501 35034 35039 35040
18502 35041 35042 16686 35038 35039 35043
18503 35021 35044 35045 35035 35040 35043 35046
18504 35047 35048 35017 35049
18505 35045 35036 35050
18506 35051 35047 35052 16676 35053
18507 35053 16682 35042 35054
18508 35041 35046 35023 35049 35051 35054
18509 35055 20157 16696 35038 35056
18510 35057 20156 35055 35058 35059
18511 35060 35061 35042 16681 17342 29126
18512 35058 35056 35039 35062 35063 35064 29131 35065
18513 35043 35066 35067 35062
18514 35057 20159 29201 35068
18515 35065 35059 35068 29208 29249 29130
18516 29133 35060 35069 35067 35063 35070
18517 35064 35070 29132
18518 35066 35041 35061 35069
18519 29140 35071 29199 30985 31011
18520 35071 29198 35072 35073 35074 35075 29128
18521 35076 35077 29848 35078
18522 29849 35078 35079 35080
18523 29842 29139 35075 35081 35082 35077
18524 30994 35083 35080 29850 29142 31004
18525 35084 35073 35085
18526 35086 35084 35072 29195 35087
18527 35076 35082 35088 35087 29193 30997 35083 35079
18528 35074 35085 35086 35088 35081
18529 16504 20709 16541 16679 35053 35089 35073 35090
18530 29124 29175 29197 35071
18531 35090 16509 29196 35072
18532 35075 35091 35060 29127
18533 35061 35054 35089 35074 35091
18534 16508 35090 35084 35092 35093
18535 35094 35093 16511 29194 35087
18536 35092 35094 35086
18537 35095 35096 35097 35098
18538 35099 35100 35101 35102
18539 35103 35099 35104 35105 35106
18540 35107 35108 35109 35103 35100 35110 35111
18541 28697 35112 35111 35113 35114
18542 35101 35110 35112 28701 35115 35116
18543 35117 35118 35108 35119
18544 35120 35106 35109 35118
18545 35117 35120 35105 35121 35095 35122
18546 35098 35122 35119 35107 35113 35123
18547 35124 35125 35126 35127 35128
18548 35125 35129 28709 20825 35130
18549 35131 35124 35130 20822 35132
18550 35126 35129 28706 35133 35134
18551 35135 35127 35134 35136
18552 35137 35138 28699 35133 35136 35139
18553 35140 35141 35142
18554 35132 20816 35143 35142 35144
18555 35145 35137 35146
18556 35135 35139 35145 35147 35140 35144 35131 35128
18557 35148 35149 35150 35151
18558 35152 35148 35153 35154 35155 35156 35157
18559 35153 35149 35158 35159
18560 35150 35158 35160 35155 35161 35162 35163
18561 35154 35159 35160
18562 35163 35151 35152 35164
18563 35161 35156 35165
18564 35157 35165 35162 35164
18565 35166 35167 28634 20997 21011 28946 33782 35168
18566 35169 28633 35167 35170 35171
18567 35166 35170 35172 35173 35174
18568 35175 35174 35168 33781
18569 28609 28631 35176 35177
18570 35169 28632 35176 35178 35179
18571 35175 35173 35180 35178 35177 28610 20769 28653 33783
18572 35172 35171 35179 35180
18573 35181 35182 35183
18574 35184 35185 35186 35187 35188 35182 35189 35190
18575 35191 35192 35193 35194 35183 35189
18576 35181 35194 35195 35196 35188
18577 35193 35197 35198 35195
18578 35191 35199 35200 35201 35202 35190
18579 35203 35204 35198 35196 35187
18580 35205 35206 35204 35197 35192 35199
18581 35186 35203 35206 35207
18582 35208 35209 35185 35207 35205 35200
18583 35209 35210 35202 35184
18584 35201 35208 35210
18585 28775 35211 35212 35213 35214 20919 33851
18586 35214 35215 20911
18587 35216 35182 35217 35213 35215 20914
18588 35216 35183 35218 28797 28773 20901
18589 35211 35219 28774
18590 35212 35219 28772 28796 35218 35181 35217
18591 20915 35220 35221 35222 35223
18592 35221 35224 35225 35187 35226
18593 35227 35222 35226 35186 35228
18594 35188 35225 35229 35230 35217
18595 35230 35213 35231
18596 35220 35224 35229 35231 35215 20912
18597 35189 35232 20902 35216
18598 35185 35228 35233
18599 35227 35233 35184 35234 20916 35223
18600 35234 35190 35232 20893
18601 35235 35192 35236 35237 24919 25414 25439
18602 35238 35193 35236 35239 28787
18603 35239 35237 24917 17653 20877 28790
18604 35232 35191 35235 25442 20924 20892
18605 35194 35238 28795 35218
18606 20922 20894 35234 35202 35240 25472 25445
18607 25441 35235 35199 35241 25366
18608 25367 35241 35200 35242
18609 35201 35242 25368 25466 35240
18610 35243 35244 35245
18611 35246 33212 35247 35248 35243
18612 35244 35248 35249 35250 35251
18613 35252 35253 33209 25376
18614 25373 35252 35254 35205 35241
18615 35255 35228 35207 35254 35253 33211 35247 35249
18616 35209 35233 35255 35250 35256
18617 35245 35246 33213 25370 35242 35208 35256 35251
18618 18656 34138 34132 35257 35258
18619 20949 35259 35260 35250 35261 35262 35263 35258 18657
18620 18652 20917 35223 35264 35259 20947
18621 35260 35264 35227 35255
18622 35265 34130 35257 35263
18623 35266 35267 35268 34131 35265 35262
18624 35268 35269 35270 25473 34139 34109
18625 35270 25467 35240 35210 35256 35261 35266 35271
18626 35271 35269 35267
18627 35272 35273 33219 25490 25492 35274 35271
18628 35270 25465 25493 35274
18629 35275 35276 35272 35266
18630 33214 35246 35277
18631 35278 35251 35261 35275
18632 35278 35245 35277 33218 35273 35276
18633 35236 35279 35280 35281 35282 35283 35197
18634 35198 35283 35284 35285
18635 35286 35287 35281 35288
18636 35282 35288 35289 35290 35291 28810 28785 35292 35284
18637 35286 35293 35294 35289
18638 35295 35296 28803 35291
18639 28788 28809 35297 35298 35279 35239
18640 35238 35195 35285 35292 28789
18641 35295 35299 35300 35294 35290
18642 35297 35301 35299 35296 28802
18643 35287 35293 35300 35301 35298 35280
18644 28754 35302 28800
18645 35296 35303 35304 35305 28752 35302 28799
18646 35306 35307 35308 20853 28750 35309
18647 28801 28746 35309 35310 35297
18648 35311 35312 28731 28743 35313 35304
18649 28758 28733 35313 35305
18650 35303 35311 35314 35315 35316 35299
18651 35317 35307 35318 35315
18652 35314 35312 28726 20869 35308 35318
18653 35310 35306 35317 35316 35301
18654 18556 28745 35319
18655 35320 24940 18557 35319 28747 35309 35321 35322
18656 35279 35323 35322 35324 32486 24915 35237
18657 24939 35320 35324 32487
18658 35310 35321 35323 35298
18659 35282 35325 35326
18660 35283 35326 35327 35328 35329 35204
18661 35254 35330 35331 35329 35206
18662 25374 35252 35330 35332 35333 35334 33652 32484 32423
18663 33653 35334 35335 35336 35324 32485
18664 35337 35338 35281 35325 35327
18665 35332 35339 35337 35328 35331
18666 35322 35340 35336
18667 35338 35280 35323 35340 35335 35333 35339
18668 35341 35342 35343 35344 35332
18669 33184 35345 33668 33650 35346 35342 35347
18670 35334 35348 35343 35346 33651
18671 33160 33206 35345 33669 32408
18672 35330 35341 35347 33195 33210 35253
18673 35344 35348 35333
18674 35349 35350 35351 35352 35353 35354 33517
18675 35349 35355 35356 33518
18676 35357 35358 35354 33514
18677 35359 35360 35361 35357 33516 33541
18678 35362 35363 35351 35364 35365 33550
18679 35366 35367 35368 35362 33555 35369
18680 35370 35352 35363 35368
18681 35359 35371 35369 33556 33498 33542
18682 35358 35353 35370 35367 35372 35361
18683 35356 35373 35365 33554 33496 33519
18684 35360 35372 35366 35371
18685 35350 35364 35373 35355
18686 35374 35356 33530 35375
18687 35376 35377 35378 35379 35380 35355 35374 35381
18688 35382 35383 35379 35384 33523 35385
18689 35380 35384 33529 35349
18690 35386 35377 35387 35382 35388 35389
18691 35388 35385 33526 35390
18692 35390 35389 35391 35381 35375 33531
18693 35376 35386 35391
18694 35383 35378 35387
18695 35392 35393 35394 35395 35396 26165 26205
18696 35393 35397 35398 35399
18697 35392 35399 35400 35401 33963 26195
18698 33937 33964 35402 35403 35404 19786 19709
18699 19774 26166 35396 35405 35404 19781
18700 35402 35406 35401 33961
18701 35407 35394 35397
18702 35406 35400 35398 35407 35395 35405 35403
18703 35408 35399 35409 35410 35411 34075 27125 25789 33614 26246 26197
18704 35408 35393 35412 26235 26247 26207
18705 35397 35413 35414 35415 34071 25786 33617 26236 35412
18706 35416 35415 34076 35411
18707 35416 35414 35417 35410
18708 35409 35417 35413 35398
18709 35408 35392 26196
18710 34082 35411 35418 27140 27126
18711 27141 35418 35410 35419 35420 33959
18712 35401 35421 35420 33960
18713 35421 35419 35409 35400
18714 26180 33863 33601 35422 35423 35424 35425 35396
18715 35394 35426 35424 35427 33585 26241 35412
18716 35423 35428 33602 35427
18717 35428 33597 35422
18718 35426 35425 35395
18719 35429 35430 35431 35432
18720 27156 35433 35432 35434 35435
18721 35429 35436 35437 35438 35439 20952 27143 35433
18722 35439 35440 35259 20948
18723 35260 35440 35438 35441 35442 35443 35444 35445 35249
18724 35446 35275 35262 35447 35448 35449
18725 35450 35444 35451 35452 35449 35453 35454
18726 35435 27155 20954 18686 35258 35455 35448 35453 35456
18727 35446 35278 35244 35457 35452
18728 35457 35248 35445 35451
18729 35263 35447 35455
18730 35458 35441 35437 35459
18731 35431 35460 35454 35456 35434
18732 35458 35442 35461
18733 35430 35436 35459 35461 35443 35450 35460
18734 34639 34789 35462 35463
18735 35464 34786 35462 35465 35466
18736 34659 34640 35463 35465 35467 35468
18737 33110 35469 35470 35468 34660
18738 35471 35464 34778 34794 34657 33100 35469
18739 35471 35466 35467 35470
18740 33199 35472 35473 35474 35475 34783
18741 33197 35472 35476 35477 35478 35479
18742 35476 35473 35480 35481
18743 35474 35482 35483 35480
18744 35484 35485 35486 35487
18745 35488 35482 35475 34785 35462 35489 35485
18746 35484 35488 35483 35481 35477 35490
18747 35486 35489 35465 35491
18748 35492 34777 35464 35493
18749 35479 33202 34784 35492 35494
18750 35493 35494 35478 35490 35487 35491 35466
18751 35495 35496 35497 35498 35499 35500 35501
18752 35502 35503 35495 35504 35505
18753 35506 35507 35496 35504 35508
18754 35509 35510 35511 35512 35505 35508 35513
18755 35514 35497 35507 35515
18756 35516 35517 35518 35519 35520 35498 35514 35521 35509
18757 35522 35501 35503
18758 35521 35515 35506 35513
18759 35523 35524 35500 35522 35502 35512 35525 35526
18760 35525 35527 35528 35529 35511
18761 35499 35520 35530 35531 35532 35524
18762 35510 35516 35533 35534 35535 35536 35537 35529
18763 35532 35538 35523
18764 35535 35539 35540
18765 35541 35519 35530 35542
18766 35541 35518 35543 35534 35539 35544
18767 35543 35517 35533
18768 35537 35528 35545
18769 28776 35211 35546 35502 35547 35548 33852
18770 35549 35503 35546 35212 35230 35550
18771 35495 35549 35551
18772 35552 35504 35551 35550 35231 35214 20910 33850 33831
18773 35553 35548 33853
18774 35552 35505 35547 35553 33854 33830
18775 20946 18654 20913 35220 35554 35555 35507 35556 33841
18776 35557 35558 35554 35224
18777 35552 35508 35559 33837
18778 35556 35506 35559 33840
18779 35229 35557 35560 35550
18780 35558 35560 35551 35496 35555
18781 35554 35561 35562 35563 35221
18782 35264 35222 35563 35564 35440
18783 27144 33842 35556 35515 35565 35566 35562 35564 35439 20943
18784 35555 35497 35567 35566 35561
18785 35567 35514 35565
18786 35196 35285 35568 35557 35225
18787 35560 35549 35501 35569 28786 35292 35568
18788 35522 35569 28794 28771 35219 35546
18789 35548 35570 35525 35571 33856
18790 28792 28807 35572 35523 35573
18791 28784 28812 35574 35500 35569
18792 35512 35570 35547
18793 35524 35572 28805 35574
18794 35575 28755 35576
18795 28804 35302 28753 35575 35577 35532 35572
18796 33826 35578 35579 33870
18797 35578 35580 33858 33797
18798 35581 35582 35583
18799 35584 35585 35586 35587
18800 35588 35584 35589 35590 33566 35591 35592
18801 35585 35593 35594 35588
18802 35595 33571 35590 35596
18803 35597 35595 33569 35591 35598 35599
18804 35600 35599 35601 35602
18805 35581 35603 35587 35589 35596 35597 35600 35604 35539 35605
18806 35602 35604 35535 35606
18807 35603 35586 35593 35607 35582
18808 35608 35596 35609 35610 35611
18809 35612 35608 35597 35613
18810 35600 35613 35614 35615
18811 35616 35617 35618 35619 35620 35611 35612 35614 35621 35543
18812 35622 35616 35518
18813 35541 35623 35581 35624 35625 35626 35617 35622
18814 35627 35628 35587 35629 35610 35620
18815 35630 35627 35619 35631 35625
18816 35629 35589 35609
18817 35631 35626 35618
18818 35630 35628 35603 35624
18819 35604 35615 35621 35534
18820 35528 35632 35633 35634 33796 35578 35635
18821 35636 35637 35633 35638 35639 33872
18822 35537 35632 35638 35640
18823 33821 35641 35636 33869
18824 35634 35637 35641 33802
18825 33543 35642 35643
18826 35644 28909 35645 35646 33544 35643 35647 35648 35649
18827 35650 33545 35646
18828 35650 33546 28910 35645
18829 35651 35652 35649 35653 35654
18830 35655 28914 35644 35653
18831 35651 35656 35657 33538 35642 35647 35658
18832 35655 28913 35659 35660 35656 35654
18833 35660 35657 33540 28911 35661
18834 35661 28912 35659
18835 35658 35648 35652
18836 35662 35663 35664 35616 35517
18837 35665 35666 35617 35664
18838 35667 35668 35618 35666 35669
18839 35670 35619 35668
18840 35671 35672 35673 35621 35533 35662
18841 35674 35675 35611 35676 35677 35678 35672
18842 35612 35675 35679
18843 35614 35679 35674 35673
18844 35680 35676 35620 35670 35667 35681
18845 35677 35680 35682
18846 35671 35678 35682 35681 35669 35665 35663
18847 28806 35291 35683 35684 35685 35499 35574
18848 35686 35687 35288 35325 35688
18849 35689 35690 35686 35691 35692 35693
18850 35568 35284 35326 35688 35691 35694 35695 35696 35561 35558
18851 35685 35697 35698 35567 35498
18852 35290 35683 35699 35689 35700
18853 35289 35700 35690 35687
18854 35692 35701 35694
18855 35696 35702 35698 35566
18856 35684 35699 35693 35701 35695 35702 35697
18857 35226 35203 35329 35703 35704 35705 35694 35706 35707 35563
18858 35707 35708 35696 35562
18859 35328 35709 35703
18860 35327 35688 35710 35704 35709
18861 35691 35710 35705
18862 35706 35695 35708
18863 35312 28729 35711 35712
18864 35713 35668 35631 35714 28742 28730 35711 35715
18865 35716 35717 35666 35626 35714 28734 35313 35718
18866 35719 35720 35715 35712 35311 35721
18867 35720 35713 35667 35722
18868 35716 35723 35724
18869 35304 35718 35724 35725 35721
18870 35717 35669 35722 35719 35725 35723
18871 35624 35726 28736 35727 35582
18872 35625 35726 28735 35714
18873 28751 35305 35718 35728 35530 35729 35575
18874 35622 35664 35730 35716 35728 35519
18875 35717 35665 35730
18876 35728 35724 35731 35685 35520
18877 35295 35303 35721 35732 35683
18878 35684 35732 35725 35731
18879 35733 35734 35735 35662 35516
18880 35736 35509 35733 35737
18881 35736 35738 35739 35740 35698 35565 35521
18882 35697 35731 35723 35730 35663 35735 35741 35742 35740
18883 35743 35742 35739
18884 35738 35743 35741 35734 35737
18885 35744 35740 35702 35708 35745 35746
18886 27147 33848 33828 35747 35748 35749
18887 35750 35745 35707 35564 35438
18888 35751 35746 35750 35437 35752
18889 35753 35752 35436 35754
18890 35755 35739 35744 35751 35753 35756 35757
18891 35758 35756 35754 35429 35759
18892 33847 33836 35559 35513 35736 35760 35761 33805
18893 35762 35763 35759 35433 27148 35749
18894 35758 35757 35764 35763
18895 35765 35761 33822 35747
18896 35748 35765 35760 35738 35755 35764 35762
18897 35742 35766 35767 35768 35652 35769 35770 35744
18898 35769 35658 35771 35772 35682 35773 35774 35693 35775 35776
18899 35768 35648 35771 35777 35778
18900 35774 35779 35719 35732 35699
18901 35780 35776 35770 35746
18902 35781 35767 35778 35782 35671 35735
18903 35782 35678 35772 35777
18904 35779 35722 35681 35773
18905 35780 35775 35701 35706 35745
18906 35781 35766 35741
18907 35783 35784 35785 35749 27157 35786 34096 32786 34091
18908 34099 35787 35788 35789 35790 34095
18909 35791 35792 35759 35432 35793 35794 35789
18910 35794 35795 35788
18911 34094 35790 35791 35796 35783
18912 35797 35435 27154 35786 34097
18913 34098 35797 35434 35793 35795 35787
18914 35796 35792 35763 35798 35784
18915 35785 35762 35798
18916 33593 33868 33823 35747 35799 35800 35801 35422
18917 32755 33862 33849 27153 35786 34100 32784
18918 35802 35783 34092 19782 35404
18919 35425 35803 35804 35800 35805 35784 35802 35405
18920 35801 35804 35806 35423
18921 35803 35806 35424
18922 35805 35785 35748 35799
18923 35807 35808 35809 35810 35811 35812 35813 35814
18924 35815 35816 35817 35818 35807
18925 35819 35820 35821 35808 35815
18926 35821 35822 35823 35809
18927 35819 35824 35825 35816
18928 35811 35826 35827 35828 35829 35830
18929 35831 35832 35828 35833 35825 35817 35834
18930 35823 35835 35826 35810
18931 35812 35830 35836 35831 35837 35838
18932 35839 35837 35834 35818 35814
18933 35836 35829 35832
18934 35839 35838 35813
18935 28704 35840 35815 35841 35842
18936 35840 35816 35843 35844 28695
18937 28713 35845 35843 35817 35846
18938 35847 35818 35846 28708 35842
18939 35841 35807 35847
18940 35133 35848 35112 28698
18941 35819 35840 28694 35849 35850
18942 28705 35842 35851 35129
18943 35851 35841 35808 35852 35853 35126
18944 35852 35821 35854 35101 35855
18945 35848 35110 35855 35853 35134
18946 35856 35857 35858 35859 35860
18947 35856 35861 35809 35852 35862
18948 35857 35863 35823 35861
18949 35859 35864 35099 35865
18950 35860 35865 35100 35855 35862
18951 28685 35866 35867
18952 28684 35866 35868 35825 35843 35869
18953 20971 35870 35871 35826 35872 35873
18954 35870 35874 35830 35875 13249 20757 20973
18955 13244 35876 35877 35829 35875
18956 35873 20978 35878
18957 35811 35871 35874
18958 35828 35877 35879
18959 35880 35832 35877 35881 35866 28689 35882
18960 35846 28707 35883 28691 35882 35884 35834
18961 35880 35831 35884
18962 35885 35880 35836 35875 13270 13277 35886
18963 20743 35887 35888 35889 35838 35890 35886 13279 20796 28622 20763
18964 35891 35892 20760 20727 35887
18965 35888 35893 35870 20970 35894 35891
18966 35892 35894 20974 20761
18967 35837 35884 35885 35890
18968 35893 35874 35812 35889
18969 35885 35882 28690 13285 35895
18970 35896 35839 35890 35895 13282 20821 35130
18971 35814 35847 35851 35125 35896
18972 13283 35895 35886
18973 28623 20728 35887 35897 35898 35899
18974 35899 35900 35901 35132 20815 28620
18975 35902 35888 35897
18976 35898 35902 35889 35813 35896 35124 35903 35900
18977 35131 35903 35901
18978 35904 28672 28614 28630 35905 35906 35907
18979 35908 35909 28673 35904 35910
18980 35911 35912 35913 35914 35915 35916 35917 35908
18981 20807 28621 35918 35919 35913 35920
18982 35914 35920 20809 20838 28671 35921
18983 35906 35922 35923
18984 35922 35905 28629 35924 35925 35926
18985 28670 35921 35915 35927
18986 28666 35928 35917 35909
18987 35929 35918 28625 35924
18988 35912 35919 35929 35925 35930
18989 35907 35923 35926 35930 35911 35910
18990 35931 35932 35933 35934
18991 35932 35935 35936 35937 35938
18992 35939 35933 35935 35940 35941 35942
18993 35943 35934 35939 35944
18994 35944 35942 35945 35946 35947
18995 35943 35931 35938 35948 35949 35950 35947
18996 35945 35941 35951 35952 35953
18997 35946 35953 35954 35955 35950
18998 35951 35940 35936 35956
18999 35948 35937 35956 35952 35954 35957
19000 35957 35949 35955
19001 35932 35958 27611 35959 35960 35961
19002 35962 27609 35959 35963
19003 35964 27599 35958 35935
19004 35965 35963 35960 35966
19005 35937 35967 35968
19006 35936 35964 27612 35962 35965 35969 35967
19007 35938 35961 35966 35969 35968
19008 35970 20966 35971 35972 35973
19009 35974 35975 35973 35976 35939
19010 29009 20967 35970 35975 35977
19011 29019 35977 35974 35942 35978
19012 35978 29017 35979 27596 35980 35941
19013 35980 27595 35964 35940
19014 35958 27598 35981 35972 35976 35933
19015 35982 35983 35984 35985
19016 35986 35987 35974 35944 35988 35982
19017 35989 35990 35947 35988 35983 35991
19018 35986 35992 29013 35993 35994 35995 35985
19019 35996 35997 35991 35984 35995
19020 35993 29018 35978 35945 35998
19021 35998 35946 35990 35999 35996 35994
19022 29010 35977 35987 35992
19023 35989 35999 35997
19024 36000 36001 35961 35931 36002 36003
19025 36004 36005 35966 36001 36006 36007
19026 36008 36000 36006 36009 36010
19027 35991 36011 36012 36013 36010 36014 36015
19028 35989 36016 36017 34396 36018 36015
19029 35990 35950 36019 36016
19030 34395 34383 36020 36007 36009 36014 36018
19031 36008 36003 36021 36013
19032 36017 36019 35949 36022 34375 34391
19033 36022 35948 35968 36023 36004 36020 34382
19034 35969 36005 36023
19035 36012 36021 36002 35943 35988 36024
19036 36024 35983 36011
19037 34277 20325 34423 34360 27634 36025
19038 27631 36026 34237 36027 35998 35953 36028 34276 36025
19039 35993 29014 34234 36027
19040 35952 36029 34314 34275 36028
19041 34313 27605 35980 35951 36029
19042 34239 27548 27628 36026
19043 36030 36031 36032 36033 36034
19044 34403 36035 36034 36036 36037
19045 36036 36030 36038 36039 36040 36041
19046 36041 36042 27647 27639 36025 34283 36043 35955 36019 36044 34393 36037
19047 36045 36046 35999 36016 36044 34402 36047
19048 36031 36048 34230 36049 36038
19049 36048 34235 36027 35994 36050 36045 36051 36032
19050 34398 36047 36051 36033 36035
19051 35996 36050 36046
19052 34289 36028 35954 36043
19053 36052 27648 27629 36026 34238 36049 36039
19054 36052 27644 36042 36040
19055 35965 36053 34318 36054 36005
19056 35962 27606 34315 36053
19057 36023 36054 34320 36029 35956 35967
19058 34386 34306 34300 36055 36056
19059 35957 36043 34284 34376 36022
19060 36055 34297 34319 36054 36004 36057
19061 36056 36057 36020 34387
19062 34428 27645 36042 36058
19063 36041 36058 34430 36059
19064 36059 36037 34394 34437
19065 36017 36044 34392
19066 36060 36061 36062 36063 36064
19067 36065 36066 36067 36068 36061
19068 36068 36069 36070 36071 36072 36073 36074 36062
19069 36075 36067 36069
19070 36076 36077 36078 36070 36075 36066
19071 36078 36071 36079 36080
19072 36065 36076 36081 36082 36083 36060
19073 36084 36085 36074 36063
19074 36086 36081 36077 36080 36087 36088 36089
19075 36090 36091 36084 36064 36083 36092 36089 36093
19076 36094 36095 36096 36073 36085 36091
19077 36097 36098 36087 36079 36072 36096
19078 36099 36098 36088 36093 36100
19079 36082 36086 36092
19080 36099 36097 36095 36101
19081 36094 36101 36100 36090
19082 36102 36103 36104 36105 36078
19083 36106 36107 36108 36103
19084 36109 36110 36108 36102 36080
19085 36104 36106 36111 36112 36113
19086 36114 36111 36107 36110 36115
19087 36116 36117 36113 36105 36071
19088 36079 36109 36115 36118 36116
19089 36112 36114 36118 36117
19090 24071 36119 36120 36121 36122
19091 36123 36124 36119 24072 36125 36126 36086
19092 36127 36128 36120 36124 36129
19093 36130 36131 36127 36132 36133 36134 36135
19094 36136 36121 36128 36132
19095 36137 36082 36123 36129 36131
19096 36138 36139 36140 36141
19097 36142 36135 36143 36139
19098 36144 36126 36092 36137 36130 36143 36138
19099 36145 36146 24061 36125 36144 36141
19100 36147 36146 24063 36122 36136 36133
19101 36140 36142 36134 36147 36145
19102 36148 36149 36150 36151 36152 36153
19103 36154 36155 36156 36157 36149 36158
19104 36148 36158 36159
19105 36160 36161 36162 36154 36159 36153 36163 36164
19106 36165 36166 36157 36150 36167
19107 36168 36156 36166 36169
19108 36170 36151 36167 36171 36172 36164
19109 36173 36169 36165 36171 36174 36161
19110 36155 36168 36173 36162
19111 36170 36152 36163
19112 36172 36174 36160
19113 36175 36176 29027 36177
19114 36178 36179 36180 36181 36030 36182 36183 29031 36176
19115 36149 36184 36185 36186 36187 36188 36189
19116 29033 36190 36191 36158 36189 36192 36179 36193 36177
19117 36180 36194 36195 36188 36192
19118 36196 36182 36034 36197 36198 36156
19119 36199 36200 36201 36202 36203
19120 36204 36205 36199 36206 36031 36181 36194
19121 36032 36207 36208 36200 36206
19122 36178 36193 36175
19123 36209 36204 36195 36187
19124 36186 36210 36203 36205 36209
19125 36208 36201 36211
19126 36183 36196 36155 36212 36190 29032
19127 36185 36210 36202 36211 36207 36033 36197 36213
19128 36213 36198 36157 36184
19129 36154 36212 36191
19130 20485 24077 34429 36059 36036 36182 36214
19131 36169 36215 36216 36217 34417 34458 24080 20477 36218
19132 20486 36214 36196 36168 36218
19133 36216 36219 34401 36035 36197 36220
19134 34409 36219 36217
19135 36215 36220 36198 36166
19136 36087 36109 36221 36222 36223 24065 36224
19137 36225 36167 36226 36227 36228 36221 36115
19138 36228 36229 36230 36222
19139 36231 36230 36223 24066
19140 36229 36227 36232 24067 36231
19141 36233 24051 36232 36226 36171
19142 36097 36234 24046 36233 36172 36235 36236 36237
19143 36234 24052 36224 36098
19144 36238 36239 36170 36240 36236 36241
19145 36239 36151 36225 36118 36242
19146 36242 36116 36072 36243 36238
19147 36241 36243 36096 36237
19148 36164 36235 36240
19149 29039 20474 24094 36244 36245
19150 36216 36246 36247 36248
19151 24078 34459 34404 36217 36246 36249 36250 36251 24048
19152 36247 36249 36252 36253
19153 36254 36251 24049
19154 24050 36254 36250 36252 36255 36232
19155 36256 36173 36218 20478 29035
19156 36255 36253 36248 36215 36165 36226
19157 24095 24045 36233 36174 36257 36244
19158 29040 36256 36161 36257 36245
19159 36183 36214 20488 29034
19160 36190 36258 29036
19161 36256 36162 36212 36258 29037
19162 36259 36260 36261 36262
19163 36263 36264 36265 36266 36267 36261 36268
19164 36269 36268 36262 36270 36271 36272
19165 36273 36274 36275 36276 36259 36270 36277
19166 36278 36276 36260 36267
19167 36279 36280 36281 36263 36269 36282
19168 36283 36284 36282 36272
19169 36271 36277 36285 36286 36283
19170 36287 36288 36289 36275 36278 36266
19171 36286 36290 36291 36292 36279 36284
19172 36293 36294 36288 36295 36273 36285 36290 36296
19173 36297 36265 36287 36294 36298
19174 36274 36289 36295
19175 36299 36293 36298 36300 36280 36292
19176 36264 36297 36300 36281
19177 36299 36296 36291
19178 36301 36302 16716 24093 36244 36303 36261 36304
19179 36305 36306 30269 16718 36302 36307 36308
19180 36309 36310 36311 36101 36312 36308
19181 36305 36313 30270 24047 36234 36099 36312
19182 36314 36235 36160 36257 36303 36260
19183 36315 36316 36237 36095 36311
19184 36317 36304 36262 36318 36315 36310
19185 30265 36313 36306
19186 36301 36307 36309 36317
19187 36259 36314 36236 36316 36318
19188 30111 20496 29022 36319 36264 36320
19189 36263 36320 30115 36321 36322 36323
19190 30119 36321 36324
19191 36303 36245 29038 36325 36267
19192 36325 29030 36326 36266
19193 36301 36327 36328 36329
19194 36302 16717 30118 36330 36327
19195 36322 36324 30117 36330 36328 36331
19196 36331 36329 36304 36268 36323
19197 36265 36326 29024 36319
19198 36332 36316 36241 36333 36334 36277
19199 36318 36270 36332
19200 36314 36240 36163 36335 36336 36337 36276
19201 36238 36338 36339 36333
19202 36239 36152 36335 36340 36341 36338
19203 36274 36342 36336 36340 36343
19204 36339 36341 36343 36273 36334
19205 36337 36342 36275
19206 36344 36153 36335
19207 36344 36159 36191 36258 29041 36345 36336
19208 36337 36345 29029 36325 36278
19209 36346 36347 25240 36348 36349 36350 36351
19210 25235 36348 36352
19211 25230 36353 36354 36347
19212 36355 36356 36351 36357 36358
19213 36359 36360 36322 36361 36355 36362
19214 36356 36346 36354 36363 30116 36321 36361
19215 36320 36281 36364 25238 36353 36363 30114
19216 36365 36366 36367
19217 36349 36352 25241 36364 36280 36368 36365 36369
19218 36366 36369 36350 36357 36370
19219 36359 36371 36282 36372
19220 36360 36323 36269 36371
19221 36370 36367 36368 36279 36372 36362 36358
19222 36373 36372 36284 36374 36375
19223 36376 36377 36375 36378 36379
19224 36380 36381 36283 36374 36377
19225 36380 36382 36376
19226 36383 36371 36272 36381 36382 36379
19227 36383 36359 36373 36378
19228 36384 36385 34053 36386
19229 36385 36387 36388 36389 34050
19230 36387 36390 36391 36334 36285 36392 36384
19231 34055 36393 36394
19232 36393 34056 36395 36396 36397 36398
19233 36380 36399 36400 36401 36398 36394 34059 36402 36403
19234 36390 36404 36405 36388
19235 36073 36243 36333 36391 36404 36406
19236 36407 36094 36311 36408 36400 36409 36410
19237 36409 36411 36397 36401
19238 34057 36389 36405 36406 36085 36412 36413 36395
19239 36396 36413 36414 36410 36411
19240 36381 36271 36332 36315 36408 36399
19241 36407 36091 36412 36414
19242 34058 36386 36392 36286 36374 36415 36402
19243 36377 36415 36403
19244 36287 36326 29025 36416 36175 36417 36418
19245 36289 36342 36345 29028 36177 36417 36419
19246 36419 36418 36288
19247 29026 36176 36416
19248 36392 36290 36420 36421
19249 36296 36422 28876 36423 36420
19250 36384 36424 36425 36426 28889 36423 36421
19251 36427 36428 36429 36341 36430 36431
19252 36295 36343 36429 36432 36433 36419
19253 27943 36434 36432 36428 36435 28887
19254 36436 36427 36435 28888 36426
19255 36437 36387 36424
19256 36436 36431 36438 36390 36437 36425
19257 36391 36339 36430 36438
19258 36294 36418 36433 36434 27947 36439
19259 36293 36439 27950 28883 36422
19260 20509 36440 27945 36441 25226
19261 25236 20466 20494 29021 36319 36297 36442
19262 36440 27946 36443 36444 36178 36416 29023 20493
19263 36417 36193 36444 36445 36433
19264 36445 36443 27937 36434
19265 25233 36441 27944 36446
19266 36298 36442 25239 36446 27948 36439
19267 36447 36192 36448 36445 36432
19268 36179 36448 36444
19269 36340 36344 36148 36189 36447 36429
19270 36300 36442 25237 36364
19271 36449 30112 20468 25229 36353
19272 30113 36449 36363
19273 36450 16552 29180 36451 36452
19274 29181 17314 9150 36453 36454
19275 36455 36450 16550 12886 9161 36456 36457
19276 36458 36456 9160 36459 36460
19277 36453 9171 36459 36461 36462
19278 36451 29179 36454 36462 36463
19279 36457 36464 36458
19280 36461 36463 36452 36455 36464 36460
19281 36465 36466 36467 29183 29189 30982
19282 36465 36468 36469 29049 30983
19283 36470 36450 16553 12885 29050 36469
19284 29178 36451 36471 36467
19285 36472 29051 28490 16568 16525 29186 30978
19286 36472 29047 30975
19287 36466 36471 36452 36470 36468
19288 29117 9159 36456 36473
19289 36469 36474 36457 36473 29116 29108 29083 29055
19290 36455 36470 36474
19291 36475 29242 29169 31008 30987 36476 36477 36478
19292 36479 29245 29270 29214 29177 36467 36480 36478
19293 30986 36465 36481 36476
19294 29220 36479 36475
19295 36480 36466 36481 36477
19296 29111 29118 36473 36458 36482 36483 36484
19297 36485 36484 29113 31190
19298 36483 36486 36459 9158 24286 31186 36485
19299 36460 36486 36482
19300 36487 24117 31005 36488 36489 36490 36491
19301 31006 30999 36492 36493 36488
19302 36494 36495 36496 36497 30977 30970 36498 36499
19303 31003 30952 31016
19304 36500 30955 31017 24096 36501
19305 36502 36490 36503 36504 36494 36505
19306 36506 36499 36505 36507
19307 36508 36509 36510 36491 36502 36507
19308 36511 36495 36504
19309 36498 30973 30954 36500 36512 36508 36506
19310 36487 24110 36513 36510
19311 36492 30988 36497 36514
19312 36513 24119 36501 36512 36509
19313 36511 36496 36514 36493 36489 36503
19314 36488 31010 29786 36515 36516
19315 29781 29226 36517 36518 36515
19316 36519 30990 36492 36520
19317 36521 29224 29788 31009 30992 36519 36522
19318 36523 36521 29222 36517
19319 36518 36523 36522 36520 36493 36516
19320 36524 29086 29046 36472 30976 30966
19321 36525 36499 36526 30900 36527
19322 36528 36529 31607 29089 30892 36527
19323 36498 30971 30899 36526
19324 36525 36494 36530 36528
19325 36495 36531 36532 31608 36529 36530
19326 30969 36524 29085 30919
19327 30974 29048 29087 29082 31605 36532 36533 36497
19328 36531 36533 36496
19329 36534 36478 36535
19330 36536 36537 36535 36475 29221 36521
19331 36538 36539 36476 30989 36519
19332 36539 36477 36534 36537 36540
19333 36538 36540 36536 36522
19334 36541 36542 36543 36544 30290 31132
19335 30292 36545 36546 36544
19336 36547 36548 31233 30287 36545
19337 36549 36550 31232
19338 31243 31231 36550 36551 36552 31127
19339 36553 36554 36555 36551 36549 31209 36556 36557
19340 36555 36552 31130 36558
19341 31221 36556 36559 36548
19342 36541 31133 36558 36554 36560
19343 36547 36559 36557 36561 36543 36546
19344 36560 36553 36561 36542
19345 36562 36563 36564 24064 36122
19346 36565 36566 36567 36562 36136 36568
19347 36567 36563 36569 31224 36548 36570
19348 36571 36572 36573 36545 30288 30256 36574 36575
19349 36566 36570 36547 36573 36576
19350 36577 36147 36578 36575
19351 30251 24060 36146 36577 36574
19352 36578 36133 36568 36579 36571
19353 36564 36569 31236 24058
19354 36572 36576 36565 36579
19355 27341 30510 30483 36580 36581 36582 32154 32188 32196
19356 30412 30470 36583 36584 29318 36585 32113
19357 30484 30501 30469 36586 36587 36580
19358 36586 36588 36589 36583 30462
19359 36590 36589 36584 29319 36591
19360 32100 36585 29311 36591 36592 36593 32152
19361 36594 36593 32153 36582
19362 36592 36590 36588 36587 36581 36594
19363 30509 30487 36580 36595 36596 30527
19364 30518 36597 36598 36599 30499
19365 36586 36600 36597 30524 30463
19366 30500 36599 36601 36596 30534
19367 36600 36598 36601 36595 36587
19368 32157 36582 36602 36603 30529
19369 36604 36605 36606 31455
19370 36606 36607 36608 31502 31456
19371 36604 36609 36593 32156 31454
19372 23143 36610 36611 36603 30535
19373 36610 36612 36613 31500 23134
19374 36608 36614 36615 31503
19375 36615 36616 36613 31504
19376 36602 36594 36609 36605 36607 36614 36616 36612 36611
19377 36617 36618 36619 21170 21203 29306 29312 36591
19378 36604 36620 36618 36621 31478 31470
19379 31477 21163 36619 36621
19380 29313 36585 32101
19381 36620 36617 36592 36609
19382 32405 30516 36622 36623 36624 32390
19383 36625 36622 30515 36597
19384 30498 23098 32386 36626 36627 36599
19385 32383 36624 36628 36626
19386 36625 36623 36628 36627 36598
19387 36629 31115 31201 36630 36631
19388 36629 31114 31112 31124 36632 36633
19389 36634 36635 36633 36631 36636 32397 36637
19390 32403 14631 31125 36632 36635 36638 36622 30521
19391 36630 31193 31626 32398 36636
19392 36639 36637 32396 32382 36624
19393 36639 36634 36638 36623
19394 36603 36640 36596 30528
19395 30765 32399 32384 36626 36641 36642
19396 36643 36644 36642 30754 23162 23124 23132
19397 36645 36643 23135 36610
19398 36640 36601 36627 36641 36644 36645 36611
19399 36640 36595 36581 36602
19400 36646 36647 36618
19401 31533 31529 36648 36649 36650 36647 36621 31485 31539
19402 36651 31530 36652 36649 36653 36606 31464 31508
19403 36652 36648 31526
19404 31509 31519 36651 31507
19405 36620 36646 36650 36653 36605
19406 31525 31260 36654 36655 36652
19407 36656 36657 36654 31272 31300 36658 36659
19408 36651 31520 31284 36660 36659 36661 36608 31506
19409 36655 36657 36662 36649
19410 31287 36658 36660
19411 36661 36656 36662 36653 36607
19412 36615 36663 36664 36665 23007 22777 22759 31505
19413 36665 23008 22789 31285 36660 36666 36667 36668
19414 36669 36666 36659
19415 36668 36670 36664
19416 36663 36670 36667 36669 36661 36614
19417 36643 36671 36672 30756 23160 23071 23066 23133
19418 23070 23011 36673 36674 36613 31501 23063
19419 23025 30758 36675 36676 36673
19420 36672 36677 36675 30757
19421 36674 36676 36677 36671 36645 36612
19422 36678 36679 36680 31289 36681
19423 23031 31316 31290 36680 36682 36683
19424 36684 36685 36679 36682 36686
19425 23009 36687 36665
19426 36666 36688 36681 31288 36658
19427 36689 36690 36686 36683 23035 23015 36687 36668
19428 36684 36691 36690
19429 36688 36678 36685 36691 36689 36667
19430 36692 36664 36687 23010 36673
19431 36674 36692 36663 36616
19432 36672 30755 36642 36693
19433 36693 36644 36671
19434 36675 30769 30788 36694 36690 36695
19435 36694 36686 36696 30787
19436 36696 30785 23030 36683
19437 36670 36689 36695 36676 36692
19438 36697 36698 36134 36578
19439 36698 36135 36699 36700 36701 36702 36703 36704 36705
19440 36706 36707 36708 36709 36701
19441 36710 36131 36711 36706 36700
19442 36711 36127 36712 36713 36707
19443 36132 36712 36714 36715 36568
19444 36710 36130 36699
19445 36716 36715 36579 36717 36704
19446 36718 36709 36702
19447 36697 36571 36717 36705
19448 36718 36708 36713 36714 36716 36703
19449 30422 36719 36720 36721 36722 36723 36544 30293 30432 30378 30362
19450 36625 36638 36724 36725 36726 36727 36588 36600
19451 36728 36541 31135 36632 36729
19452 36730 36729 36635 36724
19453 36723 36543 36731
19454 36725 36730 36728 36542 36731 36722 36732
19455 30461 30410 36719 36733 36734 36735 36583
19456 36727 36736 36735 36589
19457 36720 36737 36733
19458 36736 36726 36732 36721 36737 36734
19459 36738 36739 36142 36698 36740 36741 36742 36743 29299
19460 36744 36745 36139 36739
19461 36738 36744 36746 36747 21173 29302
19462 36705 36748 36740
19463 36749 36701 36750
19464 21181 36751 36749 36700 36752 36747
19465 36743 36753 36702 36750 36751 21180 29307
19466 36745 36143 36699 36752 36746
19467 36748 36704 36754 36741
19468 36703 36754 36742 36753
19469 29300 36743 36755 36756 29320
19470 29272 36757 36733 36758 36756 29316
19471 36757 36720 36759 36760 36740 36697 36575 36761 36762 29273
19472 36761 36577 36145 36763 36764
19473 36762 36764 36765 29296 29274
19474 36763 36140 36739 36766 29294 36765
19475 36766 36738 29298
19476 36741 36767 36760
19477 36742 36767 36759 36737 36758 36755
19478 30408 36768 29286 36769 36770 32115
19479 36770 36771 29314 32095
19480 29315 29282 36769 36771
19481 36735 36772 36756 29317 36584
19482 30409 36719 36757 29287 36768
19483 36758 36734 36772
19484 36773 36774 36775 36776 36777 36778 36779
19485 36780 36781 36775 36782
19486 36776 36782 36783 36784
19487 36785 36786 36780 36783 36787 36788 36789 36790
19488 36774 36781 36786 36791
19489 36792 36793 36789
19490 36778 36794 36792 36788 36795
19491 36787 36784 36777 36795
19492 28537 13659 6723 6766 36796 36797
19493 36798 28556 36799 36800 36801
19494 36801 36802 36803
19495 28535 28553 36798 36802 36804 36797
19496 29494 36805 36806 36807 36808
19497 36809 36810 29658 36811
19498 36812 36805 29493 29602
19499 29601 36812 36806 36813 36814 36815
19500 36815 36816 29656 36817 29592
19501 29659 36810 36818 36814 36816
19502 36807 36819 36809 36818 36813
19503 36820 36821 36822 36823 36824 36825 36826
19504 36827 36828 36829 36830 36823 36831
19505 36824 36831 36832 36833
19506 36834 36835 36836 36827 36832
19507 36834 36837 36838 36825 36833
19508 36839 36840 36822 36830
19509 36841 36842 36821 36840 36843 36844 36835 36837
19510 36844 36845 36828 36836
19511 36841 36846 36826 36838
19512 36829 36839 36843 36845
19513 36820 36842 36846
19514 21557 36847 36836 36848 36849 36850
19515 36835 36847 21560 36851
19516 36852 36853 36850 21549 29675 36854
19517 29678 36855 36852 36856 29627
19518 36853 36849 36857 36832 36858 29669 29636 36856
19519 21554 36851 36834 36858 29665 29670 21539 36859
19520 29677 36854 36855
19521 36827 36848 36857
19522 36851 21555 36860 36861 36837
19523 36862 36863 36833 36858 29666
19524 36861 36838 36864 36862 29664 21534 36865
19525 36863 36825 36864
19526 21558 36866 36844 36847
19527 36867 36868 36869
19528 36870 36868 36871 36872 36840
19529 36872 36843 36866 21552 36873
19530 36874 36841 36861 36875
19531 36842 36876 36877 36874
19532 36876 36878 36867 36870 36821
19533 36879 36880 36881 36882 36883
19534 36884 28498 28565 28422 36885 36881
19535 36882 36885 28427 28564 36886
19536 36866 21551 13661 28568 36887 36888 36845
19537 36883 36886 28562 28569 13654 21548 36850 36889
19538 36849 36890 36879 36889
19539 28496 28532 28567 36887 36891
19540 36848 36828 36888 36891 28497 36884 36880 36890
19541 36892 36893 36862 29667 36810
19542 36864 36826 36894 36893
19543 36809 36892 36894 36846 36874 36895
19544 36896 36887 28566 28534 36797 36897 36872 36839
19545 36888 36896 36829
19546 36898 36899 36900 36901
19547 36900 36902 28577 36903 36904 36905
19548 36899 36902 28576 28326 28421 36906
19549 36907 28439 28465 36908 36909
19550 36910 12861 28440 36907 36911
19551 36912 36898 36906 28418 36913
19552 36914 36915 36916 36917 36904
19553 36903 28578 28373 36918 36914
19554 12855 28437 28327 28383 36918 36915 36919
19555 36916 36919 12856 36910 36920
19556 36908 36921 36922 13632 28469
19557 36923 36913 28424 13636 36924
19558 36924 13641 36922 36925
19559 36925 36923 36912 36901 36905 36917 36920 36911 36909 36921
19560 30964 36524 29091 28443 36907 36926 36927
19561 29185 16520 12857 36910 36928 36929 30979
19562 36927 36930 36931 30981 30965
19563 30980 36929 36932 36931
19564 36932 36928 36911 36926 36930
19565 35083 36933 36934 36929 30995
19566 36935 29875 29854 35080 36933 36936 36937 36938
19567 36939 36940 36931 30996 30948 31019 36941
19568 29876 36935 36942
19569 31018 36941 36943 36944 36938 36942 29877 29873
19570 36944 36937 36945 36946
19571 36946 36947 36939 36943
19572 36947 36940 36932 36934 36936 36945
19573 36948 36949 28463 16488 30934
19574 36949 28464 36908 36950 36951 36952
19575 36953 36954 30972 30917 30936
19576 36951 36955 36956 36957
19577 36948 36952 36957 36958 36953 30935
19578 36958 36956 36959 36927 30968 36954
19579 36950 36909 36926 36959 36955
19580 36960 36943 36961 36962 36963
19581 36961 36946 36964 36965 36966
19582 36960 36939 36967 36956 36968
19583 36969 36966 36962 36970
19584 36971 36957 36968 36963 36970
19585 36969 36965 36972 36951 36971
19586 36955 36972 36964 36947 36967
19587 31020 36941 36960 36973 36974 36975
19588 30950 31022 36975 36976
19589 30949 30967 36954 36977 36974 36976
19590 36958 36968 36973 36977
19591 36940 36930 36959 36967
19592 36338 36242 36117 36978 36979 36980 36981 36430
19593 36982 36983 36981 36438 36404 36984
19594 36985 36986 36987 36980 36983 36988 36989
19595 36990 36113 36978 36991 36986 36992 36069
19596 36985 36992 36068 36993 36994
19597 36995 36994 36989 36996 36997
19598 36074 36998 36997 36999 36984 36406
19599 36993 36062 36998 36995
19600 36996 36988 36982 36999
19601 36105 36990 36070
19602 36979 36991 36987
19603 37000 37001 37002 37003 37004 37005
19604 37006 37007 37008 37004
19605 37003 37009 37010 37011 37012 29376 37013 37006
19606 37005 37014 37015 37008
19607 29378 37016 37017 37015 37007 37013
19608 37009 37018 37019 37002
19609 37017 37020 37021 37022 37000 37014
19610 37023 37024 37025 37012 29377 37016 37020
19611 37026 37025 37011
19612 37010 37026 37024 37027 37028 37018
19613 37022 37029 37028 37019 37001
19614 37027 37023 37021 37029
19615 36425 37030 37031
19616 37032 37033 37034 37035 37036 36436 37030 37037
19617 37037 37031 36437 36388 37038 37039
19618 36405 36984 37040 37038
19619 37032 37041 36982 37040 37039
19620 37036 37042 37043 37044 36981 36431
19621 37033 37045 37044 36983 37041
19622 37035 37046 37042
19623 37043 37046 37034 37045
19624 37047 37048 37049 37014 37050
19625 37047 37051 37052 37053
19626 37017 37054 37053 37050
19627 37055 37000 37049
19628 37020 37056 37057 37052 37054
19629 37055 37022 37058 37057 37051 37048
19630 37021 37056 37058
19631 37059 37060 37061 34561 37062
19632 37063 37064 34614 37065 37066 37061 34584
19633 37067 37068 37069 37070 37071
19634 37072 37065 34612 37073 37074 37067 37075
19635 37074 37071 37076 37077 37078
19636 37079 37076 37070 37080 37059 37081
19637 37082 37078 37073 34615 37064 37083 34585 37062 37081
19638 34571 37063 37083
19639 37082 37077 37079
19640 37060 37066 37072 37084 37069 37080
19641 37075 37084 37068
19642 25724 37085 37086 37087 29574 10271 25782
19643 29576 29553 37088 37089 37090 21357
19644 37088 37091 37092 37093 37087 29577 29566
19645 37094 37095 37096 37093 37086
19646 37097 37094 37085 25725 37098
19647 37095 37099 37100 37097
19648 37101 37102 37089 37091
19649 37096 37099 37103 37101 37092
19650 37104 29472 29522 37105
19651 37104 29469 37106 37107
19652 37106 29464 37108 37109
19653 37108 29473 37110 37111
19654 29470 29524 37112 37110
19655 37089 37113 29486 21347 21354 29555 37114
19656 37114 37088 29554
19657 37099 37115 37116 37117 37118
19658 37119 37120 37121 37122 37123 37124 37101 37125
19659 37119 37126 37117 37127 37128
19660 37129 37130 37116 37127 37131 37132 37123
19661 37129 37124 37092 37133
19662 37133 37130 37115 37096
19663 37120 37128 37131 37134 37135
19664 37136 37135 37121
19665 37136 37134 37132 37122
19666 29540 29569 37137 37138 37139 29562
19667 37140 37141 37142 37143 37139 29563 37144 37145
19668 29567 29570 37137 37146 37147 37148 37124 37091 37114
19669 37143 37149 37146 37138
19670 37150 37151 37152 37140 37153
19671 29560 37154 37145 37153 37155 37087 29575
19672 37154 37144 29558
19673 37093 37133 37156 37150 37155
19674 37151 37157 37158 37148 37129 37156
19675 37141 37159 37157 37152
19676 37142 37149 37147 37158 37159
19677 37160 37161 37162 37119
19678 37161 37163 29490 23429 37164
19679 37120 37160 37164 23438 37165
19680 37146 37166 37121 37165 23437 37167
19681 37167 23436 29568 37137
19682 37123 37168 37148
19683 37168 37122 37166 37147
19684 35599 35613 35679 37169 33510 37170 37171 37172 37173
19685 37174 37175 33504 37170
19686 35591 37176 37177 33567
19687 37177 33568 37178 37179 37180 37181 37172 37182
19688 37174 37183 37184 37181 37171
19689 37183 37175 33506 33562 37178 37185 37186
19690 33509 33570 35595 35608 35675 37169
19691 37180 37187 37186 37184
19692 37185 37179 37187
19693 37188 37189 37190 37127
19694 37188 37191 37192 37160 37128
19695 37193 37194 37190 37117 37195
19696 37196 37197 29485 37110 37198 37161 37192
19697 37108 29465 37199 37200 37193 37201
19698 37197 29478 37199 37202
19699 37191 37196 37202 37200 37194 37189
19700 37203 37204 37205 37130 37156
19701 37151 37206 37203
19702 37157 37207 37208 37209 37204 37206
19703 37209 37210 37190 37116 37205
19704 37168 37132 37211 37212 37207 37158
19705 37131 37188 37213 37211
19706 37210 37189 37213 37212 37208
19707 37165 23439 37214 37215 37216 37135
19708 37214 37217 37218 37219 37192 37164 23426
19709 37217 37220 37221 37215
19710 37222 37223 37218 37220
19711 37221 37222 37224 37211 37134 37216
19712 37223 37219 37191 37213 37224
19713 30817 29531 37225 37226
19714 37227 30827 37226 37228 37229 37218
19715 37197 29477 29533 37225 37228 37230
19716 37214 23427 30826 37231
19717 37231 30828 37227 37217
19718 37196 37230 37229 37219
19719 37232 37233 37234 37235
19720 37235 37236 37237 37238 37239 37240 37241 37242
19721 37243 37244 37232 37242
19722 37244 37245 37246 37247 37248 37249 37250 37233
19723 37245 37251 37241 37243
19724 37236 37252 37253 37250 37234
19725 37251 37246 37254 37255 37240
19726 37256 37257 37249 37253 37258
19727 37259 37260 37261 37247 37254
19728 37262 37258 37252 37237
19729 37263 37259 37255 37239
19730 37262 37256 37264 37260 37263 37238
19731 37257 37248 37261 37264
19732 37235 37265 37266 37267
19733 29647 37268 37234 37265 37269 29587 29595 37270
19734 37271 37266 37269 29589
19735 29687 37272 37232 37267 37271 29591 29618 29698
19736 37268 29630 29688 37272 37233
19737 14262 30224 37273 37271 29590
19738 37244 37272 29690 37274
19739 30215 37275 37243 37274 29692 29697 13462 29614
19740 37275 37242 37267 37273 30221
19741 37250 37276 29629 37268
19742 37276 29628 36856 37277 37249
19743 29691 21564 37278 37245 37274
19744 37247 37279 36855 29680 21576 37280
19745 37246 37280 21566 37278
19746 37279 36852 37277 37248
19747 30216 21578 37281 37241 37275
19748 37281 37251 37278 21563 6600 13371 21577
19749 37282 37252 37283 37284 37285
19750 37286 37282 37236 37265
19751 29594 37287 37285 37286 37269 29586
19752 37253 37276 29638 29655 36816 37288 37283
19753 36815 37288 37284 37287 29593
19754 37289 37255 37290 13363 13369 21589
19755 37254 37290 13352 13370 6567 6662 21567 37280
19756 21588 37289 37240 37281
19757 29676 6670 6581 28561 13350 37291 37292 37261 37279 36854
19758 37293 37292 37260
19759 37259 37293 37291 13351 37290
19760 28423 36885 37294
19761 21592 37295 28426 13638 37296
19762 37297 36886 28563 28415 13355 37291
19763 13643 37296 21581
19764 37263 37293 37297 36882 37294 28420 37295 21591 37298
19765 37239 37298 21590 37289
19766 36853 36889 37299 37257 37277
19767 37264 37299 36883 37297 37292
19768 37300 37301 37238 37298 21594 37302
19769 37303 37302 21584 30217 37304
19770 37305 37306 37307 30219
19771 37308 37309 37304 30218 37307
19772 37306 37308 37310 37301 37237 37282 37311
19773 30220 37305 37311 37286 37266 37273
19774 37300 37310 37309 37303
19775 37312 37313 36923 37314
19776 37312 37315 37316 37317
19777 21593 37295 28417 36913 37313 37315 37318 37319
19778 21582 37319 37320 37321 37322 37323 13639 37296
19779 37324 13635 36924 37314 37317 37325 37321
19780 37324 13634 37326 37322
19781 13622 37326 37323
19782 37325 37316 37318 37320
19783 37327 37328 37329 14426 30238
19784 37329 37330 37331 14427
19785 29432 37332 37333 37334 37335 30242 29413
19786 37336 37333 37337
19787 29411 29442 37332 37337 37338 37331 14428
19788 30240 37339 37340 37327 30237
19789 37335 37341 37339 30241
19790 37341 37334 37336 37338 37330 37328 37340
19791 29598 37342 37343 37344 37335 30244 29431
19792 37345 37346 30823 29435
19793 30813 29606 37347 37348 37349 37350 37351 37346
19794 37345 37351 37352 37353 37354 29434
19795 37355 37347 29609 37342 37356 37357
19796 37358 37359 37357 37360 37349 37361 37353 37362
19797 37355 37348 37360
19798 37352 37361 37350
19799 37363 37362 37354 29433 37332
19800 37333 37363 37358 37364 37365
19801 37343 37356 37359 37364 37366
19802 37344 37366 37365 37334
19803 37331 37367 37368 37369 29864 29878 29831 29459 14443
19804 22110 37370 37371 37372 37373 37374 37329 14445
19805 37370 37375 37376 22104
19806 29342 21607 31013 37377 37376 22111 14421
19807 37375 37371 37378 37379 31014 37377
19808 37378 37380 37372
19809 37381 37382 37369 29865 31012 37379 37380 37373
19810 37382 37368 37383
19811 37367 37383 37381 37374 37330
19812 37384 37385 36973 36963 37386 37387 37388 37380
19813 31021 36975 37389 37384 37379
19814 37390 37391 36944 36961
19815 37392 36938 37391 37393
19816 37394 37392 36942 29880 29872 37369
19817 37385 36974 37389
19818 37395 37388 37373
19819 37396 37386 36962 37390 37393 37394 37382
19820 37396 37387 37395 37381
19821 37397 37398 37399 37400 37401 37402 37388 37372
19822 37403 30933 36948 37404 37399
19823 37403 30937 36953 36977 37385 37405 37398
19824 37378 37384 37405 37397
19825 37406 37407 36971 36952 37404 37400 37408
19826 37409 37408 37401
19827 37386 36970 37407 37410
19828 37387 37410 37406 37409 37402
19829 37411 37412 37413 37414 37415 37416 37417
19830 37418 37411 37419 37420
19831 37421 37422 37423 37412 37419 37424
19832 37420 37424 37425 37426 37427 37428 37429 37430 37431 37432
19833 37433 37434 37435 37436 37413 37423
19834 37437 37417 37418 37432
19835 37438 37439 37433 37422 37440 37426 37441
19836 37429 37442 37443 37444 37434 37439 37445
19837 37425 37440 37421
19838 37445 37438 37446 37428
19839 37437 37416 37447 37448 37431
19840 37449 37450 37415 37447 37451 37443
19841 37448 37451 37442 37430
19842 37450 37452 37436 37414
19843 37444 37449 37452 37435
19844 37446 37441 37427
19845 37453 37417 37454 29368 21233
19846 29348 29460 37455 37413 37456
19847 29360 37457 37414 37455 29456 29347 21226
19848 21234 29346 37458 37411 37453
19849 37412 37456 29344 37458
19850 37457 29357 37459 37415
19851 37454 29366 37459 37416
19852 37460 37461 37462 23348
19853 23349 37460 37463 37419 37458 29345 23265 23180 23354 23309
19854 37464 21236 37453 37418 37465 37462 23347 13799
19855 13832 13825 21206 37464 13794 23346 30752
19856 37463 37420 37465 37461
19857 23341 37466 37422 37467 29324 22094 22114 23307
19858 37460 37468 37421 37466 23352
19859 29323 29343 37456 37423 37467
19860 37424 37463 37468
19861 29332 30246 30820 37469 37433 37467
19862 30819 29443 29461 37470 37435 37471
19863 37436 37470 29455 37455
19864 37469 30818 37471 37434
19865 23443 30821 37472 37438 37473
19866 23444 37473 37441 37474 37475 29538
19867 30822 37469 37439 37472
19868 23340 37466 37440 37476 37475 29546
19869 37426 37474 37476
19870 37477 37478 37215 37231 30830 37472 37445
19871 37443 37479 30829 37227 37220 37480
19872 37221 37480 37442 37481 37478
19873 37429 37481 37477
19874 30825 37479 37444 37471
19875 37482 37483 13788 21248
19876 37484 37485 37462 23351 13798 37483
19877 37475 37486 37487 21246 29537
19878 37482 37484 37488 37487 21249
19879 37461 37468 37425 37476 37486 37488 37485
19880 23448 37473 37446 37489 37490 37138 37167
19881 37166 37136 37216 37478 37491 37492 37149
19882 37143 37492 37493 37490
19883 37428 37477 37491 37493 37489
19884 37229 37494 37495 37496 37497 37223
19885 30824 37498 37499 37449 37479
19886 29354 37500 37501 37502 37226 30815 37498 37503
19887 37494 37504 37505 37506 37502 37228
19888 37451 37507 37497 37222 37480
19889 37496 37508 37505 37509 37500 29355 37459 37447 37507
19890 37506 37501 37509
19891 29356 37503 37499 37450 37457
19892 37508 37504 37495
19893 37510 29824 29451 29454 37470 37452 37499
19894 29349 29825 37510 37503
19895 37510 29829 37511 37512 37513 30816 37498
19896 29437 37345 37514 37515 37511 29821
19897 37512 37516 37515
19898 37516 37514 37346 30812 37513
19899 21251 37487 37517 37490 37139 29561 37518
19900 37474 37427 37489 37517 37486
19901 21254 37518 29556 29536
19902 37519 37520 37521 37522 37523
19903 37524 37523 37525 37526 37527
19904 37528 37519 37525 37529
19905 37530 37531 37532 37529 37526 37533
19906 37527 37534 37535 37536 37537 37538 37533
19907 37532 37528 37520 37539 37540 37541 37542
19908 37543 37522 37524 37534
19909 37544 37539 37521 37543 37535 37545
19910 37546 37531 37542 37547 37548 37537
19911 37549 37541 37547 37550
19912 37549 37540 37544 37551
19913 37546 37530 37538
19914 37548 37550 37551 37545 37536
19915 37519 37552 30907 37553
19916 37554 30938 30925 30901 37552 37520
19917 37555 30922 30910 37553 37523
19918 37554 30931 30928 37556 37521
19919 37555 30920 30930 37556 37522
19920 30070 23759 23693 30909 30921 37555 37524 37557
19921 30040 30069 37557 37527 37558 31320 29995
19922 23706 30893 37559 37560 31307
19923 37561 37525 37553 30908 37559 37562 37563
19924 37558 37526 37561 37564 31321
19925 37564 37563 37565 31309 31322
19926 37560 37562 37565 31308
19927 37566 37533 37558 31323 31337
19928 31330 37566 37538 37567 37568 30031
19929 21804 14382 37569 37536 37570 37568 30032
19930 21809 37571 37534 37557 30071 30051
19931 37571 37535 37569 14380 21811
19932 37570 37537 37567
19933 37556 30929 16491 21810 37571 37543
19934 37572 37573 37574
19935 37575 37544 37576 37399 37577 37574 37578 21587 14402 14384
19936 21580 13621 37323 37579 37572 37578
19937 37573 37579 37326 13623 28462 36949 37404 37577
19938 37554 30932 37403 37576 37539
19939 37569 14385 37575 37545
19940 37580 36500 30957 36976 37389 37405 37581 37541
19941 37377 31015 21605 24098 36501 37580 37547 37582
19942 37550 37583 37375 37582
19943 37549 37581 37397 37371 37583
19944 37584 30222 21586 37578
19945 37577 37585 37400
19946 37374 37395 37402 37586 37587 37328
19947 14387 37575 37551 37583 37370 22103 30234
19948 30225 37584 37574 37585 37401 37586 37588
19949 37327 37587 37588 30231 30239
19950 37576 37398 37581 37540
19951 37589 37590 37591 31327 29945 31538
19952 37592 37567 37546 37593 37594 31537 23195
19953 29887 30034 37568 37592 23205 22107 23248 21782 29927
19954 37595 37594 31534 37589
19955 31328 37596 37591
19956 31329 37566 37530 37593 37595 37590 37596
19957 37570 37548 37582 37376 22105 23193 37592
19958 37597 37598 37599 37600 37601 37602 37603 37604
19959 37605 37606 37607 37603
19960 37608 37609 37610 37611 37612 37602 37607
19961 37605 37613 37609 37614 37615 37616 37604
19962 37606 37608 37613
19963 37610 37617 37618 37619 37620 37621 37622 37614
19964 37617 37623 37624 37611
19965 37599 37625 37626 37623 37618 37627 37628 37629 37630 37631
19966 37632 37626 37624 37612 37601
19967 37622 37633 37634 37635 37636 37615
19968 37616 37597 37637 37638 37639 37640 37641 37636
19969 37642 37630 37643 37638
19970 37637 37642 37631 37598
19971 37632 37625 37600
19972 37627 37619 37644 37645
19973 37640 37646 37634 37647 37648 37645 37628 37649
19974 37650 37620 37644 37648
19975 37646 37641 37635
19976 37629 37649 37639 37643
19977 37647 37650 37621 37633
19978 37611 37651 31242 20278 12475 34451 34442 37652
19979 34443 37652 37610 37653 37654
19980 34456 34439 37654 37655 37608 37656 31240
19981 37656 37607 37657 31247 31214
19982 37602 37658 31246 37657
19983 37651 31245 37658 37612
19984 37653 37609 37655
19985 37659 31367 37660 37615 37661 37662 37663 37664
19986 37665 37662 37666 37604 37667
19987 37616 37661 37666
19988 37668 37664 37669 31363 37670
19989 31365 37671 37605 37667 37672 37670
19990 37663 37665 37672 37668
19991 31353 37659 37669
19992 37613 37655 37673 31350 37671
19993 37673 37653 37614 37660 31366
19994 37674 31341 34400 36219 36246
19995 37675 31352 37674 36249 37676
19996 37677 31348 37675 37678 37679
19997 31213 37656 37606 37671 31349 37677 37680
19998 37673 31351 34408 34438 37654
19999 36251 37681 37679 37680 31234 24055
20000 36250 37676 37678 37681
20001 37682 36055 34298 20147 37683 37620
20002 34388 36056 37682 37621 37684 31362
20003 37617 37685 20132 34299 34304 34452 34448 37652
20004 37686 20135 37685 37618
20005 37660 37622 37684 31368
20006 20140 37683 37619 37686
20007 37685 20134 17318 24291 37687 37623
20008 37651 31241 24028 24283 37687 37624
20009 37688 37659 31354 37689 37690 37691
20010 31358 37692 37693 37689
20011 37694 37635 37695 37696 37693 37690 37697
20012 37698 37691 37697 37699 37700 37663
20013 37684 37633 37701 37696 37692 31361
20014 37702 37661 37636 37694 37699
20015 37664 37688 37698
20016 37662 37702 37700
20017 37634 37701 37695
20018 37702 37666 37597 37703 37704
20019 37705 37706 37707 37708 37699 37704
20020 37694 37641 37709 37710 37711 37712 37708
20021 37712 37713 37707
20022 37714 37638 37715 37711 37713 37706
20023 37716 37639 37715 37710
20024 37640 37716 37709
20025 37714 37637 37703 37705
20026 37717 37718 29215 37719 37720
20027 37720 37721 37642 37714 37722 37723
20028 37630 37724 37717 37721
20029 37725 37715 37643 37724 37718 29231 37726 37727
20030 37728 37729 29227 37719 37723
20031 37730 37725 37711 37731
20032 37732 37713 37731 37733 37726 29230 37729
20033 37706 37732 37728 37722
20034 37727 37730 37733
20035 37734 35057 20163 20142 37735 37736
20036 37644 37683 20141 37735 37737
20037 29248 29202 35068 37734 37738
20038 29200 20137 37686 37627 37739
20039 29204 29268 37738 37736 37737 37645 37739
20040 37740 37741 29260 37742 37727
20041 37743 37744 37710 37725 37740
20042 37742 29262 29232 37726
20043 29216 29264 37745 37718
20044 37745 29265 37746 37629 37724
20045 37743 37747 29258 37741
20046 37744 37716 37649 37746 29266 37747
20047 37748 37749 37750 37751
20048 37748 37752 37753 37754 37755 37756 37757
20049 37752 37758 37759 37749
20050 37757 37760 37761 37762 37763 37764 37751
20051 37750 37759 37765 37766 37764
20052 37767 37753 37758 37765
20053 37768 37769 37754 37767 37766 37763
20054 37770 37755 37769 37771 37761
20055 37768 37771 37762
20056 37756 37770 37760
20057 37772 31312 31253
20058 37773 37774 37749 37775 37565 31313 37772 31254
20059 37773 31255 37776
20060 37776 37774 37750 37777 31523 31256
20061 37748 37778 37563 37775
20062 37777 37751 37778 37564 31324 31522
20063 37528 37552 30903 36526 36506 37779 37780 37756 37781
20064 37782 36507 37779 37783 37754
20065 37778 37561 37529 37781 37757
20066 37753 37782 36505 36525 37784 37785
20067 37784 36527 30894 37559 37786
20068 37783 37780 37755
20069 37775 37562 37786 37785 37752
20070 31282 37787 37788 37786 37560 31311 37772
20071 37789 37790 37787 31281 37773
20072 37791 37790 37788 37785 37758
20073 37759 37791 37789 37774
20074 37596 37792 37793 37764 37777 31521 31338
20075 37595 37794 37762 37795 37796
20076 37794 37761 37797 37531 37593
20077 37781 37760 37797 37532
20078 37798 37796 37590 37792
20079 37763 37795 37798 37793
20080 37791 37765 37799 37800 37801
20081 31258 37776 37789 37801 37802 37803
20082 37804 37803 31259 36654
20083 31524 31332 37591 37792 37805 37800 37802 37804 36655 36648
20084 37793 37766 37799 37805
20085 37794 37771 37806 36513 24111 21604 21114 23270 31535 37594
20086 37769 37783 37807 36509 37806
20087 37542 37580 36512 37807 37780 37770 37797
20088 37808 31558 37809 37810
20089 37809 31549 37811
20090 31536 37589 37796 37812 37810 37811 31555 21165 23269
20091 37795 37768 37806 36510 37813 31557 37808 37812
20092 21214 29741 31556 21111
20093 36487 24109 31553 37813
20094 37807 36508 37779
20095 37814 37815 37816 37817 37818
20096 37819 37820 37821 37822 37823 37824 37818
20097 37825 37826 37819 37814
20098 37827 37828 37829 37820 37826
20099 37827 37830 37815 37825
20100 37830 37828 37831 37832 37833 37816
20101 37824 37834 37835 37836 37833 37817
20102 37821 37837 37838 37839 37831 37829
20103 37840 37836 37832 37839
20104 37841 37838 37840 37835 37842
20105 37843 37841 37837 37822
20106 37834 37842 37843 37823
20107 37844 37829 37845 36007 36057 37682 37650 37846
20108 37847 37827 37848 36014 37849
20109 37847 37826 37850 37851 37852 37853
20110 34397 36018 37849 37853 37854 37692 31357
20111 37855 37856 37846 37647 37701 37857
20112 37852 37858 37857 37696 37854
20113 37858 37855 37859 37851
20114 37828 37845 36009 37848
20115 37856 37844 37820 37850 37859
20116 37860 37861 37862 37863 36000 37864
20117 37865 37863 36006 37845 37831
20118 37832 37865 37862 37866 37867 37868
20119 37861 37866 37869
20120 37870 37867 37869 37860 37871
20121 37872 37873 36010 37848 37830 37874
20122 37873 36008 37864 37871 37875 37876
20123 37874 37816 37877 37878
20124 37879 37875 37870 37868 37833 37877
20125 37879 37876 37872 37878
20126 37839 37865 37880 35963 36053 34317 34293 20145 37881
20127 37882 37837 37883 37737 37648 37846
20128 36001 35960 37880 37863
20129 37735 20144 37881 37838 37883
20130 37821 37882 37844
20131 37884 37885 37886
20132 37884 37887 35035 37888
20133 37889 37866 37890 37891 35036 37887 37885 37892
20134 37890 37893 27608 35959 37880 37862
20135 35055 20161 20153 37881 37840 37894
20136 37867 37889 37895
20137 35056 35034 37888 37886 37892 37895 37868 37836 37894
20138 37841 37883 37736 37896
20139 37734 35059 37897 37842 37896
20140 35058 37894 37835 37897
20141 37856 37882 37822 37898 37899
20142 37900 37855 37899 37901 29257 37747
20143 37709 37646 37695 37857 37900 37744
20144 29247 37738 37896 37843 37898 37901
20145 29267 29206 37739 37628 37746
20146 37902 37903 29159
20147 29250 37904 37905 37903 29160
20148 37904 37906 37823 37898 37907 29251
20149 29246 37901 37907
20150 37902 29158 35065 37897 37834 37906 37905
20151 29255 37907 37899 37859 37908 37909 37910
20152 37911 37912 37913 37914 37904 29253 37915
20153 37916 37818 37917 37913 37918
20154 37917 37824 37906 37914
20155 37908 37850 37819 37916 37919
20156 37911 37920 37921
20157 29256 37910 37922 37921 37915
20158 37912 37918 37919 37909 37922 37920
20159 37923 37908 37851 37924 37925
20160 37924 37858 37900 37743 37926
20161 37910 29259 37741 37926 37925 37927
20162 37909 37923 37927
20163 37928 28375 28455 37929 37930 37931
20164 37928 28374 36918 37932
20165 36914 37932 37931 37933 37934 37935
20166 37936 28580 36903 37935
20167 28597 37937 37938 37939 37934 37936 28582
20168 28594 37940 37941 37937
20169 37938 37941 37942 37943
20170 28451 37944 28595 37940 37942 37945 37929
20171 37939 37943 37945 37930 37933
20172 37946 37947 37948 37949 20714 37950
20173 37928 28384 28457 20716 37950 37951 37952
20174 37953 37954 37948 37955 28453 37929
20175 37954 37947 37956
20176 37957 37931 37952
20177 37930 37953 37956 37946 37951 37957
20178 37958 35049 35018 37959 37960
20179 37954 37961 37960 37962 37942 37963
20180 35047 37958 37961 37948 37964
20181 37962 37959 35019 37965 28598 37940
20182 37963 37945 37953
20183 37966 37967 37968
20184 16507 37969 37968 37970 37971 35093
20185 16506 20713 37950 37972 37966 37969
20186 37973 37974 37958 35051 35089 35085 35092 37971
20187 37974 37961 37947 37975
20188 37972 37946 37975 37973 37970 37967
20189 37976 37969 16519 12851 36919
20190 37966 37977 37952 37932 36915 37976
20191 37951 37972 37977
20192 37978 36920 36928 36934 37979
20193 37980 35088 35094 37971 37981 37982
20194 35076 37983 37982 37984 37985 37986
20195 37980 35082 37983
20196 35079 37986 37987 37979 36933
20197 37978 36916 37976 37968 37988 37985 37987
20198 37984 37981 37970 37988
20199 37989 37990 37991
20200 36945 37992 37991 37993 37994 37995 37996 36964
20201 36936 37979 37997 37998 37989 37992
20202 37312 37999 36901 38000 38001 37994 38002
20203 36912 37999 37313
20204 38003 38004 36917 37978 37997
20205 38000 36905 38004 38005
20206 36925 37314 38002 37995 38006
20207 37996 38006 36921 36950 36972
20208 37998 38003 38005 38001 37993 37990
20209 31448 38007 38008 38009
20210 38010 38011 38012 38008 38013
20211 38014 38015 38016 38017 38018
20212 38007 31450 38019 38014 38020 38021 38013
20213 38020 38015 38022 38023
20214 38010 38024 38023 38021
20215 31443 38025 38018 38019
20216 38024 38022 38016 38026 38011
20217 38027 38028 35159 38029 38030 38031
20218 38018 38032 38030 38033
20219 38034 35160 38029 38033 38014
20220 38028 38035 38015 38034 35154
20221 38035 38016 38036 38027
20222 35158 38029 38037 38038
20223 38028 38039 38040 35153
20224 36774 38041 38042 38043 38044 38045
20225 38038 38046 36781 38045 38047 38048 38040 35149
20226 36786 38049 38030 38037 38046
20227 38044 38047 38050
20228 38027 38039 38048 38050 38043 38051 38052
20229 36780 38046 38053 38054
20230 36782 38055 38047 38056 38057 35151 38058 38054
20231 38045 36775 38055
20232 35150 38038 38053 38058
20233 38059 38040 35148 38057
20234 38048 38059 38056
20235 38060 38061 38062 38063 37080
20236 37060 38064 38065 38063
20237 38066 38067 38068 37084 38069
20238 37069 38069 38070 38060
20239 37066 38071 38072 38073 38064
20240 38070 38066 38074 38075 38061
20241 38076 38071 37072 38068
20242 38067 38076 38072 38077 38074
20243 38075 38077 38073 38065 38062
20244 38078 38079 38080 31559 38081 38082
20245 31551 38083 38080
20246 38084 38085 38079 38083 31560 37808 38086
20247 38078 38087 38085
20248 38088 38089 38090
20249 37810 38086 38091 38090 38092
20250 38088 38093 38081 31548 37809 38092
20251 38093 38082 38087 38084 38091 38089
20252 31541 38094 38095 38096 38088 38097
20253 31546 38098 38099 38100 38094
20254 38092 37811 31550 38097
20255 38100 38101 38095
20256 38102 38098 31547 38081
20257 38101 38099 38102 38093 38096
20258 36590 36727 38103 38104 38105 38106 36646 36617
20259 21164 31542 38097 38090 38107 38106 36647 36619
20260 36718 38108 38095 38109 38110 38103 36736 36772 36755 36753
20261 38111 36751 21182 38112
20262 38113 38112 21160
20263 38111 36750 36709 38108 38094 31540 21138 38113
20264 38114 38110 38104
20265 38105 38114 38109 38096 38089 38107
20266 37805 37798 37812 38086 38115 38116
20267 37800 38116 38117 38118
20268 38119 38118 37802 38120
20269 38121 38122 38106 36650 36662
20270 37804 38120 38123 38121 36657
20271 38122 38123 38119 38117 38115 38091 38107
20272 31552 37813 36491 38124 38125 38083
20273 38125 38126 38079
20274 38116 38127 38085 38126 38124 36502 37782 37767 37799
20275 38084 38127 38115
20276 36681 31301 31275 37803 38120 38128 38129
20277 36669 36688 38129 38130 38121 36656
20278 38128 38130 38123
20279 38131 38132 38133 38134 38135 38136
20280 38131 38137 38138 38139 38140
20281 38141 38142 38132 38137
20282 38142 38133 38143 38144 38145
20283 38138 38141 38145 38146 38147 38148 38149
20284 38150 38136 38140 38151 38152
20285 38153 38154 38155 38149 38139 38151 38156 38157
20286 38158 38159 38160 38144 38146 38161 38162
20287 38163 38164 38159 38165 38135 38150 38166 38167
20288 38166 38152 38156 38168
20289 38134 38143 38160 38165
20290 38154 38169 38147 38161 38170
20291 38153 38171 38163 38172 38162 38170
20292 38167 38168 38157 38171
20293 38155 38148 38169
20294 38158 38164 38172
20295 38173 38174 38175 38176 38177 38178
20296 38179 38178 38180 38181 38133
20297 38182 38173 38180
20298 38183 38174 38182 38181 38132 38184
20299 32861 27436 38185 38175 38183 38186
20300 32854 38186 38184 38131 38187
20301 34088 34106 38188 38189 38177 38179 38134 38190
20302 34105 38191 38188
20303 38136 38192 34089 25153 32856 38187
20304 38176 38189 38191 34104 32774 27437 38185
20305 38135 38190 34087 38192
20306 32835 32853 38186 38193
20307 27300 38194 38195 38137 38184 38193 32834 32864 12287 32890 27212
20308 25155 32855 38187 38140 38196 27201
20309 27214 27297 38194 38197 38139 38196 27203
20310 38195 38138 38197
20311 38198 38199 38174
20312 38200 38201 38202 38203 38204 38199 38182 38205
20313 38198 38204 38206 38207 32833 38193 38183
20314 38208 38209 38210 38203 38206
20315 38211 38210 38202
20316 19322 32883 38212 38209 38211 38201 38213 27298
20317 27299 38213 38200 38214 38141 38195 38215
20318 38214 38205 38181 38142
20319 38215 27296 38194
20320 32884 38212 38208 38207 32811
20321 32710 38216 33049 38217 38218 38219 38213 27301
20322 38220 38221 33050 38216 32711 31649
20323 33073 38222 38223 38224 38221
20324 38217 38225 38226 38222 33065
20325 38149 38197 38215 27295 32709 38227
20326 38228 38229 38224 38220 31648 31725 38230 38231
20327 38232 31730 38230 38233
20328 31734 38232 38234 38147 38235
20329 38236 38228 38237 38214 38145
20330 38146 38236 38231 38233 38234
20331 38229 38223 38226 38238 38219 38200 38237
20332 38148 38235 31735 31651 32712 38227
20333 38225 38238 38218
20334 38239 38150 38192 34090 19764
20335 27200 38196 38151 38240 27205
20336 11974 19753 38239 38152 38240 27204
20337 31745 38241 38242 38157 38243 27185
20338 38241 38244 38154 38245 31748
20339 38245 38155 38227 32708 31715 31747
20340 38240 38156 38243 27193 27206
20341 38244 38153 38242
20342 38246 38247 38233 38248 38249 38250 38251 38252 38253
20343 38161 38234 38247 38254
20344 38246 38255 38162 38254
20345 38160 38256 38257 38258
20346 38256 38259 38260 38249 38261 38236 38144
20347 38257 38259 38262 38251 38263
20348 38159 38258 38263 38252 38264
20349 38262 38260 38250
20350 38261 38248 38231
20351 38158 38264 38253 38255
20352 33962 35402 38265 38266 38267 38268 33936
20353 38269 38164 38264 38270 38268 33930 19721
20354 38267 38271 38272 38252 38270
20355 38265 38273 38274 35796 35802 35403
20356 38275 35791 38274 38276 38272 38263
20357 38266 38273 38276 38271
20358 38277 38167 38278 19723
20359 19724 38277 38166 38239 19754
20360 38165 38258 38275 35790 34093 38190
20361 38163 38269 19722 38278
20362 19729 38277 38168 38243 27186 38279
20363 38280 33949 31731 38232 38247
20364 31744 38241 38281 38282
20365 26972 38283 33956 38280 38254 38170 38244 38281 38284
20366 26978 31737 33952 38283
20367 38245 38169 38235 31738 31712 31702 31754 31750
20368 38281 38242 38171 38278 19727 38285
20369 38246 38286 33950 38280
20370 33929 27067 26858 26971 38283 33953 38286 38255 38172 38269 19726 26783
20371 38287 33954 38288
20372 33894 33955 38287 38289 38268 33931
20373 38270 38289 38288 33951 38286 38253
20374 31722 38290 38291 38292 33945
20375 38293 38294 38295 38290 31727 38230 38248
20376 38294 38296 38250 38297 38298 33944 38292 38299
20377 38267 38300 38289
20378 38300 38271 38301 38298 33940 33948 38288
20379 38293 38296 38249
20380 38297 38301 38272 38251
20381 38299 38291 38295
20382 38302 38303 38304 32772 27444 38185
20383 32859 38305 38306 38307 38308 38309 32776 27442
20384 38310 38311 38307
20385 38312 38308 38310 38313 38314 38315
20386 38304 38316 38312 38309 32775
20387 38317 38318 38204
20388 38306 38311 38313 38319 38317 38206 38320
20389 38302 38321 38314 38319 38318 38198 38175
20390 32860 38305 38320 38207 32815
20391 38316 38315 38321 38303
20392 38309 38322 38323 35455 35257 34136 34145 34158 32744 32777
20393 35448 38324 38323
20394 38325 38326 38327 35456 35797 34101
20395 38322 38324 35453 38327 38328 38312
20396 38304 38329 38325 34102 32773
20397 38328 38326 38329 38316
20398 38330 38331 38332 38333 38334 38335 38336
20399 38337 38338 38339 38335 38340
20400 38341 38342 38336 38340 38343 38344
20401 38345 38346 38347 38338 38348 38349
20402 38350 38351 38352 38349 38353 38344
20403 38337 38348 38353 38343
20404 38334 38354 38347 38339
20405 38350 38355 38356 38357 38358 38331 38359 38341
20406 38360 38361 38362 38345 38352
20407 38333 38363 38364 38365 38362 38346 38354
20408 38330 38359 38342
20409 38360 38366 38367 38355 38351
20410 38368 38366 38361 38365 38369 38370 38357
20411 38356 38368 38367
20412 38358 38370 38371 38363 38332
20413 38364 38371 38369
20414 38372 38373 38340 38374 31652 31726
20415 38228 38375 38376 38377 38293 38261
20416 38378 38377 38294
20417 38372 38379 38380 38290 31721
20418 38378 38376 38381 38342 38382 38380 38295
20419 38374 38343 38383 38220 31653
20420 38381 38341 38384 38229 38375
20421 38383 38344 38384 38224
20422 38382 38379 38373 38336
20423 33072 38385 38352 38386 38387
20424 38349 38386 38388
20425 38383 38353 38388 38387 33051 38221
20426 38389 38351 38385 33062 38222
20427 38384 38350 38389 38223
20428 33092 33052 38387 38390 38391 38392
20429 38348 38388 38390 38393 38394 31769 38395
20430 38396 38393 38391 38397 38398
20431 31655 38374 38337 38395 31756 31669
20432 31971 38399 38396 38394 31765 31682
20433 38216 33048 38400 32715
20434 33093 33043 38400 32714
20435 33086 38401 38398 38399 31972
20436 38397 38392 33091 38401
20437 38360 38402 38403 33063 38385
20438 38404 38405 34687 38406 33069 38403
20439 38407 38408 38409 38410 38405 34694 38411 38412
20440 38406 34684 38411 38413 38414 33074
20441 38415 38407 38416 38391 38417
20442 38392 38416 38412 38413 38418 33061 33090
20443 38361 38419 38420 38410 38404 38402
20444 38409 38421 38420
20445 38422 38415 38408 38421 38419 38362
20446 38345 38422 38417 38390 38386
20447 38418 38414 33059
20448 38423 33044 38217
20449 38367 38424 38403 33064 38423 38225 38425
20450 38425 38355 38389 38226
20451 38402 38424 38366
20452 38426 38427 38428 38429 38430
20453 38426 38431 38432 38433 38434
20454 38435 38436 38437 38438 38439 38431 38427
20455 38434 38440 38441 38430
20456 38441 38442 38443 38444 38445 38446 38447 38448 38449 38429
20457 38433 38450 38451 38452 38453 38442 38440
20458 38439 38454 38455 38456 38450 38432
20459 38449 38457 38458 38435 38428
20460 38459 38460 38458 38436 38461 38462 38463 38464 38446
20461 38438 38465 38466 38454
20462 38455 38466 38467 38462 38468 38469
20463 38470 38469 38456 38451
20464 38471 38460 38457 38448
20465 38467 38461 38437 38465
20466 38452 38470 38468 38463 38472 38444 38473
20467 38473 38443 38453
20468 38471 38459 38447
20469 38464 38472 38445
20470 38474 38475 31927
20471 31936 38474 38476 38428 38477 38478 31951
20472 31932 38475 38476 38427 38479
20473 31993 32042 38480 38481 31946 31937 32085
20474 38482 38430 38483 32029 32094
20475 38484 32044 38485 38478 31953 38481
20476 38484 32043 38480
20477 38479 38426 38482 32090 31935
20478 38485 38477 38429 38483 32037
20479 31930 38486 38432 38487 38488 33393 31824 31779
20480 33390 38488 38489
20481 31931 38486 38431 38479
20482 33323 38490 38434 38482 32091
20483 38490 38433 38487 38489 33389 33320
20484 32994 31884 38491 38441 38483 32030
20485 38490 38440 38491 31882 33319
20486 38485 38492 38448 38493 38494 32036
20487 38449 38492 38477
20488 32997 25512 38495 38443 38496 31877
20489 31880 38496 38442 38491
20490 38497 38444 38495 25513
20491 32982 38498 38499 38445 38497 25514
20492 38500 38498 32988
20493 38446 38499 38500 32996 38501
20494 38494 38502 32989 32035
20495 32995 38501 38447 38493 38502
20496 38452 38503 33318 38504
20497 33315 38504 38453 38496 31878
20498 38489 38505 38451 38503 33317 33388
20499 38450 38505 38487
20500 31929 31828 31849 22251 38506 38439 38486
20501 38507 38508 38455
20502 33391 14549 14753 38509 38507 38456 38505 38488
20503 38509 38508 38454 38506 22250 14750
20504 14749 10010 38510 38509
20505 30398 16705 6182 38511 38512
20506 10012 10019 6160 6177 38511 38513 38465 38514
20507 38438 38513 38512 30399 22252 38506
20508 38508 38466 38514 10013 38510
20509 10015 10022 13983 13934 13946 30132 38515 38467 38514
20510 38516 33336 33395 10009 38510 38507 38469 38517
20511 38518 30133 30150 38519
20512 38515 30131 38518 38520 38521 38462
20513 38520 38519 30149 33385 33335 38516 38522
20514 38468 38521 38522 38517
20515 38470 38517 38523 33349 33237 33327 38503
20516 38516 33340 38523
20517 38461 38524 38511 6193 12940 30134 38515
20518 38524 38513 38437
20519 38497 38472 38525 38522 38523 33341 33239 33313 25516
20520 33314 38504 38473 38495 25518
20521 38525 38521 38463
20522 25515 32983 38498 38526 38527 30157 33379 34998 33241 33306 31890
20523 38464 38525 38520 38528 38526 38499
20524 38528 38519 30158 38527
20525 38529 38530 38531 38471 38493 38532 38533
20526 38534 38532 38494 32047 38484 38535
20527 38460 38531 38536
20528 38537 38538 38530 38536 38457 38492 38478 31952
20529 38539 38540 38533 38534 38541
20530 38542 38539 38543 38537 31949
20531 38481 38535 38541 38542 31945
20532 38540 38529 38538 38543
20533 38544 38545 38546 38547 38474 31928 31943
20534 38435 38548 38549 38550 38547 38476
20535 38458 38536 38551 38552 38548
20536 38553 38554 38537 31948
20537 38553 38555 38544 31950
20538 38550 38556 38546
20539 38551 38557 38530
20540 38538 38557 38552 38549 38556 38545 38555 38554
20541 38548 38558 38559 30403 38512 38524 38436
20542 31831 31848 22257 30402 38559 38560 38550 38561
20543 31926 31832 38561 38547 38475
20544 38558 38560 38549
20545 38544 38562 38563 31864 31942
20546 38563 38564 38565 31835 31862
20547 38561 38546 38566 38565 31840
20548 38562 38564 38566 38545
20549 38567 38568 36313 30266 38569 38570 38571
20550 38568 36306 30264 30404 38572
20551 38569 30249 30429 38573 38574
20552 30336 30430 38573 38575 38576 38577
20553 38578 38576 38579 30335 38580
20554 38579 38577 30333
20555 38571 38581 38582
20556 38583 38582 38567 38572 30406 30326 38580
20557 38581 38570 38574 38575 38578 38583
20558 38584 38585 30095 30135 38518 38528 38586
20559 38551 38587 38588 38589 36307 36327 38590 38591 38584 38592 32998 38501 38459 38531
20560 38526 38586 38592 32987 38500
20561 38593 30126 36330 38590
20562 30122 30094 38585 38591 38593
20563 38594 38595 30400 38559 38596
20564 38597 38598 38599 38572 30405 38595
20565 38598 38600 36308 38589 38601
20566 38600 36305 38568 38599
20567 38558 38596 38602 38587 38552
20568 38601 38597 38594 38602 38588
20569 38603 38569 30250 24054 38604 38605 38606
20570 36761 36574 30252 30431 38573 38607 38608
20571 36763 36141 38609 38610 38611 38612
20572 38613 38606 38614 38610
20573 38605 38615 36144 38609 38614
20574 36764 38612 38616 38608
20575 24062 38604 38615 36125
20576 38603 38613 38611 38616 38607 38574
20577 38617 29289 38618
20578 38617 29293 36765 38612 38619 38620 38621
20579 38622 38623 38624 38625 38620 38626
20580 38627 29283 36769 38628 38629 38623
20581 29284 36762 38608 38630 38624 38627
20582 38631 38628 36771 29321 29285 29297 38618 38621 38626
20583 38622 38629 38631
20584 38619 38616 38630 38625
20585 36721 38632 36759
20586 36717 36572 38633 36722 38632 36760 36748
20587 36573 36546 36723 38633
20588 38634 38624 38635 38576
20589 38577 38635 38627 29288 36768 30424 30332
20590 38630 38607 38575 38634
20591 36224 24053 38604 38636 36088
20592 38606 38637 36100 36312 38600 38638 38571 38639
20593 38605 38636 36093 38637
20594 38567 38599 38638
20595 38603 38639 38570
20596 38346 38422 38640 38641 38642
20597 38643 38644 38642 38347 38645
20598 38646 38647 38640 38417 38393
20599 38394 38646 38648 38649 38650 31764
20600 38338 38645 38651 38650 31757 38395
20601 38652 38643 38651 38649
20602 38652 38644 38641 38647 38648
20603 38653 38654 38655
20604 38646 38656 38654 38657 38396
20605 38658 38659 38655 38657 38399 31973
20606 38658 38660 38661 32081 31961 31975
20607 32080 38661 38662 38649 38663 31760
20608 38663 38650 31758
20609 38648 38656 38653 38659 38660 38662
20610 26686 38664 38665 38666 38651 38663 31759
20611 38667 38668 38669 38670 38671 38665
20612 38643 38672 38673 38667 38666
20613 38664 38671 38674 26717 26691
20614 38675 38670 38674 26719
20615 31947 38553 38676 38677 38678 38669 38675 26735
20616 26722 31944 38542 38679 38680 38681 32083
20617 38673 38682 38683 38678 38668
20618 38684 38685 38677 38683 38686
20619 38554 38676 38685 38687 38543
20620 38681 38688 38661 32082
20621 38539 38687 38684 38689 38679
20622 38688 38680 38689 38686 38682 38672 38652 38662
20623 38690 38691 38692
20624 38534 38693 38691 38694 38695 38696
20625 38697 38698 38692 38693 38533
20626 38699 38700 38701 38696 38541 38679
20627 38695 38702 38703 38704 38701
20628 38702 38694 38690 38698 38705 38706 38707
20629 38708 38705 38697 38540 38687
20630 38708 38706 38709 38684
20631 38710 38704 38700
20632 38710 38703 38707 38709 38689 38699
20633 38701 38711 38712 38713
20634 32046 38480 38535 38696 38711 38714 38715 31986
20635 31991 38716 38717 38718 38681 32084
20636 38719 38720 38715 31979 38716
20637 38712 38714 38720 38721
20638 38722 38700 38713 38721 38719 38717
20639 38680 38699 38722 38718
20640 38398 38723 38724 38725 38726 38657
20641 38727 38723 38401 33085
20642 33084 38728 38729 38724 38727
20643 38730 38729 38725 38731
20644 38732 38731 38726 38655 38733 38734
20645 38735 38732 38730 38728 33083 38736
20646 38737 38736 33077
20647 38658 38738 38734 38735 38737 33075 31974
20648 38738 38733 38659
20649 32071 38739 32022
20650 38740 32072 38739 32024 38741 38742 38743 38744
20651 38745 38746 38747 32003 32078
20652 38748 38742 38749 32017 31982 38747
20653 32015 38749 38741
20654 32075 38745 38750 38744 38751 32543 25298
20655 32065 38740 38751 32537
20656 38748 38743 38750 38746
20657 38719 38752 38753 38754
20658 38755 38749 32016 38756 38720 38752 38757
20659 38747 38758 38754 38716 31983
20660 38756 32018 31980 38715
20661 38759 38755 38742
20662 38748 38759 38757 38753 38758
20663 38688 38718 38760 38761 38738 38660
20664 38761 38762 38763 38734
20665 32079 38764 38765 38766 38737 33076 31976
20666 38767 38768 38763 38735 38766
20667 38717 38754 38769 38768 38762 38760
20668 38764 38770 38745 32074
20669 38746 38758 38769 38767 38765 38770
20670 32248 38771 38772 38773 38774
20671 32125 27080 38775 38771 32247 32215
20672 27078 38775 38772 38776 38777
20673 32213 32244 38774 38778 38779 38780
20674 32129 27079 38777 38781 38779 38782 32216
20675 32208 38780 38782
20676 38773 38776 38781 38778
20677 18911 18879 26715 38783 38784 38785 38779 38786
20678 38787 38788 38784
20679 31866 38789 38790 38791 38787 38783 26714
20680 38792 32104 32172 31860 38789
20681 38790 38793 38777 27084 32098 38792
20682 38786 38782 32207 32324 18907
20683 38788 38791 38793 38781 38785
20684 38794 38795 38796 38797 38784 38798 38670 38799
20685 38800 38795 38801
20686 38802 38794 38801 38803 32246 32211
20687 38786 38780 32209 38802 38799 38674 26716 18906
20688 38783 38798 38675 26718
20689 38774 38804 38796 38800 38803 32245
20690 38804 38778 38785 38797
20691 38805 38806 32475 25071 38807
20692 32443 32474 38808 38809 38810 38811 38812 10897
20693 25073 38813 38811 38814 38815 38816
20694 38807 38817 38818 38816 25074
20695 32472 38808 38819 38806
20696 38820 38821 38815 38818
20697 38810 38822 38821 38814
20698 38822 38809 38819 38805 38817 38820
20699 38823 38824 33673 32450 38825
20700 33208 38826 38827 38828 33672 38824 38829 38830 33173
20701 38831 38827 38832
20702 33178 38826 38832 38833 33670 35345
20703 38834 38830 33166 32415 38835
20704 33674 32473 38806 38836 38835 32418
20705 38837 38825 32452 32471 38808
20706 33671 38833 38831 38828
20707 38834 38829 38823 38837 38819 38836
20708 38838 38839 38835 32416 25428 38840
20709 25438 38840 38841 38842 38807 25079
20710 38843 38838 38841
20711 38842 38805 38836 38839 38843
20712 25431 38840 38844 38845 33165
20713 25083 25137 38846 38847 25187
20714 25081 38816 38848 38849 38846 25133
20715 38847 38849 38850 38845 33171 25427 25193
20716 38848 38818 38851 38841 38844 38850
20717 38842 38817 38851
20718 32933 38852 38853 38854 38855 38847 25188
20719 25190 25134 38856 38857 38858 38852 32934
20720 38856 38859 38855 38846 25132
20721 38860 38858 38853
20722 38854 38859 38857 38860
20723 38861 38862 38863
20724 38861 38864 38865 32655 19440 38866
20725 38867 38856 25131 38868
20726 38865 38869 38858 38870 32656
20727 32932 38852 38870 32669
20728 38864 38869 38857 38867 38871 38862
20729 38872 38873 38874 38875 38876
20730 38877 38878 38879 38875
20731 38877 38880 38881 38882 38883 38876
20732 38874 38879 38884 38881 38885 38886 38887 38888
20733 38884 38878 38880
20734 38883 38889 38886 38890 38891 38872
20735 38889 38885 38882
20736 38888 38892 38891 38873
20737 38892 38887 38890
20738 38893 38894 38895 33106 25327 38896
20739 38897 38898 32561 33029 33107 38895
20740 32519 32616 38899 38877 38900
20741 32534 32515 32521 38900 38875 38901 38893 38902
20742 38901 38894 38897 38903 38879
20743 38899 38878 38903 38898 32562 32615
20744 24970 25324 38896 38902 32530
20745 33033 32559 32686
20746 38899 38880 38904 38905 28306 28205 32617
20747 32503 28243 38906 38883 38907 32535
20748 38908 38905 28308 28259 38906 38882
20749 38908 38904 38881
20750 32517 32520 38900 38876 38907 32536 32504
20751 38909 38910 38911 38912 38888
20752 38908 38913 38914 38915 38910 38916 38917 38885
20753 38887 38909 38916 38918
20754 38912 38919 38901 38874
20755 38919 38894 38920 38915 38911
20756 38914 38921 38897 38920
20757 38884 38904 38913 38921 38903
20758 38917 38918 38886
20759 38922 38923 38924 38925 28162 32624 28199 28146
20760 28305 38926 38927 38913 38905
20761 32577 33028 38928 38929 38930 38927 38921 38898
20762 28145 38922 38931 28302 28203
20763 38932 38923 38931 28301
20764 38932 38924 38933 38929 38934 28303
20765 38930 38934 28304 38926
20766 32648 28161 38925 38933 38928 33036 32579
20767 38906 28244 28241 33300 38935 38936 38917 38889
20768 38937 38938 38939 38751 32538
20769 38740 32064 33310 38940 38936 38918 38890 38941 38939
20770 32539 38907 38872 38942 38937
20771 33311 38935 38940
20772 38942 38891 38941 38938
20773 32068 38943 33303
20774 38944 38941 38892 38909 38945 38946 38947
20775 38944 38939 38744 38948
20776 38946 38949 38950 32014 38741 38755 38951
20777 38945 38949 38952 38936 38916
20778 38943 33309 38940 38952 38950 32023 38739 32070
20779 38743 38759 38951 38947 38948
20780 38953 38954 38955 38956
20781 38953 38957 38958 38959 38960 38961
20782 38962 38963 38964 38965 38966 38967 38968 38969 38957 38954 38970 38971
20783 38972 38956 38961 38973 38974 38971
20784 38969 38975 38976 38977 38958
20785 38970 38955 38972
20786 38977 38978 38979 38980 38981 38982 38959
20787 38976 38983 38984 38978
20788 38962 38985 38986 38987 38988 38981 38989 38974
20789 38960 38982 38989 38973
20790 38983 38990 38968 38975
20791 38979 38984 38990 38967 38991
20792 38992 38966 38991 38980 38988
20793 38993 38965 38992 38987
20794 38986 38994 38964 38993
20795 38994 38963 38985
20796 38995 32911 32948 38996 38954
20797 32816 32851 38997 38955 38995 32908 32915 32950 32888
20798 38998 38953 38996 32946 32802 32850
20799 38998 38956 38997 32848
20800 25174 32941 38999 38958 39000 39001 34154 19982
20801 34156 39001 39002 38960 39003 32845 27411
20802 39000 38959 39002
20803 38996 32945 38999 38957
20804 39003 38961 38998 32849
20805 38208 39004 39005 38974 39006 38320
20806 32877 39007 38972 38997 32847 32813
20807 39008 39005 38971 39007 32880
20808 32882 39008 39004 38212
20809 32858 38305 39006 38973 39003 32846
20810 34155 34134 39009 39001
20811 39009 39000 38977 39010 25459 34146 34153 34113
20812 38999 32940 25216 39011 38969
20813 38976 39010 25458 25403 39012
20814 39011 38975 39012 25404 25209
20815 39007 38970 38995 32907 32924 39013 32876
20816 32927 39013 32875
20817 39002 39009 34114 39014 39015 38982
20818 39016 38980 39017 35268 34108 39014
20819 35269 35274 25494 25475 39018 38979 39017
20820 25460 25474 25495 25477 39018 38978 39010
20821 39016 38981 39015
20822 38983 39019 25483 25387 25409 39012
20823 38984 39019 25482 39018
20824 39020 38323 35447 35265 34135 39014 39021 38307
20825 39020 38322 38308
20826 38989 39015 39021 38306 39006
20827 39022 39023 25208 39011 38968
20828 39024 39025 25207 39023
20829 25206 33228 39026 39025
20830 38990 39019 25484 33234 39026 39024 39022
20831 39026 33231 39027 39028 39029
20832 39024 39029 39030
20833 35267 35272 39031 39032 38991 39017
20834 38967 39022 39030 39028 39033 39032
20835 35273 33222 33235 39027 39033 39031
20836 39020 38324 35449 39034 39035 38310
20837 39021 39016 38988 39036 39035 38311
20838 39036 38992 39037 39031 35276 35446 39034
20839 39037 39032 38966
20840 35457 35243 35277 33217 33232 39038 39039 38993 39040 39041 39042
20841 39043 39044 39042 35452 39034
20842 39039 39045 39033 39037 38965
20843 39027 33230 39038 39045
20844 39046 39040 38987 39036 39043
20845 39041 39046 39044
20846 35445 39047 39048 39049 39050 35479 33198 33215 35247
20847 39051 39052 35494 39050 39053 39054
20848 39052 35492 34776 33223 39055
20849 39041 39056 38994 39057 39058 39054 39059 39060 39061
20850 39039 39062 39057 38964
20851 39058 39051 39055 33229 39038 39062
20852 39061 39063 39047 35451 39042
20853 39060 39064 39048 39063
20854 39053 39049 39064 39059
20855 38986 39056 39040
20856 39065 39066 39067 39068 39069 39070
20857 39071 39072 39073 39068
20858 39069 39071 39074 39075 39076 39077
20859 39078 39079 39072 39074
20860 39079 39080 39081 39082 39083 39084 39067 39073
20861 39085 39086 39081 39087 39076 39088
20862 39089 39088 39077 39070
20863 39075 39087 39080 39078
20864 39065 39090 39083 39091 39085 39089
20865 39086 39082 39091
20866 39084 39090 39066
20867 34968 39092 38922 28147
20868 34969 39093 39094 39095 39068 39096 38923 39092
20869 39097 39070 39098 28180 38925
20870 39097 39069 39096 38924
20871 34970 39099 39093
20872 39099 39094 39100 39066 39101 34907 34971
20873 39065 39101 34906 28183 39098
20874 39100 39095 39067
20875 39102 33037 39103 39077 39097 38933
20876 39104 39105 39106 39107 33026 39102 38929
20877 38932 39096 39071 39108 39109 28297
20878 28313 39109 39110 39111 39104 38934
20879 39112 39113 39111 39105
20880 39112 39106 39114 39075 39115
20881 33010 39107 39114 39076 39103
20882 39113 39115 39074 39108 39110
20883 39116 39117 39118 34913 28177 39119
20884 39098 39089 39120 39119 28181
20885 39121 39122 39117
20886 39085 39123 39122 39116 39120
20887 39091 39124 34912 39118 39121 39123
20888 39125 34911 39124 39083
20889 39090 39125 34910 39101
20890 34963 34959 34943 39126 34979
20891 39127 39128 39094
20892 39100 39127 39129 39130 39131 34952 34921 39125 39084
20893 39099 39128 39129 39132 34983
20894 34951 34940 39133 39134 39131
20895 34982 39126 34945 39135 39134 39130 39132
20896 34936 39133 39135
20897 39136 36997 39137 39138 39139
20898 39140 36995 39137 39141
20899 39142 39139 39143 39144
20900 39136 36996 39145 37049 37005 39146 39142
20901 39140 36994 39147 37002 39148 39149
20902 39146 37004 39150 39151 39144
20903 37003 39148 39152 39150
20904 36989 39147 37001 37055 39145
20905 39151 39152 39149 39141 39138 39143
20906 39148 37009 39153 39154 31423 39155 39156 39157
20907 39158 39159 39160
20908 39161 39154 31427 39162 39163 39158
20909 39164 39165 39163 39160 39166 36066
20910 39155 31426 39162 39165 39167
20911 39140 36993 36061 39168 39169
20912 39168 36065 39164 39167 39156 39170
20913 39153 39161 39159 39166 36067 36992 39171 37018
20914 36985 39171 37019 39147
20915 39170 39157 39149 39169
20916 31422 39172 39173 39154
20917 39173 39174 37010 39153
20918 39175 37013 29386 39176
20919 39177 39176 29394 21240 39178
20920 29384 31421 39179 37012
20921 39180 39155 31424 21218 39181
20922 39180 39156 39182 39183
20923 31420 39172 39174 37011 39179
20924 39184 39185 39177 39175 37006 39150
20925 39178 21220 39181 39183 39186 39185
20926 39152 39157 39182 39186 39184
20927 39187 39185 39188 39189 39190 13769
20928 39191 21221 39178 39187 13768
20929 39181 21219 21133 23272 39192 39193
20930 13770 39190 39194 39195 13685
20931 39195 39196 21162 13702
20932 21207 39191 13758
20933 39197 39192 23256 21137 38113
20934 21161 38112 39197 39193 39183 39198 39189 39194 39196
20935 39186 39198 39188
20936 30106 39199 36347 25231 39200 39201 39202 39203 39204
20937 39205 39206 25228 39200
20938 30097 30120 36449 36354 39199
20939 39207 39208 39209 39202
20940 39210 30105 30127 20424 39211 39212 39213 39209 39203
20941 39210 30103 39204
20942 39214 39215 39211 20404 20471 25225 39206 39216
20943 39215 39212 39217
20944 39207 39218 39216 39205 39201
20945 39214 39217 39213 39208 39218
20946 39219 39220 39221
20947 39222 39221 39223 28881 39224 36369 39225 39226
20948 39223 28882 27967 39227 39228 39219
20949 39229 39228 39220 39222 39230
20950 36352 25232 36446 27969 39227 39229 39231 39232
20951 36368 36292 39233
20952 28877 36422 36299 39233 36365 39224
20953 39234 39232 36349 39225
20954 39234 39231 39230 39226
20955 39235 39236 39200 25234 36348 39232
20956 36441 27968 39237 39238 39206 25227
20957 27964 39237 39239 39227
20958 39229 39239 39238 39205 39236 39240
20959 39240 39231 39235
20960 39239 39241 39242 39243 39228
20961 39244 39245 39246 39247 39243 39220 39248 39249
20962 39216 39250 39251 39252 39241 39238
20963 39242 39247 39253 39254 39252
20964 39245 39255 39256
20965 39218 39250 39257 39253 39246 39255 39258
20966 39244 39256 39258 39207 39259 39260
20967 39254 39251 39257
20968 39201 39236 39261 39259
20969 39222 39248 39262
20970 39261 39240 39230 39262 39249 39260
20971 39263 39264 39265 39266 39267 39268 39269
20972 39266 39270 39271 39272 39273
20973 39270 39274 39275 39276 39267
20974 39277 39278 39275 39279 39280 39281 39282
20975 39283 39279 39274 39271 39284
20976 39285 39286 39268 39276 39278 39287 39288 39289
20977 39264 39290 39272 39284 39291 39292 39293 39294 39295
20978 39273 39290 39265
20979 39291 39283 39280 39296 39297
20980 39298 39282 39299 39300 39301
20981 39293 39302 39296 39281 39299 39303 39304
20982 39305 39294 39304 39306 39285 39307
20983 39298 39277 39287 39308
20984 39297 39292 39302
20985 39289 39309 39300 39303 39306
20986 39288 39308 39301 39309
20987 39263 39295 39305 39310
20988 39310 39307 39286 39269
20989 32720 38400 33042 39311 39263 39312
20990 33079 39313 39268 39314
20991 39267 39315 33081 39313
20992 33094 39315 39266 39316
20993 39317 39265 39316 33089 33040
20994 39269 39312 32718 33087 39314
20995 39311 39264 39317 33041
20996 39318 39319 39272
20997 39273 39318 39320 39321 39322 38727 33088 39316
20998 39320 39323 39324 39271 39319
20999 39325 39323 39321 39326 39327
21000 39326 39328 38724 39322
21001 39329 39327 39328 38729
21002 39270 39324 39325 39329 38728 33082 39315
21003 39330 39331 33144 39332 39333 39334 39283
21004 33141 39331 39335
21005 39319 39336 38414 33058 33139 39335 39330 39284
21006 33136 34683 38406 33068
21007 39337 39338 33143 39332
21008 39339 39340 39333 39337 39341 34682 39342 39343 39323
21009 33142 39338 39341 34680
21010 39344 39342 34681 38411
21011 38413 39344 39343 39320 39336
21012 39345 39339 39324 39274
21013 39340 39334 39279 39345
21014 39346 39347 38765 39348
21015 39346 39349 39278 39350
21016 39349 39276 39313 33078 38736 38766 39347
21017 25271 32073 38764 39348 39350 39287 39351
21018 39288 39351 25272 39352 39353
21019 39354 39286 39314 33080 31966 25245 39352 39355
21020 39356 39289 39353 39355
21021 39356 39285 39354
21022 39311 33047 39357 39358 39295
21023 39359 39360 39292 39361 39335 33138 33056 39357
21024 39293 39360 39362
21025 39359 39362 39294 39358
21026 38418 39336 39318 39290 39317 33060
21027 39361 39330 39291
21028 38397 38723 39322 39363 39364 38416
21029 39364 39365 39344 38412
21030 39363 39365 39343 39321
21031 39366 39367 38911 39368 39369 39370 39371 39372 39334 39280
21032 39373 38915 39368
21033 33120 39374 39375 39369 39373 38920 38895
21034 39367 38919 38893 39376
21035 39296 39366 39376 38896 25325 39377
21036 39333 39378 39379 39372
21037 39379 39380 39371
21038 39370 39380 39378 39332 33145 33122 39381 39375
21039 39361 39331 33140 25316 39377 39297
21040 39381 33121 39374
21041 32498 32516 39382 39300 39383
21042 39299 39384 39376 38902 32529 32514 39382
21043 39385 38942 38873 38912 39367 39384 39282
21044 39298 39385 38937 32544 39386
21045 32495 32542 39386 39301 39383
21046 39303 39382 32513 25675 17688 39387
21047 19317 39388 39362 39304 39387 17685 19340
21048 39384 39366 39281
21049 39360 39302 39377 25317 19326 39388
21050 25279 39389 39354 39307 39390 19320 19274
21051 39359 39388 19318 39391
21052 17686 39387 39306 39356 39389 25278
21053 39391 39358 39305 39390 19319
21054 39277 39385 38938 38944 39392 39350
21055 38750 38948 39392 39348 38770
21056 32541 39386 39308 39351 25273 25299 25286
21057 19327 39391 39357 33046 25300
21058 25313 33114 33137 33066
21059 32540 32497 39383 39309 39353 39393 25270 25276 25280
21060 39389 39355 39393 25243 25277
21061 39352 39393 25244
21062 19328 39390 39310 39312 32719
21063 39394 39395 25303 32879 39008
21064 39004 39394 39396 38209
21065 39397 38218 38423 33045 25302 39395 39396 38211
21066 39397 38201 38219
21067 28290 28311 39398 39399 39400 39401 33299 28222
21068 38935 33297 39402 39400 39403 39404 39405 38952
21069 39401 39402 33298
21070 39406 39404 39407 39408 39409
21071 39368 39410 39409 39411 38945 38910
21072 39406 39405 38949 39411
21073 28314 39398 39412 39413 39414 38926
21074 38927 39414 39415 39416 39408 39410 39373 38914
21075 39417 39413 39415
21076 39416 39417 39412 39399 39403 39407
21077 39418 39419 39420 33375 30160 38527 38586 39421 39422 39423
21078 39424 39425 39420 33376 34992 33302 39401
21079 39426 39427 39422 39428 32985
21080 39427 39423 39429
21081 32067 38943 33304 39402 39424 39430 39418 39429 39426 32984 31886
21082 38592 39421 39428 32986
21083 39419 39425 39430
21084 39431 39432 38593 30121 36324 36361 39433
21085 39434 39435 38585 30098 39436 39437 39438
21086 39439 36346 39199 30096 39436 39440
21087 39434 39441 39431 39442
21088 39443 39439 36356 39433 39442 39438
21089 39441 39435 38591 39432
21090 39437 39440 39443
21091 39444 39445 39446 39204 30104 39436
21092 39446 39203 39447
21093 39448 39449 39234 39235 39261 39450 39451
21094 39448 39452 39453 39454
21095 39449 39225 36350 39455 39452
21096 39456 39439 36351 39455 39453
21097 39445 39447 39202 39259 39450 39457
21098 39454 39456 39440 39444 39457 39451
21099 38930 39104 39458 39414
21100 39459 39460 39461 39111 39458 39413
21101 28309 39462 39463 39398
21102 39464 39460 39465 39466 28312 39462
21103 39467 39465 39461 39110
21104 39466 39467 39109 28298
21105 39459 39464 39463 39412
21106 39468 39469 39470
21107 39471 39472 34690 34695 34020 39473 39470
21108 34023 34036 39474 39475 39469 39473
21109 34031 34038 39476 39477 39478 34704
21110 39479 39480 34677 39472
21111 39480 39481 39478 34703 34635 34688
21112 39474 34037 39476 39482
21113 39471 39468 39475 39482 39477 39481 39479
21114 39483 39484 39485 39364 38407
21115 39483 39486 34015 39487 38408
21116 34667 34647 34696 34022 39487 38409 39488
21117 34021 39473 39489 39484 39486
21118 39472 39490 39491 34678
21119 39492 34693 34662 39488 38410
21120 39492 34686 38405
21121 39485 39489 39470 39493 39491 34691 39342 39365
21122 39490 39471 39493
21123 34791 39494 39495 39480 34676 34634
21124 39496 39497 34705 39478
21125 39498 39499 39497 34702 34636 34796
21126 39500 39498 34797 39494
21127 39481 39496 39499 39500 39495
21128 39501 39502 34042 39474
21129 34062 39503 36420 36291 39233 36367 39504 39505 39502
21130 39506 28878 39224 36366 39504 39507
21131 39508 39509 28880 34043 39476
21132 28875 36423 39503 34054
21133 28879 39506 39510 39509
21134 39508 39510 39507 39505 39501 39482
21135 34701 28816 28855 28899 39509 39511 39497
21136 28897 28857 34044
21137 39477 39508 39511 39496
21138 39512 34760 28867 28900 39513
21139 34772 39512 39514
21140 39515 34771 39514 39513 28886 39506 39516
21141 39517 39515 34770 34722 34795 39498
21142 28868 34763 34748 34779 28837
21143 39517 39516 39510 39511 39499
21144 39518 39248 39221 39519 39520 39514 34774 39521
21145 39522 39521 34769 39515 39523
21146 28885 39524 39520 39513
21147 39525 39526 36370 39504 39527
21148 39522 39518 39262 39226 39449 39528 39529
21149 39455 36357 39526 39530
21150 39525 39530 39452 39528 39531
21151 39524 28884 39223 39519
21152 39531 39527 39507 39516 39523 39529
21153 39532 39533 39534 39535 39536
21154 39537 39525 39538 39533
21155 39537 39526 36358 39539 39540 39534
21156 39535 39540 39541 36375 36415 39542 34064 39543
21157 39536 39544 39502 34041 39543
21158 39539 36362 36373 39541
21159 39503 36421 36386 34052
21160 36402 34063 39542
21161 39505 39527 39538 39532 39544
21162 39545 39546 39547 38829
21163 38830 33167 39548 39549 39547
21164 33675 33628 39550 39551 39545 38824
21165 33657 33631 39550 39552 39553 39554 38828 33676
21166 39548 39555 39556 39557 34213 33172
21167 33207 34225 39557 39558 39554 38827 39559
21168 39559 33179 38826
21169 39560 39553 39558 39556
21170 39549 39555 39560 39552 39551 39546
21171 38822 39561 39562 39563 39564
21172 38837 39565 39566 39567 39561 38809
21173 39564 39568 39569 38843 38851 38820
21174 39570 39567 39562
21175 39571 39545 38823 39565
21176 39572 39547 38834 38839 39569
21177 39572 39546 39571 39566 39570 39563 39568
21178 39573 39574 10899 32451 38825 39565 39575
21179 39576 39577 39573
21180 10885 25846 39578 39579 39576 39574
21181 39580 39581 25845 39578
21182 39582 39583 25839 39581
21183 39584 39585 33629 39550
21184 39583 25844 33630 39585 39586
21185 39571 39551 39584 39586 39582 39580 39579 39577 39575
21186 39587 39574 10887 20511
21187 39576 39588 39589 20516 39587
21188 20520 39590 25848 39578 39591 39589
21189 39591 39579 39588
21190 39592 38811 39593
21191 20512 39587 39573 39594 39567 39595
21192 39561 39595 20513 39596 39592 38810
21193 39575 39594 39566
21194 39597 39598 39599 28271 34994 39600
21195 39601 39602 39600 34997 39603
21196 34996 39603 39604 33485
21197 33483 39604 39601 39605 39606 39607 28269 33465
21198 39608 39609 39607 28270
21199 39610 39598 39611 39609 39606
21200 39611 39599 28267 39608
21201 39602 39597 39610 39605
21202 39612 39613 39614 33759 39615
21203 39616 39615 33757 34991 28280
21204 39617 39618 39619 39612 39616 28266 39599
21205 39620 39621 35004 34993 39600
21206 39621 35005 33382 33754 39622 39613 39619 39623
21207 39614 39622 33751
21208 39624 39617 39598
21209 39620 39623 39618 39624 39597
21210 39625 39626 39627 35006 39621
21211 39628 39629 39630 39626
21212 33366 33748 33740 39631 39630 39627 35007
21213 39632 33738 39633 39634 39613
21214 33734 39632 39622 33750
21215 39635 39636 39634 39619
21216 39629 39631 33741 39633 39636 39637
21217 39635 39637 39628 39625 39623
21218 39638 39612 39634 39639 33731 39640 39641 39642 39643
21219 39644 39638 39616 28265
21220 39645 39646 39641 39647 39648
21221 39649 39647 39642 39650 28263
21222 39611 39617 39651 39652 39645 39653
21223 39640 33730 39654 39655 39652 39646
21224 39608 28268 39649 39648 39653
21225 39650 39643 39644 28264
21226 39656 39654 33722 39639 39636
21227 39655 39656 39635 39618 39651
21228 39629 39657 39658 39659
21229 39658 39660 33745 33720 39661 39662 39663
21230 33744 39660 39657 39631
21231 39639 33723 33746 39633
21232 39664 33725 39665
21233 39666 39667 39665 33721 39654
21234 39667 39664 33724 39661 39668 39669
21235 39662 39668 39670
21236 39670 39669 39666 39656 39637 39659 39663
21237 39664 33726 33690 28094 34922 39671 39672
21238 28086 33719 39661 39673
21239 39671 34923 28105 28091 39673 39668 39674 39675
21240 39667 39672 39675 39676
21241 39669 39676 39674
21242 33475 39677 39678 39679 39680 33451 33432
21243 39681 39682 39679
21244 33440 39680 39681 39683 39684 33429
21245 28125 39685 39686 39687 39684 33428
21246 33481 39677 39688 39686 39689 33454
21247 33455 39689 39685 28126
21248 39678 39682 39683 39687 39688
21249 34981 39690 39691 39692
21250 39693 39694 39692 34978
21251 17832 33427 39684 39695 39696 17841 34957 34962 9892 9868
21252 39697 39698 34944 39126 34980 39690
21253 39685 39699 39700 39693 34976 28132
21254 39698 34938 39701 39702
21255 39701 34925 17840 39696 39703
21256 39699 39704 39686
21257 39695 39703 39702 39697 39691 39694 39700 39704 39687
21258 39610 39624 39651 39705 39706 39707
21259 39708 39707 39605 39709 39710
21260 39711 39625 39620 39602 39709
21261 39711 39628 39659 39712 39713 39714 39710
21262 39715 39676 39666 39655 39705 39716
21263 39713 39717 39670 39674 39715 39718
21264 39663 39717 39712
21265 39714 39718 39716 39706 39708
21266 39719 28098 33442
21267 39720 39696 17847 28100 39719 33436 39721 39722 39681
21268 39721 39723 33437
21269 39722 39723 33441 39680
21270 39720 39695 39683
21271 39724 39607 28277 33469
21272 39601 39709 39725 39726
21273 39727 39710 39725 39728 39729
21274 39728 39726 39604 33482 33466 39730
21275 39731 39732 39707 39606 39724 33468
21276 39731 39733 39729 39730 33470
21277 39727 39708 39732 39733
21278 28296 39734 34974 39092 38931 28300
21279 33456 28275 39734 34975 39693 39735 39736
21280 39737 39738 39736 33457
21281 39699 39739 39737 33458 39689
21282 39700 39735 39738 39739
21283 39724 39609 39653 39740 39741 39736 33471
21284 39645 39742 39743 39740
21285 39652 39705 39744 39742
21286 39737 39745 39731 33472
21287 39732 39706 39744 39743 39741 39738 39745
21288 33727 39746 33691 33708 34935 39747 39748
21289 39698 34939 39135 39749 39748 33728 39665 39672 39750 39751
21290 39750 39671 34924 39701 39752
21291 39747 34937 39133 39749
21292 33686 39746 33714
21293 39751 39702 39752
21294 28276 39649 39753 34973 39734
21295 39648 39753 34977 39692 39754 39740
21296 39694 39754 39741 39735
21297 39647 39755 39756 39128 39093 34972 39753
21298 39757 39742 39646 39758 39759 39132 34984 39690
21299 39129 39759 39760 39756
21300 39760 39758 39641 39755
21301 39691 39757 39743 39754
21302 39761 39762 39763 39764 39765 39766 39767
21303 39768 39765 39769 39770
21304 39771 39766 39769 39772 39773
21305 39774 39775 39776 39777 39778 39779 39773 39780
21306 39781 39764 39768 39782 39783
21307 39784 39785 39783 39786 39778 39787 39788 39789
21308 39780 39771 39767 39790 39791
21309 39792 39793 39785 39781 39763 39794
21310 39762 39794 39795 39796
21311 39797 39796 39761 39790 39798
21312 39799 39800 39789 39801 39792 39795 39797 39802
21313 39803 39800 39788 39804 39776
21314 39802 39805 39774 39791 39798
21315 39787 39804 39777
21316 39803 39775 39805 39799
21317 39793 39784 39801
21318 39769 39806 37097 39807
21319 39765 39808 39809 39810 37205 37115 37095 39807
21320 39810 37209 39811 37180 39812
21321 39813 33563 37177 39814
21322 39813 39815 37193 39816 39817 33572
21323 39818 37181 39812 39809
21324 39808 39818 37172 39819 39768
21325 37210 37194 39816 39820 37179 39811
21326 39820 39817 33561 37178
21327 39766 39807 37094 39821 39822
21328 25745 25731 39823 39822 39771 39824 33603
21329 37085 39821 39823 25732
21330 39773 39824 33608 39825
21331 33873 35636 39826 39775 39827 33610 33592
21332 39828 39776 39826 35637
21333 39824 39780 39829 33604
21334 39830 39777 39828 35633
21335 35638 39830 39778 39831
21336 33612 39829 39774 39827
21337 35602 35615 35673 39832 39833 39834 39835 39783 39836
21338 39837 39838 39808 39764
21339 39839 37171 39818 39838 39840
21340 39841 39842 39840 39837 39781 39835
21341 39843 39842 39839 37170 33501 39844 39833
21342 39834 39843 39841
21343 35674 37169 33511 39844 39832
21344 39832 35672 35782 39845
21345 39846 35778 39845 39833 39847 39848
21346 39849 39848 39850 35781 35734 39851 39789
21347 35767 39846 39850
21348 39834 39847 39849 39784 39852
21349 39853 35529 35632 39830 39787
21350 39852 39835 39785
21351 39853 35510 35733 39851 39788
21352 25734 39823 39854 39855 39856 34072 25785
21353 33605 39829 39791 39857 39858 33615
21354 39857 39790 39859 39855 39860 34074 39861
21355 39854 39822 39767 39859
21356 39858 39861 34068 25794 33616
21357 39860 39856 34073
21358 35634 39828 39804 39853 35511 35570 35553 33855 33838 33800
21359 35760 35737 39851 39800 39862
21360 35641 39826 39803 39862 35761 33801
21361 39863 39864 35800
21362 33611 39827 39805 39865 39863 35801 35428 33596
21363 35799 35765 39862 39799 39865 39864
21364 29573 29559 37154 39866 39867 39868 33581
21365 39869 39870 39871 39872 39873 37155 37086 39821 39854
21366 21448 6814 33580 39868 39874 39870 39875 39856 34080 5435
21367 37153 39876 39877 39873
21368 37145 39876 39878 39879 39866
21369 39875 39869 39855
21370 39867 39879 39880 39871 39874
21371 39872 39877 39878 39880
21372 39881 39882 39883 26034 25955 33709 39884
21373 25966 27933 27910 39885 39886 39887 33692
21374 39888 39889 27729 26027 39883 39890
21375 39890 39891 39882
21376 27726 27913 39885 39892 39889
21377 39893 39887 33684 39894
21378 39884 39895 39894 33693 33707 33710
21379 39893 39886 39892 39888 39891 39881 39895
21380 34834 39896 34946
21381 39896 34842 34823 34875 20566 39897 39882 39898 39899 34931 34947
21382 34930 33703 33711 39884 39900 39899
21383 20573 26026 39883 39897
21384 39900 39881 39898
21385 34870 39901 39902 39903 39904 39905 39906
21386 39907 39908 39909 39910 39902
21387 39910 39911 27678 27737 39889 39912 39903
21388 39890 39897 20564 34868 39906 39913 39914
21389 34864 39915 39916 39907 39901
21390 39916 39908 39917 27773 27817 27784 34869 39918
21391 39905 39913 39919
21392 39917 27774 27672 39911 39909
21393 39915 39918 34867
21394 39919 39904 39912 39888 39914
21395 39920 39921 14088 39922 39923 39910
21396 39924 27591 14091 39922
21397 39925 39926 27904 20644 14085 39921 39927
21398 39924 27590 27763 27671 39911 39923
21399 39920 39903 39928 39927
21400 27907 27911 39885 39929 39930
21401 39926 27906 39930 39931
21402 39929 39892 39912 39928 39925 39931
21403 33683 20682 27908 39930 39932 39887
21404 39886 39929 39932
21405 39933 39934 39935 39901 34863 39936 39937
21406 39938 39920 39902 39935 39939
21407 39934 39939 39940 39941
21408 39942 34873 39936 39943 39944
21409 39942 34874 39906 39945 39946
21410 39947 39946 39944 39948
21411 39945 39905 39949 39950 39951 39952 39947
21412 39953 39940 39938 39927 39954 39950
21413 39943 39937 39955 39952 39948
21414 39951 39953 39941 39933 39955
21415 39954 39928 39904 39949
21416 39956 20647 20668 27905 39926 39957 39958
21417 39959 39956 20655 20661 33732
21418 39746 33685 39894 39960 39958 39959 33733 33713
21419 39957 39931 39932 39893 39960
21420 39961 39962 39963 28678 18543 39964
21421 39965 28646 28680 39963
21422 28668 28648 39966
21423 39967 39968 28649 39966 28669 35909 39969 39970
21424 39971 39972 28681 18552 39964 39973 39970
21425 35917 39969 39971 39974
21426 39962 39965 28650 39968 39975
21427 39961 39975 39967 39973
21428 39976 39977 39978 39979 39980 39981 39982 39983 39984
21429 39980 39985 39986 39987
21430 39988 39989 39979 39985 39990 39991
21431 39992 39993 39989 39978 39994 39995
21432 39996 39997 39998 39990 39986 39999 40000 40001
21433 40002 40003 39991 39998
21434 40004 39981 39987 39999 40005
21435 40006 39994 39977 40007
21436 39997 40002 40008 39992 40009
21437 39988 40003 40008 39993
21438 40001 40010 40011 40012
21439 39996 40009 39995 40006 40013 40012
21440 40013 40007 39976 40014 40015 40011
21441 40000 40005 40016 39983 40017 40015 40010
21442 40004 39982 40016
21443 40014 39984 40017
21444 40018 33789 21057 21084 40019 39987
21445 40020 33794 28952 21059 21083 40021 39985
21446 40021 21082 40019 39986
21447 40018 33795 40020 39980
21448 40022 40023 34175 40024 39988 40025
21449 40026 21089 25868 25941 34181 34174 40024 39991
21450 34167 28988 40027 40023
21451 40020 33793 40028 40029 40030 39979
21452 40031 40025 39989 40030
21453 40032 28989 40027 40022 40031 40029
21454 40032 28990 28951 33791 40028
21455 40026 21086 40021 39990
21456 34464 27810 27795 34183 40033
21457 40034 39998 40026 21087 20532 25860 34470
21458 40002 40035 34473 40034
21459 34472 40033 34182 34173 40024 40003 40035
21460 18521 40036 40037 33634 40038
21461 40039 40005 40040 40037 33635
21462 18525 21055 33778 40041 40004 40040 40036
21463 20528 21085 40019 39999 40039 33636 40042
21464 40041 33790 40018 39981
21465 40043 40044 39586 40045 39560
21466 40043 40046 40012 40047 39556
21467 40046 40001 40048 33642 25840 39583 40044
21468 40049 40011 40047 39558
21469 40045 39585 33647 40048 40010 40049 39553
21470 40036 18520 40050 40051 40052 40053
21471 40054 40055 33777 28661 18515 40050 40056
21472 40057 33776 40055
21473 40058 40059 33775 40057 40054 40060 40052
21474 40058 40061 40062 40016 40040 40053
21475 40063 33774 40059 40061
21476 40063 33779 40041 39982 40062
21477 40060 40056 40051
21478 40064 40065 40066
21479 40067 40066 40068 40069 40070 40071 40072
21480 40073 40074 40075 40076 40077 40064 40067 40078
21481 40065 40077 40079 40080 40068
21482 40080 40081 40082 40083 40084 40069
21483 40085 40086 40073 40087 40084 40070
21484 40088 40076 40079 40081
21485 40078 40086 40089 40072
21486 40090 40074 40087 40083
21487 40090 40075 40088 40082
21488 40071 40089 40085
21489 40091 37082 40092 40093
21490 40091 37077 40094 40095 40096 40097 40098 40099
21491 40100 40095 40101 40075
21492 40102 40103 40104 40092 37079 40094 40100 40074
21493 40105 40106 40099 40093 40104 40107 40108 40078
21494 40109 40096 40101 40076
21495 40108 40073 40102 40110
21496 40107 40103 40110
21497 40111 40097 40109 40077
21498 40098 40111 40064 40112 40106
21499 40067 40112 40105
21500 40113 40114 40115
21501 40116 40063 33788 40117 40115 40118 40119 40120 39984
21502 33785 35175 40121 40113 40117
21503 33792 35168 40122 40123 40028
21504 40124 40079 40109 40125 40122 35174 40121 40114 40118
21505 40125 40123 40029 40126 40127 40097
21506 40128 40126 40030 39978
21507 40062 39983 40116
21508 40129 40080 40124 40119
21509 40120 40129 40068 40130 39976
21510 40130 39977 40128 40127 40111 40065
21511 40131 40132 40133 40134 40135
21512 40136 40137 40138 40133 40139 40140 40141
21513 40142 40143 40144 40134 40139
21514 40144 40135 40145 40146 40147
21515 40148 40149 40147 40143 40150 40151 40152
21516 40142 40150 40153 40154 40155 40140
21517 40156 40157 40158 40146 40149 40159
21518 40157 40160 40161 40162 40136 40163
21519 40162 40164 40137
21520 40145 40131 40165 40160 40158
21521 40166 40167 40151 40153
21522 40138 40132 40165 40161 40164
21523 40155 40141 40163 40156 40168
21524 40169 40152 40167
21525 40154 40168 40159 40148 40169 40166
21526 40170 40171 40172 40173 40174 40135
21527 40173 40175 40176 40177
21528 40134 40174 40177 40178 40179 40180
21529 34005 40181 40182 40183 40184
21530 40185 40183 40186 40187 40171
21531 34006 40184 40186 40188
21532 40175 40189 40190 40182 40185 40172
21533 40190 40191 40192 34004 40181
21534 40193 40194 34007 40188 40187 40170 40131
21535 40195 40196 40197 40191 40189 40176 40178 40198
21536 40194 34008 40199 40200
21537 34003 40192 40197 40201
21538 40199 34002 40201 40196 40202 40203
21539 40204 40179 40198 40205 40203 40200 40193 40132
21540 40204 40180 40133
21541 40202 40195 40205
21542 40138 40204 40206 40207
21543 40208 40139 40180 40206 40209 13317
21544 27050 40210 40141 40211 40212 33918
21545 40212 40213 40137 40207 40209 13320 40214 33917
21546 27049 40210 40140 40208 13319 27024
21547 40214 13303 27035 33914
21548 40213 40136 40211
21549 40215 20932 40216
21550 20933 40216 40217 40209 13316 40218
21551 40215 20931 40219 40220 40179 40206 40217
21552 24528 20934 40218 13296
21553 40221 40222 40223 32230
21554 40208 40142 40224 40223 32231 24522 13318
21555 40178 40225 19021 13773 20929 40226 40220
21556 20930 40226 40219
21557 19019 40227 32227
21558 40228 40229 40230 40174 40144
21559 40229 40231 32229 40221 40232
21560 40230 40177 40225 19020 40227 32228 40231
21561 40228 40232 40222 40224 40143
21562 40148 40233 38665 40234
21563 38667 40235 40149 40233
21564 40228 40236 40237 40238 40239 38668 40235 40147
21565 40240 40236 40232 40241
21566 38799 40242 40152 40234 38671
21567 38788 38797 40243 40240 40237 40244 40245
21568 40238 40244 40246
21569 38798 38787 40245 40246 40239 38669
21570 40243 40241 40222 40247 38796
21571 40150 40224 40247 38795 40248
21572 40242 40151 40248 38794
21573 26938 40249 40153 40248 38801 40250 32239 32224 24525 27014 27047
21574 32240 40223 40247 38800 40250
21575 27048 40210 40155 40251 26945
21576 40249 40154 40251 26941
21577 38672 40252 40253 38644
21578 38673 40252 40254 40146 40235
21579 40253 40254 40158 40255 40256 38354 38642
21580 38334 40256 40257 40258 40259
21581 40157 40255 40257 40260
21582 38339 40259 40261 40159 40233 38666 38645
21583 40258 40260 40156 40261
21584 40262 40263 40264 40265 40266
21585 38415 39483 40267 40265 40268 38640
21586 40267 39486 34016 40188 40269 40264
21587 40268 40266 40270 40253 38641
21588 40145 40170 40271 40262 40270 40254
21589 40269 40187 40271 40263
21590 38363 40272 40273 40274 40275
21591 38333 40275 40276 40256
21592 40160 40277 40278 40274 40276 40255
21593 40279 34017 40194 40280 40278 40273
21594 40281 38421 39487 34018 40279 40272 38364
21595 38419 40281 38365
21596 40280 40193 40165 40277
21597 26898 27008 32210 38802 40242 40167 40282 26932
21598 32249 38803 40250 32243
21599 40282 40166 40249 26937
21600 40282 40169 40234 38664 26687 26931
21601 40283 40259 38335 38373
21602 31724 38372 40283 40261 40168 40251 26942
21603 39761 40284 40285 40286 39869 39859
21604 40287 40288 40289 39762 40284
21605 40290 39838 39809 40291 37203 37150 39873 40292
21606 40291 39810 37204
21607 40293 40294 39870 40286
21608 40295 40288 40296 40292 39872 40297
21609 40296 40290 39837 39763 40289
21610 40298 40297 39871 40294
21611 40287 40295 40298 40293 40285
21612 39792 40299 40300 40301
21613 40302 40303 40304 40305 39841 39852 39793 40299 40306
21614 40307 39842 40305
21615 40300 40306 40308 40309
21616 40310 40311 40289 39794 40301 40309
21617 39840 40307 40304 40312 40290
21618 40313 40303 40312 40296 40311
21619 40302 40313 40310 40308
21620 34226 40314 40112 40066 40130 40007 40315
21621 40314 40106 40316 40317 40318 34222
21622 40098 40127 40319 40320 40321 40316
21623 39994 40128 40319 40322 40323 40324 40325
21624 40322 40320 40326
21625 40327 40324 40328 40329 34227
21626 40318 40330 40329 34218
21627 34215 40327 40325 40006 40315
21628 40328 40323 40326 40321 40317 40330
21629 40331 40332 40031 40126 40319
21630 39992 40333 40334 40335
21631 40334 40336 40337 40324 40338
21632 40336 40339 40340 40332 40025 39993 40333
21633 39995 40335 40338 40325
21634 40331 40340 40341 40322
21635 40341 40339 40337 40323
21636 40342 40343 40344 40345 34475 40035 40008 40333
21637 40346 40347 34176 34187 40033 34463 40345
21638 40344 40346 40348 40349
21639 40348 40347 34162 40023 40350 40340 40351
21640 40336 40352 40342
21641 40350 40022 40332
21642 40352 40339 40351 40349 40343
21643 40353 40354 40355 40356
21644 40355 40357 40104 40358
21645 40359 34211 40360 40089 40361 40107 40358 40356 40362
21646 40086 40108 40361
21647 40072 40105 40314 34221 40360
21648 34219 40318 40363 40359
21649 40357 40093 40364 40365 40354
21650 40316 40099 40364 40366
21651 40353 40365 40366 40317 40363 40362
21652 40367 34577 40368 37081 40092 40357
21653 34560 37062 40368
21654 40369 40370 40354 40367 34576
21655 37064 34613 40371
21656 40372 34565 40369 40373
21657 37083 40371 34595 34570
21658 40091 37078 40374 40375 40376 40364
21659 40374 40377 40378 34611 37073
21660 40375 40377 40379 34609 40380 40381
21661 34578 40382 40383 40372
21662 40384 40380 34602 34583 40382
21663 34607 40378 40379
21664 40365 40376 40381 40384 40383 40373 40370
21665 34848 34466 40345 40385
21666 34847 40385 40344 40386 40387
21667 34846 40387 40388 40342 40334 40389 40390
21668 40391 40392 34468 34849 40390
21669 40392 34471 40034 39997 40393
21670 40391 40393 40009 40335 40389
21671 40343 40386 40388
21672 40394 40395 40396 40397 40398
21673 40394 40399 40110 40361 40085 40400 34205 40401
21674 40103 40358 40402 40395 40399
21675 40396 40402 40356 40403 40404 34209 34758 40405
21676 34762 40405 40397 40406 34207
21677 40401 40398 40406 34190
21678 40359 40407 40404 34210
21679 34212 40360 40071 40400
21680 40362 40403 40407
21681 40408 40409 39909 39923 40410
21682 40411 40412 27488 27593 39924 40410
21683 39917 27775 27816 27836 40413 40414 40409
21684 40415 40416 27492 40412
21685 27702 27669 27550 27491 40416 40417 40418
21686 40419 40418 27701 27841 40413
21687 40411 40415 40417 40419 40414 40408
21688 40420 39214 39250
21689 39251 40421 40422 40423 39215 40420
21690 40423 40424 20403 39211
21691 40424 20402 40425 40426 40427 40422
21692 40428 40429 40430 20400
21693 27962 40431 40432 40428 20399 20492 36440
21694 40430 40433 40425 20401
21695 40434 40435 40436 40427 40421 39252
21696 27965 40437 40434 39241 39237
21697 27955 40431 40438 40435 40437
21698 40426 40433 40429 40432 40438 40436
21699 20410 40425 40439 40410 39922 14089
21700 40430 40440 40412 27503 27592 27583 20405
21701 40433 40440 40411 40439
21702 40441 34241 40442 40443 40444
21703 40442 34231 36049 40445
21704 40443 40445 36039 40446 40447
21705 40416 27499 27643 36052 40446 40448
21706 40441 34240 27546 27700 40418 40449
21707 40447 40444 40449 40417 40448
21708 40450 40451 40452
21709 40431 40453 40454 40451 40455 27956
21710 36448 36180 40456 40452 40455 27938 36443
21711 40457 40443 40458
21712 36181 36038 40445 40457 40459 40454 40450 40456
21713 22014 34427 36058 36040 40446 40460 40428 20406 20491
21714 40460 40447 40458 40459 40453 40432
21715 40460 40448 40415 40440 40429
21716 34586 34245 40461 40462
21717 34568 34596 40463 40464 40465 40466
21718 40467 40468 40469 34246 34593 40463
21719 40465 40470 40468 40471 40472 34552 40473 40474
21720 40475 40461 34232 40469 40471 40476
21721 40477 40476 40472 34573
21722 40477 40475 40462 34594 40371 37063 34572
21723 34555 40478 40473
21724 40474 40466 34567 40478
21725 40464 40467 40470
21726 40479 40480 34253 34598 40481 40482
21727 40483 40480 34243 40441 40484 40485
21728 40483 40479 40486
21729 40463 34599 40487 40488 40489
21730 40487 34597 40481 40490
21731 40444 40458 40491 40467 40489 40492 40484
21732 40468 40493 34228 40442 40457 40491
21733 34236 40469 40493
21734 40492 40485 40486 40482 40490 40488
21735 34605 40494 40495 40496
21736 40497 40496 34603 40481 40498
21737 34604 40499 27844 34537 40500 40494
21738 40497 40495 40500 34529 40501 40502
21739 40501 34536 27831 27838 40503 40479 40504
21740 40480 34242 27839 40503
21741 40499 27843 34252 34592
21742 40482 40498 40502 40504
21743 40505 40384 40506 40507 40508
21744 40505 40382 34579 34600 40487 40509 40510
21745 40510 40508 40511
21746 40512 40513 40496 34601 40380 40506
21747 40497 40513 40514
21748 40509 40490 40498 40514 40512 40507 40511
21749 40483 40503 27837 40413 40515 40516
21750 40517 39916 40518 40519
21751 40517 39908 40409 40520 40521
21752 40520 40414 40515 40522
21753 40518 39918 34866 27786 34515 40523 40524
21754 40525 40501 34528 27833 34510 40523
21755 40519 40521 40522 40516 40486 40504 40525 40524
21756 40505 40383 40526
21757 40527 40510 40526 40372 34566 40466 40528 40529
21758 40465 40528 40530
21759 40530 40464 40489 40531 40529
21760 40531 40488 40509 40527
21761 34163 34185 40532 40495 40513 40533 40534 40347
21762 40500 34530 34549 34186 40532
21763 34860 40385 40346 40534 40535 40523 34509
21764 40525 40502 40514 40533 40535
21765 40377 40536 40537 40538
21766 40532 34184 34165 40539 40536 40379 34608 40494
21767 40537 40540 34161 40539
21768 40320 40541 40375 40538 40540 34166 28998 40027 40350 40331
21769 40348 40534 40542 40543
21770 40381 40541 40326 40341 40351 40543 40544 40506
21771 40542 40533 40512 40544
21772 40515 40545 40484 40449 40419
21773 40485 40516 40545
21774 40546 40547 40548 40549
21775 40550 40547 40551 40552 40553
21776 40548 40551 40554 40555 40556
21777 40557 40552 40554 40558 40559 40560
21778 40561 40562 40563 40564 40553 40557 40565 40566
21779 40567 40568 40560 40565 40569
21780 40569 40570 40571 40566
21781 40572 40555 40558 40573 40567 40570 40574
21782 40573 40559 40568
21783 40574 40575 40576 40561 40571
21784 40577 40562 40576
21785 40577 40563 40578 40549 40556 40572 40575
21786 40578 40546 40550 40564
21787 40579 40580 40581 40582 35976 35934 36002 40583
21788 40584 40585 40586 40587 37864 36003 40583
21789 40588 40589 40584 40579
21790 35972 40590 40591 40592 40582
21791 40591 40593 40594 40595
21792 37860 40596 40597 40598 40587
21793 40599 40594 40600 37890 37861 40596
21794 40601 40588 40580
21795 40598 40602 40586
21796 40601 40581 40592 40595 40599 40597 40602 40585 40589
21797 40603 40604 34824 34833 39896 34949 40605
21798 39121 40606 40607 40608 34831 40609
21799 39086 40610 40611 40612 40606 39123
21800 39082 40610 40613 40605 34948 34920 39124
21801 34914 28122 34830 40609 39118
21802 40607 40614 40615 40612
21803 34832 34803 40616 40617 40614 40608
21804 40616 34821 40604 40618
21805 40615 40617 40618 40603 40613 40611
21806 40619 39942 34872 34822 40604 40620
21807 40621 40622 34802 40616 40623
21808 40622 34815 34862 39936 40624 40625
21809 40626 39943 40624 40627 40628
21810 40626 39944 40619 40629
21811 40627 40625 40621 40630
21812 40618 40623 40630 40628 40629 40620
21813 40631 40632 40633 40634
21814 40635 40636 40637 40638 40632 40639
21815 40640 40633 40639 40641 40642 40643
21816 40644 40631 40638 40645 40646 40647 40648
21817 40649 40650 40635 40641 40651
21818 40652 40653 40651 40642 40654 40655
21819 40650 40636 40656 40657
21820 40658 40654 40643 40659
21821 40645 40637 40656 40660 40661
21822 40653 40649 40657 40660 40662 40663
21823 40664 40644 40634 40640 40659 40665 40666
21824 40667 40652 40663 40668 40669
21825 40655 40658 40665 40670 40667
21826 40670 40669 40671 40672 40673 40666
21827 40662 40661 40646 40674 40671 40668
21828 40675 40648 40664 40673
21829 40675 40647 40674 40672
21830 34995 35009 35010 40676 40634 40677 39726 39603
21831 40677 39725 39711 39626 40678 40631
21832 35002 40679 40633 40676 35016
21833 40632 40678 39627 35008 40679
21834 33328 18121 18114 40680 40635 40681
21835 40679 35003 33332 40681 40639
21836 40637 40682 20707 33743 39660 40683
21837 14188 33736 33747
21838 40680 18104 20704 40682 40636
21839 40638 40683 39657 39630 40678
21840 40642 40684 33344 33281 40685
21841 33282 40685 40643 40686 35015
21842 40686 40640 40676 35011
21843 33343 40681 40641 40684
21844 39727 39714 40687 40647 40688
21845 40689 39729 40688 40648
21846 39712 39658 40683 40645 40690
21847 39713 40690 40646 40687
21848 40677 40644 40689 39728
21849 40651 40684 33346 33396 40691 40692
21850 40650 40680 18103 40693
21851 40692 40649 40693 18108 40694
21852 33285 40685 40654 40695 33403 40696
21853 40655 40697 33402 40695
21854 40692 40653 40698 33400 40699
21855 33401 40698 40652 40697
21856 40700 28096 20705 40682 40656 40701
21857 39719 28097 40700 40702 33433
21858 40693 40657 40701 40702 33444 40703 18107
21859 40686 40659 40704 35012
21860 33413 40695 40658 40704 35014
21861 40705 40700 28104 28087 39673 39662 39717 40690 40661
21862 40701 40660 40705
21863 40662 40705 40702 33434 40706
21864 33405 40698 40663 40706 33438
21865 33490 33467 39730 40689 40664 40707 33479
21866 33477 40707 40666 40708
21867 33480 40708 40665 40704 35013 25622
21868 33407 40709 40669 40710 39723 33439
21869 40668 40706 33435 39721 40710
21870 40697 40667 40709 33406
21871 40709 40670 40708 33478 33412
21872 39722 40710 40671 40711 39679
21873 40711 40672 40712 39678
21874 33476 40707 40673 40712 39677
21875 39715 39675 39750 40713
21876 39720 39703 39752 40713 39718 40687 40674 40711 39682
21877 39704 39739 39745 39733 40688 40675 40712 39688
21878 39744 39716 40713 39751 39697 39757
21879 40714 40715 40716 40717 40718 38076
21880 40719 40720 40714 38072
21881 38067 40718 40721 40722
21882 40723 40724 40725 40726 40715 40720
21883 40727 40728 40726 40716
21884 40729 40728 40725 40730
21885 40722 40731 40732 40733 38074
21886 38077 40719 40723 40734 40733
21887 40735 40730 40724 40734 40732
21888 40735 40729 40727 40717 40721 40731
21889 40736 40737 40738
21890 40739 40740 40741 40738 40742 40743
21891 40744 40745 40746 40747 40736 40742 40748
21892 40737 40747 40749 40750 40751 40741
21893 40748 40752 40753 40754 40755 40743
21894 40756 40740 40751 40757 40758 40754
21895 40750 40759 40745 40760 40761 40757
21896 40739 40755 40756
21897 40744 40760 40762 40752
21898 40758 40761 40762 40753
21899 40749 40759 40746
21900 40746 40763 40764 40765 40766 40767
21901 40768 40769 40770
21902 40766 40771 40736 40772 40773 40774
21903 40764 40775 40744 40776 40768 40777
21904 40778 40748 40776 40769 40779 35588
21905 40773 40780 35593 40781
21906 40767 40771 40747
21907 40778 40742 40772 40780 35585
21908 40763 40775 40745
21909 40782 35642 33535 33532 35375 40783 40784 35677 35772
21910 35777 40782 35643 33547 33502 39844 39845
21911 40785 40756 40786 33553 35365 40787
21912 35373 40787 40788 40783 35374
21913 35610 40789 40739 40785 40788 40784 35676
21914 40789 40755 40786 33565 35590 35609
21915 40790 40791 40792 40793 40794 40795 40796 40797
21916 40798 40799 40791 40800
21917 40801 40802 40800 40790 40803
21918 40804 40805 40799 40792
21919 40806 40804 40793 40807 40808
21920 40809 40794 40807
21921 40810 40195 40811 40806 40805 40798 40802
21922 40812 40205 40810 40801 40813
21923 40796 40814 40815
21924 40202 40811 40808 40809 40795 40814 40816 40812
21925 40803 40797 40815 40816 40813
21926 40817 40801 40818 40219 20939 40819
21927 40820 40161 40277 40821 40822 40823 40824
21928 40824 40825 40826 40819 20940 40215 40827
21929 40820 40164 40207 40217 40827
21930 40828 40829 40822 40830
21931 40831 40832 40830 40823 40825
21932 40828 40833 40203 40812 40834 40832
21933 40821 40280 40200 40833 40829
21934 40198 40810 40818 40220
21935 40826 40817 40813 40834 40831
21936 40835 40836 20942 40216 40827 40837 40838 40839 40840
21937 20941 40819 40841 40842
21938 40836 20936 40842 40843 40844
21939 40845 40846 40839
21940 40845 40847 40848 40849 40850 40840
21941 40851 40825 40852 40838 40846 40847
21942 40853 40854 40844 40835 40850
21943 40824 40852 40837
21944 40855 40849 40853
21945 40848 40851 40826 40841 40843 40854 40855
21946 35406 35421 40856 40857 40858 38265
21947 27096 40859 40860 40856 35420 33958
21948 38300 38266 40858 40861 40849 40862 33892 33957 38287
21949 27094 40863 40864 40865 40853 40862 33887 33912
21950 40866 40867 40864
21951 40859 40868 40866 40863 27095
21952 40865 40867 40868 40860 40857 40861 40855
21953 11769 6856 13747 40869 40870 40866 40871 27106
21954 27099 40871 40864 40872 40844 40873 13298 11795
21955 40842 20935 13746 40869 40874
21956 13297 40218 20937 40836 40873
21957 40867 40870 40874 40843 40872
21958 13304 40873 40835 40875 33915 40214
21959 33886 40862 40850 40875 33916
21960 40871 40863 27100
21961 40854 40872 40865
21962 40876 40877 40878
21963 40879 40880 33761 40881 40882 40883 40876 40884 40885 40886
21964 40877 40887 40888 20842 40889 40890 40891 40883
21965 40892 40893 40884 40878 40887 40894 28720 40895
21966 40881 40896 40897 40889 20865 33762
21967 40898 40899 40895 28728 35711 40900
21968 20858 33763 40880 40901
21969 40902 40879 40901 20850 35308
21970 35318 40902 40886 40903 40904 40898 40905
21971 40896 40906 40891 40882
21972 40890 40906 40897
21973 35314 40905 40900 35712
21974 40907 40892 40899 40904
21975 40885 40893 40907 40903
21976 35293 40908 40909 40910 40911
21977 40912 40913 40914 40911 35286 35687
21978 40914 40915 40916 40910
21979 40917 40918 40919
21980 35294 40908 40920 40921 40919 40922 35700
21981 40912 40923 40917 40922 35690
21982 40920 40924 40916 40909
21983 40921 40924 40915 40913 40923 40918
21984 40909 40925 40926 35317 40927
21985 35307 40902 40928 40929 40926
21986 40930 40904 40931 40932 40933
21987 40930 40898 40934
21988 40916 40935 40936 40937 40929 40925
21989 40920 40938 40933 40934 40905 35315 40927
21990 40886 40939 40937 40928
21991 40940 40931 40903 40939 40936
21992 40935 40940 40932 40938 40924
21993 35720 40941 40942 40943 40944 35779
21994 40941 40945 40946 40934 40900 35715
21995 40945 40947 40942
21996 40943 40947 40946 40933 40948 40919 40949
21997 35689 40922 40949 40944 35774
21998 40908 40927 35316 35300
21999 40948 40938 40921
22000 40950 40951 40952 40953 40949 40917
22001 35680 40784 40954 40955 40953 40944 35773
22002 40956 40957 40958 40959 40960
22003 40961 40962 35389 40963 40951 40964 40965 40957
22004 40966 35657 33537 40967 40961 40956 40968
22005 40969 40954 40783 35381
22006 40950 40964 40970 40923
22007 40971 40968 40960 40972 40973
22008 40974 35651 35769
22009 40975 40971 40966 35656 40974 35776
22010 33536 33527 35390 40962 40967
22011 40963 35391 40969 40955 40952
22012 40975 40973 40976 40977 40978 35705 35692 35775
22013 40979 40980 40958 40965 40970 40912 35686 35710 40978
22014 40981 40979 40977
22015 40782 35647 35771
22016 40981 40980 40959 40972 40976
22017 40971 40982 40983 35473 40984
22018 40982 40968 40985 40986 40987 28848 34782 40988 40989
22019 40987 40990 34751 34780 28841
22020 40989 40991 35474 40983
22021 40973 40992 40993 33196 35472 40984
22022 34781 40988 40991 35475
22023 34752 33177 40994 40995 40996 40986 40990
22024 40994 40997 40993 33182
22025 40996 40985 40960 40998
22026 40997 40995 40998 40972 40992
22027 35478 40999 39050
22028 41000 40977 41001 41002 35341 35331 35703
22029 35750 35780 40975 40984 35476 41003 35441
22030 40978 41000 35704
22031 41004 35442 41003 35477 40999 39049
22032 39048 41004 35443 41005
22033 41005 39047 35444
22034 35347 41002 41006 40993 33183
22035 41006 41001 40976 40992
22036 41007 41008 41009 41010 41011 41012 41013 41014 41015
22037 41016 41010 41017 41018
22038 41011 41017 41019
22039 41020 41021 41022 41023 40986
22040 41023 41024 41025 40406 34191 34750 40990
22041 41024 41026 41013 41027 41022
22042 41027 41014 41028 41029 41021
22043 41030 41031 41007 41032 41029 41020 40996
22044 41028 41015 41032
22045 41033 41034 34188 33174 40994
22046 41025 40398 41035 41018 41019 41012 41026
22047 34189 40401 41035 41016 41009 41036 41037 41034
22048 41036 41008 41031 41038
22049 41030 41038 41037 41033 40995
22050 34206 40400 40070 41039 41040 41041
22051 41041 41042 41043 41034 34193
22052 41036 41044 41045 41040 41042 41046
22053 41047 40394 41035
22054 41047 40399 40102 40087 41048 41049 41016
22055 41044 41050 41049 41009
22056 41050 41048 40084 41039 41045
22057 41037 41046 41043
22058 40199 34014 32974 41051 41052 41053 40833
22059 41051 32975 41054 41055
22060 40279 34026 32976 41054 41056 41057
22061 40821 40278 41058
22062 41053 41059 41057 40273 41058 40829
22063 41052 41055 41056 41059
22064 40828 41053 41060 41061 41062
22065 40834 40816 41063 41064 41065 41061 41066
22066 41066 41062 40832
22067 41067 41068 41069 41070 41071 40795
22068 41072 41071 40809 41073
22069 41070 41072 41074 32971 41075
22070 40196 41076 40811
22071 41077 41067 40814 41063
22072 41078 41079 41069 41075 32980 41051
22073 34009 32966 41074 41073 40808 41076 40201
22074 41077 41068 41079 41080 41064
22075 41060 41052 41078 41080 41065
22076 41081 41082 41083 41084 40845 41085 41086 33941 38298
22077 41087 41086 33942
22078 41088 41089 38273 40858
22079 38276 41089 41090 41091 41081 38301
22080 41088 41090 41092 41083 41093 40848 40861
22081 33943 41087 41085 40840 40875 33924
22082 40847 41093 41084
22083 41091 41092 41082
22084 41094 41095 41096 41091 41097
22085 38297 41081 41096 41098 41099 41100 38262
22086 41101 41102 41097 41090
22087 41089 41101 41103 35758 35792 38274
22088 41102 41094 41104 35756 41103
22089 41105 41106 41100 38259 41107
22090 35789 41108 41107 38257 38275
22091 35794 41109 41110 41105 41108
22092 41111 41112 35431 35793 41109
22093 41112 35430 35754 41104 41095 41098 41113
22094 41106 41099 41113 41111 41110
22095 38188 41114 41115 35787 34107
22096 41116 41117 41114 38189
22097 41118 41117 41115 35788 41108 41119 41120
22098 41116 41118 41121 41122 38177
22099 38256 41107 41119 41123 41122 38179 38143
22100 41121 41120 41123
22101 38321 41124 41125 41126
22102 38303 38329 41127 41128 41129 41126
22103 41124 41130 41131 38328 38315
22104 38326 41131 41132 41133 41127
22105 41134 41133 41128
22106 41129 41125 41130 41132 41134
22107 34103 38325 41127 41135 41114 38191
22108 38302 41126 41136 41137 41138 41116 38176
22109 41138 41139 41140 41128 41135 41117
22110 41137 41141 41139
22111 41129 41136 41141 41140
22112 41135 41133 41142 41143 41109 35795 41115
22113 41144 41118 41138
22114 41105 41145 41119
22115 41145 41110 41143 41146 41139 41144 41120
22116 41142 41146 41140 41134
22117 41147 35491 35467 41148 41149
22118 41148 35470 41150 41151
22119 41152 35487 41147 41153
22120 39053 40999 35490 41152 41154 41155
22121 41156 41150 35471 35493 39052 41157
22122 41158 39051 41157 41159
22123 41155 39054 41158 41160
22124 41159 41156 41151 41149 41153 41154 41160
22125 41161 41162 41163 41164 33111 33135 34664 34685 39492 38404 38424 38368 41165
22126 41166 41167 41168
22127 38370 41169 41168 41170 41171
22128 41166 41172 41148 35468 34661 39488 38420 40281 38369 41169
22129 41173 41150 35469 33101 41174
22130 41164 33103 41174 41175 41176
22131 38357 41171 41177 41165
22132 41178 41179 41162
22133 41163 41176 41180 41179
22134 41161 41178 41180 41175 41173 41151 41172 41167 41170 41177
22135 41181 41057 40272 38371 41169
22136 35489 35463 34656 34697 32955 41182
22137 41183 32977 41182 35486 41147 41184 41185
22138 41054 32979 41183 41186
22139 41187 41185 41186 41056 41181 41166
22140 41187 41184 41149 41172
22141 33102 32707 33226 39055 41157 41188 41174
22142 32928 25213 39025 39029 41189 41190 41176 41191 33105
22143 41192 41158 39058 41193
22144 41194 41193 39062 39045 39028 41189
22145 33104 41164 41191
22146 41190 41175 41188 41159 41192 41194
22147 39057 41193 41195 41196 38963
22148 39013 32925 25222 39023 39030 41189 41197 41179 41198 25323 32878
22149 41199 41162 41198 25320 39395 41200
22150 39394 41200 41201 41196 38962 39005
22151 41195 41194 41197 41178 41199 41201
22152 33147 34675 34671 34793 34733 41202 33097
22153 41203 34730 41202 33096
22154 33023 34736 41203 33095
22155 41156 41173 41188
22156 25321 33112 41191 41163 41198
22157 41190 41180 41197
22158 41204 41205 41206 41207 41208 38319
22159 38203 41209 41204 38317
22160 39035 39043 41210 41208 38313
22161 41207 41211 41196 38985 39056 39046 41210
22162 41209 41205 41212 41200 39396 38210
22163 41211 41201 41212 41206
22164 39397 38238 38425 38356 41165 41213 41214 41209 38202
22165 41205 41215 41214
22166 41199 41161 41213 41215 41212
22167 41216 41217 41218 41219 41220 41221 41222 41223 34259
22168 41224 41223 34260 41225
22169 41226 41227 41228 41229 41230 41219 41231
22170 41226 41232 41233 41234
22171 41228 41235 41236
22172 41221 41237 41229 41236 41238 41239
22173 41230 41237 41220
22174 34258 41240 41216
22175 41240 41217 41241 41233 41242 34254
22176 41239 41222 41224 41243
22177 41218 41231 41232 41241
22178 41244 41245 41246
22179 41233 41247 41248
22180 41249 41250 41251 41252
22181 41244 41253 41249 41254
22182 41255 41250 41253 41245 41256 41226
22183 41255 41251 41257 41247 41232
22184 35913 41258 41259 41260
22185 41258 41261 41262 35914
22186 41263 41264 41265 41266 41267 41268
22187 41269 41270 41263 41271
22188 41272 41273 41274 41275 41268 41271 41276
22189 41277 41265 41278 35911 41279
22190 41266 41280 41281 41260 35912 41278
22191 41282 41277 41264 41270
22192 41283 39969 35908 41279 41282 41269 41276
22193 39971 41283 41272 41284
22194 41285 41262 35915 41286
22195 41287 41281 41259 41261 41285 41288 41274
22196 41280 41287 41275 41267
22197 41289 41268 41290 41291
22198 41292 41289 41271 41293 40891 41294
22199 41295 41296 41297 41298 41291 41292 41299 40877
22200 34256 41300 41295 40887 41301
22201 34255 41240 41302 41296 41300
22202 41294 41299 40883
22203 41272 41303 40889 20843 41304
22204 41293 41276 41303 40890
22205 41302 41217 41305 41306 41297
22206 41247 41241 41305 41307 41274 41308
22207 41306 41307 41275 41290 41298
22208 41309 40452 41310 41311 41312 41313 27940
22209 41309 40455 27939
22210 41310 41314 41315 41316 36194 40456
22211 41317 41314 41311 41318 41319
22212 41320 41321 41313 27941 28891
22213 41322 41323 41324 41320 28890 36435
22214 41322 41325 36188 36447 36428
22215 41326 41319 41327 41316 36195 41325 41323
22216 41312 41318 41326 41324 41321
22217 41315 41317 41327
22218 38073 40719 41328 41329
22219 41330 41331 41332 41329 38064 37061 34562
22220 40475 41333 41334 41335 41336
22221 41328 40720 41337 41338 41334 41339 41332
22222 41338 41340 41341 34588 40462 41333
22223 38071 40714 41337 41340 41342 34610 37065
22224 41341 41342 34589
22225 41343 41336 40477 34574 41330
22226 41343 41335 41339 41331
22227 41344 41345 41346 40472 34551 41347
22228 34563 41330 41348 41349 41347
22229 41349 41350 41344
22230 40476 41336 41351 41346
22231 41348 41343 41351 41345 41350
22232 41352 41353 41354 41355 41356 41357
22233 41358 35984 36011 41359 41360 41356 41361 41362
22234 41363 41355 41360
22235 36024 41359 41363 41354 41364 41365 41366 41367 41368 35982
22236 41353 41364 41369
22237 41370 41352 41369 41365 41371 41372 41373
22238 41361 41357 41370 41374 41375
22239 41374 41373 41376 41377
22240 41378 41379 41377 41375 41362
22241 41378 41358 35985 41368 41380
22242 41366 41371 41381
22243 41372 41381 41367 41380 41379 41376
22244 41382 41378 41383 41384 36200
22245 34229 40493 40471 41346 41385 41384 36206 36048
22246 41386 41387 35992 29011 34233 40461 41333
22247 41382 41358 35995 36050 41388 41389 36208
22248 36051 41390 41389 36207
22249 36045 41388 41390
22250 41391 41386 41334 41392
22251 41393 41391 41387 35986 41368
22252 41351 41335 41392 41393 41380 41383 41385
22253 40459 40491 40470 40530 41394 41395
22254 36204 41396 41397 41316
22255 36205 41398 41399 41396
22256 40450 41400 41401 40473 34553 41402 41310
22257 41403 41395 40454 41400
22258 41403 41394 40528 40474 41401
22259 34550 41347 41404 41314 41402
22260 41397 41315 41404 41344 41405 41406 41399
22261 41406 41407 41384 36199 41398
22262 41407 41385 41345 41405
22263 41408 40580 41409 41410 41411 41412 41364
22264 41412 41413 41365
22265 41414 41415 41416 35975 35987 41387
22266 41417 40579 41408 41354
22267 41418 36021 40583 41417 41363
22268 36012 41418 41359
22269 41416 35973 40582 41419 41420
22270 41421 41391 41414 41422 41411 41413 41366
22271 40581 41419 41423 41409
22272 41423 41420 41415 41422 41410
22273 41393 41421 41367
22274 41424 41425 41426
22275 41424 41427 41428 31393 41429 41430 41431
22276 41432 29261 37742 37733 41433 41434 41435 41425 41427
22277 41428 41432 29254 29235 29784 31394
22278 41436 41429 31391 29777 41437
22279 41438 41430 41436 41439
22280 41440 37729 29228 29782 41437 41439 41441
22281 41440 37732 37707 41442 41434 41443
22282 37712 37731 41433 41442
22283 41438 41441 41443 41435 41426 41431
22284 41444 41445 29774 29734 31543 23257 39192
22285 39180 39167 41446 41447 41444 39193
22286 41446 41448 41449 41450 41451 39165
22287 29778 41437 41452
22288 41448 41453 41454 41436 41452 29779 41445 41447
22289 31425 31390 41429 41454 41455 41456 41451 39162
22290 41457 41456 41450
22291 41449 41457 41455 41453
22292 36076 41458 41459 41446 39164
22293 41460 41461 41448 41459
22294 41462 41463 39160 41464 41450 41465 41466
22295 41451 41464 39163
22296 41460 41467 41466 41468 36102 36077 41458
22297 41469 41462 41468 36103
22298 41463 41469 36104 36990 36075 39166
22299 41449 41465 41467 41461
22300 36123 41470 41458 36081
22301 36124 41471 41472 41460 41470
22302 41473 41474 41466
22303 41475 41476 41477 41474 41468 36108
22304 36126 36089 38636 38615
22305 41471 41478 41479 24070 36119
22306 41480 41481 36223 24073 41479
22307 36110 41475 41482 36221
22308 36222 41482 41476 41483 41481
22309 41478 41480 41483 41477 41473 41467 41472
22310 41484 37927 37922 41485
22311 41486 41487 41485 37921 41488 41427
22312 41433 37730 37740 37926 41489 41490 41491 41492
22313 41488 37915 29252 41432
22314 41493 41494 41489 37925 41484 41487 41495
22315 41494 41490 41496
22316 41497 41492 41434
22317 41486 41495 41498 41425
22318 41497 41491 41496 41493 41498 41435
22319 36228 41499 41500 41501 41502 41482
22320 41503 41504 41505 41501
22321 41506 41507 41503 41502 41476
22322 41508 41509 41504 41507
22323 41510 41511 36230 41481
22324 41512 41513 41499 36229 41511
22325 41500 41505 41509 41514 41513
22326 41510 41512 41514 41508 41506 41483
22327 41515 41516 37688 37669 31356 37675 41517
22328 37676 36252 41518 41513 41519 41517
22329 41516 37691 41520 41521
22330 41500 41522 36253 41518
22331 41490 41523 41524 37690 41520 41525
22332 41526 41494 41523 41527 41528 41509
22333 41529 31355 37689 41524 41527
22334 41505 41528 41529 31342 37674 36247 41522
22335 41519 41515 41521 41525 41496 41526 41514
22336 41530 37681 36254 24057 41531
22337 36231 24068 41531 41532 41533 41511
22338 41534 41517 37678 41530 41532
22339 36255 41518 41499 36227
22340 41512 41519 41534 41533
22341 41535 37852 37924 41489 41523
22342 41536 41520 37697 37708 41442 41492
22343 37693 37854 41535 41524
22344 41491 41525 41536
22345 41537 36533 36514 36520 36538 41538 41539 41540
22346 41541 41542 36482 36464 36474 36468 36481 36539 41538
22347 41542 36483 41543 41544
22348 41545 31604 29077 29115 36484 41543 41546 41540
22349 36532 31606 41545 41537
22350 41546 41544 41541 41539
22351 41547 36453 9151 24287 41548 37625 41549 41550
22352 41549 37600 41551 41552
22353 41553 24285 41548 37632 41551 41554
22354 24288 41553 41555 41556 41557 31168
22355 41558 36461 36486 41542 41559
22356 31178 41560 41561 41562 41557
22357 41562 41563 41556
22358 41558 36462 41547 41564
22359 41565 41566 41560 31171
22360 41567 31188 31155 31177 41565 41568
22361 41543 36485 31187 41567 41569
22362 41566 41561 41563 41555 41554 41552 41550 41564 41559 41544 41569 41568
22363 31643 31646 31156 31192 41567 41570 41571 41572
22364 41573 41572 31635 31196
22365 31203 31172 41565 41574 41571 41573
22366 41570 41568 41574
22367 36629 31119 31202 31174 41560 41575 41576 41577
22368 41557 41578 36558 31131 31169
22369 36633 41577 41579 41580 36729
22370 36560 41581 41580 36728
22371 36554 41578 41562 41582 41576 41579 41581
22372 41561 41575 41582
22373 36630 31197 41573 41583 41584 41585
22374 41586 41587 41588 31638 31625 32401 36636 41585
22375 31637 41589 41588
22376 41589 31636 41572 41583 41590 41587
22377 41590 41584 41586
22378 37717 37745 29263 29218 41591 41592
22379 29244 29269 29205 29176 36454 41547 41593 41594 41591
22380 41595 41594 41592 37721 37631 41596
22381 41548 24284 37687 37626
22382 37599 41549 41597 41596
22383 41597 41550 41593 41595
22384 36552 41598 41599 41553 24282 24018 24001 23985 23973 23957 31128
22385 41600 31249 31216
22386 36551 41601 41602 41598
22387 41601 41603 41551 37601 37658 31250 41600 31238 36550
22388 41599 41554 41603 41602
22389 41556 41604 41598 36555 41578
22390 41555 41599 41604
22391 41605 41606 41607 41608 36561 36731 38633 36576
22392 41609 41610 41611 36566 41605
22393 41612 41613 41614 41610
22394 41606 41615 41614 41609
22395 36559 41616 41617 41612 41611 36570
22396 41616 41618 41608 36557
22397 41618 41617 41613 41615 41607
22398 36708 41619 41620 41621 38100 38108
22399 36754 36716 41622 41623 41624 41625 41626 36732 38632 36767
22400 41627 41626 36726 38103
22401 41627 41625 41628 41629 38110
22402 41630 41623 41631 41619 36713
22403 41630 41622 36714
22404 38101 41621 41632 41629 38109
22405 41628 41632 41620 41631 41624
22406 41633 41634 41635 36563
22407 41634 41636 31222 41637 41638 41639 41640 41612 41641
22408 41633 41641 41611 36567
22409 41642 41639 41643 41644 31212 36556 41616
22410 41637 41645 41644 31218
22411 41645 41638 41643
22412 36569 31223 41636 41635
22413 41640 41642 41617
22414 38111 39197 41444 41646 36706 36749
22415 29772 41647 41648
22416 41646 41445 29773 41648 41649 41650 41619 36707
22417 31544 29771 41647 41649 41651 41652
22418 41653 41654 41652 31545 38098
22419 41621 41655 41653 38099
22420 41655 41654 41651 41650 41620
22421 38125 41656 41657 41658 41652 31554 38080
22422 36490 41659 41660 41656 38124
22423 41660 41661 41662 41657
22424 41659 36489 36516 41663 41664 41665 41661
22425 41647 29780 36515 41663 41666
22426 41667 41664 41666 41649
22427 41662 41665 41667 41651 41658
22428 41668 41657 41669 41653 38102 38082
22429 38126 41656 41668 38078
22430 41669 41658 41654
22431 41670 41671 41672 41673 41674 41675
22432 41676 41675 41677 31381 31396
22433 31386 41678 41679 41680 41670 41677
22434 41678 41681 41682 31376
22435 31374 41682 41683 41684 41685 31406
22436 41673 41686 41687 41688
22437 41686 41689 41690 41672
22438 31411 41685 41691 41692 41688 41674 41676 31401 31418
22439 41690 41693 41680 41671
22440 41684 41694 41691
22441 41694 41683 41681 41679 41693 41689 41687 41692
22442 41695 41696 41697 29814
22443 31408 41698 41699 41697 29815
22444 41696 41699 41700 41701 41702 41703 41704 41705
22445 41706 41707 41705 41695 29813 31409
22446 41706 41708 41709 41710 41711 31403
22447 41712 41684 41713 41710
22448 41711 41712 41685 31405
22449 41707 41704 41714 41708
22450 31407 29791 31372 41715 41700 41698
22451 41701 41716 31369 41715
22452 31373 41716 41702 41717 41682
22453 41717 41703 41714 41709 41713 41683
22454 31395 41428 41488 37911 41718 41677 31380
22455 41678 41719 41720 37903 29164 29841 29711 31377
22456 37914 37905 41720 41721 41722
22457 37912 41723 41670 41718
22458 41680 41724 41722 37913 41723
22459 41719 41721 41724 41679
22460 41725 41726 41727 41676 31397 31419 39172
22461 41725 41728 41729 37026 39174
22462 31417 29382 41730 41731 40569 41732 41729 37025 39179
22463 41733 40567 41731
22464 41728 41726 41734 41735 40565 41732
22465 29401 41736 41712 41691 41737 41738 40568 41733 41730
22466 41711 41736 29402 31404
22467 41739 41688 41740 41735 40560 41738
22468 41734 41740 41674 41727
22469 41737 41739 41692
22470 41741 41742 41743 38008 41744 41745
22471 41746 41747 41742 41748 41749
22472 41750 41751 41752 41753
22473 41754 41750 41755 41746 41756 41757 41758 41759
22474 41749 41755 41751 41760
22475 41741 41748 41760 41752 41761
22476 38011 41762 41763 41758 41764
22477 41759 41764 38010 41765 41766
22478 41763 41767 41757
22479 41744 38013 41765 41768
22480 41753 41754 41766 41768 41745 41761
22481 35161 41769 38021 41765 41770 41771
22482 41769 38023 41772 41773 41774 35156
22483 38024 41764 41775 41776 41777 41772
22484 41778 41779 41777 41773 41780
22485 41781 41780 41774 35165 41771 41782
22486 41778 41783 41775 41759 41784 41781
22487 41776 41779 41783
22488 41784 41766 41770 41782
22489 41785 41786 41787
22490 41788 41787 41789 41790 41791 41792
22491 41793 41794 41795 41786 41788 41796
22492 41797 41790 41798 41799 41800
22493 41797 41801 41802 41791
22494 41800 41803 41804 41805 41806 41807 41801
22495 41808 41809 41810 41805
22496 41811 41793 41812 41808 41806
22497 41811 41796 41792 41802 41807
22498 41813 41799 41803
22499 41814 41794 41812 41809
22500 41813 41798 41789 41785 41795 41814 41810 41804
22501 40776 40752 41815 41816 41817
22502 40753 41815 41818 41819 41820
22503 40769 41817 41821 41822
22504 41821 41816 41818 41823 41824 33564 39813 41825
22505 40786 40754 41820 41826 41827 33552
22506 41827 41828 41824 33558
22507 35584 40778 40743 40789 35629
22508 41823 41819 41826 41828
22509 41829 29468 37104 41830
22510 41829 41831 41832 41833 29467
22511 41834 41835 41836
22512 41817 41837 41834 41838 41839 40768
22513 41840 41832 41841 41838 41835 41842
22514 41836 41837 41821 41843 37106 29463 41844 41842
22515 29466 41833 41840 41844
22516 41845 38044 38055 36776 41846 41847
22517 38043 41845 41848
22518 41849 36778 41850
22519 41846 36777 41849 41851
22520 41852 41853 41854 41855
22521 41856 41857 41858 41852
22522 41859 35098 41860 41861
22523 41862 41857 41863 35095 41859
22524 41853 41856 41862 41861 41864
22525 41865 41866 41867
22526 41868 41869 41870 41852 41871
22527 41872 41869 41873 41865 41874
22528 41868 41872 41875
22529 41866 41876 41877 41853 41871 41875 41874
22530 41776 41878 41763 41879 41865 41880 41881
22531 41772 38022 38035 38039 38059 41882 41883 41884 41885
22532 41878 41758 41775
22533 41777 41881 41886 41887 41885
22534 41884 41888 41887
22535 41882 38056 38050 41845 41889 41890
22536 41891 41866 41880 41886 41888 41883 41890 41892
22537 41857 41893 41894 41895
22538 35105 41896 41897
22539 41898 41899 41894 41900 41901 41902
22540 41903 35122 41859 41904 41901
22541 41902 41905 35117 41903
22542 35120 41897 41906 41898 41905
22543 41862 41893 41900 41904
22544 41769 38020 38034 35155
22545 41907 41884 41908 41774 35157 41909
22546 35152 38057 41882 41910 41909
22547 41773 41885 41908
22548 41883 41907 41910
22549 41911 41912 36867 41913 41914 41915
22550 41916 41917 41911 41918
22551 41912 41917 41919 36802 41920 36868
22552 41921 41922 41923 41914
22553 41924 41925 41922 41926
22554 36801 41927 41928 41929 41916 41919
22555 41930 41931 41924 41932
22556 41928 41933 41930 41934
22557 41918 41929 41933 41931 41925 41921 41915
22558 41935 41936 41937
22559 41938 41939 41935 41940
22560 41941 41922 41942 41943
22561 41943 41944 41945 41946 41947
22562 41924 41948 41938 41949 41950
22563 41939 41937 41951 41946 41952 41953 41949
22564 41954 41952 41945
22565 41953 41950 41925 41941 41944 41954
22566 36820 36876 41955 41914 41956 41957 41958 36894
22567 41943 41959 41960 41961 36807 41962
22568 41963 41964 41958 36892 36818
22569 41961 41965 41963 36813
22570 41965 41964 41957 41966 41960
22571 41956 41921 41941 41959 41966
22572 41967 41968 41969 41970 41971 41697 29819
22573 41967 41972 41973 41974 29707 29802 29822
22574 29705 41974 41975 41976 41698 31412 29797
22575 41977 41978 41979 41975 41973 41980
22576 41981 41980 41972 41968
22577 41981 41977 41982 41983 41969
22578 41699 41976 41979 41984 41985 41971
22579 41983 41986 41985 41970
22580 41982 41978 41984 41986
22581 29498 41987 41988 41989 36805
22582 41961 41990 41991 41989 36806
22583 41987 41992 41993 41946 41994 29504
22584 41959 41944 41995
22585 41990 41960 41995 41945 41993 41996
22586 41991 41996 41992 41988
22587 41997 41998 41999 42000 42001
22588 42002 42003 42001 42004 42005
22589 42006 42007 42008 42009 42010 42011 42000 42004
22590 41997 42012 42013 42014 42015 42003
22591 42006 42016 42017 42018 42014 42019 42005
22592 42020 42021 42022 41998 42012
22593 42018 42023 42009 42024 42020 42013
22594 42015 42002 42019
22595 42025 42011 41999 42022
22596 42007 42026 42016
22597 42021 42025 42010 42024
22598 42026 42008 42023 42017
22599 42027 42019 42028 42029 37394 37368 42030
22600 29859 42031 42018 42032 42029 37392 36935 29879
22601 37367 42030 42033 37338
22602 42034 29858 29704 41974
22603 42035 42036 42016 42037 29860 42034 41973
22604 42032 42014 42028
22605 29851 42037 42017 42031
22606 37354 42038 41967 29820 29438
22607 42039 42040 42035 41972 42038 37362
22608 42027 42005 42041 42039 37363 37337 42033
22609 42006 42036 42040 42041
22610 42023 42042 42043 37986 35078 29853 42031
22611 36937 37992 42044 42045 37391
22612 37998 42046 42020 42047
22613 37997 37987 42043 42048 42024 42046
22614 37393 42045 42049 42029
22615 42032 42013 42047 37989 42044 42049
22616 42042 42048 42009
22617 37999 36898 42050 42051 42052 37315
22618 42050 42053 42054 36881 37294 28419 36906
22619 42055 37318 42052 42056 42057 37300
22620 42058 42059 36879 37299 37256 42060
22621 21583 37319 42055 37302
22622 36880 42054 42061 42059
22623 37262 42060 42062 42057 37301
22624 42062 42058 42061 42053 42051 42056
22625 42063 42064 42065 42066 37284 42067
22626 42068 42069 37311 37285 42067 42070
22627 42066 42071 42060 37258 37283
22628 42072 42073 37306 42069
22629 37308 42074 42073
22630 42072 42074 37310 42057 42075 42064 42076 42068
22631 42076 42063 42070
22632 42062 42071 42065 42075
22633 42077 42078 41981 42079 42080 42081 42082 37360 42083
22634 42040 42084 42080 42085 42086
22635 42079 42084 42035 41980
22636 42039 42086 42087 42088 37358
22637 42089 42083 37349
22638 42090 42077 42089 37361
22639 42038 41968 42078 42090 37353
22640 42082 42091 42092 37357
22641 42092 42093 42088 37359
22642 42081 42085 42087 42093 42091
22643 29380 42094 42095 35372 42096
22644 42097 35361 42096 29379 37016 37054
22645 42098 42099 35367 42095
22646 29381 41730 42100 42098 42094
22647 42099 42100 41731 40570 42101 42102 35370
22648 42103 42104 42105 42106 37023 37056 42107
22649 42107 42108 42109 37057
22650 42110 42101 40571 42111 42112 42113 42103 42108 42114
22651 42097 35358 42115 42114 42109 37052
22652 42102 42110 42115 35353
22653 42111 40566 41732 42116 42117
22654 41729 42116 42118 42106 37024
22655 42118 42117 42112 42119 42105
22656 42113 42119 42104
22657 36986 42120 37028 39171
22658 37027 42106 42121 42122 42123 36991 42120
22659 42124 42125 42126 42118 42121
22660 42127 42128 42124 42122
22661 42123 42127 42129 42130 36112 36978
22662 41463 42131 42132 42133 39159
22663 42134 42135 42131 41469 36106
22664 42116 42126 42136 42137 41728
22665 42130 42138 42134 36111
22666 41725 42137 42139 42133 39161 39173
22667 42138 42129 42128 42125 42136 42139 42132 42135
22668 36114 42130 42140 42141 42142 42143 42144 36184 36150 36225
22669 36248 41522 41501 42145 42146 42147 42148 42149 42144 36213 36220
22670 42150 42149 42143
22671 42134 42151 42145 41502 41475 36107
22672 42150 42148 42152 42142
22673 42153 42147 42152 42141
22674 42151 42146 42153 42140 42138
22675 42154 41431 42155 41455
22676 41464 41456 42155 41424 41486 42156 42157 42158 42133 39158
22677 41430 42154 41454
22678 41487 42159 42156
22679 42159 41485 37920 41718 41675 41727 42160 42161 42157
22680 41726 42160 42162 42137
22681 42162 42161 42158 42139
22682 36185 42163 42144
22683 36186 42163 42143 42164
22684 36980 42165 37044
22685 36427 41322 42166 37036
22686 36979 42123 42167 42168 37043 42165
22687 42169 42170 42171 42142 42164 36187 41325 42166 37042 42168
22688 42171 42141 42172
22689 42169 42173 42127 42167
22690 42140 42172 42170 42173 42129
22691 41323 42174 42175 37035 42166
22692 42176 42177 42178 41326 42174
22693 42176 42179 42180 42168 37046 42175
22694 42181 42182 42183 42184
22695 42171 42152 42185 42186 42181 42187 42188
22696 41396 42189 42190 42182 42186 42191 42150 42164 36209
22697 42179 42192 42183 42190 42193 42194 42177
22698 42185 42191 42148
22699 42193 42189 41397 41327 42195
22700 42169 42196 42187 42184 42192 42180
22701 42195 42194 42178 41319
22702 42188 42170 42196
22703 42126 42197 42198 42199 42200 40562 42201 42117
22704 42202 42203 40576 42201 42112
22705 42204 42205 42206 42207
22706 42205 42208 42199 42209 42210
22707 42211 42206 42208 42200 40577 42203
22708 42204 42210 42212 42213
22709 42214 42212 42209 42198 42215
22710 42121 42216 42217 42105
22711 42124 42218 42219 42216
22712 42219 42220 42214 42213 42207 42211 42202 42119 42217
22713 42197 42215 42220 42218 42125
22714 42221 42222 42192 42223
22715 42180 42223 42224 42225 42216 42122 42167
22716 42226 42221 42224
22717 42226 42222 42184 42227 42228 42219 42225
22718 42227 42187 42229
22719 42173 42196 42229 42228 42218 42128
22720 42230 42104 42217 42225
22721 42226 42231 42232 42202 42113 42230
22722 42231 42233 42207 42234 42183 42222
22723 42233 42211 42232
22724 42214 42235 42181 42227 42236
22725 42235 42213 42234 42182
22726 42236 42220 42228
22727 41493 41526 41508 42237 42238
22728 42239 42240 42156 41495 42238 42241
22729 42237 42241 42242 42243 41507
22730 42244 42245 41528 41504 42243
22731 41527 41535 37853 42246 42247 42245
22732 42248 37825 37847 42246 42249
22733 42250 42251 37919 37923 41484 42159 42240
22734 37916 37814 42248 42252 42251
22735 42239 42250 42252 42249 42247 42244 42242
22736 36047 41390 42253 42254 42245 41529 31339 34399
22737 41388 36046 35997 36015 37849 42246 42255 42253
22738 42247 42255 42254
22739 42256 42257 42258 42259 42260 42261 42262 42263 42264
22740 42265 42266 42267 42268 42262 42269 42270 42271 42272 42273
22741 42274 42263 42269
22742 42270 42274 42264 42275 42276
22743 42277 42278 42260 42279 42267
22744 42280 42281 42282 42258 42283 42277 42266 42284 42285
22745 42286 42281 42287 42256 42275 42288 42289
22746 42283 42259 42278
22747 42261 42279 42268
22748 42284 42265 42290
22749 42291 42273 42290 42285 42292 42289 42293
22750 42288 42276 42271 42294 42293
22751 42282 42257 42287
22752 42292 42280 42286
22753 42294 42272 42291
22754 42295 42296 42269 42297 42298 42299 42300 33512 28922
22755 42300 42301 42115 35354 33513
22756 42296 42270 42302
22757 28923 42295 42302 42271 42303 42304
22758 42305 42306 42262 42297
22759 42307 42298 42305
22760 42114 42301 42299 42307 42306 42268 42308
22761 42309 42267 42308 42109 37051 42310
22762 42311 42312 37053 42097 35357 33515 28917
22763 42313 42314 42265 42315 42310 37047 42312 42316 40807 41073 42317
22764 42273 42314 42318
22765 42319 42303 42272 42318 42313 42320
22766 28919 42321 42320 42317 41072 42322
22767 41071 42322 28920 42311 42316 40794
22768 42304 42319 42321 28924
22769 42266 42309 42315
22770 42323 42324 42325 42298 42326
22771 42327 42325 42299
22772 28927 42295 42328 41021 42329 42330 40967 33539
22773 42331 42332 41014 42333
22774 40962 35388 42334 42333 41028 42335 42330
22775 33525 42336 42324 42327 42300
22776 33524 42336 42323 42337 42338 42331 42334 35385
22777 42335 41029 42329
22778 42296 42274 42339 42338 42332 41027 42328
22779 42339 42337 42326 42297 42263
22780 41026 42340 42341 42339 42264 42342 42343
22781 42344 42341 42338
22782 42340 42344 42332 41013
22783 42275 42342 42345 42346
22784 41024 42343 42345 42347
22785 42347 41022 42328 42302 42276 42346
22786 36987 42120 37029 37058 42107 42348 42349 42350 42278 42351 37045 42165
22787 42349 42352 42353
22788 42108 42348 42352 42354 42279 42308
22789 42355 42310 37048 39145 36988 37041
22790 42309 42277 42351 37033 42355
22791 42350 42353 42354 42260
22792 37034 42175 42356 42283 42351
22793 37030 36426 28893 42357 42358 42280 42359
22794 42360 41324 42174 42356 42258
22795 28892 41320 42360 42282 42361 42357
22796 42362 37032 42355 42315 42284
22797 42359 37037 42362 42285
22798 42361 42281 42358
22799 28903 42363 42361 42287 42364 42345 42365 28839 28870
22800 42366 42288 42346 42365 28847 28871
22801 42367 42289 42366 28851
22802 28896 42363 42358 42286 42367 28860
22803 42364 42342 42256
22804 42349 42368 42369 42370
22805 42368 42371 42224 42230 42103 42348
22806 42369 42371 42223 42179 42372
22807 42350 42370 42372 42176 42356 42259
22808 41076 40197 42373 42374 39146 37008 42375 40806
22809 42376 42312 37050 37015 42375 40804
22810 42376 42316 40793
22811 34010 34047 42377 42378 42373 40192
22812 34046 42379 37040 36999 39136 42380 42377
22813 42378 42380 39142 42374
22814 42379 37039 42362 42290 42314 42381 32952 34045
22815 42382 42317 41074 32964
22816 42382 42313 42381 32959
22817 32953 42381 42318 42291 42383 28849 28827 34048
22818 42379 37038 36389 34051
22819 36385 36424 37031 42359 42292 42367 28852 34049
22820 28850 42366 42293 42383
22821 35660 40966 40982 42384
22822 41020 42329 42385 40956 40985
22823 42330 40961 42385
22824 42303 42294 42383 28854 28825 34788 40988 42386
22825 40989 42384 35661 28928 42304 42386
22826 42365 42347 41023 40987 28840
22827 28866 28902 27963 42387 42388 40405 34759
22828 42357 28895 42363
22829 42387 42389 41313 27951
22830 42343 41025 40397 42388 42389 41321 42360 42257 42364
22831 42390 42391 42320 42382 32960
22832 42319 42386 40991 35482 42392 42393 42391
22833 32961 42390 42393 42394 35485 41182
22834 35488 42392 42394
22835 42395 35371 42396 42397
22836 42398 29387 42096 35360 42396 42399
22837 29397 42400 41797 42401 42094
22838 42402 42403 41801 42401 42095 35366 42395 42404
22839 42400 41791 42405 42406 29398
22840 29363 42406 42407 42408
22841 42407 42405 41802 42403 42409 42410
22842 42411 42410 42408 29399 42398 42412
22843 42413 42402 42409 42411
22844 42399 42397 42404 42413 42412
22845 42414 42415 33559 35369 42395 42416
22846 33557 41824 42417 41805 42418 42419 42420 42415
22847 42421 41807 42403
22848 42418 41806 42421 42402 42422
22849 42423 42424 41828 42417 41804
22850 35362 42425 42424 41827 33551
22851 42099 42426 41803 42423 42425 35368
22852 42401 41800 42426 42098
22853 42414 42420 42427
22854 42427 42419 42422 42404 42416
22855 41823 42428 42429 41836 42430 41810 42417
22856 42431 41816 41837 42429
22857 42415 33560 39817 42432
22858 37199 29462 41844 42433 41808 42418 42434 42435
22859 37200 42435 42436 42420 42432 39816
22860 42431 42428 41818
22861 42430 41842 42433 41809
22862 42419 42434 42436
22863 30223 37304 42437 42438 42439 42440 37572 37584
22864 42441 42442 42443 42440 37573 37585 37408
22865 42444 42439 42443
22866 37409 42441 42445 42446 37586
22867 42074 37309 42437 42447 42448
22868 30226 37307 42073 42448 42449 42446 37588
22869 42449 42447 42438 42444 42442 42445
22870 42450 37322 37579 42440
22871 42450 37321 42451 42452 42439
22872 37303 42055 37320 42451 42453 42437
22873 42452 42453 42438
22874 30228 37305 42069 42454 42455 42456 42457 37339 30243 30232
22875 42457 42458 42459 42446 37587 37340
22876 42072 42454 42460 42448
22877 42458 42461 42456
22878 42459 42461 42455 42460 42449
22879 42457 42462 37344 37341
22880 37366 42463 42464 42458 42462
22881 37336 37365 42463 42465 42466 42033
22882 37396 37410 42467 42468 42466 42030 37383
22883 42441 42469 42467 37406
22884 42468 42465 42464 42459 42445 42469
22885 29597 37287 42067 42470 37342
22886 42456 42471 42472 42070 42470 37343 42462
22887 42473 42472 42068 42454
22888 42473 42471 42455
22889 42474 42475 42476 42477 42478 37983 35077 29843
22890 42042 42479 42480 42481 42482 42008
22891 42475 42483 42481 42484
22892 42026 42482 42484 42474 29852 42037
22893 37984 42485 42477 42486 42487
22894 42485 37982 42478
22895 42479 42488 42487 37985 42043
22896 42476 42486 42488 42480 42483
22897 42487 37988 37967 37977 37957 37933 42489 42490 42491 42492
22898 38004 36904 37935 42493 42490 42494 42025 42495
22899 37934 42489 42493
22900 42021 42495 38003 42046
22901 42048 42010 42494 42491 42496 42479
22902 42492 42488 42496
22903 42007 42482 42497 42498 42084 42036
22904 42499 42500 42004 42041 42086
22905 42011 42494 42501 42502 42503
22906 42481 42504 42505 42506 42507 42497
22907 42508 42509 42507 42498 42080
22908 42506 42510 42509
22909 42503 42511 42500 42000
22910 42499 42511 42502 42512 42513 42505 42510 42508 42085
22911 42501 42512 42514 42491
22912 42513 42514 42496 42480 42504
22913 41760 42515 42516 42517 42518
22914 37869 37889 42519 42515 41749 42520 42521 42522 42523 40596
22915 42524 42518 41751 42525 42526 42527
22916 42517 42528 37871 40587 42529 42524
22917 42516 42519 37895 37870 42528
22918 42529 40598 42530 42522 42531 42527
22919 42523 40597 42530
22920 41755 42520 42532 42525
22921 42532 42521 42531 42526
22922 42533 42534 42535 42536 42537
22923 42538 42539 42540 42541 42533 42542 42543
22924 42541 42544 42534
22925 42545 42546 42547 42540 42544 42535 42548 42549
22926 42537 42542 42550 42551 42552
22927 42553 42554 42555 42543 42550
22928 42556 42548 42536 42552
22929 42557 42549 42556 42551 42553
22930 42538 42558 42559 42560 42555
22931 42560 42561 42545 42557 42554
22932 42547 42562 42558 42539
22933 42559 42562 42546 42561
22934 42563 42564 42535
22935 42565 42566 42536 42563 42567 42568 40588 41408 41353 42569
22936 42564 42567 42570 42571 42534
22937 42572 42573 42574 42575 42576 42577
22938 42569 41369 41412 42578 42572 42579 42580 42581 42582
22939 42583 42573 42579
22940 41411 42584 42577 42578
22941 42576 42585 41410 42584
22942 42585 42575 42586 42570 42568 40601 41409
22943 42587 42565 42582
22944 42566 42537 42588 42581 42587
22945 42580 42583 42574 42586 42571 42533 42588
22946 42589 42526 42590 42591 42547
22947 42564 42592 42593 42527 42590 42594 42544
22948 42591 42594 42540
22949 42545 42595 41753 42596
22950 42589 42525 41750 42595 42546
22951 42597 42598 42518 41752 42596 42549
22952 42563 42592 42599 42597 42548
22953 42598 42524 42593 42599
22954 42600 42601 42602 42603 42604
22955 42605 42588 42542 42606 42601 42607
22956 42608 42609 42607 42600 42610 42611
22957 42612 42613 42614 42615 42616 42617 40554
22958 42618 42610 42604 42619 42613 42620
22959 42603 42621 42614 42619
22960 42612 42620 42622 40555
22961 42618 42611 42623 40556 42622
22962 40548 42624 42625 42587 42626 42608 42623
22963 40551 42624 42627 42628 42629 42617
22964 42602 42606 42550 42630 42631 42615 42621
22965 42629 42632 42631 42616
22966 42632 42630 42551 42633 42628
22967 42633 42552 42566 42625 42627
22968 42609 42605 42581 42626
22969 42567 42634 42635 42592
22970 40589 42636 42634 42568
22971 42637 42638 41355 41417 40584 42636 42635 42599 42639 42640
22972 42633 42556 42597 42639 42641
22973 42642 42565 42625 42643 42644
22974 42645 42640 42641 42627 42643
22975 42637 42646 41357 42647 42644 42645
22976 42638 41356 42646
22977 41352 42569 42642 42647
22978 41372 42648 42649 42650 42651
22979 42652 41373 42651 42653 42654 42655
22980 42656 42657 42578 41413 41371 42648 42658 42659
22981 42649 42658 42660
22982 42657 42572 42661
22983 42662 42656 42661 42579 42663 42664
22984 42665 42654 42666
22985 42666 42667 42668 42669 42670 42655
22986 42671 42647 41370 42652 42670
22987 42671 42642 42582 42626 42672 42669
22988 42672 42609 42673 42664 42674 42668
22989 42605 42580 42663 42673
22990 42665 42653 42650 42660 42659 42662 42674 42667
22991 41392 41421 41381 42648 42675 41339
22992 40715 42676 42677 42678 41337
22993 41386 41414 42679 42680 42678 41338
22994 40724 42681 42682 42656 42683 42684
22995 42685 42686 42687 42681 40725
22996 42657 42577 42688 42687 42682
22997 42680 42689 42690 42677
22998 42676 42690 42691 42685 40726
22999 42689 42691 42686 42688 42584 41422 42679
23000 42692 42684 40723 41328 42693
23001 42675 42658 42694 42693 41332
23002 42659 42683 42692 42694
23003 42695 34558 42696 42697
23004 42696 34559 40368 37059 38063 42698 42699 42700
23005 42695 34554 41402 41311 42701
23006 41318 42178 42702 42703 42704 42700 42697 42701
23007 42705 42706 42194 42702
23008 42707 42649 42675 41331 41348 42708
23009 42195 41317 41404 41349 42708 42709 42706
23010 42699 42710 42711 42704
23011 42712 42693 41329 38065 42698 42710
23012 42705 42709 42707 42660 42694 42712 42711 42703
23013 41406 42713 42714 42715 42716 42717
23014 41399 42717 42718 42189
23015 42719 42720 42654 42721 42714
23016 42715 42721 42666 42722 42723
23017 42193 42706 42724 42723 42716 42718
23018 41350 42708 42725 42719 42713 41405
23019 42709 42725 42720 42665 42722 42724
23020 42721 42655 42726 42727
23021 42728 42651 41376 42729 42719
23022 42727 42730 41377 42729 42714
23023 42726 42652 41374 42730
23024 42653 42728 42720
23025 41383 41379 42729 42713 41407
23026 42728 42650 42707 42725
23027 42731 42732 42733 36528 37784 37788
23028 42734 31628 31612 36529 42733 42735
23029 31298 42736 42737 42731 37787 31280
23030 42736 42738 42734 31627 17275 31315 31296
23031 42732 42735 42738 42737
23032 42739 42740 42736 31295 36680
23033 42734 31630 30796 42741 42742
23034 42739 42743 42741 30799 30784 36696 36682
23035 42738 42742 42743 42740
23036 42744 42745 36685
23037 30786 30781 30800 31634 42746 42747 42748 42744 36684 36694
23038 42745 42748 42749 42739 36679
23039 42746 31641 30797 42741 42750
23040 42747 42750 42743 42749
23041 42751 42752 42753 42754 42755
23042 42754 42756 42757 42758
23043 42759 42760 42761 42753 42756 42762
23044 42752 42761 42763
23045 42757 42762 42764 42765 42766
23046 42766 42758 42755 42767
23047 42765 42768 42760 42763 42751 42767
23048 42764 42759 42768
23049 42769 38332 40275 42770 42754 42771
23050 42770 40276 40257 42772 42756
23051 38379 40283 40258 42772 42757 42773
23052 38331 42769 42774
23053 42773 42758 42771 42774 38330 38382
23054 42775 40211 40163 40260 42772 42762
23055 42770 40274 41058 40822 42776 42753
23056 42776 40823 40852 42777 42778 42761
23057 42759 42779 42777 40837 40820 40162 40213 42775
23058 42779 42778 42760
23059 42777 40838 42780
23060 42781 42782 42763 42778 42780 40846 41084
23061 42752 42776 40830 41062 42783 42782
23062 42781 42783 41066 40831 40851 41093
23063 38292 42784 42765 42785 41086 33946
23064 33947 33923 40212 42775 42764 42785 41087
23065 42773 42766 42784 38291 38380
23066 42768 42779 42780 40839 41085 42785
23067 42786 42787 42788 42789 42790
23068 42787 42791 42792 42793
23069 42794 42791 42786 42795 42796
23070 42797 42788 42793 42798 42799
23071 42795 42790 42800 42801
23072 42796 42802 42799 42803 42801
23073 42803 42797 42789 42800
23074 42798 42792 42794 42802
23075 38597 42804 38583 42805 42787 42806
23076 38582 38638 38598 42804
23077 30390 22258 30401 38595 42806 42793 42807 30323
23078 42808 30327 38580 42805 42791
23079 42807 30328 42808 42792
23080 42809 42797 42810 38596 38560 38556 38566
23081 31834 30504 42811 42799 42809 38565
23082 30503 30324 42807 42798 42811
23083 42806 38594 42810 42788
23084 38789 42812 42813 42814 38563 31863
23085 30502 42811 42802 42815 38629 42816 32117 30426
23086 42817 42796 42815 38622 42818
23087 42812 42819 42818 38631 42816 32097 38792
23088 42819 42817 42801 42820 42813
23089 38564 42809 42803 42820 42814
23090 38697 38529 38557 38587 42821 42822 42823
23091 38685 42824 42825 42826 38708
23092 42826 42827 42823 38705
23093 42828 42829 42822 42827 42825 42830
23094 42824 42830 42831 42814 38562 38555 38676
23095 42820 42800 42832 42828 42831
23096 42829 42821 38602 42810 42789 42832
23097 32096 36770 38628 42816
23098 38623 38635 38579 30334 42808 42794 42815
23099 29295 36766 36744 42833 42834 42835
23100 42836 42837 42838 42834 42839
23101 36745 36138 38609 42840 42841 42838 42833
23102 42842 42843 42841 42837 42844
23103 42845 42846 42844 42836 42847 42848
23104 42847 42839 42835 29290 38617 42849
23105 42849 38621 42850 42848
23106 42851 42852 38611 38619 42853
23107 42850 38620 42853 42854 42845
23108 42843 42840 38610 42852 42855
23109 42842 42855 42851 42854 42846
23110 42817 42795 42856 42857 42858 42859
23111 42860 42845 42861 42858
23112 38626 42850 42861 42859 42818
23113 42856 42862 42853 38625 38634 38578 42805 42786
23114 42862 42854 42860 42857
23115 42863 42864 42865 42866 42867
23116 42868 42869 42863 42870 42871 42872 42873 42874
23117 42875 42876 42877 42864 42870
23118 42877 42878 42879 42880 42881 42882 42883 42865
23119 42876 42878 42884 42885 42886
23120 42887 42866 42883 42888 42889
23121 42875 42886 42890 42891 42871
23122 42879 42884 42892
23123 42867 42887 42893 42869
23124 42891 42894 42895 42896 42897 42898 42872
23125 42890 42885 42892 42880 42899 42894
23126 42868 42893 42889 42900 42901 42902
23127 42903 42904 42881 42899 42895
23128 42903 42905 42901 42906 42896
23129 42900 42888 42882 42904 42905
23130 42874 42902 42906 42897 42907
23131 42907 42898 42873
23132 42908 42852 38613 38639 38581 42804 38601 42909 42865
23133 42832 42910 42867 42911 42856 42790
23134 42912 42864 42909 38588 42821
23135 42866 42908 42851 42862 42911
23136 42863 42912 42829 42910
23137 36317 36329 42913 42914
23138 42915 42870 42912 42822
23139 42877 42916 42914 36309 38589 42909
23140 42917 42876 42916 42913 36328 38590 39432 42918
23141 38532 38502 32990 42919 38693
23142 42915 42875 42917 42920 38698 42823
23143 32999 39428 42921 39441 42918 42920 38692 42919
23144 39421 38584 39435 42921
23145 42855 42922 42923 42883 42908
23146 42924 36410 42925 42843 42922
23147 42924 36409 42926 42882 42923
23148 36407 36090 38637 38614 42840 42925
23149 42927 42928 36400 42926 42881
23150 42928 36408 36310 42914 42929 42879 42930
23151 42916 42929 42878
23152 42927 42930 42880
23153 42857 42911 42887 42931
23154 42860 42846 42932 42933 42889 42931
23155 42842 42922 42934 42932
23156 42888 42923 42934 42933
23157 36382 36399 42928 42935
23158 42930 42935 36379 42936 42892
23159 42884 42929 42913 36331 36360 36383 42936
23160 42937 42938 42939 42940 40263 42941
23161 42942 42943 40186 40269 42940
23162 42939 42942 42944 42945 42894 42946
23163 42947 42948 40185 42949
23164 40183 42943 42944 42950 42896 42951 42948
23165 42952 42898 42953 42949 40171 40271 42941
23166 42951 42897 42953 42947
23167 42954 42872 42952 42937
23168 42946 42891 42954 42938
23169 42945 42895 42950
23170 42955 42939 42956
23171 42957 34040 39543 42958 42959 42956 42942
23172 42944 42960 34066 42957
23173 39535 42961 42962 42958
23174 42961 39540 42963 42964
23175 42946 42890 42965 42964 42962 42959 42955
23176 42960 34065 39542 36403 36376 42935 42927 42899 42945
23177 42963 39541 36378 42936 42885 42965
23178 42966 36401 42926 42904 42967
23179 42903 42967 42968 36394 34067 42960 42950
23180 36398 42966 42968
23181 42969 42905 42967 42970 42971 42972
23182 34013 34061 36393 42968 42970 42973 40181
23183 42943 42957 34039 34025 40184
23184 42974 42971 42973 40182 42948
23185 42972 42975 42906 42951 42974
23186 42975 42969 42901
23187 42976 42934 42924 36411 42977 42978
23188 42979 42978 42980 42981 42972
23189 42966 36397 42977 42980 42982 42970
23190 42900 42933 42976 42979 42969
23191 42981 42982 42971
23192 42983 42984 42985 42986 42987
23193 42987 42988 42989
23194 42990 42991 42992 42993 42994 42995 42983 42988 42996
23195 42996 42997 42998 42999 43000 42986 42989
23196 42995 43001 43002 42984
23197 43003 43004 43005 43006 43007 43008 43009 42994 43001
23198 42985 43002 43003 43010 43000
23199 43011 43012 43009 42993
23200 43013 43014 43015 43016 43017 43011 42992 43018 43019 42998
23201 42990 43020 43019 42997
23202 43010 43004 43021 43013 42999
23203 43022 43008 43012 43017
23204 43018 42991 43020
23205 43021 43005 43023 43014
23206 43024 43006 43023 43015
23207 43024 43007 43022 43016
23208 42828 42910 42869 43025 42985 43026 43027
23209 43025 42893 42931 42858 43028 42984
23210 42831 43027 43029 42987 43030 42813
23211 42819 42859 43028 42983 43030
23212 42986 43026 43029
23213 42988 43030 42812 38790 43031
23214 38678 43032 43033 40239
23215 43032 43034 42824 38677
23216 43033 40246 43035 43027 42830 43034
23217 38791 43031 42989 43029 43035 40245
23218 38775 27081 43036 42991 43037
23219 43031 42996 43038 38776 38793
23220 43037 42990 43038 38772
23221 43039 43040 42848 42861 43028 42995
23222 43041 43039 42994
23223 43041 43040 42849 38618 29292 21185 27087 43042 42993
23224 42992 43042 27088 43036
23225 43043 42999 43044 40237
23226 40244 43044 43000 43026 43035
23227 38773 43038 42997 43045 40243 38804
23228 43045 42998 43043 40240
23229 43046 42902 42975 42979 43047 42836 43048 43039 43001
23230 42847 43040 43048
23231 43025 42868 43046 43002
23232 42844 42932 42976 43047
23233 42954 42871 42915 42827 43049
23234 43050 42952 42873 43051 43010 43044 40238 43033
23235 43050 42937 43049 42825 43034
23236 43046 42874 43051 43003
23237 43052 43012 43053 42835 29291 21183 27089 43054
23238 43054 27091 43055
23239 43053 42839 43048 43041 43009
23240 43042 43011 43052 43055 27093
23241 43056 43014 43057
23242 43043 43013 43057 43058 40229 40236
23243 32237 43059 43060 43015 43056 43058 40231
23244 32234 43059 43061 27082 43036 43018 43062
23245 27092 43055 43063 43016 43060 43061
23246 40221 32238 43062 43019 43045 40241
23247 43052 43017 43063
23248 32236 43062 43020 43037 38771 32250 32222
23249 38683 43032 43050 42941 40262 43064
23250 43065 43057 43021 43066 42949 40172
23251 40270 43064 38682 40252
23252 43051 43004 43066 42953 42907
23253 40173 43065 43058 40230
23254 24514 13682 27083 43061 43067 32233
23255 43067 43059 32235
23256 43066 42947 42974 42981 43068 43069 43005
23257 43070 43071 43072 43069 43023 43056 43065 40175
23258 42973 40190 43073 43074 43072 43068 42982
23259 43073 43075 43070 40189
23260 43071 43075 43074
23261 43076 43077 43078 43079 39562 39595 20517 43080 43081
23262 43082 43081 43083 43084
23263 43085 43086 38814 39592 43087 43084
23264 43088 43079 39563
23265 38821 39564 43088 43078 43089 43090 43086
23266 43082 43076 43091 43090 43085
23267 43089 43077 43091
23268 43092 43093 43094 43081 43095
23269 39570 39594 39577 39588 43096 43097 43098 43079
23270 20515 39589 43096 43099 43092 43100
23271 43094 43101 43076
23272 43102 43098 43078
23273 43093 43099 43097 43102 43077 43101
23274 43098 43088 39568 43103 43104 43105
23275 39572 39549 43106 43103
23276 39555 40043 43107 43108 43109 43104 43106
23277 39582 40044 43107 43110
23278 43111 43108 43110 39580 39591 43096
23279 40045 39584 39552
23280 43111 43109 43105 43097
23281 39557 40047 40013 40315 34214
23282 43112 43113 43114
23283 43113 43115 43116 40389 40338 40327 34216 43117 43118
23284 43119 43118 43114 43120 43121 33150
23285 43116 40391 43122 43123
23286 43124 43107 40046 39996 40393 43122 43125
23287 34197 43117 43119 33155
23288 43121 33168 39548 43106 43126 43127
23289 43104 43126 43128
23290 43124 43129 43108
23291 43120 43112 43115 43123 43125 43129 43109 43128 43127
23292 43130 43131 43132 43094 43082 43133 43134
23293 43135 43130 43136
23294 43131 43137 43138 43135
23295 43139 43092 43140
23296 43133 43084 43141
23297 43093 43139 43142 43137 43132
23298 25842 39581 43110 43124 43143 43144
23299 43143 43129 43111 43099 43139 43145
23300 20529 34469 40392 43122 43146 43147
23301 43148 43116 40390 34851 43149 43150
23302 43151 43152 43153 34881 43154
23303 34884 34828 34853 43155 43156 43157
23304 43158 34854 43149 43159
23305 43156 43160 43159 43150 43161 43152 43162
23306 43162 43157 34883 43153
23307 34855 43158 43160 43155
23308 43146 43123 43148 43161 43151 43163
23309 40039 40000 40048 33641
23310 43146 43125 43143 43164
23311 39103 39088 39120 43165 43166 33009
23312 43167 32644 28176 39119 43165 43168 43169 43170
23313 33013 43166 43168 43171
23314 32593 33034 43171 43169 43172 43173 32646
23315 43173 43174 43167 32647
23316 33027 39102 38928
23317 43170 43174 43172
23318 43175 43176 43177 43178 43179 43180
23319 43181 43177 43182
23320 43183 43178 43182 43184 43185 43186 43187 43188
23321 43176 43181 43184 43189 43190 43191
23322 43192 43191 43175 43193 43194 43195
23323 43179 43183 43196 43197
23324 43198 43190 43192 43199 43200
23325 43194 43201 43196 43188 43202 43203 43204
23326 43193 43180 43197 43201
23327 43189 43185 43205 43198
23328 43206 43199 43195 43204
23329 43200 43205 43186 43207 43203 43206
23330 43187 43202 43207
23331 34060 42377 43208 43180 43209 36395
23332 43175 43210 39139 42380 43208
23333 39137 36998 36063 43211 43177 43212
23334 36412 36084 43211 43178 43213
23335 39138 43212 43176 43210
23336 36413 43213 43179 43209
23337 43214 36064 43211 43182 43215
23338 43216 39168 36060 43214
23339 43181 43212 39141 39169 43216 43215
23340 43215 43217 43184
23341 43218 43185 43217 43214 36083 36137 36710 36752 43219
23342 42841 42925 36414 43213 43183 43220
23343 43188 43220 42838 43221
23344 42833 36746 43219 43222 43187 43221
23345 43218 43222 43186
23346 43210 39143 43223 43191
23347 43224 39198 39182 39170 43216 43217 43189
23348 43224 39188 39184 39151 43223 43190
23349 42374 39144 43223 43192 43225 43075 43226
23350 43227 43071 43225 43195 43228
23351 43226 42378 43208 43193 43229 43227 43074
23352 43229 43194 43228
23353 43230 43196 43220 42837 43047 42978
23354 36396 43209 43197 43230 42977
23355 40798 43231 39177 39187 13772 13740 43232
23356 20938 13744 43232 40802 40818 40226
23357 43233 43200 43234 39190 13771 19018
23358 43198 43224 39189 43234
23359 42373 43226 43073 40191
23360 19022 43233 43199 43225 43070 40176 40225
23361 39175 37007 42375 40805 43231
23362 43006 43235 43204 43228 43236 43069
23363 43203 43237 43007 43235
23364 43053 42834 43221 43202 43237 43008
23365 43236 43229 43201 43230 42980 43068
23366 43227 43236 43072
23367 43238 43219 36747 21172 39196
23368 43218 43205 43234 39194 43238
23369 41646 41447 41459 41470 36129 36711
23370 43067 43060 43024 43235 43206 43233 19017 40227 32232
23371 27090 13684 39195 43238 43222 43207 43237 43022 43063 43054
23372 40424 20412 14071 43239 43240
23373 43241 43242 43239 14072 20652 30138 43243 43244
23374 39213 43245 43241 43246 43247
23375 43248 39447 39209 43247 43249
23376 43248 39446 39210 30102 30140 43250 43251
23377 43242 43240 40423 39212 43245
23378 43250 30139 43243 43252
23379 43249 43246 43244 43252 43251
23380 43253 43254 43241 43255
23381 43256 43257 43242 43254
23382 43258 20643 14087 43259 43256 43253 43260
23383 43259 14090 43239 43257
23384 43243 30141 20653 43258 43261
23385 43260 43255 43244 43261
23386 39638 39615 33756 43262 43263 43264
23387 43265 43266 43262 33753
23388 43267 43268 43269 43264 39644 28287 28310 39462
23389 43270 39425 43271 43272 43273 43267 39463 39399
23390 43268 43274 43273
23391 43271 43275 43265 33755 33374 39420
23392 43270 39424 39400
23393 43274 43272 43275 43266 43263 43269
23394 39956 20648 43258 43276 43277
23395 39940 43278 43256 43279
23396 43259 14086 39921 39938 43278
23397 43280 39953 43279 43253 43281
23398 43282 39950 43280 43283
23399 43284 39957 39925 39954 43282 43285
23400 43286 43284 39958 43277
23401 43276 43260 43281 43283 43285 43286
23402 43262 43287 43277 39959 33735 39632 39614 33752
23403 43265 43288 43250 30142 30143 33749
23404 43287 43276 43261 43252 43288 43266
23405 39423 43289 39438 43290 43291
23406 43292 43291 39418
23407 43271 43293 43294 39444 39437 43290 43292 39419
23408 39445 43248 43295 43294
23409 39434 42921 39422 43289
23410 43293 43295 43251 43288 43275
23411 43296 43297 43298 43299 43300 43301
23412 43302 43301 43303 43304
23413 43305 43306 43307 43308 43309 43300 43303 43310
23414 43311 43312 43299 43309 43313 43314
23415 43302 43296 43315 43316 43305 43317
23416 43318 43319 43311 43320 43297 43315
23417 43306 43321 43318 43316
23418 43304 43310 43317
23419 43322 43314 43319 43321 43307
23420 43312 43320 43298
23421 43322 43313 43308
23422 38706 42826 43049 42938 42955 43323 43324 43325 43326
23423 42917 42886 42965 43327 43308 43328
23424 43327 42964 43329 43309
23425 43330 43331 43310 43332 43325 43333 38702
23426 43334 43306 43335 43330 38694
23427 43307 43328 42920 38690 43334
23428 43326 43333 38707
23429 43336 42962 43329 43300 43337
23430 43338 43336 42959 43323
23431 43324 43338 43337 43303 43332
23432 43305 43331 43335
23433 43299 43339 39534 42961 43329
23434 43339 39537 39530 39453 43340 43341 43312
23435 43341 43342 43291 39429 43343 43311
23436 43344 39433 36355 39539 42963 43327 43313
23437 43342 43290 39443 39456 43340
23438 39427 43289 39442 43344 43314 43343
23439 43342 43292 39430 43270 39403 43345
23440 43319 43343 39426 32993 43346
23441 43318 43346 32992 31888 32020 43347
23442 43348 39404 43345 43341 43320 43349
23443 43297 43349 43350
23444 43347 43315 43350 43348 39405 38950 32013
23445 43321 43346 32991 42919 38691 43334
23446 43351 43335 43316 43347 32012 38756 38714
23447 38695 43330 43351 38711
23448 43344 39431 42918 43328 43322
23449 43352 43353 43354 43355 43356
23450 43357 43355 43358 43359 43360
23451 43361 43362 43363 43356 43358 43364
23452 43365 43354 43357 43366 43367
23453 43368 43365 43353 43369 43370 43371 43372 43373
23454 43374 43375 43359 43364 43376 43377 43378 43379
23455 43366 43360 43375 43380 43381
23456 43382 43363 43352 43369
23457 43383 43384 43368 43367 43381
23458 43382 43362 43385 43370
23459 43386 43387 43376 43361 43385 43371 43388
23460 43389 43390 43386 43391 43373 43384 43392 43379
23461 43392 43374 43380 43383
23462 43377 43387 43390 43393
23463 43372 43388 43391
23464 43389 43393 43378
23465 38712 43351 43331 43317 43394 43359 43395 43396
23466 43358 43397 43302 43394
23467 43296 43350 43398 43399 43355 43397
23468 43400 39406 43348 43398
23469 43357 43399 43400 39411 38946 43401
23470 43402 43396 38721 38752
23471 43401 43360 43395 43402 38757 38951
23472 43403 43404 43363
23473 43403 43405 43337 43301 43397 43356
23474 43404 43405 43338 43406 43362
23475 43407 43332 43304 43394 43364
23476 43361 43406 43324 43407
23477 43400 39409 43408 43409 39371 43410 43411
23478 43412 43366 43401 38947 39392 39346
23479 39349 43412 43367 43413 39345 39275
23480 43414 43411 43399 43354
23481 43415 43408 39410 39369
23482 43409 43415 39370
23483 43365 43414 43410 39372 39340 43413
23484 43416 38703 43333 43417 43377 43418
23485 43325 43407 43376 43417
23486 43395 43375 43419
23487 43416 38704 38713 43396 43419 43374 43420 43421
23488 43422 43378 43418 43421
23489 43379 43420 43422
23490 43423 43380 43419 43402 38753 38769
23491 43423 43381 43412 39347 38767
23492 43413 39339 39325 43424 43368
23493 39329 43424 43384 43425 43426 38730
23494 43427 43425 43383 43423 38768
23495 43426 43427 38763 38732
23496 40264 42940 42956 43323 43406 43385 43428 43429
23497 40267 39484 43430 43429
23498 43431 39475 39501 39544 43432 43404 43382
23499 43432 39536 42958 43336 43405
23500 43428 43370 43431 39469 39489 43430
23501 43433 43388 43434 43429 40265 43435
23502 43326 43417 43387 43436 43435 40266 43064 38686 38709
23503 43428 43371 43434
23504 43433 43386 43436
23505 43437 43436 43390 43438
23506 43437 43433 43391 43439 39328 38725 43440
23507 43440 43438 43389 43422 43441 43426 38731
23508 43425 43392 43420 43441
23509 43424 43373 43439 39327
23510 43442 43416 38710 38722 38760
23511 43427 43441 43421 43442 38762
23512 38647 40268 43435 43437 43443 38656
23513 38733 38761 43442 43418 43393 43438 43443 38653
23514 43443 43440 38726 38654
23515 43439 43372 43434 43430 39485 39363 39326
23516 43444 43445 43446 43447 43448 43449 43450
23517 43451 43452 43453 43446 43454 43455
23518 43456 43457 43447 43454 43458 43459 43460
23519 43461 43462 43463 43455 43458
23520 43464 43465 43466 43467 43450 43468 43460
23521 43456 43469 43449 43468
23522 43470 43445 43453 43471 43466
23523 43459 43461 43472 43473 43464
23524 43463 43451 43474 43475
23525 43457 43448 43469
23526 43471 43452 43474 43476 43473 43465
23527 43470 43444 43467
23528 43476 43475 43462 43472
23529 43477 43444 43478 39495 39479 39490 43479
23530 39468 43431 43369 43480 43449 43481 43479 39493
23531 43450 43481 43477
23532 43448 43482 39532 43432 43403 43352 43480
23533 43483 39523 39517 39500 43478 43445
23534 43484 39529 43483 43446
23535 43447 43484 39531 39538 43482
23536 43485 39450 39260 43486 43487 43488 43451
23537 43454 43489 39448 39528 43484
23538 43483 39522 43490 43487 43491 43453
23539 43485 39451 43489 43455
23540 43488 43491 43452
23541 43486 43490 39518 39249
23542 43492 43457 43482 39533 43339 43298 43349 43398 43411
23543 39380 43409 43493 43460 43494
23544 43408 43493 43459 43495 39408
23545 43495 43458 43489 39454 43340 43345 39407
23546 43410 39379 43494 43456 43492
23547 43496 43497 43293 43272
23548 43497 43294 39457 43485 43463 43498
23549 39459 43499 43273 43496 43498 43462 43500 39417
23550 43500 43461 43495 39416
23551 43499 43267 39464
23552 41203 34729 43501 43465 43502 39381 33124
23553 33126 41202 34727 43503 43467 43477 43504 39338 33146
23554 43501 43466 43503 34728
23555 43415 43493 43464 43502 39375
23556 43494 43468 43481 43504 39337 39378
23557 39491 43479 43504 39341 34679
23558 43480 43469 43492 43414 43353
23559 43505 43506 34764 34708 34734 33031
23560 43507 43508 43505 33012
23561 34766 43509 43510 43508 43506
23562 43503 43470 43478 39494 34792 34724 34732
23563 43511 43512 43513 43510 43507 33001
23564 43514 43515 43513 43509 34768 39521 43490
23565 43501 43471 43491 43516 43517 43518 43511 33021 34735
23566 43518 43512 43515 43519 43520
23567 43487 43514 43519 43521 43516
23568 43520 43521 43517
23569 33004 43522 43523 39107
23570 33125 33024 43524 43473 43502 39374
23571 39415 43500 43472 43524 33025 43522 43525 39105 39458
23572 43525 43523 39106
23573 43526 43527 43249 43295 43497 43528
23574 39244 43529 43514 43486
23575 43530 43521 43531 43528 43498 43475
23576 43516 43488 43474 43530
23577 43532 39258 39208 43247 43527
23578 43526 43532 39256 43529 43519 43531
23579 43518 43533 43534
23580 43511 43533 43535 43536 43537 33000
23581 43476 43530 43517 43534 43535 43538 33019 43524
23582 43539 43536 43538 33020
23583 43539 43537 33007
23584 43540 43541 43542 43528 43496 43274 43543
23585 39112 43544 43541 43545 43546 43538 33038 43547 43525
23586 43548 43540 43544 39113 39461
23587 43499 43268 43543 43548 39460
23588 43531 43520 43534 43549 43545 43542
23589 43522 43547 33005
23590 43549 43546 43535
23591 37152 43550 43551 43552 37184 39812 40291 37206
23592 39876 37140 43550 43553 43554
23593 39877 43554 43555 43556 40312 40292
23594 43557 43558 43559 43556 40304
23595 43560 37174 39839 40307 43557
23596 43558 43560 37183 43552 43561
23597 43553 43551 43561 43559 43555
23598 37491 37481 37430 43562 43563 43564
23599 43565 37431 43562 43566
23600 43567 43564 37493 37517 37488 43568
23601 37485 37465 37432 43565 43569 43568
23602 43569 43566 43563 43567
23603 43570 43571 43572
23604 43570 43573 37187 39811 37208 43574 43575 43576 43577
23605 43578 43571 43573 37186 43552
23606 43576 43579 43580
23607 43579 43575 43581 43582
23608 37159 37207 43574 43581 43583 43584
23609 43585 43584 37141 43550
23610 43578 43572 43577 43580 43582 43583 43585 43551
23611 43560 37175 33503 33548 35646 43586 43587 43588
23612 39820 42432 42414 43589 43573 37185
23613 35650 33549 35359 42396 43590 43591 43586
23614 43590 42397 42416 43589 43571 43592
23615 43588 43558 43593
23616 43593 43587 43591 43592 43578 43561
23617 43594 37509 43595 43596 42407 43597 29365
23618 29353 43594 37500
23619 43595 43598 37505
23620 43579 43599 37508 43598 43596 42408 29362 43600 43601
23621 43602 43581 43603 37507 37448 43562
23622 29361 43600 43604 43605
23623 43565 37437 37454 29367 43605 43606
23624 43597 42406 29364
23625 43575 43599 37496 43603
23626 43604 43601 43582 43602 43566 43606
23627 43607 42412 43608 43609 43610
23628 43599 37495 43611 43610 43612 43576
23629 43607 42411 43613 43598 37504 43611
23630 43608 42398 29388 43600 43614
23631 42410 43613 43596
23632 43609 43612 43580 43601 43614
23633 42427 42436 43615 43610 43616 43570 43589
23634 42434 42422 42413 43607 43615
23635 43608 42399 43590 43617
23636 43609 43616 43572 43592 43617
23637 43618 43564 37492 37142 43584
23638 43603 37497 37224 37212 43574
23639 43563 43602 43583 43618
23640 43619 28926 35644 43620 43621
23641 43622 43620 35649 35768 39846 43623
23642 43624 43588 43557 40305 39843 39847 43625 43622 43621 43626
23643 43619 28915 35645 43586 43627 43626
23644 43625 39848 43623
23645 43587 43627 43624
23646 43615 42435 37202 37230 37494 43611
23647 43612 43616 43577
23648 43628 43629 43630 43631 40901 20851 43632
23649 20847 33767 43633 43634 43635 43632
23650 43636 33766 40880 43631
23651 43637 43638 43639 43640 33765 43636 43630
23652 43639 43641 43642 43643
23653 43640 43641 43644 43633 33764
23654 43643 43645 43638
23655 43646 43635 43628
23656 43637 43645 43642 43644 43634 43646 43629
23657 43630 43647 43648
23658 43649 43648 43631 40879 40928 43650
23659 35306 40926 43651 43652 43653 43654 35340 35321
23660 24942 43655 43656 43657 43654 35336 35320
23661 28744 20848 43632 43658 18569 35319
23662 40929 43650 43659 43651
23663 24941 43655 43660 43628 43658 18568
23664 43661 43653 43657
23665 43661 43652 43659 43649 43647 43629 43660 43656
23666 43662 39973 43663 43664
23667 18542 39964 43662 43665 43666
23668 43633 33772 18551 43666 43667
23669 43668 40896 43669 43640 33770
23670 43668 40881 33769
23671 43641 43670 43663 39970 41283 41303 40897 43669
23672 43667 43665 43664 43670 43644
23673 43671 43672 43655 24943
23674 43635 43673 43674 18539 18570 43658
23675 43671 43675 43676 24931 24933 24944
23676 10851 10830 10833 43677 43678 43674 18540
23677 43679 43677 10832 24930 43680
23678 24924 43680 43681 43676
23679 43660 43646 43673 43678 43679 43681 43675 43672
23680 39962 43682 43683
23681 10839 10869 10814 28679 39963 43682 43684 43685 43677
23682 43686 43666 18541 43674
23683 43684 43683 39961 43662 43687
23684 43685 43687 43665 43686 43678
23685 43688 43689 43690 33648 33667 33655
23686 43691 43692 43688 33656 35346
23687 32458 24945 43671 43693 43690 33644 33664 32488
23688 35335 43654 43694 35348
23689 43691 43695 43657 43694 35343
23690 43672 43693 43689 43692 43695 43656
23691 43696 43697 40937 43650
23692 41299 43698 43699 43700 43701 40876
23693 43702 43703 43704
23694 43705 43702 43706 43698 41294 40882 43668 33768 43636 43648 43707
23695 43703 43706 43699 43708
23696 43701 40884 43709
23697 40885 43709 43700 43708 43704 43705 43710 43697 40939
23698 43710 43707 43649 43696
23699 43673 43686 43667 43634
23700 10860 18519 43711 43712 43680 24923
23701 43711 18517 28651 39965 43682 43713 43714
23702 43684 43713 43715
23703 43679 43712 43714 43715 43685
23704 43716 40051 43717 43718
23705 43716 40052 43719 43720
23706 33639 40037 40053 43719 43721 43722
23707 33640 24925 43676 43723 43722
23708 43717 40050 18518 43711 43724
23709 43681 43712 43724 43718 43720 43721 43723
23710 33645 43722 43725 43690
23711 43675 43723 43725 43693
23712 43726 40017 40116 40061 43727 43728
23713 38833 43729 43730 43688 33663 33677
23714 43731 43726 40015 40049 39554 38831 43729
23715 43719 40058 43727 43732
23716 43725 43721 43732 43728 43731 43730 43689
23717 43733 40055 33780 28655 43734 43735
23718 43734 28660 43736 43737
23719 39968 28659 43736 43738
23720 43733 40054 43739
23721 43713 43683 39975 43738 43737 43735 43739 40056 43717 43740
23722 43724 43714 43740
23723 43741 43742 40911 35287 35338
23724 43743 43651 40925 40910 43742 43744
23725 43741 43744 43745 43653 43694 35344 35339
23726 43743 43652 43745
23727 41033 41043 43746 43747 41006 40997
23728 38832 43729 43748 43749 43750 41041 34194 33180 39559
23729 43749 43751 43752
23730 41042 43746 43753 43754 43751 43750
23731 43691 43755 43753 43747 41002 35342
23732 43730 43748 43752 43754 43755 43692
23733 40014 40120 43756 43757 43749 43758 43726
23734 41040 43759 43757 43750
23735 41039 40069 40129 43756 43759
23736 43731 43758 43748
23737 43760 43761 43762 43763 43764
23738 43765 43766 43767 43763 43768
23739 43764 43769 43770 43771 43772 43773 43774 43775 43768
23740 43765 43776 43777 43775
23741 43778 43773 43779 43780 43781 43782 43783 43766 43776
23742 43784 43783 43767 43762
23743 43778 43777 43774
23744 43785 43786 43760 43769
23745 43787 43788 43782 43784 43761 43786
23746 43789 43790 43791 43787 43785 43770
23747 43788 43791 43792 43781
23748 43779 43793 43794 43772
23749 43780 43792 43790 43795 43793
23750 43771 43789 43795 43794
23751 43796 43763 43797 43739 40060 43716 43798
23752 43718 43740 43715 43687 43664 43799 43800 43798
23753 43762 43801 43735 43797
23754 43801 43737 43802 43761
23755 39967 43738 43802 43760 43803 43799 43663
23756 43796 43764 43803 43800
23757 43804 43805 43798 43720 43732 43806
23758 33786 40057 43733 43797 43767 43807 43808
23759 43809 43807 43766
23760 43810 43811 43765 43809 43808 33787 40059 43727 43806
23761 43810 43812 43804
23762 43805 43796 43768 43811 43812
23763 43734 28654 28618 35177 43813 43814 43784 43801
23764 33784 40117 43815 43808
23765 35178 43813 43816
23766 35173 43817 40121
23767 43783 43814 43816 35180 43817 40113 43815 43807
23768 43670 43799 43818 43642
23769 43785 43819 35910 41279 43820
23770 43643 43818 43803 43769 43820 41282 43821
23771 43786 43819 35904 28677 39966 28663 43736 43802
23772 43639 43821 41269 41293 40906 43669
23773 28637 28617 28628 35905 43822
23774 43813 35176 28642 43822 35906 43823 43788 43824
23775 43824 43814 43782
23776 43823 35907 43819 43787
23777 43791 43823 35923 43825 43826 43827
23778 35926 43828 43825
23779 43829 41278 35930 43828 43826 43830 43789 43831
23780 43827 43830 43790
23781 43829 41265 43832
23782 41277 43832 43831 43770 43820
23783 35169 28641 43833 43834 43835
23784 35922 43822 28638 43833 43836 43837 43825
23785 43824 43816 35179 43835 43838 43781
23786 43792 43827 43839 43836 43834 43838
23787 43837 43826 43839
23788 43840 43841 43842 43843 43844 43845 43846 43847
23789 43848 43849 43840 43850 43851 43852 43853 43854
23790 43855 43856 43857 43841 43850
23791 43842 43857 43858
23792 43859 43860 43861 43862 43843 43858 43856 43863
23793 43851 43855 43863 43864 43865 43866
23794 43848 43867 43846 43868 43869 43870
23795 43847 43849 43867
23796 43871 43872 43859 43864 43873 43874
23797 43875 43876 43873 43865 43877 43878 43879
23798 43880 43854 43870 43881 43879
23799 43875 43882 43883 43869 43881
23800 43884 43885 43886 43845 43868 43883
23801 43876 43874 43887 43884 43882
23802 43852 43866 43877 43888
23803 43888 43853 43880 43878
23804 43871 43889 43861 43890 43885 43887
23805 43844 43862 43890 43886
23806 43872 43860 43889
23807 43840 43891 40285 43892
23808 39860 39875 40286 43892 43849 43893 34079
23809 43891 40284 39796 43894 43895 43850
23810 43848 43893 34083 43896
23811 39797 43894 43897 43852 43898
23812 43897 43895 43851
23813 39857 39798 43898 43853 43899
23814 34069 39861 43899 43854 43896
23815 40288 40311 43900
23816 43901 43902 43903 40309 43904 43857
23817 43894 39795 40301 43903 43905
23818 43855 43906 43902 43905 43895
23819 43856 43901 43906
23820 40287 43900 40310 43904 43841 43891
23821 43907 43908 43909
23822 43910 43911 40306 43912 43913 43908
23823 43914 43915 43909 43910 43916 43917 43901 43858
23824 43916 43911 40300 43903 43918
23825 43915 43907 43913 43919
23826 43917 43918 43902
23827 43914 43919 43912 40308 43904 43842
23828 43916 43920 43921 43922
23829 43921 43923 43924 43859 43925
23830 43926 43923 43920 43910
23831 43906 43917 43922 43925 43863
23832 43924 43926 43909 43927 43928 43860
23833 43929 43915 43927 43930 43862
23834 43928 43930 43861
23835 43914 43929 43843
23836 43931 43932 43922 43918 43905 43897 43866
23837 43931 43933 43865
23838 43932 43925 43864 43933
23839 43934 43868 43935 43936 34077 27104
23840 27142 27131 27114 43934 43869 43937 35416 35418
23841 43936 43938 43867 43893 34081
23842 43937 43870 43896 34070 35415
23843 43846 43938 43935
23844 43939 43940 6793 34078 43936
23845 43941 33578 43942 39874 40294 43943
23846 39868 43942 33579
23847 43944 43941 33576 6812 43940
23848 43938 43939 43944 43943 40293 43892 43847
23849 43945 43877 43931 43946 35764 35798 35805 39864
23850 35426 35803 43947 43879 43948 35413 35407
23851 39863 43945 43878 43947 35804
23852 43949 43876 43950 41101 41088 40857
23853 35419 35417 43948 43875 43949 40856
23854 41103 35757 43946 43933 43873 43950
23855 35427 35806 43947 43880 43899 39858 33618 33583
23856 43948 43881 43937 35414
23857 43951 43882 43949 40860
23858 40859 43951 43883 43934 27105
23859 13739 6855 6792 43940 43952 43886 43953
23860 40869 13745 43953 43885 43954
23861 43884 43954 40870 40868 43951
23862 43939 43952 43845 43935
23863 43874 43955 43956 40815 41063 43957 43958 41102 43950
23864 41064 43957 43959
23865 43887 43955 43960 40803 40817 40841 40874 43954
23866 43961 43962 41061 42783
23867 40797 43960 43956
23868 43958 43959 41065 43962 43963 41092 41097
23869 43963 43961 42781 41083
23870 35755 35743 35766 39850 43623 43964 43921 43932 43946
23871 43911 43920 43964 43625 39849 39801 40299
23872 43888 43898 39802 39865 43945
23873 43928 43965 43966 40790 43960 43967 43889
23874 43890 43930 43965 43968 13737 43953
23875 13742 43232 40800 43966 43968
23876 43967 43871 43955
23877 43969 40524 40535 40542 43970 43971
23878 43972 40531 40492 40545 40522 43973 43974
23879 40544 40507 43975 43976 43970
23880 43972 40527 40511 43975 43977
23881 43973 40521 43978 43979
23882 43969 40519 43978 43980
23883 43979 43980 43971 43976 43977 43974
23884 43245 39217 40420 39257 43981 43982 43983 39941 43279 43254
23885 39255 43984 43985 43986 39955 43987 43988 43532
23886 43280 39951 43987 43989
23887 39933 43983 43990 43986
23888 43991 43992 39246 43984
23889 43281 43989 43988 43527 43246 43255
23890 39253 43981 43993 43992
23891 43985 43990 43982 43993 43991
23892 43994 43995 40436 43996
23893 40427 43996 43997 43998
23894 43999 43995 40435 44000
23895 39254 40421 43998 44001 43981
23896 44002 44003 43992 39247
23897 44004 44000 40434 39242 44002
23898 44004 43999 43994 43997 44001 43993 44003
23899 44005 43978 40517 39907 39935 44006
23900 39939 44006 44007 43998 40422 43240 43257 43278
23901 44008 43973 40520 40408 40439 40426 43996
23902 43997 44008 43979 44005 44007
23903 44009 43972 40529 41394 44010
23904 44011 44010 41395 40453 40438 43995
23905 44011 44009 43974 44008 43994
23906 44012 40369 34564 44013 44014
23907 40373 40526 40508 43975 44015 44012
23908 34556 40478 41401 44016 44017 44013
23909 44018 44010 41403 44016
23910 44017 44018 44009 43977 44015 44014
23911 44019 44006 39934 43983
23912 44019 44007 44001 43982
23913 44020 40388 40352 40337 40328 44021
23914 40330 44021 44022 44023 44024 44025 40407 40363
23915 44020 40386 40349 40543 43970 44026 44027 44022
23916 40376 40541 40321 40366
23917 44027 44028 44023
23918 44029 44012 40370 40353 40403 44025
23919 44028 44026 43976 44015 44029 44024
23920 40396 44030 42697 44031 42388
23921 27954 44032 44033 44013 34557 42695 44031 42387
23922 44034 44025 40404 34220 44035
23923 40355 40367 34575 42696 44030 40402
23924 27966 44032 44036 44037 39524 28901
23925 44038 44039 44035 34200 34757
23926 39512 39520 44037 44040 44038 34761
23927 44040 44036 44033 44014 44029 44034 44039
23928 39519 44037 44041 44002 39243 39219
23929 44042 44043 27957 40437 44000
23930 44044 44043 27953 44032
23931 44036 44044 44042 44004 44041
23932 27952 41309 40451 41400 44016 44045 44043
23933 44045 44018 44011 43999 44042
23934 44046 44047 44021 40329 34217 44048
23935 44046 44049 44023 44050 44051
23936 44022 44047 44049
23937 44048 44051 44052 44035 34199
23938 44050 44024 44034 44052
23939 44031 42701 41312 42389
23940 44045 44017 44033 44044
23941 42369 44053 44054 44055
23942 42221 42231 44056 44057 44053 42371
23943 42718 44058 44059 42204 42234 42190
23944 42233 42206 44060 44061 44062 44056
23945 42177 42702 44063 44064 44055 42372
23946 44059 44065 44066 44060 42205
23947 42716 44067 44065 44058
23948 44066 44061 44068 44069 42723 44067
23949 42705 42724 44069 44070 44063
23950 44064 44070 44068 44062 44057 44054
23951 44071 44072 42670 42726 44073 44066
23952 44073 42727 42715 44067
23953 44072 42669 44074 44075 44076
23954 44077 42668 44074 44078
23955 44069 42722 42667 44077 44079
23956 44071 44076 44080 44061
23957 44080 44075 44078 44079 44068
23958 44076 44081 44082 42623 40549 44083
23959 44084 44082 42611 44085 44086 44087
23960 40572 42622 44088 44089 44090
23961 42618 44085 44091 44088
23962 42203 40575 44090 44092 44087 44093 44056 42232
23963 44060 44071 44083 40578 44094 42208
23964 40563 44094 42200
23965 44086 44091 44089 44092
23966 44062 44080 44081 44084 44093
23967 40546 44095 42644 42671 44072 44083
23968 44082 42608 42672 44074 44096
23969 42643 42624 40547 44095
23970 44096 44075 44081
23971 44097 44098 44099 44100 44101 44102 44103 44104
23972 44077 42674 44105 44106 44098 44107
23973 44108 44099 44106
23974 44109 42664 44105 44108 44100
23975 44109 44101 44110 42607 42673
23976 42600 44110 44102 44111 44112
23977 44113 44103 44111 44114 44086 44115 44116
23978 44117 44118 44087 44115
23979 44104 44113 44119 44120
23980 44112 42610 44085 44114
23981 44119 44116 44117 44121
23982 44118 44084 44096 44078 44107 44097 44120 44121
23983 44122 44123 44117 44124 44053 42368 42352 44125 42307 42325
23984 44126 44127 44128 44129 44130 44055 42370 42353 44125 42305 42326
23985 44131 44132 44126 42323
23986 44127 44133 44134 44135 44132
23987 44136 44137 44129
23988 44138 44119 44139 44136 44128 44133
23989 44134 44138 44116 44123 44140
23990 44135 44140 44122 42324 44131
23991 44124 44121 44139 44137 44130 44054
23992 42110 44141 44142 44122 42327 42301
23993 42101 40574 44090 44143 44141
23994 40561 42111 42201
23995 42354 44125 42306 42261
23996 44143 44092 44115 44123 44142
23997 44118 44093 44057 44124
23998 44128 44144 42704 44145 44146
23999 41047 40395 44030 42700 44145 44147 41018
24000 44148 44127 44146 44147 41019 44149
24001 44126 44148 44150 42341 42337
24002 42340 44150 44149 41012
24003 44144 44129 44151 44063 42703
24004 44151 44064 44130
24005 41419 40592 44152 44153 44154
24006 44155 44156 44157 44158 44159 44152 40595
24007 44160 40585 42636
24008 41423 44154 44161 42585
24009 44162 44163 44156 44164 42530 40602 44160 42634 42570
24010 44164 44155 40599 42523
24011 44162 44165 44166 42586
24012 44163 44157 44167 44168 44165
24013 44166 44168 44169 44159 44153 44161 42575
24014 44158 44169 44167
24015 44170 44171 44172 44159
24016 40591 44173 44174 44170 44152
24017 44171 44175 44176 44177 44174
24018 44178 44179 44157
24019 44180 44181 44178 44156
24020 40594 44182 44176 44183 44180 44155
24021 44181 44183 44175 44172 44158 44179
24022 44184 44185 44186 44174
24023 44187 44176 44188
24024 44189 44184 44171
24025 44187 44190 44185 44189 44175
24026 42515 41748 44191 37885 44192
24027 37887 35045 44193 41742 44191
24028 44194 44195 44196 44197 42521
24029 44164 44180 44198 44194 42522
24030 41746 42520 44197 44199
24031 44192 37892 42519
24032 44198 44183 44187 44200 44195
24033 44160 40586 42529 42593 42635
24034 42571 44162 44201 44202 42594 42541
24035 44203 44204 44178 44163 44201
24036 44205 44194 42531 42590 44202 44203
24037 44205 44198 44181 44204
24038 42562 42589 42532 44197 44206 44207 44208 44209 44210
24039 44211 44212 44213 44208
24040 41783 41878 41757 44214 44207 44211 44215 44216
24041 42559 44210 44217 44218 44219
24042 42561 42595 41754 41784 44220 44219
24043 44218 44221 41781 44220
24044 44221 41778 44216 44222 44213 44209 44217
24045 44215 44222 44212
24046 41869 44223 44224 44215 44225
24047 41779 41881 44226 41872 44225 44216
24048 44211 44224 44227 44228
24049 41874 41880 44226
24050 44228 44207 44229
24051 44230 41871 41856 41893 44231
24052 44230 41868 44225 44222 44232
24053 44212 44224 44233 41894 44231 44232
24054 44234 35859 44235 44236
24055 44236 44237 41897 35106 44238
24056 35103 35865 44234 44238
24057 35109 44238 44239 44240
24058 44241 44240 35118 41905 44242 44243
24059 44242 41898 44244 44245
24060 44236 44239 44241 44246 44247
24061 44245 44248 44246 44243
24062 44249 44250 44251 44252 44253
24063 44254 44255 44256 44252 44257
24064 44258 44259 44260 44261 44253 44257 44262
24065 44263 44264 44265 44266 44267 44249 44261
24066 44250 44267 44268 44269
24067 44251 44269 44270 44271 44256
24068 44270 44268 44266 44272 44273
24069 44274 44254 44262 44275 44276
24070 44277 44278 44272 44265 44279
24071 44274 44280 44278 44273 44271 44255
24072 44281 44282 44279 44264 44283 44259
24073 44284 44282 44277 44280 44276
24074 44263 44283 44260
24075 44281 44284 44275 44258
24076 40615 44285 40630 44286 44287 44288
24077 40623 44285 40617
24078 40611 44288 44289 44290
24079 40613 44291 44253 44292 44290
24080 44286 40628 44293 44251 44294
24081 40603 40620 44295 44249 44291
24082 44292 44252 44294 44287 44289
24083 44293 40629 44295 44250
24084 43536 43546 44296 44287 44297
24085 39087 44298 44289 44297 43539 33006 43547 43523 39114
24086 44299 44257 44292 44298 39080
24087 39078 44299 44254 44300 43544 39115
24088 44255 44301 43541 44300
24089 44301 44256 44294 44296 43545
24090 40610 44290 44298 39081
24091 44261 44291 40605 34950 39131 44302
24092 44303 44259 44304 39760
24093 44305 44258 44303 39756 39127 39095 39073
24094 44304 44260 44302 39130 39759
24095 44299 44262 44305 39079
24096 39134 39749 44306 44263 44302
24097 44307 39946 40619 44295 44267
24098 44307 39945 39913 44308 44266
24099 44306 44264 44309 39899 34934 39747
24100 44265 44308 39914 39891 39898 44309
24101 44310 39948 40626 44293 44269
24102 44310 39947 44307 44268
24103 44311 43989 43283 44312 44273
24104 44308 39919 39949 43282 44312 44272
24105 43987 39952 44310 44270 44311
24106 44313 44276 44314 43548 39465
24107 39072 44305 44275 44313 39467 39108
24108 43540 44300 44274 44314
24109 44315 44316 43284 39960 39895 39900 44309 44279
24110 43285 44312 44278 44317 44316
24111 44277 44317 44315
24112 43542 43526 43988 44311 44271 44301
24113 44314 44280 44317 44318 43269 43543
24114 44316 43286 43287 43263 44318
24115 44319 44281 44303 39755 39642
24116 39640 33729 39748 44306 44283 44304 39758
24117 39643 43264 44318 44315 44282 44319
24118 39466 44313 44284 44319 39650 28291 28299
24119 44320 44321 44322 44323 44324 44325 43168
24120 27990 44326 44327 44320 43171 33014
24121 33008 44328 44329 44330 44325 43166
24122 44331 44332 44333 44321 44327
24123 44322 44334 44333
24124 44326 44331 44335 44336 27994
24125 44337 44330 44324
24126 43505 44338 44339 44336 27993 33011
24127 44328 44340 44341 43507 33002
24128 44338 44342 44341 43508
24129 44339 44342 44340 44329 44337 44323 44334 44332 44335
24130 44343 39122 40606 44344 44345 44330
24131 44325 44343 39116 43165
24132 44346 44344 40612 44288 44297 43537 33003 44328
24133 44345 44346 44329
24134 44347 40608 34840 34856 43155 44348 44349
24135 43156 44348 44350 44351
24136 34892 43157 44351 44352 44353
24137 44324 44343 39117 40609 34829 28123 34886 44353 44354
24138 44347 40607 44344 44355
24139 44337 44345 44355 44349 44350 44352 44354
24140 44356 44357 44358 44359 40621 44285 40614 44347
24141 43158 34857 34800 44360 44358 44361
24142 44360 34801 40622 44359
24143 43160 44361 44357 44362 44348
24144 44356 44362 44349
24145 34888 44363 44364 44365 32642 28179 44366
24146 44320 44367 43169
24147 44368 44364 44369 44321 44367 43170
24148 44363 34887 44353 44370 44322 44369
24149 43167 44368 44365 32645
24150 44370 44354 44323
24151 44371 44372 44373 44374 44375 44376
24152 44377 44378 44375 44379 44380
24153 44376 44379 44381 44382
24154 44380 44383 44384 44381
24155 44383 44377 44385 44386 44387
24156 44384 44387 44388 44389 44390 44371 44382
24157 44391 44374 44378 44385 44392
24158 44386 44392 44393 44394 44395 44388
24159 44396 44395 44389
24160 44397 44393 44391 44373
24161 44390 44372 44397 44394 44396
24162 44050 44028 44398 44373 44399 44400
24163 44401 44402 44400 44051 44403 44376
24164 44375 44404 44046 44403
24165 44398 44027 44049 44404 44374
24166 44405 44372 44399 44402
24167 44371 44405 44401
24168 43149 34852 44406 44377 44407
24169 44404 44047 44020 40387 34850 44406 44378
24170 43117 34198 44048 44403 44379 44408 44409
24171 43148 43115 44410
24172 44408 44380 44407 43150 44410 43113 44411
24173 43118 44409 44411
24174 44342 44412 44413 44414
24175 44415 44408 44381 44416 44413
24176 44341 44412 44416 44382 44401 44417 43510
24177 34754 34196 33151 43119 44409 44415 44414 44338 43506 34765
24178 34767 44038 44418 44402 44417 43509
24179 44400 44052 44039 44418
24180 44361 43159 44407 44383 44419
24181 44358 44420 44387 44419
24182 44360 34813 34858 44421 44386 44420
24183 44406 34859 44421 44385
24184 44357 44419 44384 44416 44422
24185 44423 44390 44405 44417 43513
24186 44412 44422 44356 44355 44346 44340
24187 44296 44286 40627 44424 44389 44423 43512 43533 43549
24188 44359 44420 44388 44424 40625
24189 44425 43969 40518 39915 34865 34861 44421 44392
24190 44026 43971 44425 44391 44398
24191 44426 43990 44019 44005 43980 44425 44393 44427
24192 44395 44428 44426 43986 39937 40624 44424
24193 44394 44427 44428
24194 43515 44423 44396 44428 44429 43984 39245 43529
24195 43985 44426 44429
24196 44418 44040 44041 44003 43991 44429 44427 44397 44399
24197 44430 44431 35137 44432 44433
24198 44434 44435 35136 35848 35111 44436 44437 44438
24199 44432 35139 44435 44439 44440
24200 44433 44441 44437 44442 44443 44440
24201 44430 44444 35113 44436 44441
24202 44442 44438 44445
24203 44445 44434 44439 44443
24204 44446 44447 41253 44448 44449
24205 44450 44447 41249 44451
24206 44452 44440 44453
24207 44454 44452 44432 35145 44455 41244 44448
24208 35140 44456 44457 44446 44450 44458
24209 44459 44460 35135 44435 44461
24210 44462 35903 35128 44460 44463
24211 44464 44462 35901 35144 44456 44465
24212 44459 44463 44464 44466
24213 44449 44454 44453 44439 44461 44466 44465 44457
24214 44467 44468 44469 44470
24215 44471 44469 44472 41229
24216 44473 44474 44475 44470 44472 41230
24217 44471 44468 44476 44448 41245 44477 41228
24218 44478 44474 44479 44480
24219 44481 44480 44482 44483 41255 41231
24220 41219 44473 44478 44481
24221 44484 44485 44447 41250 44483
24222 44486 44446 44485
24223 44484 44486 44449 44476 44467 44475 44479 44482
24224 35918 28619 35899 44487 44464 44488 44489
24225 41258 44490 44491 44492 44456 35142 44493 20818 20836 20808 35920
24226 44462 35900 44487
24227 41259 44490 44494
24228 44494 41260 35919 44489 44495 44491
24229 44465 44488 44495 44492
24230 44496 44497 44485 44450 44498 20840 28675 35921 41262
24231 44499 44496 41261 44490 44500
24232 44491 44501 44500
24233 44501 44492 44457 44486 44497 44499
24234 41251 44483 44502 44496 41285 44503
24235 44484 44497 44502
24236 44504 44505 44506 44507 40729
24237 42685 44508 44509 44510 44507 40728
24238 40730 42681 44511 44512 44504
24239 44513 44514 44515 44511 42687
24240 44512 44515 44516 44517 44505
24241 44518 44516 44514 44519 44509
24242 44513 44519 44508 42686
24243 44517 44518 44510 44506
24244 37068 44520 44521 44522 38069
24245 44520 44523 44524 40718 38068 37075
24246 40721 44524 44525 44526
24247 44527 44526 40722 38066 44522
24248 44527 44525 44523 44521
24249 44528 44529 44530 40083 41048 44531
24250 40100 44532 44533 44534 44535 44530 40090
24251 44529 44535 44536 44537 44538 44539 44540
24252 44533 44541 44542 38060 37070 44543
24253 44542 44544 44537 44545 44546 44547 38061
24254 44528 44540 44548 44549 44550
24255 44551 44552 44547 38062 42698 44553
24256 44548 44539 44554 44553 42699 44145 44555
24257 44147 44555 44549 44556 41017
24258 44531 44550 44556 41010 41049
24259 44532 44543 37076 40094
24260 44551 44557 44545 44538 44554
24261 44546 44552 44557
24262 44536 44544 44541 44534
24263 44558 44210 42558 44559 44560 44561
24264 42539 42591 44202 44562 44559
24265 44560 44562 44203 44563 44564 44565 44566 44567
24266 44567 44568 44569 44570 44561
24267 44571 44209 44558 44570
24268 44569 44571 44208 44228 44572 44573 44574 44575 44576
24269 44577 44573 44578 44195 44205 44563
24270 44564 44577 44574 44579
24271 44575 44579 44565 44580
24272 44566 44580 44576 44568
24273 44581 44582 44583 44584 44585 44586 44587 44588 44589
24274 44590 44591 44592 44582
24275 44590 44593 44594 44583
24276 44593 44595 44596 44597 44591
24277 44594 44595 44598 44599 44584
24278 44592 44597 44600 44601 44602 44581
24279 44603 44598 44596 44600 44604 44605
24280 44599 44603 44606 44607 44585
24281 44602 44608 44609 44589
24282 44607 44610 44611 44586
24283 44601 44604 44612 44608
24284 44609 44612 44605 44606 44610 44613 44588
24285 44613 44611 44587
24286 44614 44615 44587 44616 44617 35378
24287 44618 44588 44616
24288 44619 44589 44618 44617 35379
24289 44620 44584 44621 44622 44623 35376 40969
24290 44620 44583 44624 40788 40954
24291 35364 44625 44582 44624 40787
24292 44614 44626 44623 35377
24293 44622 44627 44586 44615 44626
24294 44619 44581 44625 35350 35380
24295 44585 44627 44621
24296 44628 40757 44629 44630 44631
24297 41820 40758 44628 44632 44633
24298 44634 44635 44632 44631 44636 44637
24299 44638 44636 44630 44639 44640 44591
24300 44641 44634 44642 42425 35363
24301 44643 44639 44629 40751
24302 41826 44633 44635 44642 42424
24303 44625 44592 44638 44637 44641 35351
24304 40740 44643 44640 44590 44624 40785
24305 42102 44141 44644 44645 44641 35352
24306 44646 44647 44645 44637
24307 33522 42336 44131 44648 44602 44619 35384
24308 44649 44650 44651 44647 44644 44142 44140
24309 44601 44652 44649 44135 44648
24310 44653 44651 44646 44638 44597
24311 44653 44650 44652 44600
24312 42344 44150 44654 44655 44617 35383 44656 42331
24313 44657 44609 44618 44655
24314 44654 44657 44608 44648 44132 44148
24315 35382 44656 42334
24316 42333 44656 35387 44614 44658 44659 44660 41015
24317 44661 44662 44663 44611 44615 44658
24318 44659 44661 44664 41044 41008 44665
24319 44665 44660 41007
24320 44662 44666 44531 41050 44664
24321 44616 44613 44663 44666 44550 44667 44655
24322 44654 44667 44556 41011 44149
24323 44668 44669 44670 44598
24324 44671 44672 44670 44599 44621 44673 44674
24325 40947 44675 44676 44677 44674 44678 44679 40952 44680
24326 44676 44681 44682 44683 44684
24327 44685 44686 44684 44675 40945 44687
24328 44688 44689 44690 44668 44595
24329 40955 44620 44594 44688 44691 44692 44693 44687 40942 44680
24330 44678 44673 44622 44694
24331 40963 35386 44623 44694 44679
24332 44681 44695 44696 44671 44677
24333 44697 44695 44682
24334 44689 44698 44691
24335 44699 44693 44685
24336 44683 44697 44696 44672 44669 44690 44698 44692 44699 44686
24337 44693 44700 44701 40780 35586 35628 44702
24338 35670 35627 44702 44687 40941 35713
24339 40953 44680 40943
24340 44688 44703 44640 44593
24341 44643 44703 44691 44704 44705 40741
24342 40738 44705 44706 44701 40772
24343 44700 44706 44704 44692
24344 34270 41223 44707 44708 44709
24345 44710 44709 34263 44711
24346 44705 44712 44713 44714 44715 40771 40737
24347 44716 44707 41224 44717 44718 44714 44719
24348 44720 44719 44713
24349 34266 44711 44721 44701 40773 44722
24350 44718 44715 40766 44723
24351 44710 44708 44716 44720 44712 44706 44721
24352 41298 44724 44725 44726
24353 44727 44726 41291 44728 44729
24354 44730 44731 43700 44732 44695
24355 40878 41295 44733 44734 44682 44732 43701
24356 41297 44735 44736 44724
24357 41296 44735 44737 44733
24358 44731 44738 44729 44739 43699
24359 41292 44728 44739 43698
24360 44737 44736 44725 44727 44738 44730 44697 44734
24361 35630 44702 44685 44740 44741 28716 28738 35726
24362 28715 44742 34268 44743 44744 44741
24363 44711 34264 44743 44745
24364 44699 44740 44744 44745 44721 44700
24365 44746 44684 44747 44741 28721 40895
24366 44681 44732 43709 40893 44748
24367 41300 34265 44743 44749 44733
24368 40892 44748 44676 44746
24369 44744 44749 44734 44683 44747
24370 44750 44709 34262 41216 41302 44735
24371 44737 44750 44710 44745 44749
24372 44675 44746 40899 40930 40946
24373 44740 44747 44686
24374 44751 44752 44753 44754 44690
24375 44712 44755 44756 44754 44698 44704
24376 44757 44725 44758
24377 44727 44758 44759 44760 44761 44762
24378 44763 44764 44708 44750 44736 44757 44759
24379 44765 44766 44760 44763 44767 44720 44755
24380 44768 44769 44730 44696
24381 44770 44771 44762 44738 44769 44772
24382 44773 44770 44774 44751 44669
24383 44773 44772 44768 44672
24384 44774 44771 44761 44766 44775 44752
24385 44767 44764 44716
24386 44756 44765 44775 44753
24387 44776 44777 44778 44779 44780 44781 44782 44783
24388 44784 44785 44778 44786 44787 44788 44789 44790
24389 44786 44791 44792 44779
24390 44793 44780 44792 44794 44795 44796
24391 44788 44797 44795 44798
24392 44799 44800 44801 44802 44789 44798 44796 44803 44804
24393 44793 44803 44805 44781
24394 44806 44807 44808 44809 44782 44805 44804
24395 44810 44811 44783 44809
24396 44787 44797 44794 44791
24397 44812 44799 44806
24398 44813 44814 44800 44812 44807
24399 44814 44801 44815 44784 44816 44817 44818
24400 44817 44819 44776 44811 44820
24401 44808 44810 44820 44818 44813
24402 44802 44790 44815
24403 44777 44785 44816 44819
24404 44821 44671 44768 44822 43704 44823 44778
24405 44824 44825 44779 44823 43705
24406 44776 44826 40940 44827
24407 40931 40907 44748 44677 44821 44777 44826
24408 44827 40936 43697 44828 44829 44783
24409 44769 44731 43708 44822
24410 44830 44781 44831 44824 43710 44828
24411 44782 44830 44829
24412 44825 44780 44831
24413 44670 44773 44832 44833 44603
24414 44772 44832 44834 44835 44836 44837 44838 43703 44822
24415 44839 44840 44834 44833 44606 44841
24416 44790 44842 44843 44844 44841 44607 44627 44673 44845 44846
24417 44835 44847 44840
24418 43702 44838 44848 44786 44823
24419 44849 44850 44836 44847 44839 44844 44851
24420 44787 44852 44853 44850 44837 44848
24421 44854 44845 44674 44821 44785
24422 44788 44852 44855 44851 44843 44856
24423 44849 44853 44855
24424 44854 44846 44784
24425 44856 44842 44789
24426 44824 44857 43804 44858 43637 43647 43707
24427 44857 43810 44859 44792 44825
24428 44860 44861 41263 41289 44728
24429 43812 44859 44791 44848 44862 44861 41270 43821 43638 44858
24430 44838 44862 44860 44739 43706
24431 44863 40115 43815 43809 43776
24432 44864 43777 44863 40118 44865
24433 44794 44866 44864 43775 43811 44859
24434 44795 44866 44865 40119 43756 44867
24435 43758 43728 43806 44857 44831 44793 44868 43752
24436 43751 43757 44867 44796 44868
24437 44867 44798 44856 44869 44664 41045 43759
24438 44797 44866 44870 44852
24439 40124 44865 44870 44855 44871 40081
24440 44851 44871 40082 44530 44872 44873 44874
24441 44875 44873 44876 44528 44666
24442 44529 44872 44876
24443 44843 44874 44875 44662 44869
24444 41038 44877 44799 44878 43746 41046
24445 43754 44868 44803 44879
24446 44802 44842 44869 44661 44880
24447 44878 44804 44879 43753
24448 41031 44665 44881 44800 44877
24449 44801 44880 44659 44881
24450 43645 43818 43800 43805 44858
24451 43743 43659 43696 44828 44882
24452 43661 43745 44882 44830 44805 44879 43755 43695
24453 41000 40979 44883 44884 44808 44885 43741 35337 35709
24454 44885 44809 44829 44882 43744
24455 43747 44878 44806 44886 44883 40981 41001
24456 44884 44807 44886
24457 40935 44827 44811 44887 40915
24458 40914 44887 44810 44885 43742
24459 43773 44888 44889 44890
24460 44891 44889 44892 44850
24461 44837 44892 44888 43772 44893 44894 44862
24462 44864 43774 44890 44891 44853 44870
24463 41264 43832 44895 44894 44861
24464 44895 43831 43771 44893
24465 40998 41030 44877 44812 44886 44896 40959
24466 44896 40980 44883
24467 42385 42335 41032 44660 44881 44814 44897 40957
24468 44896 40958 44897 44813 44884
24469 44626 44694 44898 44846 44815 44880 44658
24470 44817 44899 40964 44900
24471 44679 44898 44854 44816 44899 40951
24472 40965 44900 44818 44897
24473 40948 40932 44826 44819 44899 40950 40918
24474 44887 44820 44900 40970 40913
24475 44678 44845 44898
24476 44844 44901 44874
24477 44610 44841 44901 44875 44663
24478 44902 44903 44904 44905 44906
24479 44907 44908 44909 44910 44906
24480 44911 44912 44913 44902 44907
24481 44910 44914 44915 44916 44917 44918 44919 44905
24482 44911 44920 44915 44921 44908
24483 44913 44922 44923 44918 44924 44903
24484 44914 44921 44909
24485 44924 44919 44904
24486 44916 44920 44912 44922 44925
24487 44917 44925 44923
24488 44926 41095 44927 44928 44906 44929 44930 44931 44932
24489 44933 44934 44930
24490 44929 44902 44935 44936 44934
24491 44937 41168 41181 41059 41060 43962 44938 44932
24492 41082 43963 44938 44926 41096
24493 44937 41167 41187 44939 44936 44933 44931
24494 41078 44940 44904 44941 41186 41055
24495 44903 44941 41185 44939 44935
24496 41094 44927 44942 43958
24497 43959 41080 44940 44905 44928 44942
24498 41154 44943 44936 44944
24499 39059 41155 44944 44934 44945
24500 44935 44913 44946 42394 35484 41152 44943
24501 44946 42392 35483 44947 44912
24502 39064 41004 35461 44948 44907 44929 44945
24503 44911 44947 35481 41003 35458 44948
24504 43957 41077 44949 44950 44914 44951 44942
24505 44949 44952 44953 44954 44955 41068
24506 44952 44956 44915 44950
24507 44954 44957 44917 44958 44959
24508 44916 44957 44953 44956
24509 41079 44955 44959 44960 44919 44940
24510 44910 44951 44928
24511 44960 44958 44918
24512 44961 28929 35659 42384 40983 35480 44947 44920 44956
24513 44952 44961 28932 35655 44962
24514 44921 44950 44962 35654 40974 35770 35751 44963
24515 35459 35752 44963 44908 44948
24516 44943 41153 41184 44939
24517 44924 44960 44964 32981 41183 44941
24518 44958 44964 32972 42390 44965 44923
24519 44965 42393 44946 44922
24520 40796 41067 44949 44962 35653 43620 44966 43924 43872 43967 43956
24521 43923 44966 43622 43964
24522 35753 44963 44909 44951 44927 41104
24523 44955 44967 41069
24524 44964 32973 41075 44967 44959
24525 44968 28931 44961 44953
24526 44968 28930 42321 42391 44965 44925 44957
24527 41070 42322 28933 44968 44954 44967
24528 44969 44970 44971 44972 44973 44974 44975 44976 44977
24529 44969 44978 44979 44980
24530 44981 44982 44970 44978 44983
24531 44984 44985 44986 44977 44980 44987
24532 44979 44983 44988 44987
24533 44989 44971 44982 44990
24534 44984 44991 44992 44993 44990 44981 44988
24535 44993 44989 44972 44994
24536 44995 44996 44975 44997 44998
24537 44999 44998 45000 44991 44985
24538 44992 44994 44973 45001 44995 45000
24539 44974 45001 44996
24540 44976 44997 44999 44986
24541 45002 44930 44945 39060 45003 44971
24542 45004 35450 41005 39063 45003 44970
24543 45005 45006 44932 45007 45008 44974
24544 45009 45006 44926 41098 45010 44976
24545 41112 35460 45004 44969 45011
24546 45005 45009 44975
24547 45012 45007 44931 45002 44972
24548 45010 41113 45011 44977
24549 45012 45008 44973
24550 38327 35454 45004 44978 45013 41131
24551 45014 44980 45011 41111 41143
24552 45013 44979 45014 41142 41132
24553 44982 45003 39061 39044 41210 45015
24554 45016 44983 45013 41130
24555 45016 44981 45015 41208 38314 41124
24556 41123 45017 44985 45018 41106 41145
24557 41141 45019 44987 45014 41146
24558 45017 44984 45019 41137 41144 41121
24559 44986 45010 41099 45018
24560 41125 45016 44988 45019 41136
24561 44989 45002 44933 44944 41160 41192 41195 41211 45020
24562 44990 45015 41207 45020
24563 45021 44992 45022 41214 41204 38318 38199 38173
24564 44993 45020 41206 41215 45022
24565 45021 44991 45017 41122 38178
24566 45023 41170 44937 45007
24567 45022 41213 41177 45023 45012 44994
24568 42755 42771 45024 44996 45005 45025
24569 38381 38359 42774 45024 44995 45026
24570 38299 42784 42767 45025 45009 44997 45027 38378
24571 45026 44998 45027 38376
24572 38205 38180 45021 45000 45026 38375 38237
24573 38377 45027 44999 45018 41100 38260 38296
24574 42769 38358 41171 45023 45008 45001 45024
24575 44938 43961 42782 42751 45025 45006
24576 45028 45029 45030 45031 45032 45033 43793
24577 44892 45034 45032 45035 44836
24578 45035 45031 45036 45037 45038 44835
24579 44762 45039 45040 45029 45041 44894 44860 44729
24580 43794 45028 45041 44893
24581 43779 45033 45034 44888
24582 45038 45042 45043 44834
24583 44771 45039 45044 45037 45042 45045
24584 45043 45045 44770 44832
24585 45044 45040 45030 45036
24586 41631 45046 41615 45047 45048 45049 41667 41650
24587 45049 45050 41664
24588 45051 41439 41452 29783 41648 41666 45050 45048 45052 45053
24589 41630 45054 41609 45055 45056 45057 36128 36712
24590 41453 42154 41438 45051 45058 45059 41472 41461
24591 45057 45060 45059 41471 36120
24592 41614 45047 45052 45061 45055
24593 45054 41606 45046 41623
24594 45056 45061 45053 45058 45060
24595 45062 42238 41498 41426 42155 41457 41465 41473
24596 45063 41441 45051 45064
24597 45065 45066 45059 41478
24598 45062 42237 41506 41477
24599 45067 41521 41536 41497 41443 45063 45068
24600 41534 41515 45067 45069 45070
24601 41480 41510 41533 45070 45071 45065
24602 45071 45069 45068 45064 45058 45066
24603 45065 45072 45073 45074 24069 41479
24604 45073 45075 45076
24605 45074 45076 45077 45078 41635 36564 24059
24606 45057 45079 45080 41633 36562 36121
24607 45081 45078 41634 45080
24608 45081 45077 45075 45072 45066 45060 45079
24609 45080 45082 45055 41610 41641
24610 36715 36565 41605 45054 41622
24611 45079 45082 45056
24612 41530 37679 45083 45084 45076 45085
24613 45073 45086 45070 41532 45085
24614 41516 37698 37668 45087 45088 45067
24615 45089 45087 37670 31364 37677 45083
24616 45084 45089 45088 45069 45086 45075
24617 45090 41645 45091 45092 37667 37603 37657 31248 41600 31217
24618 31211 45090 41644
24619 45093 45092 37672 45087 45094
24620 45095 45093 45091 41637 31219 45096
24621 31220 37680 45083 45097 45096
24622 45095 45094 45089 45097
24623 41531 45085 45074 24056
24624 45098 45096 31235 41636 45078
24625 45084 45097 45098 45077
24626 45071 45086 45072
24627 45099 45100 41558 36463 36471 36480 36534 45101
24628 45102 45101 36537 45103
24629 41538 36540 45103 45104 45105
24630 41541 41559 45100 45106 45105
24631 45102 45099 45106 45104
24632 45107 45108 41591 29219 36479 36535 45101
24633 45109 45110 37719 29223 36517 45111
24634 45112 45108 41592 37720 45110
24635 45113 45103 36536 36523 45111
24636 45102 45107 45112 45109 45113
24637 45108 41594 45114 45115
24638 45100 41564 41593 45114 45116
24639 45115 45116 45099 45107
24640 45117 41596 37598 37703 45118 45119
24641 45120 45121 45118 37705 37722 45122
24642 45123 45122 37723 45110 45124
24643 45120 45123 45125
24644 45117 41595 45114 45126
24645 45125 45121 45119 45126 45115 45112 45124
24646 36518 45111 45127 45128 45050 41663
24647 45064 45129 45123 45130 45131 45053
24648 45122 37728 41440 45063 45129
24649 45128 45132 45133 45048
24650 45131 45134 45133 45052
24651 45132 45127 45109 45124 45130 45134
24652 45135 45136 41601 36549 31210 45090 41643 45137
24653 45136 41603 41552 41597 45117 45138
24654 45139 45118 37704 37700 37665 45092 45140
24655 41638 45091 45140 45141 45137
24656 45138 45119 45139 45141 45135
24657 45081 45098 45095 45142 45143 45131 45061 45082
24658 45144 45120 45129 45068 45088 45094 45142
24659 45130 45125 45144 45143
24660 45093 45140 45145 45142
24661 45139 45121 45144 45145
24662 45146 45147 41673 41740
24663 45146 45148 40557 41735
24664 45149 45150 45151 45152 42616 45153 41687 41739
24665 40552 42617 45153 41686 45147 45148
24666 42614 45154 45151 45155 45156
24667 42615 45152 45154
24668 40558 42612 45157 45158 45159
24669 40559 45159 45160 45149 41738
24670 45161 45156 42613 45157
24671 45160 45150 45155 45161 45158
24672 45162 45163 45164 45165
24673 45163 45166 42603 45167
24674 45168 45164 45167 42619 45156 45169
24675 45166 45162 45170 45171 45172 45154 42621
24676 45168 45165 45170 45173
24677 45172 45174 45151
24678 45169 45173 45171 45174 45155
24679 45175 45176 42554 45177 45162
24680 45177 42555 45178 42602 45166
24681 45172 45179 45180 45181 42631 45152
24682 45180 45182 45175 45170 45183
24683 42606 42543 45178
24684 42630 42553 45176 45182 45181
24685 45179 45183 45171
24686 42426 41799 45184 45185 45159 40573 41733 42100
24687 45186 45187 45188 45189 41710 41736 29400 42400 41790
24688 45149 45190 45191 45189 41713 41694 41737
24689 45184 45192 45186 41798
24690 45193 45191 45188
24691 45160 45185 45192 45187 45193 45190
24692 44143 44089 45194 45195 44644
24693 41813 45184 45196 45197 45198 44642 42423
24694 44088 45194 45199 45197 45200 45157 42620
24695 45195 45199 45198 44634 44645
24696 45158 45200 45196 45185
24697 45201 45202 42516 44192 37886 45203 45204 45205
24698 45206 45202 42517 42598 42639
24699 45207 41741 44191 37884 45203 45208
24700 45176 42557 42596 41761 45207 45209 45210 45211
24701 45205 45212 45210 45213 45181 42632 45214
24702 45182 45211 45213
24703 45201 45206 42641 42628 45214
24704 45209 45208 45204 45212
24705 45215 45216 45217 45213 45180 45218
24706 45150 45174 45179 45218 45219 45190
24707 45191 45219 45215 45220 45221 45222
24708 45210 45223 45217
24709 41689 45224 45225 45214 42629 45153
24710 45222 45226 41709 45189
24711 45227 45205 45225 45228 41721 45229
24712 45226 45221 45230 45231 45232 41714
24713 41693 45224 45228 41724
24714 41719 45229 45233 45231 45234 41717 41681
24715 45234 45232 41703
24716 45220 45216 45223 45212 45227 45233 45230
24717 37902 29168 35064 45235 45236 45237 45229 41720
24718 45228 45238 37877 37817 37917 41722
24719 45225 45201 45239 37879 45238
24720 45240 35062 35040 37888 45203 45241 45236
24721 45202 42528 37875 45239
24722 35063 45240 45235
24723 45227 45204 45241 45237
24724 45242 45243 45235 35070 29144 29840 45244
24725 29713 29839 45244 45245 45246 45247 41716 31370
24726 45236 45243 45248
24727 45246 45249 45231 45250
24728 45247 45250 45234 41702
24729 45249 45233 45237 45248 45242 45245
24730 45251 45252 45253 45254
24731 41704 45232 45250 45255 45256 45257 45251 45258
24732 45254 45259 45260 41707 45258
24733 45261 45262 45257 45252
24734 45259 45253 45261 45263 45221 45264
24735 45264 45226 41708 45260
24736 45246 45265 45255
24737 45262 45263 45230 45249 45265 45256
24738 45266 45267 42477
24739 45267 42478 37980 35081 35091 35069 45268 45269
24740 45270 45271 42475 45272
24741 42474 45272 45273 29844
24742 45244 45274 45275 45270 45273 29845
24743 45276 45268 35067 45240 45243 45277
24744 42476 45266 45269 45276 45278 45275 45271
24745 45274 45278 45277 45242
24746 45275 45279 45280
24747 45270 45280 45281 45282
24748 29702 29846 45283 45284 45285 41715 31371 29796
24749 45286 45282 45273 29847 45283
24750 45285 45287 45255 45247 41701
24751 45284 45286 45281 45279 45274 45245 45265 45287
24752 37959 35024 45288
24753 45289 37974 37960 45288 35031 45290 45291
24754 45268 35066 35046 35033 45292 45293 45294
24755 45295 45289 37973 37981 42485 45267
24756 45290 35030 45292 45296 45297
24757 45294 45298 45297 45291 45295 45269
24758 45296 45293 45298
24759 45282 45299 45300 45301 45302 42497 42484 45272
24760 45301 45303 45304 41978 45305
24761 45304 45306 45307 45308 41979
24762 45300 45309 45306 45303
24763 42034 29857 45283 45310 45308 41975
24764 42498 45302 45305 41977 42079
24765 45310 45286 45299 45309 45307
24766 41700 45285 45311 45308 41976
24767 45304 45312 45313 41984
24768 45312 45306 45314 45257 45315 45316
24769 41985 45313 45316 45317 45318
24770 45319 45251 45315 45317 45320
24771 45319 45258 41705 45321
24772 45320 45318 41971 41696 45321
24773 45311 45307 45314 45256 45287
24774 45310 45284 45311
24775 45322 45323 45324 45325 44220 41782 45326 45327
24776 45165 45328 45329 45322 45330 45331 45332 45217 45211 45175
24777 45333 45334 41768 41770 45326 45335
24778 45334 41745 45207 45336
24779 45177 42560 44219 45325 45337 45163
24780 45223 45209 45336 45333 45338 45339 45332
24781 45340 45324 45337 45164 45328
24782 45341 45339 45331
24783 45323 45340 45329
24784 45327 45335 45338 45341 45330
24785 45342 45343 45344 44221 41780 41908 41887 45345 45346 45347
24786 45344 44218 45325 45348
24787 45349 45343 45348 45324 45350
24788 45351 41909 35164 45352 45353 45354
24789 45326 41771 35162 45352 45355
24790 45356 45346 45357 45358
24791 45359 45351 41907 41888 45345 45357 45360
24792 45358 45360 45361 45362 45363
24793 45323 45364 45365 45363 45356 45347 45366 45350
24794 45367 45322 45364
24795 45349 45342 45366
24796 45368 45354 45359 45361
24797 45365 45367 45327 45355 45353 45368 45362
24798 45352 35163 38058 45369 45370
24799 41890 41910 45351 45371 45372
24800 45369 38054 36783 45373 45374
24801 36784 41846 45375 45371 45354 45376 45373
24802 45374 45376 45353 45370
24803 45377 45378 41849 36795 45379 45380
24804 45381 45377 45382 45383 45361
24805 45371 45359 45383 45384
24806 45379 36787 45373 45385
24807 45381 45368 45376 45385 45380
24808 45386 45387 45388 41835 42430 41814
24809 45389 45390 45391 45386 41794
24810 41812 45389 45392 41840 42433
24811 45377 45393 45388 41838 45394
24812 45392 45390 45395 45396 36792 45397 41832
24813 45396 36788 45379 45398
24814 45393 45380 45398 45395 45391 45387
24815 45332 45216 45399
24816 45215 45399 45331 45400 45401
24817 45402 45403 45404 45405
24818 45402 45406 45328 45168 45407
24819 45406 45329 45364 45408 45403
24820 45218 45401 45409 45405 45407 45173 45183
24821 45400 45330 45367 45408 45404 45409
24822 41834 45388 45410 45411 42429
24823 45197 45412 45402 45413 45414
24824 41819 42428 45411 45415 45403 45413 45416 44633
24825 44635 45416 45414 45198
24826 45186 45417 45418 41789
24827 45417 45419 45420 45405 45412 45196 45192
24828 45421 45422 45419 45418 41785
24829 45386 45423 45421 41795
24830 45410 45415 45404 45420 45422 45423 45387
24831 45412 45407 45169 45161 45200
24832 45193 45219 45401 45424 45419 45425
24833 45417 45425 45187
24834 45424 45409 45420
24835 41919 36798 28554 28501 28587 45426 45427 45428
24836 45429 31433 45430 45431 45432 41928 45433
24837 45434 45435 31432 45430
24838 45435 31428 45436 28585 45437 45438
24839 45439 41916 45428 45440
24840 45437 28584 45426 45441
24841 45439 41929 45432 45442
24842 45427 45441 45438 45434 45431 45442 45440
24843 45443 35026 31431 45435 45444
24844 37941 37962 45288 35027 45443 45445 45446
24845 45446 37937 28600 28589 45437 45447
24846 45444 45438 45447 45445
24847 28499 28588 45426 45448 45449
24848 45450 45451 37939 42489 45452
24849 45453 45452 42493 37936 28579 45454 45455
24850 45456 45446 37938 45451
24851 45457 45458 45455
24852 45459 45460 28514 28574 45454 45457
24853 45449 28521 45460 45461
24854 45453 45450 45456 45447 45441 45448 45461 45459 45458
24855 45462 45428 41917 45463 36830 36896 36891 28504 45449
24856 45463 41912 36870 36822
24857 45427 45448 45462
24858 45464 45454 28575 36902 45465
24859 36884 28513 45460 45466 45467 42054
24860 36899 45465 45468 42050
24861 45467 45469 45457 45464 45468 42053
24862 45459 45466 45469
24863 45470 45452 42490 42501 45471
24864 45289 37975 37956 37963 37943 45451 45472 45473 45474
24865 42514 45475 45474 45295 45266 42486 42492
24866 45475 45473 45476 45471 42512
24867 45470 45450 45472 45476
24868 38005 45477 42022 42495
24869 38000 36900 45465 45478 42503 41999 45477
24870 42502 45471 45479 45455 45464 45478
24871 45470 45453 45479
24872 45480 45481 45482 45483 45484 45485
24873 45486 45480 45487 45488 45489
24874 45490 45491 45492 45487 45481
24875 45493 45494 45491 45495 45496
24876 45495 45492 45488 45497 45498
24877 45490 45482 45499 45494
24878 45498 45500 45501 45502 45503 45496
24879 45503 45504 45483 45499 45493
24880 45505 45485 45486 45506 45501
24881 45497 45489 45506 45500
24882 45504 45484 45505 45502
24883 45507 45508 45509 45510 45315 45252
24884 45485 45511 45510 45317 45512
24885 45511 45509 45513 45480
24886 45514 45320 45512 45484
24887 45515 45516 45254 45319 45514 45483
24888 45513 45508 45517 45518 45481
24889 45519 45517 45507 45253 45516
24890 45519 45518 45482 45515
24891 45520 45521 45522 45523 45489
24892 45513 45524 45525 45521 45526 45487
24893 45525 45527 45528 45522
24894 45523 45528 45529 45511 45486
24895 45529 45527 45524 45509
24896 45526 45488 45520
24897 43597 29369 45530 45494 45531 41792 42405
24898 45532 45493 45530 29370
24899 42409 42421 41811 45533 45495 45534 37506 43595 43613
24900 45531 41796 45533 45491
24901 29352 45532 45496 45534 37501 43594
24902 37502 45534 45498 45535 29530 37225
24903 45526 45536 29532 29475 45537 45389 41793 45533 45492
24904 45392 41833 29474 45537
24905 45497 45520 45536 29527 45535
24906 41787 45418 45425 45188 45222 45264 45538 45519 45539
24907 41788 45539 45518 45490 45531
24908 29371 31402 41706 45260 45538 45515 45499 45530
24909 29502 30814 37513 45540 45500 45535 29528
24910 37512 45540 45501 45541
24911 45541 45502 45542 29817 37511
24912 29834 45542 45503 45532 29351
24913 29818 41695 45321 45514 45504 45542
24914 45516 45538 45259
24915 41983 45543 45544 42077 45545
24916 45546 37350 42089 45544 45547 45548 45523 45506 45540 37516
24917 41986 45313 45549 45550 45547 45543
24918 45510 45529 45551 45549 45316
24919 45546 37352 42090 45545 41970 45318 45512 45505 45541 37515
24920 45528 45551 45550 45548
24921 45552 41988 45553 45554 45547 45555
24922 45556 45552 41989 36812 29607 37347
24923 29500 45557 45558 45559 29520
24924 29526 45559 45560 45521 45536
24925 45554 45561 45558 45560 45522 45548
24926 42083 45544 45555 45556 37348
24927 45557 45561 45553 41987 29499
24928 37351 45546 37514
24929 45545 41969 42078
24930 45562 45563 45564 45565 45566 45567 45568 45569
24931 45570 45571 45572 45573 45574 45567
24932 45568 45570 45575 45576 45577
24933 45578 45579 45580 45571 45575
24934 45581 45582 45569 45577
24935 45572 45583 45584 45585 45586 45587 45588 45580
24936 45576 45578 45589 45581
24937 45590 45591 45592 45588 45579 45589 45582 45562
24938 45593 45583 45573 45594 45565
24939 45594 45574 45566
24940 45593 45584 45595 45596 45597 45564
24941 45598 45586 45599 45596 45600 45591
24942 45585 45595 45599
24943 45590 45600 45597 45563
24944 45598 45587 45592
24945 45601 45566 45602 45603 42212 42235 42186
24946 45604 45564 45605 45603 42209
24947 45565 45605 45602
24948 42153 42172 42188 42229 42236 42215 45606 45607 45569 45608 45609
24949 45609 45610 45567 45601 42185 42147
24950 45610 45568 45608
24951 45611 45563 45604 42198 45606
24952 45611 45562 45607
24953 45612 45610 45570 45613 42243 41503 42145
24954 45573 45614 36202 45615
24955 45614 36211 41389 42253 45616 45572
24956 42149 42163 36210 45615 45574 45601 42191
24957 45609 45612 42146
24958 42244 42254 45616 45571 45613
24959 41474 45062 42241 45617 45576 45618 42131 41462
24960 42151 45612 45608 45577 45618 42135
24961 42242 45617 45575 45613
24962 45619 42250 45620 45621 45579
24963 45622 42252 45620
24964 45621 45622 42249 42255 45616 45580
24965 42239 45619 45578 45617
24966 45618 45581 45623 42158 42132
24967 42162 45624 45606 42197 42136
24968 45623 45582 45607 45624 42161
24969 45625 42646 41361 45626 45584
24970 42638 41360 41418 36013 37873 45627 45585 45625
24971 45583 45626 41362 41382 36201 45614
24972 45628 45588 45621
24973 45628 45587 45629 37874 37815 42248 45622
24974 45629 37872 45627 45586
24975 45589 45623 42157 42240 45619
24976 41671 45630 45592 45628 45620 42251 37918 41723
24977 41734 45146 45631 45590 45611 45624 42160
24978 45147 41672 45630 45591 45631
24979 45605 45593 45626 41375 42730 44073 44065 45632
24980 41398 42717 44058 45632 45602 45594 45615 36203
24981 45603 45632 44059 42210
24982 44094 40564 45633 45597 45604 42199
24983 40550 44095 42645 45634 45596 45633
24984 45625 42637 45634 45595
24985 45634 42640 45206 45239 37876 45627 45599
24986 45598 45629 37878 45238 45224 41690 45630
24987 45148 40553 45633 45600 45631
24988 45635 45636 45637 45638 45639 45640 45641
24989 45642 45643 45635 45644
24990 45645 45646 45636 45644 45647 45648 45649
24991 45650 45651 45652 45653 45654 45649
24992 45655 45656 45639 45657 45652
24993 45655 45658 45659 45653
24994 45660 45661 45638 45657 45651
24995 45645 45662 45660 45650
24996 45656 45640 45663 45642 45647 45664 45658
24997 45659 45664 45648 45654
24998 45661 45637 45646 45662
24999 45663 45641 45643
25000 45665 41998 45477 38001 45666 45641
25001 45666 37994 45667 45640
25002 45668 42051 45468 45478 42511 45669 45637
25003 45670 45636 45669 42500 42001
25004 45668 42052 37316 45671 45638
25005 45665 41997 45670 45635
25006 45671 37317 38002 45667 45639
25007 45672 45673 42015 42028 42049
25008 45665 42012 42047 37990 45674 45643
25009 45675 45642 45674 37991 42044 45672
25010 45675 45644 45670 42003 45673
25011 42027 42002 45673 45676 45648 45677 42466
25012 45675 45647 45676
25013 45646 45669 42499 42087 45678
25014 45679 45645 45678 42088 37364 42463
25015 45679 45649 45677 42465
25016 45680 45652 45681 42452 42444
25017 42453 45681 45651 45682 42473 42460 42447
25018 45683 45653 45680 42442 42469
25019 45679 45650 45682 42471 42461 42464
25020 45677 45654 45683 42468
25021 45656 45667 37995 45684
25022 42450 37324 13633 36922 38006 45684 45655 45680 42443
25023 42451 37325 45671 45657 45681
25024 45683 45659 45685 36969 37407 42467
25025 37996 45684 45658 45685 36965
25026 45686 45661 45668 42056 42075 45687
25027 42076 45688 45686 45660 45682 42472
25028 42064 45687 45688
25029 45678 42093 45689 45686 45662
25030 42063 45688 45689 42092 37356 42470
25031 37390 42045 45672 45676 45664 45685 36966
25032 37993 45666 45663 45674
25033 45690 44108 45691 42684 40734 45692 44552 45693 45694
25034 45692 40733 38075 44547
25035 44551 45693 45695 45696
25036 45697 45698 45696 44553 42710
25037 42712 42692 45691 44106 45699 45700 45697
25038 44099 45690 45701 45699
25039 45695 45694 45701 45700 45698
25040 42683 42662 44105 45691
25041 44151 44070 44079 44107 45702 45703 45704 44137
25042 45702 44098 45699 45705
25043 44136 44144 42711 45697 45706 45704
25044 45703 45705 45700 45706
25045 45704 45707 45708 44120 44139
25046 45709 45702 44097 45708
25047 45709 45703 45707
25048 45710 45711 45712 45713
25049 45714 45710 45715 45716 45717
25050 45718 45719 45713 45714 45720 45721 45722 45723
25051 45724 45725 45715 45711 45726 45727
25052 45728 45717 45720
25053 45729 45719 45712 45726 45730 45731
25054 45725 45716 45728 45721 45732
25055 45722 45732 45724 45733 45734
25056 45729 45735 45718
25057 45734 45723 45735 45731 45736
25058 45730 45727 45733 45736
25059 41627 45737 45723 45738 45739 38104
25060 45737 45718 45740 45741 41625
25061 41629 45742 45743 45720 45744 45745 45739 38114
25062 45721 45744 45746
25063 45722 45746 45745 45738
25064 45747 45713 45748 45742 41628 45741
25065 45743 45748 45714
25066 45747 45740 45719
25067 45749 45744 45728 45750 41660 41668 38087 38127 38117
25068 45750 41661 45751 45743 45717
25069 38122 38130 45752 45739 38105
25070 38128 38119 45749 45745 45752
25071 45742 45751 41662 41669 41655 41632
25072 45753 36504 36530 42733 45754
25073 37790 42731 45755 45732 45746 45749 38118 37801
25074 41659 36503 45753 45756 45716 45750
25075 45756 45754 42732 45755 45725
25076 36678 42745 45757 45734 45738 45752 38129
25077 42748 45758 45733 45757
25078 45758 42749 42740 42737 45755 45724
25079 36553 41608 45759 45760 41581
25080 45740 45761 45760 41580 36730 45762 45729
25081 41626 45737 45735 45762 36725
25082 41624 45046 41607 45759 45761 45741
25083 36724 45762 45731 45763 36634
25084 36693 36641 36628 36639 45763 45736 45757 42744 36691 36695 36677
25085 36637 32400 31632 45764 45765 45730 45763
25086 45764 31633 42746 45766
25087 45765 45766 42747 45758 45727
25088 45767 45768 45769 45770
25089 45767 45771 45772 45773 45774 45775 45776
25090 45771 45777 45778 45779 45780 45768
25091 45781 45782 45783 45784 45770 45776
25092 45772 45777 45785 45786 45787 45788
25093 45769 45780 45789 45790 45791 45792 45784
25094 45778 45793 45790 45794 45795 45796 45797 45785
25095 45798 45799 45800 45801 45788 45773
25096 45793 45789 45779
25097 45802 45797 45786 45803 45800
25098 45774 45798 45804 45805 45806 45807 45782 45808
25099 45781 45808 45775
25100 45787 45803 45801
25101 45809 45794 45791 45810 45806
25102 45811 45796 45802 45799 45804
25103 45811 45795 45809 45805
25104 45783 45792 45810 45807
25105 45812 38864 45813
25106 32643 44365 45814 45767 45815 45813 38865 32654 19461
25107 45812 45815 45768 45816 34878 45817 38861
25108 45818 44363 34890 45816 45769
25109 45770 45818 44364 45814
25110 32657 32649 43173 45819 45775 45820 27992 45821 32700
25111 38870 38853 45822 45773 45823 27973 45821 32701 32931 32660
25112 45822 45772 45824 45813 38869 38860
25113 45815 45771 45824
25114 45823 45774 45820 27996
25115 43174 45819 45776 45814 44368
25116 34877 45825 45780 45816
25117 43135 45826 45827 45779 45825 34876 45828
25118 45827 45778 45829
25119 45812 45824 45777 45829 45826 43130 45830 38862
25120 44332 45831 45783 45832
25121 44333 45831 45784 45818 44369
25122 45782 45832 44331 45833
25123 43172 44367 44327 45833 45781 45819
25124 45786 45834 43090 45835
25125 45836 45787 45835 43085 43133 45837 38867 38859
25126 45834 43091 43101 43132 45838 45829 45785
25127 43131 45838 45826
25128 45836 45788 45822 38854
25129 45839 45840 43153 34880 45825 45789
25130 45841 44351 43162 45840 45842 45791
25131 45842 45839 45790
25132 45792 45841 44352 44370 44334 45831
25133 45834 45797 45843 43128 43105 43102 43089
25134 43137 45844 43151 45845 45839 45793 45827 45838
25135 45796 45846 43127 45843
25136 43120 45847 45795 45846
25137 45842 45845 43161 44410 43112 45847 45794
25138 45836 45801 45848 38849 38855
25139 45823 45798 45849 27974
25140 38845 45850 45799 45849 27972 33170
25141 45821 27977 32703
25142 45850 45800 45848 38850
25143 43152 45845 45840
25144 38848 38815 43086 45835 45803 45848
25145 45802 45843 43126 43103 39569 38838 38844 45850
25146 44336 45851 45852 45805 45853 33148 27995
25147 45832 45807 45854 45851 44335
25148 45852 45806 45854
25149 44326 27991 45820 45808 45833
25150 45849 45804 45853 33169 27971
25151 45810 45854 45855 44413 44422 44362 44350 45841
25152 45809 45847 43114 44411 44415 45855 45852
25153 45811 45846 43121 33149 45853
25154 44414 45855 45851 44339
25155 45856 45857 45858
25156 45859 45860 45861 45862 45863 45857
25157 45858 45859 45864 45865 45866 45867 45868 45869
25158 45870 45871 45872 45873 45863 45856 45869
25159 45874 45875 45876 45860 45864
25160 45877 45878 45879 45880 45881 45876 45861 45882 45872
25161 45883 45877 45871 45884 45885
25162 45862 45882 45873
25163 45886 45887 45880 45888 45874 45865
25164 45868 45889 45884 45870
25165 45886 45890 45878 45883 45891 45866
25166 45888 45881 45875
25167 45891 45885 45889 45867
25168 45887 45879 45890
25169 40295 45892 45893 40313 43900
25170 40298 45892 45894 45856 45895 43943
25171 43844 43929 43919 45896 45858 45895 43944 43952
25172 45896 45857 45894 45893 40302 43912
25173 43926 44966 43621 45897 45898 45860 45899 43908
25174 45862 45900 43556 40303 45893 45901
25175 45899 45859 45896 43913
25176 43559 43593 43624 45902 45898 45861 45900
25177 45901 45863 45894
25178 43626 45902 45897
25179 45903 45866 45904 6852
25180 13738 6853 45904 45865 45905 43968
25181 45906 45867 45903 6851 6810 33575
25182 43927 43965 45905 45864 45899 43907
25183 33573 45907 45869 45895 43941
25184 45906 45868 45907 33574
25185 39880 45908 45909 45873 45901 45892 40297
25186 33582 45907 45870 45910 39867 43942
25187 45871 45911 45908 39879 45910
25188 45909 45911 45872
25189 40791 45912 45874 45905 43966
25190 40792 42376 42311 28918 43619 45897 45913 45875 45912
25191 45898 45913 45876
25192 45914 43555 45900 45882 45909
25193 45914 43553 43585 43618 43567 45915 45916 45877 45911
25194 45917 45918 43606 43569 45915 45919 45879
25195 45916 45919 45878
25196 45913 45902 43627 43591 43617 43614 43604 45918 45920 45881
25197 45917 45920 45880
25198 45914 43554 39878 45908
25199 45910 45884 45921 21252 37518 29557 37144 39866
25200 21250 37482 45922 45923 45885 45921
25201 45922 37484 43568 45915 45924
25202 45883 45916 45924 45923
25203 21238 29374 45925 45917 45887 45926
25204 13759 39191 21204 45926 45886 45904 6878
25205 45888 45920 45925 29385 39176 43231 40799 45912
25206 45906 45889 45921 21253 13779 33577
25207 45924 45919 45890 45926 21205 37464 13795 45927
25208 45903 45891 45923 45927 13790 6865
25209 45918 43605 29375 45925
25210 13789 37483 45922 45927
25211 45928 45929 45930 45931
25212 45932 45933 45934 45935 45936 45937 45938 45939
25213 45935 45940 45941 45942
25214 45930 45943 45941 45944 45945
25215 45946 45947 45948 45949 45950 45951 45931 45945 45952 45953 45954 45955
25216 45956 45957 45936 45940 45944 45952
25217 45958 45959 45960 45950 45961
25218 45962 45956 45953
25219 45961 45963 45949
25220 45928 45964 45960 45951
25221 45954 45962 45957 45937 45965 45966
25222 45963 45958 45967 45933 45968 45969 45948
25223 45970 45971 45955 45966 45972
25224 45973 45968 45932 45974 45971 45946
25225 45965 45938 45975 45972
25226 45969 45973 45947
25227 45974 45939 45975 45970
25228 44167 44179 44204 44563 45976 45977
25229 45978 45979 45930 45980 45981 44189 44172 44169 45977
25230 45978 45982 45928 45983 45984 45985 45986 44577 45976
25231 45986 45987 45988 44573
25232 45989 45990 45987 45985
25233 44185 45991 45981
25234 45931 45979 45982
25235 45989 45992 45984
25236 45993 45994 45936
25237 45993 45995 45996 45935
25238 45994 45995 45997 45998 45999 45937
25239 46000 45998 46001 28954 46002 45939
25240 46003 28955 46004 45933
25241 46000 45999 45938
25242 46002 28949 46003 45932
25243 46005 20969 35970 41416 46006
25244 46007 45993 45940 46008 44154 41420 46006
25245 46005 20963 46009 45995 46007
25246 44153 44170 44184 45981 46010 45941 46008
25247 44511 46011 46012 46013 42573 42661 42682
25248 46013 46014 44166 42574
25249 44168 45977 46015 46012 46014
25250 42576 44161 46008 45944 46016 44513 42688
25251 46011 46015 45978 46017 44515
25252 46016 45945 45979 46017 44514
25253 46018 45952 46016 44519 46019 42689
25254 46020 46021 44509 46019 42690 46022
25255 46023 46024 46021 44518
25256 46024 46025 46026 45949 46027 46028 46029 46020
25257 46030 46031 46029 46022 42677 46032 46033 45955
25258 46034 45953 46018 42680 46032
25259 46023 46025 46035 45951 45982 46017 44516
25260 46028 46036 45947 46037 46031
25261 46036 45948 46027
25262 46034 45954 46033
25263 46026 45950 46035
25264 46037 45946 46030
25265 41415 46006 46038 45956 46018 42679
25266 46019 44508 42691
25267 45957 45994 46007 46038
25268 41340 46039 46032 42678
25269 46039 46034 45962 46038 46005 20964 13325 34248 34587 41341
25270 46040 45966 46033 46039 41342 34590
25271 46040 45965 45999 46041 29001 27851 40499 34591
25272 29000 46042 45998 46041
25273 46043 45972 46040 34606 40378 40536
25274 46044 45970 46043 40537 46045
25275 46046 46045 40538 40374 37074 46047
25276 46048 46030 45971 46044 46046 46049 46050
25277 46051 46052 46053 46050 46054 44523
25278 46051 46055 40717 44524
25279 40716 42676 46022 46056 46057 46052 46055
25280 46048 46031 46058 46057 46053
25281 46049 46054 44520 37067 46047
25282 46029 46056 46058
25283 34160 28982 29002 46041 46000 45975 46043 40539
25284 28995 28950 46002 45974 46044 46059
25285 34159 28997 46059 46045 40540
25286 20975 28986 46060 28948 46003 45968 46061
25287 35894 20972 35873 46062 46063 46064
25288 46065 46066 46067 46064 35892 20764 20725 20979 46068
25289 46069 46067 46063 46070 45958 46071
25290 45969 46036 46072 46068 20980 46061
25291 46065 46073 46071 45963 46027 46072
25292 46069 46066 46073
25293 46074 46075 46076 46077 46078 46079 46080
25294 46081 46078 46082
25295 46083 46079 46082 46084 46085 46086
25296 46087 46088 46089 46090 46077 46081 46084 46091
25297 46092 46093 46080 46083 46094
25298 46091 46095 46096 46085
25299 46097 46098 46090 46076 46099
25300 46100 46092 46101 46075 46099 46102 46103 46104 46105
25301 46106 46107 46108 46096 46086 46094 46100 46109
25302 46101 46074 46093
25303 46098 46110 46089
25304 46095 46087 46111 46112 46108
25305 46111 46088 46110 46097 46102 46113 46114 46115 46116
25306 46112 46116 46117 46107
25307 46117 46115 46118 46119 46106
25308 46120 46104 46121 46114 46118
25309 46119 46120 46105 46109
25310 46103 46113 46121
25311 46122 44506 46123 46077
25312 40727 44507 46123 46076 46124 46055
25313 46125 44505 46122 46078 46126
25314 40735 44504 46125 46127 46128 46129
25315 46079 46126 46127 46130
25316 46080 46130 46128 46131
25317 44526 46132 46074 46131 46129 40731
25318 46075 46124 46051 44525 46132
25319 46133 46134 44539 46135
25320 46133 46136 46137 46130 46083 46138 46139
25321 44876 46140 46139 46135 44540
25322 46138 46094 46141 44535 44872 46140
25323 46142 46128 46137 46143
25324 46144 46142 46131 46093 46145 44537
25325 46136 46143 46144 44538 46134
25326 44536 46145 46092 46141
25327 46146 46020 46056 46147 46098
25328 46147 46057 46148 46097
25329 46090 46146 46021 44510 46123
25330 46052 46148 46099 46124
25331 46149 46150 46054 44521 46151 44541 46152 46105
25332 46145 46101 46132 44527 46151 44544
25333 46103 46153 46050 46150 46154
25334 46149 46154 46104
25335 46153 46053 46148 46102
25336 46141 46100 46152 44534
25337 40095 44532 46155 46156
25338 44849 44891 46157 46106 46158 46156 40101 40088 44871
25339 46096 46159 46160
25340 46161 46108 46159 46162 45032
25341 46163 46138 46086 46160 46162 45035 44847
25342 46107 46161 45034 44889 46157
25343 44873 46140 46163 44839 44901
25344 46158 46109 46152 44533 46155
25345 46164 44545 46144
25346 44546 45692 40732 46129 46142 46164
25347 46151 44522 38070 44542
25348 46025 46165 46166 46167
25349 46165 46026 45961 46071 46168
25350 46166 46168 46073 46169 46170
25351 46065 46169 46171 46172
25352 46171 46170 46167 46024 46146 46089 46173
25353 46172 46072 46028 46058 46147 46110 46173
25354 46116 46174 43835 35171 46175
25355 28639 20723 20999 46068 46172 46176 46177
25356 46178 46176 46173 46088 46179
25357 46179 46180 43834 46174 46111
25358 28635 46177 46178 46180 43833
25359 46181 46115 46175 35170 46182
25360 46183 46113 46153 46048 46037 45973 46061 20998 28640 35167 46182
25361 46183 46181 46114
25362 43780 43838 46174 46112 46161 45033
25363 40114 43817 35172 46175 46117 46157 44890 43778 44863
25364 40125 46184 46181 46118 46185 46156 40096
25365 46182 35166 40122 46184
25366 46119 46158 46185
25367 46185 46120 46149 46186 46047 37071 44543 46155
25368 46183 46121 46154 46186 46046 46059 28996 40032 40123 46184
25369 46049 46150 46186
25370 46187 46188 46189 46190 40763 40759 46191
25371 46192 46190 40764 46193
25372 40749 46191 46194 46195 44715 40767
25373 46196 46197 46198 46195 44718 46199
25374 46187 46200 46201 46198 46194
25375 46200 46202 46188
25376 46203 46196 46204
25377 46203 46205 46192 46189 46202 46201 46197
25378 46206 46207 46208 46209 46210 46211
25379 46212 46213 46214 46207 46215
25380 46206 46215 46216 46217
25381 46214 46218 46219 46208
25382 46220 46221 46222 46223 46224 46217 46211
25383 46225 46210 46220
25384 46209 46219 46226 46227 46221 46225
25385 46228 46213 46218 46226 46229 46223
25386 46227 46229 46222
25387 46212 46228 46224 46216
25388 41222 46230 46206 46231 44764 44707
25389 46232 46196 46233 41239 46230 46215
25390 46195 46234 44714
25391 44767 46231 46217 46235 46198 46234 44719
25392 46232 46216 46235 46197
25393 46236 46237 44469 46238 46239
25394 46214 46240 46238 44472 41237 46241
25395 44471 46237 46242 46243 41236
25396 46244 46245 46246 46239 46240 46213
25397 46242 46236 46246 46247
25398 46241 41221 46230 46207
25399 46244 46212 46232 46203 46248
25400 46249 46250 45358 46251
25401 46250 45360 45383 46252 46253
25402 40762 46254 46255 46251 45363 46256 45411 42431 41815
25403 46256 45362 45381 45393 45410
25404 46254 46257 46190 40775 40760
25405 46257 46255 46249 46253 46258 46192
25406 46259 44454 44476
25407 46237 46260 44433 44452 46259 44468
25408 46242 46260 44430 46261
25409 46262 46263 46264 45366 46265 46266
25410 46267 46265 45350 45340 45406 45413
25411 45347 46268 46264
25412 40761 46254 46269 46270 46262 46271 44628
25413 46263 46268 45356 46251 46272 46270
25414 46271 46266 46267 45416 44632
25415 45408 45365 46256 45415
25416 46255 46272 46269
25417 46273 46274 46275 46276 46277 46278 46279
25418 46273 46280 46281
25419 46280 46282 46283 46284 46285 46286 46287 46274
25420 46279 46288 46289 46290 46291 46292 46293 46282 46281
25421 46287 46294 46275
25422 46295 46296 46297 46286 46294 46276
25423 46298 46289 46299 46295 46277
25424 46300 46292 46301 46284
25425 46291 46302 46297 46285 46300
25426 46301 46293 46283
25427 46298 46288 46278
25428 46290 46302 46296 46299
25429 44758 46303 46304 46273 46305 41267 41290 44726
25430 44757 46303 46306 46278 46307 44478 46308 41306 44724
25431 46309 44479 46310 46276
25432 41287 46311 46275 46309 44480 46308 41307
25433 44474 46310 46277 46307
25434 46274 46311 41280 46305
25435 46306 46279 46304
25436 43829 41266 46305 46280 46312 46313 45041 44895
25437 46303 46314 46315 44759
25438 44761 46316 46317 45039
25439 46316 46318 46315 44760
25440 46319 46313 45029
25441 46317 46318 46314 46304 46281 46312 46319 45040
25442 44494 44500 46320 46287 46311 41281
25443 46313 46321 46283 46322 43839 43830 43795 45028
25444 43828 35925 46323 46284 46322 43837
25445 46321 46282 46312
25446 46285 46324 44489 35929 46323
25447 46286 46324 44495 44501 46320
25448 41218 44481 46308 41305
25449 44482 44502 44499 46320 46294 46309
25450 44470 46325 46326 46327 46238
25451 46307 44473 41220 46241 46208 46328 46329 46298
25452 44475 46325 46330 46295 46310
25453 46328 46219 46331 46326 46330 46299 46332
25454 46218 46331 46327 46240
25455 46332 46289 46329
25456 35924 28626 28636 46177 46333 46334 46300 46323
25457 46333 46178 46335 46336
25458 46322 46301 46337 46335 46180 43836
25459 46292 46334 46336 46337
25460 46338 46159 46095 46339 46337 46293 46321 46319 45030
25461 46338 46162 45031
25462 46087 46179 46335 46339
25463 46328 46209 46340
25464 46231 46211 46341 46315 44763
25465 46341 46210 46340 46329 46288 46306 46314
25466 46342 46343 46344 46345 46346 46347
25467 46348 46349 46350 46351 46352 46347
25468 46348 46353 46342
25469 46354 46355 46349 46353 46343
25470 46356 46357 46358 46355 46350 46359
25471 46354 46358 46360 46361 46362 46363 46344
25472 46352 46364 46356 46365 46361 46366 46367 46346
25473 46359 46351 46364
25474 46357 46360 46365
25475 46367 46368 46363 46345
25476 46362 46366 46368
25477 45751 45748 45710 46369 46344 46370 45128 45049 41665
25478 46369 46345 46371 45711
25479 45761 46372 46346 46371 45712 45747
25480 41642 46373 46347 46372 45759 41618
25481 41613 41640 46373 46342 46374 45133 45047
25482 46370 45132 46374 46343
25483 46373 46348 46375 45137 41639
25484 46376 45136 41602 41604 41563 41582 46377 46350
25485 41579 46378 46352 46372 45760
25486 46378 46351 46377 41576
25487 46376 45135 46375 46349
25488 45134 45143 45145 45141 46375 46353 46374
25489 46370 45127 45113 45104 46379 46354
25490 46379 45106 45116 45126 45138 46376 46355
25491 46380 46357 46381 41546 41569 41570 46382 41590
25492 46379 45105 41539 46381 46358
25493 41575 41566 41574 46382 41584 46383 46359 46377
25494 46380 41586 46383 46356
25495 46362 46384 46385 41537 36531 36511 45753 46386
25496 45756 46386 46363 46369 45715
25497 46387 46360 46381 41540 46385
25498 46361 46387 46384
25499 46388 46387 46365 46380 41587
25500 45764 31639 41588 46388 46384 46366 46389
25501 45765 46389 46367 46371 45726
25502 46378 46364 46383 41585 36631 41577
25503 41571 46382 41583
25504 46388 46385 41545 31610 31642 41589
25505 45766 46389 46368 46386 45754 42735 42742 42750
25506 45355 45370 46390 46391 46392 45335
25507 45398 45385 45374 46390 46393 46394
25508 46394 46395 46396 45395
25509 46397 46398 45341 45400 45424 45422 46399
25510 46400 46392 45338 46398
25511 46399 46401 46396 45391 45423
25512 46400 46391 46393 46395 46401 46397
25513 45333 46402 46403 46392
25514 46404 46405 31449 38007 41744 45334 46402
25515 46406 46405 31444 38019 38033 38037 38053 45369 46390
25516 46406 46404 46403 46391
25517 46407 31439 46408 46409
25518 31442 46407 46410 46411
25519 46412 46409 46410 46413 46414 46415 46416
25520 46412 46408 31445 46405 46417
25521 45396 36789 46418 46415 46419 46394
25522 46406 46417 46416 46419 46393
25523 45277 46420 45293 46421 46422 46402 45336 45208 45241 45248
25524 46423 46424 46398 45339 45399 45220 45263
25525 45279 45278 46420 45298 46425 46426 46427 46428
25526 45309 46429 46430 46426 46431 46432 46423 45262 45314
25527 46425 45296 46421 46433 46431
25528 45281 46428 46434 46429 45299
25529 46434 46427 46430
25530 46424 46400 46403 46422 46433 46432
25531 45294 45276 46420
25532 45292 35029 31440 46408 46435 46436 46421
25533 46435 46412 46437
25534 46404 46417 46437 46436 46422
25535 46438 41935 46439 46440 46441
25536 46415 46442 46440 46443
25537 46444 46445 46446 46410 46447 46448 46449
25538 46449 46450 46451 46452 41938 46453
25539 46452 41939 46438 46454
25540 46446 46409 46435 46455
25541 46450 46444 46456
25542 46442 46416 46437 46455 46445 46456 46451 46454 46441
25543 45390 46396 46457 46458 29482 45537
25544 29481 46458 46459 46440 46460 41829
25545 46395 46419 46442 46459 46457
25546 41786 45421 46399 46461 46462 45517 45539
25547 45507 45261 46423 46463 46462
25548 46397 46424 46463 46461
25549 41937 46438 46464 46465 45557 29506 46466
25550 46465 46467 46468 45558
25551 45559 46468 46469 46458 29479 29523
25552 46469 46459 46441 46464 46467
25553 46470 46471 46468 45560 45525
25554 45508 46462 46472 46470 45524
25555 46471 46472 46461 46401 46457 46469
25556 41930 46473 46449 46474 46475
25557 46476 45430 31438 46407 46446 46477 46478
25558 46478 46479 46480 46474 46444 46481
25559 46475 41933 45432 46482 46480
25560 46479 46476 45431 46482
25561 46477 46445 46481
25562 45553 41992 46483 46484 46485
25563 41993 41952 46486 46487 46483
25564 46465 46488 46485 45561
25565 41949 46452 46489 46490
25566 46491 46490 41953 46486
25567 46464 46454 46489 46491 46487 46484 46488
25568 46470 46492 46493 45551 45527
25569 46485 46494 46493 45550 45554
25570 46471 46492 46494 46488 46467
25571 46495 46496 46475 41931 41950 46490
25572 46497 46496 46474 46450
25573 46489 46451 46497 46495
25574 46498 41966 41995 41954 46486 46499 46500
25575 41956 41915 46501 46502 46498
25576 46482 45442 46503 46504
25577 46502 46505 46504 46480 46496 46506 46500
25578 46501 41918 45439 46503 46505
25579 46495 46491 46499 46506
25580 46507 46508 46509 46510 46511 46512 46513
25581 46514 46507 46515 46516
25582 46517 46518 46508 46515
25583 46519 46513 46514 46520 46521
25584 46522 46523 46524 46509 46518 46525 46526 46527
25585 46520 46516 46517 46525 46528
25586 46529 46530 46531 46532 46533 46534 46535 46512 46519 46536
25587 46528 46526 46537 46538 46536 46521
25588 46539 46540 46527 46537 46541 46530
25589 46542 46543 46522 46540 46544 46532
25590 46545 46546 46510 46524 46547 46542 46533
25591 46541 46529 46538
25592 46545 46548 46534
25593 46544 46539 46531
25594 46547 46523 46543
25595 46546 46511 46535 46548
25596 46549 46506 46497 46456 46481 46550 46511 46551
25597 46551 46552 46512
25598 46553 46500 46549 46552 46513
25599 46507 46554 46502 46553
25600 46508 46555 46505 46554
25601 46550 46478 46556 46510
25602 46556 46479 46504 46555 46509
25603 46515 46554 46501 41911 45463 36823 46557
25604 36893 36863 36824 46557 46516 46558 41958
25605 46558 46514 46553 46498 41957
25606 42061 45467 46559 46560
25607 42059 36890 36857 36831 46557 46517 46561 46560
25608 46518 46555 46503 45440 45462 45461 45466 46559 46561
25609 46562 46552 46519 46563 41996 46483
25610 41965 46564 46521 46563 41990
25611 46499 46549 46562 46487
25612 41964 46558 46520 46564
25613 46476 45434 45444 46565 46524 46556
25614 46566 46523 46565 45445 45456 45472 46567
25615 46568 46567 45476 45479 45458 45469 46559 46569 46570 46527
25616 46561 46525 46571 46569
25617 46571 46526 46570
25618 46568 46566 46522
25619 46572 46569 46560 42058 42071
25620 36814 41963 46564 46528 46571 46572 42066 37288
25621 41991 46563 46536 46573 45552
25622 46573 46529 46574 42509 46575 45305 41982 45543 45555
25623 46576 46434 46577 46531 46578 42506 46575 45301
25624 42510 46578 46530 46574
25625 46427 46579 46580 46532 46577
25626 45549 45312 45303 46576 46430 46579 46581 46534 46582 46493
25627 46581 46533 46580
25628 46582 46535 46551 46562 46484 46494
25629 46583 46538 46573 45556 37355 42082
25630 45687 42065 46572 46570 46537 46583 42091 45689
25631 42513 45475 46584 46568 46540 46585
25632 42505 46585 46539 46578
25633 42508 46574 46541 46583 42081
25634 45473 46567 46584
25635 45474 45291 46586 46543 46566 46584
25636 45280 46428 46577 46544 46585 42504 42483 45271
25637 46587 46425 45297 46586 46542 46580
25638 46426 46587 46579
25639 46586 45290 35028 45443 46565 46547
25640 46433 46436 46455 46477 46550 46546 46588
25641 46587 46581 46545 46588 46431
25642 46575 42507 45302
25643 46472 46463 46432 46588 46548 46582 46492
25644 45300 46429 46576
25645 46589 46590 46591 46592 46593
25646 46594 46595 46593 46596 46597
25647 46598 46599 46600 46601 46602 46589 46596
25648 46599 46603 46604 46605 46606 46594 46607
25649 46607 46598 46597
25650 46608 46609 46610 46611 46590 46602
25651 46592 46612 46606 46595
25652 46608 46613 46601
25653 46611 46614 46615 46616 46605 46612 46591
25654 46609 46617 46618 46603 46600 46613
25655 46617 46619 46620 46614 46610
25656 46616 46621 46619 46618 46604
25657 46615 46621 46620
25658 46592 46622 46166 46623
25659 46622 46168 46069 46624 46591
25660 46625 46626 46593 46623 46170 46627
25661 46628 46629 46625
25662 46626 46589 46630 46628
25663 46169 46066 46624 46590 46630 46629 46627
25664 46631 46632 46633 46625 46634 46336 46339 46091
25665 46635 46636 46596 46626 46633
25666 46176 46171 46627 46634 46333
25667 46594 46637 46638
25668 46639 46640 46641 46637 46595 46623 46167 46023 44517 46122 46081
25669 46636 46597 46638 46641 46642
25670 46643 46640 46642 46635 46632
25671 46084 46631 46643 46639
25672 46635 46644 46645 46646 46227 46647 46648
25673 46649 46650 46651 46598 46636 46644
25674 46290 46652 46628 46633 46648 46653 46225 46340 46332
25675 46302 46654 46602 46630 46652
25676 46655 44445 46656 46601 46654 46296 46330
25677 46331 46657 46646 46226
25678 46657 46645 46649 46658 46659 44442 46655 46326
25679 46660 46658 46650 46661
25680 46662 46660 46659 44438 46656 46600
25681 46651 46661 46662 46599
25682 46647 46221 46653
25683 46663 46664 46665 46651 46607 46638
25684 46661 46666 46667 44243 46668 46665
25685 46669 45987 46670 44245 46668 46664
25686 46669 45985 46671 46606 46637 46663
25687 46667 44246 46672 46673 46604 46674
25688 46603 46674 46666 46662
25689 46673 46675 45989 46671 46605
25690 46324 44488 44466 46676 46608 46654 46297
25691 46677 46610 46678 46679 35898 44487 44463
25692 46067 46680 46678 46611 46624
25693 35891 35897 46679 46680 46064
25694 46291 46652 46629 46634 46334
25695 46677 46609 46676 44459
25696 46655 44443 44453 46259 44467 46325
25697 46656 44434 44461 46676 46613
25698 46165 46035 45960 46681 45984 46671 46612 46622
25699 46680 46063 46682 46683 46615 46684
25700 46614 46684 46678
25701 46683 46616 46673 46685
25702 46659 44437 46686 46687
25703 46660 46666 46688 44240 35108 46689 46687
25704 46677 46617 46690 35862 35853 35127 44460
25705 46686 46689 35107 44436
25706 46618 46690 35860 44234 44239 46688 46674
25707 46679 35902 35893 35871 35810 35861 46691 46620 46684
25708 46691 35856 46690 46619
25709 46621 46691 35857 46692 46683
25710 44241 46688 46667
25711 46693 46694 46695 41903 35119 46689 46696
25712 46697 46698 46699 46700
25713 41861 41904 46701 46702 46697 46703
25714 46246 46704 46699 46705 46706
25715 46707 46708 46696 46686 44441 46260 46236 46706
25716 46708 46693 46709
25717 46701 41901 46695 46710
25718 46707 46709 46694 46710 46702 46698 46705
25719 46658 46687 46696 46711
25720 46712 46708 46711 46649 46713
25721 46327 46657 46714 46715 46706 46239
25722 46716 46713 46645 46714
25723 46707 46712 46716 46715
25724 46717 46718 46250 45357 46719
25725 46720 44231 41900 46701 46721
25726 46718 46253 46722 46697 46723
25727 46719 45345 41886 44226 41875 44230 46720 46724
25728 46723 46702 46721 46724 46717
25729 46669 45986 44574 46725
25730 44575 46725 46664 46726 46727 46728
25731 46729 46730 46731 44569
25732 46732 46720 44232 44213 44571 46731
25733 46728 46733 46729 44576
25734 46734 46695 41902 44242 46668 46726
25735 46730 46732 46721 46710 46734 46727 46733
25736 46693 46735 46726 46665 46650 46711
25737 46734 46694 46735
25738 46736 46737 46738 46739 46740 46264 45342
25739 46737 46741 44558 44217 45344 46742
25740 46741 44570 46731 46743 46738
25741 46268 46740 46744 46719 45346
25742 46742 45343 46736
25743 46743 46732 46724 46744 46739
25744 44646 46745 46746 46747 46748 44636
25745 44647 45195 46749 46750 46751 46752 46745
25746 45414 46267 46753 46749 45199
25747 46748 46754 46755 46756 46271 44631
25748 46757 46758 46750 46753 46266 46756
25749 46754 46759 46747
25750 46752 46760 46757 46755 46759 46746
25751 46758 46751 46760
25752 42601 45178 42538 44559 46761 46762 46763 44110
25753 46764 46765 46766 46742 45348 45337 45167 42604 44112
25754 46767 46768 46737 46766
25755 46741 44561 46769 46770 46768
25756 44111 46771 46772 46764
25757 44102 46763 46773 46771
25758 46761 44560 46769 46774
25759 46765 46767 46770 46774 46762 46773 46772
25760 44091 44114 46764 46775 46776 46749 45194
25761 46776 46777 46766 46736 45349 46265 46753
25762 46777 46765 46775
25763 46778 46014 44165 44201 44562 46761 46779 46780
25764 46781 46782 44566 46783 46784
25765 46783 44567 46769 46785
25766 44565 46786 46782
25767 46787 46788 46780
25768 46778 46012 46789 46790 46788
25769 46789 46015 45976 44564 46786 46781 46791
25770 46779 46774 46785 46784 46791 46790 46787
25771 46792 46793 46794 46143 46164 44557 45693
25772 46795 46778 46013 42583 42663 44109
25773 46796 46125 44512 46011 46789 46797
25774 45690 44100 46795 46788 46798 46799
25775 45694 46799 46800 46792
25776 46137 46127 46796 46801 46794
25777 46800 46798 46790 46797 46801 46793
25778 46795 46780 46802 46763 44101
25779 46779 46802 46762
25780 46803 46804 46733 46805
25781 46806 46803 46807 46808
25782 46783 44568 46729 46805 46807 46809
25783 46810 46811 46782 44580 46728 46804 46806
25784 46811 46781 46812
25785 46809 46784 46812 46810 46808
25786 46813 46814 46641 46663 46725 44579 46786 46811 46815
25787 46814 46640 46816
25788 46796 46817 46813 46816 46639 46082 46126
25789 46791 46812 46815 46817 46797
25790 46818 46713 46644 46642 46814 46819 46820 46806
25791 46712 46709 46735 46727 46804 46818
25792 46821 46813 46819
25793 46810 46815 46821 46820
25794 46822 46823 46772 46775 46824 46751 46825
25795 46824 46776 46750
25796 46826 46827 46828
25797 46827 46829 46823 46771 44103 46830
25798 46831 46828 46830 44113 44138 46832
25799 46833 46834 46832 44134 44649
25800 46833 46835 46836 44650
25801 44651 46745 46837 46838 46836
25802 46752 46825 46839 46837
25803 46838 46839 46822 46829 46826 46831 46834 46835
25804 45709 45705 45701 46799 46840 46841 46827 46842
25805 46830 46842 45708 44104
25806 46843 46840 46798 46787 46802 46773 46823
25807 46829 46843 46841
25808 46844 46845 46846 46847 46848
25809 46845 46849 46850 46851 46852 46853 46854
25810 46849 46855 46856 46846
25811 46857 46858 46859 46860 46856 46847
25812 46861 46862 46850 46855 46860
25813 46863 46864 46848 46857 46865 46866
25814 46867 46868 46869 46851 46862
25815 46864 46844 46854 46870 46871
25816 46872 46873 46874 46867 46861 46859 46875
25817 46876 46877 46873 46878 46879 46853 46870 46880 46866
25818 46876 46881 46875 46858 46865
25819 46882 46868 46874 46878
25820 46871 46880 46863
25821 46852 46869 46882 46879
25822 46881 46872 46877
25823 46746 46883 46884 46837
25824 46885 46886 46887 46848 46888 46759 46883
25825 46825 46760 46889 46847 46887 46890 46891
25826 46892 46890 46886
25827 46839 46891 46892 46885 46884
25828 46889 46846 46893 46894 46757
25829 46844 46895 46894 46755 46888
25830 46845 46893 46895
25831 46895 46896 46270 46897 46188 46898 46854
25832 46853 46899 46200 46898
25833 46900 46901 46744 46717 46902 46851
25834 46202 46899 46852 46902 46718 46249 46272 46897
25835 46893 46849 46903 46901 46740 46263 46896
25836 46850 46900 46903
25837 46894 46896 46262 46756
25838 46768 46738 46904 46903 46855 46905
25839 46739 46904 46901
25840 46889 46856 46905 46767 46777 46824 46758
25841 46904 46743 46730 46805 46906 46862 46900
25842 46906 46807 46907 46861
25843 46770 46785 46809 46907 46860 46905
25844 46723 46698 46908 46869 46902
25845 46868 46909 46715 46705 46908
25846 46909 46716 46818 46803 46906 46867
25847 40750 46191 46910 46871 46911 46912 44629
25848 46870 46898 46187 46910
25849 46748 46913 46912 44630
25850 46754 46888 46864 46911 46913
25851 46897 46269 46257 46189
25852 46914 46643 46816 46819 46915 46916
25853 46909 46714 46646 46229 46917 46874
25854 46873 46917 46222 46647 46918
25855 46915 46820 46808 46907 46859 46919
25856 46920 46916 46919 46875
25857 46872 46918 46648 46632 46914 46920
25858 46921 46223 46917 46878
25859 46316 46922 46876 46923 44766
25860 46924 46866 46923 44765
25861 44713 46234 46194 46910 46880 46924 44755
25862 46235 46224 46921 46879 46899 46201
25863 46341 46220 46653 46918 46877 46922 46318
25864 46921 46882 46908 46699 46925 46244 46228
25865 44703 44689 44754 46926 46912 44639
25866 46911 46863 46924 44756 46926
25867 46317 46922 46881 46920 46927 45044
25868 46927 46914 46631 46085 46160 46338 45036
25869 46928 46929 46930 46931
25870 46932 46933 46930 46934 46935 46936 46937
25871 46938 46931 46934
25872 46938 46928 46939 46940 46941 46942 46943 46944 46935
25873 46945 46946 46939 46929 46933
25874 46932 46945 46947 46948 46949 46950
25875 46946 46947 46951 46940
25876 46950 46952 46953 46937
25877 46954 46941 46951 46948 46955
25878 46956 46943 46957 46955 46949 46952
25879 46953 46956 46944 46936
25880 46942 46954 46957
25881 46926 46913 46747 46883 46958 46931 46959 46960 44753
25882 46961 46885 46958 46928
25883 46962 46929 46961 46886 46963 46865 46923 44775 46960
25884 46962 46930 46959
25885 46857 46963 46887
25886 44668 44751 46964 46959 46934 46965 46836 44653 44596
25887 44774 46964 46962 46933 46966 46967 45045
25888 46968 46936 46969 46833 44652 44604
25889 44833 45043 46967 46970 46937 46968 44605
25890 46932 46966 46970
25891 46935 46965 46835 46969
25892 46960 44752 46964
25893 46838 46884 46958 46938 46965
25894 46971 46940 46972 46973 46843 46822 46891
25895 46971 46892 46961 46939
25896 46826 46841 46973 46974 46942 46975
25897 46943 46975 46831 46976
25898 46944 46976 46834 46969
25899 46972 46974 46941
25900 46966 46945 46977 46916 46927 45037 46978
25901 46978 45042 46967
25902 46963 46858 46919 46977 46946 46971 46890
25903 46979 46794 46136 46980 46948
25904 46947 46979 46801 46817 46821 46915 46977
25905 46133 46980 46949 46981
25906 46981 46950 46970 46978 45038 44840 46163 46139
25907 46840 46800 46982 46973
25908 46982 46793 46979 46951 46972
25909 46952 46981 46135 44548 46983
25910 44612 46968 46953 46983 44549 44667 44657
25911 45695 46792 46982 46974 46954 46984
25912 46980 46955 46984 45696 44554 46134
25913 46832 46976 46956 46983 44555 44146 44133
25914 46957 46984 45698 45706 45707 46842 46828 46975
25915 46681 45992 46675 46685 46682 46070 45959
25916 1166 1159 1174 1152 1175
25917 28983 28970 28960 46001 46042 29007
25918 10585 3577 7078 7080 10598 10596 10601
25919 33398 33397 18130 17994 33399 33288
25920 2998 3117 3158 3183 3215 3206
25921 19556 19510 19551 19548 11927
25922 2887 2909 198 23
25923 8131 15337 15333 4495 2470 824 756 9132
25924 19664 9806 9768 9772 11952 19688 19690 19685 19683 19669
25925 44742 34269 41301 40894 28719
25926 35037 35050 35044 35022 35048 35052 16684
25927 20430 27693 27936 20373
25928 19989 20040 20068 20075 19929 19859
25929 14508 14456 14510 14513 11870
25930 20977 20993 20984
25931 46453 46473 41932 41948
25932 352 374 358 367 365 360
25933 2406 8372 15705 2369
25934 17849 9540 33702 6253 34961
25935 5733 5750 5741 5737
25936 9771 9763 9772
25937 1413 1419 1407
25938 11542 11544 11550 11548 11539
25939 2833 2744 2787 2825 1109 1122 2831 1064
25940 700 1971 1975 827 814
25941 28941 28985 28987 20984 28984 13257 46985 2947 28971
25942 13256 46985 2946 13220
25943 35601 37173 39819 39782 39836
25944 11749 11742 11753 11752 11756
25945 2460 789 360 4506 4510 4513 4495
25946 23927 23879 23836 23857 24281 24264 24271 31070
25947 28404 28474 6731 28475 6403 1514 6902 28472
25948 7022 7025 6050 3546
25949 5886 5893 5891 5884 5888 3167
25950 41867 41876 46986 41855 41870 41873
25951 46986 41854 41877
25952 6482 6457 6461
25953 2122 2168 2158 2161 2131 1886 1838
25954 27207 19758 19788 27197 27192
25955 435 1576 1589 1584 1590 1581
25956 25865 25867 25856 20539
25957 25750 25755 25746 25736 25753
25958 5769 5772 5761 46987 5764 5771
25959 5752 5758 5760 46987 5765 5767 5773
25960 19400 19402 19384 19401
25961 43136 43138 43142 43140 43095 43083 43141 43134
25962 1128 1133 1131 1132 1090 1120 1119 1122
25963 12187 12235 3314 1476 2607 12233
25964 11195 11339 10161 10430 5334 4792
25965 3525 3528 3509 3371 3530
25966 16666 16662 16665 4185
25967 35605 35623 35544
25968 491 494 271 479
25969 1043 1041 1051 1048
25970 8517 8526 394
25971 10920 10958 46988 10977
25972 10957 46988 10976 10978 10956
25973 1646 46989 1654 1650
25974 1639 1647 46989 1655
25975 27238 27267 27262 27180 19367 19373 27289
25976 25177 25405 25218 32939 32951
25977 1241 1245 1248 1251
25978 16564 12909 12888 16557
25979 6010 6013 6005 5991 5997
25980 15267 22818 22820
25981 43164 43147 20533 40042 33643 25841 43144
25982 8114 23632 7190 8675 16473 16898 16936 15462
25983 7189 8669 7319 8682 8675
25984 3270 11122 11130 11127
25985 12344 12371 12384 12394 5991 6231 12630 12632 12634 12625 12635 12598
25986 28808 28761 28811 28781
25987 24145 24154 32089 24181 24167
25988 3196 5896 12215 12261 4607
25989 20016 20019 46990 20008 20006
25990 20009 20024 20026 20020 46990
25991 6030 6028 6024 6022 6027
25992 7096 30209 13574 13585
25993 46991 36773 36791 36785
25994 36794 36779 46991 36790 36793
25995 1852 1856 1859 510 222 391 1874 1865 1869 1873
25996 8434 24861 30865 23458 30879
25997 29624 29611 37270 29651 29700
25998 6645 6633 3473 6637 6643 2013
25999 1535 1528 1536 46992 1532
26000 1534 1525 1537 46992 1531
26001 10616 10601 10583 10578 10514 5172 5186
26002 45372 41889 41847 45375
26003 26770 26769 26765 26767
26004 14355 6908 3614 6915 14340 14368
26005 14342 6914 3615 3621 14326
26006 18574 18586 17604 26113 26111 26097
26007 22334 22391 22388 22360 22385
26008 2857 1178 46993 4894 5486 1070
26009 1177 1166 4920 5520 5519 4895 46993
26010 4488 3755 8413 8423
26011 19730 38279 27187 31746 38282 38285
26012 32936 32949 25215 25135 38868 38871 38863 38866 19442 32670
26013 7627 7648 15192 15263 22820 22825 15201 22845 2349 2318 7506
26014 36859 21556 36860 36865 21540
26015 6236 20123 20327 27622 12630
26016 28550 28557 28555 28541 28487
26017 46994 20390 34545 34547
26018 46994 20391 25887 28070 34548
26019 4880 3298 4878 4874 4885
26020 32457 32456 32447 25847 10892 32434
26021 2168 2159 7847 7841 7835 2189 7846 2126
26022 24147 14562 14571 24150 24134 24154 24153
26023 26787 26206 26167 19713
26024 41288 41286 35916 39974 41284 41273
26025 277 344 157 76 49
26026 11853 11849 11856 11857 11844
26027 4740 4744 4747 4750
26028 20876 9382 18559 28748 28811 28791
26029 21100 21030 21099 21093
26030 46995 1224 1207 1231 1228 1235 1219
26031 1225 1218 46995
26032 1036 2582 2595 2597 2589
26033 44182 44177 44173 40593
26034 46996 782 793
26035 786 792 46996 783 778 352 789 797 796
26036 6486 6492 6498 6494 6505 46997 6510 6507 6482
26037 6504 46997 6509
26038 3614 3612 3608 46998 3603
26039 3615 3604 46998 3609
26040 5331 4784 5334 5335 4843 1318 5328
26041 1481 1018 1479 1473 1476
26042 6263 13151 10968 18580 25981 25987 25988 25975 25979
26043 3686 3672 1739 537
26044 36799 46999 31452 28539 28555
26045 36804 36803 36800 46999 31453 6767 36796
26046 25538 25546 25541
26047 15514 15516 15511 15502 15507
26048 11535 11526 11530 11534
26049 27847 28999 29007 28973 25899 29006
26050 9838 9866 9871 9760 9848
26051 586 575 577 581 568 564 572 52 139
26052 6524 6512 6538 6536 5093 2901
26053 29491 37163 37162 37125 37102 37113
26054 13038 13041 13027 13046 13044 9986
26055 16576 2450 947 5953
26056 529 3686 3676 3694 3684 3692 2089 106
26057 20160 16692 17353 17327 20155
26058 10618 10598 7083 13585 13560 13433 13582 13589 10556
26059 9848 9753 9740 4727 9836
26060 18751 19779 19766
26061 29640 29663 21537 29668 29660 29657
26062 12385 6010 12382 12384 12373 12379
26063 14533 14538 14537
26064 1545 10986 10995 3411 3381 7056 10987 10114 1561
26065 1389 1386 47000 1352
26066 358 1351 47000 1385 1376 1382
26067 19690 32622 32632 32633
26068 5484 2860 1051 1078 5486 4891 3295
26069 5769 19890 19894 19885
26070 5767 19902 19900
26071 46466 41951 41994 29505
26072 2217 2222 2220 2215 568 614
26073 13161 13101 10122 10108
26074 29507 41994 41947 41962 36808
26075 11113 11100 11110 11115 11118
26076 8418 7800 8410 8421
26077 9011 9017 8997 9007 9004
26078 47001 18577 17615 18581 10943
26079 18584 18580 10965 10945 47001 18578 18574 18585
26080 29020 20959 13343 29016
26081 3107 3109 2972
26082 32937 32936 32665 19489 32920
26083 33609 39825 39772 39806 37098 25733 25746
26084 9506 9545 17849 17838 17848
26085 38036 38031 38032 38017
26086 36878 41913 41955
26087 9000 9030 9025 9029
26088 39772 39770 39782 39786 39779
26089 14315 14320 8774 7179 13857
26090 10103 10106 10108 10092 10043 10098 10071
26091 14588 7370 7380 22276 22278 22282
26092 3528 12374 12379 12415 12416 3516
26093 1287 1284 1291 1300 1294
26094 1928 1988 1985 1982
26095 25876 25948 27803 27805 27812 25867
26096 21385 21299 21399 21389
26097 1369 1357 944 873
26098 8787 1294 2396 8376
26099 44477 41256 41227
26100 430 431 423 426
26101 427 418 421
26102 23815 23812 23802 23819
26103 11727 11690 11725 6340 6388 9612 11716
26104 6523 6519 6512 6517
26105 12804 12562 12566 6028
26106 4927 21391 18375 18365 10294 10267
26107 7494 7627 7629 5231 5197 7621
26108 22352 14795 14772
26109 44247 44237 41906 44244 44248
26110 19728 19717 19713 19738 19737 19734 19739 19730
26111 24267 9192 9004 24269 24264
26112 3570 3579 3574 3583 3577 3584
26113 21292 21482 21484 21478 21489 10240 21475 21393 21308
26114 21392 21399 21297 21314 21393 21396 18381
26115 4181 4177 4170 2196
26116 45967 45959 45964 45929 45943 45942 45934
26117 10942 10951 10956 10954 10955
26118 25893 29006 27855 20384
26119 14681 14751 14222 13018 14757 7388 14716
26120 19368 19355 19365 19367
26121 33665 32456 33646 24932 24937 24951 32461
26122 19751 19748 19746 11046 11057 19749 11090 19752
26123 20030 20033 11067 19749 11093
26124 28767 28777 28765 20891
26125 8508 4803 5260 2961 1413 15693 15164
26126 27529 27543 13345 27703 27687 27699 27707 27693 20439
26127 29521 37105 41830 46460 46439 41936 46466 29516
26128 749 662 676 1946 1928 1925 1939 1940 1944 1931
26129 26206 26174 19748 26200 11049 11078 26191 4880 3307 3251 26185
26130 11004 11016 11008 11013 5244
26131 2785 2787 2730
26132 1193 1143 1133 10435 2881
26133 35881 35867 28688 13269 35876
26134 35579 35635 35545 35640 35639 33871
26135 10188 11174 11171 11173 5268
26136 25849 25850 25841 25837 25847 10877
26137 28599 28601 28593 28481 28366 28449 28596
26138 11587 11576 11559 2049 11589 47002
26139 11588 11585 11582 11592 11535 11590 47002
26140 10849 18565 9385
26141 24949 24951 24936 10848 9386 17660
26142 28485 28548 6739 28544 28539 28541
26143 12369 12336 12598 12611 12554 12355
26144 13023 6109 12775 13022 13024 13018
26145 33814 33861 33859 33857 28765 20889 33860
26146 19483 32653 32633 19685 32629
26147 109 97 47003 102
26148 103 106 96 47003
26149 44366 34889 28124 34915 28178
26150 6250 25997 18592 28110 34898
26151 20307 12525 20314 20326 20323 20120 20327 20308
26152 633 639 649 647 645
26153 10265 10294 10296 6531 1191 1146
26154 33419 40696 33284 33365
26155 6305 6289 47004 6297
26156 47004 6290 6293 6298
26157 19832 47005 47006 19850
26158 47007 19845 19846 19833 47005
26159 19849 19848 19844 47007 47006
26160 12367 12332 12369 12350 47008
26161 12368 47008 12351 12363
26162 26907 26820 11227 11215 26680 26625
26163 28718 28719 28727 20871 28725
26164 593 600 615 614 581
26165 3493 1654 47009 3496
26166 47009 1655 1628 3495
26167 3464 3487 3478 3485 3488
26168 9669 9645 18016 25573 25538 25572
26169 18074 18065 995 18069
26170 19093 19131 8283 11839 24141 24134 24145 24137 19130
26171 18614 20604 20600 20613
26172 1884 1852 1877 208 47010
26173 1845 1886 1883 47010 207
26174 47011 1352 1346 1341 1349 1339
26175 1357 1353 1337 47012 937
26176 1351 47011 1338 47012 936 778 374
26177 19473 19470 11958 19466 19439
26178 10806 10794 47013 10804 10799
26179 47013 10795 10791 10771 10805
26180 35635 35527 35571 33859 35580
26181 2373 2374 2340 2355
26182 11838 11876 14513 14576 24150 24141
26183 28041 28014 28063 20636
26184 29519 29516 29505 29507 29495 29510 29515
26185 639 759 7921 7923 7910 7913 7918 2426
26186 44190 44200 44578 45988 45990 45992 45983 45929 45980 45991
26187 3393 6075 47014
26188 7014 6956 6047 6076 47014 3394 7045 7064 7065
26189 8265 2113 1849 3777 15097 15065 15099 15096
26190 3440 3452 1521 47015 1646 3444
26191 1641 3447 169 1522 47015 1647
26192 24820 17583 24823 17568 24817 24813 24825
26193 24170 32089 24153 33392 33283 33326 24201
26194 6065 6956 6960
26195 12586 22323 23902 5929
26196 23901 5930 12584 22325
26197 1320 7583 2873 10381 10379 4856
26198 16647 16597 6924 16645 7202 1396 16643
26199 12597 12791 12795 12563 12580
26200 4373 4345 4471 3750 4488 4486 4484 4474
26201 6492 10212 21475 21396 18374 18361
26202 35032 31435 35025 35020 35022
26203 47016 6697 6710
26204 6722 6711 47016 6698 6716
26205 39770 39819 37182 39814 39815 37195 37118 37100 39806
26206 34915 28121 34898 6254 34904 34919 28171
26207 15578 17986 24180 24185
26208 47017 17605 17613 17615 17610
26209 17612 47017 17608 17609 17604
26210 1571 1485 3619 6886 6898
26211 13576 13540 13497 13424 13560 13574 13570
26212 2623 1473 2607 2612 2633 2629
26213 34316 27601 34312 20326 34301
26214 26058 18599 26001 26054 26096 26111 26148 20561 26009 18618
26215 28366 28381 28317 28369
26216 47018 2568 4639 47019 4633
26217 4632 4641 4640 47019
26218 2567 4637 4634 47018
26219 10898 38812 38813 25072
26220 10865 13199 18530 18526 18522
26221 14672 14681 14680 14673
26222 10197 10192 3281 10195
26223 4696 9616 9644 9669 9666 2570 4637
26224 7054 7056 3386 7045 7052 7057 7037
26225 14740 14738 14724 14743 14746 11853
26226 17981 17979 11752 17984 17987 17986 15573 17976
26227 13288 28692 35883 28710 20824
26228 45983 46681 45964
26229 9889 47020 9512 33443
26230 47020 9511 17848 34958 34965 9890
26231 47021 146 89
26232 47021 90 136 148 145
26233 17353 16687 16556 9193 17322
26234 33449 9900 33443 9500 33446 33445 33417 18150
26235 21044 21100 25908 25909
26236 21077 25913 25915
26237 24817 17567 11859 24829 24833
26238 8759 8779 1382 367 4527 4510 8783
26239 12125 19405 19408 19409 19388
26240 3559 3553 3562
26241 16585 16593 16595 4194 5940
26242 13408 13373 13384 13401 13424 13433 13429
26243 10855 10799 10843 47022 9373 10849 10856
26244 9374 47022 10844 10848
26245 28021 28049 20563 26022 28044
26246 20248 20217 20244 20249 20241 20200
26247 3404 3405 47023 3387
26248 3390 47023 3408 3411
26249 13230 13232 13233 13218 47024 13213
26250 13188 13226 2940 13220 13219 47024 13212
26251 14019 7032 13062 14001
26252 18562 18564 18571 18537 10856 18565 9370 18559
26253 25988 26051 26054 26003
26254 20277 24024 34422 34426 20299
26255 13538 7144 13499 13540
26256 47025 6400 6404 6403 1496
26257 6401 47025 1497
26258 28474 6735 28548 28489 28400
26259 16028 16027 8442 16014 7841
26260 26651 26675 2963 26674
26261 3004 2977 15550 47026
26262 15549 15548 15533 15546 3005 47026
26263 44572 44229 44206 44196 44578
26264 12358 12363 12365 6081 6068
26265 41301 34257 41242 41248 41308 41273 41304 20844 40888
26266 6255 25997 18597 26001 26003 25975 25998
26267 17632 17628 17621
26268 6268 6282 1555 6283 6258 6278 6263 6284 6272
26269 9535 9548 1534 6395 9516
26270 662 655 658 668
26271 43138 45844 43154 34882 45828
26272 11576 11568 15155 15156 15153 15126 15085 15115 15108
26273 19882 19873 19870 19883
26274 7160 8984 8961 8983
26275 160 348 282 344
26276 446 445 435 443 442
26277 18139 18146 18147 18144 9830 6381 6353
26278 19370 3324 3317 19376 5824 5799 19374 19365 19373
26279 13240 13213 47027 13238
26280 10871 13204 13212 47027 13237
26281 8178 8180 8142 7923
26282 29648 29684 29683 6679 3440 3494 3478 21572 29674
26283 9378 9382 9370 9385 9373 47028 5761
26284 9384 9386 9374 47028 5760
26285 6666 1618 3497 3469 6637
26286 47029 2937 2935 2932
26287 2936 47029 2933 2930
26288 973 856 977 982 984
26289 1561 1543 47030 1536 1560 1552
26290 1537 47030 1544 1558 1555 1550 1559
26291 29621 29623 29624 29600 21478 21502 10238
26292 7163 8757 8783 4513 15333 23684
26293 20962 46009 45997 46042 28999 27850 27703 13323
26294 22329 20283 23911 23913 23907 23875 23903
26295 20839 20819 44493 35141 44458 44498
26296 32922 32923 32920 19488 32640 19499 19551 19546
26297 20033 11068 18631 47031 20042
26298 47031 18632 20085 20094 20099 20024 20043
26299 9048 21877 21881 14363 6929
26300 27238 27244 27227
26301 7647 10577 10578 10521 5220
26302 10231 21502 21489
26303 9901 33449 18153
26304 47032 5923 23902 22330 23903 23866 23854 23898 23900
26305 23901 5925 47032 23899 22391 22332
26306 41243 46233 46199 44717
26307 6756 6749 6760 6753
26308 23891 23849 23879 23881 23888
26309 35138 28700 35114 44444 44431
26310 26174 19751 19772 19738 26167
26311 11220 18230 18228 10181 11339 11192 11165
26312 2414 7303 1621 6666 6643 2006
26313 824 830 827 808 685 763
26314 4897 26225 26222 25773 25743 11027 11074
26315 7399 7391 7388 7385 7343
26316 24929 24927 10873 10783 24922 24932
26317 28456 37955 37949 20717
26318 18554 33773 20845 18571
26319 10779 10788 10841
26320 4929 21373 25783 25729 5520
26321 12894 12903 12905 12890
26322 13022 12782 12830 7022 3536 13034 13027 13036
26323 15067 15080 15083 15085 15073 15065
26324 15112 11585 19122 19126 19086 19131 8274 2180 11673 8262 11621
26325 47033 793 943 1826 2497
26326 792 47033 2496
26327 29686 29695 29652 29681 21570 3488 3461 47034 13505 3553
26328 13460 6633 3460 47034 13506
26329 3285 3281 3302 3295 3277 3298 3307 3262
26330 26808 26803 11138 26807
26331 26907 26817 26864 26930 26790 26800 26627
26332 34524 20365 34523 28072 28054
26333 36897 36804 41920 36871
26334 25185 25412 17957 25100 25221 25405
26335 12525 12529 12518 12530 12505 12514
26336 3642 3644 1695 47035 2334
26337 2333 2319 3637 3645 3636 1694 47035
26338 11565 15155 26639 26676 26681 3133 2980 3107
26339 1159 4920 4929 4923 4925 4927 4918
26340 4331 4380 4304 4354 4362
26341 46060 28985 28947
26342 4548 4537 4532 4544
26343 17378 24357 15366 24364 24359
26344 47036 1212 1224
26345 1213 2894 5144 5143 1691 1225 47036
26346 6519 10553 10560 10562 10556 10567 6538
26347 26628 26627 26625 26630 26613 26629 26603
26348 20094 20881 20889 20891 20874 20876 9378 5772 19890 20108
26349 1105 1179 1178 47037 1154 1132
26350 1177 1175 1155 47037
26351 45397 36794 41850 45378 45394 41841
26352 26774 26777 3254 26185 26787 19717 26784
26353 46670 44244 41899 44233 44227 44572 45988
26354 3714 3717 3692 2085
26355 35121 35096 47038 35116 35102 35104
26356 35123 35097 47038 35115 28702 35114
26357 21283 21363 21358 21365 21362
26358 3612 3620 1488 6902 6907 6910 6908
26359 2113 1843 47039 2119
26360 47039 2120 2125 2126 2122 1844
26361 19186 19188 11724 15562
26362 5752 17648 17938 17949 17935
26363 25893 25899 25901 25889 47040 20394
26364 25888 47040 20395 25887 25883
26365 18760 19236 19994 25143
26366 7309 7319 7322 7323 6898 1565 446 7302 2410 3625
26367 4903 25722 25753 26227 26225
26368 33814 33827 33815
26369 5225 7647 7643 7645 7648 7629
26370 14016 7034 14019 14000 13971
26371 31753 31751 31746 27184 19408
26372 15249 15307 16906 16914 15189
26373 776 753 698 763 756 769 767 759 649
26374 11982 11972 11990 11985
26375 13978 14017 14023 7057 14020 10058 14030
26376 3665 3658 3654 3664 3662
26377 10588 15186 16914 16902 8948 8983 7154 3592
26378 1062 1056 1064 1060
26379 1190 10 47041 1138 1193 1186
26380 1137 1191 1182 11 47041
26381 10974 13151 6278
26382 11067 11068 11062 47042 5251 11035 11057
26383 47042 11061 11069 11013 5252
26384 5880 5865 5878 5883 5884
26385 1386 47043 7195 7205 7210 7202 1400
26386 7194 47043 1385 7197
26387 20518 43100 43095 43080
26388 8270 11621 11624
26389 11934 25603 25587 19705 19504 19556 11925 11903
26390 5166 5176 5175 5172 5161
26391 20192 20288 20283 20280 12588
26392 3730 7676 7710 7718 7719
26393 28166 34919 34956 34965 9898 28186
26394 35881 35868 35833 35879
26395 28693 35869 35845 28714 35883
26396 25102 25088 25085 25072 10895 25076 17953 25100
26397 1321 7583 2879 1235 1712 7549
26398 47044 12029 12026 12036 12032
26399 12033 12035 12028 47044
26400 14344 6907 28472 28405 28360 28460 28471
26401 20335 20344 20345 20334 17613 18581 10949 10959 10915
26402 14672 14716 7391 14717 14714
26403 39590 25849 10886 20521
26404 28983 28963 25919 25901 28973
26405 35116 47045 35850 35820 35854
26406 35849 47045 35115 28703
26407 2220 3936 3939 4390 4389
26408 23857 23865 23859 23875 23866 23844
26409 2319 2312 2318 2317 586 132 148 159 2330
26410 1535 10077 10078 10071 10066 6392
26411 28761 28748 18562 20856 28741 28759 28756
26412 6088 12576 12592 22322 22470 22428 22472
26413 2088 2174 7735 7730 3714
26414 5094 5093 2904
26415 24198 33322 33280 33365 33362 18146 18137
26416 47046 10 18 19 16 14
26417 13 4 8 11 47046
26418 7177 13857 13855 7322 8669 7181
26419 35864 35102 35854 35822 35863 35858
26420 449 458 19 462 454
26421 22 23 27 28
26422 4727 4707 4724
26423 3631 3628 2423 3625 3633
26424 24823 17581 22293 14721 14738 17563
26425 33326 33257 33322 24204
26426 1702 1712 1219 47047 1695 1699
26427 1694 1708 1705 1691 1218 47047
26428 3430 3420 3432 3433
26429 19841 19832 47048 19827 19837 19840
26430 19828 19833 47048
26431 121 129 113 128 126 47049
26432 127 120 47049
26433 73 81 76 58 67
26434 79 55 64 72
26435 24276 16608 8987 9007 24269 24271 24275 23812
26436 1138 47050 1154 1131 1143
26437 1155 1152 1151 1146 1137 47050
26438 4341 4362 4314 4359 4358 3654 4361
26439 21876 12879 12908 12890 28461 28471 14347 21881
26440 10055 18113 18116 18109 18106
26441 20201 20241 20267 20299 20297 12625 20214
26442 8204 8134 8196 8201
26443 11162 11165 11159 11153
26444 2139 2155 2159 2158 2142
26445 8411 3766 24374 17376 24359 24379 7796
26446 28682 28667 35928 39974 39972
26447 9871 9894 28186 28175 11964 9758
26448 863 894 851 891 890
26449 6092 22472 22430 22488
26450 15209 15213 15205 2434 600 15199 15201
26451 47051 1339 2453 2454 47052
26452 1337 47053 47052 2455 2441
26453 47053 47051 1338
26454 1182 6531 6530 6461 6507 6532 47054 6527 195 8
26455 6533 47054 6526
26456 5931 16585 16580 47055
26457 5952 16581 47055 5935 2448 16576
26458 45436 31434 45429 47056 36799 28557 28586
26459 45433 47056 36800 41927
26460 45967 46070 46062 35878 20977 28987 46060 28957 46004
26461 46670 44248 46672 46675 45990
26462 35872 35835 35863 46692 46682 46062
26463 2312 7506 7494 7503 3637
26464 4918 10267 10265 1151 1174
26465 1095 1105 1090
26466 14571 14564 14537 14573 11857 14462 14510 14576
26467 11922 11927 11925 11898
26468 19514 19523 19499 19510 19504
26469 22 2887 2890 2901 2904 2896 2894 1203
26470 195 202 47057 191 4
26471 27 198 201 47057 190
26472 47058 47059 14 1200 1209 1207 1212
26473 47060 191 13 47059
26474 1213 1203 28 190 47060 47058
26475 47061 6527 202
26476 201 47061 6526 6528 6517 6524 2890 2909
26477 6344 6356 6353 6348 6340
26478 20345 20368 27935 27707 27936 20375
26479 6235 20445 20439 20430 20372 12931
26480 14462 11856 14466 14456
26481 11876 11870 11872 11859 11875 11828
26482 47062 46413 46447
26483 46443 46414 47062 46448 46453 41940 46439
26484 41926 41932 41934 41927 36803 41920 36869 41913 41923
26485 41942 41926 41948 41940 41936 41951 41947
26486 45429 47063 46447 46411 31441
26487 46448 47063 45433 41934 46473
26488 16337 2361 15705 8383 16322 1262
26489 6254 6250 6255 6244 6253 6247
26490 34958 17838 34961 6247 34904 34956
26491 9532 6284 25979 25998 6244 33702
26492 19853 5733 19919 19918 12072
26493 19541 5741 19543 19546 19548 11922 11901 19539
26494 5832 12040 12032 47064 19852
26495 12033 12075 19853 5737 19541 19851 47064
26496 19543 32922 32942 32951 25182 19919 5750
26497 9759 9762 9763 9768 9767 9733
26498 19126 19081 19130 19129 11544 19125
26499 11530 15559 11539 15557 15535 15548 15555
26500 808 814 693
26501 830 2470 2460 797 2464 2468 1975
26502 28360 28339 28362 28317 28354
26503 28399 28489 28485 28487 28478 28481 28381 28362
26504 35598 37176 37182 37173
26505 39786 39836 35606 35536 35640 39831
26506 11742 18141 18137 18139 6348 11725 11696 18140
26507 17979 11756 19176
26508 3551 3548 3546 3536 3543 3550
26509 12830 12784 6030 12804 12548 6062 7025
26510 11352 11354 11349 11343 5893 11345
26511 3122 3160 3167 3175 3171 3158
26512 3160 5886 11345 26678 26681 3127
26513 41858 41855 47065 35096 41863
26514 41860 35097 47065 41854 41864
26515 44229 44227 44223 41873 41879 41767 44214
26516 47066 41891 41876
26517 45384 45372 41892 47066 41877 41864 46703 46722 46252
26518 41895 41858 41870 44223 44233
26519 2161 2142 2176 2174 2102 2132
26520 3777 3771 1847
26521 216 1848 1834 1847 1849 1843 47067
26522 215 1845 1838 1844 47067
26523 18237 18236 10197 10201 10209 10179 18228
26524 1618 1626 1628 1639 1641 1631 1581 443 1633 1621
26525 1600 1504 1574 1589
26526 20638 28041 28015 28037 27812 25856 20541 28040
26527 20545 20541 20539 20543 6199 20527 20533
26528 28004 28038 28032 27805 28037
26529 25729 25726 25733 25736 25722 4901 5519
26530 25774 33613 33609 25755 26238
26531 19400 27189 27262 27261
26532 19388 19390 19384 19379 12128
26533 26846 26813 26808 26830 26774 27068 26970
26534 3332 3324 3312
26535 47068 13503 13517 6505
26536 13521 13408 13450 13504 47068 6504 13520
26537 6510 47069 6532
26538 6523 10553 13590 13520 6509 47069 6533 6528
26539 13373 13437 13448 13450
26540 9729 9736 9733 9742 9740 4707 9737 4740 6321 9727
26541 7510 1699 3644 3649
26542 13582 13429 13521 13590 10560 14291
26543 12026 12057 12055 5840 12042
26544 19855 19989 19991 11115 19233 19994 19993 5787
26545 5801 19855 19859 19860 19857
26546 2049 2043 2033 2028
26547 15470 16936 16894
26548 22282 14597 17575 22294
26549 17580 22294 22278 22286 7334 14736 14720 22293
26550 3516 3518 3395 3509
26551 6075 3379 3530 6078 47070
26552 6054 6081 6079 47070 6076
26553 16669 16674 16673 16662
26554 4194 4190 4185 4191 1349 2453 4192
26555 26678 11352 26632 26676
26556 35606 35601 35598 35592 35594 35607 35583 35605 35540
26557 25737 18642 25740 25743 11024 11016
26558 11035 5253 11030 11044 11049 11050 11046
26559 289 287 267 271 284 282 277 45
26560 16305 1265 257 484 491
26561 348 151 2336 2370 16337 1266 16305 494 284
26562 267 479 484 261 471
26563 2860 1048 2856 2754 2861
26564 1076 1070 1078 1041
26565 15162 15164 8519 8526 397 1874 15124
26566 391 397 394 384 387 231
26567 47071 47072 10977 10933 10997
26568 10996 47071 47073 10982
26569 10976 47072 47073 10983
26570 10910 10959 10947 47074 10958
26571 10948 47074 10957 10951
26572 23931 31066 31058 16593 16580 47075
26573 16581 47075 23932 14783 5964
26574 31066 31068 23815 24275 31070 23930
26575 1267 1248 1268 1262 1266 1265 251
26576 384 1272 1241 8512 8500 4801 8508 8519 8517
26577 1267 1251 1272 387 233 253
26578 1268 16322 8379 11491 8512 1245
26579 4694 4654 4686 9593 9594 4674
26580 2547 2559 1000 47076 2568 2563
26581 999 2565 2570 2567 47076
26582 5997 12394 12382
26583 6231 6236 6233 6223 6235 6219 6005
26584 34422 24027 20308 27622 12632 34420
26585 15263 15193 15249 15266 15269 15213 15261 15267
26586 37103 37118 37126 37125
26587 9594 9610 6385 9612 9609 4670
26588 33397 18134 18126 18116 40694 40691
26589 33284 33289 33288 33277 33283 33257 33280
26590 3254 3251 3262 3271 3270 3273 3274
26591 18237 18247 11130 11141 18240 11229 18230
26592 11141 11127 3273 11137 11138 11142
26593 35538 35577 35576 28756 28808 28793 35573
26594 28798 28793 28781 28791 20874 28767
26595 12215 12217 12179 12216 12135 5901
26596 3183 3171 3179 3196 3187
26597 3175 5888 5880 5900 5901 5896 3179
26598 12579 12580 12559 47077
26599 12566 12560 47077 12578 12576 6105 6024
26600 6112 6027 12784 12782 12775
26601 32939 25224 32949 32937 32923 32942
26602 8500 4808 5331 8793 8388 11491
26603 13589 14291 10562
26604 7096 7094 3570 7070 7080 7083
26605 47078 36773 38041
26606 41847 41848 38042 47078 36779 41850 41851
26607 31446 46411 46413 47079 36785 38049 38032 38025
26608 47079 36790 46418 46414
26609 24164 24181 24170 24173 17987 24180 24176
26610 15583 15578 15573 15584 15568
26611 24201 24204 24198 18141 11753 17984 24173
26612 1848 8530 1873 1877 211
26613 236 226 233 231 222
26614 20864 33771 18549 33773
26615 26638 26628 26800 26793 18939 11349
26616 14774 22352 14797 22363 22360 22356
26617 5144 2896 5094 6536 10567 10618 10596 10616 5182
26618 5232 10521 10514 5175
26619 45384 45375 41851 45378 45382
26620 12130 19405 31753 31755 26765 26795 18941 5878
26621 26770 26979 26973 26970 26838 26930 26797
26622 26790 26797 26767 26795 18936 26793
26623 26769 26979 38284 38282 31751 31755
26624 1523 1517 172 47080 1521
26625 171 47080 1522
26626 1939 15342 17385 17381 17378 17376 17388
26627 17388 1940 3763 24374
26628 17385 15351 22891 15369 22889
26629 25130 25088 25139 25135
26630 38285 19728 26784 27068 26973 38284
26631 19739 19755 27207 27194 38279
26632 29668 21536 36865 36875 36895 36811
26633 29671 21541 36859 21562 29696 29684 29633
26634 29671 21533 29663 29642
26635 34546 34547 47081 20366
26636 20367 47081 34548 28068 34523
26637 47082 20394 20384 20393 20396 20390
26638 47082 20395 20391
26639 3277 4891 4894 47083 4899 4878
26640 4895 4901 4903 4897 4900 47083
26641 4885 11079 26191
26642 32466 33665 32457 32437
26643 10898 10900 10880 10886 10877 10892 10884 10895
26644 25076 10884 32434 32437 32436 17664 17632 17955
26645 33646 24929 33638 33637 33643 25837 32447
26646 16666 16669 16675 16643 1394 1341 4191
26647 1346 1389 1400 1396 1394
26648 430 1017 1008 1016 1018 1013
26649 418 11905 11906 11903 11898 11901 11896 11893
26650 45943 45980 46010
26651 35971 40590 44173 44186 45991 46010 45942 45996 46009 20968
26652 14538 14558 14755 14746 11844 14573
26653 14466 11849 14740 17563 17568 17567 11872 14508
26654 6327 4750 6321 6323
26655 9830 9833 9827 47084 6378
26656 9737 4724 9836 9838 9828 47084 6377 9640 4744
26657 15269 15298 7918 2435 15205
26658 25926 25908 21093 28969 28935 28970 28963
26659 21034 21025 21030 21044 21040
26660 29489 29605 29510 29603 29596 29611 29600 21484
26661 4599 4627 4621 3058
26662 2595 4598 2633 4595 4599 3055
26663 44186 44190 44188 44177
26664 5777 5787 5801 5806 5804 5799
26665 47085 3603 6915 6913
26666 3604 47085 6912 6914
26667 47086 1492 3620 3608
26668 1493 47086 3609 3621 3623 3619
26669 1016 1456 3318 3317 3312 3319 3314 1481
26670 91 47087 1742 1739 533
26671 64 61 572 1734 1743 47087 92
26672 15298 7913 8138 8226 15306 15304 15307 15266
26673 767 8190 8178 7921
26674 15534 17962 17963 15568 17960 15511
26675 15542 4623 3206 3001 47088
26676 3002 15546 15536 15507 15545 15543 47088
26677 11589 2028 2978 15550 47089
26678 11590 11534 15555 15549 47089
26679 15559 11548 19120 11592 11526
26680 18147 18155 33417 33410 33404 33419 33362
26681 9896 9901 9900 9889 47090 9827
26682 9828 47090 9890 9898 9894 9866
26683 3628 2417 2019 13500 7138
26684 29700 29654 29695 29699 29623
26685 20149 20151 20155 17331 12518
26686 16536 16680 16677 16684 16695 16692 16687
26687 44182 44188 44200 44196 44199 41747 44193 35050 37891 40600
26688 19779 18753 11106 19752 19772 19737 19767
26689 29646 29640 29642 29633 29648 29644 29652 29654 29651
26690 36817 29660 36811 36819 36808 29495 29603
26691 29596 36817 29657 29646 37270
26692 21537 21536 21540 21541 21533
26693 14564 14533 14558 14555 14556 14546 14562
26694 7347 7378 7379 5984 7365 7380 7374
26695 5984 5988 5967 5975 5981
26696 5824 5804 5835 5840 5838 5832 5828
26697 47091 3001 2998 3008 2975 3004
26698 3002 3005 47091
26699 32665 32670 19451 19476
26700 32622 32620 11966 19688
26701 32626 19491 32629 19683 19694
26702 33445 40703 18109 40694 40699 33410
26703 13094 7054 10987 10120 13101
26704 11110 11084 20034 20006 20041 20040 19991
26705 18755 18760 18757 11113 11103 18753 18751 18749 11972
26706 11106 11090 11093 11086 11084 11100 11103
26707 19233 11118 18757 19236
26708 8415 8416 8410 7798 8411 3761 8413
26709 8418 7780 8428 8429
26710 8991 9029 9057 6938 16597 16618 16608
26711 9191 9189 9193 9180 9176 9178 9011 9192
26712 9178 9194 9058 9030 8995 9017
26713 27597 35981 35971 20965 29020 35979
26714 13345 13323 13340 13343 13331 13328 13336
26715 34312 27604 35979 29016 13331 20130 20323
26716 13340 20962 20968 20965 20959
26717 37201 37109 41843 41825 39815
26718 29521 29519 29535 29525
26719 37109 37107 37105 29525 37112 37111
26720 11568 11565 3109 2982 2043 11559
26721 3117 3122 3127 3133 2981 3008
26722 2975 2981 2980 2972 2982 2033 2978 2977
26723 41238 46243 46247 46245 46248 46204 46233
26724 8138 8146 8144 8142 7910
26725 28956 28957 28947 28941 28938 28935 28960
26726 46248 46925 46700 46722 46258 46205
26727 10181 10179 10155 10152 10161
26728 10589 15186 15189 15193 15192 7645
26729 38052 47092 38041 36791 38049 38031
26730 47092 38051 38042
26731 38009 31451 38025 38017 38026 38012
26732 36877 36878 36869 36871 36873 21561 36860 36875
26733 36819 41962 41942 41923 41955 36877 36895
26734 2349 2348 575 2317
26735 11839 11838 11828 11830 11825 8279
26736 24859 24840 24829 11875 11830 24851
26737 9057 6934 9048 9042 9052 9058 9025
26738 8991 9000 8995 8997 8987
26739 21363 29487 29491 29492 29489 21482 21262
26740 7323 6886 3623 14326 14328 14315 13855
26741 8779 1376 7197 8780 8774 7172 8753
26742 47093 6913 14340 14343 7195
26743 14328 14342 6912 47093 7194 8780 14320
26744 10086 10119 10103 10078
26745 14020 7037 13094 13161 10092 10061
26746 14591 14597 14588 7367 14578 7427 14583 14595
26747 17994 17992 9995 14756 14556 17990
26748 24147 14546 17990 33399 33277 33392
26749 17992 10005 13998 13973 18124 18134 18130
26750 4862 4856 1315 4843
26751 1284 1307 7549 1702 7510 3650 2394
26752 8793 5328 1317 1300 8787 8394
26753 1291 1307 1321 1320 1315 1318 1317
26754 6112 6022 6105 6088 6092 6101 6109
26755 12594 20194 20213 12791
26756 25546 25573 18019 9729 9801 19664 19703 25587 25585 25577
26757 18019 9727 6323 9642 18016
26758 1925 1982 2529 15344 15348 15351 15342
26759 1988 1997 1829 1994 690 1946
26760 4925 21387 21389 21392 18383 21391
26761 879 1369 1353 2441 2451 2448 2450 954
26762 8372 2400 8376 8394 8388 8379 8383
26763 41248 41257 41252 41254 41246 41256 41234
26764 41242 41234 41227 41235 41238 41243 41225 34261
26765 44455 35147 44458 44451 41254
26766 18083 2623 1479 1013 426 19865 47094 25576
26767 25575 25585 25603 11928 11905 427 19864 47094
26768 1467 3318 19376 5828 19852 47095 19862 431 1017
26769 19861 11896 19539 19851 47095
26770 423 19862 47096 19865
26771 19864 421 11893 19861 47096
26772 11934 11928 11906
26773 16675 16647 16618 24276 23802 24308 16674
26774 12356 12554 12555 12563 12559 47097
26775 12560 47097 12357 6071 12548 12562
26776 14355 6910 14344 14347 14363 6939 14352
26777 5958 14783 14791 14779 14797 14795 14764
26778 41895 41863 35121 41896 41906 41899
26779 46672 44247 44235 35858 46692 46685
26780 44235 35864 35104 41896 44237
26781 13023 6101 22488 22425 7378 7345 7385 14757
26782 7369 5981 7365 7370 7367
26783 22276 7374 7339 22286
26784 5988 22433 22428 22430 22425 7379
26785 3579 3597 13580 13570 30209 7094
26786 3597 3601 3600 3592 3588 3574
26787 3584 7070 7078
26788 21308 21270 21314
26789 18383 18381 18374 18367 18375
26790 8442 8441 8434 8435 4181 2192 8439
26791 2197 4170 8276 8279 8283 8274
26792 2180 2197 2196 2192 2199 2189 2187
26793 8435 24861 24864 24866 24851 11825 8276 4177
26794 45996 45934 46004 28956 46001 45997
26795 10933 10935 10927 10915 10910 10920
26796 10968 10965 10940 10955 10971 6258 10974
26797 10986 10985 10982 47098 1541
26798 1558 6283 10971 10954 10978 10983 47098 1540
26799 10949 10943 47099 10947
26800 10942 10948 47099 10945 10940
26801 43083 43080 20519 39596 43087
26802 11700 11696 11690
26803 20030 20042 47100 20008 20034 11086
26804 20043 20009 47100
26805 18634 25737 11008 11069
26806 11022 47101 5248 11030
26807 5249 11004 11024 11027 11021 47101
26808 1117 1119 1109
26809 2785 2825 1117 1120 1095 1179 2857 1076 1043 2856 2753
26810 47102 47103 13261 13269 13245 13257
26811 47104 47103 13260 13265 13218
26812 47104 47102 13256 13219
26813 35844 35845 28712
26814 13288 13273 13265 13233 13275 13287
26815 35827 35879 35876 13245 28984 20993 35878 35872
26816 35579 35580 33861 33827 33867 33875
26817 25766 33874 35639 39831 39779 39825 33613
26818 5260 4797 5256 5268 5270 2955
26819 11177 11176 11153 11178 10184 11174
26820 28478 28550 28586 28591 28593
26821 28454 28596 37944
26822 8753 8759 8757 7174
26823 28182 44366 34891 45817 38866 19462 19473
26824 35542 35623 35583 35727 28737 28759 35576 35729
26825 35729 35531 35577
26826 19703 19669 19694 19700 19514 19705
26827 19086 19093 19081
26828 9771 9762 9755 11964 11961 11958 11956 11966 11952
26829 9736 9767 9806 9801
26830 9755 9758 9760 9753 9742 9759
26831 18088 18083 2629 4598 2597 18087 18086 18074
26832 19491 19483 19484 19446 19476 19489 19488 19493
26833 32640 19493 32626 19700 19523
26834 32653 19484 19455 19466 11956 32620 32632
26835 84 67 39 289 519 97 47105
26836 83 533 537 529 96 47105
26837 2091 1859 503 102 47106
26838 103 2089 2085 2088 2102 2092 47106
26839 4682 4677 4686 4653 4641
26840 18091 18087 2589 1029
26841 47107 4644 2547 4689 1032 129 4661
26842 4645 4694 4662 47107
26843 27850 27847 27855 20393 27859 27687
26844 6530 6457 6486 18361 18367 18365 10296
26845 33404 40699 40691 33398 33289 40696
26846 3447 181 6440 6407 1590 1631
26847 165 3415 6450 6452 6447 6449 1517
26848 6685 6449 1523 3452 6679 6687
26849 3419 186 47108 3423 3420
26850 185 47108 3422 3415
26851 18649 25769 25763 25766 25774 25772 25773 25740
26852 11050 26200 19746
26853 18623 26058 18600
26854 6305 6382 6344 6388 6385 6387
26855 9615 6293 6379 9640 4747 6327 9642 9645 9644
26856 4677 4698 47109 6297 6387 9610 9593
26857 47109 6298 9615 9616 4697
26858 47110 6378 6381 6356 6382 6289
26859 6379 6377 47110 6290
26860 12356 12355 12350 47111
26861 12358 12351 47111 12357 6072
26862 12367 12337 12371 12373 12374 3525 6078 47112
26863 47112 6079 12365 12368
26864 20861 20871 20867 20844 20866 20864 20845 18564 20856
26865 35607 40781 44722 34267 44742 28718 28739 35727
26866 28741 20861 28725 28739 28737
26867 40894 40888 20867 28727
26868 2532 2526 884 1824 1997 1985 2529
26869 3068 3061 3058 3055 2582 1037
26870 2868 454 2923 1209 1231
26871 3492 3496 47113 3471
26872 47113 3495 1626 3497 3472
26873 3492 3493 1650 3444 3494 3487 3466
26874 21575 21572 3485 21570
26875 3464 3466 3471 47114 3461
26876 47114 3472 3469 3473 3460
26877 1024 18091 18086 18069 997 2559 4689
26878 47115 25576 18088 18065 1002
26879 1001 2565 9666 25572 25541 25577 25575 47115
26880 47116 1002 995 997 1000
26881 999 1001 47116
26882 1467 1008 1456
26883 20623 20638 20636 20632 20628 20600 20633 20617
26884 18623 18618 18625 18614 18608 18604
26885 28121 28110 18594 18608 20613 20633 28114 28124
26886 20628 26017 26022 20554 26009 18625 20604
26887 2091 1856 1884 47117
26888 47117 2092 2132 2131 1883
26889 208 211 216 47118
26890 207 215 47118
26891 28182 28178 28171 28166 28175 11961 19470
26892 19451 19442 19462 19439 19455 19446
26893 2341 3642 3649 3650 2405 2374
26894 2338 2355 2352 2369 2361 2370
26895 47119 2334 2341 2340 2338 2336 155
26896 2333 2330 154 47119
26897 2406 2400 2396 1287 2394 2405 2373 2352
26898 2532 22896 22897 15344
26899 15536 15502 15534 15526 15535 15533
26900 11582 19122 19125 11550 19120
26901 11542 19129 24137 24167 24164 24166 17962 15526 15557
26902 35594 40781 40774 40765 40777 40770 40779
26903 35592 40779 41822 41825 39814 37176
26904 16204 16267 8416 8421 8429 23460 23458 23452
26905 17581 17580 17575 14591 17578 17571 17583
26906 30867 24880 24825 24848 24859 24866
26907 37162 37198 37111 37201 37195 37126
26908 37112 29535 29515 29605 29492 37163 37198
26909 25783 21371 21365 37090 37102 37103 37100 37098 25726
26910 5927 12586 12595 12588 12582 12594 12597 12579 47120
26911 12578 47120 5928 12584 12596 12592
26912 23905 23888 23897 23900 47121
26913 22388 23899 47121 23904 14779 22363
26914 12595 20280 22329 22330 22323
26915 22322 12596 22325 22332 22334 22320
26916 5923 5929 5927 47122
26917 5925 47122 5928 5930
26918 41879 41867 41891 47123 38052 38036 38026 41762
26919 41848 38051 47123 41892 41889
26920 7710 7671 4486 8423 8415 16267 16207
26921 4345 4351 3741 4298 4354 4341 4349
26922 4479 4474 4372
26923 3758 3741 3736 1944 3763 3766 3761 3755 3750
26924 35032 31447 38009 41743 44193 35044
26925 28601 28591 45436 31429 35025 37965
26926 31451 31446 31441 31434 31429 31435 31447
26927 26864 26821 26846 26838
26928 31452 47124 6710 6695 6742 28544
26929 6711 47124 31453 6768
26930 6452 6706 6716 6762 6773
26931 24166 24176 24185 15583 17963
26932 17610 47125 18577
26933 17612 47125 18578 18586
26934 20334 20368 20358 20366 47126 17605
26935 20365 20367 47126 17608 20363
26936 2019 2010 2006 2013 2015 2002
26937 19409 27184 27187 27194 27192 27178 19368 27180 27189 19402 19390
26938 4808 4784 4792 4823 4789 4797 4803 4801
26939 11215 11204 11177 11171 11208
26940 10188 10184 10189 4789 5256
26941 20149 34294 34301 20314 12529
26942 32436 32466 32461 24949 17666
26943 20277 20275 20249 20267
26944 577 593 15199 22845 2348
26945 7735 8397 8461 8458 2139 2176
26946 4633 47127 47128
26947 4632 4682 4698 47129 47128
26948 4634 4696 4697 47129 47127
26949 2563 4644 47130 4639
26950 4645 4654 4653 4640 47130
26951 4627 4611 12261 12217 12199 12233 2612 4595
26952 14717 7399 7329 14736 14726
26953 14755 14743 14725 14680 14751 14225 13044 9990 14756 14555
26954 14725 14673 14714 14726 14720 14721 14724
26955 18236 10195 3285 3271 11122 18247
26956 10201 10204 2751 2861 5484 3302 10192
26957 12196 27266 27244 27289 19370 3332 3319 12235
26958 20828 28710 28714 28712 28696 28703 28702 28700 28711
26959 20813 13287 20824 20828 20827 20817 20819
26960 35827 35833 35824 35820 35822 35835
26961 3758 4351 4471
26962 4623 3215 3187 4607 4611 4621 3061 4617
26963 87 79 59 139 132 136
26964 86 146 47131 155 151 160 157 81
26965 145 159 154 47131
26966 510 236 259 471 287 519 109 503
26967 226 253 251 257 261 259
26968 9189 17322 17327 17331 12530 17336
26969 16536 16548 16557 12863 9180 16556
26970 12166 12196 12187 12199 12179
26971 12137 19379 19401 27261 27267 27227 27266 12166 12216
26972 26103 18584 25981
26973 25919 25926 25909 21040 21073 47132 25889
26974 25922 25888 47132 21075 25913 25925
26975 24833 24813 24848 24840
26976 13503 47133 13505 3559 13502
26977 47133 13506 13454 13448 13504
26978 13517 13502 3562 29686 29699 29621 10227 6494
26979 13460 6645 2015 13452 13384 13437 13454
26980 2454 4192 5940 5931 47134
26981 2451 2455 47134 5935
26982 4190 16665 16673 24308 23819 31068 31058 16595
26983 20561 20559 20549 20563 20554
26984 28014 28029 28021 28027 28004 28015
26985 28063 28029 28044 26017 20632
26986 28027 28038 28053 28054 28051 20549 28049
26987 28798 35573 35526 35571 33857 28777
26988 18554 18549 18553 18545 13243 10806 10855 18537
26989 10774 10771 10778 10767 10779
26990 13243 13242 13238 47135 10794
26991 10858 13237 47135 10795
26992 20195 20201 20200 20198 20193
26993 20239 20228 20217
26994 47136 10997 10935 10998 3405
26995 3408 47136 10996 10985 10995
26996 3393 3379 3371 3395 3375 3400 3387 47137
26997 3394 47137 3390 3381 3386
26998 8973 16469 16898 16894 15458 15304 16906 16902
26999 13064 13062 7031 3543 13034 13041
27000 14016 7029 7017 7065 14014 14017 13963
27001 10008 13038 13064 14001 14000 13959 13998
27002 7017 7014 6960 6060 3551 7003
27003 26096 26097 18585 26103 25987 26051
27004 12634 34420 34426 20297
27005 13499 7150 13500 2002 13452 13401 13497
27006 13580 3601 7146 13538 13576
27007 1492 47138 1496 1514 1488
27008 1500 1485 1493 47138 1497 1508 1504
27009 47139 6409 6400
27010 1600 1508 6401 47139 6408 6407 1584
27011 2199 8439 16014 7835
27012 8458 16194 16212 16028 7847 2155
27013 16197 23452 30879 8441 16027 16212
27014 7427 7429 5947 3369 7430 7423
27015 7369 5975 14762 14774 14772 14764 5945 7429 14578
27016 15121 15162 15693 1407 2964 26674 26655 26629 26641 15153 15130
27017 26653 26630 26680 11208 11173 5270 2958 26675
27018 2964 2963 2958 2955 2961 1419
27019 26651 26653 26613 26655
27020 3548 6060 6065 6047 6054 6068 6072 6071 6062 6050
27021 12336 12344 12337 12332
27022 18594 18604 18600 18599 18597 18592
27023 23940 23975 23913
27024 17628 17664 17666 17660 9384 5758 17648 17644
27025 17957 17953 17955 17621 17644 17938 17959
27026 47140 1532 6392 6394 6398
27027 6395 1531 47140 6397
27028 9517 9535 9524 6272 9532 9540 9545
27029 9500 9510 6398 47141 9512
27030 47141 6397 9516 9517 9506 9511
27031 1560 10082 10086 10077 1528
27032 9548 9524 6268 10079 1559 1525
27033 47142 799 702 658 736
27034 753 701 798 47142 737 800
27035 740 47143 736 668 749 751
27036 737 47143 741 744
27037 676 690 697 702 655
27038 695 700 693 685 698 701
27039 43145 43164 43163 45844 43142
27040 34889 28114 20617 34885 34882 34879 34891
27041 34879 45828 43136 45830 38863 45817
27042 34885 20623 28040 20545 43147 43163 43154
27043 19930 19949 19946 19870 19934
27044 5764 47144 19908
27045 19911 19882 19912 19900 5765 47144 19909 19848
27046 20075 20066 19841 19850 47145 19932
27047 19933 19934 19883 19911 19849 47145
27048 19912 19902 5773 17935 19954 19958 19946 19873
27049 7154 7160 7156 3631 7138 7150 7144 7146 3600
27050 8961 8976 8973 8948
27051 25221 25102 25139 25215 25224 25218
27052 1633 442 7302 2421 7303
27053 1565 1571 1500 1574 1576 445
27054 35526 35538 35531 35542 35544 35540 35536 35545 35527
27055 2434 2435 2426 633 2436 2217 615
27056 3936 3932 645 2436 2222
27057 8215 8201 8220 8226 8146
27058 6687 6776 21547 29696 29683
27059 21575 29674 29644 29681
27060 35916 35927 28674 35928
27061 20160 16695 35037 37891 37893 27607 34316 34294 20151
27062 24014 24020 12505 17336 9191 24267 24281 23865
27063 21047 2930 2943 21006 21049
27064 21099 28969 28938 28971 2950 2935 21076 21025
27065 47146 2932 21076 21034 21073
27066 21054 21047 2933 47146 21075 21077 21072 6204
27067 47147 2947 2950 2937
27068 2943 2936 47147 2946 2940 2949
27069 973 847 891 988 990
27070 982 3368 3369 3363
27071 15354 22900 7430 3363 984 990 22899 22897 15348 22891
27072 5947 5945 5958 5964 5952 5953 951 842 977 3368
27073 20070 47148 19827
27074 47148 19828 19846 19914 19894 20108 20099 20026 20071
27075 20041 20016 20067 19840 20066 20068
27076 47149 20070 19837 20067 20019
27077 20071 20020 47149
27078 19914 19885 5771 19908 47150 19845
27079 19909 47150 19844
27080 7210 14366 6921 16645
27081 14343 14368 14352 6917 14366 7205
27082 10082 1552 10114 10120 10122 10106 10119
27083 1550 6282 10079
27084 1545 1541 47151 1543
27085 47151 1540 1544
27086 35981 40590 40593 40600 37893 27610
27087 27607 27610 27597 27604 27601
27088 35143 20817 44493
27089 44503 41252 44451 44498 20841 28676 35927 41286
27090 22818 15261 15209 22825
27091 6938 6934 6929 6939 6917 6921 6924
27092 21876 12887 9042 21877
27093 5176 5232 5220 5225 5231 5191
27094 7643 10589 10588 3588 3583 10585 10583 10577
27095 6498 10227 10238 10231 10240 10212
27096 26148 26113 17609 20363 34524 28051 20559
27097 18155 18150 18153 9896 9833 18144
27098 23911 23940 23939 23935 20228 20248 20198 20189 20288
27099 20213 20187 20195 20214 12635 12611 12555 12795
27100 20189 20193 20187 20194 12582 20192
27101 41756 44214 44206 44199
27102 41756 41767 41762 38012 41743 41747
27103 46193 46205 46204 46199 44723 40765
27104 40774 44723 44717 41225 34271 44722
27105 46925 46704 46245
27106 21553 6760 6769 36796 36897 36873
27107 6685 6447 6773 6764 6756 6779 6776
27108 6779 6753 21553 21561 21556 21562 21547
27109 6769 6767 6768 6722 6762 6764 6749
27110 23897 23891 23852 23898
27111 23931 23930 23927 23881 23905 47152
27112 23904 47152 23932 14791
27113 46700 46703 41860 35123 44444 46261 46247 46704
27114 35141 35143 20827 28711 35138 35146 35147
27115 41235 46243 46261 44431 35146 44455 41246 44477
27116 22433 22470 22320 22385 22356 14762 5967
27117 26227 25750 26238 25772 26222
27118 4874 4899 47153 11022 11044 11078 11079
27119 4900 11074 11021 47153
27120 10152 10207 1062 10432 10379 4862 5335 10430
27121 7329 7343 7345 7347 7339 7334
27122 19918 25182 25177 25185 25186 19958 19949 19926 12078
27123 16677 35052 37964 37949 20715
27124 28461 28460 28354 28369 28449 28454 28452 28456 20711 12905
27125 28452 37944 28599 37965 35020 35048 37964 37955
27126 10787 10788 10767 10785 10783
27127 10804 47154 10843
27128 47154 10805 10774 10841 10787 24922 24937 24936 10844
27129 10873 10862 10865 10872 10871 10858 10791 10778 10785
27130 9052 12887 12879 12869 12888 12863 9176 9194
27131 16564 16548 16680 20715 20717 20711 12903 12907
27132 12908 12894 12907 12909 12869
27133 40042 20527 6213 21058 18526 40038 33637
27134 10862 18522 40038 33638 24927
27135 15118 15130 15126 15083
27136 3771 15097 15067 15103 1869 8530 1834
27137 15080 15118 15121 15124 1865 15103
27138 1827 1826 927 881 1824 1829
27139 796 2492 2464
27140 697 799 47155 2497 1827 1994
27141 1971 2468 2492 786 2496 47155 798 695
27142 927 876 944 937 47156 782 943
27143 47156 936 783
27144 11225 18240 11142 26807 26813 26821 26817 26820
27145 26830 26777 3274 11137 26803
27146 20244 20275 24024 24027 20307 12514 24020 24008 23935 20239
27147 17596 15363 17597 14595 17578
27148 22900 7423 14583 17597 15361
27149 3636 5198 5197 5191 5166 5184 1708
27150 7503 7621 5198 3645
27151 4298 3736 1931 751 4293 4304
27152 4336 4331 4314
27153 6013 6219 12931 12927 12415 12385
27154 3404 3400 20352 20335 10927 10998
27155 20352 20344 20375 20373 20372 12927 12416 3518 3375
27156 41257 44503 41288 41308
27157 13199 13181 13190 13188 13204 10872
27158 21007 21006 2949 13226 13190
27159 7189 7181 7178 4532 7186 7190
27160 23662 4548 7165 23684 15337 8129
27161 23662 4544 7186 23632 8123
27162 7165 7163 7174 7172 7179 7177 7178 4537
27163 24880 24820 17571 17596 15358 24364 24379 7803 24876
27164 24357 15368 22889 17381
27165 15368 15369 15354 15361 15363 15358 15366
27166 41839 45394 45382 46252 46258 46193 40777
27167 46460 46443 46418 36793 45397 41831
27168 41822 40770 41839 41841 41831 41830 37107 41843
27169 21373 21371 21362 21291 21385 21387 4923
27170 29487 37113 37090 21358
27171 17960 15584 17976 19187 19186 15563 15516
27172 4672 9609 11716 11719 11724 11722
27173 15565 15545 15514 15563 15562 11722 4665 15554
27174 11719 11727 11700 18140 11749 19176 17981 19187 19188
27175 7052 7064 14014 14023
27176 10058 10061 10043 10048 10055 10057
27177 34269 34257 34261 34271 34267
27178 15156 26641 26603 26638 11354 26632 26639
27179 33866 33875 33871 33874 25763
27180 20881 33860 33815 33867 33866 25769 18651 20085
27181 20837 13232 13275 20813 20839 20841 20832
27182 7029 7003 3550 7031 7032 7034
27183 13976 13978 13963 13971 13959 13973
27184 10005 10008 9986 9990 9995
27185 19374 5777 19993 25143 18755 11982 19789 27197 27178 19355
27186 19755 19734 19767 19766 18749 11990 19759 19758
27187 19759 11985 19789 19788
27188 3658 4361 4349 4373 4372 4375 3727
27189 3672 3676 3681 3662 3678 47157 1742
27190 47157 3679 1743
27191 2831 1128 10435 2877 10381 10432 1056
27192 10209 10204 2746 2833 1060 10207 10155
27193 6213 6206 6204 6215 6216 6199
27194 6216 25874 25876 25865 20543
27195 18530 13181 21007 21049 21054 6206 21058
27196 11062 47158 18631
27197 47158 18632 18651 18649 18642 18634 11061
27198 5248 47159 5251 5253
27199 5249 5244 5252 47159
27200 5883 18941 18936 18939 11343 5891
27201 5865 12130 12125 12128 12137 12135 5900
27202 10900 20514 39596 39593 38812
27203 45837 43134 45830 38871
27204 25085 38813 39593 43087 43141 45837 38868 25130
27205 43100 43140 43145 43144 25850 39590 20522
27206 23460 8428 7802 24876 30867 24864 30865
27207 7802 7803 7796 7798 7800 7780
27208 2119 8265 8268 47160
27209 47160 2120 8271 8262 8270 8267
27210 15099 15073 15115 15110
27211 11587 15108 15110 15096 8268 47161
27212 8267 11624 15112 11588 47161
27213 8271 11673 2187 7846 2125
27214 5184 5161 5186 5182 5143 1705
27215 3681 3665 3727 3734 3730 3733 3694
27216 8461 16194 16197 16204 16207 7718 8398
27217 3717 3684 3733 7719 8398 8397 7730
27218 3734 4375 4479 4484 7671 7676
27219 19954 17949 17959 25412 25186
27220 13261 47162 28686 28688
27221 28692 28693 28687 47162 13260 13273
27222 35868 35867 28686 47163 35850 35824
27223 35869 28687 47163 35849 28696 35844
27224 12042 12036 12040 5838
27225 19863 19860 19929 19932 47164 12029 12057
27226 19933 19930 19926 12074 12028 47164
27227 5806 19857 19863 12055 5835
27228 12078 12072 12075 12035 12074
27229 20514 10880 20521 20522 20518 20519
27230 4359 4336 4380 4293 740 47165 4388
27231 47165 741 3942 4390 4387
27232 3664 4358 4388 47166 3678
27233 3679 47166 4387 4389 2215 564 1734
27234 3942 744 800 776 647 3932 3939
27235 2754 2753 2730 2744 2746 2751
27236 21291 21283 21262 21292 21270 21297 21299
27237 23836 23844 23854 23852 23849
27238 23859 24014 24008 23939 23975 23907
27239 14222 13024 13036 13046 14225
27240 25948 25944 25925 25915 21072 6215 25874
27241 27803 25944 25922 25883 28070 28068 28072 28053 28032
27242 1190 18 458 2865
27243 1200 16 462 2923
27244 2879 1228 2868 449 2865 1186 2881 2877 2873
27245 8976 8984 7156 3633 7309 8682 16473 16469
27246 2423 2410 2421 2414 2010 2417
27247 365 4527 4506
27248 27699 27859 20396 34545 34546 20358 27935
27249 13336 27543 27534 20129
27250 20123 20120 20130 13328 20129 20114 6233
27251 186 47167 47168 177
27252 47169 47167 185 165 172
27253 171 47169 47168 176 181 169
27254 6733 3433 6702 6742 6739 6735 6731
27255 6702 6695 6697 47170 3423 3432
27256 3422 47170 6698 6706 6450
27257 6404 28475 6733 3430 3419 177 47171 6409
27258 6408 47171 176 6440
27259 1032 1024 1029 1036 1037 1021 113
27260 126 15552 47172
27261 127 4667 15554 15553 47172
27262 15552 128 1021 3068 4617 15542 47173
27263 15543 15565 15553 47173
27264 121 4661 47174
27265 4662 4674 4670 4672 4665 4667 120 47174
27266 47175 47176 89 86 73 84
27267 83 91 47177 47175
27268 47177 92 72 87 90 47176
27269 45 49 58 39
27270 61 52 59 55
27271 28399 28400 28404 28405 28339
27272 20445 27529 27534 20114 6223
27273 18124 13976 14030 10057 18113 18126
27274 33446 9510 6394 10066 10098 10048 18106 40703
27275 8180 8190 769 9132 8133 8196 8215 8144
27276 15458 15470 15462 8112 8204 8220 15306
27277 8112 8114 8123 8129 8131 8133 8134
27278 11178 11159 11192 11195 4823 10189
27279 11176 11162 11220 11229 11225 11227 11204
27280 13242 13240 13230 20837 28665 28682 28683 18545
27281 20866 41304 41284 39972 28683 18553 33771
27282 20832 28676 28674 28667 28665
27283 856 842 838 851 847
27284 884 883 863 878 879 873 876 881
27285 22896 22899 988 890 883 2526
27286 878 954 947 951 838 894
